l1_test;l1_pred;l2_test;l2_pred;beta_test;beta_pred;
0.24;0.27134075157027987;0.1;0.1361171527910951;0.3;0.2995807178320354
0.2;0.3197385659735816;0.64;0.4676737806774806;0.22;0.301259477731839
0.7;0.6934946885461828;0.12;0.16527474859175334;0.32;0.32849563179806923
0.66;0.5836877692579223;0.22;0.3088156426848567;0.34;0.2672740364684279
0.34;0.39622806254676995;0.62;0.5293861870605181;0.5;0.49913188004618464
0.3;0.4614167196453011;0.66;0.3996810064762368;0.12;0.2620665459838341
0.38;0.34738578024855976;0.1;0.17523181206769428;0.26;0.2508044938131269
0.24;0.3527939403554556;0.74;0.4682914672737663;0.26;0.31940187306151474
0.46;0.4279242529263471;0.42;0.4090985414765324;0.32;0.3113332503599003
0.52;0.3923855528768045;0.28;0.3839811175161227;0.42;0.27860601947367686
0.68;0.6551453363615154;0.24;0.301280997773085;0.4;0.3363213355866384
0.42;0.43276505378581626;0.52;0.44393022953113465;0.36;0.3760674522658923
0.68;0.6372893322784294;0.26;0.3112390813812819;0.32;0.28360444859408235
0.24;0.3284085326052108;0.68;0.5111175212135148;0.36;0.4156115658410107
0.36;0.3635377952448395;0.38;0.4324426207098579;0.2;0.2470612349725974
0.18;0.22361346649540942;0.18;0.18606783733550109;0.32;0.30418272905588767
0.1;0.3669859766724401;0.52;0.4142701140933422;0.1;0.1828273202318434
0.1;0.17091189989416627;0.7;0.5411664480172231;0.28;0.3125720622774458
0.58;0.46812456826759935;0.24;0.3280628921254955;0.4;0.23878852322494654
0.34;0.3167822963815909;0.32;0.4824946677951882;0.34;0.3122175979370985
0.3;0.4070663332395285;0.58;0.4179092110489517;0.18;0.27025059458512773
0.26;0.3674667370037185;0.34;0.43403263289688104;0.18;0.23234000583716524
0.5;0.4237005414169645;0.16;0.16682597934633597;0.32;0.22675974346504463
0.32;0.25331072895458967;0.38;0.5329137268041191;0.46;0.36120303384081526
0.1;0.21934183027932058;0.38;0.26419654567931267;0.2;0.2893299177116609
0.66;0.5982837510534169;0.32;0.29577774118355044;0.38;0.19939939157556014
0.46;0.4681913954764824;0.2;0.11572052873631228;0.46;0.3813152994053218
0.52;0.4572988182247159;0.36;0.39132533714278245;0.36;0.31498094584814057
0.36;0.3653019003562165;0.22;0.17791536778246914;0.4;0.29720306314425843
0.14;0.3453158453405096;0.76;0.4577422770669141;0.16;0.2931658099036048
0.12;0.08215053030724712;0.52;0.6376257884963874;0.36;0.3585299617495599
0.24;0.19649013935357268;0.34;0.5766263745771465;0.48;0.3727567634153877
0.36;0.379326495760752;0.56;0.4844486842951465;0.46;0.4326766487105323
0.18;0.21447016600499474;0.2;0.20772549264215562;0.34;0.3068746898295763
0.82;0.6443905168005857;0.1;0.3573700912149544;0.38;0.31316577010185315
0.16;0.3708936350108602;0.66;0.41936947806203867;0.12;0.22269524733403673
0.24;0.38722294785978456;0.66;0.4503543719592013;0.2;0.3341191916558222
0.42;0.43048685276271365;0.24;0.179767956921091;0.18;0.24744436345375848
0.4;0.4049281356285534;0.54;0.47868072832479774;0.48;0.4323592330667401
0.28;0.3519295750404738;0.32;0.21373256966332227;0.2;0.26775864527559806
0.22;0.34791952338012216;0.74;0.5292090916890626;0.32;0.432356617334512
0.5;0.5002730018234318;0.48;0.3366873243719308;0.12;0.18108137073296066
0.76;0.6567509900343269;0.14;0.28089708807812847;0.24;0.22749434265410345
0.38;0.3704627167688003;0.18;0.18131718389376877;0.3;0.25113969390759566
0.1;-0.053180612811891514;0.58;0.7180080624845726;0.5;0.4212397861041302
0.86;0.5697330296099936;0.1;0.322711411227581;0.14;0.16012565744222856
0.4;0.4371324444733788;0.58;0.3980587060741893;0.22;0.25742369549110494
0.12;-0.12438482314073546;0.34;0.5213696887092578;0.5;0.4318060968213678
0.14;0.05846702148842703;0.52;0.6394570118555205;0.44;0.3825412834674103
0.34;0.34376247935895216;0.16;0.17750183673811754;0.36;0.2636525521104494
0.46;0.4396010426298191;0.34;0.35381091028910666;0.16;0.18061549433597351
0.2;0.298999996588799;0.38;0.47961872584418436;0.22;0.25825736371678604
0.48;0.48906744161199506;0.48;0.4801282521036196;0.5;0.5019253743390442
0.16;0.23859560872294744;0.28;0.23748603263965967;0.24;0.29763695732871215
0.12;0.0878889844418837;0.64;0.6267951870255797;0.36;0.3824377748892465
0.2;0.26726050583983046;0.4;0.5065992961489567;0.26;0.2916730524228291
0.36;0.27490087357784326;0.4;0.4926902493734044;0.38;0.30678370820127215
0.64;0.5272463998082786;0.22;0.302462603760355;0.12;0.13712399513983714
0.56;0.4641824792756794;0.26;0.3328479761027207;0.3;0.20801957090029705
0.24;0.3419703655560739;0.3;0.200840576447818;0.12;0.24957611197678548
0.3;0.40406339383639683;0.5;0.3913046071746546;0.14;0.20911006816832073
0.6;0.5843330816674965;0.36;0.36439668076274606;0.26;0.3173289729056768
0.6;0.5242993744041102;0.28;0.3173737287674438;0.16;0.1808532046031877
0.18;0.23718563565756207;0.34;0.26600737681492;0.24;0.30563568192139373
0.12;0.28843993063149903;0.56;0.48123908714119173;0.16;0.24681891369136283
0.28;0.27958436844773055;0.54;0.503755720102171;0.48;0.37266125720956383
0.52;0.40737542721767434;0.12;0.179908514139343;0.4;0.24344723625160386
0.16;0.32780365501335645;0.8;0.5309359944598395;0.24;0.39109990829655944
0.76;0.6331492736436688;0.2;0.3083259338002701;0.16;0.20896285172231105
0.54;0.5352346930188945;0.42;0.3661299726448927;0.18;0.2706800088146571
0.14;0.2733843089219847;0.26;0.18204251689915302;0.14;0.2772785273641665
0.56;0.4961197626650617;0.3;0.3254952432892903;0.14;0.15912678044228473
0.24;0.3855728446440609;0.54;0.40399341374032466;0.12;0.20865262047599403
0.12;0.2116549866092769;0.2;0.17553252555936288;0.24;0.3341835090721537
0.4;0.41318672208302737;0.52;0.44517365706844564;0.36;0.3726172622111284
0.44;0.4640375846148587;0.24;0.1575565819559383;0.22;0.24292329046861655
0.28;0.344213431372603;0.66;0.5234993282855964;0.46;0.45047340569806865
0.38;0.4325151821910695;0.54;0.4195534271128249;0.24;0.31970014950949294
0.22;0.31770520274409514;0.46;0.4687481662281609;0.2;0.26301981668081625
0.6;0.5727335637888034;0.3;0.36736410839554273;0.48;0.4367122016735499
0.18;0.17228999924017935;0.58;0.5662712455821801;0.34;0.34286105815056717
0.48;0.40913897260684146;0.36;0.39785074862094766;0.34;0.2848835454045178
0.12;0.09727160305831156;0.58;0.6369505458784286;0.36;0.396479709120718
0.4;0.32369154948266193;0.36;0.45175092393994837;0.3;0.2707394030291033
0.52;0.3900991491318579;0.1;0.1940071218623;0.22;0.22699288558286584
0.6;0.5734057356470303;0.34;0.3577396542798194;0.38;0.342414628069526
0.1;0.0960484579853415;0.16;0.16989771902627487;0.4;0.3421632832996187
0.52;0.5228443053860887;0.44;0.4508616390818016;0.44;0.4578081347583867
0.46;0.4195314013089175;0.38;0.387404211316203;0.26;0.2526195949625168
0.3;0.34285147492919216;0.18;0.1784956506669399;0.12;0.24703141784306754
0.18;0.14808426241068567;0.14;0.20238967883948894;0.5;0.34805686094313787
0.5;0.3980217081300183;0.12;0.1868943102491027;0.32;0.24765451237704555
0.18;0.22664498434772334;0.5;0.5366780960346429;0.28;0.3180789152530173
0.12;0.20064667721811852;0.16;0.12323918210305712;0.18;0.34561979822630123
0.5;0.5087015997685016;0.46;0.4731612841507566;0.5;0.5079232578857846
0.34;0.39011774828097295;0.56;0.46621589165916183;0.34;0.3914345567192817
0.26;0.28887238884083083;0.32;0.2462923968222352;0.28;0.3082518585710324
0.44;0.4326152919428112;0.32;0.36470573380506827;0.12;0.16966965694366026
0.3;0.35057731638017636;0.24;0.19188369289007418;0.22;0.25692901844954635
0.62;0.5613082063138124;0.28;0.3242427419918467;0.24;0.2606614522579554
0.52;0.5256441275927288;0.44;0.41166964945403456;0.3;0.3721821752477928
0.44;0.40438481173682;0.36;0.3849145786476395;0.24;0.23491188098237276
0.16;0.2296152931202557;0.78;0.5981911026717992;0.42;0.46149021111580796
0.2;0.20860404409618533;0.52;0.5486206612029403;0.32;0.334525542181388
0.8;0.8151643538889333;0.16;0.45006726145437276;0.44;0.5282983679067916
0.16;0.2634970107382146;0.36;0.2559509968532591;0.18;0.2891159059702267
0.36;0.36246483234650534;0.46;0.4345026433406158;0.32;0.30352404985405373
0.26;0.3190551767099323;0.66;0.5265213130680106;0.46;0.44877733271960724
0.26;0.41170853845111005;0.72;0.4044578816170425;0.14;0.21888728892739723
0.12;0.134645286987167;0.3;0.30251911084303024;0.34;0.32206618823997873
0.12;0.23974108552621382;0.7;0.5135897899030095;0.24;0.31007318925529775
0.16;0.20923723942559186;0.5;0.5584067778358712;0.28;0.3352033019556933
0.1;0.17732485359643285;0.38;0.2867281172627127;0.24;0.2822389297205126
0.22;0.44015893362495867;0.74;0.4023383948064431;0.1;0.2355609850956802
0.54;0.21687617390442576;0.2;0.5347029476200984;0.5;0.44195663338439944
0.16;0.19977062958337805;0.24;0.24404539974785527;0.32;0.31749166935418943
0.4;0.35846037743471165;0.3;0.4371350439567305;0.26;0.2524667762502935
0.14;0.1359409912972837;0.1;0.07328318957837004;0.22;0.3926905637719705
0.38;0.2901239127431922;0.4;0.48256664766934526;0.44;0.3465436080675835
0.18;0.38721431159791714;0.6;0.40474566292009334;0.1;0.21343008497502242
0.36;0.429047463923611;0.4;0.3722696152986426;0.1;0.17555973198833558
0.18;0.20024462859407216;0.62;0.5449172817610102;0.38;0.36612354167275557
0.2;0.23460184260107447;0.22;0.21521968693482413;0.34;0.3112921657608814
0.38;0.3961289784614494;0.22;0.19211443126304423;0.16;0.26801482633951595
0.1;0.2194257545005997;0.8;0.5660682097867646;0.3;0.41372128555253257
0.12;0.12176477466758379;0.14;0.16732810996442388;0.4;0.3988685117977218
0.12;0.1491426125107453;0.12;0.07151173893199675;0.12;0.3959268078272578
0.32;0.36664471573110696;0.34;0.42981613610137365;0.2;0.22746100761438642
0.66;0.5649985798563806;0.2;0.3053714946274592;0.46;0.27015998427666604
0.2;0.2598062723830112;0.66;0.5198870276664433;0.34;0.3539413397220193
0.26;0.29213733497165045;0.56;0.4904972393471862;0.38;0.34924425374931106
0.56;0.525768530845754;0.38;0.34548481614731336;0.2;0.2358406626522998
0.34;0.37983855225547963;0.24;0.19341451770564183;0.1;0.2464827838356945
0.36;0.3759912537624303;0.3;0.42734205508092166;0.22;0.24418796079687072
0.3;0.39774877830929406;0.66;0.5007930064341164;0.34;0.4262669725336315
0.28;0.3173748675394649;0.14;0.1659592275367469;0.26;0.2759359133578619
0.12;0.04479489285540844;0.1;0.1102807382771342;0.42;0.4325536157279038
0.16;0.08717364830570212;0.26;0.34070382264853655;0.44;0.36311107765647593
0.62;0.5067219901229565;0.22;0.3161593273548046;0.36;0.22090020882161016
0.6;0.6134823933334859;0.36;0.3900922571493421;0.36;0.4170001212674839
0.24;0.3779546619565239;0.7;0.4720321920769603;0.24;0.360661093941622
0.1;-0.06023888948233341;0.56;0.7232788971888209;0.5;0.4235439094628424
0.2;0.15895321856061323;0.38;0.5912167826719934;0.44;0.3656022441484828
0.22;0.3802924228764241;0.76;0.4405085625099769;0.18;0.27852413905396306
0.28;0.3623854254134941;0.28;0.19870184927609919;0.14;0.2611950787113591
0.6;0.5103501170268474;0.24;0.30901820949669306;0.12;0.13898765751228043
0.1;0.16308869162435408;0.64;0.5570288116288478;0.24;0.29194819013250767
0.62;0.5704050307913506;0.32;0.32663964355766345;0.22;0.24626214237364424
0.26;0.3201153948197672;0.16;0.16409376752888355;0.14;0.26437048282830405
0.38;0.3478272869582228;0.46;0.455799286724287;0.4;0.338058609837737
0.2;0.2756694863837638;0.68;0.5305382492416311;0.36;0.40584974032351
0.22;0.34073115541129234;0.66;0.47477677754537345;0.24;0.3321839551956663
0.72;0.7294549057023418;0.26;0.21829054620303018;0.46;0.15975843220497327
0.66;0.5938212294528158;0.22;0.3106547610448242;0.4;0.2967092810125456
0.32;0.34495549295399436;0.56;0.48953874159340777;0.42;0.3956020706420765
0.5;0.4653732464660309;0.28;0.33460469649754393;0.1;0.14327574675380733
0.32;0.3688793569894188;0.6;0.48581114944944054;0.4;0.40984647500150745
0.28;0.33046856592936685;0.36;0.4630036290490988;0.24;0.25999736919303645
0.16;0.2359638460648285;0.14;0.12337658946609159;0.16;0.32660194454844943
0.34;0.325934111824347;0.32;0.46658377772152554;0.3;0.27493558631414944
0.38;0.40352473881799406;0.5;0.43079307275635975;0.28;0.3184393203421286
0.36;0.33052975158951065;0.4;0.4516190054208035;0.26;0.2698778025362634
0.4;0.36943704275391703;0.44;0.43796064394011686;0.36;0.3232169610997238
0.64;0.6324707926924746;0.3;0.340593004508926;0.44;0.36805680428933046
0.12;0.2080435493976453;0.24;0.2133416461567787;0.26;0.3172529083838845
0.3;0.3466894019813453;0.52;0.44400758183441374;0.28;0.2884376680557131
0.68;0.5781757731809607;0.22;0.30306357552496727;0.18;0.20835600740807708
0.2;0.220239937836135;0.5;0.544450419467631;0.32;0.34264386056165735
0.14;0.26348685497168284;0.3;0.20704260084836185;0.16;0.2630358642949267
0.66;0.880844886323702;0.12;-0.0204581205072632;0.24;0.2508799307814292
0.78;0.9091058119535675;0.18;0.39050649610445837;0.46;0.5298387773407915
0.38;0.3862521290543854;0.44;0.416187446496701;0.28;0.29091448079260035
0.44;0.4060487553815066;0.4;0.401372677638869;0.28;0.27181903806954383
0.72;0.743257916033558;0.18;0.2585352171120913;0.42;0.3553125554493937
0.32;0.3519186484139227;0.5;0.44249980544516027;0.3;0.3026883264139775
0.28;0.31602922779387094;0.1;0.14807869687712233;0.2;0.296282867954111
0.34;0.35107677861984293;0.26;0.20585044721419726;0.38;0.3375431443759345
0.12;0.14647470411738234;0.7;0.5883281148149646;0.38;0.395844360427339
0.44;0.5085732564512726;0.24;0.15016919820427538;0.36;0.37175722945776274
0.44;0.41318715076208584;0.54;0.422676634735134;0.38;0.298529730119987
0.28;0.36010571268858776;0.26;0.19212011435370718;0.1;0.25044543317330353
0.2;0.3496663977173939;0.36;0.43393192866794655;0.16;0.2037871654532984
0.1;0.07988545730176505;0.14;0.14254303883099445;0.4;0.37990080545946286
0.34;0.38904850128105445;0.28;0.19325739826477067;0.24;0.27285139812585785
0.84;0.7027530473635737;0.1;0.35459850699238266;0.44;0.3205848590480463
0.34;0.28287565023131983;0.34;0.5093238278576717;0.42;0.3390923471507739
0.54;0.48184086074385996;0.32;0.3463924687853616;0.2;0.21033975487487228
0.32;0.32647717545233385;0.18;0.18207740937050082;0.42;0.28096589147742806
0.74;0.6699373085829927;0.1;0.26460282690025955;0.1;0.3627595186377511
0.28;0.2763327779740636;0.56;0.5141258479373232;0.48;0.373251190737995
0.1;0.23682660079511358;0.84;0.5548755609857008;0.28;0.3785921365125154
0.14;0.1650770088239299;0.84;0.5865637593921218;0.44;0.38064962589107326
0.44;0.4554167245754443;0.5;0.4083793140127138;0.26;0.30699302665241307
0.36;0.41910265851734757;0.58;0.44396964401642086;0.28;0.34563374878789604
0.28;0.4026147990994546;0.7;0.42910594468602986;0.2;0.2842723043046425
0.4;0.4295388841918297;0.56;0.5078272313748766;0.5;0.4922745672392415
0.16;0.37914024656271444;0.76;0.44455417404285774;0.14;0.28627450832661966
0.26;0.3560358550975182;0.28;0.1950983101423926;0.1;0.25431738122282527
0.1;0.23312418283727404;0.8;0.5545555399090045;0.28;0.3983804761900052
0.46;0.39065476184084397;0.14;0.19071398326687578;0.18;0.2466233942085188
0.32;0.3368472972005507;0.14;0.17243812192898494;0.2;0.25309748853746955
0.4;0.40586001539794986;0.22;0.1767549762646265;0.28;0.26522692566772493
0.26;0.27671408778440004;0.14;0.17563408786463092;0.44;0.31269308516261335
0.34;0.25169791244076983;0.38;0.525881610749914;0.44;0.3367914548031257
0.6;0.5562580492237303;0.32;0.33506992989374246;0.28;0.28953333004108744
0.16;0.18272927725970484;0.26;0.27228898743227;0.34;0.3357153140973202
0.1;0.212130976900825;0.24;0.18647802925063778;0.22;0.30207772363913593
0.16;0.19398929241117607;0.12;0.1260469819313183;0.28;0.3538123276877832
0.14;0.3942960123137042;0.82;0.43617666480616285;0.12;0.267645731460255
0.3;0.31092093419752737;0.1;0.15607615947949077;0.38;0.28234707180239754
0.34;0.39333156879595926;0.28;0.19505102102145705;0.16;0.25426715812338957
0.28;0.3159582507218361;0.3;0.23222346078139217;0.3;0.31868199399213554
0.32;0.3615879853045258;0.26;0.19535419052388753;0.28;0.27796980851082426
0.28;0.36564460762987644;0.66;0.49136654017298403;0.34;0.3888135985483024
0.72;0.6807764661107443;0.26;0.2413813952999046;0.36;0.15976956999151698
0.1;0.19341716883840981;0.3;0.24405847731705527;0.26;0.29956917577825154
0.14;0.25985621585457047;0.68;0.4817491983984336;0.22;0.2686853603994513
0.2;0.1383168128122791;0.32;0.3175374733152136;0.36;0.3413811538346812
0.12;0.2718463775299342;0.32;0.213386006950466;0.14;0.27616534050874636
0.8;0.5740704351996457;0.12;0.31379376939404685;0.16;0.1696945309499603
0.2;0.3392739221261551;0.72;0.48213876886895796;0.24;0.3494639983174244
0.32;0.34912843356829065;0.18;0.1821672243556886;0.26;0.26974801411174726
0.32;0.23225701238940538;0.4;0.5441444142216778;0.48;0.358284281939894
0.16;0.1484808794333376;0.44;0.608980165449297;0.36;0.3665617004647635
0.62;0.5807967970532688;0.28;0.33705229483090554;0.36;0.3460902738120018
0.12;0.19905132496976002;0.34;0.2732500422843042;0.24;0.292794952706152
0.52;0.45357947091375345;0.46;0.4049359544984778;0.5;0.3189034436713945
0.18;0.3530734603228482;0.78;0.5018783866159151;0.22;0.3673988538675195
0.42;0.34226173482149286;0.38;0.43002074383090977;0.4;0.29513372944300104
0.4;0.2811153578388869;0.32;0.5058278470368915;0.44;0.343997472885838
0.24;0.372840769369249;0.46;0.42536916643271744;0.14;0.2299123698726993
0.44;0.35054069331511223;0.3;0.43085054545279283;0.26;0.23595701154176313
0.4;0.3563400649616228;0.1;0.1740063694378488;0.4;0.258126325663489
0.56;0.5206031602699441;0.34;0.3820335767865341;0.4;0.3872594000847363
0.58;0.48445389999389626;0.28;0.34705622933078323;0.34;0.2472233817424359
0.86;0.5763010288345514;0.1;0.32686630843949976;0.16;0.1665630412269144
0.3;0.3340932935219258;0.2;0.18655314139101015;0.3;0.27013822244652547
0.4;0.4066999179123216;0.4;0.3867410623531395;0.2;0.22911389845302838
0.62;0.3957120320119231;0.18;0.35714858619157147;0.42;0.3761366466766339
0.26;0.40354840532343567;0.56;0.39967766466197324;0.14;0.23614677324201866
0.12;0.3122287202651834;0.7;0.4577458626986097;0.16;0.2525818103957596
0.14;0.06358963846022342;0.62;0.6223094869772592;0.42;0.36737094203522874
0.42;0.4435530641551268;0.56;0.38384393794467647;0.2;0.2229893583126233
0.54;0.47291331138377907;0.32;0.3494991072207309;0.22;0.20702667578627315
0.72;0.6617459062243627;0.12;0.2646784429274877;0.12;0.36525523876607396
0.36;0.3486138407516692;0.38;0.44108086597700796;0.22;0.24912146034708998
0.22;0.386056593558125;0.68;0.44679384668550276;0.18;0.31971944925817924
0.2;0.0666810614657451;0.34;0.377583646492803;0.38;0.3825344424890949
0.48;0.4033366324949001;0.16;0.1932102225450702;0.14;0.231741805685096
0.14;0.20981578747989155;0.22;0.1897135830513445;0.26;0.28813325208547896
0.4;0.42330772395755084;0.26;0.18572052085200957;0.14;0.23877912926224726
0.44;0.410989832586013;0.2;0.17921601805211046;0.24;0.2407918401287708
0.18;0.3058589725876943;0.68;0.4811233377367696;0.22;0.30076247397608485
0.52;0.4028420214856127;0.12;0.18572843601936134;0.34;0.23220407116276137
0.26;0.30723099147282235;0.3;0.2238210132899791;0.26;0.2807503539641579
0.72;0.6061715751401253;0.18;0.2847461987429309;0.18;0.1977248037319504
0.62;0.8037758617507522;0.16;0.05944790169616815;0.1;0.22573509825401233
0.22;0.19298667418464682;0.22;0.2484401417408943;0.44;0.3274757148072985
0.16;0.18942045612870978;0.2;0.22721891484027984;0.36;0.3367920205217905
0.72;0.7083967772019564;0.22;0.27514015147979726;0.34;0.277614389072034
0.2;0.37746959787321693;0.74;0.4538091405803197;0.18;0.3122830692661927
0.18;0.25806812525182615;0.14;0.12788555478732028;0.14;0.3027272009262481
0.22;0.24932095578397345;0.44;0.5299882842882522;0.32;0.34059122494253474
0.22;0.32580456481356074;0.7;0.5079657869806138;0.32;0.4011155798743636
0.7;0.5888413202439737;0.28;0.27760277040916853;0.22;0.1316297906462643
0.54;0.4265116067955021;0.12;0.16828716506975033;0.42;0.23873671726241869
0.1;0.3329836055872179;0.86;0.49973389543407726;0.18;0.3351716373215146
0.34;0.3876819612804227;0.52;0.42842190184207246;0.24;0.28631462642525835
0.54;0.6023218375918888;0.18;0.08660110066467402;0.34;0.28949993518126066
0.34;0.3602924966051135;0.58;0.49900337421797153;0.5;0.4407617355660199
0.6;0.5067122249232499;0.14;0.18569973631553544;0.1;0.22809239705220025
0.26;0.2862540283596375;0.3;0.23793443282124221;0.3;0.30557291264151504
0.16;0.07673291405461818;0.44;0.6706889535589451;0.48;0.43131208081992783
0.18;0.37003320290799174;0.46;0.42331195136488126;0.12;0.21081352145257087
0.18;0.10927562865330892;0.5;0.6320334409723654;0.5;0.4133205645733034
0.26;0.2882587436030108;0.1;0.14370528999450832;0.32;0.2968410005797671
0.48;0.3819776631276441;0.34;0.40478336176510615;0.46;0.3123352685249819
0.38;0.27708742336365483;0.34;0.5082518696824974;0.42;0.3343613424514223
0.12;0.2705577917731518;0.46;0.49290301803797937;0.18;0.23576271876471028
0.38;0.3642493570083631;0.14;0.1843776564711998;0.1;0.2517761939790893
0.72;0.5469224777227184;0.14;0.2867575481964277;0.1;0.11173806543948844
0.34;0.42198123122270353;0.54;0.4164550437218903;0.2;0.30020927462323416
0.22;0.23769140269764372;0.56;0.5231549382012741;0.34;0.35067684981189645
0.1;0.07957389782351648;0.12;0.06501615096009877;0.2;0.42532456515701883
0.24;0.2320074406349037;0.28;0.2582867902152028;0.36;0.32673705861817043
0.46;0.4598836904174292;0.42;0.3763699503802737;0.2;0.2566469218036281
0.36;0.39164524517559735;0.46;0.41165510208005535;0.24;0.2743632279649609
0.38;0.4328669553409427;0.54;0.4107957140775877;0.22;0.29435498581202696
0.72;0.6558556099110164;0.2;0.269412069507646;0.28;0.22866070319825044
0.84;0.6934938865321401;0.12;0.38542112877491624;0.34;0.3421953822741051
0.14;0.03375999384619782;0.6;0.6505935609816487;0.46;0.3871406790206953
0.38;0.3973342430631434;0.6;0.44033462506371385;0.34;0.3155656193920385
0.68;0.6101622181373061;0.3;0.28288422542896646;0.36;0.17587671344884998
0.66;0.5367652174621058;0.2;0.3011225101483969;0.16;0.15007363506982246
0.22;0.14039791421091657;0.22;0.2833233120407012;0.5;0.3612298526854039
0.42;0.4107059071890135;0.48;0.4597729912712662;0.44;0.4240388048645292
0.1;0.04341995919128444;0.52;0.6465278935360825;0.36;0.34430768665337214
0.26;0.30209607888358797;0.36;0.48928841082383306;0.28;0.29451562075664756
0.38;0.47542804148437917;0.52;0.36161153199405865;0.1;0.21324788197978878
0.4;0.29140757202033435;0.32;0.4929335252343147;0.4;0.3201942711839712
0.24;0.41450856407181086;0.62;0.40091310941608177;0.12;0.2369963917631202
0.52;0.51211445334218;0.42;0.3333961428008447;0.1;0.17589325760955093
0.2;0.1312688354536264;0.24;0.28854517085368875;0.46;0.3555303034762352
0.18;0.2359619039533684;0.7;0.5604900416092857;0.4;0.42333021266268306
0.38;0.2886475328889035;0.24;0.34414155678806074;0.48;0.46015004970440204
0.18;0.19689115325385992;0.1;0.11825305720773932;0.34;0.3574385108732577
0.14;0.18595259562874994;0.68;0.5319685889503074;0.32;0.31282864813014216
0.16;0.08707561384090362;0.42;0.6513476819486723;0.44;0.3829899620458184
0.28;0.17681608091203466;0.3;0.3650671549743915;0.42;0.44805680157509814
0.5;0.39247889094596794;0.12;0.19156743901808787;0.22;0.23197223593402955
0.16;0.14121225294840095;0.66;0.6024852343034877;0.5;0.41980044921539333
0.38;0.34928906771783524;0.44;0.4398828774315728;0.38;0.30925656779363125
0.14;0.26022147384239397;0.18;0.1294662488111708;0.1;0.3129105294518047
0.34;0.35242756212526566;0.16;0.1799812806050422;0.24;0.26027140545483635
0.16;0.1356707692963554;0.54;0.6158607863175416;0.38;0.38510440156262066
0.12;0.16232876329345353;0.38;0.3187360967000156;0.26;0.3153654076087156
0.6;0.5387501972388706;0.38;0.327516376268613;0.32;0.2175069783016062
0.24;0.3027619018509015;0.62;0.5021331329517207;0.34;0.3671485846188381
0.8;0.6152912742960142;0.12;0.32710827579858764;0.26;0.22880602403512912
0.72;0.785390267693179;0.1;0.10073185202432205;0.3;0.29028714107536674
0.46;0.40169117095547485;0.18;0.1946216241251914;0.1;0.227451188783312
0.2;0.3541366270841892;0.48;0.43292754932173344;0.14;0.2224488770145348
0.16;0.17945917989070787;0.1;0.09476248573032925;0.22;0.36362654572282965
0.22;0.3312576610198776;0.26;0.1879980117209225;0.1;0.25736108919654216
0.68;0.6312081725422602;0.2;0.2977816700269013;0.46;0.3249672009172065
0.12;0.38487907843858843;0.42;0.4059571463768787;0.1;0.17279349738593114
0.12;0.020423499853487292;0.58;0.6901797167275359;0.46;0.42514184123860504
0.58;0.47382236746037315;0.26;0.3415599716119228;0.34;0.23460762398574447
0.5;0.38605016393551644;0.1;0.1916803324907203;0.22;0.23665639207374684
0.46;0.3841515263868886;0.12;0.16615878689050695;0.48;0.25625535860391496
0.46;0.3730814627023748;0.36;0.4160974050285741;0.46;0.3254399340230015
0.34;0.4046710414853025;0.48;0.39516323130853087;0.18;0.2321350337809412
0.24;0.26286224121577967;0.58;0.5110732806743965;0.42;0.3652631989253115
0.64;0.5664857297675938;0.32;0.3218520681070995;0.12;0.195490141085009
0.1;-0.15369789527394878;0.42;0.77246669198592;0.5;0.40191057908732036
0.44;0.4181890788165547;0.42;0.39917370899264987;0.26;0.26796776934617755
0.32;0.3886115209528655;0.62;0.47584623313204694;0.34;0.38564154188032435
0.3;0.13030882570558483;0.3;0.5283224464254499;0.48;0.5051316082702959
0.18;0.2596393472182414;0.78;0.6131742342048281;0.48;0.5215411507275354
0.28;0.35797166644504025;0.28;0.195497174514686;0.12;0.2394804616539608
0.1;0.17441677240617687;0.16;0.10239573276779018;0.16;0.3573988930412844
0.2;0.26222907798192246;0.74;0.5713291304087218;0.48;0.47020530066587357
0.32;0.34169411138373257;0.24;0.19465676669261106;0.36;0.29462724064220597
0.52;0.5074849156613241;0.46;0.32615894804634954;0.1;0.15990947440301456
0.58;0.46055890481732015;0.22;0.3237184616624315;0.28;0.17887702804265532
0.7;0.5863350529249247;0.16;0.2767655181453616;0.3;0.18522593259675718
0.68;0.6981431068866202;0.26;0.3190417017539115;0.46;0.3889819749550219
0.22;0.26997827557741666;0.64;0.5242890711849182;0.38;0.3816816255100611
0.4;0.3465779314337724;0.32;0.4429435518450557;0.26;0.25139681080748405
0.4;0.3968071589873163;0.22;0.1881793269301692;0.18;0.240406986736935
0.14;0.09827478192873834;0.58;0.6055397338022968;0.36;0.3418244358672445
0.1;0.10845851855693817;0.88;0.6320845729744928;0.46;0.4094018248630454
0.26;0.3205317657617372;0.16;0.1654299423061129;0.16;0.2719543691218496
0.5;0.39567272933770575;0.12;0.1770322483322186;0.42;0.24210784406230973
0.16;0.16996676726417953;0.6;0.5797429651027752;0.32;0.3650094671212179
0.6;0.5525020437273456;0.32;0.3393989110645858;0.32;0.293394351393153
0.26;0.3677802936529148;0.48;0.4240515808107627;0.14;0.2209870626269384
0.74;0.6516018019043359;0.14;0.25824963114349336;0.28;0.19719648527999484
0.1;0.053939271312232584;0.6;0.6396332886601297;0.36;0.35379185969734467
0.8;0.5817104040332326;0.12;0.3180909505826232;0.2;0.17040366002630153
0.32;0.32478621224415755;0.12;0.16784455286380612;0.42;0.2837183618665114
0.28;0.28820416594867887;0.34;0.5064404406486471;0.34;0.3169719910430678
0.34;0.3367267005371432;0.26;0.21881234473769345;0.4;0.3585942430770848
0.16;0.00900787732274616;0.26;0.39925378595453614;0.5;0.38680306868236075
0.6;0.5599152592516121;0.32;0.3426293874100221;0.34;0.3205463275982146
0.32;0.3249735025060702;0.16;0.1788821435987213;0.44;0.2869514145518571
0.44;0.4819792749548399;0.48;0.3545419963032625;0.12;0.2073975812539351
0.48;0.3101756650913942;0.3;0.4408085454036776;0.46;0.29377911772093684
0.44;0.3766566798587278;0.12;0.17348912844966796;0.42;0.2536298071034429
0.1;0.25851143011388594;0.72;0.4839196314075604;0.2;0.2644383313108341
0.2;0.25560818762299115;0.14;0.14629769744971205;0.26;0.30335466550869855
0.74;0.5868360353623403;0.24;0.2758349083062736;0.14;0.11845970781701626
0.56;0.5187700953321881;0.34;0.33002657574413624;0.14;0.1992370665612731
0.64;0.5557947724618673;0.28;0.30766156733700106;0.16;0.188057694046683
0.2;0.31013536544191006;0.64;0.4783252035116103;0.24;0.3189070086256783
0.1;0.32585265152180093;0.68;0.433124795714151;0.12;0.2041577247017648
0.8;0.6048637638802761;0.16;0.3433006931448485;0.18;0.20846963563224735
0.52;0.3080654251542982;0.24;0.4478408973934915;0.44;0.273313091265357
0.14;0.3005539792064284;0.74;0.4817975740327551;0.2;0.3030189453057011
0.12;0.10179131265256708;0.48;0.6284425116243935;0.34;0.35930027649704416
0.14;0.22808093881129005;0.46;0.5091421949225048;0.22;0.24316295124049875
0.24;0.2197941580262907;0.36;0.5560224060101373;0.42;0.3572224987060429
0.24;0.19924414838273358;0.38;0.5727136874420691;0.46;0.36890630780481276
0.22;0.19308607757241142;0.36;0.578444442154834;0.44;0.37319822128596686
0.36;0.32858116888276506;0.26;0.2744851167475783;0.42;0.4255978114549413
0.58;0.4326070127733616;0.1;0.1920539059226069;0.16;0.22865731025718278
0.18;0.24139983313576757;0.66;0.5263963753884735;0.32;0.34379100678737645
0.14;0.021699317431080167;0.44;0.659122905264;0.46;0.3666803600336613
0.28;0.37323711870324566;0.58;0.44065611720045544;0.22;0.29227469668706535
0.42;0.2695424269122683;0.32;0.4982561495033348;0.44;0.3148620474827402
0.48;0.3530161593495806;0.28;0.42152781898267583;0.3;0.2492382032291181
0.18;0.402768161227202;0.78;0.44734147759382487;0.14;0.3017354146344707
0.2;0.2711959618951398;0.22;0.19118219685775378;0.24;0.27745163250523946
0.34;0.34049644128287476;0.38;0.45505826080975104;0.24;0.2705467391140877
0.2;0.253426264021465;0.66;0.5356643162173012;0.38;0.39489898076380486
0.6;0.5611321031429968;0.36;0.3395688448279454;0.16;0.23324186347406967
0.7;0.7631367973584291;0.24;0.293366122950766;0.5;0.4021060555179253
0.56;0.4983896616246725;0.32;0.353748714041026;0.28;0.2639184774019219
0.56;0.5613355827281497;0.4;0.3884690187060695;0.28;0.3587658506082568
0.22;0.24437786671114886;0.2;0.21124672409460848;0.38;0.3187573311072987
0.3;0.40406821596893544;0.68;0.42227369500600637;0.2;0.2614555693611527
0.72;0.6294373922439733;0.26;0.25978575881914273;0.26;0.13755031159528303
0.52;0.4723773309385863;0.2;0.28137209385588696;0.4;0.43761747408999613
0.22;0.2660959408236267;0.54;0.5040226322766312;0.26;0.31422718156895885
0.5;0.4632876876408731;0.36;0.36072420574766645;0.2;0.22448679958663492
0.44;0.39417454841353256;0.18;0.19324576664442467;0.12;0.2334529621131543
0.22;0.3464485163254111;0.7;0.4837963237047031;0.26;0.36162382075463656
0.12;0.3002584096759208;0.68;0.460764783234006;0.16;0.24357314504425803
0.44;0.40937418247723806;0.18;0.15621337115452966;0.4;0.26968751072300906
0.12;0.21821838844683022;0.16;0.10535472837027376;0.1;0.3372060886965392
0.38;0.3746989278814838;0.18;0.1829521553627142;0.28;0.2597493843408705
0.36;0.34166124769660094;0.14;0.17282204406240814;0.46;0.26654632753707747
0.1;-0.08104886103971004;0.42;0.7226963266978015;0.44;0.3708185781839211
0.26;0.2681188288328557;0.34;0.5222522960032461;0.36;0.3311126709616366
0.22;0.4194542478863654;0.7;0.40744865497334465;0.12;0.2502297687413267
0.18;0.19975103973644942;0.12;0.14194657652920845;0.36;0.33294868617236434
0.42;0.3463428149654974;0.42;0.45293311303865486;0.48;0.3486753804248855
0.34;0.3280975374112544;0.24;0.20902613747123516;0.44;0.3627280052544171
0.24;0.22118703457172167;0.48;0.5524838269940855;0.38;0.36387739291217885
0.76;0.7647141706647334;0.18;0.2757385607845119;0.36;0.2933291634245228
0.3;0.30764877241957017;0.46;0.47080512686064785;0.26;0.27972014020605857
0.18;0.11976405405587237;0.46;0.6223451447835455;0.46;0.3922150076569642
0.64;0.5509116448086517;0.34;0.3016844968450069;0.2;0.14950727610329922
0.2;0.24578714471675206;0.1;0.11138323497353148;0.2;0.32894588110212114
0.14;0.20356372545336548;0.48;0.525327161836189;0.24;0.2549128018674543
0.48;0.46113455399960096;0.3;0.3385549331356909;0.1;0.14879469767450987
0.34;0.41469185349773036;0.48;0.38770725077871154;0.16;0.22102089615100967
0.36;0.44748191497589723;0.58;0.40645627327042994;0.18;0.28466770398387725
0.18;0.18757936607408404;0.22;0.2386377819833438;0.38;0.32104979796225225
0.64;0.8861793391727433;0.14;-0.006329398610296633;0.2;0.25733211288974817
0.22;0.4077852911949706;0.68;0.42247784311634823;0.14;0.2808320328256633
0.3;0.31267047246502394;0.14;0.17017365048834526;0.36;0.25992199800206267
0.5;0.44220607472604606;0.16;0.14360873521615608;0.4;0.25550777647425266
0.26;0.40447023068668536;0.64;0.4328992165932501;0.18;0.30875381750948977
0.26;0.29403736525112983;0.34;0.4955918530580174;0.3;0.29505070688168816
0.14;0.2632203366107377;0.28;0.19672863680560332;0.16;0.26746528448153756
0.14;0.10963368054238182;0.12;0.1321335261598346;0.42;0.35018036340796416
0.5;0.4843441115215669;0.38;0.35196441792978667;0.16;0.21764983299909263
0.52;0.43125018935974574;0.32;0.37958286504429245;0.34;0.2685589218593583
0.68;0.876818584130264;0.1;-0.08740732822683733;0.34;0.24010295453616154
0.4;0.4289936130894049;0.32;0.37685180104344446;0.12;0.18280819218919137
0.18;0.11461692498699855;0.46;0.6308858333893366;0.48;0.41078135950129196
0.2;0.3047979460122094;0.26;0.18977664950033207;0.14;0.25328162591089326
0.14;0.20655191291877778;0.14;0.10636764750880551;0.16;0.3321417836872547
0.54;0.3797637659661192;0.26;0.3795264459913607;0.5;0.2711794481183523
0.72;0.7203155592954233;0.12;0.1894442271798919;0.34;0.36329803967783564
0.24;0.26164778865640564;0.52;0.5035428913925781;0.28;0.30146863708305377
0.18;0.3476164338555791;0.66;0.44354623175115043;0.16;0.2634138111645888
0.2;0.2855692081547844;0.24;0.1931913240891145;0.2;0.269333539397457
0.42;0.38163316973820977;0.34;0.40763357485227053;0.2;0.22334533027399234
0.5;0.42346231045132904;0.34;0.38439119389362836;0.32;0.26604411651997056
0.28;0.4244656019449608;0.62;0.4176352775626963;0.16;0.2922492397920911
0.14;0.13009055195699099;0.5;0.5776980211915383;0.32;0.29817092476958523
0.86;0.5837299507455087;0.12;0.28523562731782554;0.4;0.03338780196307939
0.68;0.5739119144208915;0.26;0.30404413805163094;0.16;0.1754817814438701
0.1;0.15161748420471505;0.32;0.27759878217250494;0.3;0.2897313409884595
0.16;-0.03275296066473593;0.3;0.4575026565364137;0.48;0.42314855669474755
0.42;0.3662287224179878;0.36;0.41551939084121264;0.26;0.25533722947373066
0.22;0.24887253509712232;0.38;0.5275787293431986;0.32;0.317605258503142
0.46;0.40102649227401493;0.16;0.16210092817713323;0.4;0.24645327313874704
0.26;0.31718732569440683;0.22;0.190997656412436;0.24;0.26871867089261686
0.28;0.3609753088822331;0.62;0.48224793385494386;0.32;0.38045307393276234
0.44;0.4449886755029852;0.5;0.43095262329070144;0.34;0.3590127633218066
0.64;0.5282645485838644;0.2;0.30208761076202356;0.2;0.17049443466243647
0.22;0.26478278737492794;0.6;0.5050616290066128;0.36;0.34552938103840974
0.28;0.3293962236950578;0.26;0.20558975278896802;0.28;0.2833465856320237
0.32;0.365081087025439;0.36;0.4324916275472159;0.2;0.23334454103454677
0.22;0.2522616788676488;0.26;0.23375214978115472;0.32;0.30545089973416056
0.56;0.6917606180043963;0.18;0.06403839488142998;0.32;0.31711740840052643
0.22;0.31327890627102456;0.38;0.4737174258261316;0.22;0.2641743697720989
0.36;0.40521111492377465;0.28;0.1925583137600821;0.3;0.31433180348537976
0.48;0.4793216436246596;0.46;0.3868331511480189;0.24;0.28707028390491646
0.34;0.36898730913655137;0.2;0.18705104854670046;0.16;0.2600376562812477
0.42;0.4040079852229341;0.42;0.40342534086236376;0.26;0.266733427125252
0.64;0.524568205556976;0.2;0.3056205665090996;0.36;0.2138795876990463
0.1;0.10164041876710578;0.44;0.5970394366739609;0.3;0.28739984824762305
0.56;0.492117000853655;0.3;0.3372928205458347;0.2;0.20161293184992873
0.44;0.3162408377296246;0.32;0.457685863720479;0.36;0.2954141690828243
0.28;0.3555429420849891;0.24;0.18852765541220967;0.1;0.2532168502844519
0.4;0.40785361683200144;0.54;0.4647757121938422;0.42;0.3936062882080256
0.64;0.6209536045302586;0.12;0.11768160703419389;0.26;0.2352746443792802
0.12;0.1096495578226297;0.14;0.17422095454745906;0.42;0.38790103595720554
0.18;0.1394268172824284;0.44;0.6081724478654078;0.42;0.3781057969732649
0.28;0.36260720176555744;0.7;0.4664678837944162;0.3;0.3238040939120373
0.5;0.47812276295479855;0.3;0.3271732003934115;0.1;0.1446815027420661
0.36;0.29818964910243445;0.42;0.4743684935329366;0.38;0.32121935983213407
0.66;0.6791383463910494;0.14;0.1761186229082063;0.24;0.31864412678530046
0.48;0.283868677106996;0.26;0.47578421046476044;0.44;0.2840085106304349
0.58;0.23714245453382582;0.18;0.5014225666790122;0.5;0.4398928451842386
0.2;0.14984735857650983;0.4;0.6004931619594143;0.46;0.3794195616992005
0.42;0.36200856287311617;0.4;0.42898089471057793;0.42;0.3221898228227707
0.4;0.3965355687343661;0.2;0.14498036830109945;0.48;0.35068060640867943
0.18;0.16563831023283776;0.48;0.586575089717486;0.38;0.3678864758039771
0.3;0.28707869109820344;0.3;0.27148787244436184;0.36;0.37947867595196444
0.54;0.49653488863913403;0.38;0.4003382402636159;0.46;0.398401432253599
0.58;0.6740870517990645;0.16;0.05676103523243475;0.34;0.29960129708837885
0.64;0.5259923551232946;0.2;0.3043594951124586;0.32;0.20413647291429188
0.18;0.3746946005202873;0.76;0.4498774656972639;0.16;0.29093200442924344
0.28;0.2590587431551527;0.18;0.2070210955638469;0.5;0.30692914759672535
0.82;0.5335533667325068;0.16;0.30456707154905266;0.1;0.08911507735866225
0.3;0.3349672334195632;0.24;0.19769381691097115;0.32;0.2826453761292163
0.4;0.4007866329863547;0.54;0.48229937351568813;0.5;0.4356661148082202
0.76;0.7526662727845677;0.16;0.26077875576285087;0.36;0.2996799288905612
0.24;0.17331768630711658;0.26;0.2873054407844375;0.44;0.3615237103669023
0.48;0.40764062513690086;0.2;0.25421881035954036;0.48;0.42128027571600685
0.26;0.306376900001952;0.2;0.18738772311309154;0.28;0.27235985573208327
0.14;0.1660097631806054;0.12;0.09829164353613712;0.24;0.3608670376699257
0.14;0.23197480805056764;0.66;0.49686367980841445;0.24;0.27855272746612686
0.24;0.37369340793697753;0.34;0.42448418435957186;0.16;0.2145673127910817
0.46;0.47585736365255266;0.5;0.46751976502133735;0.42;0.45331615940839415
0.62;0.5497305895582814;0.12;0.14337685207905188;0.32;0.25169055531080803
0.14;0.21629165509681209;0.14;0.09788064905404176;0.1;0.32328927163789617
0.34;0.34534635202168723;0.36;0.4489201905047661;0.24;0.25651948100472227
0.14;0.0803790469915115;0.42;0.6160204273356495;0.38;0.3267581518837153
0.82;0.6439562425084107;0.16;0.3491054790301657;0.48;0.15660976232349016
0.76;0.6372781845804114;0.22;0.2635078953234224;0.24;0.11990910839069274
0.38;0.3650040152181206;0.38;0.4192573112051374;0.2;0.22566946557154838
0.6;0.5739252140196542;0.34;0.3599945834824691;0.4;0.3504108512415263
0.38;0.45729190945356074;0.5;0.36985348852791694;0.12;0.21005763073873768
0.58;0.5177966972904515;0.4;0.3547673831901303;0.46;0.27130183329226215
0.1;0.07561919776665754;0.68;0.608819363693031;0.36;0.36097318303098463
0.2;0.29120232599852053;0.6;0.47315707791836664;0.24;0.28927706924424174
0.24;0.2903683794915765;0.12;0.14621389056999695;0.24;0.3013520050860939
0.34;0.22868967681990576;0.4;0.5429534236548019;0.5;0.3634355806348771
0.14;0.15661986843292802;0.18;0.18549181670244613;0.36;0.30736936461357006
0.18;0.282742969224502;0.28;0.20976470093555938;0.18;0.27461555096795737
0.56;0.46120247769118955;0.26;0.3352069583939478;0.32;0.2160316616233678
0.14;0.10288154664548593;0.1;0.09217759786804541;0.36;0.3776050221206822
0.18;0.2563466219770249;0.66;0.5185789852381657;0.3;0.3471396840703625
0.48;0.4754203429665453;0.36;0.3412798635318463;0.12;0.17881591316615358
0.82;0.7416089948519315;0.14;0.44428703883615944;0.4;0.46494528402255414
0.84;0.7280906218854015;0.1;0.3627367518829569;0.48;0.3469081963345451
0.14;0.21754771604341422;0.16;0.12625454390148966;0.18;0.3105341132329534
0.28;0.33175364090601683;0.56;0.46760071572109146;0.3;0.31754940806806703
0.64;0.6527373752820169;0.3;0.34750676915080553;0.5;0.4218039896142676
0.42;0.36665425043540417;0.1;0.18413590842063704;0.14;0.25600837265705595
0.1;-0.019114459109280724;0.54;0.6964361139637785;0.44;0.4020254277459037
0.14;0.08859321844269069;0.58;0.6167932431726382;0.38;0.36048651037322715
0.48;0.4214764195937037;0.34;0.3719704630758837;0.28;0.23796707063269823
0.34;0.34530941856449865;0.5;0.45553488560115446;0.34;0.3171507970789725
0.52;0.4223932670531256;0.26;0.35857955986727424;0.2;0.17392476868173562
0.38;0.42461652669993705;0.44;0.3761435922042164;0.16;0.2082224611968178
0.36;0.3510902729668161;0.16;0.1752546309664293;0.4;0.26376294066552136
0.52;0.4105598374744532;0.26;0.3703819513329247;0.24;0.20342304057630317
0.38;0.26124858111290344;0.32;0.5221313301955928;0.5;0.35124895092690794
0.2;0.27930104858150323;0.78;0.5223647055355027;0.36;0.36209121769807157
0.26;0.22690148304991603;0.36;0.552244022125927;0.44;0.3558221205353141
0.18;0.1232889910391834;0.6;0.6046362455161838;0.5;0.41840923862392915
0.44;0.24369437154348156;0.26;0.5244192006197477;0.48;0.4516107591241712
0.4;0.36158681711459345;0.12;0.17770484377073464;0.32;0.25013033611370533
0.2;0.42310078097095677;0.72;0.3960629645118569;0.1;0.22444047879290624
0.18;0.31346603926621136;0.36;0.22183076454490552;0.12;0.26087513562214953
0.1;0.17637270142298583;0.44;0.5393836000168843;0.24;0.2367574862855753
0.62;0.527027554280936;0.24;0.32569765292735403;0.38;0.26661255046125293
0.18;0.020061590611150926;0.34;0.41534454960123773;0.4;0.3964473115303014
0.66;0.561230900227345;0.26;0.3034893010943957;0.16;0.17938269749487917
0.18;0.39655271387748464;0.76;0.4379083852630867;0.14;0.29322807457135186
0.18;0.2832415844421818;0.74;0.5308689833846014;0.32;0.3980802568511655
0.42;0.41996841657670964;0.42;0.39193499914681346;0.22;0.2536518989226471
0.12;0.019593819189923145;0.64;0.6770734513510359;0.46;0.42305730151300397
0.34;0.37967718925742283;0.6;0.488945515101933;0.42;0.4091576518879157
0.24;0.31744405982595375;0.74;0.5027602412087273;0.36;0.3612889686249395
0.16;0.0828063915740615;0.58;0.6539746890993012;0.46;0.4243603665692524
0.34;0.341810824317706;0.32;0.4505019939051504;0.26;0.24928773728360115
0.58;0.5311710593489367;0.32;0.3212369976197859;0.12;0.1937841208923095
0.14;0.2159338225976925;0.78;0.5644693079905647;0.36;0.4136348445436289
0.22;0.34693327975446814;0.76;0.4683436672150815;0.24;0.3077010405262178
0.12;0.0883494274324989;0.7;0.6281637225411398;0.48;0.4261155894839482
0.7;0.6353502782643632;0.14;0.27814820968450354;0.12;0.3605466309604913
0.46;0.44181451822727674;0.26;0.3615195676067426;0.12;0.1619266871520671
0.32;0.3036562194751313;0.38;0.48858753947412586;0.32;0.3085928318073235
0.62;0.5719758665343322;0.32;0.3298628897862354;0.26;0.25546159808801067
0.52;0.438249881066669;0.32;0.3711770047894813;0.3;0.24704459836494325
0.46;0.4177366716578505;0.2;0.189995403465468;0.12;0.23180456916407538
0.14;0.1603464238611793;0.84;0.5930443312768372;0.46;0.3978185191462052
0.54;0.4325163261304838;0.12;0.16532797109619785;0.44;0.24993291730371597
0.12;-0.0753320469107151;0.38;0.49243701240954;0.42;0.40324218089657565
0.54;0.4655971174722581;0.14;0.1448544181492874;0.4;0.2437828081805043
0.16;0.22112408391779476;0.58;0.5395371801207116;0.24;0.3105450096460692
0.48;0.4674052532009953;0.38;0.35599657342827945;0.16;0.2106579227981405
0.5;0.49605355825336667;0.4;0.3547307247792812;0.16;0.24018416615684318
0.38;0.413315040787866;0.52;0.4401463869075794;0.3;0.35608567431319843
0.18;0.14634172850362298;0.38;0.5974756826659811;0.4;0.3461114758796731
0.26;0.2754765215656378;0.3;0.24795496804311162;0.32;0.3281834516331577
0.56;0.7213642465105197;0.2;0.10501384590481527;0.2;0.2926038201048931
0.54;0.43745690991781466;0.12;0.14750461347497285;0.5;0.24887127615568888
0.22;0.2588755106125988;0.42;0.5220534672854893;0.3;0.32187097835401973
0.12;0.3445932558638007;0.82;0.47137570987423877;0.16;0.29746925860212686
0.16;-0.06695889841056718;0.3;0.4884958825871674;0.5;0.4496352390578187
0.52;0.491047852787277;0.46;0.3454490774852214;0.18;0.1891466190595344
0.2;0.24464170547033043;0.32;0.25146689245588155;0.26;0.29575409844264927
0.36;0.41162246617213477;0.4;0.38345113793981617;0.12;0.18310723953752644
0.26;0.39500840661317377;0.58;0.40466486821800024;0.14;0.21868665799835357
0.2;0.1289571426831217;0.4;0.614105715038961;0.5;0.3855915305181901
0.2;0.21936375526479573;0.1;0.1283038831390197;0.38;0.34381634530048816
0.5;0.36542568111379276;0.24;0.4169500947099049;0.28;0.22724103899694287
0.1;0.055530225172995606;0.74;0.6446826205160445;0.48;0.42993408572252806
0.12;0.274397554372699;0.3;0.20459217144495162;0.14;0.28966649966139985
0.62;0.5819928358490232;0.32;0.334986636722115;0.3;0.28701882640985504
0.18;0.25499640074433366;0.32;0.2435198000933962;0.22;0.2825487117014865
0.48;0.41700413414479137;0.4;0.43859617206752083;0.5;0.40584903525488075
0.56;0.5200024218720374;0.36;0.37259994739277963;0.38;0.34985307843144314
0.44;0.3791895323204543;0.14;0.17184354619184566;0.4;0.2403000194829366
0.3;0.43641626385401516;0.54;0.3718157258225229;0.1;0.18719015328003424
0.1;-0.04810482633688756;0.62;0.7121330278866733;0.48;0.41003211253580846
0.34;0.3431616958873122;0.16;0.1776934041015263;0.32;0.2517155745521001
0.82;0.6833501022045583;0.1;0.3779966564976373;0.46;0.37861768807534363
0.6;0.5435635693083769;0.14;0.15699877460208106;0.24;0.24920704243166997
0.32;0.37209801211798216;0.24;0.19098551821805038;0.12;0.253575054205931
0.14;0.17577764632694376;0.2;0.19204061294922176;0.32;0.2911125275287026
0.66;0.5942586913743371;0.1;0.1283194208077642;0.34;0.24483474854748183
0.42;0.35352025716308483;0.3;0.4366286847446556;0.26;0.24505261345320323
0.14;0.10306656424494925;0.62;0.5954254424155974;0.36;0.34676557829602134
0.7;0.6399918682193986;0.2;0.2902731281019381;0.3;0.2766173933854424
0.32;0.3585453074706934;0.5;0.4297164155911101;0.26;0.26391840016854134
0.4;0.4092030581253014;0.34;0.38913209996943826;0.14;0.19238182451727598
0.14;0.020771003795454213;0.4;0.6484667314445656;0.44;0.333406556997665
0.32;0.33627766859192726;0.12;0.16688088115577776;0.18;0.26608691221040376
0.56;0.44530353381429827;0.26;0.3504808881714691;0.46;0.28227286037799276
0.6;0.5006479935100587;0.22;0.3051238146745671;0.2;0.14894087565784903
0.42;0.4315698577719204;0.22;0.1393800639826221;0.42;0.3309371728737523
0.46;0.46945821588173126;0.5;0.4720619233844456;0.44;0.45022282141289965
0.28;0.2572811309360518;0.3;0.2707077160968449;0.36;0.3451435398418204
0.26;0.417537278620047;0.68;0.42435451405835883;0.16;0.2828223121846412
0.12;0.15532981394019324;0.32;0.29367850909661647;0.3;0.30410992684702537
0.34;0.26418177394998715;0.4;0.5159726351651994;0.4;0.33953731531816006
0.66;0.6357272436978592;0.28;0.3242407658545485;0.36;0.32367879442063613
0.3;0.2276855838300464;0.42;0.5530393829487619;0.48;0.37671249088652475
0.66;0.5745156769277331;0.26;0.305017465724384;0.2;0.21045282247525338
0.44;0.3130111560498194;0.26;0.4492020500986735;0.4;0.4457891695728576
0.58;0.5372375077771154;0.16;0.2248512105486437;0.44;0.45403352555675897
0.64;0.6160225903869241;0.16;0.22483276118022583;0.24;0.3410140788570813
0.12;0.11795533126485375;0.28;0.3110870910303955;0.38;0.3467644966297945
0.26;0.4301239745943108;0.6;0.3818443519482539;0.1;0.2018496976749083
0.26;0.3511023149238938;0.36;0.4491840165955889;0.2;0.253262631738898
0.12;0.26771599783160277;0.28;0.1938482959129299;0.14;0.28083944995484617
0.42;0.4338106986461711;0.5;0.43256780140075896;0.34;0.3788833625165245
0.82;0.5963039276312416;0.1;0.33577621448054024;0.28;0.22219794183579383
0.28;0.24230885367122007;0.4;0.5405837348181646;0.44;0.35627093840512375
0.36;0.34143535636197136;0.1;0.1707593446843571;0.16;0.2505481762066842
0.44;0.3929293298758851;0.42;0.4250792612346867;0.36;0.3141985572522748
0.8;0.7605731323784555;0.14;0.3863851539877114;0.46;0.415017279507004
0.38;0.32755647572112573;0.46;0.4763358570390121;0.5;0.375148860296128
0.36;0.34165564331120074;0.38;0.4516414115924771;0.24;0.2696810389628928
0.6;0.49484413581957803;0.12;0.17081016145956446;0.26;0.24204007974376568
0.34;0.33146351463608575;0.1;0.16539735497277624;0.22;0.2499898383622315
0.34;0.32686631024754015;0.14;0.17296646237967045;0.46;0.2607778689749756
0.52;0.2779433352702189;0.2;0.47700971926092633;0.48;0.4511069039205245
0.42;0.4287791142661647;0.28;0.3775900565635208;0.14;0.1873274415854445
0.3;0.33698473349058994;0.52;0.45669315037277264;0.32;0.31745202573291126
0.74;0.8493070058541308;0.12;0.15671497966646192;0.5;0.44452026394322447
0.18;0.3065106876067902;0.48;0.47231123467821695;0.18;0.2526229145848112
0.16;0.20577747920845163;0.46;0.5601070276892355;0.28;0.3209260691537628
0.66;0.5481791768072968;0.18;0.2943453716059647;0.46;0.24878587308305727
0.24;0.3183671027709935;0.24;0.19544121702207312;0.2;0.2763126854031049
0.58;0.47224556697031667;0.24;0.3269051825316975;0.38;0.23657891821586136
0.1;0.06273453580465266;0.12;0.09029181811352877;0.32;0.4279168913935854
0.34;0.33910129034830455;0.12;0.1708376060567655;0.32;0.26718639124275173
0.48;0.46463722132394175;0.46;0.4277859544102622;0.4;0.389147378651507
0.1;0.1708808186365986;0.2;0.17305067991618123;0.28;0.3188057040541344
0.36;0.37896692697667483;0.52;0.4551719420417026;0.34;0.34925551045376496
0.34;0.3365156982427579;0.46;0.44501266728382766;0.32;0.2946050968997787
0.28;0.4468566549867902;0.66;0.39563171104747247;0.12;0.24891551700554887
0.26;0.2778818703528089;0.2;0.2052502400881277;0.4;0.31390421870003765
0.56;0.5634379427083631;0.16;0.10522510115011946;0.34;0.25717725048315915
0.56;0.34554654641706833;0.18;0.4142622541312388;0.44;0.4474286928360494
0.4;0.3704678441821316;0.14;0.1756978363305503;0.36;0.25925942375349736
0.46;0.49430038744326205;0.5;0.4061906240029824;0.22;0.32260284132349343
0.56;0.5075715647207646;0.32;0.32750411256078243;0.14;0.1773669089736592
0.42;0.3439843668515025;0.34;0.43806390313753346;0.28;0.26898114320267213
0.7;0.6463126701755912;0.14;0.2127002699215989;0.5;0.39064676166754625
0.28;0.27664804143355476;0.36;0.5150576460084377;0.36;0.3271865428318455
0.2;0.2752415744415104;0.46;0.49806789186270456;0.24;0.28961580084587185
0.12;0.28094113013450234;0.26;0.17077020076063681;0.1;0.28215895278616815
0.34;0.3649807977026726;0.32;0.43339273408450757;0.22;0.2380831294670776
0.16;0.05228167188416116;0.36;0.41639045898481547;0.36;0.3925559321452346
0.46;0.5254748870226693;0.22;0.0924415972332408;0.36;0.3097812663637632
0.52;0.4938804105211873;0.38;0.3701895355225641;0.24;0.2876787512997004
0.16;0.3797496822914767;0.7;0.42652623775728776;0.12;0.24619007178652114
0.2;0.32086199901555695;0.46;0.4609760727060969;0.18;0.24906234169302538
0.62;0.6166166243714188;0.32;0.3549194031662008;0.46;0.4010494997896848
0.14;0.24555682085277802;0.7;0.5008440051899339;0.24;0.2909312702449603
0.26;0.23942923907591201;0.5;0.5255946473627386;0.36;0.3365165376118347
0.4;0.37998069983619737;0.18;0.18848622772976958;0.16;0.23942926252272573
0.4;0.39313882133197503;0.2;0.17929870508691542;0.28;0.2576119014815453
0.72;0.7551605333633675;0.22;0.2702147791283604;0.4;0.3327622186972468
0.48;0.39047815146681025;0.38;0.4301742303122193;0.48;0.35082627851153975
0.48;0.4849748587971178;0.2;0.124375338616667;0.32;0.2560579673638364
0.6;0.510973446597278;0.26;0.3368160580957433;0.34;0.26357467856491384
0.22;0.396724440974397;0.74;0.45988311123347464;0.18;0.31909429651745486
0.24;0.25877527908358794;0.14;0.17664617873703853;0.44;0.32771529360476054
0.52;0.42455699472199776;0.14;0.17082485580748957;0.36;0.2352393163435585
0.7;0.6614633320134418;0.12;0.1481126367720062;0.46;0.3132369178430486
0.1;-0.022273081087112623;0.1;0.07607822202015874;0.4;0.45156775884159744
0.3;0.41396060531235584;0.62;0.4371819539922523;0.22;0.33876252920453626
0.2;0.2002725714401536;0.38;0.5561355193752118;0.36;0.3249323945649741
0.42;0.37021695827010753;0.12;0.17352331564289009;0.4;0.2540662319029599
0.34;0.32713944583027094;0.16;0.17611854384767972;0.5;0.28714274200058926
0.16;0.15172876595324575;0.62;0.5904537463078878;0.38;0.39252024759475207
0.44;0.3726361011398624;0.42;0.4457670036225007;0.46;0.3558516775058314
0.28;0.2531513618027092;0.26;0.2511105454110318;0.42;0.34925512512709306
0.32;0.2182668237133087;0.26;0.3427893318170671;0.48;0.4589135019148563
0.44;0.39171185734424946;0.28;0.40433207074104976;0.2;0.21339830453269487
0.66;0.5331519097557604;0.2;0.29990352142403615;0.12;0.1361513731194242
0.36;0.36043607346501155;0.16;0.1823316893483959;0.24;0.2570131906808291
0.22;0.28811414528723284;0.56;0.4805972592977465;0.24;0.29422850135347917
0.44;0.39907543198944645;0.44;0.44996198355347267;0.46;0.3982319782350379
0.56;0.5147079048909846;0.42;0.33366282906282513;0.2;0.1972246344186948
0.16;0.12019888457281674;0.48;0.6260191645542303;0.4;0.38025036688470154
0.6;0.507374689754984;0.26;0.33326955517662177;0.32;0.24237376966397678
0.34;0.363095146350959;0.54;0.46705893072262333;0.36;0.3546266581091749
0.18;0.3509734581116974;0.44;0.43903652478688676;0.14;0.22290857406083037
0.48;0.4412308334777621;0.44;0.4309205015899035;0.46;0.3961499958214523
0.58;0.5307542786249415;0.32;0.3185450412408894;0.1;0.17983248429107507
0.52;0.5182860111950747;0.44;0.4596311140170794;0.48;0.47007416293886367
0.22;0.33580494408629996;0.32;0.20676883072466373;0.12;0.25718685763747035
0.26;0.3204857227281452;0.66;0.5159820701177236;0.42;0.41391595001483156
0.18;0.15035653441626246;0.34;0.32226708791015674;0.32;0.3390454917973847
0.2;0.28698963094126534;0.16;0.14887906407050017;0.16;0.30057172695193574
0.38;0.3882733013571184;0.24;0.18195997391708224;0.4;0.3479865597694874
0.54;0.46411819907582846;0.22;0.34115367576041783;0.12;0.1542037573655995
0.56;0.5056044909763686;0.32;0.3389189304043125;0.2;0.2214898123110976
0.18;0.15302982839908602;0.6;0.5794282764638166;0.42;0.38302268373329357
0.12;0.15305218335221732;0.62;0.5876704212979302;0.28;0.3536787042146506
0.44;0.4074202220253242;0.4;0.39527257108720554;0.26;0.24972586595169505
0.66;0.5909718665273844;0.26;0.3072458628220229;0.24;0.24946715560100247
0.66;0.5483073454859537;0.2;0.3019436184318575;0.24;0.1915934268291784
0.54;0.4640691918281889;0.34;0.3950127659366071;0.44;0.3464622940453586
0.26;0.3134774885177493;0.14;0.15791673865452188;0.18;0.27812461833608554
0.3;0.38212936725398244;0.68;0.4448255732824446;0.26;0.2922114507141265
0.54;0.47705845065274993;0.14;0.1267214365383122;0.44;0.24641696965014775
0.54;0.5188227879363312;0.4;0.3447588346001648;0.16;0.22355456890762243
0.38;0.42470095413713843;0.4;0.37156618002200864;0.12;0.18267988964263454
0.22;0.2729891739780485;0.3;0.23585251533159485;0.26;0.2925488425206942
0.28;0.3322877151249359;0.26;0.20238039928100554;0.26;0.2712878438268325
0.24;0.402980353592669;0.66;0.42903817877881884;0.16;0.2897548787714817
0.1;0.018869528427218618;0.7;0.6500056186397682;0.5;0.420616055506776
0.86;0.6766647413296043;0.1;0.3748940082260159;0.34;0.3170544946330614
0.82;0.5776942442685156;0.14;0.3364352087955435;0.14;0.18586699576858395
0.48;0.47273237688276176;0.4;0.3706853961689173;0.2;0.2632445169685758
0.14;0.1319069079246959;0.38;0.5714729465699133;0.32;0.277685078683553
0.3;0.3453266437141395;0.52;0.4508846485453912;0.3;0.31320223869599945
0.4;0.2690404963760515;0.24;0.4368018629028125;0.5;0.471395815856325
0.24;0.19761472576629452;0.5;0.5660224751341769;0.42;0.3746972588788316
0.32;0.35459055574264803;0.52;0.4524872993083317;0.3;0.31848560552885546
0.52;0.522263955606961;0.44;0.34209503694320026;0.1;0.1959290306763029
0.82;0.6285439771478865;0.14;0.36929118877927997;0.24;0.27274037233576737
0.3;0.4175233076695421;0.36;0.3915134308163683;0.12;0.19734149543169283
0.3;0.3324178463205329;0.58;0.4976005014100277;0.42;0.3933995634383854
0.46;0.38930902264880424;0.34;0.38971785133966924;0.3;0.24625493465362697
0.32;0.38256144897722216;0.64;0.5356590012443772;0.5;0.4947581238397794
0.7;0.7738957248814147;0.26;0.34592951515357945;0.42;0.45554356991548334
0.58;0.5235911646055074;0.4;0.3276187258062972;0.22;0.19272489484368466
0.5;0.26469890973441473;0.22;0.4909968741969994;0.46;0.44674335055241615
0.4;0.4175767739326532;0.26;0.19118178021000992;0.1;0.2304283324848831
0.36;0.39734487567938154;0.44;0.4013365178879777;0.2;0.2515512489901886
0.52;0.42717302494645687;0.14;0.18329932274458932;0.28;0.2530818910089812
0.36;0.43347095320147994;0.48;0.3802385195113242;0.14;0.22050757997528253
0.64;0.5480302248183919;0.34;0.30176292325097015;0.18;0.14327091419858734
0.22;0.3059769909168126;0.18;0.16070907723377664;0.12;0.26477640195506696
0.14;0.19328906846080834;0.6;0.5356259213620416;0.24;0.28553949793289407
0.16;0.13665864163961466;0.2;0.2644763908905727;0.44;0.35004049374396745
0.2;-0.07712939668546276;0.3;0.4611689699333265;0.5;0.427339456901712
0.34;0.3751508860478496;0.24;0.18932728451908182;0.2;0.2525943620580114
0.2;0.26904233339073763;0.58;0.4876332393381812;0.24;0.2880395365772364
0.12;0.3022265440210263;0.82;0.5180735095428812;0.22;0.36385387448471024
0.36;0.42694086081925925;0.6;0.4740771499558047;0.32;0.39716335000429753
0.2;0.16349477776616234;0.22;0.25265428800636264;0.44;0.3205774147211065
0.1;0.10944571083789051;0.54;0.5986775315057724;0.3;0.3147691809632028
0.24;0.39782252365425713;0.56;0.3953452305086042;0.12;0.20759295747652745
0.14;0.31939646307287867;0.8;0.4861966622070721;0.2;0.3217306292159839
0.42;0.40167268415811613;0.18;0.14293704915289956;0.46;0.2911495905455644
0.12;0.18796478675295142;0.14;0.09647353790534757;0.14;0.37556823697145264
0.54;0.4122896357978491;0.1;0.1760394126039923;0.5;0.2575252670863
0.62;0.5358898128131118;0.26;0.3122489864096362;0.16;0.18128107998615578
0.2;0.27633981234627364;0.32;0.23613002951989265;0.22;0.29093932332651834
0.14;0.04900463106215519;0.58;0.6440672983591338;0.44;0.3796572213388663
0.44;0.3767137331383183;0.12;0.184503838019695;0.26;0.2484169281393412
0.28;0.2079535123111726;0.44;0.5671973045364649;0.5;0.3835343152566458
0.14;0.21300295195671176;0.68;0.5129215716067972;0.28;0.2960019952912836
0.26;0.35965993480977126;0.72;0.4599803939904074;0.26;0.29900096114412295
0.2;0.2126520435230092;0.66;0.5688670354144645;0.5;0.4323379020583565
0.32;0.3564491284116131;0.54;0.4614119632403952;0.32;0.3383986456750057
0.46;0.46545452622405187;0.46;0.3895693753236113;0.24;0.29647594231824487
0.3;0.3573741995352024;0.24;0.19105413991518921;0.18;0.2585403210624469
0.72;0.6842393192628167;0.14;0.22425855652992616;0.48;0.22616135233392415
0.34;0.39313996192221773;0.28;0.1955280972181594;0.14;0.24907910947002337
0.44;0.5572948631214858;0.26;0.13749933722204694;0.28;0.3341094813722015
0.5;0.41592440672506975;0.16;0.19376141493865723;0.12;0.23157449608959896
0.68;0.8438336303542273;0.12;0.08954439773070638;0.1;0.26384069000849936
0.12;0.08221687115735826;0.1;0.06930058067267558;0.24;0.446396880566204
0.36;0.3503004713709232;0.14;0.17909595793521155;0.22;0.24392376110495834
0.26;0.38323054121031114;0.68;0.4623267511633468;0.24;0.339332569057155
0.32;0.25211556348106406;0.36;0.5335035119206293;0.48;0.35656379269335675
0.38;0.3472148339497793;0.1;0.17366873907424568;0.34;0.25665171524304414
0.44;0.392095166963118;0.16;0.18314635659971507;0.28;0.24929392976597514
0.14;0.23684671135952734;0.82;0.5886311625008471;0.36;0.436824666967147
0.52;0.5089513054041406;0.42;0.33804304966296533;0.12;0.18829937972112193
0.44;0.43647399829325345;0.5;0.4354189294797319;0.36;0.3545137748315091
0.1;0.09226695835611459;0.62;0.6182342253090962;0.32;0.3580566426737795
0.28;0.31262245640811565;0.1;0.14645695305209577;0.14;0.27736846016183053
0.46;0.3842576393136327;0.4;0.43262403916185227;0.44;0.33530028410357376
0.22;0.29744519534156816;0.18;0.17154289030921283;0.22;0.2996403270581914
0.16;0.19184410485136433;0.46;0.5730772934305872;0.3;0.3381930871429751
0.2;0.32682132840214856;0.28;0.19143841975825032;0.1;0.26342344031647885
0.1;0.16480109793043746;0.2;0.1798923112073691;0.3;0.32688176446514833
0.3;0.34618478424718696;0.28;0.20738949565152004;0.28;0.2868834903153817
0.5;0.5210485386518273;0.46;0.3462308330829355;0.1;0.21152237895754583
0.56;0.4549044590624491;0.14;0.186994038101383;0.12;0.22917347250288517
0.2;0.19908912406475004;0.42;0.5598364320343603;0.36;0.33948861837361394
0.24;0.26406106293569714;0.54;0.5055393204741574;0.32;0.34071509477374834
0.4;0.40521692795606307;0.22;0.15160265691894742;0.42;0.3174348594998611
0.42;0.38070731868722313;0.16;0.19212634987623395;0.1;0.23850349904385043
0.56;0.4245483392726627;0.1;0.17783066195888003;0.4;0.23607866119605264
0.1;0.040789191972437855;0.38;0.3772038058317488;0.36;0.3155479564347053
0.2;0.16473221080187422;0.34;0.3089809754840342;0.32;0.33424842787193315
0.34;0.37304554269150153;0.56;0.4862480997430236;0.42;0.4258933257164364
0.48;0.38822779682270586;0.12;0.1876238983614808;0.26;0.24083511539723818
0.4;0.34162932111264305;0.28;0.4530025982090972;0.32;0.2759295084654588
0.3;0.23157491167650485;0.46;0.5313166684985202;0.44;0.34289555351700246
0.14;0.34623458150189074;0.82;0.4849544960034546;0.18;0.3271118803288067
0.24;0.2787852513853594;0.2;0.1987101963543491;0.34;0.3029698462827986
0.38;0.3620355585506602;0.18;0.16785212394700116;0.44;0.2679332924882721
0.44;0.39576046365363177;0.54;0.4458485426086877;0.5;0.34204685938724483
0.52;0.5051267381914657;0.4;0.3525028541445689;0.18;0.24771336513854353
0.12;0.3694243328592976;0.52;0.4192709866718413;0.1;0.1916906695653387
0.54;0.4905088836698341;0.44;0.36020706904914696;0.3;0.23898121509805664
0.26;0.3609691324874135;0.56;0.4288396997803698;0.2;0.25469764732449734
0.12;0.06422520614622734;0.62;0.6497777628718577;0.38;0.3898261709157174
0.38;0.3586490418151926;0.14;0.17511297498599382;0.4;0.2645773584247371
0.26;0.2919069012432744;0.12;0.1534853919582641;0.3;0.2792415819687966
0.68;0.8303621954353291;0.12;0.09348631165394145;0.14;0.2878440286240141
0.14;0.04541697096366598;0.5;0.6425268568527482;0.44;0.3595153919943846
0.4;0.3551530492400247;0.1;0.1759116584004456;0.34;0.2515035089741167
0.18;0.2907647942940074;0.22;0.17313567362128274;0.14;0.27648967475889835
0.18;0.31090182442091824;0.3;0.20234336516593138;0.12;0.2661743179987531
0.26;0.2346766772306041;0.36;0.546029277275758;0.42;0.348521694923881
0.14;0.24292081240025148;0.54;0.4969151147290429;0.2;0.23978965039899608
0.12;0.18297571423936326;0.16;0.13840464237082378;0.24;0.347066347152512
0.66;0.578652103829542;0.1;0.14825104218047008;0.28;0.23850883422114239
0.26;0.3611896127867042;0.62;0.45781624655399006;0.24;0.3133930163664394
0.22;0.25489410629497805;0.46;0.5218553680289457;0.3;0.32063171568530097
0.34;0.3215709368691379;0.28;0.259557602573744;0.38;0.37096142516427394
0.26;0.26380489584463057;0.14;0.17724797005989607;0.46;0.2950709337847917
0.1;0.2895110568150742;0.64;0.4673233721934988;0.14;0.22434131263799545
0.36;0.3602249573105227;0.14;0.1812856919490226;0.12;0.2620622037990819
0.38;0.4324941063086684;0.48;0.3854204389421067;0.16;0.23052228618104836
0.46;0.3828296839625282;0.38;0.41960189880688253;0.4;0.310712119817743
0.38;0.26354265432864005;0.36;0.5148699476926393;0.44;0.34514319769272733
0.5;0.4064389603833704;0.14;0.19742006768515913;0.1;0.24357429398921854
0.22;0.3252141808873163;0.26;0.1934924458864497;0.14;0.27317536041039775
0.16;0.2979076912705964;0.74;0.5254445993194434;0.26;0.3930185031769105
0.78;0.6247579107380703;0.16;0.30521782494509714;0.2;0.18848851793115445
0.22;0.2941470774771788;0.18;0.16813413037347508;0.2;0.27814627888569193
0.28;0.44793727451208704;0.6;0.3806952397726004;0.1;0.22177861601964027
0.34;0.4007368525774823;0.6;0.4622875344009227;0.32;0.3684098379518224
0.48;0.38152194967239134;0.1;0.18651889842841846;0.3;0.2434811721948114
0.54;0.43814532921932575;0.32;0.39099892683521736;0.44;0.3106313396446359
0.22;0.15175028223006998;0.52;0.6029383045946244;0.5;0.4135430678156871
0.12;0.04745753135986924;0.62;0.6600385530992068;0.4;0.3919906014098223
0.34;0.3199355877553686;0.32;0.47462894161679364;0.32;0.2900015576719915
0.6;0.4749837377822545;0.12;0.18945037161102468;0.1;0.22891640738601554
0.16;0.10687087043853588;0.6;0.6251558527022791;0.42;0.3991414437782402
0.14;0.26150638807009735;0.26;0.18719130949877288;0.16;0.27070101629096316
0.8;0.6247074008718572;0.16;0.3508725433446866;0.2;0.24733799681923246
0.56;0.5137649873917682;0.14;0.11767488365121287;0.4;0.24436217413251088
0.38;0.3786618802054506;0.2;0.19006689925147063;0.14;0.23938041418708794
0.28;0.3268499920744234;0.62;0.5241690395537415;0.48;0.45499541273210925
0.2;0.40325284674695333;0.78;0.4068247171471679;0.12;0.2204589885729496
0.4;0.3635149195080644;0.46;0.455498131192763;0.42;0.3532368770956174
0.22;0.4295214446945878;0.68;0.39349191007907186;0.1;0.2255035269952606
0.38;0.4087269637269359;0.26;0.19434215340397393;0.12;0.24903888693874082
0.52;0.43759099465609247;0.16;0.18450340142768445;0.18;0.2315460045887568
0.28;0.15018883225491358;0.28;0.3573992012953024;0.46;0.4234082154037884
0.34;0.3750054352207017;0.28;0.20351118784071182;0.32;0.32058887907053363
0.7;0.7428094941365957;0.26;0.3405934906833263;0.38;0.40679334471446454
0.38;0.3629339536111275;0.14;0.18213856237611842;0.22;0.25507032434251814
0.26;0.3200357865678229;0.38;0.47106116060144493;0.24;0.2719451314858708
0.16;0.2357794213169499;0.48;0.5313080099765994;0.24;0.2927345721289561
0.22;0.04565241663695624;0.34;0.430904550932291;0.4;0.45658272593019605
0.56;0.48208138016936325;0.28;0.3358360661612149;0.22;0.20338420955966457
0.22;0.28016420344699505;0.5;0.4994658593124736;0.24;0.3015398123126323
0.26;0.37543904666806477;0.6;0.439350344168653;0.2;0.2928734387165895
0.24;0.31640768779652867;0.16;0.16020339433050984;0.14;0.2872877828456018
0.58;0.5327022120614531;0.34;0.3169344307288721;0.1;0.17830540869613914
0.28;0.289759326916547;0.4;0.5003773062839454;0.32;0.3131575795901887
0.38;0.3768378107869396;0.3;0.4226826046000067;0.22;0.2330793509754932
0.3;0.45341571285571697;0.66;0.41214071849302164;0.14;0.2821563121517903
0.48;0.45826262905714693;0.18;0.10703320996224724;0.42;0.26114831778696784
0.38;0.37655388418356645;0.2;0.1916295719095455;0.1;0.23132378315481278
0.72;0.6068637467491997;0.24;0.3055366521308624;0.14;0.19386409315777714
0.1;0.07494907272937618;0.16;0.19506713990058805;0.46;0.35280458038545875
0.54;0.448207550868817;0.14;0.16151364267656126;0.34;0.22552335228042525
0.52;0.4238137633722531;0.32;0.3870905670739628;0.38;0.2874308913311899
0.46;0.4290910667303806;0.18;0.1341776444866351;0.42;0.2702388602691946
0.16;0.41630553548691446;0.78;0.4133473828380982;0.1;0.2446289720528006
0.2;0.23745186934222468;0.3;0.24778085614158946;0.28;0.2935296639399843
0.14;0.11008649320966563;0.24;0.2589216812425203;0.4;0.2891876513408596
0.1;-0.073157968656757;0.36;0.4479289055759789;0.46;0.3424431784804432
0.16;0.2851837861903747;0.2;0.1532655421374695;0.1;0.29215069590907833
0.78;0.7066952241932414;0.2;0.274374070665851;0.38;0.15287877005110945
0.46;0.4200264232092949;0.28;0.3726174221499516;0.14;0.16216601165832062
0.1;0.1078437104476479;0.62;0.603559798311758;0.3;0.33608697531574366
0.4;0.36902841428117633;0.14;0.17697886191756246;0.34;0.2540595756242175
0.34;0.43241018403961257;0.62;0.4504295234049149;0.24;0.3428021903929795
0.14;0.18831536919258135;0.78;0.5885211067008183;0.42;0.4410181137107037
0.88;0.526874051943041;0.1;0.29048777166190937;0.18;0.05027286525464719
0.38;0.3868195627950272;0.22;0.1894126226202541;0.18;0.24456380143605033
0.34;0.37145884741370744;0.52;0.44919662023633683;0.3;0.3259963632928367
0.38;0.4172295159916943;0.58;0.5158422642241558;0.5;0.4952082355888257
0.4;0.35525666115165827;0.46;0.46326720593819565;0.46;0.36748066033334853
0.64;0.5994833991042599;0.34;0.3084742161286808;0.48;0.25550345401172253
0.68;0.596883181319855;0.2;0.29782960069254577;0.34;0.24844117703930296
0.36;0.27357797933486133;0.32;0.512775516744193;0.46;0.3365065656336475
0.32;0.3610807396433288;0.54;0.4551161603377178;0.3;0.32523727238930805
0.14;0.227387636594736;0.24;0.1910727717455824;0.22;0.27048647438747425
0.48;0.4827327492954951;0.44;0.3578642556658533;0.16;0.21985296194305365
0.1;0.04370101468676929;0.36;0.37041790186879203;0.38;0.3249514014407345
0.56;0.5038956839211168;0.16;0.1623559539455865;0.22;0.2396619620040275
0.2;0.2174612818389165;0.54;0.540164758627925;0.3;0.3306852049563594
0.18;0.2641054606662025;0.72;0.558080016289453;0.38;0.45443892095452215
0.16;0.16277241721199837;0.48;0.5956045635934981;0.34;0.36072440743237794
0.26;0.2779055322755057;0.1;0.14776641503895255;0.4;0.29900782749466887
0.18;0.2706308349596271;0.32;0.23521877620758253;0.2;0.284154914608485
0.24;0.36187193974787285;0.68;0.47500859619044994;0.26;0.3642322032643
0.58;0.6115219485001135;0.16;0.10003208761059418;0.3;0.2573339945542506
0.34;0.3364461042117896;0.5;0.4669655080899144;0.38;0.33867021830383864
0.1;0.2425005211196251;0.72;0.4991268058475608;0.22;0.2867226667623362
0.68;0.7626730134431925;0.1;0.060207578548508056;0.16;0.2090003108495529
0.56;0.5197487428055199;0.36;0.3241813073478507;0.12;0.178505058992875
0.52;0.5128118507839632;0.16;0.07434620743550474;0.46;0.2688044419807119
0.44;0.4205542178309842;0.2;0.1633674917143903;0.32;0.25684158488747416
0.44;0.4515237714074389;0.46;0.41270827117394154;0.28;0.3484154381717764
0.52;0.49924877099367543;0.38;0.36522063917734576;0.22;0.2833818580305439
0.66;0.5641607744602497;0.1;0.16676087150281055;0.2;0.23114893580277057
0.62;0.6134379511296133;0.12;0.07283208995078744;0.42;0.2678160552275762
0.54;0.48530870747633664;0.34;0.3693859836750388;0.3;0.29278356219166485
0.26;0.43072477671000947;0.58;0.3813428336281614;0.1;0.20739239711068708
0.12;0.08944406708174463;0.5;0.6417534921928632;0.36;0.38522383884177375
0.44;0.46119706628847873;0.42;0.35234977571097054;0.12;0.17494162714232347
0.32;0.2495871537624496;0.36;0.5388763362100673;0.5;0.3714023704341605
0.2;0.26982740480225836;0.14;0.13843327065239314;0.18;0.2950630544215392
0.12;0.15416662275561216;0.24;0.2607340035887386;0.36;0.34769741294146345
0.84;0.741897200564283;0.1;0.36731252508016005;0.5;0.36061149979256074
0.32;0.30553349996052653;0.48;0.4730942820323218;0.4;0.3352500870972
0.42;0.40342694759806513;0.5;0.46616968176486145;0.5;0.4324538034262622
0.18;0.3224874515037059;0.68;0.4702398274382144;0.2;0.29603450081461974
0.4;0.40664366401063184;0.52;0.4497505233775751;0.38;0.37415605262461954
0.44;0.3003468035183247;0.3;0.47383048556966506;0.38;0.2945306811641109
0.14;0.08437113142816494;0.12;0.14874671593767735;0.48;0.348053266152852
0.48;0.49329393201594635;0.44;0.3515397737319514;0.14;0.22386152369865103
0.48;0.4860190628791245;0.22;0.16185742666675046;0.18;0.25180604932706446
0.62;0.508172065190182;0.12;0.18853638939227685;0.1;0.2411030576752245
0.26;0.34178626458574407;0.46;0.4490035126327793;0.18;0.2482777175651512
0.36;0.41209919117759036;0.62;0.4179532731706967;0.24;0.26947502014602437
0.32;0.3696661949595083;0.58;0.48324086578237163;0.38;0.4078890136059164
0.6;0.6229720683647331;0.14;0.08126858349435756;0.36;0.26969881966704806
0.36;0.37980043643107003;0.24;0.18282237395698892;0.32;0.2742948662300995
0.22;0.29231243543697766;0.24;0.20263645943119818;0.24;0.2855203314486579
0.22;0.28119082089376385;0.16;0.16108495424055141;0.24;0.2839833572016693
0.14;0.07353178734192206;0.58;0.6256563052651256;0.4;0.3645657822738491
0.54;0.48033373425892173;0.16;0.1569216159535582;0.28;0.23300857196765096
0.14;0.1880661015521114;0.74;0.5726845938280942;0.38;0.4063595672720686
0.42;0.48394090559469455;0.52;0.35335046501249073;0.1;0.18936296659828772
0.82;0.8348155293427071;0.14;0.5074538778694884;0.5;0.6198631207770182
0.2;0.1572248316924189;0.56;0.5784497256438013;0.42;0.37065463681088945
0.24;0.3104071746488672;0.38;0.47934571225579353;0.24;0.2759278879049765
0.36;0.4086354162667491;0.42;0.3873026831950039;0.14;0.20422587368097483
0.58;0.4630890076917937;0.1;0.14027280508566625;0.5;0.22494590099416373
0.68;0.6249512603228042;0.24;0.30021278642811317;0.32;0.2797169864586016
0.14;0.19072626315400648;0.22;0.20208546475448336;0.3;0.2962781623040121
0.12;0.08360711622374745;0.48;0.6422259707135975;0.36;0.3719493766286411
0.16;0.10251969003647482;0.4;0.6428267589337733;0.42;0.38284832506760497
0.1;0.13705430209699337;0.56;0.5822153946926403;0.28;0.31525554271332284
0.46;0.4385780713508766;0.22;0.1838832906158469;0.12;0.23057774537904324
0.18;0.15326329455715787;0.14;0.19394659543810028;0.48;0.3298323646207058
0.54;0.48681239617146027;0.3;0.32989024476565837;0.14;0.16808239935861652
0.46;0.4812765268326033;0.5;0.45106346142029813;0.36;0.42076959792286234
0.12;0.40296204986549505;0.8;0.41569036438634405;0.1;0.24613650326697384
0.54;0.5105994244436418;0.36;0.33672788310226415;0.14;0.20554299831653738
0.1;0.1264472577682924;0.82;0.6425287201482146;0.46;0.4918088133153225
0.32;0.4547243067357429;0.58;0.3851553782431491;0.12;0.24830537484238052
0.3;0.3219924452039124;0.46;0.46206678509513316;0.24;0.27965367413612
0.52;0.42674226176720403;0.3;0.363791467511356;0.34;0.2396826328834783
0.74;0.6429558579132661;0.12;0.3155038566068253;0.12;0.4158633522837994
0.5;0.3449408792634345;0.28;0.4135080683053058;0.38;0.2571549041554198
0.78;0.6407549781854145;0.16;0.3067528465944999;0.22;0.2090094626657964
0.34;0.2821833572656602;0.4;0.49560952475397463;0.34;0.30267549305549496
0.14;0.04067400006766925;0.62;0.6386695271774212;0.46;0.3806461855791872
0.14;0.19966163056346325;0.8;0.5949647366946504;0.42;0.45348463157205915
0.28;0.40963370330780585;0.66;0.4384625986965897;0.2;0.30879382439687847
0.4;0.39551448042024767;0.58;0.440168358504523;0.38;0.314900999545535
0.14;0.31622497760527474;0.74;0.468100115668798;0.18;0.2872159727230104
0.54;0.3727841954505366;0.24;0.39423342978764103;0.38;0.2551416911594578
0.2;0.1794360687729168;0.16;0.20599008952835013;0.48;0.33082666400738164
0.32;0.40655817866360316;0.66;0.42388628485375895;0.22;0.2749054237242268
0.14;0.23736051103112182;0.44;0.5071595313377213;0.22;0.25706082215044207
0.14;0.2498803252766721;0.2;0.15249259307059865;0.16;0.29840192369405033
0.14;0.3809370404722345;0.82;0.45446459276040335;0.14;0.298487673688789
0.28;0.3334383251228787;0.54;0.4589515676636761;0.3;0.3134298701326435
0.48;0.5023212712484069;0.48;0.3834031208675352;0.18;0.2724259401208036
0.16;0.07186300038275001;0.48;0.6724266216690407;0.5;0.43838679668336683
0.76;0.5864403012418664;0.18;0.29259181217697366;0.12;0.14353027161462878
0.52;0.49449158382627595;0.36;0.3402296118571339;0.14;0.19612458688951678
0.3;0.341636229718327;0.48;0.44068350325270805;0.22;0.2603487254511441
0.74;0.6400681439887863;0.18;0.2706042414962521;0.22;0.19460680064751218
0.16;0.21166216442101565;0.4;0.5557259467099709;0.28;0.3084508923759364
0.24;0.31900301410531434;0.62;0.4890069115942605;0.3;0.3523262197653941
0.62;0.5395231452448017;0.3;0.30884265604616096;0.12;0.1621969573663256
0.12;0.07794881098906509;0.46;0.6432023255989148;0.36;0.3592142516368631
0.1;0.14614175514822997;0.34;0.2943351076711959;0.3;0.30141007798722
0.22;0.2954984101914648;0.46;0.49200275329704474;0.24;0.3019664278190027
0.2;0.23713422584021665;0.68;0.5665252381178842;0.48;0.4522968516260511
0.7;0.7317251940986027;0.2;0.28439379465069087;0.48;0.4248209355402884
0.62;0.5415261151958803;0.26;0.3175433430993248;0.22;0.2161590264919147
0.52;0.4361657024372804;0.3;0.35761786937256906;0.3;0.2255052138030243
0.1;0.11100447431825139;0.84;0.6653805686144889;0.5;0.5005654317176385
0.34;0.2664659248073861;0.44;0.5008111919674445;0.46;0.3507488021801129
0.34;0.3892367302639472;0.6;0.4793679644927959;0.38;0.3979855904561936
0.22;0.3525105870356257;0.7;0.474550493046949;0.24;0.342615901796882
0.62;0.8606062298589181;0.16;0.01968601624157279;0.16;0.24007592396174632
0.32;0.3627539254813656;0.22;0.18806458616069327;0.18;0.25724967354552236
0.12;0.0708697245533984;0.64;0.637265791610987;0.38;0.3856311689388639
0.46;0.38052530878734964;0.12;0.191332246023536;0.1;0.23931803386626088
0.46;0.38199809278384017;0.12;0.19066825126982784;0.16;0.24286049633562984
0.64;0.7077264140984185;0.14;0.11494960622175049;0.32;0.35525836255704407
0.1;0.14234314141891397;0.14;0.0768210453105464;0.14;0.389599590028289
0.52;0.3946230027055024;0.1;0.19363544680783312;0.26;0.2396773315304364
0.18;0.41133557399209203;0.78;0.4303480652188096;0.12;0.2654788963024322
0.54;0.4953963406090495;0.28;0.3203281685355048;0.12;0.16030797475415343
0.5;0.4827675503807158;0.44;0.415640512023921;0.38;0.3798805360158389
0.48;0.39759686826786983;0.14;0.19072245707914098;0.2;0.24377767122056243
0.24;0.2940859844685961;0.44;0.49251657467708404;0.26;0.3003924753270218
0.28;0.40108306835725366;0.44;0.40563491788798806;0.12;0.21370936354956088
0.12;0.12218302435404532;0.46;0.6146741532904383;0.32;0.35073297300899414
0.22;0.33662466769529126;0.64;0.47336188328174095;0.24;0.3370052375265465
0.6;0.6199076565486139;0.18;0.21632227396322284;0.24;0.3455208274163289
0.78;0.8298933456127899;0.14;0.2961397724692542;0.48;0.39557088068182283
0.1;0.08799145114062562;0.88;0.6480749802366159;0.5;0.4253588448625925
0.46;0.37921610946036005;0.34;0.39870882940654545;0.34;0.2682144948464958
0.18;0.30011220776150943;0.22;0.17092719924018346;0.12;0.284066016120014
0.42;0.4075556551136274;0.46;0.4311686255802211;0.34;0.3390546328264526
0.52;0.40376807437583445;0.12;0.1910415428652083;0.26;0.23637236063749528
0.3;0.3600784548113453;0.64;0.504481029932202;0.42;0.4195232804770291
0.26;0.2753222018494001;0.54;0.5014446103947858;0.4;0.3656847561343915
0.44;0.4819336013407011;0.52;0.412452152611473;0.22;0.3192355252609281
0.26;0.4356563701990425;0.62;0.3831853715155599;0.1;0.2083343011533208
0.12;0.2598912640002042;0.7;0.5010338330920103;0.22;0.30643600249448527
0.56;0.48803761899429937;0.32;0.37723526053968576;0.42;0.3358596375791541
0.44;0.3674519969321481;0.1;0.1869072874130719;0.12;0.23930879630473273
0.1;0.12235677763806913;0.8;0.6461024695505639;0.46;0.5009431557021236
0.14;0.134964393860814;0.66;0.5628400113818597;0.38;0.33814851535408424
0.36;0.3898746502422214;0.26;0.18670368834407575;0.32;0.2970812678486317
0.4;0.4595634310462359;0.56;0.44768178012443477;0.28;0.38250242215367
0.52;0.4872226399105714;0.32;0.33145791979749467;0.12;0.1693316934745957
0.36;0.4605673995294965;0.6;0.408677999809478;0.16;0.2774946117639621
0.74;0.5683755412725746;0.14;0.28330961350767686;0.12;0.12488840859618394
0.52;0.47681553926358483;0.4;0.4170665095202761;0.48;0.414484786615879
0.7;0.6904385401109623;0.28;0.2491782524437493;0.48;0.19596375057938703
0.22;0.19862168843251887;0.36;0.5696525669113026;0.42;0.35554095123138213
0.3;0.32986204848023143;0.68;0.502672831466705;0.48;0.3792905883577254
0.58;0.5385539411875031;0.32;0.3774433078252823;0.46;0.40748308138160555
0.24;0.2983505704378275;0.5;0.48090486308659414;0.22;0.2785634028929627
0.56;0.5201052811842162;0.34;0.3788831526696523;0.38;0.37225557857281105
0.48;0.45249248134115455;0.26;0.34897047212391746;0.1;0.14321218315104206
0.64;0.5259759882408177;0.18;0.282723750276298;0.34;0.18452220959930005
0.14;-0.013106099155001438;0.38;0.6756168114038854;0.48;0.3628056369324986
0.36;0.35881525804009734;0.16;0.17807341106251434;0.36;0.273493791988023
0.26;0.3538879902031781;0.26;0.19193666424506367;0.1;0.26225320191074447
0.1;0.2413226870189235;0.74;0.5061986353607619;0.22;0.29066518974438
0.28;0.3193605646795718;0.22;0.1975888236105316;0.32;0.28653777416139464
0.64;0.5193462757537206;0.18;0.29146827808504233;0.14;0.11679353496095418
0.44;0.37512739620094643;0.1;0.18822697466758703;0.1;0.2597108491447165
0.44;0.38708329717290163;0.14;0.18285868760281082;0.3;0.2582512009072451
0.16;0.2622199878263218;0.3;0.23337818697657403;0.2;0.2955900590755283
0.3;0.24398913449977194;0.48;0.5220548853078608;0.48;0.3685752847810369
0.48;0.3797610410050766;0.1;0.17865394254246886;0.42;0.24180330221373142
0.46;0.4228488621879351;0.32;0.3661580234592147;0.16;0.18352066772849357
0.12;0.04412754594381746;0.66;0.6533889669019015;0.46;0.4244161881379603
0.26;0.271908938919674;0.1;0.1511938789292852;0.46;0.31299477848221274
0.28;0.2371141505294731;0.36;0.5476231904167872;0.46;0.3596018656717837
0.38;0.35382749538766384;0.12;0.17999720422468463;0.14;0.2434935694144605
0.18;0.25469358888391874;0.14;0.13264834664016795;0.18;0.3165856499821081
0.48;0.40588066417423513;0.16;0.1942566524890676;0.12;0.23998282280087496
0.58;0.45268364949287027;0.12;0.1851987596067996;0.16;0.2207017763398716
0.56;0.45850206372402774;0.24;0.33020820180052474;0.24;0.17914684606387882
0.18;0.207938644424219;0.12;0.1351185886819561;0.32;0.32369225548314434
0.4;0.3424310834759738;0.3;0.4523615030638492;0.3;0.27518179228716294
0.54;0.39974387794527083;0.1;0.19815791150473777;0.1;0.22649690441443854
0.6;0.5201819124727523;0.28;0.3127894032200171;0.12;0.14872003618081125
0.76;0.6724018500454905;0.14;0.27815939568798703;0.26;0.24690401758346697
0.2;0.31204003441767164;0.28;0.20381323648591482;0.16;0.28696865351003625
0.3;0.329886181801841;0.2;0.18806573581906;0.32;0.2693746391858332
0.4;0.4280530275641056;0.26;0.18278934277366793;0.16;0.24696394431666763
0.82;0.7260504834620478;0.12;0.41001232821428707;0.48;0.4149134332438456
0.46;0.4391213608277568;0.52;0.40118795122314416;0.32;0.28021169245645355
0.56;0.5167473989562994;0.34;0.3884035356944306;0.44;0.4017082323534629
0.1;0.24702521686362083;0.82;0.5376991855384159;0.26;0.36864609954486754
0.32;0.35182532784061643;0.22;0.18784412959137703;0.3;0.2715437717622314
0.68;0.5503257997899611;0.18;0.2945749407374418;0.2;0.16262605861866236
0.34;0.3817818330307163;0.46;0.4146171793587509;0.22;0.2659320244609154
0.12;0.1819544237545771;0.86;0.5933924408238138;0.38;0.3960874770826371
0.68;0.5954321105539877;0.3;0.2861070989645437;0.3;0.16367312518352778
0.12;0.142259192411126;0.32;0.3088373396856962;0.32;0.32236579773635926
0.16;0.2531510444219777;0.14;0.11521179855058356;0.1;0.33858636582343765
0.5;0.5836803409455926;0.2;0.06560666836859602;0.36;0.3132090689368346
0.58;0.5637807125039218;0.18;0.2485896893377923;0.32;0.3964903015408146
0.44;0.38647471034113473;0.14;0.17080650070502762;0.42;0.2606014878338732
0.48;0.3810166984567844;0.1;0.18185106137146895;0.38;0.24382395172262422
0.66;0.6304026412957755;0.3;0.34422612763391064;0.26;0.30814512038654757
0.42;0.3885041064803702;0.16;0.1447879853624638;0.5;0.2838699369477303
0.44;0.452910326381813;0.28;0.3567682796876152;0.1;0.16546480462353147
0.38;0.3532742523297771;0.12;0.1739059881438802;0.42;0.2681003701328342
0.1;0.21637456822029727;0.3;0.2263933967454445;0.22;0.2868228336583121
0.1;0.2261688775638661;0.7;0.5021073256186537;0.22;0.27447071782399407
0.58;0.47251062949479355;0.22;0.3204974436670593;0.24;0.17675302744979776
0.52;0.48470117054547907;0.38;0.3936713773189037;0.34;0.3525710075809974
0.38;0.34086980384959426;0.46;0.46490503457737836;0.44;0.35812877657256253
0.28;0.32100192410855904;0.3;0.22390361949489906;0.28;0.2915153209498618
0.1;0.3524624594439431;0.8;0.45063263737726195;0.14;0.27919579974341163
0.14;0.2184680141932433;0.72;0.5359885184523645;0.3;0.35079991050122944
0.44;0.39450575304151564;0.16;0.1891669666500288;0.2;0.25647745741958433
0.7;0.6486032862345341;0.22;0.28320068660682657;0.32;0.26456608660996667
0.6;0.5851614039350197;0.34;0.3672188265407296;0.44;0.39128797007302923
0.12;0.2386141465789337;0.76;0.5513033226983037;0.28;0.38947214840272354
0.3;0.33597796791721785;0.6;0.519078692142011;0.5;0.45788812991475597
0.1;0.15623558064498305;0.4;0.5568703212743256;0.26;0.2521016698253851
0.7;0.6394436646682864;0.14;0.2743007839503743;0.14;0.3711426902611015
0.44;0.421414658760854;0.46;0.45509815135677306;0.46;0.43922141673610954
0.6;0.49122047265406515;0.24;0.3269254390098492;0.32;0.21434957135210825
0.56;0.5248688498806489;0.36;0.37999450694805964;0.42;0.3860301978838328
0.14;0.0294263725310146;0.46;0.6573967670212408;0.46;0.37843762928144203
0.66;0.6029653978640839;0.26;0.30973513080753284;0.3;0.2745829969206062
0.82;0.5874746562458755;0.16;0.32540190485328785;0.32;0.1271252283431244
0.36;0.3763580632908103;0.34;0.42544171580495166;0.2;0.23892981282873565
0.24;0.3314501303706138;0.58;0.4534624286582993;0.24;0.2871955355223071
0.54;0.42988788071283474;0.18;0.32467736414874543;0.46;0.4682876553801299
0.3;0.32885902352966107;0.16;0.17574631612519304;0.28;0.26499762054903103
0.22;0.2992741005612644;0.14;0.1414612031805486;0.1;0.29031403374691594
0.14;0.04483218476802059;0.4;0.6384538495696301;0.42;0.3437120242836392
0.4;0.46425991209327017;0.46;0.35433450881200307;0.1;0.17920529292658843
0.12;0.3981381230492233;0.82;0.4169948406607357;0.1;0.22587499137748696
0.44;0.3311689264902797;0.34;0.4292664870546982;0.34;0.25605159836141583
0.1;-0.03259345142130449;0.42;0.6886168030053181;0.4;0.3413582655762815
0.68;0.5566416792957953;0.22;0.3004809924883684;0.12;0.16339789419485046
0.66;0.579273086478908;0.22;0.30803925403699245;0.32;0.25453032350856747
0.24;0.21848783875479832;0.42;0.5567740849840785;0.42;0.3685104755213678
0.18;0.2761569718552452;0.78;0.5852196855460587;0.4;0.46760799819254034
0.24;0.29582975876692935;0.14;0.15627611397233315;0.24;0.2936893616038168
0.66;0.5381437007115879;0.2;0.3005242980332749;0.2;0.15890332149772407
0.18;0.22836336142558772;0.66;0.5424148489926577;0.36;0.377444931286596
0.28;0.3597083062034884;0.48;0.4270025288643719;0.16;0.22436247716289076
0.24;0.22284196745593626;0.52;0.5438289643780518;0.38;0.3694629442611364
0.2;0.3419052648985727;0.42;0.4447173569637794;0.16;0.22802586842767086
0.24;0.30482176362179;0.7;0.5477690183315584;0.48;0.46345926866093295
0.46;0.4598100752810283;0.38;0.35252891673467807;0.14;0.1898756159465967
0.6;0.5011771789841235;0.26;0.3492750705849314;0.46;0.3059572887495739
0.1;-0.01188417960117355;0.62;0.6919992417878842;0.44;0.41221092862121284
0.24;0.20046894968467094;0.42;0.5697529213901558;0.46;0.3746097348392459
0.14;0.1040535634979009;0.48;0.6040886646569927;0.36;0.3360331945263431
0.42;0.38027368537014333;0.38;0.4082303631049566;0.3;0.2795389925993624
0.12;0.23772021990814957;0.2;0.1512149162073239;0.16;0.318740421164967
0.36;0.35857015433089295;0.18;0.178763547584688;0.34;0.2555160917400832
0.26;0.33813026311539723;0.62;0.4878133777731943;0.32;0.3728552119797604
0.44;0.36418276749057704;0.38;0.4195291521474555;0.42;0.29831187462998005
0.44;0.3806314254791247;0.14;0.18983290865375685;0.14;0.2399055658936567
0.2;0.24654848331351936;0.2;0.19628657391384613;0.32;0.304249470433752
0.48;0.45314845718567803;0.28;0.34590959776611746;0.1;0.144017730084193
0.16;0.21133602783266675;0.24;0.23494478681545522;0.3;0.31209765655595506
0.74;0.6344249165082816;0.2;0.2803830998191554;0.2;0.18345342986393748
0.34;0.3722071029639424;0.48;0.42408861948345694;0.26;0.27426655212057144
0.14;0.16447883525307255;0.24;0.2328922650492739;0.34;0.30326921963308623
0.28;0.3442756069564454;0.36;0.45392990264448335;0.22;0.25493813192063103
0.66;0.6103509820955126;0.26;0.31062432468534346;0.32;0.2924343485818844
0.22;0.35410113823019324;0.64;0.45412082585692665;0.2;0.3012610016357434
0.38;0.38997334648658616;0.22;0.18372543202386388;0.26;0.26200040772037086
0.3;0.3254968612298385;0.26;0.20868844010922166;0.34;0.2954647327768845
0.18;0.24516438668292445;0.76;0.5862023558843046;0.46;0.4767806198192153
0.32;0.2667981511774273;0.44;0.5070433819984299;0.38;0.3328382035120177
0.12;0.06213550746343238;0.38;0.39229345993278136;0.34;0.3566187684190601
0.38;0.3636948806754405;0.16;0.17508559476090219;0.38;0.2611437058961377
0.16;0.11993495291851425;0.46;0.629869165870802;0.4;0.3838088028910028
0.2;0.2685357073892278;0.16;0.15789742154072534;0.24;0.30160072790227505
0.2;0.31867299503777397;0.6;0.4529258507453601;0.2;0.2709205038915519
0.42;0.37104592905423467;0.38;0.4131531412907005;0.32;0.2799562314214717
0.26;0.19581519451483737;0.48;0.5666348576005202;0.46;0.3701545288780102
0.18;0.272558070542894;0.48;0.49950231130630945;0.22;0.2811603886733343
0.62;0.6393431399390879;0.12;0.046817258710569465;0.44;0.2827445076691851
0.46;0.3783068705960219;0.36;0.408701075624948;0.42;0.30272139383567437
0.24;0.2099201590478274;0.52;0.5497709851264869;0.4;0.36417427816647946
0.38;0.4440457744307779;0.58;0.4688689522328115;0.32;0.4146398353808883
0.1;0.21494483795367508;0.62;0.5225197485482493;0.2;0.26746526969032575
0.58;0.6457319667946295;0.18;0.17726933114743665;0.3;0.3646598100485852
0.36;0.3799451273917868;0.22;0.19122779417990293;0.12;0.2460133342707485
0.6;0.5546691568958282;0.36;0.33419210714600317;0.14;0.2111299240814964
0.3;0.3657257085028804;0.56;0.4494515043990798;0.26;0.30873262585649913
0.26;0.2157922882717231;0.38;0.5577807643292954;0.46;0.35786351758347396
0.78;0.7938560484461037;0.16;0.3161628488798353;0.42;0.34633651816822125
0.12;0.036250066002638526;0.62;0.6716028337206705;0.42;0.4080241407302401
0.16;0.08367396522565834;0.54;0.6590260003936959;0.48;0.42842863490368815
0.4;0.38489667437554126;0.18;0.17659770698627958;0.32;0.26043227475418634
0.22;0.17432771543342945;0.48;0.5932851304680267;0.48;0.4103183458507465
0.12;0.028904704141227533;0.46;0.6852763607546859;0.42;0.40600852819100114
0.34;0.34471537381394207;0.18;0.17848258256583555;0.42;0.2838672632539448
0.62;0.5549423774896256;0.34;0.3207228239731929;0.1;0.18365008987911496
0.12;0.24630113141064108;0.52;0.5178256968887791;0.2;0.27847209917337695
0.64;0.5821419114116126;0.24;0.32486217171524706;0.46;0.3366632371398515
0.54;0.5078859732294931;0.4;0.41459615377190423;0.48;0.41069871255624607
0.3;0.40827999193602843;0.48;0.3893638784993822;0.12;0.2057981425364011
0.36;0.4232793424249352;0.58;0.43682128275237025;0.26;0.3330214941883361
0.56;0.721971220726404;0.2;0.11643857540855967;0.22;0.31302098431172626
0.76;0.6697361383380966;0.18;0.28520995400551746;0.24;0.2198478321623219
0.28;0.42164200707030525;0.42;0.38681267833120464;0.1;0.19266735248036243
0.28;0.3604669963010296;0.5;0.4284781905586225;0.18;0.2510898117346079
0.38;0.27804799381479633;0.3;0.5107953580998352;0.48;0.3449852763327846
0.44;0.39831128435285884;0.44;0.4457851267271106;0.44;0.37877256967289613
0.3;0.3582815310672502;0.22;0.1865298244086599;0.1;0.25158085622684384
0.18;0.2208031014489948;0.62;0.5302616385059704;0.34;0.35382012826236237
0.34;0.4138907685578503;0.62;0.48719991454581296;0.34;0.4091421746673581
0.44;0.38020493003478756;0.14;0.18523451844083744;0.26;0.23898223610075947
0.2;0.23614146378704398;0.6;0.5133483793469023;0.34;0.3310650261242705
0.2;0.2667576647103915;0.74;0.566508717768188;0.46;0.460236759702986
0.6;0.5430760465480675;0.38;0.34170902825094024;0.5;0.27432528441597187
0.58;0.49274576273687537;0.14;0.17425606841900637;0.2;0.24095085729783877
0.24;0.15249038765036155;0.26;0.3061302545678483;0.46;0.389428695896533
0.6;0.5706101888731483;0.3;0.3621975103009529;0.44;0.4146542723919487
0.24;0.23162106754383566;0.2;0.22194940688008663;0.44;0.3209685161000158
0.18;0.3971031849320796;0.64;0.3947746819294064;0.1;0.19658137717343666
0.26;0.30250168427013485;0.62;0.5156677459800758;0.42;0.3959030942276121
0.12;0.36244116286754186;0.58;0.42358824157685965;0.1;0.19835561996143897
0.16;0.25718951131455164;0.24;0.19884605580073006;0.2;0.2828672192310569
0.12;0.15799627423825918;0.14;0.12949577209018875;0.28;0.3883648622072036
0.3;0.32641975885076996;0.1;0.15365387938042935;0.12;0.2804844579779973
0.54;0.5301218297451713;0.18;0.14215906407731288;0.26;0.24742022938355662
0.56;0.5288453536243638;0.38;0.3583386037946578;0.26;0.27989389126586334
0.24;0.4001148555019555;0.52;0.3964665023038247;0.1;0.19868838291294028
0.5;0.40240958410669386;0.14;0.19491726627826117;0.14;0.23170600117402446
0.4;0.3782339795831519;0.16;0.19007457955989898;0.1;0.2516749689846796
0.56;0.5252730564623975;0.34;0.37520264225570904;0.36;0.373852120484151
0.72;0.6404422627906727;0.26;0.2564785133237077;0.28;0.1450546363067025
0.64;0.49098560033452693;0.16;0.2916633336265175;0.36;0.3642599932849953
0.28;0.3802387831993756;0.38;0.42107626551828153;0.16;0.22330999978706872
0.5;0.4613169814803812;0.4;0.4234915016988278;0.44;0.4151544382233175
0.3;0.43090685940475887;0.36;0.37789949387266936;0.1;0.17834010628687397
0.74;0.7109833039862552;0.16;0.26073873210827364;0.32;0.28933216500926223
0.54;0.5004942394742515;0.36;0.3874344774547122;0.36;0.3624059278961687
0.72;0.5770787850953683;0.14;0.2740509591717963;0.2;0.13756086812367757
0.48;0.47541289627473454;0.42;0.3785276389789171;0.22;0.28294960358292714
0.38;0.35718014746073984;0.14;0.17159858826426094;0.46;0.2735082844340076
0.78;0.6517554417293085;0.16;0.3066393477660025;0.24;0.21610083354980875
0.32;0.3549586354306499;0.56;0.47347228065925256;0.36;0.36192591242769995
0.14;0.1807268214967565;0.62;0.5402219096981622;0.26;0.30046176782960915
0.56;0.49424574758421763;0.32;0.36390647538332493;0.34;0.29675631872488056
0.56;0.5202337532898882;0.36;0.3587687426653698;0.3;0.3010036346920009
0.4;0.3812868673932443;0.58;0.4563174601045727;0.46;0.34172645731926027
0.26;0.23732611112912289;0.48;0.5346753740644712;0.36;0.34419491157647203
0.3;0.4231457219983967;0.66;0.4638600538731989;0.24;0.3696998091599886
0.16;0.15955556765798357;0.26;0.2831321885709183;0.36;0.32197364363941633
0.54;0.3458596932620012;0.24;0.40501766138420087;0.44;0.25846050861952735
0.36;0.4074540207552972;0.28;0.19306143804483006;0.16;0.2532900993635741
0.8;0.8619239784564046;0.16;0.4735282143050565;0.48;0.6008911535500436
0.1;0.1209491999931715;0.7;0.574986601752671;0.34;0.3412070808379389
0.64;0.7610993851186281;0.12;-0.01721266580898978;0.38;0.27091788326334326
0.52;0.41045483794376175;0.28;0.3657395927806146;0.32;0.22172296088681437
0.24;0.37543870688068787;0.5;0.4155913625873577;0.12;0.20249215172280005
0.58;0.5157828969027081;0.14;0.14882996714127578;0.3;0.24371170084894006
0.28;0.34037038857409535;0.58;0.4710708427856726;0.3;0.32942249807226803
0.22;0.37082935196286976;0.54;0.4174929534273854;0.12;0.21050367287720123
0.26;0.3130420669586102;0.5;0.46707776962302566;0.22;0.2753811991420099
0.5;0.445266121565085;0.34;0.36638551332054553;0.24;0.23520874096164507
0.4;0.3345150143058519;0.36;0.44514045670854435;0.28;0.2672172927625019
0.16;0.2728744794967867;0.18;0.14138360361160202;0.1;0.2926375491798359
0.5;0.47098747512845457;0.4;0.4113593267525399;0.38;0.39217473391040075
0.72;0.7076032226435005;0.12;0.2121851247415602;0.28;0.37405817088035237
0.12;0.15753225572856316;0.58;0.5836733629702249;0.28;0.3327619159421778
0.42;0.3859490347400382;0.46;0.453001253769963;0.44;0.3766482611824023
0.8;0.6220048593232848;0.12;0.33014143414954694;0.28;0.23464652067574493
0.36;0.3993112797176949;0.58;0.47312379677282584;0.38;0.398201164720212
0.28;0.3266174635104108;0.56;0.47469687516829956;0.32;0.33063324272649824
0.68;0.6224933864481146;0.22;0.3052626509825355;0.32;0.29863440857096807
0.44;0.4990760408774137;0.52;0.3578896693053874;0.1;0.20731012883749772
0.1;0.2777744055435833;0.82;0.5104715974551308;0.22;0.3364946437459145
0.22;0.2796005722616088;0.12;0.13214086448641743;0.14;0.28638123197124005
0.34;0.26885853250782227;0.34;0.5209153799142083;0.46;0.3490852390111803
0.24;0.2826312386186715;0.34;0.5034995280652634;0.3;0.29849667137111796
0.54;0.5010041271146706;0.38;0.39697013691213917;0.44;0.3977455402744346
0.72;0.7588874745553988;0.1;0.15218768993408743;0.18;0.3033123617663938
0.54;0.40242373906890955;0.24;0.3701901357351655;0.28;0.20235084158210898
0.66;0.582071571302764;0.32;0.2970505820162483;0.28;0.18215662531176863
0.34;0.42249586113180876;0.36;0.3873487855028667;0.12;0.19972282276626802
0.36;0.2746395447792069;0.42;0.49437468762110476;0.46;0.3498473802601501
0.2;0.3261200637404273;0.4;0.4555138373174696;0.18;0.23268102921154027
0.36;0.46447013221409045;0.52;0.36417231969054703;0.1;0.20476465911529035
0.18;0.1941612154847136;0.14;0.17138360175571526;0.4;0.3338886437193827
0.2;0.19780688083589987;0.48;0.567577348583556;0.38;0.3767571335381695
0.12;0.1511765377588305;0.16;0.16965569190365065;0.34;0.3590780266466203
0.32;0.32600820485105125;0.22;0.1923096965842827;0.42;0.3060936187078261
0.34;0.398803940586349;0.58;0.45053068155562775;0.3;0.3558786598908688
0.24;0.2793695680103185;0.48;0.5008489681224131;0.26;0.3030943068654955
0.62;0.5103658141747773;0.2;0.2952521544973276;0.26;0.16316579406609494
0.54;0.49490783278315725;0.34;0.3530152589310173;0.22;0.24785864430024335
0.16;0.14372708410520268;0.18;0.24155893268523804;0.44;0.34507985801881264
0.42;0.40593589569624705;0.2;0.15474700784643253;0.38;0.2610190019783039
0.18;0.23097470464219477;0.58;0.5271142895565302;0.26;0.322392884351479
0.54;0.4840621868407042;0.34;0.36064232323872963;0.26;0.2550855690178429
0.28;0.42442019753301147;0.56;0.38977775400184916;0.12;0.22365567382914892
0.74;0.7054607017851156;0.24;0.22715693276502086;0.36;0.13461155951620812
0.4;0.4544916741104161;0.26;0.15471156356535082;0.3;0.29274015809546144
0.1;0.1991002823473182;0.76;0.5481121355097625;0.28;0.3417886986329171
0.14;0.308373908779872;0.66;0.44770219700664277;0.16;0.23910630493714452
0.64;0.5750104500911577;0.28;0.31353524144976425;0.24;0.24202982560874547
0.66;0.548517867967705;0.22;0.30251415919800556;0.16;0.1665575708175942
0.6;0.7491903789444352;0.16;0.04598903828317552;0.26;0.2742271936277297
0.26;0.3042241406853578;0.18;0.17956777782745909;0.28;0.2707363388939888
0.12;0.3432207537554334;0.5;0.4389734458807279;0.12;0.2024732554245992
0.3;0.2755482179343944;0.36;0.511254327130602;0.38;0.32166822873040873
0.5;0.47013579949286716;0.42;0.4028172448068769;0.36;0.3527352409326801
0.16;0.24698742630251197;0.74;0.5735197957527387;0.36;0.4478816157964394
0.1;0.25367230531395685;0.88;0.518036568678583;0.24;0.30771536929257254
0.56;0.5012396576057954;0.42;0.35622502069680556;0.36;0.24709468041653
0.5;0.3938860589776582;0.12;0.19556367549409365;0.14;0.23490048039040007
0.22;0.28672807893379976;0.38;0.49714820787864616;0.26;0.2890345434037221
0.52;0.3947271807669794;0.1;0.17890140908908697;0.5;0.2493588639339413
0.12;0.324822440383359;0.68;0.4446457982645608;0.14;0.2344886029066578
0.36;0.27248001774518976;0.32;0.5192192536074185;0.48;0.3556353299769404
0.1;0.038614029491940094;0.72;0.6408768574615717;0.5;0.4158840231305652
0.36;0.34898829875448606;0.48;0.45412378096787726;0.36;0.325347909086168
0.1;0.04193070567776552;0.7;0.6326248584158247;0.46;0.4035329735197087
0.3;0.29518883595342665;0.24;0.21620778065430918;0.42;0.32218604569533854
0.36;0.35199154716981845;0.16;0.1744671460069906;0.44;0.27946947886983425
0.1;0.3635477237090769;0.88;0.42599083875376315;0.12;0.2123351028003589
0.12;0.07664924509276866;0.22;0.2948955322687478;0.46;0.33602556434940484
0.82;0.5685479218741294;0.12;0.32381414495072497;0.16;0.16756898192389885
0.7;0.6759833970208875;0.22;0.28222653127652925;0.36;0.3134283827938367
0.46;0.4320836172264692;0.44;0.4507818226552242;0.48;0.4478072753030125
0.52;0.4885381662478367;0.32;0.3256191645013555;0.1;0.1464843579096345
0.12;0.14706816055380195;0.18;0.1989569139694904;0.36;0.33797930864499565
0.54;0.2657428422153029;0.2;0.49677119372348527;0.44;0.44360267252661517
0.66;0.6044480199458364;0.22;0.3127361599023512;0.46;0.32857735896985846
0.34;0.42872727273773287;0.46;0.3712667699825271;0.12;0.19229650034936357
0.68;0.5507406776742003;0.22;0.30014315110467144;0.1;0.15133450222390993
0.66;0.5659152240704104;0.32;0.2960949017513254;0.22;0.15491355645227772
0.32;0.37050697605065047;0.46;0.416265142364794;0.18;0.23129484342511036
0.58;0.4919141901807806;0.24;0.31532038174236127;0.22;0.17667506644790537
0.18;0.15734830187830945;0.6;0.5709700787993566;0.4;0.3636739798565776
0.36;0.411048408580372;0.52;0.4167269902743353;0.22;0.28081364481335586
0.18;0.12954532366162547;0.46;0.6145642699435225;0.44;0.3844766314800188
0.12;0.11587368089566902;0.22;0.27165545741242275;0.42;0.35329155529279094
0.72;0.8005337700217454;0.2;0.2430993295300336;0.48;0.40299829140994975
0.48;0.4212849766102253;0.4;0.4311742538881386;0.46;0.38518925657618924
0.5;0.5328029955092448;0.18;0.05765564903405468;0.48;0.36721309714159306
0.6;0.5029206663203369;0.2;0.3032931494577806;0.1;0.11381743695256491
0.16;0.37548686139264625;0.54;0.4182530802041679;0.1;0.20051947061091996
0.18;0.2271792608550542;0.12;0.12809012875037346;0.26;0.3351572604808473
0.28;0.3240880927434248;0.36;0.473895407471937;0.26;0.2820363763754932
0.18;-0.04309368304384825;0.36;0.4675168156542579;0.4;0.4093078759359861
0.2;0.15199330625462587;0.54;0.5893367919242689;0.42;0.3729890684697699
0.38;0.3852264598953227;0.5;0.4532025982073417;0.36;0.36068130651728497
0.66;0.6214249327360208;0.28;0.321494452331714;0.32;0.2934967631058561
0.1;0.2671619575557586;0.78;0.5116143050248863;0.22;0.33144721189999077
0.12;0.25671897120198545;0.2;0.1358957441517898;0.1;0.3145664384823937
0.36;0.2402447048060254;0.26;0.4404411511837562;0.48;0.4904326114826239
0.48;0.4765050142433737;0.5;0.3582164194680299;0.18;0.20821390549412572
0.52;0.44164456826392645;0.28;0.3476486656971442;0.22;0.18772853233765036
0.2;0.27909321891628175;0.42;0.49752728814235175;0.24;0.28595946595922955
0.46;0.4639847446053282;0.24;0.18000244389610848;0.1;0.23309480520109732
0.68;0.6590500332572462;0.26;0.3140536042163628;0.38;0.3177093048121327
0.26;0.16503633091801512;0.32;0.34867220818908;0.38;0.4137812384338196
0.12;0.24847236259485478;0.82;0.5679982139801123;0.3;0.41934163794528617
0.1;0.3497535285500974;0.72;0.4214729117389961;0.12;0.2130409652596717
0.7;0.6682059789271066;0.26;0.3262929888965342;0.26;0.3053137880025992
0.18;0.09381453178301208;0.38;0.6438922594387873;0.5;0.40205692239353313
0.48;0.27169484512946135;0.22;0.4747124106008204;0.5;0.45179275872472774
0.44;0.2980897405860234;0.3;0.4817377088636842;0.4;0.3163189945192704
0.5;0.46677049193175585;0.42;0.4153188560989289;0.42;0.3918221674128182
0.74;0.5894637304961365;0.24;0.27127271150936244;0.16;0.10158151066230575
0.78;0.5647471840944165;0.2;0.2920725079781558;0.12;0.10098740511441578
0.34;0.3659076057909815;0.5;0.43826208595739863;0.28;0.2961075882398126
0.72;0.7656982620791248;0.1;0.14379617140302264;0.2;0.3074457283097792
0.22;0.2703400082415414;0.66;0.5378845067777018;0.42;0.410439819652658
0.48;0.41827789982703373;0.18;0.18728245024759466;0.16;0.23112890821412352
0.68;0.5845105336554626;0.2;0.2976605637889033;0.28;0.22414715435775806
0.76;0.5758043967278768;0.22;0.2826686084135243;0.12;0.10937700264393074
0.1;0.18191976209194544;0.8;0.6005069082600809;0.36;0.4552910588535957
0.1;0.2030953373626347;0.58;0.5325448240063448;0.22;0.2764979529241663
0.22;0.313651815254049;0.3;0.21345384006797125;0.18;0.27344423046563465
0.42;0.428365465361425;0.52;0.4538183936438795;0.4;0.3998840736648566
0.1;-0.04576694974987411;0.38;0.4370959487898897;0.42;0.3438890095998835
0.2;0.19360005051805168;0.1;0.14091074235244;0.48;0.3507274486995789
0.5;0.4635242643932586;0.48;0.3741755494050462;0.28;0.23728472656595218
0.62;0.5148715075745842;0.2;0.2962741730745872;0.2;0.15077741727996058
0.24;0.34686458001123704;0.4;0.44515063471599453;0.18;0.2389458402564691
0.18;0.1870432634025449;0.42;0.5694514448490875;0.34;0.3354526513937151
0.38;0.3989495545622945;0.24;0.18019138971613663;0.28;0.26819120223570453
0.3;0.3311518425854502;0.48;0.44941479264135004;0.24;0.27038094578768496
0.24;0.24750088207356818;0.34;0.5304973164649394;0.36;0.31800219995738305
0.56;0.5141901772253747;0.32;0.31943532474392916;0.1;0.16128265523020163
0.62;0.5807100695179643;0.3;0.32757186553924916;0.32;0.3129119632872977
0.32;0.32650437982815256;0.1;0.1605223915875424;0.22;0.26316062252970257
0.26;0.4086640368656462;0.68;0.43433948129665473;0.18;0.3004907042142185
0.36;0.44289327972285414;0.5;0.3726285525401291;0.12;0.1982012053477496
0.18;0.27479407815345674;0.16;0.13843258877048575;0.12;0.2959621059129836
0.54;0.46414933196210634;0.34;0.4057534823734496;0.5;0.3897427823687912
0.56;0.5224753589068187;0.34;0.3262985712547046;0.12;0.19330448610580847
0.24;0.40946192764042316;0.68;0.42684642991786;0.16;0.29960910508086785
0.16;0.20076283904412556;0.54;0.5618848935246288;0.28;0.3302551620653907
0.24;0.2483044623711536;0.58;0.5260484293199437;0.48;0.3899983526046134
0.28;0.24545576318336665;0.5;0.5160805478202388;0.42;0.3421418919210231
0.6;0.6149134865002723;0.36;0.3936143956137041;0.38;0.4256542077372734
0.48;0.4692177730684947;0.22;0.1782275306882692;0.12;0.24422941412598848
0.14;0.09221682574420392;0.38;0.5996581177110809;0.36;0.2991687544116735
0.58;0.4717102493110034;0.2;0.32736863496156693;0.16;0.1581025923571025
0.46;0.4401826232514325;0.3;0.35975675611912655;0.12;0.17184487044153857
0.36;0.4334567434242033;0.36;0.3734400625214402;0.1;0.17770471853609765
0.44;0.46071483086284254;0.24;0.16409518233582182;0.2;0.24689281884747688
0.88;0.5269275033509204;0.1;0.2926800966732738;0.14;0.0647790309648491
0.42;0.49418200389001904;0.26;0.1408671111339938;0.26;0.2811548817486829
0.18;-0.024776246022084003;0.28;0.41747758695027776;0.5;0.3991793739600445
0.44;0.42018871605636016;0.46;0.45059325302532577;0.44;0.4193489134365001
0.3;0.4183474760611447;0.46;0.38409556443200293;0.1;0.19096761775433096
0.52;0.38136382041211697;0.22;0.4102533983930183;0.34;0.4460774002514461
0.58;0.48388111318652854;0.28;0.3533559361745315;0.38;0.27266039110512624
0.3;0.3498631724802352;0.62;0.5030888016396073;0.44;0.4280592592239492
0.18;0.2421586643233426;0.32;0.25314817818348806;0.24;0.2915544966461488
0.3;0.3257467303017962;0.42;0.4687538790128311;0.24;0.2795656170497472
0.32;0.27590729938438024;0.4;0.5082184105940339;0.36;0.3231516027900119
0.64;0.7972099085275219;0.16;0.1321033379964131;0.1;0.3040219620277958
0.42;0.3693681050424417;0.1;0.17199085819817944;0.46;0.2717818933468044
0.24;0.34012906446686636;0.32;0.2139733018942362;0.16;0.28031039707977984
0.38;0.36714351110185967;0.18;0.17061687707983103;0.42;0.27242723672939123
0.18;0.26964019293846214;0.66;0.5103585394339032;0.28;0.3440937841926717
0.52;0.48859596727140947;0.16;0.11098782294615112;0.42;0.2545937890191175
0.2;0.1874486273407016;0.4;0.5668309086212215;0.38;0.33879964764992737
0.2;0.26632016250749907;0.38;0.5034250605418091;0.26;0.275468294588797
0.26;0.22029941258642943;0.46;0.5542983767881122;0.42;0.36911323613742925
0.58;0.4399587627711427;0.1;0.1799656630896262;0.3;0.22987495130562424
0.28;0.35797988220117255;0.62;0.48896744328876557;0.34;0.3966884417291459
0.36;0.4049537440775894;0.46;0.39808552083739207;0.2;0.24663635152081215
0.14;0.27432506662697315;0.32;0.20938914099014133;0.14;0.25667964880054855
0.72;0.6207982255076148;0.18;0.28011857567363413;0.22;0.2059705017154903
0.58;0.44081935474211925;0.1;0.17798277853030092;0.32;0.2284658110141669
0.32;0.3373137442409743;0.22;0.18886067402623147;0.38;0.2896024452244382
0.16;0.12203066832112491;0.64;0.6093596717980543;0.5;0.4158642045823973
0.5;0.3885840687052508;0.1;0.19443531467482805;0.16;0.24184588795481604
0.1;0.19171488745897997;0.82;0.5849053351720326;0.34;0.4204670998931653
0.26;0.18792889612707747;0.22;0.2592175079914025;0.5;0.3447157629981695
0.22;0.2805286483772435;0.44;0.5010237682617114;0.26;0.3006859759208061
0.52;0.39175314340364914;0.1;0.19521197217943004;0.2;0.2306217021031563
0.68;0.7139707662828785;0.12;0.1312873157303775;0.28;0.3114791838280793
0.1;-0.06534669376864449;0.48;0.7231435383817353;0.46;0.3968471902875655
0.62;0.6560008739914751;0.34;0.39237966191084545;0.42;0.46829624229446326
0.24;0.17513369846386134;0.48;0.5896029289628058;0.5;0.401767105151655
0.14;0.09174899052904245;0.14;0.1782297834595436;0.48;0.336428787220263
0.2;0.14585001345168686;0.48;0.601595184656291;0.48;0.3924797384451813
0.22;0.1918462096321762;0.44;0.5771424659887441;0.44;0.3854746599618642
0.12;0.28942170349552193;0.66;0.4732454145700739;0.16;0.26130223531999436
0.56;0.5328308219209263;0.38;0.3933543363380149;0.44;0.3887259273451554
0.2;0.22784066131103636;0.12;0.14048106266374666;0.34;0.3083591268738309
0.22;0.36863430852700824;0.52;0.4208208468183809;0.12;0.2076962126417135
0.42;0.3979364416086512;0.18;0.16857836021527212;0.36;0.26731478865784825
0.14;0.11987491063559624;0.18;0.2064560818918732;0.42;0.3030187925603292
0.44;0.4647198376810466;0.22;0.14420239506586902;0.42;0.38264869745481805
0.1;0.047200582640870514;0.42;0.6346671114703579;0.34;0.30834685500078424
0.32;0.2831415398769381;0.38;0.5101546899926899;0.38;0.340882533189137
0.2;0.29522206039507787;0.7;0.5262402179079839;0.34;0.41562450715489435
0.32;0.4228770318501362;0.5;0.3839733254307813;0.14;0.22235602632094414
0.5;0.3942154176663181;0.28;0.383716565314786;0.26;0.22093274017399894
0.22;0.2998453458702543;0.52;0.4761691810435675;0.2;0.2682990266128576
0.52;0.4602051554057753;0.46;0.3920778010802987;0.42;0.2872303701634343
0.1;0.16132602847630445;0.24;0.22421469469917915;0.32;0.3114885759238382
0.72;0.747862926724524;0.26;0.21474072382245274;0.48;0.18050186028458542
0.34;0.30317785838146855;0.38;0.4793377173127393;0.3;0.27731821172452614
0.24;0.3178656306335072;0.28;0.2068929836281665;0.2;0.26898689258971503
0.18;0.13799487371987745;0.4;0.6082043553696377;0.42;0.36835830073505976
0.72;0.7344901710905505;0.12;0.1664476953935587;0.4;0.3546526642493922
0.6;0.5551234043216924;0.3;0.34729522642813854;0.34;0.3305798850457285
0.2;0.2263732390298842;0.24;0.22988190602897268;0.34;0.30799909779253826
0.1;0.01933500672077465;0.3;0.363735243596275;0.46;0.33316775884194444
0.48;0.3712584438613235;0.34;0.4072487385829657;0.48;0.3008755440184024
0.46;0.5004094845198226;0.48;0.3451532070723939;0.1;0.19980264589924618
0.18;0.30675514401938536;0.74;0.5145315098924084;0.28;0.38969908253304825
0.66;0.5080062667102057;0.16;0.28763576354126846;0.46;0.3783320236686683
0.44;0.39826253833752084;0.38;0.39538543545187926;0.3;0.26269758733366816
0.3;0.2523118193075377;0.36;0.5370466552930548;0.46;0.3624709661058239
0.18;0.18700460999452567;0.24;0.24734004284740613;0.36;0.30576669856092226
0.18;0.25578404073272204;0.46;0.5129432095819777;0.24;0.28653573388815007
0.36;0.40412932425275166;0.54;0.45420036958949445;0.32;0.38073437703361096
0.12;0.18970242488092887;0.86;0.5846833601366026;0.36;0.3780691000045016
0.64;0.6955695593458289;0.32;0.39146854748370535;0.46;0.49960244334881226
0.32;0.3275833840949162;0.12;0.1663689361003488;0.32;0.26536393963079435
0.52;0.39646916466561927;0.1;0.19446553465513822;0.24;0.2439328143829647
0.36;0.39132240658338596;0.56;0.4660720151188766;0.38;0.3950756453595608
0.16;0.35462003997723607;0.66;0.4359219536787446;0.14;0.2472612349885202
0.42;0.3564035836652281;0.42;0.45021768455201644;0.46;0.3577292075736472
0.22;0.32288179101426956;0.22;0.17473233129879978;0.1;0.26353763636465205
0.34;0.3970707316047723;0.58;0.4568405503741186;0.32;0.3744176853765913
0.46;0.36809296178101797;0.34;0.40274851228110115;0.36;0.26079597648638414
0.28;0.33298510089448435;0.16;0.16965693003884857;0.14;0.26771780304736753
0.14;0.053541202462776105;0.24;0.2930333882295468;0.46;0.29750479465901153
0.4;0.3530936093677341;0.3;0.4452453262954858;0.28;0.27122779392241286
0.32;0.33484391307410427;0.66;0.49791214774170917;0.5;0.37316967342352486
0.1;0.12502216398693528;0.22;0.2317076900116472;0.38;0.3152235249757132
0.28;0.4054741709608309;0.4;0.3972051843854569;0.12;0.19396643932368024
0.38;0.38572724151971877;0.46;0.41866063821830685;0.26;0.2726493894784943
0.1;0.3928720709354409;0.84;0.4143898197992481;0.1;0.2161475282600867
0.74;0.7724562968509632;0.24;0.206997390421429;0.44;0.17616784370398536
0.2;0.026940117493212845;0.34;0.408347466096232;0.4;0.40653462859191963
0.24;0.29844415387985074;0.56;0.4727123714461154;0.28;0.29991020256057427
0.36;0.34726296390604156;0.12;0.1750265550173477;0.26;0.25651324867079156
0.58;0.5360049277454821;0.36;0.33784811280893584;0.2;0.2261047874089917
0.22;0.16328136992523817;0.38;0.5998886439824542;0.5;0.3906363768143342
0.36;0.36433920601377573;0.16;0.18388418263367007;0.16;0.259662667831214
0.1;0.28717356159452984;0.78;0.49715600964175727;0.2;0.321558855063592
0.66;0.5329740099592486;0.18;0.2965558961777301;0.2;0.15477502868944898
0.32;0.3435566807028196;0.56;0.4943539375084935;0.44;0.40991528848224507
0.48;0.4151458547832349;0.16;0.18056685616143503;0.28;0.25608396337529543
0.2;0.31921797257332835;0.3;0.2009647708662296;0.12;0.2539533441591067
0.78;0.5878101486078593;0.14;0.29911347833630336;0.14;0.16252429727950984
0.3;0.27991270719270184;0.44;0.502861662342782;0.32;0.31875513403875916
0.28;0.2101203486780549;0.46;0.562926152753364;0.48;0.3836486595994933
0.18;0.2655111205960609;0.24;0.20054874668636663;0.22;0.2850546759580857
0.2;0.2508059866006335;0.36;0.5241674837277384;0.3;0.31648185087062247
0.4;0.46475373175069173;0.56;0.43296616802275273;0.24;0.351173261241093
0.12;-0.05893400684450817;0.34;0.4658131996800147;0.46;0.3914253178758776
0.14;0.3626816262212899;0.38;0.4100869193710405;0.12;0.1639323288409918
0.36;0.36373666178262604;0.36;0.4295538626335766;0.2;0.2305370781372807
0.26;0.19258731626383402;0.5;0.5607954513741344;0.48;0.3686207159765678
0.28;0.39793783663358945;0.52;0.3962720313485956;0.14;0.21390603167069516
0.2;0.22108621124816502;0.18;0.19586523825593466;0.38;0.30539872820798225
0.58;0.5587598490753451;0.36;0.38109317271018844;0.44;0.39158833765228623
0.3;0.3274987203122863;0.12;0.1608372393773873;0.14;0.26346348757382204
0.3;0.4284548894657278;0.38;0.37952112230413454;0.1;0.17962717902711406
0.4;0.3782544403153609;0.44;0.42716650882307866;0.32;0.30112798830541637
0.26;0.31136555301778096;0.14;0.16187710860669674;0.24;0.2925198214732268
0.12;0.22321646338279927;0.46;0.52916884776979;0.22;0.2666824538554016
0.38;0.3551311300134771;0.12;0.17601992695515029;0.36;0.2646189906565502
0.26;0.21394403335186646;0.38;0.5644905008557626;0.48;0.3778930221677462
0.2;0.2967512592574068;0.26;0.19809576106573096;0.18;0.27332452612680586
0.24;0.2582970278805747;0.1;0.14496615527349482;0.42;0.319859662748292
0.56;0.5236741253946933;0.36;0.3924492674220314;0.5;0.42821542884278246
0.24;0.28428088980563054;0.1;0.12909763808690505;0.14;0.28756021462965636
0.36;0.4051598136554461;0.56;0.45093083529184347;0.32;0.3693732023154786
0.12;0.1022228613251756;0.18;0.24707459657841574;0.46;0.37375326464054753
0.32;0.4402859318065013;0.6;0.40483487281127956;0.16;0.2825360138514617
0.28;0.14138731876211502;0.3;0.4121468067429756;0.44;0.4750897807384496
0.3;0.35555311493457403;0.58;0.4770125394298798;0.34;0.3699894617895501
0.1;0.09049263951432501;0.12;0.05417488452423064;0.14;0.4356557049106789
0.4;0.3509310288096132;0.42;0.4388355152492817;0.42;0.3216420373383136
0.34;0.36800736019083197;0.2;0.18785015705689395;0.1;0.24951252758754722
0.62;0.5213526074339272;0.24;0.3119472200923578;0.2;0.173984526911176
0.28;0.3102341452721988;0.44;0.4856358516939007;0.26;0.307357863181756
0.74;0.6958486430055275;0.1;0.24196962739168376;0.16;0.36380816007208866
0.44;0.46534599923420367;0.44;0.36135280994785396;0.14;0.20929583161964788
0.24;0.3477685477575407;0.6;0.4534080165348026;0.22;0.3003470384692611
0.5;0.4205914385448765;0.14;0.1374378256551207;0.5;0.26582999408638047
0.2;0.3025304501658341;0.78;0.5010479818674167;0.3;0.33630301876781404
0.16;0.34932002246319066;0.78;0.4779225352869087;0.18;0.31268790618270886
0.7;0.678351137574891;0.1;0.06343386838322934;0.5;0.2871685211162918
0.66;0.6141141077810788;0.22;0.31449046422131594;0.5;0.35714186552696164
0.3;0.4388696825728588;0.6;0.4010752236548793;0.14;0.2670462150127327
0.16;0.29093033717612976;0.52;0.4882658536122772;0.18;0.26066271706762395
0.5;0.38807961419422704;0.1;0.1933214688680362;0.18;0.24082606387245337
0.28;0.24267208709752602;0.44;0.5397716911765482;0.4;0.35398678123008326
0.28;0.4302095381664814;0.58;0.37735742179681003;0.1;0.18192839322484305
0.5;0.46286756642490595;0.4;0.4153137497003964;0.4;0.386724942931358
0.62;0.5630863252115732;0.34;0.3255464633223479;0.12;0.2064554819645315
0.36;0.34431574228620015;0.4;0.4442282372340724;0.24;0.2699652665892592
0.56;0.48398657646456095;0.16;0.1856647999705185;0.1;0.24200572472279364
0.5;0.39231101881593283;0.3;0.3828837097125028;0.36;0.25640113858586405
0.56;0.4887306379971947;0.32;0.3908373580528856;0.5;0.3907624118164739
0.2;0.10270597336450188;0.24;0.30180802635371257;0.48;0.3503805438309718
0.6;0.5012194386583262;0.2;0.30443662006131794;0.12;0.12376695331824467
0.18;0.21393557604583585;0.1;0.10380824838187513;0.22;0.34110156718194334
0.46;0.42048781995217305;0.4;0.4024133323278402;0.3;0.29159886438629373
0.48;0.47048458140398147;0.42;0.4075931587054324;0.32;0.37474957554719085
0.32;0.4205112566579616;0.34;0.38614040211074147;0.12;0.18688160021529315
0.14;0.21476441351664172;0.84;0.5483994612966694;0.34;0.34736619780762285
0.5;0.35470461911269674;0.24;0.4234064440197837;0.3;0.2324790317842434
0.24;0.3290300826601979;0.72;0.5630740626280766;0.46;0.49319740905659787
0.86;0.6534765162580116;0.1;0.3630924064448717;0.3;0.2859635171403517
0.36;0.36382763100715615;0.18;0.1789474662969976;0.36;0.27537304607239493
0.68;0.8155985688424339;0.1;0.0018341413802655526;0.24;0.2119696420784925
0.2;0.16800041635020485;0.4;0.5841492004551665;0.42;0.3606162028922802
0.88;0.5422179724950398;0.1;0.2743734327528042;0.42;-0.036570854410279574
0.26;0.39142132761993914;0.66;0.4512155110019204;0.22;0.33922498390524597
0.12;0.3276776649394592;0.78;0.48700763447978906;0.18;0.33640063694446726
0.1;0.12648563721634937;0.16;0.1433102069851852;0.32;0.3472654431611835
0.14;0.07793288324755004;0.18;0.23192921540315686;0.48;0.30477482931369254
0.34;0.3499394333668719;0.2;0.1804905682057491;0.4;0.2859249976280643
0.46;0.39450016864859244;0.14;0.17725466740598356;0.36;0.25739836146823963
0.42;0.3656604996286476;0.1;0.18135392075500184;0.24;0.25482295164082475
0.66;0.6173604093337717;0.1;0.10663035703860507;0.38;0.26962337654510465
0.26;0.32015850849669797;0.16;0.16346466131003118;0.12;0.25793616617547516
0.3;0.13958232760986683;0.3;0.4897986812960237;0.46;0.484381919747043
0.46;0.474193670217774;0.48;0.3808173976471007;0.2;0.26056596729279763
0.12;0.0660283525952054;0.1;0.08993912484542327;0.34;0.4465589668777233
0.4;0.3493734792106424;0.46;0.46738848705904806;0.48;0.3682702978274
0.28;0.3084774691441596;0.14;0.16614143341168947;0.3;0.26557831293765505
0.34;0.46280249832651216;0.62;0.4025788202545268;0.14;0.26779361346860414
0.62;0.4693782808501383;0.1;0.18834749665826073;0.12;0.21644516280785014
0.42;0.4399748937959786;0.5;0.42166986118425703;0.3;0.3544253188886222
0.2;0.2431026001535927;0.66;0.5415116998894771;0.4;0.3948736013327397
0.3;0.37969761631100746;0.66;0.5239686232680694;0.42;0.45598804199037263
0.14;0.22075554603282804;0.4;0.5154887381671014;0.24;0.25480977466427307
0.26;0.33460806435538054;0.58;0.4607777171455691;0.26;0.301846975820161
0.76;0.6107539556782358;0.2;0.3056236434492458;0.14;0.17442698285061115
0.32;0.22786124754264997;0.42;0.5453949235164768;0.48;0.3644912517754682
0.4;0.33944766336441184;0.4;0.4347336732976867;0.38;0.29421222206591496
0.18;0.29813273318775807;0.32;0.22180269583977114;0.16;0.28658936942222285
0.52;0.43624118132626827;0.16;0.19048259000407447;0.12;0.23897074826920234
0.7;0.6425558285504225;0.14;0.26814343663672807;0.18;0.3763239578972622
0.64;0.5625603522646985;0.26;0.3134771763976342;0.2;0.2208979991472751
0.48;0.40142282771914645;0.14;0.150921859904167;0.48;0.25375626282576663
0.34;0.390021095230425;0.4;0.40378578287093453;0.14;0.19640967242825186
0.72;0.7525735054433242;0.12;0.14302543577600452;0.46;0.35597844224100245
0.38;0.3554173499116133;0.12;0.1787380278291419;0.26;0.25549872214481356
0.72;0.5841211228263619;0.14;0.27145458695178454;0.22;0.1447899198829879
0.56;0.49662380618555496;0.32;0.345348399809205;0.24;0.2286296880499839
0.48;0.4218605702403139;0.18;0.18248767530135374;0.2;0.234290560936592
0.68;0.5767499609252853;0.3;0.2901326069026819;0.22;0.14970962627007284
0.46;0.3727927392745671;0.1;0.1872858431146593;0.2;0.2366852058310434
0.32;0.311861522766607;0.48;0.46830465687047357;0.38;0.3297263758529488
0.3;0.3084877953994451;0.16;0.18028668881461235;0.42;0.27476569750883245
0.6;0.27776831315857614;0.18;0.44871230229847575;0.48;0.40902092985994104
0.18;0.22627421682456522;0.32;0.2627717675159655;0.26;0.2976508453755065
0.22;0.2793225545083701;0.22;0.2004360338148185;0.28;0.29309990610196396
0.56;0.4451351805959846;0.12;0.16830540414880452;0.34;0.22492953883955297
0.24;0.3994989734386977;0.5;0.39997671746950053;0.1;0.1986490832541739
0.88;0.5332908909099972;0.1;0.27730017476395935;0.38;-0.032795967044074226
0.28;0.3852273256183893;0.62;0.46166374062897936;0.26;0.3636738286518045
0.7;0.7003870732964417;0.22;0.2777741159023119;0.42;0.3402774543226946
0.56;0.4244660773083681;0.22;0.3558240569844681;0.26;0.19296641933366404
0.1;0.05349220757047285;0.2;0.26932622783928756;0.5;0.3323571288345369
0.2;0.26197891940381773;0.44;0.5102672147558505;0.26;0.29725087086314433
0.68;0.6505636947019882;0.3;0.27857781924562025;0.48;0.2260048973192062
0.14;0.26127418744485603;0.84;0.5102123265171852;0.26;0.3079357160726835
0.16;0.2536655635978364;0.38;0.5217570560486149;0.24;0.28360933393091786
0.1;0.06896993775458221;0.54;0.6285635452917842;0.34;0.33972591348929543
0.8;0.6616729476683092;0.16;0.3706408853284639;0.26;0.30005235815224923
0.32;0.38876410108216114;0.66;0.4453956969342993;0.28;0.3081287713670298
0.48;0.4596996042846528;0.46;0.4364765210938312;0.44;0.406556554754622
0.4;0.2899472496200219;0.38;0.47106657499343746;0.44;0.3195648107487506
0.32;0.33645919060679014;0.14;0.17293399223272948;0.24;0.25872614770813757
0.6;0.5158389226830467;0.12;0.14528565646087904;0.36;0.2447672188511439
0.62;0.5877727925678771;0.32;0.341453823132775;0.36;0.3106118546541899
0.24;0.22854013102669918;0.56;0.531629691429772;0.48;0.3797881257774583
0.46;0.4338767199984532;0.26;0.3711304388053744;0.14;0.1832436940408178
0.38;0.38124639032794655;0.2;0.17357502885484982;0.38;0.28626465016669217
0.38;0.34659249270625175;0.48;0.47349780907716726;0.46;0.37521756960985103
0.24;0.3179286654266648;0.32;0.22185367382485416;0.2;0.27708956925696443
0.32;0.30887556510217146;0.42;0.48047143391910047;0.28;0.3011191037234147
0.5;0.49948437058519496;0.2;0.13826356222326658;0.26;0.2420819059730724
0.14;0.2079037963095886;0.7;0.5323856867459977;0.3;0.33568151532171614
0.52;0.4020864452161434;0.12;0.1942693790461913;0.2;0.2313146889132503
0.24;0.34213400976791924;0.32;0.2096463028874293;0.14;0.2626155820455898
0.76;0.7157621305593282;0.2;0.3158629049483121;0.26;0.29076754863880355
0.76;0.9379028623612713;0.2;0.334807378490731;0.46;0.5199345660508419
0.4;0.46425403542767335;0.42;0.34792236755019096;0.1;0.17787877254543277
0.1;0.4003065931109419;0.86;0.42235167420181446;0.1;0.2295309110019224
0.2;0.3870503628724024;0.36;0.4039969568293042;0.12;0.1762814121486605
0.2;0.18958920331408685;0.34;0.29283802351057026;0.3;0.3197522561174884
0.16;0.19389158920895405;0.28;0.26645976013249245;0.3;0.3004308899993538
0.22;0.28234185294972897;0.34;0.2431742828126186;0.22;0.28079984660971663
0.2;0.19664329905576644;0.26;0.25221687580150237;0.36;0.3036030004318269
0.52;0.4021818753828385;0.24;0.37997968909640284;0.22;0.18897188372722612
0.58;0.5001708212371356;0.26;0.32194176714568207;0.18;0.1827161845287782
0.14;-0.040067399410750604;0.34;0.39725513005040475;0.42;0.30839078707217654
0.54;0.39015395116834534;0.24;0.37964015477163676;0.32;0.22392809745222225
0.4;0.4270469808864747;0.48;0.410264291301716;0.24;0.3013707844146217
0.28;0.3858918096896404;0.66;0.4636157109518361;0.26;0.33989040412814747
0.36;0.3886786307731584;0.48;0.4200278673541799;0.24;0.2754935703958444
0.8;0.6328075329596474;0.18;0.32096122619945183;0.36;0.1472558435550076
0.6;0.5083928657095969;0.26;0.3319494147911339;0.3;0.23297062121319018
0.1;0.2521208662246452;0.26;0.1737422142869544;0.14;0.2850900286751488
0.74;0.6233540588172148;0.24;0.25951022474165447;0.22;0.11781502235573443
0.6;0.5333688998411092;0.28;0.35696230537684775;0.48;0.36070450336851595
0.3;0.35445264572121155;0.28;0.2026823216272799;0.24;0.26833501718628044
0.36;0.3314655604770295;0.34;0.459461866739532;0.28;0.26647413361221256
0.56;0.5079603430722572;0.42;0.33520708444360386;0.22;0.19084266657163257
0.36;0.36250293977760045;0.2;0.17570283789540858;0.42;0.29777151256008155
0.42;0.37736900457133665;0.14;0.16022187115817949;0.48;0.2639423955828653
0.44;0.46105677385117055;0.46;0.3867494341226429;0.2;0.275907904216985
0.28;0.24107031426407993;0.24;0.249094920727509;0.46;0.35753025777879716
0.28;0.3848005638189151;0.66;0.47131303528524277;0.28;0.36542227514497144
0.12;0.014155864214190295;0.48;0.6936958628605947;0.44;0.40946860674997426
0.32;0.3901223799590114;0.56;0.4449021118165117;0.26;0.3306518239250585
0.24;0.21197305982398412;0.46;0.5605272747578607;0.42;0.37235257410914985
0.12;0.007762351407146262;0.62;0.6907237045761161;0.46;0.41833306403982023
0.58;0.48031924335022474;0.14;0.1849299573655056;0.12;0.23321764617666135
0.7;0.6327086433282447;0.28;0.2653320210113403;0.34;0.1585339488862934
0.64;0.5210246910650385;0.18;0.28719653551301255;0.24;0.14498349292151774
0.5;0.439311462799482;0.36;0.3848336978785422;0.3;0.2738773208782624
0.68;0.5390848687698637;0.18;0.29457446740936993;0.16;0.13385144508408248
0.1;0.08302608195399025;0.66;0.6045167018122595;0.32;0.32459822899733753
0.58;0.49691099059198657;0.14;0.16516480903342162;0.24;0.23318177284267622
0.1;0.1047045857244357;0.64;0.6030506449061843;0.3;0.3392477553192413
0.46;0.4683266206176044;0.22;0.19527499643873475;0.42;0.41184581888499056
0.4;0.44200159423144364;0.28;0.3691915845068163;0.12;0.18112482975795446
0.44;0.35915591856769574;0.32;0.4241653512744829;0.26;0.2519412624160458
0.62;0.505114769373632;0.18;0.2969237639172608;0.28;0.3555246755704707
0.16;0.3705308727175535;0.4;0.42317458823161863;0.12;0.19391170010289388
0.26;0.17487996636703124;0.26;0.29405132055742306;0.46;0.38431738487432826
0.3;0.3547407139152072;0.3;0.21278506593396534;0.26;0.29550519815425164
0.16;0.3267587392949964;0.4;0.45900379018430576;0.16;0.22632074320055212
0.36;0.3250836718144698;0.46;0.4651024339049112;0.46;0.3495393424001128
0.42;0.28659690687768496;0.32;0.4870942926221186;0.4;0.30732808727987676
0.3;0.31764319404740043;0.1;0.15453690667836034;0.24;0.2719240029633659
0.5;0.3584243035565053;0.3;0.4032222794666264;0.48;0.2881304157021765
0.62;0.5491177180318816;0.36;0.3120620090351675;0.28;0.18355686348849704
0.18;0.3902438289874099;0.7;0.4176106142261428;0.12;0.2379559630680666
0.22;0.41113916568521497;0.74;0.4477515888237999;0.16;0.31317955973944495
0.42;0.418490002473719;0.56;0.4177249460329701;0.32;0.2900763618264995
0.6;0.6171314440020426;0.12;0.03734354608482099;0.5;0.2859463627297663
0.16;0.04963991692273034;0.38;0.6857987596779591;0.5;0.4216049032333649
0.46;0.47233102516570263;0.52;0.35810480290869257;0.16;0.20003648764362142
0.2;0.16563797168402922;0.28;0.2831358403202497;0.38;0.32855058089658146
0.22;0.2779371409699622;0.28;0.22581205621470807;0.26;0.2880734314555929
0.64;0.5669767431753188;0.12;0.17410625799819818;0.1;0.2364298615825709
0.48;0.4780052081584231;0.18;0.07803041980634723;0.46;0.3053361411030329
0.54;0.5154570291717862;0.4;0.3915144849922509;0.36;0.3577901345788695
0.74;0.6186044757211577;0.18;0.2766538280829646;0.18;0.18179754181574653
0.28;0.3261349604044896;0.5;0.4566736365555581;0.24;0.28635615771839357
0.48;0.49118785753462796;0.46;0.36215400882097376;0.16;0.23170748549163195
0.32;0.36907040746682335;0.3;0.21223422509005124;0.28;0.31244407643928357
0.26;0.2965156303304412;0.58;0.4940104993129932;0.36;0.3451263527438249
0.46;0.4307796233368763;0.36;0.3675828644082852;0.22;0.2191677868163487
0.12;0.12377398003222745;0.72;0.615540024411126;0.42;0.42078597429429637
0.14;0.40103771670587357;0.76;0.4076712439516765;0.1;0.23372566627504116
0.3;0.27338802468507745;0.32;0.3092248505913144;0.34;0.39196107245081807
0.5;0.4491685825053808;0.26;0.35031817241162705;0.12;0.15583817452603116
0.1;0.2349294845176801;0.66;0.49809558533814985;0.18;0.24394838403339408
0.68;0.6015072636392078;0.24;0.299121794647996;0.26;0.2353908034905095
0.14;0.018960936619252855;0.58;0.6695263536615041;0.5;0.40973351377274186
0.5;0.35363264473761696;0.28;0.4087656150325866;0.36;0.2541102391423982
0.36;0.25317854018037317;0.36;0.5252561208104407;0.46;0.3422599900233428
0.38;0.23044476593547863;0.26;0.5051415375744572;0.5;0.4871417981320994
0.64;0.5328989285166743;0.22;0.3061796226268651;0.2;0.17358679409037509
0.14;0.12339677718046865;0.1;0.07766580653670835;0.26;0.37715347938908567
0.1;0.19590036307087794;0.34;0.26056244163756864;0.24;0.28860153335333566
0.8;0.5637104340513603;0.14;0.31442126457107483;0.12;0.14771689565106444
0.1;0.13617815387468973;0.24;0.2417778570531805;0.36;0.3127017495531908
0.22;0.2305459314797617;0.12;0.16047416902027684;0.44;0.31720359980658147
0.3;0.3493164263060053;0.4;0.45437036114235346;0.22;0.27799068081384976
0.3;0.35461496959698174;0.46;0.4329880212816601;0.18;0.23699548986758773
0.34;0.3353913037665934;0.1;0.16557983917192692;0.3;0.2693821746703327
0.3;0.326184295207861;0.12;0.16099623038018612;0.12;0.2569521276098135
0.44;0.2850207489388638;0.32;0.48025240974270494;0.44;0.3201706427824496
0.18;0.30232764967007747;0.3;0.2078588465402344;0.14;0.2690693820520727
0.18;0.15114300851557666;0.12;0.17553832250418216;0.5;0.3495962566650866
0.54;0.4344237743239476;0.14;0.18989908698984798;0.14;0.23424270525678198
0.56;0.48270533095589635;0.28;0.3293155612548386;0.18;0.16716316059382225
0.28;0.3869863333119114;0.7;0.4373299631513358;0.22;0.274741513834079
0.44;0.3583902269358689;0.38;0.4265722681569823;0.46;0.31962674876695646
0.68;0.6864656360316752;0.14;0.22138580204288977;0.12;0.3413075705382758
0.34;0.3168808116579684;0.46;0.46566950225865716;0.4;0.33698832074734414
0.54;0.46895997566919484;0.34;0.3876050465071838;0.4;0.32972432387089784
0.12;0.2667635506549019;0.5;0.4982407029810229;0.18;0.24937665493783984
0.4;0.3815478568133714;0.48;0.4575665648127451;0.42;0.3772781803631409
0.16;0.09682387249098107;0.52;0.6489418787325019;0.46;0.4178090770286565
0.22;0.28527617722424886;0.18;0.17699435517826706;0.26;0.2952244097636259
0.6;0.4908249064544223;0.24;0.3308072688824463;0.36;0.2382415633648583
0.18;0.3873311131381471;0.48;0.40620376259529073;0.1;0.18831186694703833
0.22;0.28354685024324205;0.72;0.5660057474434066;0.5;0.47999280400751504
0.36;0.4016528195719233;0.6;0.522937954756004;0.5;0.48378264777387076
0.52;0.45675345457218136;0.36;0.39545046098572206;0.38;0.33109556236164567
0.48;0.38449138736287275;0.12;0.19349806739254766;0.12;0.22986965540113774
0.38;0.41062745237113213;0.3;0.3951631517397242;0.16;0.20585045435422616
0.24;0.28030161189971076;0.52;0.49508728256441364;0.26;0.3117123634507158
0.46;0.32380785776466475;0.26;0.457223635914681;0.36;0.27440786680745705
0.16;0.10591154110294959;0.56;0.6389063016907681;0.42;0.40425209646151133
0.14;0.280469386390054;0.76;0.50808474432725;0.24;0.344747077012932
0.46;0.3811549884662228;0.12;0.18545807871788716;0.28;0.24141598789288482
0.74;0.8041686604203464;0.14;0.2111926441591347;0.5;0.32156891057298426
0.14;0.4105189604638057;0.82;0.4168737552191441;0.1;0.23951679375154017
0.44;0.4554173624079298;0.38;0.3525750833847507;0.14;0.1913961231774471
0.38;0.4472127696221421;0.52;0.3989703279832863;0.18;0.28217595095353604
0.28;0.35569021622970504;0.54;0.43819509731522394;0.24;0.2804693642637864
0.24;0.32772897126072004;0.66;0.51424465910094;0.36;0.4277553555173262
0.5;0.39078370547252356;0.1;0.19562886373528093;0.14;0.2478007743541531
0.16;0.08581938310764209;0.56;0.6552162333546516;0.46;0.42222658262259133
0.5;0.4292700516388394;0.38;0.4290716228117272;0.5;0.3966549929582533
0.4;0.3881166962650597;0.36;0.40480187723139344;0.18;0.22158921775446233
0.74;0.8303343268362668;0.16;0.2376387868429159;0.46;0.416063108653936
0.1;0.11484957144966906;0.72;0.5890292729916748;0.38;0.37506385534900405
0.68;0.6167084304181587;0.22;0.30579591321760197;0.3;0.28628866929003666
0.14;0.24082719656611723;0.28;0.2088399927579811;0.2;0.2698646269351804
0.3;0.32796720257424433;0.14;0.16865837397424704;0.22;0.26006906520112866
0.46;0.4419566743776941;0.22;0.18061204177410523;0.14;0.23277933489251895
0.28;0.41747304916647615;0.6;0.40279563351008213;0.14;0.2382484374310883
0.26;0.26684992064178353;0.1;0.15277593123558936;0.48;0.31080240333954295
0.16;0.294406422760703;0.6;0.4728836668792706;0.16;0.2421765934535705
0.28;0.18984091899429395;0.32;0.3684495949869781;0.38;0.4280527302252671
0.58;0.41531889747925427;0.2;0.3561238073426917;0.32;0.19976822851899728
0.66;0.6632445954394777;0.16;0.2369537405674073;0.12;0.3419626361220614
0.28;0.24336903062491339;0.36;0.5412283645964362;0.44;0.3511161727851749
0.5;0.38426056478292175;0.1;0.19012061223500004;0.26;0.23172367640933716
0.76;0.697481617708023;0.2;0.3139384344165503;0.24;0.27120247804857117
0.32;0.4230335339727291;0.42;0.3834703644854624;0.1;0.1903113215555044
0.46;0.28479536242162035;0.28;0.4844330496939843;0.44;0.31170665322873164
0.58;0.7280159911531727;0.18;0.07776980234195568;0.22;0.27296414675220776
0.5;0.4588967905043419;0.26;0.3420638170624752;0.1;0.1424679643360554
0.22;0.36331671137690486;0.36;0.43233653919139775;0.16;0.21950972439390798
0.64;0.5450254058686868;0.24;0.3087203705509804;0.2;0.18683423505914393
0.28;0.3699791890658887;0.66;0.4846246337081805;0.32;0.3765608035142583
0.24;0.2956206671904568;0.14;0.15385136322464027;0.22;0.2850464117053156
0.12;0.1833520088400406;0.84;0.6753654225607246;0.48;0.563321875053993
0.14;0.2636362727623138;0.38;0.4789113593009528;0.2;0.2086747150402522
0.34;0.3519365815212951;0.54;0.4816453012421828;0.42;0.38446442582225077
0.86;0.5462495169052362;0.12;0.2947737979985671;0.18;0.08242219183396232
0.52;0.43743974315828077;0.22;0.35713822441067683;0.32;0.42167992423815465
0.62;0.5762737311731045;0.14;0.16632401678985181;0.1;0.2341422358485437
0.24;0.28637563432107677;0.64;0.5317555166493773;0.44;0.42357267712581065
0.22;0.2718725407719959;0.16;0.16970422731091722;0.3;0.29871188920953445
0.26;0.2370034659279498;0.34;0.5433857292336495;0.42;0.34194117293276977
0.42;0.35979353297000366;0.1;0.1839687372053131;0.1;0.23659087571997534
0.4;0.3561305361417639;0.36;0.4305955611580298;0.24;0.2544518910460232
0.62;0.5631416991654292;0.28;0.3268646431235506;0.26;0.27044232944564955
0.3;0.3414836642466825;0.2;0.1848308284755486;0.22;0.2555784919346769
0.2;0.3385894095348065;0.48;0.4484490185338725;0.16;0.24420086393224155
0.24;0.42524136116166894;0.6;0.3856678535158206;0.1;0.21263755957350045
0.24;0.22056229555157508;0.26;0.26062053345577246;0.4;0.3505577635133142
0.22;0.243522930274304;0.26;0.24186436846759668;0.34;0.32206030109737244
0.48;0.44635053374477857;0.44;0.43553926061377374;0.48;0.42492969615077586
0.14;0.2814618270214326;0.6;0.47481273811345764;0.16;0.24528613868580523
0.18;0.2767600705531749;0.42;0.4967156812600006;0.22;0.2669041725112669
0.8;0.5831845015640924;0.16;0.33188525409443875;0.14;0.17719532347175632
0.26;0.32067391772275194;0.14;0.15732905666247737;0.14;0.2858895436216989
0.26;0.29739728488471123;0.54;0.47751540294109523;0.32;0.3190511428730139
0.54;0.48139227115018607;0.26;0.32106970220841297;0.12;0.14117135419593924
0.26;0.40448554297096145;0.66;0.4312849536712104;0.18;0.29914352456166343
0.36;0.3302950665858206;0.48;0.4776308596181604;0.46;0.37488967799894285
0.24;0.33135486770386685;0.26;0.19375343785500226;0.14;0.25645765439214246
0.26;0.3326196443791802;0.2;0.17812272481344954;0.14;0.2653604407880215
0.5;0.49942656107751454;0.4;0.3417731309076341;0.12;0.20055611419835545
0.54;0.4680532227254461;0.32;0.353395728176687;0.24;0.21365388208835784
0.52;0.4597661386922611;0.18;0.18113472034868855;0.14;0.22891183402726428
0.24;0.291953652126091;0.68;0.5417164699412933;0.48;0.446220419887772
0.6;0.5555662753509709;0.3;0.34480896494950136;0.32;0.32335906445047785
0.16;0.22141261230661663;0.12;0.10391500649385782;0.14;0.3456139776251837
0.16;0.2457214117081336;0.7;0.541305242806666;0.3;0.36767896988514
0.1;0.27587647458149583;0.3;0.18896699698599767;0.12;0.28686872895011734
0.78;0.5603467618510523;0.2;0.294482308269502;0.1;0.1078486858180901
0.26;0.3241815180517748;0.22;0.1875128055997532;0.2;0.2613425636643916
0.14;0.34668875171560537;0.48;0.42708794815737255;0.12;0.19326254319978547
0.36;0.3435192104326263;0.1;0.171047309603318;0.3;0.2666768198406038
0.36;0.4072295532474201;0.28;0.19666991081283064;0.1;0.24917110641772583
0.3;0.35502506392806915;0.22;0.1872767559212331;0.14;0.25259507385559404
0.54;0.438700061711019;0.28;0.3516933743125687;0.34;0.22488322831043833
0.24;0.38751349813486663;0.74;0.43249807947332747;0.18;0.26787627439629264
0.34;0.3997850409014931;0.5;0.41174924882207725;0.2;0.26246588597707105
0.56;0.5638753201634061;0.4;0.3992063161043344;0.32;0.38601893480015464
0.84;0.5783887752355825;0.12;0.32676258951335874;0.14;0.17618821537389012
0.74;0.5776435713244881;0.14;0.2798018765644141;0.14;0.1335160845214381
0.4;0.4274937957148965;0.24;0.1563764709249053;0.34;0.2930103760360288
0.24;0.26322684461755735;0.5;0.5117494987094002;0.28;0.3156738330635625
0.62;0.43840226930655185;0.18;0.33554691030344336;0.36;0.37631214735951973
0.34;0.4274433499657861;0.38;0.3775180626104497;0.1;0.17528858776314055
0.3;0.302831559813258;0.32;0.2766236231697771;0.32;0.3698848486688809
0.3;0.37013202017367214;0.68;0.4577304584509047;0.3;0.31178585233323647
0.22;0.2669518578762095;0.46;0.512255159562508;0.28;0.31279395822668393
0.52;0.40240125651804853;0.12;0.17644206742784369;0.42;0.23071784285480762
0.28;0.2675965921284715;0.24;0.2282797687995039;0.42;0.31424931339873924
0.3;0.3017535316220063;0.1;0.15811747341330679;0.48;0.28966436238260146
0.28;0.40608664502934894;0.56;0.39920825640172203;0.14;0.22377707392252605
0.24;0.2813876234974885;0.44;0.5020184836912887;0.28;0.3062831453696396
0.26;0.2529558566806302;0.34;0.528494719784889;0.38;0.32313760642499917
0.32;0.3332575464189575;0.5;0.4597910999096168;0.36;0.32542801328694454
0.74;0.6134193670352788;0.22;0.30135202575474657;0.14;0.18498566843951553
0.5;0.43174934273889826;0.34;0.37584979015991243;0.28;0.24458140708222859
0.24;0.29777033286321747;0.12;0.14167212573961868;0.16;0.2946463892045222
0.38;0.3779714359249213;0.2;0.18047685901423555;0.3;0.2554475144337181
0.3;0.3173330333263366;0.16;0.17839789939161327;0.38;0.27541028364007675
0.16;0.17500692858165373;0.12;0.13852569351625837;0.34;0.3476537201547166
0.52;0.4869174999815599;0.42;0.4260442340870238;0.48;0.4137391675223859
0.46;0.37575505818168303;0.1;0.1739251991318877;0.46;0.24995969386063793
0.22;0.1156276095429562;0.28;0.33086725509449016;0.44;0.37354900394019014
0.38;0.3702623485859406;0.6;0.47122910685993097;0.48;0.3614558782214266
0.14;0.1916339785730316;0.16;0.1409380347877171;0.26;0.3105595011155265
0.54;0.3537184101453918;0.22;0.41498868526274996;0.36;0.24224672482652126
0.2;0.17499049205730594;0.4;0.575061187641013;0.4;0.34301404170283606
0.16;0.12127101188554129;0.12;0.18693913622538466;0.5;0.3753214315494012
0.6;0.2910832770451834;0.16;0.4418199104162081;0.48;0.42958282194156455
0.1;0.026514768703053526;0.12;0.13096033665583312;0.46;0.4042415064101937
0.12;0.3917573259180231;0.76;0.41436610849064087;0.1;0.22817442682674655
0.2;0.2584306300732295;0.32;0.24324592946536788;0.24;0.28476541302061437
0.1;0.30122075003450427;0.68;0.4529667679369293;0.14;0.2257548816694515
0.1;0.35351458869196656;0.82;0.44870108661449953;0.14;0.2740064112558747
0.26;0.33972901662319693;0.7;0.5565923868201861;0.48;0.4883775473780139
0.4;0.3656823908289099;0.3;0.4279719791816003;0.24;0.23745055483187288
0.86;0.592818656793854;0.1;0.3324051012576145;0.18;0.2005600967668278
0.42;0.4274689629334191;0.22;0.1584425639996933;0.44;0.38097467163974047
0.44;0.4016985682571474;0.44;0.4414542942981125;0.42;0.3706601478899421
0.28;0.3357076254758355;0.64;0.5117428679673932;0.44;0.4275125382811558
0.5;0.48027962345115477;0.34;0.33594279356339846;0.12;0.1713920245135006
0.3;0.36069057991611836;0.26;0.1935639950187646;0.16;0.24699003592684848
0.44;0.445592003477502;0.48;0.40787552061006344;0.28;0.31850578383447387
0.62;0.7547364485908916;0.18;0.1597005356283578;0.1;0.30469079193326026
0.12;0.08373595207255996;0.34;0.359941726379483;0.36;0.3440098300881181
0.74;0.9649208794797788;0.22;0.3152800045294352;0.5;0.5520407402189056
0.5;0.5120266924912202;0.46;0.40559832079608177;0.26;0.34320591160949393
0.5;0.48008553461380793;0.48;0.35685048169039496;0.2;0.2086665863410309
0.48;0.44179983406996975;0.42;0.4402272720325808;0.48;0.43506023834775137
0.18;0.12525214149904124;0.28;0.3137191607219176;0.4;0.34610516710748757
0.36;0.3066620985163994;0.3;0.48080849718920965;0.36;0.28707844607075744
0.32;0.4423086884244484;0.6;0.3935796769101582;0.14;0.24959205523274536
0.18;0.3216733727670104;0.7;0.48350315004368233;0.22;0.32783337255677397
0.78;0.6033922389528088;0.12;0.3009814240636441;0.18;0.18341746841208023
0.46;0.373482669582559;0.1;0.18926046401388524;0.14;0.2376280287214519
0.56;0.5239836635295079;0.36;0.32086413511080386;0.1;0.17491500775140084
0.5;0.33520092416833486;0.26;0.432851083739828;0.36;0.26361832365197474
0.7;0.6609107067895097;0.28;0.25917807346780214;0.4;0.18593226476662666
0.2;0.23775635617860197;0.46;0.530580816821485;0.3;0.32760319060884685
0.24;0.2550028271494768;0.6;0.5367040979106161;0.48;0.41723193730891867
0.26;0.24839411199077838;0.34;0.5370152306622853;0.4;0.342150426453066
0.18;0.27559280231182876;0.36;0.24648923279173934;0.18;0.28144734207712135
0.3;0.3076453237896161;0.24;0.20994276748437207;0.4;0.31491750048181816
0.36;0.41352197267956264;0.46;0.39117435920686566;0.18;0.2346095664686692
0.38;0.4803630081150502;0.54;0.3611638292967651;0.1;0.22035567324562694
0.7;0.6075534527202551;0.28;0.2745202411845408;0.26;0.15203007999992396
0.76;0.7281124341645311;0.22;0.23505472393905186;0.38;0.13782400319462967
0.18;0.17792531156063668;0.38;0.5774372161738068;0.36;0.34138482640674456
0.28;0.09962741410299153;0.32;0.5128070244056684;0.44;0.495877649592166
0.6;0.5496966210295271;0.32;0.33155764600659515;0.26;0.2647177601160769
0.72;0.7292999247784822;0.12;0.18285149361013814;0.36;0.3721205523718459
0.32;0.32098987581948685;0.38;0.4736850128054268;0.28;0.2885038946432195
0.1;0.33761003098557446;0.52;0.4352124980207403;0.12;0.1976049833369365
0.56;0.4195951277084064;0.1;0.18137702804646344;0.36;0.22874043726665777
0.16;0.3040516489950222;0.42;0.4804254782086172;0.18;0.2505774598847728
0.74;0.7707481724068559;0.2;0.2595847213831572;0.38;0.29903378932605224
0.16;0.16161698185527634;0.4;0.5954312268281055;0.34;0.3422809616922314
0.32;0.3540764436312018;0.56;0.48012178385958143;0.38;0.3798439989372247
0.1;0.12107287794219851;0.14;0.09817608554040297;0.24;0.38300286079357365
0.26;0.24127286095991857;0.54;0.5238003691570949;0.5;0.3810945990438262
0.42;0.39820650552525344;0.18;0.1356396699752846;0.48;0.2907013625766757
0.22;0.17787327952648163;0.56;0.5655883175301082;0.48;0.3863078113204273
0.62;0.5122018814098241;0.22;0.3064011707599345;0.18;0.14968042355585626
0.1;0.265022398902319;0.82;0.5250961280117405;0.24;0.36112274093264946
0.6;0.47082409112191365;0.1;0.17159714430834433;0.32;0.24253031453739654
0.68;0.5565887302231702;0.2;0.2975983635140775;0.16;0.16554063907395916
0.52;0.477978804786433;0.4;0.4207157786771571;0.5;0.43101648256794706
0.46;0.38729599865172454;0.4;0.43696365074740234;0.46;0.3613253710855196
0.4;0.31130727733381186;0.36;0.46590457311426653;0.34;0.29952881199302
0.16;0.08154657334082466;0.44;0.6598048078759373;0.46;0.40557202319673197
0.2;0.3666974521628263;0.7;0.45189197709645973;0.18;0.302386256638477
0.64;0.5691864456571538;0.26;0.315505480446242;0.22;0.24064751501428022
0.16;0.2643246283415423;0.68;0.5182926057797925;0.26;0.343657029596705
0.38;0.42334225443824075;0.58;0.5077899126955228;0.46;0.48210913322663546
0.18;0.12139076524255338;0.52;0.6208777997499635;0.46;0.3992438981609104
0.62;0.6029233690042746;0.3;0.3426337324329662;0.48;0.40624228984896776
0.36;0.40801235712452105;0.28;0.18908197148096767;0.28;0.29725977843756995
0.26;0.4168258077331914;0.7;0.44673899027864045;0.18;0.31185723715757435
0.46;0.3892060885867054;0.14;0.18272207853817085;0.3;0.24219557648402829
0.36;0.3550993201512697;0.44;0.43373475122985033;0.3;0.292880129907025
0.2;0.2783884187865994;0.18;0.16653935720639018;0.22;0.29571069721614324
0.68;0.6761226918194738;0.24;0.3023204059561461;0.44;0.3808773724654833
0.26;0.23417226396996832;0.3;0.27444254415933605;0.36;0.3516587422398692
0.62;0.5222757526281343;0.12;0.17061899488369042;0.22;0.23892881287910145
0.64;0.5232791555099838;0.18;0.284536342467484;0.3;0.16661304663788373
0.16;0.19082785891379367;0.7;0.5913828170837914;0.42;0.4305208641502026
0.1;0.0739633857434911;0.44;0.6145058981097418;0.32;0.2948113127983936
0.16;0.16803710787383047;0.2;0.2450359146042526;0.4;0.35112885183159565
0.68;0.6921044462616981;0.14;0.22205115884429388;0.1;0.3369276756413511
0.34;0.44204785853050205;0.58;0.39869525634429087;0.16;0.26726878809510085
0.38;0.3431349594034871;0.1;0.1702553054876656;0.48;0.263025605225443
0.14;-0.0597711961992487;0.3;0.39340469814273965;0.48;0.3160597676074764
0.42;0.27588443025725845;0.34;0.4868609793651341;0.44;0.3164281944984913
0.68;0.5585067697315382;0.26;0.30228053123541904;0.12;0.14882962037945108
0.14;0.24438302953878271;0.18;0.13509326022666918;0.14;0.302472047639987
0.18;0.15724205016215514;0.1;0.14298898857296044;0.48;0.35891408075241943
0.32;0.4582226662052606;0.64;0.40799330256061345;0.14;0.2745781921711688
0.72;0.8690571269295064;0.24;0.32799419804418867;0.46;0.5135338258079463
0.82;0.6146385993050687;0.12;0.34797666714713066;0.28;0.240808442978028
0.22;0.23205027976239173;0.22;0.2248960170734488;0.38;0.30827640228387226
0.32;0.4401056776034708;0.62;0.4073335360374994;0.16;0.2724319964340572
0.18;0.1332388600474929;0.5;0.6100857438929534;0.44;0.38524118666901247
0.14;0.07483222873934786;0.2;0.25794630127945445;0.48;0.3235365553728036
0.46;0.3690201961795638;0.26;0.42125513160424183;0.26;0.2353527926233659
0.16;0.2648353707775912;0.26;0.21112476323978163;0.2;0.29942783744549845
0.38;0.42195571683456173;0.58;0.512431441504398;0.48;0.49314544650548614
0.26;0.4089683845252254;0.46;0.3941202358118627;0.1;0.19346389191850394
0.18;0.2562961682270399;0.58;0.5029433234009641;0.22;0.28465908812180546
0.42;0.3762738816833619;0.14;0.18301998852971585;0.26;0.24789271316672684
0.18;0.20722152674773903;0.7;0.584804601504666;0.48;0.4496500014162513
0.2;0.1844114985476481;0.24;0.2535332645476213;0.4;0.32471780259670086
0.42;0.40643986867647336;0.4;0.3939612201154727;0.26;0.2629600991770423
0.32;0.3285800890416099;0.14;0.1722804631247225;0.38;0.2731418722626762
0.5;0.41274961982932873;0.14;0.15255210162390503;0.46;0.24657163052083947
0.56;0.44221212940662874;0.12;0.17139635080699483;0.32;0.22289451969019242
0.12;0.11069052956255526;0.26;0.3028684447918277;0.4;0.34273140603661206
0.36;0.3902970174758466;0.36;0.4096848293566577;0.16;0.21307949707625712
0.76;0.6804040761723031;0.1;0.3011184047563599;0.2;0.4245157333354604
0.58;0.45257061524307723;0.12;0.18862875533638962;0.12;0.22696346145844531
0.74;0.6778549375851968;0.16;0.2662241257416664;0.28;0.24767047798045555
0.18;0.3258204506049382;0.8;0.47799158494126565;0.22;0.2989351742128639
0.6;0.7789984948910005;0.16;0.040701267825903276;0.32;0.33824367257250915
0.46;0.3826790141422351;0.2;0.24568090060666598;0.5;0.43215379900551115
0.24;0.3768821466648277;0.68;0.45777099109095437;0.22;0.3349209909510256
0.24;0.2852380030949406;0.1;0.1302085145431075;0.16;0.29498290286328827
0.72;0.6324046071072773;0.16;0.2669347544206541;0.28;0.20802617247949856
0.5;0.45896898730673436;0.36;0.3659926261332142;0.22;0.23763020682591846
0.14;0.05169846535058448;0.26;0.3040666242257057;0.44;0.28825845443049675
0.42;0.3695313343942403;0.28;0.4296171303531661;0.26;0.25620342756065556
0.28;0.3108889741182012;0.14;0.17060185469932881;0.36;0.296805963847425
0.22;0.2563605883785997;0.16;0.17795408960871945;0.36;0.30871681125413547
0.32;0.39474303092242885;0.6;0.4511144812877756;0.28;0.3465503973966753
0.36;0.4671246086760889;0.62;0.3608446496249382;0.1;0.18971533446558114
0.28;0.43113075357422453;0.64;0.40406380626986865;0.14;0.2601548296720529
0.34;0.4199110196203734;0.44;0.38102149910062016;0.12;0.20284278903228087
0.1;0.12474591862883394;0.18;0.18906733407394077;0.38;0.34962457231041016
0.48;0.44732749439410363;0.2;0.17072368407320332;0.2;0.23269756880180298
0.72;0.620186836155513;0.22;0.2861646275414042;0.2;0.18578291229730498
0.4;0.45109651568444215;0.58;0.3763252464531927;0.16;0.212423913914285
0.2;0.2134429239148205;0.18;0.20136319482831871;0.4;0.3130345243300559
0.24;0.1733286442322723;0.5;0.5902152140597832;0.5;0.41140264430133927
0.42;0.37423517303838033;0.12;0.18097883050209268;0.3;0.2607004733116361
0.24;0.3450150846614563;0.62;0.4648489409226865;0.24;0.32190608801233284
0.1;0.3682621281235911;0.82;0.4306962713354007;0.12;0.23732250365086488
0.1;0.3087346849872021;0.82;0.48082440371884266;0.18;0.29297972003889244
0.3;0.3317916604172681;0.16;0.17348090447757264;0.2;0.25100659242799056
0.22;0.21410435327473615;0.3;0.2758004355324683;0.34;0.3354626510431507
0.48;0.38532546280799246;0.12;0.19394243687222107;0.1;0.23249445634750204
0.3;0.33398261913565513;0.14;0.16731444220650465;0.1;0.2552216514936339
0.78;0.616911991022137;0.12;0.30175286535082896;0.2;0.2022658746953772
0.48;0.4164339757131345;0.38;0.40658490707824874;0.36;0.3107047562979864
0.36;0.31686369222407657;0.34;0.47510560347962744;0.32;0.2923473049388639
0.44;0.3639130739883229;0.1;0.18048670489552981;0.32;0.2323458975645059
0.66;0.5572917946326912;0.2;0.303385797978515;0.38;0.23604873111859265
0.2;0.18459308787761736;0.54;0.5665839462851221;0.36;0.3603979157518387
0.56;0.528297259620176;0.38;0.35023032046316266;0.22;0.25463547640877154
0.26;0.40516877327752504;0.68;0.4457618079791967;0.2;0.32871178759274416
0.38;0.4340077052224857;0.36;0.37076450127901345;0.1;0.1756036449757295
0.26;0.42956637638209977;0.56;0.3762105860461428;0.1;0.19959955818504854
0.1;0.2076406294682031;0.72;0.5242792756302148;0.26;0.3155993025255049
0.6;0.5290900348588268;0.28;0.3401820207903736;0.34;0.2816121537214605
0.58;0.48677208744421;0.28;0.35109576860193065;0.36;0.2665704731035197
0.54;0.4335763126357663;0.14;0.19212219179018425;0.12;0.23376420993159913
0.44;0.508357042482787;0.24;0.12434868355438161;0.3;0.29682348554872023
0.1;0.23046383060159464;0.5;0.5123933520520592;0.2;0.24851819711105977
0.18;0.12119076469139295;0.34;0.3410846628498884;0.34;0.3471666001446528
0.38;0.23909887314314354;0.36;0.5239121340472235;0.48;0.32734229378855334
0.24;0.43286339566752624;0.68;0.3875433490219404;0.1;0.20936046046347828
0.26;0.34484253061528286;0.54;0.4413389041774291;0.22;0.27590545207485834
0.14;0.17411070995060535;0.52;0.5524556583097404;0.28;0.3029214889167014
0.18;0.18066784689961118;0.1;0.1269589732397815;0.4;0.3541191056385094
0.42;0.2801520495809357;0.28;0.5062478658524807;0.5;0.34965215279147005
0.68;0.637826809596804;0.14;0.22626900062925265;0.26;0.35199015859639987
0.48;0.47024929653281483;0.44;0.39212485335029007;0.28;0.3190294684397151
0.6;0.5430758719723643;0.38;0.33910986611749044;0.46;0.264254267107595
0.36;0.3777649985065367;0.24;0.18438409107386028;0.38;0.3243985204366942
0.22;0.2976844431861864;0.16;0.15505179513347506;0.16;0.28371637699681346
0.36;0.381176934824454;0.48;0.4260094369263154;0.26;0.2846192104576693
0.32;0.3350793095909112;0.12;0.16697740275573486;0.16;0.26048495969803925
0.48;0.4204350514653769;0.16;0.1487160065673631;0.42;0.25614997706433146
0.18;0.24281382032055782;0.2;0.19110392917498692;0.28;0.3028793587119117
0.36;0.2623724335134853;0.26;0.3877939646254102;0.46;0.4674979485225271
0.14;0.17567035550780624;0.68;0.5409045710415097;0.34;0.32653581133201387
0.32;0.2569568240350734;0.42;0.5232193940592975;0.4;0.34627284290758725
0.16;0.3047380333307658;0.32;0.21277408148768834;0.12;0.27671092433008143
0.1;0.04136117701335856;0.32;0.35745043535953974;0.42;0.32606109376170084
0.24;0.28485061272452733;0.24;0.21106649690958185;0.3;0.2910299498827618
0.16;0.08823118402458768;0.38;0.653890379909279;0.44;0.39090637072153017
0.34;0.41426667498561337;0.4;0.3931965594001678;0.12;0.20794156287289584
0.58;0.542060423094499;0.12;0.07853023913245599;0.5;0.24683609120535893
0.3;0.32055021022946456;0.14;0.17093738943248232;0.34;0.2732093211064131
0.32;0.2979264522837554;0.5;0.48869142325121223;0.5;0.3670852679945034
0.42;0.3367219614784191;0.32;0.44592599932808347;0.28;0.25739493808550323
0.44;0.3554771852332423;0.34;0.4192691630245033;0.3;0.264469263546892
0.32;0.40116036352222445;0.54;0.4098313888982911;0.18;0.2445302628708595
0.76;0.650343887202611;0.2;0.3104998928106479;0.18;0.22852354064011765
0.24;0.2834440975344436;0.58;0.49495060198747715;0.36;0.34661701031197995
0.22;0.2781043920371588;0.12;0.13649453229154423;0.2;0.3045164980953166
0.34;0.385027084437455;0.26;0.19310059671740126;0.16;0.25256483882393527
0.26;0.3226509498274141;0.2;0.1841892270182452;0.22;0.2770456614809183
0.38;0.3821266525435491;0.2;0.18757256007450812;0.2;0.2540971824794616
0.46;0.354631110468931;0.3;0.4230895058861332;0.28;0.2482467770270836
0.54;0.4896640319137206;0.18;0.17756815249837493;0.14;0.23608717093174564
0.1;0.16423020486308254;0.34;0.2827772556631924;0.28;0.29876917914516016
0.26;0.3095597980034214;0.12;0.14846428288974883;0.14;0.2793522528817283
0.2;0.305093118446267;0.76;0.5598306303713809;0.38;0.4521932245810439
0.24;0.2255521159372919;0.38;0.5511245993176328;0.4;0.3509135856803232
0.42;0.3692308632368168;0.12;0.1830010936929664;0.22;0.24610484273356464
0.4;0.41213404746611254;0.24;0.1885011240175995;0.16;0.2505571016736275
0.24;0.2656833379003786;0.12;0.15498385081588245;0.38;0.3020770463176126
0.16;0.2704698823113831;0.54;0.5067428827995581;0.2;0.2872219474090008
0.2;0.36320583616449803;0.74;0.46518485792268044;0.2;0.3191519200086424
0.76;0.8210763698636343;0.16;0.24750853497520459;0.44;0.3498315253147615
0.16;0.2618359995157335;0.16;0.12813373581906368;0.1;0.30573249000244745
0.28;0.29104214806970113;0.58;0.5184120737894713;0.48;0.3979932307694077
0.54;0.536715328097644;0.42;0.35997836654692;0.16;0.2599897582291311
0.42;0.41895545135143814;0.2;0.13347325970139784;0.46;0.3366561704299676
0.2;0.19751089071164224;0.16;0.19356178092331894;0.44;0.31536822406605497
0.32;0.3522923069621641;0.2;0.18523177519165407;0.28;0.27295827695122116
0.88;0.5213149895282088;0.1;0.29427610331640003;0.1;0.06254259041265359
0.24;0.31962099003683314;0.6;0.47832519139687796;0.28;0.33375076508455154
0.24;0.238716753805656;0.12;0.16951258679427034;0.5;0.32529144723654385
0.6;0.5755540977337306;0.3;0.3697225037647566;0.5;0.45306765788996645
0.6;0.4776526032001991;0.18;0.319569511693326;0.3;0.39330579217943157
0.54;0.42398802706533595;0.12;0.1830386670646728;0.32;0.24455751508521134
0.48;0.4142438585089267;0.34;0.37586614214719666;0.3;0.24085841734356622
0.16;0.1590606606887392;0.1;0.11464961292388515;0.34;0.3744939804724146
0.32;0.36704737579968033;0.24;0.19089925794225698;0.14;0.24393592777219114
0.52;0.4940203623196752;0.34;0.3277961941795919;0.1;0.15688687117498207
0.12;0.2528988172883701;0.28;0.20823071372193985;0.18;0.3014211346606493
0.14;0.2576226742060414;0.3;0.2134270684630632;0.18;0.2814376705651745
0.3;0.43708706981138484;0.64;0.4130898753436167;0.16;0.2858283979739787
0.26;0.3426844932768291;0.28;0.20261274171854743;0.18;0.27388481828328454
0.38;0.4598654835119775;0.58;0.42301843463952443;0.2;0.3136113420501437
0.16;0.20156568071510045;0.38;0.5664600225214411;0.3;0.3274607927506344
0.26;0.4141635355524628;0.56;0.38831726748187484;0.12;0.21340056793454837
0.3;0.3198958347396556;0.3;0.2344801684656314;0.32;0.32251622133515584
0.16;0.19373312838441742;0.3;0.2847849140087117;0.3;0.3288103557865219
0.14;0.23553840673197762;0.58;0.5050766814083698;0.2;0.2556153605123433
0.62;0.6756127143247868;0.12;0.010250709255154422;0.46;0.30214733973310276
0.3;0.317410028230421;0.5;0.45974865902259515;0.32;0.2993662896362031
0.14;0.2286473339406087;0.18;0.14584513045275677;0.2;0.31347055335068946
0.5;0.47979277383851276;0.42;0.3841482391397559;0.28;0.30914917704095674
0.78;0.5687199773060045;0.14;0.2989056066263142;0.1;0.14484088780020615
0.3;0.2704350058593847;0.38;0.5196184859134274;0.4;0.34176745109096546
0.1;0.09892579694702314;0.56;0.6120240841350235;0.32;0.34641292788877026
0.22;0.3960169914664548;0.38;0.4069754413419073;0.12;0.20090946238708002
0.26;0.43172835225777967;0.34;0.3818861357089897;0.1;0.18830776619478856
0.24;0.22242775555835131;0.22;0.23979049371744415;0.44;0.3418566044513574
0.24;0.3009236139277662;0.6;0.4916529282523367;0.32;0.34678001061101954
0.34;0.3488852708936336;0.38;0.44543158701095215;0.22;0.2534213863630788
0.54;0.491444280181456;0.44;0.35276137938088786;0.26;0.21449501902805596
0.18;0.1532699457598043;0.62;0.5814182199842588;0.5;0.4079999835945847
0.32;0.3901555747441294;0.3;0.19878533249194524;0.1;0.24254707543284498
0.16;0.27460826076173966;0.22;0.17757009139453678;0.16;0.29455875139299
0.6;0.4775926165702928;0.24;0.34228093661484954;0.5;0.2909163231237591
0.46;0.39799692745994414;0.16;0.1765035548131319;0.32;0.24125386578138036
0.28;0.2601530234089126;0.34;0.5277194940138525;0.4;0.33389597123078035
0.64;0.5869901407521227;0.12;0.15356417142229722;0.18;0.2361817682662553
0.12;0.23906946488326647;0.8;0.5622515821343381;0.3;0.41032316161272947
0.62;0.6659667854086011;0.34;0.4036776801740924;0.48;0.49947122458477283
0.68;0.5333147652358734;0.16;0.2947637760651329;0.1;0.1250100630305218
0.32;0.39825888015126204;0.46;0.3960332988733139;0.14;0.2129126138318958
0.5;0.4175942636677818;0.16;0.1861464516798474;0.2;0.22921618745400624
0.56;0.6728946387791852;0.2;0.12021427033307325;0.16;0.2590420719998923
0.1;0.08958331742978637;0.26;0.29288896390573277;0.42;0.32402981017765514
0.58;0.6974725517591496;0.18;0.09368662225657792;0.2;0.25642420194743126
0.38;0.4333993106579343;0.5;0.3958462818909975;0.18;0.25432807845104494
0.36;0.4398088126796453;0.56;0.40195766562612895;0.18;0.2750995881864418
0.32;0.38298649195717055;0.38;0.41501027663871887;0.16;0.21161744251919062
0.16;0.14591143992373795;0.26;0.29609201424855164;0.38;0.3375233236739979
0.1;0.17497095206373253;0.5;0.5488472130406177;0.24;0.26228280693400224
0.46;0.44138235976433443;0.22;0.1881287560248463;0.1;0.243993398336591
0.2;0.18221236754991715;0.22;0.24328228224195775;0.42;0.3233591818287556
0.56;0.4229067730713198;0.24;0.34990858485948556;0.4;0.23702983175448994
0.28;0.349609766890923;0.48;0.4395575382775487;0.18;0.24755920385377467
0.4;0.4613502536864062;0.44;0.3523027821190123;0.1;0.17602996955779476
0.12;0.3783581453676292;0.82;0.43630705499212147;0.12;0.2488949199921882
0.82;0.5491039885181139;0.12;0.31336534452356907;0.1;0.13580969101042856
0.22;0.3198238468261196;0.2;0.1673072820456138;0.1;0.2730208273141051
0.12;0.37475130131712014;0.68;0.40933086189701234;0.1;0.2055691930653501
0.16;0.0762588414662077;0.46;0.6679994416308059;0.48;0.42497121143681854
0.3;0.3105052410532651;0.34;0.4815048733649416;0.3;0.2838971382503877
0.16;0.11449290078488311;0.1;0.15608021337178107;0.5;0.3877026484347033
0.76;0.7151632823632796;0.22;0.23982828048799226;0.36;0.13861410455135742
0.7;0.6456733751075079;0.14;0.22269018520680212;0.44;0.3845411368241179
0.42;0.3685253834807171;0.1;0.18356504356146636;0.18;0.2614102127226437
0.5;0.46327113192559616;0.34;0.3519122557334608;0.18;0.20795669672742806
0.12;0.269631190116806;0.48;0.4957383477725667;0.18;0.24554248590985767
0.14;0.20288824658613586;0.76;0.5759374306929754;0.38;0.4305582727328732
0.18;0.26359395728918295;0.2;0.17720754289855128;0.22;0.2932828531703598
0.36;0.27943321333671073;0.3;0.5051500307661609;0.44;0.3199705534863205
0.1;0.01608370531578779;0.62;0.6682282224084315;0.4;0.3836837182514535
0.36;0.3351752771071134;0.42;0.4441808055085314;0.28;0.27841470348722114
0.2;0.2907779428164205;0.22;0.18432549785266977;0.2;0.28994095094591105
0.18;0.1140579701065591;0.58;0.6207819688125735;0.48;0.42324028397587826
0.7;0.622600170685432;0.2;0.2910322409584662;0.26;0.25063617098314867
0.24;0.2733274945335837;0.14;0.16362341150222298;0.34;0.2870326064257461
0.82;0.5396140502103906;0.16;0.3065386468427615;0.12;0.0976629051413403
0.34;0.38432519868975284;0.54;0.4506388532550584;0.3;0.3424383470469428
0.64;0.5258920242820453;0.22;0.30320394265233935;0.14;0.1384425018106646
0.18;0.2999650448007373;0.74;0.5238696124080076;0.3;0.40808807238617023
0.56;0.3591995502093554;0.22;0.3896400455266413;0.44;0.24307043262891798
0.32;0.4493742876316717;0.62;0.3976886195930415;0.14;0.2596692683452267
0.32;0.31000371047242375;0.36;0.48397759416837366;0.32;0.3019078640950062
0.58;0.47864488378128706;0.24;0.3200773875323161;0.3;0.19840825762773934
0.44;0.44278171304573427;0.54;0.38900093108389305;0.24;0.24242396235056335
0.3;0.3163231618884496;0.54;0.4874939766357837;0.4;0.36520271398109744
0.52;0.4199304145086004;0.28;0.3636087830590153;0.3;0.22404586515563724
0.68;0.5754145834219899;0.2;0.2981849861902727;0.24;0.20489263068291225
0.28;0.2455438463859651;0.44;0.5319238264301103;0.38;0.3342779347943355
0.14;0.29537217830011436;0.3;0.18960889485647064;0.1;0.2594308280656526
0.22;0.2727902723000086;0.58;0.4982242676461521;0.32;0.3421221039915912
0.26;0.2767480650572069;0.4;0.5083197177424321;0.32;0.315942763256067
0.5;0.3864168315735285;0.28;0.3892205603579068;0.28;0.23033067514675226
0.14;0.14235363418195995;0.16;0.1707962248909009;0.38;0.3113936742587589
0.2;0.3473780716260834;0.6;0.43094833907378777;0.16;0.24164730506217952
0.12;0.031765489602507635;0.26;0.3605936834285199;0.48;0.3576636395764928
0.56;0.5337285273702592;0.38;0.38998500920760043;0.42;0.38118607647681474
0.42;0.3683481147699241;0.12;0.18429551075680556;0.2;0.2428163700894635
0.14;0.07090661578625806;0.16;0.21404090513252177;0.5;0.3114883263793678
0.3;0.339110622053498;0.68;0.4889067579609769;0.42;0.35362383892402877
0.1;0.3170267389198373;0.86;0.5154578079639489;0.2;0.35577760682338694
0.12;0.08427177119363599;0.1;0.06512629032867884;0.22;0.4452717576807493
0.52;0.31721134812441826;0.26;0.43006314134731943;0.5;0.2956979392353452
0.6;0.5140440142843248;0.14;0.18292004582084437;0.12;0.24025325996740948
0.8;0.6102501577607045;0.1;0.331956938641974;0.26;0.23752753587681413
0.18;0.22554010807240993;0.1;0.09540098134160607;0.12;0.3338444561419101
0.12;0.16425292685107856;0.16;0.15591018312037014;0.3;0.35220621380366085
0.24;0.3315712784399893;0.34;0.4616588914720136;0.22;0.25420079761571573
0.22;0.38010381898411233;0.74;0.48255145135217353;0.22;0.35520375488946515
0.38;0.3283360661972112;0.38;0.45344958501649407;0.28;0.275632908311315
0.24;0.2821143245746584;0.1;0.13518703428013729;0.26;0.3145923427835476
0.46;0.4108555088764107;0.36;0.386528372334433;0.3;0.26508780600031573
0.1;0.00813721806816553;0.1;0.031331800510359276;0.16;0.484252577038169
0.44;0.36909556947398564;0.1;0.18503517522260998;0.2;0.2446570371959132
0.62;0.505312689160492;0.22;0.3190185416046713;0.42;0.24777855935892662
0.44;0.3014123932333221;0.34;0.4606683009901726;0.46;0.3250688495338983
0.16;0.0766949510942056;0.52;0.6648700981706963;0.5;0.4304053304810714
0.22;0.30120488785004235;0.28;0.2162118171018445;0.22;0.29038603457585227
0.1;0.04655501221402297;0.62;0.6430765100878955;0.36;0.35456155806097117
0.24;0.41912292053172145;0.68;0.41548962135113604;0.14;0.2781170672623779
0.2;0.11855899537285247;0.28;0.31266470259007056;0.42;0.3470143602535592
0.7;0.7354141935234837;0.22;0.2749103318222918;0.48;0.3941000017833068
0.22;0.32193479439087874;0.54;0.4588491278715036;0.18;0.2667354555633273
0.44;0.395699398679129;0.16;0.17272213769249695;0.36;0.260614608293742
0.64;0.5543832166924163;0.28;0.30719286601209567;0.14;0.18316230652894833
0.1;-0.00157681882715216;0.1;0.05151025008587701;0.28;0.4788615289325469
0.34;0.3367458057006531;0.12;0.17129165142375163;0.28;0.25447493185172393
0.42;0.41689442080296296;0.28;0.3870357672331661;0.16;0.19752084334820724
0.28;0.4138189676947818;0.58;0.4022741979238386;0.14;0.23823773557769018
0.44;0.40196092005214873;0.42;0.42133319595431934;0.34;0.3174807829588309
0.2;0.2858695195900311;0.16;0.1463513619679528;0.14;0.28655267425764125
0.3;0.16636916417188424;0.3;0.4440741977947564;0.44;0.48354025412647333
0.44;0.426457636483265;0.48;0.44277129170884527;0.42;0.40012461950246975
0.1;0.09371685090010268;0.58;0.6091531476184795;0.32;0.3278437260712002
0.48;0.45551849459836696;0.46;0.4321242977811945;0.42;0.3796304885495437
0.34;0.3284070825992857;0.48;0.45973730153167586;0.4;0.3277778263033673
0.22;0.4002697526616445;0.72;0.4366485465367173;0.16;0.29271970588957347
0.48;0.4094822914986069;0.16;0.18513074559807413;0.24;0.24326305783015473
0.24;0.40764763132995235;0.64;0.41393595842578995;0.14;0.262334635541925
0.28;0.33242413632903983;0.52;0.4489201221990992;0.26;0.2796316571685287
0.34;0.321076450121845;0.4;0.46538565640040835;0.26;0.27362311064735595
0.56;0.5563280421718007;0.4;0.39305549441376647;0.3;0.35543028938031457
0.16;0.19027262087922886;0.18;0.20832499717138936;0.36;0.33703617591682816
0.52;0.40554127772254994;0.12;0.1933441441590144;0.22;0.2409849063685448
0.4;0.44964178676252836;0.54;0.40828479534267464;0.22;0.29907613679191686
0.1;0.20308518032279615;0.18;0.1272975003872016;0.18;0.3614103560495954
0.76;0.5922311873332704;0.14;0.2887745832814314;0.14;0.15967874145602595
0.18;0.25655828762343597;0.26;0.21724561026639683;0.24;0.289943462473679
0.38;0.37701198198854663;0.48;0.4403829855402545;0.32;0.3147482728483402
0.1;-0.0011248640796977516;0.44;0.6669797208545856;0.38;0.3296674997267877
0.38;0.4176610473056301;0.28;0.1899036004041445;0.12;0.23307469273215192
0.12;0.1350956421108493;0.44;0.5974966638055303;0.3;0.31390292922743074
0.1;0.05552132468785381;0.18;0.24146604865350801;0.5;0.33392516730523086
0.48;0.4216060569922903;0.18;0.19439240637689287;0.1;0.2466859112738638
0.54;0.5794002470731685;0.18;0.10319860096262196;0.32;0.2733142845255037
0.24;0.32699887221707663;0.24;0.1894996685489982;0.16;0.27022807625500095
0.74;0.7227134973780822;0.24;0.2218931363781788;0.38;0.14826205629498818
0.64;0.7833072305481907;0.14;0.06898510876593739;0.1;0.22482478155655544
0.1;0.37355477868121206;0.74;0.4084120748290598;0.1;0.1978438041259159
0.34;0.34026402540158224;0.12;0.1707974796985649;0.24;0.25902221667511244
0.14;0.19566919796464938;0.52;0.5407738346616295;0.26;0.30147430273903014
0.3;0.32529348935050145;0.14;0.17044851628230012;0.3;0.2734685919314535
0.76;0.6181311742050342;0.14;0.2856455652981193;0.18;0.18940869393123366
0.36;0.38078545373837763;0.22;0.19071877824122047;0.16;0.25128120087123934
0.16;0.1770523203121443;0.38;0.579538841210238;0.32;0.31880028581378556
0.14;0.255367006988864;0.42;0.4871909669038967;0.2;0.22027008930687147
0.48;0.42503176582086305;0.36;0.3842107837623214;0.28;0.2606996185520876
0.46;0.41950604993759705;0.34;0.3712701448414332;0.22;0.21901492548048568
0.16;0.22882453848144885;0.26;0.23295660734922413;0.26;0.2985143456357156
0.56;0.5112695002189029;0.42;0.31559768874009214;0.1;0.12844993882459393
0.72;0.5812382600196899;0.24;0.30350256775950263;0.1;0.16364210425917408
0.48;0.5037415030591761;0.24;0.17038866120386692;0.12;0.2435517441982205
0.2;0.1816274550837506;0.2;0.23212328149870948;0.44;0.32496447498284114
0.22;0.21917011833837713;0.14;0.18577982038358093;0.48;0.3353381811247749
0.28;0.41355122880116973;0.64;0.4251764282384524;0.18;0.29390500439976736
0.1;0.17859526209191906;0.34;0.27067423832870324;0.26;0.289219008088856
0.36;0.3898964394549453;0.52;0.45001026247014514;0.32;0.35656409944443285
0.44;0.4405335368058176;0.44;0.396235865054771;0.24;0.2841011281936466
0.32;0.3414344438582703;0.66;0.48989668838233164;0.46;0.36014110995137744
0.16;0.1432288058630477;0.24;0.2870119330260447;0.4;0.3410197029748821
0.5;0.38622863901098875;0.1;0.19275670605711887;0.2;0.23592459339548727
0.54;0.5455251597474005;0.42;0.42673332027602234;0.38;0.42617627717965606
0.46;0.4534365802023658;0.46;0.4108148924953607;0.32;0.34823959435252677
0.36;0.39801370516791373;0.44;0.3924760723054714;0.18;0.21691196946270624
0.38;0.35095275292230504;0.1;0.17780557592397733;0.1;0.25127928751479717
0.26;0.29970646285459573;0.62;0.5261750799436993;0.46;0.4282331685632022
0.4;0.42413173049577474;0.24;0.17432405600730155;0.26;0.2750634867537434
0.26;0.31868665543800184;0.2;0.18477675456210213;0.24;0.2784614437165152
0.26;0.3108273933198064;0.22;0.19594789130359763;0.28;0.2827458892155113
0.7;0.8031988731534703;0.1;0.028524461863108808;0.34;0.26930318831595473
0.8;0.5714761025035686;0.18;0.3087886233373151;0.18;0.12574804116750388
0.36;0.34757556920671256;0.32;0.4463132430928038;0.26;0.2513688834011765
0.2;0.23690086140636318;0.18;0.18614628622107537;0.34;0.298072354569718
0.58;0.4287647976722028;0.2;0.3485375963426744;0.28;0.1880908514786262
0.4;0.42151044896957196;0.46;0.40266926152331556;0.22;0.2738985868826154
0.68;0.577241132029245;0.14;0.2365746494853635;0.42;0.3641733634710738
0.34;0.40469823228679197;0.46;0.3897009297954465;0.16;0.21502266008363963
0.32;0.25562156516891016;0.36;0.527493218474498;0.46;0.3432407722228908
0.38;0.39351904321461156;0.54;0.4682943782135222;0.42;0.40780816018696614
0.3;0.4123072796128057;0.38;0.39261360327307065;0.12;0.19189289425731376
0.38;0.3595217395760543;0.14;0.18090746566391508;0.24;0.2481635244287253
0.16;0.13146659580469738;0.62;0.6057620780803259;0.42;0.40982297152050423
0.12;0.09918560529776393;0.3;0.33013335691210804;0.38;0.33994986592694604
0.5;0.4720815474711643;0.44;0.43572232823840656;0.48;0.4228513812805437
0.7;0.6403148744863516;0.18;0.2769811358101119;0.38;0.26396111824633467
0.26;0.3145611316760026;0.16;0.1664420152688148;0.2;0.27116673431561994
0.28;0.31778344776460593;0.16;0.17384735842745974;0.28;0.27200490512519254
0.18;0.24746012544598422;0.68;0.5380574697223761;0.34;0.3822036562127727
0.28;0.31778349361592156;0.54;0.4702844810232573;0.34;0.32504694808864715
0.44;0.4840711031269948;0.48;0.36341374175445046;0.14;0.24369314825245342
0.28;0.22368800378375092;0.48;0.547246474291293;0.46;0.3812225896927606
0.42;0.45119507985191526;0.3;0.36167217793416845;0.1;0.17685187779628736
0.26;0.3750875007256426;0.46;0.4241912964173064;0.14;0.2275803861326216
0.56;0.4791417477489703;0.14;0.15800039231924606;0.3;0.23439261031345554
0.42;0.4378999889781611;0.4;0.3640976795416659;0.16;0.1987790744704006
0.58;0.4880686624583334;0.22;0.31372688781154884;0.16;0.14730853453946852
0.26;0.31977536211221896;0.64;0.524873630843737;0.44;0.44793633795391147
0.44;0.4193414096407097;0.48;0.4547121702757419;0.48;0.428570196490802
0.14;0.12019573655487797;0.72;0.6066620800874472;0.48;0.41011957053110054
0.3;0.33949815227470176;0.16;0.1734756436647668;0.12;0.25524462047972124
0.34;0.4219392105006123;0.32;0.38131943837829957;0.12;0.17244358555300382
0.1;0.10439306417937794;0.52;0.5998616139813759;0.3;0.30434217092807275
0.1;0.2798261255390046;0.72;0.46931841437842897;0.18;0.25288736664820194
0.56;0.5183769626919614;0.36;0.38807262344126875;0.48;0.4031952289607324
0.1;0.053425172847747227;0.16;0.21236236722555296;0.5;0.34592281315602863
0.46;0.3749498564994284;0.36;0.4133371563515961;0.44;0.3120598341725503
0.46;0.37960105597050536;0.1;0.18941584329006494;0.16;0.2544556505081977
0.12;0.2359624685575043;0.28;0.21574162198449293;0.2;0.2871015924676135
0.46;0.4287311575677692;0.2;0.17620140513799604;0.22;0.24255556745885715
0.32;0.3459321974413158;0.14;0.17322001071821908;0.16;0.27175991573066144
0.12;0.15148455078534945;0.22;0.2408054144724982;0.36;0.33259802207931616
0.38;0.45947848790132334;0.56;0.39235762539406344;0.16;0.26280718445671086
0.34;0.402673300881277;0.62;0.5153991142527954;0.44;0.4702721685658338
0.16;0.17074613229442698;0.1;0.10454352044188048;0.28;0.36995672889293646
0.12;0.21006063757161691;0.76;0.5730152465861604;0.32;0.40694392482058733
0.26;0.033794047124801885;0.3;0.47953038315338253;0.48;0.5092543558598726
0.52;0.4084840492831902;0.12;0.19064883395313464;0.28;0.2481003789697303
0.74;0.6948382085187192;0.24;0.23185830012074254;0.34;0.13853291637293014
0.34;0.40058271718753397;0.46;0.3999554074701887;0.18;0.24319626223763807
0.52;0.5054111747020629;0.42;0.36765966918390197;0.22;0.2711143381681956
0.26;0.356395761385025;0.42;0.4416774275140522;0.18;0.2485528421820567
0.58;0.3862778162446731;0.2;0.3686447531260139;0.4;0.21712928675623916
0.56;0.45869539282493726;0.22;0.3398008722628358;0.18;0.17804588900438661
0.28;0.30381647618360014;0.22;0.20646742529037104;0.38;0.3081619655524213
0.1;-0.001968584317444233;0.56;0.6765353026401197;0.42;0.37417839757268384
0.18;0.3954460838907338;0.42;0.4014736918693071;0.1;0.18285429904702882
0.14;-0.22598324372373063;0.36;0.5265524453061243;0.48;0.36217096919683117
0.42;0.45515857822343414;0.42;0.35602166654130335;0.12;0.18188337194954501
0.1;0.10203726990050094;0.82;0.6591374141654154;0.5;0.49781491484626544
0.32;0.26297900024720783;0.42;0.5164026761585998;0.38;0.33514829736788615
0.72;0.615823197302406;0.2;0.2785980385547699;0.2;0.19351094063998803
0.3;0.27169659963149123;0.48;0.4966344920535459;0.38;0.32825175184741
0.22;0.21697841281131652;0.44;0.5550737778718766;0.38;0.3603152364712861
0.26;0.267031105778942;0.36;0.515459722111218;0.34;0.3097130981061929
0.1;0.3358536048613289;0.56;0.4376034275622242;0.12;0.20819597069664214
0.54;0.46169957195141514;0.16;0.1874544929447321;0.12;0.24577276518076646
0.3;0.3307105146693076;0.38;0.46806440106495834;0.26;0.28541211309900577
0.24;0.4068592178958867;0.7;0.4300999918353849;0.16;0.2825150355771831
0.14;0.1431918986415554;0.84;0.6062400363896441;0.5;0.4070529447455789
0.38;0.421957270297925;0.54;0.43886695871742737;0.3;0.3648062142748137
0.14;0.19468950677689073;0.42;0.5339461751343901;0.26;0.26819102606939454
0.66;0.6131946889875068;0.24;0.317215552921348;0.34;0.32303866309164336
0.38;0.3987340037550539;0.24;0.17604845226761617;0.32;0.2803207798907073
0.24;0.18986205689204788;0.2;0.24509564690372193;0.5;0.3454965523658365
0.76;0.7513146106161643;0.2;0.31825648686541647;0.3;0.32357396585519554
0.52;0.43635550834879816;0.34;0.3971850693958398;0.4;0.3224453957658176
0.28;0.3610399897741858;0.64;0.48588498039097877;0.34;0.3919422185071318
0.82;0.5711499313545418;0.1;0.3230388573212874;0.2;0.17945228725407164
0.34;0.31229625157996005;0.36;0.4816107399551168;0.32;0.3045592580993804
0.18;0.17134649297324395;0.54;0.5755691095337678;0.34;0.3417210603924508
0.22;-0.10752470591609004;0.32;0.5695249916967466;0.5;0.5412989700263386
0.54;0.3310345396746059;0.22;0.4248676921555951;0.4;0.2398115993436028
0.86;0.5542212482874065;0.1;0.31514817506211407;0.1;0.1380856992655089
0.44;0.3976569753049561;0.18;0.18758056647239235;0.2;0.24134748828644265
0.56;0.5221283034728985;0.34;0.3558032198837761;0.26;0.2974434856017814
0.66;0.6261914229510255;0.16;0.2492967079455763;0.2;0.35628546309975834
0.24;0.21457881404295315;0.5;0.5522544066571637;0.38;0.36164231526726726
0.38;0.3824745757303433;0.52;0.48909918806923364;0.5;0.46126288282653777
0.54;0.4155518898483323;0.12;0.19513208151171674;0.16;0.2319379862598288
0.32;0.2801853596440879;0.34;0.5097344922512914;0.4;0.3279494689524319
0.12;0.20123351748243729;0.82;0.6091128425635841;0.38;0.4575776278466384
0.26;0.32654861961916176;0.46;0.4609677731447956;0.2;0.25676300513328615
0.6;0.48793931239933536;0.24;0.33245093480778926;0.38;0.24336599284914145
0.34;0.33502101726122085;0.12;0.17006018985083776;0.36;0.263553902976617
0.28;0.34887781297466497;0.4;0.4450443465689073;0.2;0.2425372611720667
0.44;0.44421218386392675;0.32;0.35446174119557233;0.1;0.15374961820791727
0.56;0.4943778568156902;0.3;0.3295975162703339;0.16;0.17229641124473632
0.24;0.32675249951960844;0.22;0.18434704985544775;0.16;0.2792760474631058
0.66;0.5827696071402657;0.32;0.296286531983392;0.3;0.17876705468098125
0.68;0.8773057819130814;0.1;-0.09519157165349307;0.36;0.26128570406991175
0.44;0.40019899406127174;0.32;0.392848301603885;0.18;0.21157237228343378
0.28;0.4276370113221916;0.62;0.4055488284603694;0.14;0.25777765896476185
0.1;0.051269313094509605;0.26;0.31688842434995584;0.46;0.3169354045012858
0.38;0.4109987644878729;0.42;0.3780356808778375;0.16;0.192840844553337
0.32;0.3685535404697206;0.42;0.4201414508696228;0.16;0.2087112506257603
0.14;0.25323241713747685;0.2;0.14805656992783262;0.14;0.2882369276698205
0.7;0.8376587054260314;0.1;0.02610865746280061;0.28;0.26245897245206523
0.2;0.32064837638358207;0.76;0.5462373897498065;0.34;0.4396964576903946
0.14;0.3816701955922796;0.7;0.40356333788729976;0.1;0.20048047195954327
0.42;0.32754230696190384;0.34;0.4441742477255783;0.3;0.25747713839888947
0.22;0.20288582891216728;0.56;0.5491849437032468;0.42;0.3779555177837955
0.18;0.2768653416754973;0.8;0.5243237149190503;0.32;0.35685166886867764
0.7;0.6791173614392834;0.12;0.15715811255899687;0.38;0.316479167292477
0.54;0.480793391118526;0.34;0.37787965320433975;0.34;0.3136742786179872
0.12;0.20655776983851987;0.38;0.2895594847386544;0.22;0.30893170559901423
0.5;0.44602903524368437;0.3;0.3455533039273117;0.18;0.17773152019200383
0.2;0.17494106458440378;0.58;0.5596173498164927;0.42;0.36679437407358423
0.22;0.31732924321203065;0.28;0.20756602607765123;0.18;0.284573844746638
0.12;0.05718644563464331;0.26;0.34581197503468636;0.46;0.3630443634734553
0.34;0.34998131339404787;0.5;0.44943618107521494;0.32;0.30613781255011135
0.36;0.44662195835263824;0.62;0.3795767169174706;0.14;0.20971780061794393
0.12;0.03777535965564888;0.5;0.6799483838778511;0.42;0.41013726163034564
0.62;0.517295132384122;0.22;0.30941201185506734;0.22;0.18210308493622224
0.68;0.5680354018773544;0.2;0.29802319668756033;0.22;0.18735719117541466
0.3;0.31213946919949515;0.52;0.47726452838360806;0.4;0.34352890610725867
0.14;0.13491260420905754;0.32;0.29014476316220444;0.32;0.29473992030435797
0.38;0.34679841869932354;0.38;0.43745848413276994;0.24;0.2546540782311189
0.4;0.4406616419766764;0.58;0.3913991222506407;0.2;0.24063201396274453
0.34;0.3504142340461855;0.54;0.4865961014398376;0.44;0.3987691033961545
0.16;0.1592126954918755;0.54;0.5961286781737496;0.34;0.36282329424339027
0.16;0.35474400175972826;0.52;0.4350790543080489;0.12;0.2140318678380942
0.12;0.07106140837896796;0.1;0.08049870823048016;0.3;0.4414776199241777
0.28;0.2912755185822548;0.22;0.20932799583269562;0.4;0.30204322215042284
0.36;0.3434607675806462;0.1;0.16989664611442484;0.34;0.27108638804944635
0.64;0.6789012408551274;0.32;0.3830906955646977;0.42;0.4588461770868327
0.16;0.33649633495564196;0.48;0.4514465549600725;0.14;0.22856903590480387
0.26;0.28153527669248185;0.16;0.17943322633001307;0.38;0.281738603870827
0.2;0.1862608024842573;0.1;0.14495433598242008;0.5;0.3492422565057672
0.34;0.31314458422969843;0.44;0.4633828846628713;0.32;0.30328677225569495
0.44;0.3426020128383926;0.22;0.3346168114151961;0.48;0.4493735792789187
0.3;0.3407232111597424;0.32;0.23684793003027343;0.28;0.3274520779831454
0.48;0.4291177547174116;0.16;0.12029229475876341;0.48;0.27523075798703817
0.16;0.27614583538294263;0.24;0.18745605639441826;0.16;0.2848593872066721
0.36;0.3621027938583709;0.18;0.18301418662824992;0.26;0.24793125575226954
0.62;0.5247763784717578;0.24;0.33292166968630815;0.48;0.3050310923033868
0.34;0.38180447335798967;0.6;0.4944942288948592;0.44;0.4316447981653431
0.24;0.39597211589165376;0.38;0.40315839224300837;0.12;0.1892498173983262
0.7;0.6418407006809035;0.14;0.21541610584400778;0.48;0.3765018914575427
0.4;0.26652556702247815;0.34;0.5063295888036603;0.44;0.32798744905546245
0.8;0.7303485361281774;0.12;0.36223031247417586;0.46;0.39422295866047025
0.28;0.3150664971346104;0.16;0.17754755924757254;0.34;0.29222088198390056
0.28;0.42654813396343777;0.36;0.3807621486440819;0.1;0.17629704771181937
0.12;0.2956122434429475;0.78;0.5169044188404126;0.22;0.37032494709072866
0.42;0.36808465143332264;0.12;0.1811612433563365;0.26;0.24388893947358442
0.22;0.2732041273788767;0.58;0.48951898160450574;0.3;0.3098144310378422
0.38;0.41954620067545684;0.36;0.3836029977754986;0.12;0.19013817969861352
0.46;0.5079504482790627;0.5;0.3541691085634621;0.1;0.21277333024475015
0.66;0.7281214589840468;0.14;0.15413606665266782;0.2;0.3181543177168669
0.58;0.5332327635146912;0.34;0.34133370152091763;0.26;0.26598480568848176
0.46;0.43456227294011435;0.18;0.12395769039873378;0.44;0.28558879445134894
0.26;0.19408146209348026;0.46;0.5776427616673925;0.5;0.3971410156489901
0.8;0.564274426763747;0.1;0.3148216766652407;0.14;0.16257128514144542
0.4;0.43236867553903985;0.52;0.42363542984725305;0.28;0.34035164286226577
0.44;0.4017959967519162;0.42;0.41581183441094643;0.32;0.29473690312546014
0.16;0.10645231015961948;0.42;0.6418425505773311;0.42;0.39122834642984744
0.44;0.44554193951585014;0.3;0.35827698632807986;0.1;0.15810305651729722
0.2;0.285603279845654;0.3;0.2194447943171422;0.2;0.270407273293734
0.46;0.30504214601455865;0.3;0.4608683625410645;0.4;0.2963600410617238
0.28;0.2733570895621413;0.16;0.19332336193890248;0.5;0.31105314403593015
0.16;0.2133135615977097;0.16;0.16377824371196076;0.28;0.3174560669619018
0.22;0.1246218951436206;0.34;0.3612934946699308;0.36;0.39832581339172807
0.1;0.3187596301787054;0.78;0.4645574086147814;0.16;0.2710370448616635
0.4;0.3752694386174242;0.16;0.1748381254711912;0.36;0.2556923838604695
0.46;0.407791055975325;0.52;0.4354201107332482;0.5;0.33648846710659713
0.12;0.23541248689081734;0.74;0.5373875757462738;0.26;0.3482612007234201
0.26;0.3581007275071301;0.4;0.43993419855925814;0.18;0.24429251625830434
0.18;0.1942663410480649;0.34;0.28992212574583326;0.28;0.30952537078650894
0.26;0.34213405126431845;0.66;0.5004723545430647;0.36;0.40715367490537974
0.36;0.44755588689972264;0.62;0.3897957440514343;0.16;0.24634585817634674
0.4;0.42268551871629406;0.42;0.37728408449501777;0.18;0.21413777023537423
0.16;0.13720579190887755;0.56;0.6100869637494963;0.36;0.36916223607148085
0.48;0.42921643462416775;0.4;0.42301341579013857;0.42;0.3733433928305266
0.12;0.340064486878022;0.66;0.4376484150170878;0.12;0.23264465352727998
0.7;0.673372796530751;0.12;0.15208154876224106;0.42;0.322069098195434
0.46;0.39009194867016256;0.28;0.4002976202846195;0.2;0.20443522331698377
0.26;0.32780650169648035;0.68;0.5272942854711584;0.44;0.43612946927891644
0.4;0.32594436545930855;0.3;0.4671197072335868;0.34;0.2914366631551167
0.64;0.5483350687779323;0.26;0.3083300264467052;0.14;0.17679202006528444
0.72;0.7184937147324761;0.2;0.2559167306205207;0.38;0.29703831137422926
0.18;0.22279557540314138;0.3;0.25849042771606284;0.28;0.30862195283137966
0.36;0.3540097182451249;0.24;0.19460684165660175;0.42;0.3427340774484327
0.44;0.30524573642619907;0.22;0.39132292672727437;0.5;0.45468995084918534
0.52;0.613299863341014;0.2;0.12504536001871108;0.36;0.39215830809258195
0.12;0.28665294107516964;0.34;0.21478484919119117;0.12;0.2775247490879798
0.44;0.49524264640860033;0.5;0.3496421280891379;0.1;0.204061877457753
0.5;0.4259098983289122;0.34;0.37938256139641985;0.3;0.25176712238169957
0.14;0.06996931720999705;0.48;0.6250812534749184;0.4;0.3445323104580132
0.2;0.2888007667727323;0.2;0.17194872836972158;0.18;0.2772830771792832
0.38;0.37260661937101397;0.46;0.4312994629610937;0.3;0.2899587940371254
0.28;0.1722658137782404;0.26;0.3154116535607098;0.48;0.40323659787464466
0.86;0.5669414851638537;0.1;0.31959523941142115;0.12;0.1626041000818424
0.36;0.3997490069381386;0.62;0.4374817427143764;0.3;0.3082889609357898
0.18;0.2566626941678238;0.16;0.1483813158129063;0.2;0.29914651756796845
0.16;0.3171215048388107;0.72;0.4863338051474681;0.2;0.3107182436045611
0.12;0.11439592960977202;0.36;0.348602965306598;0.32;0.3442467720341034
0.66;0.6416727483429712;0.24;0.32270575158822473;0.42;0.3970322976200072
0.1;0.1729862860262245;0.76;0.5726800302057466;0.32;0.37733163001781295
0.16;0.18642136381015612;0.16;0.19575450248169196;0.38;0.36001649875320313
0.36;0.3830947820162877;0.24;0.19227355260763196;0.14;0.23641917645864569
0.46;0.3588758555592066;0.36;0.42143598315729597;0.5;0.32161617976735274
0.3;0.3813185952113131;0.4;0.42140361377725205;0.16;0.22886013790532106
0.56;0.5219921807218542;0.34;0.3957374203172119;0.48;0.44088443729504606
0.8;0.5762297613575116;0.18;0.3093352232009547;0.2;0.12497491607127303
0.16;0.17831719374127325;0.4;0.5826074574298457;0.32;0.3331781384906725
0.28;0.35091407534356883;0.28;0.20012274949495995;0.18;0.25459338361719747
0.54;0.4443889031966834;0.28;0.34898530991918014;0.32;0.22200346685816102
0.54;0.44393503485297153;0.3;0.3635497676614616;0.32;0.2388367221188395
0.48;0.40360378728986895;0.34;0.3836993288094856;0.34;0.2554869546078811
0.24;0.24102694621992676;0.58;0.5292487384174163;0.5;0.39032024407169447
0.2;0.21870944159189926;0.22;0.2202933132887363;0.36;0.30234392733254994
0.24;0.25555260878334146;0.52;0.5125735872452577;0.3;0.3234934131082872
0.64;0.7094959411999768;0.32;0.39971460574376144;0.5;0.5327324835625182
0.24;0.3045920485314341;0.62;0.4942692720754575;0.32;0.34383248495783564
0.62;0.6432581592512763;0.34;0.383433932565546;0.38;0.43184138349275886
0.26;0.2562457705212268;0.12;0.1671069041198276;0.5;0.29945651022079917
0.76;0.7447885013294682;0.22;0.23049912948409562;0.4;0.1454785722409105
0.28;0.22639862308796815;0.42;0.557201792627745;0.48;0.3820808310430897
0.28;0.2140917256712897;0.46;0.5566602970970689;0.46;0.3712693740519973
0.46;0.4825733875196662;0.46;0.3641692135797509;0.16;0.24472250709224058
0.1;0.09564566992878704;0.76;0.6324555177516882;0.44;0.437915190623051
0.12;0.1677454857335065;0.3;0.27798260018050874;0.3;0.31023107838038927
0.22;0.31059568126696185;0.68;0.5250962931945662;0.36;0.42887365224041846
0.3;0.39307870694809005;0.66;0.507681021584703;0.36;0.43458049801575444
0.26;0.2697615512118447;0.52;0.5027196034381387;0.34;0.34455930478907876
0.38;0.35512679004063025;0.48;0.4653595885914978;0.42;0.36148263422865684
0.44;0.42905611147608774;0.34;0.3646191701822172;0.14;0.18256211377118975
0.32;0.31689517329817257;0.46;0.4649333769579595;0.3;0.3084058686788245
0.74;0.675109279870101;0.14;0.251091882680009;0.32;0.2164039817916779
0.66;0.5466631714272283;0.2;0.30191503719827856;0.22;0.18460254714555108
0.4;0.39048388827112185;0.48;0.4547131011237379;0.4;0.38244777359927357
0.36;0.3534428310872088;0.5;0.4635172934722231;0.38;0.34501775563280207
0.66;0.6793407888781944;0.1;0.0139430319207971;0.46;0.30135903439333506
0.38;0.38202797263289917;0.6;0.4585768639928968;0.42;0.34693327679690983
0.6;0.5489096798940396;0.34;0.3281092427629286;0.18;0.2179762085020292
0.6;0.5903825884264096;0.34;0.37580712638801933;0.5;0.42259612994803947
0.38;0.36033908460108116;0.46;0.44123451286040555;0.34;0.30663131810974337
0.3;0.32038628149745;0.28;0.22306409370306673;0.34;0.31821510443561524
0.36;0.3822193246154357;0.24;0.18469167807423864;0.28;0.2629933696000882
0.14;0.1357494058320598;0.34;0.29469037953065785;0.3;0.2803266062285337
0.28;0.34931563072319144;0.7;0.48439675565070067;0.36;0.3581911521320143
0.36;0.34123710788628764;0.12;0.1712877071442957;0.48;0.27957090284525693
0.72;0.576526262795001;0.26;0.2789200940994558;0.14;0.11790555979462797
0.68;0.7419668413224103;0.1;0.08254831981334937;0.12;0.20938912774511836
0.16;0.2571698372973558;0.26;0.2183780633516232;0.22;0.3084705647373261
0.14;0.1712175668281774;0.32;0.2669377205701064;0.28;0.27729463722787445
0.5;0.4987445334856219;0.42;0.3401622855039729;0.12;0.19094020635660686
0.32;0.3755970377213786;0.5;0.42500486295001244;0.24;0.2783487611535867
0.4;0.38665034002669224;0.18;0.15862728032076595;0.44;0.2849185718462826
0.36;0.3651176385184571;0.2;0.17833032728838666;0.38;0.2793319336805445
0.38;0.3611487549456755;0.44;0.43665488280970627;0.36;0.31996510359247227
0.86;0.7949310258089086;0.1;0.4332989097520478;0.48;0.4896835402055962
0.52;0.3593051359287515;0.24;0.4133680842919329;0.32;0.2350438666328563
0.3;0.34365793238488046;0.22;0.1888943125280786;0.24;0.25790197694673284
0.2;0.2464465915062008;0.12;0.13148261687340684;0.26;0.31003739856692564
0.68;0.5889671664190403;0.24;0.299113951546553;0.22;0.21293505994993384
0.1;0.04483794429141036;0.54;0.6428579058602406;0.36;0.33832101516777074
0.48;0.43316550683857863;0.34;0.364147007077592;0.24;0.22087359600934692
0.16;0.12952613816624997;0.32;0.33258888994292696;0.34;0.32723625580852117
0.68;0.6019936060701683;0.24;0.3003823197737258;0.24;0.24230686001954554
0.24;0.32242756533343603;0.7;0.5278408855982886;0.4;0.4295066068660623
0.78;0.7778188871523868;0.1;0.3358925881957557;0.42;0.545041302802594
0.26;0.22868994478604215;0.42;0.5518488943858;0.44;0.37051140899769225
0.38;0.404840963350155;0.44;0.39034991642256606;0.2;0.22393684574692602
0.78;0.7524034236855657;0.18;0.3535884872981338;0.32;0.3522805665485356
0.52;0.3920749101686753;0.1;0.18067144101160543;0.48;0.24031621322271862
0.8;0.7179476568299934;0.12;0.35810893596870946;0.44;0.3789388508875851
0.5;0.38389732853994624;0.24;0.40208368029723224;0.24;0.2082725520286664
0.44;0.41660051378507185;0.22;0.1892762441069646;0.12;0.22660938701287764
0.2;0.29478350082774946;0.22;0.1810506677123353;0.18;0.28242926028607146
0.24;0.36242047143276473;0.36;0.4422403947569517;0.18;0.25425323067498257
0.46;0.47114714837697286;0.48;0.3874740557605573;0.22;0.27542293878429464
0.44;0.42290203512509245;0.54;0.4191949076983416;0.36;0.3071987652910542
0.32;0.32552554235541614;0.12;0.16611974437216154;0.28;0.2522016553264939
0.38;0.4348641219526585;0.46;0.37420700782367894;0.14;0.20622786802781606
0.2;0.24631004093211722;0.58;0.5072634651136252;0.28;0.31557085457951134
0.66;0.5457859977099007;0.22;0.30202880326968645;0.14;0.15918846706248418
0.24;0.4394841971812597;0.74;0.38562277478342216;0.1;0.21710575028303142
0.6;0.4787673894126116;0.24;0.3408279620218419;0.48;0.280904400323613
0.4;0.3752551294925596;0.16;0.18603840580760894;0.18;0.24570718354798432
0.2;0.33458378307423836;0.74;0.49559001652299023;0.26;0.36194416760637355
0.24;0.3228061610191035;0.18;0.1654932245326119;0.1;0.2689798462675049
0.14;0.09676310552004858;0.14;0.17086944785594332;0.46;0.3207788209482976
0.46;0.33738883440970974;0.26;0.4429944308288622;0.32;0.24953925190573673
0.36;0.405584848134582;0.48;0.40519633751664336;0.2;0.25696457973388137
0.24;-0.009893003714067483;0.32;0.5031107410590689;0.46;0.5189281538450308
0.38;0.4276693553518968;0.32;0.3781937263562664;0.12;0.17909493562047546
0.58;0.5628565129495671;0.38;0.35748383948321666;0.2;0.2836303905437552
0.14;0.258378282656851;0.28;0.2035887471734778;0.18;0.28482628905772517
0.32;0.42169904609760217;0.6;0.4222478348779514;0.2;0.3025208866059535
0.22;0.3894541419114305;0.76;0.4286912111017724;0.16;0.25856009304812405
0.1;0.12672902156900684;0.4;0.5769126488965821;0.28;0.2635286736348013
0.68;0.7890946560779228;0.12;0.10512270762010906;0.2;0.3015194701925515
0.48;0.41828019855882;0.16;0.1612406975241722;0.38;0.25564491501274406
0.3;0.3303472849497823;0.56;0.48609687573297683;0.38;0.3674949597208644
0.34;0.35479141152313937;0.18;0.1833705631704287;0.18;0.24076448128577171
0.32;0.31753861083347495;0.1;0.15991856710656654;0.4;0.26976271639069355
0.62;0.45151238666942256;0.18;0.326584959020175;0.34;0.3677598866807648
0.54;0.4501876277668814;0.24;0.34089280175850795;0.16;0.1578296881373325
0.38;0.4473674476846711;0.54;0.3967022352416844;0.18;0.2732598289781328
0.32;0.369050767762461;0.26;0.1930630851918746;0.18;0.2464648103061285
0.34;0.3436563539567829;0.14;0.1751515997345347;0.36;0.2747005887376082
0.56;0.519160570783386;0.34;0.36297286295353465;0.3;0.31739549891560787
0.7;0.6922787884525137;0.12;0.1637021336462265;0.34;0.33283429245182733
0.3;0.3545111870009962;0.22;0.187221734480212;0.16;0.25796027517006964
0.58;0.4430880361577196;0.1;0.16898962912667875;0.38;0.2210685103706061
0.26;0.33773720444752237;0.32;0.21375007238684524;0.18;0.25616294376266696
0.26;0.4215748852337115;0.54;0.3782430462308792;0.1;0.190985473108305
0.12;0.009148016154591765;0.58;0.699656534621192;0.48;0.4371045089140671
0.18;0.2246551465272632;0.14;0.1497073116487339;0.3;0.31963120503716086
0.64;0.5215002328930909;0.18;0.28067622349133464;0.38;0.1830910457543729
0.54;0.5054694208550943;0.38;0.3667689483000995;0.28;0.29631382834876435
0.36;0.40881184917776786;0.28;0.18998806211146152;0.2;0.2626967960915528
0.36;0.3782562624803362;0.54;0.484178830936629;0.44;0.4303685781406506
0.18;0.21636502236946037;0.6;0.5310148964338819;0.3;0.3356356582741347
0.36;0.37007454005294144;0.62;0.46694915755539873;0.42;0.3444697424750763
0.12;0.2339136150820466;0.4;0.5207909452455806;0.22;0.25342812902491746
0.1;0.0533703007603365;0.12;0.09487691257169323;0.34;0.41134814679325077
0.12;0.2664544853447965;0.8;0.5396373224180604;0.26;0.387332667667244
0.22;0.26251203957882446;0.3;0.24448119473950064;0.28;0.30589359130468724
0.34;0.354052804468681;0.52;0.46568814297631994;0.36;0.3507587629061453
0.1;-0.1939661045501409;0.38;0.5369074022577192;0.5;0.37250919198851934
0.32;0.3425740999626485;0.16;0.17727651574144793;0.14;0.24261581757000444
0.64;0.5327038204008134;0.1;0.1525714838092906;0.4;0.25642344577955273
0.32;0.4203051402551254;0.44;0.37947125534304965;0.1;0.18173357124766826
0.26;0.31300233579892883;0.44;0.4776010458724695;0.24;0.2881120685360435
0.64;0.5792439966594445;0.24;0.32311227568964646;0.44;0.3246953975572416
0.3;0.3149657562860441;0.26;0.21290491887787616;0.36;0.3010256937101082
0.34;0.37410823237641616;0.64;0.4593431430734693;0.36;0.3294211380408348
0.7;0.588653555875611;0.16;0.27505254730727663;0.32;0.18515140063823937
0.32;0.3724839681516429;0.3;0.20214673156778779;0.24;0.26860651291580157
0.46;0.3367159528031764;0.34;0.42901103975398874;0.5;0.31995720111775144
0.22;0.38797953720345085;0.46;0.41393566929844744;0.12;0.21788911546941053
0.32;0.31815691140299557;0.32;0.4825824219441454;0.32;0.3056057832068922
0.2;0.39941743727624307;0.46;0.3998440064706383;0.1;0.19673008725911872
0.16;0.24323826185471525;0.76;0.5784383347176398;0.38;0.45534286106687377
0.1;0.1218680178845461;0.68;0.5721436617398308;0.3;0.3174873631644522
0.38;0.2833251928726967;0.32;0.506508031213188;0.44;0.3408829220532886
0.32;0.3216992266491531;0.14;0.17399757201145255;0.46;0.2884294065252169
0.22;0.3602540472947468;0.66;0.4546627878239217;0.2;0.30406621107574155
0.5;0.4442114832583301;0.36;0.3800902500145266;0.28;0.26603774896572135
0.1;0.20748088688675786;0.68;0.5182944168087869;0.22;0.2872228381663496
0.24;0.32948904562243236;0.42;0.4588101465587126;0.2;0.25089004671310194
0.34;0.4110230310178495;0.64;0.4178073122456862;0.22;0.2618043205061787
0.36;0.4463146400649564;0.56;0.3933533697617488;0.16;0.2589624975623002
0.16;0.23399933047375193;0.34;0.26661391460481204;0.22;0.28870397122344743
0.28;0.4014861466841794;0.66;0.44697854252194097;0.22;0.3210734298494691
0.46;0.3623255939659786;0.36;0.4185924215717744;0.48;0.31381582813307946
0.2;0.25683550749412526;0.12;0.12701010407202878;0.2;0.307781202763386
0.14;0.3642230565164383;0.54;0.4113271781133189;0.1;0.17593947719016173
0.24;0.3896265538756311;0.7;0.45186458289653436;0.2;0.3192756312587966
0.52;0.46400250039605034;0.24;0.33824904395273697;0.1;0.1377387295342834
0.12;0.12119218782884084;0.54;0.6083415365895715;0.32;0.3426339531051275
0.14;0.20161855892141894;0.16;0.137692521682575;0.24;0.3183242701681542
0.14;0.016948704078154797;0.52;0.6637836023028509;0.5;0.38784725597405784
0.72;0.6485292713481117;0.14;0.24577725820861324;0.38;0.21049667885262752
0.58;0.5403202488773091;0.16;0.15883860109941245;0.2;0.23578781103174778
0.16;0.15411559202271413;0.16;0.21908240962723474;0.44;0.36148905148657834
0.38;0.39902916734556165;0.46;0.41306836512739514;0.24;0.2795096275464238
0.52;0.49617358929799743;0.42;0.41120427838165446;0.4;0.38518705853986207
0.26;0.32636987749918384;0.18;0.1716430861347799;0.14;0.2640075668812108
0.16;0.22816885628285072;0.42;0.5426546063941455;0.26;0.30536009019920757
0.3;0.3323985660595398;0.14;0.16675797274762622;0.12;0.2546227473094041
0.18;0.15235987753715258;0.36;0.32956258377065345;0.3;0.3431303306652245
0.42;0.30952775487539846;0.3;0.4725290727926616;0.36;0.28728153760972136
0.36;0.43032172051482726;0.42;0.3650649999316837;0.1;0.16276971447809446
0.62;0.5919580903000836;0.34;0.34700987802333677;0.22;0.28762268848803446
0.2;0.2572534668751644;0.48;0.5098422905796351;0.26;0.29469275851227567
0.52;0.396739870260619;0.28;0.37630471644928426;0.38;0.24957974955012846
0.62;0.5604173436143058;0.26;0.3415981626688673;0.5;0.36234997163058497
0.22;0.3047928499192893;0.26;0.20314073898216484;0.2;0.2747574748866333
0.1;0.3163045231879679;0.66;0.4414546559509713;0.12;0.19936890833302018
0.44;0.3891402108962027;0.16;0.19190645549225244;0.12;0.24238839120392358
0.5;0.48761570890332145;0.38;0.3461623236528279;0.14;0.20137521567347166
0.12;0.36004891526211374;0.6;0.4268794161243871;0.1;0.207137617622073
0.14;0.17199181583339546;0.44;0.5512162195063166;0.28;0.2808804876406504
0.1;0.014960715745567732;0.56;0.6649421583718447;0.4;0.3636486697255555
0.3;0.3660902599972659;0.28;0.19887823496408535;0.18;0.25894515969134263
0.2;0.3782869019572403;0.44;0.41533246362824733;0.12;0.203753450204693
0.24;0.23782592871975944;0.34;0.5476955471892577;0.4;0.3611502666003679
0.62;0.867710034203897;0.16;0.01902980321369191;0.18;0.2650201126426231
0.46;0.4555797222341071;0.44;0.4034721126220699;0.28;0.3282058082762154
0.1;0.29181411484690195;0.8;0.4985959310212575;0.2;0.32342431251055986
0.28;0.2748478276406005;0.42;0.5130104020944384;0.34;0.3254926476295515
0.32;0.44563076476954827;0.56;0.3823234044421621;0.12;0.23079584730269348
0.56;0.4967566045252327;0.32;0.3676179086132347;0.36;0.31835892313907893
0.12;0.2027911904702024;0.22;0.19828244101317088;0.26;0.3133679923614983
0.14;0.0861170974479763;0.66;0.5985797061115943;0.48;0.3809833936248089
0.12;0.3571497419900724;0.82;0.45388989252929085;0.14;0.26352384857430083
0.7;0.8207792670077383;0.26;0.35591330961306616;0.48;0.5255630400924991
0.28;0.37453306622613675;0.64;0.4660895365917323;0.28;0.3511180832678696
0.56;0.5208127728657261;0.36;0.3555092195675595;0.28;0.2898782917184866
0.3;0.32178876084017966;0.16;0.17815566215473772;0.36;0.27759136006554913
0.22;0.3109068279148148;0.44;0.4793831244018147;0.22;0.28867517468194764
0.28;0.3064601024685431;0.52;0.4756254946017588;0.34;0.3297769676640661
0.26;0.29344233487604193;0.52;0.4807342833290928;0.28;0.3088646155717419
0.1;0.09603796978174878;0.6;0.6133326214198729;0.32;0.3473683669485644
0.3;0.4223170199756951;0.42;0.3858787531903271;0.1;0.19273717589576395
0.1;0.07419816828570597;0.22;0.2720327590115172;0.46;0.32324382992721384
0.16;0.10394689680228603;0.2;0.2885613919885383;0.48;0.35737760760986875
0.28;0.2888331010701692;0.54;0.49470610132039033;0.44;0.35965238349002165
0.38;0.32904317071373307;0.24;0.28231399706097554;0.46;0.4530085726024203
0.76;0.8858727148330432;0.2;0.33021194036602103;0.42;0.4649748888796302
0.6;0.4988637919164504;0.22;0.30554022112566165;0.22;0.15571399845479222
0.84;0.8408834810888963;0.12;0.46044476017089514;0.5;0.5533108932425881
0.34;0.35058259497483285;0.18;0.1804253741606427;0.3;0.25357895963811133
0.14;0.3643899977442701;0.52;0.4091917469536181;0.1;0.17037306201465358
0.22;0.3315380105040277;0.44;0.4539292220313353;0.18;0.23963810572394723
0.18;0.2800780749997586;0.44;0.499816961451722;0.22;0.28829657166699635
0.28;0.4041629019797754;0.58;0.41376397346464805;0.16;0.2572017593824461
0.36;0.22002561514529767;0.26;0.4824775393380751;0.5;0.4918399955212101
0.5;0.4392243967874962;0.18;0.18840511273354216;0.12;0.24251062319638722
0.24;0.30038924843401;0.74;0.5193772900497191;0.42;0.3826609948499487
0.22;0.3119036982949212;0.72;0.5333985470652831;0.38;0.4277987077860593
0.2;0.38440295072663994;0.56;0.40464671480847264;0.1;0.19843328302486102
0.1;0.2503034347952224;0.58;0.4973187322449714;0.18;0.24543415638741012
0.14;0.21190046606671026;0.14;0.10351026904103938;0.14;0.33450420446063506
0.2;0.09232601156603132;0.28;0.33094269278395777;0.44;0.3633569054252411
0.12;0.1348132970845783;0.36;0.33169469083636577;0.3;0.32920179666758204
0.46;0.41236854384834637;0.52;0.4328051755300219;0.48;0.33414226477805814
0.82;0.6087367794682892;0.16;0.33413319046628337;0.38;0.1442048116462678
0.16;0.15540094102471763;0.12;0.16041952343145133;0.42;0.3688065759378452
0.38;0.2921792491420107;0.4;0.4763246505704057;0.42;0.3295122332360228
0.72;0.677823814809601;0.16;0.2518695316584509;0.38;0.2479562206027373
0.28;0.292958483209462;0.56;0.5058644812231574;0.44;0.38024329275714935
0.38;0.45535143211252355;0.5;0.3794871363121441;0.14;0.2437702311999948
0.82;0.6808691436166769;0.14;0.4034777881622286;0.32;0.3630810728672094
0.32;0.29265040611160636;0.36;0.4980820598594146;0.36;0.3144992336955062
0.28;0.2683402712431346;0.4;0.5222089076634273;0.38;0.34691842200590545
0.12;0.22872748901538537;0.8;0.5741672644558744;0.32;0.4266634311100353
0.32;0.4055221555869097;0.62;0.45782996711766905;0.28;0.36066809942295835
0.14;0.20540181687110398;0.66;0.518907694350504;0.28;0.3102992767336224
0.62;0.8503358345021199;0.14;-0.06486728339104425;0.36;0.31283054229311974
0.56;0.4532631134945732;0.24;0.33311630811609766;0.26;0.18487495409477278
0.58;0.530552153002789;0.14;0.13277402800094612;0.34;0.24627745625637149
0.1;0.2288369552849347;0.26;0.19366126640548592;0.2;0.30212960875547085
0.1;0.06834849107603141;0.76;0.6479931560307162;0.48;0.44303386916798276
0.28;0.2875192989156347;0.58;0.5221779323722597;0.5;0.40626369660112177
0.44;0.4058137526772911;0.2;0.19076249440533494;0.14;0.2356794149728279
0.3;0.3640900677597984;0.36;0.4376454326387968;0.2;0.24571409639154412
0.2;0.1388427979879709;0.22;0.2611470955116825;0.46;0.3076571562799933
0.5;0.4870281273112355;0.42;0.3573448300334345;0.18;0.22779366164127796
0.56;0.4784030449639986;0.3;0.3506524494480853;0.28;0.23342779608788705
0.22;0.40214566294038584;0.66;0.4209654921391898;0.14;0.27213340027871086
0.12;0.10163253745874962;0.7;0.621535401127262;0.46;0.42756688364918377
0.16;0.25500657986339953;0.24;0.20639604876166223;0.22;0.3032779109806461
0.14;0.18572074667731336;0.76;0.5922349521217722;0.42;0.45092472710206893
0.78;0.602679155823951;0.18;0.3180696149989554;0.14;0.17735573929187526
0.14;0.10889812381422254;0.7;0.6031415654792422;0.48;0.3980581173175671
0.46;0.444663993392085;0.44;0.41926003221962665;0.34;0.36031391946460817
0.38;0.47784467181765117;0.56;0.3623553480720087;0.1;0.20705825962500685
0.68;0.6354093526581879;0.3;0.27892008894870307;0.44;0.2058082383133018
0.14;0.31266927447424714;0.76;0.4850030437711023;0.2;0.32483201535862977
0.56;0.5401614886785369;0.18;0.16473611359190804;0.16;0.24440933742869847
0.16;0.1178866392722015;0.44;0.6303623842830899;0.4;0.3765423904674697
0.72;0.6968298260496242;0.14;0.22137121590881143;0.5;0.24164262759629823
0.64;0.5251385855676192;0.18;0.27900749626375293;0.42;0.20398660974524946
0.44;0.4295183926229968;0.5;0.46348225625968204;0.48;0.4320030199359684
0.16;0.17981953244542276;0.22;0.24437798804655236;0.36;0.3225863856023415
0.86;0.5417458276448472;0.12;0.2928757046056287;0.2;0.05999783248692042
0.1;0.3032756768361666;0.56;0.4576882621263049;0.14;0.2108023977711247
0.68;0.6545208444279085;0.28;0.340831407554597;0.28;0.3216549773995672
0.42;0.37552254273690416;0.14;0.169863639276927;0.42;0.2525450323466663
0.18;0.4002803178189411;0.72;0.4200831107241509;0.12;0.2577612848738005
0.14;0.1227549582229927;0.36;0.313851584022758;0.3;0.3006301178413429
0.12;0.17333304405251376;0.14;0.11379915660087753;0.22;0.386597522124041
0.28;0.37343963134353125;0.62;0.476945012154297;0.3;0.3874442397412628
0.5;0.47747756798131186;0.2;0.1620060576199986;0.2;0.23408128182976556
0.7;0.68454923188432;0.12;0.1599556443746845;0.36;0.3219042079855177
0.74;0.8357794582940217;0.1;0.11767499444614166;0.42;0.37249030485207074
0.72;0.6882834727427551;0.12;0.23157694472995266;0.22;0.3673603145138094
0.2;0.4260514429025208;0.76;0.4238596184696501;0.12;0.27853336215611707
0.26;0.30837612152008526;0.24;0.2028804151720262;0.28;0.2780887654798568
0.68;0.6305373861319781;0.24;0.30025373669261873;0.34;0.28843099468958316
0.28;0.3246244914021916;0.18;0.1817128156040521;0.28;0.2807687613147954
0.16;0.3692316005772242;0.82;0.43945402466285904;0.14;0.24609496067964814
0.6;0.7168578578646263;0.16;0.06912854449358824;0.24;0.2652989601034568
0.26;0.24954360040695328;0.46;0.5265577815038054;0.34;0.3281535584960756
0.14;0.05489544352664105;0.46;0.6371085936381473;0.42;0.35460294486153204
0.16;0.19489560246284449;0.58;0.5661897716611943;0.28;0.34947582733744925
0.62;0.5111135778894338;0.12;0.17729578850745858;0.18;0.22494946366828744
0.24;0.2389681407224999;0.52;0.5288877126675555;0.34;0.3493052658582548
0.68;0.7149115184107175;0.28;0.3590350337148546;0.38;0.43326049333604205
0.54;0.4905818396900245;0.3;0.3258198958512903;0.12;0.15533961464061635
0.54;0.49636523606487665;0.38;0.3932150153623947;0.42;0.3715681811565111
0.5;0.4651868338468021;0.34;0.3461203648668995;0.16;0.1865578145687215
0.58;0.46528110501786707;0.26;0.3518790452964506;0.42;0.26964515465224453
0.16;0.24223925295074772;0.42;0.5281637830778234;0.24;0.2816377446063206
0.56;0.5215009368115362;0.36;0.3479628620501895;0.24;0.26560846638827856
0.18;0.1966393496425824;0.26;0.2560980253230067;0.34;0.31712877680971646
0.42;0.3649409935048255;0.1;0.17361523792573869;0.44;0.2588077703636094
0.36;0.3258176100491796;0.44;0.4537275893212975;0.38;0.3132282902925346
0.24;0.33073744929314736;0.24;0.187877830244717;0.14;0.26631069488531184
0.58;0.5042109180927541;0.28;0.32233760077208123;0.16;0.16975768863995372
0.58;0.4683292900958535;0.12;0.1734878898106526;0.26;0.23910298515682543
0.64;0.5010171382187012;0.1;0.1920590033061071;0.1;0.2332150132004705
0.44;0.37740689665199917;0.12;0.188477601227299;0.16;0.24880014698758318
0.62;0.6416506983901245;0.14;0.11004143322454601;0.22;0.23970436481125207
0.2;0.3049759251927299;0.74;0.5201894653056851;0.32;0.38224681520171716
0.42;0.3920674432036166;0.18;0.18241416669775495;0.26;0.24904645433912892
0.42;0.43715088422188025;0.42;0.3705094030733502;0.16;0.20538310430467904
0.14;0.14782004074648974;0.18;0.19269575768434882;0.38;0.3126919013794441
0.3;0.4261487061886002;0.56;0.38575307102440454;0.12;0.20406124940703935
0.24;0.24350269466851565;0.22;0.22470536411017256;0.4;0.3143478537005882
0.58;0.4773069274350676;0.22;0.3161225046176465;0.2;0.15449886186346534
0.26;0.32372164838505463;0.56;0.4592846330841109;0.28;0.297090562042917
0.28;0.2878689944037675;0.18;0.19163828026796031;0.42;0.2797469168363654
0.46;0.4622533258181833;0.44;0.39811384407333;0.26;0.32414392930335284
0.32;0.3691851145624427;0.52;0.43158569184874657;0.24;0.27003996372841416
0.5;0.3980034811876451;0.36;0.42386863594335117;0.5;0.34777472104486323
0.6;0.5337165424757602;0.3;0.3152169648679514;0.12;0.17828527521778087
0.14;0.18928429293309684;0.44;0.5360846639722976;0.26;0.2635912593878294
0.84;0.5929729733825029;0.12;0.33614639649261696;0.18;0.19164969540660254
0.24;0.1420214066929632;0.32;0.3411684756494619;0.38;0.38392690830827464
0.38;0.3529989619778903;0.12;0.17490877326867;0.4;0.26409614038073587
0.22;0.23446470075767117;0.64;0.5569499205128505;0.5;0.42239025717299855
0.36;0.42076528839733535;0.56;0.43288675033119367;0.26;0.33951368645251195
0.46;0.33383306276525254;0.3;0.43597761427995;0.32;0.25645021822399544
0.56;0.4623595273881322;0.28;0.3481484798754419;0.3;0.22084182224617793
0.12;0.3149283795101085;0.76;0.48417680003534364;0.18;0.3118848039150129
0.1;0.1611470970076156;0.3;0.2621676594931525;0.3;0.29508776699017064
0.44;0.48115284390900265;0.54;0.34282708051426275;0.1;0.16181826955665374
0.4;0.40555332760881563;0.48;0.4281833475092835;0.3;0.31854206607398
0.1;0.07782174822960436;0.32;0.32671122731001495;0.38;0.30105459575873456
0.32;0.3585909691523043;0.24;0.19014792945593334;0.24;0.25339451705676824
0.2;0.3911588804445942;0.58;0.3980761511323447;0.1;0.2001681694880864
0.3;0.31323971745203644;0.16;0.17948205708399562;0.4;0.27592402836447777
0.12;0.2095078327437478;0.68;0.5307428159924765;0.26;0.31844934676153175
0.26;0.3187664359536215;0.32;0.22965915973893763;0.24;0.2979836067378932
0.54;0.5008224611370637;0.36;0.38346218579011654;0.34;0.3483755880522273
0.8;0.6797778623612076;0.18;0.33063919372971745;0.46;0.16373764906607052
0.48;0.4478830246033156;0.5;0.3867248458624541;0.3;0.24955715323915856
0.6;0.6122099935782488;0.16;0.1459596462871186;0.14;0.2476414307148565
0.56;0.517140235522463;0.36;0.3350004742801584;0.18;0.2145327080972726
0.48;0.4424069987278771;0.2;0.17482529059153612;0.18;0.2279817543293126
0.68;0.6059185580445658;0.22;0.30424964196601784;0.28;0.2619014837473009
0.42;0.47361461064710547;0.46;0.3602586652999957;0.12;0.21689859236545944
0.74;0.6838165718751428;0.12;0.28174088442261186;0.22;0.4147738103134549
0.64;0.5424113944113331;0.34;0.3007464588010375;0.12;0.13513856933975094
0.48;0.39949464506565996;0.14;0.15758714947711744;0.46;0.2477760026553773
0.1;0.3459174869019834;0.86;0.481130678329394;0.16;0.30418529609963857
0.2;0.28178814082368014;0.78;0.5151091389994431;0.34;0.34100632148250215
0.58;0.4304961289706328;0.1;0.19258421656600538;0.14;0.22547891085708388
0.58;0.5140208864925044;0.4;0.35813391289672686;0.5;0.2761028102544066
0.38;0.3924730631384265;0.52;0.47207613872976245;0.42;0.42261981764841666
0.3;0.2587074704405283;0.3;0.3027845603145433;0.38;0.40251419575006425
0.22;0.2584920708749238;0.66;0.5539982692301362;0.48;0.4437131881056536
0.48;0.41450139772693867;0.32;0.3717904204329809;0.26;0.2310408062187213
0.78;0.5842287398510295;0.16;0.30204546122983195;0.14;0.14056169807643132
0.6;0.5459459602635677;0.32;0.32507546825920847;0.2;0.2320738772478484
0.46;0.3656620648671251;0.38;0.4386169185347139;0.5;0.35637827156455787
0.32;0.3670506928712613;0.6;0.4904238900477093;0.42;0.42354430087542655
0.24;0.24745145976036448;0.18;0.20075680652578248;0.42;0.3037265665259162
0.16;0.17783114682721796;0.46;0.5853491762128382;0.32;0.35202882514808836
0.2;0.17345992448964304;0.36;0.5821772594719488;0.42;0.362599013222428
0.6;0.8313820166533803;0.18;0.05547648058820548;0.12;0.24740328863339928
0.5;0.44726067809858855;0.18;0.1675055505387288;0.24;0.23025598474621406
0.2;0.34333914787395664;0.76;0.5206529295031299;0.28;0.4076841678660293
0.52;0.4005860796654745;0.12;0.18094241392003702;0.38;0.2261288739349317
0.72;0.567534957737992;0.18;0.2913111351888002;0.1;0.15091319133066522
0.14;0.12320014989877287;0.24;0.24898239842583897;0.38;0.27766385143386346
0.54;0.46832419551628995;0.3;0.34565232714063504;0.22;0.20500566740273657
0.24;0.2640005438286949;0.22;0.21331596714837636;0.36;0.3035625850908224
0.16;0.19428023586456938;0.22;0.23617412645656194;0.34;0.325290027284928
0.2;0.18989169551923063;0.12;0.16325200981800342;0.48;0.3313662660284314
0.3;0.13062592252082766;0.32;0.5810769739650852;0.48;0.5001691390837086
0.34;0.3908325640320684;0.64;0.44441150751515685;0.3;0.3099540866066724
0.28;0.3151819331636589;0.48;0.46989518166837846;0.24;0.2897130390705121
0.12;-0.05105962727805596;0.4;0.7388527062164638;0.48;0.42514949727674095
0.2;0.22088019937809528;0.6;0.5267375940215484;0.38;0.35288670146324025
0.28;0.39628821036183276;0.38;0.40925388186179495;0.14;0.2153389873071268
0.54;0.5176888395461405;0.36;0.3280307205601442;0.1;0.1850541297683384
0.5;0.4268907124955789;0.36;0.4025662925500992;0.38;0.32058689720259453
0.32;0.37944543687501814;0.6;0.47606444445133284;0.36;0.39821009140042124
0.26;0.2497314045568701;0.54;0.5203260087036139;0.48;0.3841007712735581
0.1;0.2986855635494991;0.62;0.46722065313516586;0.14;0.23775193550182566
0.68;0.7153168079243402;0.26;0.32137174482294845;0.5;0.41741630347912123
0.22;0.28918501098694244;0.54;0.4832169242513597;0.22;0.28297766588705203
0.42;0.36690750682292766;0.12;0.16949250448028258;0.44;0.24690755290590177
0.12;0.08203941148960475;0.72;0.6472414485280222;0.5;0.4491400800388084
0.48;0.4917058424467073;0.48;0.4651446206736349;0.44;0.4689496656328123
0.4;0.4327775282096284;0.56;0.49388188569804575;0.44;0.45696066586970746
0.66;0.5756156031509663;0.28;0.311158552783348;0.18;0.19915183430356992
0.1;-0.007535132145902346;0.32;0.3893413983273685;0.46;0.3302322793356956
0.24;0.21299770464101336;0.3;0.2819187555365385;0.36;0.35125926049594286
0.74;0.7318358296523557;0.1;0.20781156781191007;0.24;0.36162553336242015
0.16;0.17110202739944363;0.7;0.6044492294035007;0.46;0.43602720818137813
0.1;0.09230300101632744;0.18;0.21305143996769366;0.44;0.3413347220939676
0.3;0.24055679222527865;0.46;0.5260586524135615;0.42;0.3432611277597806
0.22;0.1681091609403979;0.54;0.5802784756530965;0.46;0.388137161451005
0.2;0.05728704467834839;0.28;0.35048318485894575;0.46;0.3647112710433254
0.28;0.37344619701026865;0.7;0.4526052251606611;0.26;0.29897990912952027
0.12;0.09804844800375329;0.72;0.640470125826661;0.48;0.4590124944224732
0.64;0.5583208030471825;0.24;0.3136607992156339;0.28;0.2369300095910552
0.1;0.12041327576517497;0.88;0.623356841510103;0.44;0.40506222539554587
0.36;0.39480005200349105;0.5;0.4233015624669047;0.24;0.28150332707512066
0.26;0.2952083307150432;0.4;0.4913866719806645;0.28;0.292287041387346
0.68;0.670684023680481;0.22;0.3101940678190342;0.44;0.40154831249731787
0.3;0.31797217919577897;0.56;0.49538092024528985;0.42;0.3767745539595984
0.52;0.5040047015365035;0.4;0.3464220937708628;0.16;0.2252662138983857
0.36;0.43495520252086955;0.52;0.3930297274069627;0.16;0.24508002591645722
0.12;0.15276550407534878;0.86;0.6197662788186815;0.44;0.4239780003405605
0.2;0.11792763327032113;0.26;0.29948843451274704;0.44;0.3317724904128801
0.42;0.3794559413751714;0.4;0.41278658080338565;0.34;0.28655257637445347
0.6;0.5316492185739621;0.38;0.31819094000282994;0.22;0.17336562797536376
0.18;0.2561630712048825;0.2;0.18167298758169997;0.24;0.2939275768530712
0.28;0.3570915528519493;0.64;0.49205582400459597;0.36;0.4038821639023587
0.64;0.5441536307514256;0.22;0.3164660801490637;0.44;0.27401000209025655
0.22;0.22742087785702275;0.48;0.5431379519966282;0.34;0.34090732242174854
0.28;0.294672486260852;0.46;0.4851084182287135;0.26;0.28182296425547465
0.1;0.1346917173815087;0.7;0.5636111651100759;0.32;0.3262590286347296
0.42;0.37258681127224386;0.42;0.42835444755154234;0.36;0.30292516848101686
0.66;0.6561767114851891;0.1;0.04622363147429914;0.44;0.2815797194002761
0.12;0.15699076826177255;0.36;0.3167996318246164;0.28;0.3225239533818814
0.26;0.32577682426631477;0.48;0.4623413370996314;0.2;0.26906584662564287
0.1;0.07141706731553804;0.38;0.3607785359862145;0.34;0.3204575353928823
0.4;0.40853167275825947;0.36;0.3844504938426649;0.14;0.18772497721850018
0.3;0.38101205559107293;0.32;0.20305864484420616;0.14;0.25080115969462385
0.54;0.47240073687625433;0.16;0.16687131328230825;0.24;0.23466800324985743
0.32;0.36549247963189807;0.28;0.20130063357226752;0.28;0.28975079440164736
0.34;0.4336183492379903;0.36;0.3744561270337183;0.1;0.17579653040591042
0.14;0.320896903552027;0.72;0.4527592410560725;0.16;0.24896888173254356
0.6;0.49209874850093777;0.2;0.3054453294780696;0.16;0.12908896595460023
0.58;0.5155927827217412;0.16;0.17877549616624683;0.12;0.22931608326837877
0.34;0.3434382612421147;0.44;0.4447590755989321;0.26;0.28977583042882943
0.34;0.41209896987227673;0.52;0.40541194777531436;0.18;0.25217423459796523
0.34;0.40137867034015223;0.48;0.404174745842057;0.2;0.2587071240265351
0.22;0.27570792089714197;0.14;0.15325285588424825;0.26;0.2983308111368422
0.58;0.4518141107533055;0.12;0.19038619366424675;0.1;0.22776858739494005
0.24;0.32511978811974424;0.3;0.21024443717484437;0.18;0.26452462239578894
0.36;0.2718491528826605;0.3;0.5182906273786128;0.48;0.34626065618440466
0.44;0.4510715628813117;0.42;0.3679292340917268;0.16;0.21416761814041424
0.34;0.3849484287407436;0.58;0.47331995640017616;0.38;0.4040500330845936
0.36;0.38275431229296125;0.58;0.49525497852482764;0.48;0.4378192875310339
0.56;0.47405639873597644;0.18;0.3026193643835608;0.4;0.44314117839164796
0.2;0.3476825553897826;0.64;0.44708229258781634;0.18;0.28104714803107017
0.38;0.38931623249290376;0.52;0.48182699591996075;0.46;0.44756534956287114
0.86;0.715883838601586;0.1;0.3966278408927277;0.4;0.3672464047456066
0.22;0.33734963134958357;0.3;0.19819014391505724;0.1;0.2507011876648511
0.78;0.5873688985419265;0.2;0.29059322460272446;0.16;0.12109063871847697
0.36;0.3587124922944526;0.14;0.18123441799523582;0.14;0.25933488020331824
0.38;0.4365288696407263;0.28;0.17602848582287683;0.24;0.274517085897009
0.24;0.2878109271711808;0.14;0.16135682408452218;0.3;0.3021603198520984
0.66;0.5378059907572295;0.16;0.2761352034224995;0.38;0.36306886417775447
0.72;0.7974886678517252;0.1;0.08425523426344944;0.34;0.29624528216506635
0.46;0.4662470753084322;0.48;0.4070546172729987;0.28;0.3246706834116884
0.46;0.38655805933473325;0.36;0.40122988545211874;0.38;0.2862639635618001
0.54;0.46591690064812646;0.32;0.36225681127826553;0.28;0.2466679321273722
0.26;0.30766164590712614;0.14;0.15940895126672777;0.22;0.2757116154824422
0.64;0.5380497927783254;0.24;0.30499471876888967;0.14;0.15882194864682392
0.56;0.4189992136488329;0.1;0.18988421626567592;0.26;0.23541979506601424
0.42;0.3672254939926362;0.4;0.425215426675501;0.4;0.31698216358152026
0.46;0.31274993353957975;0.28;0.4594661345863013;0.36;0.2720100856651078
0.52;0.5800310656294856;0.22;0.14862009332171872;0.18;0.2580072254122064
0.44;0.3711127882138087;0.12;0.18523760938861605;0.22;0.23328663150622392
0.48;0.42888600025058715;0.16;0.14215163154799731;0.44;0.2768705454105947
0.82;0.5674684458374786;0.1;0.3206474527526321;0.18;0.17444455822297927
0.4;0.3729557132632821;0.16;0.1571670704182832;0.48;0.2711565032123025
0.2;0.2141273987875622;0.1;0.1244731434374568;0.36;0.3174525376304365
0.14;0.2579994320321874;0.44;0.49120799111570185;0.2;0.2405699220104856
0.16;0.21133040765679006;0.36;0.294721100828178;0.24;0.3133475820380403
0.14;0.1941389138064637;0.72;0.5545043567349748;0.34;0.36917711097056044
0.32;0.4410807209669529;0.66;0.37894460804420155;0.12;0.19236759371893358
0.16;0.20491897189860858;0.66;0.5550475652257998;0.36;0.3786244283837226
0.44;0.4402198237647796;0.5;0.440665341684743;0.38;0.38215368937631583
0.7;0.6399067292809109;0.28;0.2629594575836702;0.36;0.16200001894228594
0.18;0.1901577599352337;0.4;0.5677951440757607;0.34;0.33635292235694353
0.26;0.4061633812187055;0.4;0.401460894429648;0.12;0.21087872387463508
0.6;0.46695121969482195;0.2;0.3155950494672705;0.34;0.19366628688667392
0.12;0.05219815461064464;0.22;0.32393256902381146;0.5;0.3710602355917905
0.58;0.5049744489099355;0.24;0.30810057006861163;0.12;0.1380822817214727
0.84;0.5390536564927559;0.14;0.2985031302344449;0.12;0.08615837706105994
0.54;0.44651465162104537;0.26;0.34105989962393685;0.24;0.18908427819881185
0.1;0.02815256717848208;0.54;0.6562539134560279;0.38;0.3547699170545889
0.28;0.3635603187928084;0.32;0.20813852072102995;0.16;0.25847421518773844
0.34;0.3344719886476654;0.48;0.4555445489111218;0.38;0.3231495080554004
0.62;0.48622270643119386;0.1;0.17413976922409197;0.28;0.23259813311984262
0.28;0.3393545307493199;0.62;0.5104103853854352;0.42;0.43419030499760597
0.46;0.4850230167981395;0.24;0.1642850806850557;0.16;0.24865135716198156
0.24;0.2538882105736932;0.4;0.5282670464277015;0.34;0.3332481525934901
0.14;0.30079944507328243;0.7;0.46521333896502987;0.18;0.26680267120543194
0.22;0.28369661603609025;0.72;0.5604364628065011;0.48;0.46133416107583175
0.36;0.24181922580182807;0.4;0.5252560682783962;0.5;0.3612628380215091
0.36;0.4231567174400667;0.5;0.39104353760131366;0.16;0.2252351527327568
0.24;0.20792043209141448;0.36;0.5717440955609601;0.46;0.38415903348309316
0.62;0.556904199163897;0.26;0.33776152455605163;0.46;0.3392524453846369
0.82;0.5981330376586145;0.12;0.3393142514143445;0.24;0.21483377300118095
0.26;0.37090230829302734;0.64;0.46947319016688843;0.26;0.36158527212169306
0.14;0.15494731982355753;0.38;0.5578139921862768;0.3;0.27254525276658287
0.14;0.25452363910045656;0.32;0.22360336525538677;0.18;0.275586803728948
0.62;0.5996620626250306;0.3;0.34337167630483484;0.5;0.4018894435367378
0.34;0.3293568917642646;0.4;0.4562980499023876;0.24;0.25728083438858734
0.1;0.30540140151255607;0.54;0.4567401969626214;0.14;0.2103630355971467
0.14;0.28766307356657855;0.66;0.4606537897283555;0.18;0.2507526590909555
0.28;0.3118035705517472;0.1;0.1481956631580143;0.22;0.2877428747956606
0.46;0.4370168780907037;0.52;0.40607345585289883;0.34;0.2922998531684647
0.5;0.4400215706840968;0.48;0.41237382231384706;0.48;0.32105599040730853
0.14;0.23482924191233828;0.76;0.5504767680491878;0.32;0.40227553431825586
0.12;0.2375845590697751;0.78;0.5659820227501708;0.3;0.42032856249671285
0.26;0.3361770125867964;0.68;0.5167265885826364;0.4;0.41913064085648616
0.38;0.42761136903068725;0.48;0.394480657619469;0.18;0.2524844407707639
0.14;0.06132697097236822;0.58;0.6353589245294782;0.42;0.3735702118218632
0.18;0.20895816652719795;0.2;0.21447331679435527;0.36;0.32349515039078997
0.3;0.3121313955485349;0.14;0.1723170048501867;0.4;0.27455414337450806
0.3;0.30341916173849776;0.56;0.5135701034963003;0.5;0.4097536929367101
0.6;0.45378843848726697;0.1;0.18315014663573342;0.2;0.22290839842052096
0.36;0.4212715684396941;0.6;0.4870327766792581;0.36;0.4222793213320762
0.32;0.3669832987045553;0.52;0.43939005410717974;0.26;0.2952771944133082
0.42;0.3970379141250661;0.2;0.19271343060257456;0.12;0.24100672920236038
0.16;0.15952776224610837;0.18;0.23267898268545756;0.42;0.35145803059867037
0.34;0.2166999520247132;0.3;0.5116433699711085;0.44;0.49127171029355937
0.48;0.4508945854458816;0.44;0.42310850340207046;0.42;0.39178424680816365
0.44;0.467905949660478;0.48;0.37743327181859704;0.18;0.25671381110635766
0.1;0.24574775279765654;0.78;0.5248722642432722;0.24;0.3343506632306577
0.22;0.24845669687371136;0.62;0.5331223256858675;0.42;0.38795970539994246
0.2;0.19670917706675944;0.44;0.5585422992139766;0.36;0.3367025397968951
0.5;0.45826479569818596;0.48;0.3825593050828299;0.32;0.2553888900995736
0.28;0.30399297250058205;0.1;0.15077095143632951;0.34;0.2942945713197736
0.12;0.22804332597260818;0.48;0.5328623363850167;0.22;0.2900261501789095
0.36;0.42410207936043925;0.62;0.41240974018172344;0.22;0.27444432625157505
0.12;0.39227492321292495;0.84;0.446587828362831;0.12;0.2789007774930559
0.18;0.12057546826217597;0.44;0.6258022116081545;0.46;0.399008992829784
0.18;0.3108552576630445;0.72;0.5069963714208694;0.26;0.3743545210161932
0.4;0.40019831848690196;0.22;0.18646234141011425;0.2;0.24920125016260558
0.2;0.14526524367804833;0.46;0.603161640977903;0.48;0.3938594045860447
0.36;0.46798476557138863;0.56;0.3635687670610192;0.1;0.20277874954474046
0.28;0.3106199843790464;0.38;0.4828731294935206;0.28;0.291962304120097
0.32;0.24778067159664524;0.32;0.5389610223129335;0.5;0.3572380308141652
0.38;0.4074215018295761;0.38;0.3909912525128984;0.14;0.20488424985138126
0.3;0.2957484709715332;0.4;0.49707186046650625;0.32;0.3160103551706533
0.5;0.3872562051517591;0.1;0.17467036059589097;0.5;0.24720020173120988
0.16;0.28945961398180636;0.34;0.2274334977464189;0.14;0.2670996008920162
0.52;0.4451544451232807;0.24;0.3532914041113681;0.14;0.16206741731318802
0.8;0.6409611923402581;0.1;0.3431288051159182;0.32;0.29041439349598536
0.12;0.28247466409462313;0.74;0.49694621950291057;0.2;0.3027494886422977
0.46;0.39575470748036573;0.36;0.39365951951359895;0.34;0.2693967670947535
0.2;0.23806889365403955;0.14;0.15407775480072522;0.32;0.2984746200424189
0.4;0.3696880632278707;0.4;0.41629752952899074;0.3;0.27828618534335364
0.34;0.2767345672670644;0.44;0.49154661041548414;0.42;0.3342631114749742
0.6;0.5314711345973266;0.38;0.31923240160269833;0.24;0.17862896449739823
0.26;0.2267607639093982;0.32;0.2919179118581578;0.34;0.3582156456331865
0.36;0.446582941039354;0.32;0.36783507689528355;0.1;0.18212810883617353
0.4;0.44876947264266825;0.46;0.37148560756101395;0.14;0.21582015256414083
0.28;0.3728056195647739;0.3;0.20059527071916355;0.12;0.26681542744930825
0.24;0.34777243230536364;0.48;0.44287883175528825;0.16;0.240251897894388
0.2;0.34069783771310974;0.78;0.46579215177364935;0.22;0.2947640439231867
0.12;0.07205029822425651;0.1;0.08598545412988406;0.32;0.4525753798940491
0.66;0.8139823696925832;0.12;0.00690776227833928;0.34;0.31823618174178764
0.56;0.5480090990826783;0.16;0.11984015273719101;0.32;0.25293744208469265
0.1;0.08259983337888749;0.24;0.28346384343981973;0.44;0.324389953220055
0.54;0.5448352903795255;0.42;0.40932611463561236;0.32;0.3893416762147757
0.16;0.19618258762749868;0.36;0.31066951253671354;0.26;0.3383278848660956
0.48;0.3880409101804944;0.38;0.4339735166513076;0.5;0.36085509306091185
0.24;0.28555739656654716;0.46;0.4964038431939041;0.26;0.29589259945880203
0.46;0.39589109193281197;0.16;0.18896669048558684;0.2;0.23668786233697064
0.28;0.2837040138176065;0.54;0.4999769744886972;0.46;0.36480705843596356
0.46;0.42515902633447106;0.52;0.41343753338549866;0.38;0.29372377921050147
0.4;0.4462209816074549;0.26;0.16249524409878652;0.26;0.2695432236153073
0.3;0.3363296076582018;0.14;0.16848398896967004;0.18;0.2753135474153999
0.78;0.6197152836879825;0.2;0.2851735584256058;0.24;0.11696001366636383
0.56;0.481589437440151;0.16;0.1823014264130986;0.12;0.2282511876663938
0.28;0.2067995080607276;0.26;0.2877317567067276;0.46;0.3900636330385004
0.28;0.34739215643125626;0.22;0.18436470859642035;0.1;0.2469671151076574
0.52;0.43742373407174434;0.16;0.18878468624732497;0.14;0.238721876239203
0.22;0.21512257029340426;0.32;0.28446831931203426;0.32;0.33908653151067997
0.22;0.20833257779527664;0.52;0.5569681197118623;0.36;0.3634108065412596
0.12;0.11816062462462334;0.76;0.6528030178472417;0.5;0.49762995303158336
0.3;0.35436244539818923;0.22;0.18608798593586434;0.12;0.24642300775369735
0.54;0.43495109758797107;0.26;0.3473178574795323;0.28;0.20125130000253139
0.54;0.4387682918480082;0.22;0.35286113635916044;0.16;0.1548506186947583
0.42;0.3715404117910894;0.12;0.1825480207478815;0.24;0.25262507631723624
0.6;0.4847932560232537;0.2;0.3062708997975047;0.18;0.12426496859595831
0.48;0.48843344328841604;0.42;0.3605681372906215;0.16;0.24455552829011312
0.24;0.3175914553532963;0.48;0.4683740370631437;0.2;0.2664934799507029
0.36;0.3524274724896032;0.14;0.17739516788163562;0.34;0.26616118319666443
0.32;0.45733485948881175;0.58;0.37193156720395243;0.1;0.21020118036975705
0.2;0.1781397459938618;0.42;0.5764322270376081;0.4;0.35865685715835754
0.84;0.6342099899949163;0.14;0.2998903864505504;0.46;0.0800079483207759
0.38;0.3913329607065365;0.42;0.40100422783539463;0.22;0.24707057437578955
0.42;0.3032858498347523;0.3;0.48642430332854864;0.4;0.3274693797203901
0.62;0.5283367162272172;0.26;0.3079148060543215;0.12;0.1478049473139214
0.28;0.336191814857665;0.62;0.5153420002114484;0.44;0.4447624189846016
0.6;0.5395942520319907;0.32;0.3172144499827791;0.14;0.1921281342808135
0.54;0.5002113706890599;0.36;0.3951544498334922;0.4;0.39153138068139187
0.22;0.324519328487655;0.68;0.5099583674770056;0.32;0.41159021083462394
0.46;0.40290156633199253;0.32;0.3803655169787998;0.2;0.2026127205082338
0.22;0.29953493879716725;0.28;0.20974821735199461;0.2;0.26054609791103817
0.72;0.6040073579537066;0.2;0.28151677558003846;0.18;0.17772832877788064
0.78;0.675236077774757;0.12;0.30320203168133125;0.3;0.26320697994871184
0.52;0.44608777030427554;0.36;0.4115348834188463;0.46;0.3661343354245395
0.58;0.503305852070669;0.24;0.3045719275074898;0.1;0.11978084302356878
0.14;0.09926773804937888;0.54;0.6092792933742299;0.38;0.35591208699239646
0.1;0.09972245440579436;0.3;0.3084871953434753;0.38;0.3176858900170379
0.54;0.5143425093214107;0.38;0.33048469642116024;0.12;0.18775823011964748
0.32;0.43650114254161715;0.38;0.3793137220592168;0.1;0.19935584992410954
0.16;0.3280460147799162;0.78;0.5042768861677527;0.22;0.3580252820149559
0.12;0.11098839816454537;0.12;0.11923179081912955;0.34;0.41249507791386636
0.26;0.28176217452953417;0.6;0.5241110518407279;0.46;0.40234889434260085
0.38;0.47446756910378135;0.58;0.39300094262179747;0.14;0.2626887102561631
0.3;0.3711460457425219;0.28;0.19774531220522923;0.16;0.2629561835582655
0.44;0.4929926290099062;0.24;0.13191102316390263;0.28;0.2706222670096628
0.48;0.46750987450556786;0.18;0.09280950875965138;0.44;0.2781376138664831
0.56;0.5179679379863289;0.16;0.15020744498503652;0.26;0.2442608116537946
0.58;0.5949858451789838;0.18;0.15820614304279806;0.1;0.2332536680072002
0.28;0.4215845130727886;0.58;0.38999477582641723;0.12;0.21085157544141625
0.28;0.2407028373359254;0.42;0.5392525430670301;0.42;0.3477657448990846
0.26;0.3490288337942801;0.64;0.49004083836201423;0.32;0.38983087824329404
0.16;0.37770816080403485;0.74;0.446452213298593;0.14;0.2899535573070358
0.12;0.2669885214553404;0.56;0.5003395072235943;0.18;0.2672814084348039
0.62;0.5554835662869679;0.26;0.33000564292155693;0.36;0.3004022010737009
0.14;0.20022858423436113;0.14;0.11286303258685954;0.2;0.34186779057916455
0.18;0.22242087036240016;0.22;0.2165403767720459;0.32;0.3077445739308536
0.38;0.3503711015696937;0.44;0.44536167013832645;0.4;0.33234664816661225
0.16;0.3241461381376653;0.56;0.46057207872718314;0.14;0.24062947518027672
0.28;0.2024354020137495;0.3;0.32528786041870567;0.4;0.3959421985420369
0.68;0.5507582638006185;0.16;0.2820077431593628;0.34;0.17780920749436918
0.12;0.27838335662730324;0.84;0.5735107300440714;0.28;0.43932456456986474
0.4;0.48268935583861755;0.52;0.35630135235055;0.1;0.20949750426027608
0.32;0.31524869336196;0.52;0.49294037147473196;0.46;0.3898729235880359
0.28;0.26242811241031355;0.42;0.5272769978254754;0.38;0.3523822186813624
0.74;0.7080377876843273;0.1;0.23405951904227001;0.18;0.3729981997455019
0.38;0.3980266066210178;0.34;0.40407054895875055;0.16;0.2148562103585681
0.4;0.4164500529468584;0.52;0.44033888815288796;0.34;0.3615831410673485
0.42;0.44057476876565865;0.52;0.426611697261664;0.3;0.33949512928925346
0.1;0.07529450947360922;0.56;0.6257964927845887;0.34;0.3470427974916169
0.18;0.39147855808849535;0.62;0.3963761297578909;0.1;0.19528350023703128
0.2;0.22129871205265922;0.1;0.12320803925928309;0.34;0.3250783846956358
0.32;0.2629847115989407;0.4;0.514511916481305;0.38;0.31658960279813814
0.16;0.3285613651806771;0.64;0.45251861652606457;0.16;0.2635085906891624
0.32;0.3710710037039761;0.3;0.20565441450299565;0.26;0.28835635514676655
0.18;0.2538891376650995;0.72;0.5654058764267174;0.4;0.45527807300880513
0.7;0.7593906302548576;0.26;0.343630523675068;0.4;0.43437611860802067
0.16;0.18855762194142905;0.6;0.5566995641170049;0.28;0.31908102956328493
0.4;0.4355169635125706;0.26;0.17627081019491547;0.2;0.25748870889558534
0.62;0.5178182886192404;0.22;0.3042826446031423;0.12;0.1364234333370638
0.52;0.6256573617489509;0.2;0.0914656124272934;0.34;0.3408827986583623
0.72;0.5773916918848572;0.2;0.2877821566578202;0.12;0.15508875778358006
0.24;0.2887363910486102;0.62;0.5143815422740954;0.38;0.3822660022943643
0.44;0.47574752273881565;0.26;0.17480011188680428;0.12;0.24547191055984913
0.2;0.16917831224088936;0.32;0.3015814317023537;0.34;0.3420469760421901
0.3;0.42765416988183497;0.64;0.42272958562943436;0.18;0.2970311905431578
0.38;0.30297207867370596;0.4;0.4671796022788765;0.38;0.3095179429898059
0.28;0.32902528707543305;0.52;0.4567306219175801;0.28;0.303234079779549
0.26;0.40616845818331776;0.7;0.4682249412699246;0.22;0.35599575256984567
0.16;0.2571782293576718;0.64;0.5027303610148135;0.24;0.2997473929218933
0.54;0.4635298950496904;0.32;0.36645496228903446;0.3;0.2583663016468512
0.24;0.2859808293050478;0.2;0.19127153562471583;0.3;0.28127701444254344
0.14;0.18923837592403608;0.46;0.5382975430662154;0.26;0.272071509720127
0.16;0.27470806460434155;0.58;0.49492607851101517;0.18;0.2653693866975351
0.52;0.46631631126774814;0.46;0.381183678478828;0.36;0.26360092805226204
0.68;0.6341422491315301;0.22;0.3070504101203337;0.34;0.3248494395490758
0.12;0.11280212216246505;0.56;0.6203204240776625;0.34;0.3727654825780525
0.32;0.3345871679751668;0.12;0.16618978675276103;0.2;0.2649385923782211
0.88;0.5352373437407907;0.1;0.2829201867810635;0.32;0.00837633540201127
0.24;0.3265851734765179;0.38;0.4681170713624862;0.22;0.27385158751892563
0.4;0.36815661267071825;0.22;0.21354486971356684;0.48;0.4179838688748481
0.3;0.31355109365563444;0.2;0.19346103326353264;0.4;0.28484882425437436
0.14;0.28827328287630544;0.38;0.4618760717948131;0.18;0.1993767101451232
0.24;0.3248554381560866;0.7;0.5214841690468159;0.38;0.4141468636814301
0.32;0.3131207913763078;0.4;0.47903553260602044;0.28;0.2946325057784583
0.18;-0.19285100548677142;0.36;0.596403235188711;0.46;0.48733624884608334
0.46;0.43660070479870833;0.2;0.16760130618434593;0.26;0.25412256223490376
0.22;0.3243463378120183;0.24;0.18373041411143126;0.12;0.2664219034054503
0.76;0.6213923447220695;0.22;0.2660445641028641;0.22;0.10530376195604335
0.42;0.4810704206839362;0.48;0.35199626529600286;0.1;0.19515895791398125
0.12;0.27175305700075264;0.64;0.4829860758709483;0.16;0.24089433920909814
0.3;0.26002783767897747;0.22;0.23205878738185354;0.5;0.37293611564309176
0.34;0.3603127474478371;0.22;0.1846174666826112;0.3;0.2577089598383458
0.5;0.5112987051738018;0.46;0.4425626135347411;0.38;0.4351558519957797
0.1;0.21558062418010032;0.78;0.5505362724781062;0.28;0.3654155891247007
0.3;0.4084443651472342;0.66;0.47956986693160636;0.28;0.3843524930023881
0.36;0.3436635469811777;0.48;0.458716010492034;0.38;0.3328109505277786
0.38;0.2698595721189336;0.32;0.5178019230841653;0.48;0.35182247389980775
0.12;-0.10170529192769201;0.36;0.5075149475172236;0.46;0.41632636893772373
0.48;0.4419881745103866;0.2;0.182849886134883;0.14;0.23891708911361947
0.5;0.510523960191209;0.44;0.33703413293852086;0.1;0.19069518759659504
0.26;0.363384908215268;0.72;0.4508070190154509;0.24;0.27827641320306556
0.48;0.4001076558963221;0.38;0.4188089853172567;0.42;0.32411252000924323
0.7;0.5637891282412413;0.28;0.28586648304224943;0.14;0.11884768272523788
0.18;0.22543715400951364;0.74;0.5908864396513647;0.5;0.4884946353398681
0.44;0.3596387910852898;0.34;0.4132597437524847;0.28;0.24499461692329932
0.18;-0.2861738212845693;0.36;0.6913659690745118;0.5;0.5384463270596944
0.52;0.41809431097508004;0.24;0.3749130004621232;0.2;0.19682471034452137
0.46;0.41186832657820255;0.4;0.4118294856689399;0.34;0.3123906189774806
0.14;0.26909370880579936;0.72;0.4916333034188451;0.22;0.2901648169013021
0.18;0.3379161323471764;0.62;0.4403375835983436;0.16;0.252147117479189
0.44;0.371881904448587;0.36;0.40918402390416125;0.34;0.2792621574569472
0.58;0.4767566651817831;0.26;0.3363506598035368;0.3;0.2122078570365949
0.76;0.5792171157033594;0.12;0.285363738668914;0.14;0.1346838078749562
0.34;0.4220117357399304;0.62;0.4738379923794593;0.3;0.3881080859978346
0.5;0.28512607431302833;0.24;0.48245708772943735;0.48;0.315907379983492
0.22;0.20515310624324606;0.54;0.5548731691699242;0.38;0.37314466722950274
0.4;0.2754074331715956;0.3;0.5143998381816257;0.5;0.36096650398196234
0.34;0.43514379203047476;0.58;0.4075394774834617;0.18;0.28353639119214963
0.34;0.3618435361198011;0.2;0.18460012558405586;0.26;0.25918853740711884
0.62;0.5046364832660275;0.22;0.3179383084815665;0.4;0.2354094749081304
0.62;0.5523406266811592;0.36;0.31358331355797836;0.32;0.19545843146355596
0.58;0.5014872807457935;0.14;0.1600689884121575;0.26;0.2339327105216063
0.7;0.6348601096483877;0.2;0.2907013260084678;0.28;0.2736655446904655
0.46;0.38889311622062345;0.14;0.19330796038001913;0.12;0.24180923917422265
0.16;0.27069812634396734;0.48;0.501587227203417;0.2;0.26190005016761747
0.46;0.3877648644879785;0.14;0.19312934726633663;0.1;0.23926277526496792
0.64;0.809655419102002;0.12;-0.05815876174367568;0.4;0.30344697344867827
0.18;0.2283455191603438;0.42;0.534523766276956;0.28;0.30182754222025837
0.12;0.22707316678295947;0.5;0.5351871527657803;0.22;0.2962109225676733
0.36;0.35303775584825;0.52;0.48767815078157745;0.48;0.41280417441752265
0.42;0.3860479914607155;0.18;0.18915943691029574;0.16;0.23390113076829439
0.44;0.4228136178376915;0.22;0.1874560598216501;0.14;0.23920306041035305
0.32;0.24757798322980457;0.26;0.2955444854299795;0.46;0.42510786419604246
0.74;0.612349060532084;0.24;0.26384782950983626;0.2;0.11337275176072753
0.38;0.4596205620317037;0.58;0.4317291401071312;0.22;0.3406067601593526
0.48;0.48503798238159995;0.38;0.3359458694966772;0.1;0.16877066125645174
0.12;0.36263843501481724;0.56;0.4205222618648545;0.1;0.18637081154273633
0.14;-0.02341105749584066;0.4;0.6827526642400141;0.5;0.3667653768586581
0.78;0.6884008161152069;0.16;0.3092288974229202;0.3;0.2405222331820261
0.42;0.4888282671088306;0.26;0.19598998924818395;0.34;0.3911608138301182
0.56;0.4691161655052995;0.28;0.3457047581912544;0.28;0.22162440109997933
0.22;0.21978325496024248;0.56;0.5365640067350068;0.38;0.36609436470207074
0.18;0.0866632599472596;0.36;0.37413677689861763;0.34;0.36655048517182026
0.44;0.32306661281843824;0.28;0.45764156860394073;0.34;0.2704116648499229
0.74;0.8491490700690478;0.16;0.23442645250637745;0.48;0.4347168707727525
0.1;0.09199801704236571;0.28;0.30116631620712403;0.4;0.31221006513019406
0.44;0.44112259349951594;0.22;0.16404815973658876;0.26;0.25857808129973764
0.26;0.26031438793420286;0.5;0.5116479392397377;0.32;0.3285592350456517
0.52;0.49133371361335926;0.34;0.33346939026923755;0.12;0.1748405925337187
0.64;0.5814800925939225;0.28;0.3148649355953747;0.26;0.26062304607461956
0.52;0.4928783610728275;0.38;0.38992569452819587;0.32;0.3576897438812017
0.32;0.2966355110842415;0.38;0.49675900007160684;0.34;0.3199612784127402
0.28;0.3540810853334279;0.6;0.4726451038000061;0.3;0.34869886357834107
0.56;0.5473477980635566;0.4;0.36459331889013774;0.2;0.27866752683357904
0.22;0.231222967598869;0.58;0.5286804969273444;0.42;0.3733449584272029
0.24;0.14045328628327675;0.28;0.32387550600305665;0.44;0.3978107131868916
0.78;0.7918939744223097;0.12;0.3071841911765684;0.44;0.4040240729892793
0.3;0.37686018396127147;0.28;0.19658730109186812;0.1;0.2544031268219618
0.4;0.35458212011782714;0.1;0.17940258083534494;0.18;0.2437606116491287
0.1;0.15806200868704118;0.18;0.15314752207108134;0.28;0.3294038859950837
0.62;0.5397694365111521;0.1;0.10810386246185394;0.5;0.24927027502921023
0.56;0.4989864148902698;0.42;0.3754796406710678;0.5;0.30956600775446136
0.34;0.39722710514939913;0.6;0.474711817398693;0.36;0.40016305134648805
0.74;0.5837922894023408;0.18;0.28505737984770824;0.12;0.1496574347826885
0.76;0.5897268222481118;0.12;0.2828071412428212;0.16;0.14507544566089964
0.18;0.25571786099141897;0.48;0.5133742351199626;0.24;0.29069496933178757
0.64;0.5219738258008151;0.2;0.3053136209427489;0.44;0.2373758921112375
0.38;0.3518649018402528;0.1;0.1759808838323817;0.18;0.2583813070793389
0.24;0.37077403444316;0.64;0.44703673939412986;0.2;0.29909862338894927
0.34;0.45068782459967033;0.5;0.3658612166028316;0.1;0.1938886071382689
0.12;0.10834730703043655;0.74;0.6436367243230745;0.48;0.46675853178911725
0.52;0.37107554425483763;0.28;0.3955503980196024;0.5;0.299001767869334
0.38;0.3746241883306724;0.5;0.46773866817788806;0.42;0.3910531278680543
0.36;0.3485521750979445;0.14;0.17678798871999496;0.32;0.2529447781757091
0.26;0.3895617424816053;0.4;0.4150871742327606;0.14;0.22330886139352574
0.26;0.3937159488511825;0.7;0.4862381249508598;0.26;0.3860789801352161
0.22;0.17225746616628762;0.5;0.5917150168478795;0.46;0.4032405854492885
0.34;0.3323228510567035;0.12;0.1697049723112169;0.46;0.2807540247156118
0.56;0.3900416147655236;0.22;0.3746991960041665;0.36;0.22863062174602705
0.26;0.37407443949314406;0.72;0.44361862186546225;0.22;0.2739943289456966
0.5;0.4114963710442951;0.14;0.16808535369879357;0.4;0.2463225900879485
0.3;0.34242352861062536;0.62;0.5116611510966476;0.48;0.44196511323398285
0.34;0.1943297145051443;0.3;0.5523621334025448;0.48;0.490160474766781
0.5;0.4498334920620423;0.28;0.34848442125829954;0.14;0.1737276799441992
0.22;0.2973904428630562;0.4;0.48929868347689015;0.24;0.28411580687737287
0.32;0.3033163936568443;0.52;0.4963394453226339;0.48;0.3755687675223163
0.66;0.6587056601774195;0.3;0.35628314767790775;0.32;0.3658993298031766
0.14;0.12305910682455029;0.52;0.5891865678804191;0.34;0.3268929947207005
0.16;-0.27735539535859594;0.36;0.6924698337239417;0.5;0.5338634110511071
0.54;0.44625843054150643;0.14;0.17823933916035023;0.26;0.24465158443223972
0.14;0.16212621211347916;0.7;0.5684593289467383;0.38;0.3752549930518177
0.2;0.29113635936621457;0.54;0.48472960097268575;0.2;0.2843880623446245
0.34;0.3677375961494264;0.28;0.21373133061421717;0.34;0.34587012838881664
0.52;0.4587703124835955;0.16;0.15817804064402557;0.32;0.24714597522404974
0.22;0.19895958802176644;0.46;0.5700136956038986;0.42;0.37607795762040214
0.58;0.3967330507557862;0.2;0.366033796938461;0.38;0.22144914135529975
0.5;0.3982167756211809;0.24;0.3952888128150615;0.22;0.21102011449719443
0.26;0.3131080458805415;0.2;0.186365131282707;0.26;0.2760923512555627
0.48;0.30229995863611386;0.26;0.47152611375077774;0.42;0.3054300046921759
0.14;0.26428195452338493;0.7;0.4901213732910971;0.22;0.2869285715367829
0.28;0.35651413311832564;0.68;0.547502833707662;0.48;0.48307126416233986
0.64;0.5871268920421515;0.26;0.32156522292728446;0.3;0.2992094318626704
0.16;-0.059144765523099274;0.34;0.4940846387821491;0.44;0.42947656501997417
0.44;0.43141230418398074;0.22;0.16822658149477226;0.24;0.23878384126772462
0.68;0.6441301880784971;0.14;0.2245678044669443;0.24;0.34815078475434463
0.36;0.3544870421138044;0.34;0.4436684430219497;0.24;0.2581825308027766
0.48;0.5011329256652333;0.24;0.26514780377105146;0.32;0.42860506020480843
0.14;0.04989118174856494;0.62;0.6303095990656911;0.44;0.36897385343207306
0.26;0.27091362438146555;0.38;0.5166590159833231;0.34;0.328541401783304
0.5;0.3976390852207616;0.32;0.3870328649915546;0.42;0.2791428928731881
0.44;0.47863385698528454;0.24;0.15041451203712447;0.24;0.2668749645486122
0.12;0.0615117627132748;0.48;0.6561254534964516;0.38;0.37100700141082316
0.6;0.4871757364367412;0.24;0.3366684978799636;0.42;0.2660159833348877
0.74;0.6020608313207576;0.2;0.2868752211084679;0.14;0.1666807044895569
0.7;0.6795360990815611;0.22;0.2793151653072609;0.38;0.3112147620498212
0.52;0.4241477028895148;0.34;0.39924240070725964;0.42;0.3072179177266952
0.4;0.35500215272304;0.1;0.18017303982473115;0.16;0.2443368878383359
0.3;0.32813244937381264;0.22;0.19361931779732194;0.34;0.27731137668468536
0.66;0.5363912391436736;0.14;0.25223451223109555;0.38;0.3611253143141005
0.32;0.4330555990191571;0.66;0.38799409254218026;0.14;0.2115364188154621
0.36;0.4357041274119681;0.6;0.4534322568615334;0.26;0.35216733654573945
0.2;0.33366325581985173;0.34;0.20757213523222723;0.1;0.25354855072331534
0.16;0.2576590219229204;0.58;0.5117876624415285;0.2;0.2852283323040075
0.14;0.3299005768007263;0.74;0.45381634651090613;0.16;0.26076967274870017
0.7;0.6142396079221457;0.18;0.27989498642237115;0.32;0.2204702725904389
0.44;0.38105010374505505;0.38;0.4123729474396793;0.38;0.3045272852369641
0.7;0.6808920468737953;0.28;0.25142967956924983;0.46;0.188086269913959
0.6;0.5017503551308111;0.26;0.33700123095506135;0.36;0.250818978137807
0.28;0.446669952689463;0.68;0.41825521792608206;0.14;0.28431342321258685
0.3;0.3171149989231112;0.1;0.15554746415810533;0.28;0.2768595576469784
0.1;0.26997563916138895;0.76;0.49455094029463814;0.2;0.2919992268067296
0.66;0.5687354978574051;0.2;0.3060035924237862;0.48;0.2834681211624917
0.22;0.2790800230023877;0.46;0.5019443948239382;0.26;0.3029137561887359
0.68;0.6435649381749202;0.22;0.30786558479074094;0.38;0.3415563110422744
0.26;0.337617823361066;0.26;0.19739461575780942;0.18;0.26723264738323055
0.4;0.4570522141599597;0.5;0.3836026602779807;0.16;0.2528633514947734
0.42;0.4286562843906851;0.22;0.15282543664592046;0.34;0.2739056990885223
0.42;0.40320132718993457;0.3;0.4022993043891258;0.18;0.22700760482889054
0.3;0.37315124016298434;0.28;0.19694269612843945;0.12;0.2511430838222913
0.22;0.1984336250456466;0.56;0.5553500882714044;0.44;0.3923204994353631
0.16;0.2730948395527279;0.5;0.5018685214855136;0.2;0.2739539357869552
0.68;0.5740190316526694;0.28;0.3151178118611508;0.12;0.18076341367430532
0.26;0.34725699885671596;0.38;0.4508708753743928;0.2;0.2541770032274036
0.36;0.45084615687747637;0.54;0.39606652328451125;0.16;0.27989389337640264
0.6;0.5039200729166866;0.26;0.339905623156832;0.38;0.26780126092803075
0.3;0.3114036039569414;0.1;0.15586523355651954;0.36;0.27823908115565305
0.1;0.17585250650889045;0.18;0.1409423349741214;0.24;0.3404682807541866
0.18;0.13277669312278711;0.58;0.5991718409048172;0.42;0.3809515036562124
0.16;0.2674515647656805;0.4;0.5104065851304977;0.22;0.2723533969278043
0.32;0.30226243588333696;0.52;0.5005714766081806;0.5;0.3893583387015616
0.12;0.0006380175530950605;0.58;0.7099438111475547;0.5;0.4544064227082663
0.2;0.17890149050155352;0.46;0.5740533922653779;0.4;0.35922010882440875
0.24;0.3430591469654744;0.26;0.19016390652282772;0.1;0.2614537237055919
0.16;0.13477536412728036;0.28;0.31849634298635826;0.38;0.3559362225317733
0.38;0.2667405367260202;0.38;0.5032547091069983;0.44;0.33900288586037336
0.24;0.35958117947578366;0.72;0.5186702210572929;0.32;0.41875624521808336
0.32;0.25965229410825835;0.4;0.5214161406702911;0.4;0.3348784467308468
0.34;0.24186780265643798;0.38;0.5374843699785157;0.48;0.3571238068827603
0.36;0.38106027825866;0.46;0.41766316293900835;0.26;0.27467920882043645
0.34;0.40937915505777916;0.62;0.4992356507427413;0.38;0.43595522497714173
0.14;0.15345596693238556;0.52;0.5650307539168307;0.3;0.3037452728243642
0.58;0.5883693652221227;0.38;0.4126063110092925;0.42;0.43376403349765896
0.12;0.05827120274128256;0.46;0.6574931170676674;0.38;0.3678767638242482
0.18;0.13067752110539183;0.4;0.6171782660496146;0.44;0.38859502200657575
0.32;0.34932411428602855;0.54;0.4675595185534444;0.34;0.3426384922620463
0.12;0.18635676852093902;0.74;0.5699440240911511;0.32;0.36503859087571927
0.2;0.3318739168813935;0.38;0.4524305732409683;0.18;0.23333714563648927
0.26;0.4342996498939457;0.68;0.39974152981435046;0.12;0.2375474407476253
0.16;0.21477886812083263;0.22;0.21986048904654004;0.3;0.31299301872915125
0.14;0.29799373961667336;0.46;0.46018187433112095;0.16;0.2109980062275048
0.26;0.21024936514172204;0.34;0.5699841978983369;0.5;0.37944438526921603
0.34;0.3348012519476044;0.12;0.17009249971064938;0.4;0.27050939080164144
0.28;0.4082687581027373;0.68;0.4700467305725919;0.24;0.3585820680906187
0.24;0.2802445535636779;0.16;0.1731884367733027;0.32;0.2856991356844026
0.22;0.16626205301101188;0.2;0.25654781179605485;0.5;0.3531505612089126
0.12;0.41318205698839144;0.84;0.42685451369856614;0.1;0.25921073182823934
0.64;0.5622263982829183;0.3;0.313555885622301;0.16;0.19077489062815461
0.52;0.41777064844100814;0.14;0.19268319542701667;0.16;0.23734912905144429
0.32;0.32923889765503284;0.26;0.21094177623704374;0.38;0.32876424935614695
0.54;0.42756205447091283;0.12;0.15365781214540525;0.48;0.22813689021308564
0.56;0.46414956568702487;0.12;0.14193434767451513;0.44;0.23290546774564463
0.16;0.34677930851103306;0.76;0.4740466822765452;0.18;0.3170628933293705
0.28;0.3011049431863257;0.14;0.17024601829852165;0.38;0.2809226038431581
0.14;0.06055923089906806;0.42;0.626484498718406;0.4;0.3292705706998254
0.32;0.39093063657334576;0.3;0.19862859880842726;0.14;0.2569737599377851
0.28;0.3236809432512701;0.22;0.19541012632618154;0.3;0.2817257452655389
0.54;0.5039862946632512;0.38;0.37031133162634794;0.3;0.3081526790521201
0.1;0.11088373284753467;0.16;0.16354358598639712;0.38;0.3618175056379647
0.34;0.349486737544163;0.18;0.1802325770392425;0.36;0.26850543142712185
0.34;0.36807617908083196;0.24;0.18736981999303842;0.28;0.2606661196085503
0.36;0.36938751320191593;0.18;0.18621490788530898;0.16;0.2554304254813991
0.28;0.1922550470861652;0.24;0.2852653019075088;0.5;0.39178347424249355
0.86;0.5389590059388227;0.12;0.29463235100760093;0.16;0.07245849281577593
0.32;0.38144145498573473;0.52;0.42444062042259495;0.22;0.2705107554025182
0.24;0.3379688661422066;0.6;0.46231311408735215;0.24;0.3122756783399217
0.4;0.4542854882188025;0.5;0.39210829431465405;0.18;0.27723191942755593
0.6;0.45309316183349474;0.1;0.18704739544410492;0.16;0.22695559754303135
0.44;0.369227581588811;0.1;0.18567498878707162;0.18;0.24433022482913375
0.7;0.6906649419727431;0.26;0.33063249188946847;0.3;0.3338722516996376
0.3;0.3184324989364968;0.54;0.4824907928887551;0.38;0.3492564984246434
0.46;0.3351736050873357;0.28;0.44663076950938424;0.32;0.26993338378696935
0.16;0.20782573844690128;0.66;0.5457601737264934;0.34;0.3502943485018824
0.18;0.38395927179145567;0.66;0.4151110761603231;0.12;0.23604556716819675
0.74;0.8491469416415514;0.2;0.24845685726216366;0.46;0.372997266648361
0.1;0.145689100667093;0.68;0.5610176244320979;0.28;0.32050012951820067
0.12;0.20945539166611277;0.3;0.2455699977199554;0.24;0.2916779577300935
0.32;0.43474782570885545;0.64;0.4484660504086417;0.22;0.3456509526076053
0.64;0.8244324292288938;0.14;0.03657841439173487;0.14;0.22420924621980648
0.42;0.3661537619611878;0.42;0.4381875655761302;0.4;0.32670188508254855
0.32;0.43108273949904835;0.62;0.4163893322536307;0.18;0.2832534964996177
0.3;0.33876869302625473;0.16;0.17560187493433083;0.22;0.2749391421311947
0.1;0.08475545529427259;0.64;0.6167885836416158;0.32;0.34848728440630966
0.5;0.5443482051440769;0.18;0.03854197736279125;0.46;0.32717441550284493
0.22;0.2953313863824946;0.26;0.2120806026718977;0.24;0.2966080695724492
0.62;0.5177759272044555;0.12;0.17469482503654737;0.2;0.23519648125583276
0.18;0.2521406252943394;0.28;0.22868805104528994;0.24;0.2865017682416698
0.52;0.4138271314152903;0.3;0.37229235874644323;0.4;0.26107873693442857
0.3;0.38274350117456074;0.64;0.47664529389398885;0.32;0.37782653767639035
0.56;0.5208064411731088;0.34;0.3213483660753919;0.1;0.17328374743846725
0.24;0.24294021225836254;0.12;0.16291071339162605;0.46;0.2990576408089601
0.66;0.5307966753920554;0.2;0.29970090574323044;0.1;0.12759221238818613
0.68;0.5644885184341903;0.16;0.2773560826287362;0.44;0.21942534000351716
0.36;0.41107312698457726;0.34;0.39416952915722553;0.14;0.2007367909987528
0.18;0.1622794210747302;0.56;0.585445943331558;0.36;0.3705370071545309
0.2;0.22365640306241524;0.68;0.5694506159564494;0.5;0.4379161424735179
0.32;0.4039142494555265;0.48;0.3967205692386326;0.16;0.2326639617768143
0.48;0.42984155208790903;0.36;0.37892981382062024;0.26;0.24978849025359923
0.36;0.4558663904419988;0.48;0.3615383934583473;0.1;0.19367410185109352
0.5;0.43839221193401706;0.26;0.3580838265958956;0.14;0.16691434942436617
0.44;0.37914024281855213;0.42;0.4428439079848598;0.44;0.35451750156534617
0.16;0.27517050388700576;0.26;0.20485741010897945;0.18;0.2990087936379871
0.22;0.33409047512199813;0.72;0.5045444941040895;0.3;0.37926722656127426
0.3;0.26271557327479805;0.44;0.5176094338081125;0.36;0.334561387593829
0.18;0.1992953582196592;0.16;0.1847253733656597;0.38;0.3172604755315183
0.24;0.3125313962186042;0.22;0.18733725225939074;0.2;0.267811653666775
0.14;0.22670783667592936;0.48;0.5114232326721091;0.22;0.250117272852271
0.16;0.17313800638552274;0.62;0.5719570587331984;0.34;0.37129498153181034
0.56;0.5650985410343894;0.4;0.4144225844941129;0.38;0.41887517144304015
0.22;0.3207997679643328;0.2;0.17103210654303885;0.12;0.2856717962016751
0.52;0.42654755911367354;0.14;0.15566640302305607;0.42;0.22906242972368945
0.14;0.2316137054531155;0.26;0.20355522755758065;0.22;0.2781669321445071
0.82;0.6912220408225112;0.14;0.41189247829506676;0.34;0.37688916547802537
0.14;0.3171691567772414;0.5;0.4462932997179447;0.14;0.20502775837167692
0.34;0.27655191849327004;0.34;0.5154674544603719;0.44;0.346337315379663
0.54;0.4029464307275831;0.1;0.19283970133117484;0.28;0.23446625681942296
0.1;0.3154449556417533;0.7;0.44114256894744236;0.14;0.2212318902465205
0.26;0.23752852939098695;0.4;0.5372148078943095;0.4;0.3358482739629159
0.18;0.2472559942361145;0.62;0.5041096603828958;0.28;0.30935792729983463
0.3;0.38266585672732994;0.6;0.46893613450048227;0.3;0.38034320325647913
0.14;0.09321709820377472;0.36;0.3298632507573284;0.32;0.299442923962892
0.22;0.3352861776630804;0.42;0.45319686212417415;0.18;0.24215165996321902
0.16;0.2871526220215885;0.76;0.5328974807502374;0.28;0.3941707440481315
0.6;0.5652022554306713;0.18;0.25524053776348515;0.26;0.36143571914871503
0.74;0.7318914431342607;0.22;0.30679157293435216;0.28;0.31556767317332574
0.18;0.152035128217564;0.4;0.5989610427166607;0.4;0.365884329239683
0.32;0.3640774322826574;0.26;0.19395993759771207;0.26;0.2708650192667568
0.28;0.2853266092309867;0.38;0.5073687494079036;0.34;0.3257814046097343
0.26;0.3555073973347775;0.7;0.5364524959265904;0.4;0.4546530371369562
0.34;0.3616306843236942;0.36;0.4411396911246836;0.22;0.2619454532389858
0.52;0.2975704730627215;0.24;0.4588729828920048;0.48;0.30018419675133773
0.2;0.3843184858650532;0.72;0.4380857576278185;0.16;0.29153511108098146
0.66;0.6246993610522809;0.26;0.3131344156761397;0.38;0.3235681331011398
0.22;0.36175997506065877;0.38;0.4352123248384327;0.16;0.23177802574020406
0.46;0.38403396236776793;0.12;0.16287805187265397;0.5;0.2563020604851039
0.34;0.38689438341315147;0.54;0.4435663736213879;0.28;0.3241393192882987
0.42;0.40812617403756385;0.2;0.16077451268361037;0.36;0.2653216405280779
0.22;0.2771563169348938;0.6;0.49171786855095795;0.32;0.3196049013678311
0.5;0.47501173287604254;0.48;0.3619240320201779;0.22;0.21353147284000956
0.8;0.5990614477291716;0.16;0.3389729088067181;0.16;0.20611894597863684
0.32;0.3179989369083544;0.12;0.1672271135560532;0.44;0.27199629425900357
0.16;0.3757714261396374;0.8;0.4737158341244065;0.16;0.319264266176055
0.4;0.3822015101109188;0.16;0.1820920172497093;0.28;0.26890603518632533
0.12;0.007747667456898533;0.32;0.4094538095077322;0.44;0.3724833730066229
0.28;0.3229743526939061;0.48;0.46034958108553176;0.22;0.26853907403938765
