l1_test;l1_pred;l2_test;l2_pred;beta_test;beta_pred;
0.24;0.28841312441808115;0.1;0.1513779350063778;0.3;0.3061920892758066
0.2;0.33199278135839333;0.64;0.4771525931412069;0.22;0.3023904176634096
0.7;0.6600989934579264;0.12;0.16754874951880866;0.32;0.3263073816408442
0.66;0.610708947110745;0.22;0.34723170857743074;0.34;0.2674687078423253
0.34;0.32224426905773;0.62;0.46209167764405296;0.5;0.3688119737960199
0.3;0.4524088806637125;0.66;0.39290527804673864;0.12;0.23919996987135678
0.38;0.3337540740864153;0.1;0.1587445736474869;0.26;0.2565495871709578
0.24;0.34382424910458614;0.74;0.46183326184209234;0.26;0.28739546410593336
0.46;0.4351053063423255;0.42;0.41736689939570276;0.32;0.31732846271911713
0.52;0.3790964308252584;0.28;0.3815492736920945;0.42;0.2800647038605311
0.68;0.6682732062053496;0.24;0.30943528717468344;0.4;0.42562593410534705
0.42;0.4064500681545035;0.52;0.4152741878574096;0.36;0.3761199729007379
0.68;0.6354162701934303;0.26;0.3045823344114937;0.32;0.3107645449692234
0.24;0.3171603918963732;0.68;0.4971511737644229;0.36;0.43291461861701125
0.36;0.36417694636094894;0.38;0.43494942567549505;0.2;0.2609803191617522
0.18;0.23698925738781557;0.18;0.19679196955781525;0.32;0.31100494961129416
0.1;0.394444847604191;0.52;0.44411276209867984;0.1;0.21200051307867712
0.1;0.18286407194398507;0.7;0.557642959283833;0.28;0.32580243431120964
0.58;0.4681696959017347;0.24;0.34092585089453403;0.4;0.2507301090517791
0.34;0.3047943432056545;0.32;0.47116840264652854;0.34;0.30785693528741037
0.3;0.41776076212103835;0.58;0.4279770016770344;0.18;0.28674014748870663
0.26;0.37876377535125066;0.34;0.44468980093306304;0.18;0.25579798185290686
0.5;0.4124793633953094;0.16;0.15147135248144833;0.32;0.2433126986517698
0.32;0.2303849837768827;0.38;0.5112376660399458;0.46;0.351792846275596
0.1;0.20962878765740206;0.38;0.2572522842198301;0.2;0.2794515795470281
0.66;0.5950992990396118;0.32;0.29943574120210975;0.38;0.1424384613426986
0.46;0.5143161740320046;0.2;0.15424989790360638;0.46;0.37872442197016826
0.52;0.4699836804038832;0.36;0.40541482692488523;0.36;0.31768595282966233
0.36;0.3708535755494224;0.22;0.1808080701003451;0.4;0.2983204143631602
0.14;0.35423615874136755;0.76;0.47318819697346964;0.16;0.3142317468262937
0.12;0.0835706852257167;0.52;0.6322138706027234;0.36;0.3604491494172271
0.24;0.1904131200202432;0.34;0.5666994692736571;0.48;0.37087829496992614
0.36;0.35522338870380893;0.56;0.45996626192267714;0.46;0.4493480490340281
0.18;0.22403939091534636;0.2;0.21472489878503903;0.34;0.31007814990112254
0.82;0.6706807134344703;0.1;0.35972461467119426;0.38;0.429751768919636
0.16;0.3852561734398951;0.66;0.4330415896622482;0.12;0.24634779110821997
0.24;0.386629718948481;0.66;0.45438851000726616;0.2;0.3328474357406384
0.42;0.4075599807416645;0.24;0.1577618307756003;0.18;0.2457876095571399
0.4;0.3668169077622589;0.54;0.4399281639578137;0.48;0.42053144261130543
0.28;0.3420656158926085;0.32;0.20151006227659157;0.2;0.2744519729281328
0.22;0.30742225306855503;0.74;0.49154699517241557;0.32;0.34980008257043155
0.5;0.5101430053296265;0.48;0.3522197564669142;0.12;0.17884973180333846
0.76;0.6788969963045488;0.14;0.3125398032606214;0.24;0.2571810356411098
0.38;0.3561073292568319;0.18;0.16375457703681956;0.3;0.2571672397180072
0.1;-0.045277473256391254;0.58;0.72509279002635;0.5;0.41279113792868843
0.86;0.5602451522459864;0.1;0.31638145646776344;0.14;0.1461745971145723
0.4;0.4297400408123601;0.58;0.3948933217498701;0.22;0.2359562897648067
0.12;-0.14043612418207313;0.34;0.5099587863507085;0.5;0.37513073061663876
0.14;0.05344935837811765;0.52;0.6408259042897073;0.44;0.3924466038922559
0.34;0.33380133853482413;0.16;0.16572803703785338;0.36;0.26736216523363426
0.46;0.45331551966739053;0.34;0.3684236837548423;0.16;0.219182117177339
0.2;0.3136853694776424;0.38;0.4941948494614769;0.22;0.2838102813044037
0.48;0.4042589951573718;0.48;0.4045211999245741;0.5;0.33783624807103424
0.16;0.2311606977468174;0.28;0.22419512771119038;0.24;0.29106037841975324
0.12;0.08145143153228024;0.64;0.6167839478493251;0.36;0.36692660187900744
0.2;0.2749579596915301;0.4;0.5176390413890595;0.26;0.3062247925742226
0.36;0.2692665463957346;0.4;0.4785679703492049;0.38;0.32395477252412436
0.64;0.5645980064323488;0.22;0.33787999044192557;0.12;0.17171881883206114
0.56;0.4722729171761901;0.26;0.3493469258767689;0.3;0.23314788149151783
0.24;0.3278912634934163;0.3;0.182638980597787;0.12;0.258650281164349
0.3;0.41475409249276723;0.5;0.4016862740341564;0.14;0.24293018784454207
0.6;0.5491970638359784;0.36;0.32980849831041553;0.26;0.22754080855472752
0.6;0.5551898553057766;0.28;0.34843379885770315;0.16;0.21227662334817327
0.18;0.22936065259525645;0.34;0.2582229815326445;0.24;0.29749595458175465
0.12;0.3010633266613129;0.56;0.4928254153002874;0.16;0.2639239896362105
0.28;0.25924338544781617;0.54;0.489766838765807;0.48;0.36426116891115884
0.52;0.387389145324551;0.12;0.15962406798676637;0.4;0.24143680049543464
0.16;0.29819433087973185;0.8;0.49631235268442103;0.24;0.32494659823523536
0.76;0.6235796931124822;0.2;0.3049237683790887;0.16;0.16127204861072558
0.54;0.5164857131935585;0.42;0.3497955156536929;0.18;0.21845628367842013
0.14;0.269550288737989;0.26;0.18057067102729313;0.14;0.28262310561548804
0.56;0.5308506281103911;0.3;0.3549036926111831;0.14;0.19530964023908043
0.24;0.4042490680974075;0.54;0.41744980022768746;0.12;0.24069010419751807
0.12;0.22101807238321597;0.2;0.18746482266299141;0.24;0.3181004109967552
0.4;0.4004307435907363;0.52;0.4297268234638148;0.36;0.40910552726565813
0.44;0.4528098383997647;0.24;0.13965184350265653;0.22;0.25407160190530137
0.28;0.30881192947340147;0.66;0.4873685316098743;0.46;0.42997264854529776
0.38;0.4283230859975952;0.54;0.4136752808233855;0.24;0.35038460532930943
0.22;0.3269736424847955;0.46;0.47551964427524346;0.2;0.2847041124985053
0.6;0.563603423455225;0.3;0.36555298378375783;0.48;0.4245055568263956
0.18;0.17525884894570049;0.58;0.5606083329851301;0.34;0.3557182389168246
0.48;0.41911196830724834;0.36;0.4000938433074113;0.34;0.2773046718932895
0.12;0.08255179245833472;0.58;0.6255061682041665;0.36;0.3663482993759493
0.4;0.3222671674237449;0.36;0.44635644568597627;0.3;0.28945215305422695
0.52;0.3664560925555979;0.1;0.16749970846404444;0.22;0.23688715359557394
0.6;0.559371872723611;0.34;0.3341002103183403;0.38;0.36167546162884806
0.1;0.14969666815887067;0.16;0.22208753140953047;0.4;0.3586235198087158
0.52;0.45054375322557466;0.44;0.380453664941995;0.44;0.3104815089352107
0.46;0.4332838037283053;0.38;0.3931706052525467;0.26;0.2588942655194862
0.3;0.3300516087870006;0.18;0.16189483334758287;0.12;0.2567220617100601
0.18;0.17456820264898915;0.14;0.22748857720856203;0.5;0.345209489122655
0.5;0.3711012914359563;0.12;0.16424997640691547;0.32;0.24028995218313925
0.18;0.22950751656809237;0.5;0.5371139258751045;0.28;0.32846686228730976
0.12;0.23456351657875912;0.16;0.15631412481659418;0.18;0.34498704769589056
0.5;0.42134097446812974;0.46;0.3955910188613742;0.5;0.3323609345846981
0.34;0.37399719515494273;0.56;0.4548672243879827;0.34;0.3829305227909919
0.26;0.29832019958233386;0.32;0.24881469183370258;0.28;0.31287000260111514
0.44;0.4521123270008364;0.32;0.38079122146473726;0.12;0.2069370664218005
0.3;0.33636536500183006;0.24;0.1758077829907831;0.22;0.26280530475614144
0.62;0.5762430234993985;0.28;0.3433183474744636;0.24;0.28405745917537845
0.52;0.47788565974840197;0.44;0.36825626953309304;0.3;0.2673216987020473
0.44;0.4037743959254915;0.36;0.3881898918574746;0.24;0.25522947614045594
0.16;0.2055591381182375;0.78;0.5621278381879511;0.42;0.44878827504381663
0.2;0.20631736581695365;0.52;0.5492842008173879;0.32;0.34496981627058704
0.8;0.7045289870804836;0.16;0.33199856155230106;0.44;0.21187882921630236
0.16;0.24763864635983496;0.36;0.23416179169543844;0.18;0.2809558447933283
0.36;0.35065513301989854;0.46;0.4298775930636001;0.32;0.30384336740073
0.26;0.3006488103761737;0.66;0.5051081785596865;0.46;0.4635507902962486
0.26;0.4237213450015466;0.72;0.41147987034077355;0.14;0.23481311141076505
0.12;0.12721662242415616;0.3;0.292152884908133;0.34;0.30849988455669136
0.12;0.24121174101977133;0.7;0.5191312341946743;0.24;0.3121269529945741
0.16;0.20730409863949156;0.5;0.5501808042407397;0.28;0.3285069211402663
0.1;0.17638886572037088;0.38;0.28403068487993993;0.24;0.2869689527794171
0.22;0.44477215654177077;0.74;0.40453179478528817;0.1;0.2361402072315349
0.54;0.18593367849190184;0.2;0.5105850320072599;0.5;0.4235483007166137
0.16;0.19802807046457777;0.24;0.23488507486357285;0.32;0.30703957397250564
0.4;0.3569657429816792;0.3;0.43546865414833374;0.26;0.27069480886090874
0.14;0.2047601060452628;0.1;0.14595481749524425;0.22;0.4005436235812239
0.38;0.2727037213967393;0.4;0.46227803281141905;0.44;0.3324383884810472
0.18;0.4030979865585375;0.6;0.42186041098284927;0.1;0.23182925118913206
0.36;0.44795676309115845;0.4;0.38818322092292096;0.1;0.21112443321191338
0.18;0.1911920433793443;0.62;0.5395567315964653;0.38;0.3651331862872303
0.2;0.2382141880260133;0.22;0.22436150311052777;0.34;0.3047597696201683
0.38;0.3642016411052215;0.22;0.1673854636761602;0.16;0.24589208832367776
0.1;0.2257072936250945;0.8;0.5787241589223597;0.3;0.4038620953024355
0.12;0.15229543568753162;0.14;0.2022078954284709;0.4;0.3685523413423964
0.12;0.21821728610051555;0.12;0.13931900415621773;0.12;0.39843117311834236
0.32;0.376545011099697;0.34;0.4335323097608417;0.2;0.26035069709935416
0.66;0.6108934058125965;0.2;0.3483811217968457;0.46;0.25109285895685846
0.2;0.27508648381341433;0.66;0.5295202556204377;0.34;0.3582435047388364
0.26;0.2808831136536038;0.56;0.48368286064677796;0.38;0.34579268744643615
0.56;0.5320394394210595;0.38;0.3474319338151611;0.2;0.26951434940777746
0.34;0.3544709136698862;0.24;0.1678536452744906;0.1;0.24461962112014307
0.36;0.3793198662941914;0.3;0.4295611297492436;0.22;0.2595264149199173
0.3;0.3469605412538718;0.66;0.4532471761129155;0.34;0.33623948970751544
0.28;0.3119827232760956;0.14;0.1602574354604827;0.26;0.2755110449951302
0.12;0.12708214548193747;0.1;0.18716144487609415;0.42;0.43186801827576377
0.16;0.0868953499165232;0.26;0.32747838214912345;0.44;0.3403182177075826
0.62;0.5413847141228156;0.22;0.33413896793040515;0.36;0.22620050202310354
0.6;0.5459909169143928;0.36;0.3287277218993134;0.36;0.25845739944904184
0.24;0.364308454323847;0.7;0.45902181114114865;0.24;0.3533335767727826
0.1;-0.04966738933071674;0.56;0.7315777578758309;0.5;0.4119013353419723
0.2;0.15952596932432;0.38;0.5930143317506953;0.44;0.37270237860128846
0.22;0.37905001939180377;0.76;0.4430123043868996;0.18;0.2599030818226487
0.28;0.3406968595217081;0.28;0.1774095369289836;0.14;0.25595269080675737
0.6;0.5447674257280857;0.24;0.33672868002368345;0.12;0.174112843230339
0.1;0.18024435363062413;0.64;0.5743405744398093;0.24;0.3094863712054155
0.62;0.5725269015499765;0.32;0.3271826748170506;0.22;0.2679887944107327
0.26;0.3155924810018453;0.16;0.15708952051929487;0.14;0.2707378115612427
0.38;0.3468072060056852;0.46;0.445837614293545;0.4;0.3230973984391588
0.2;0.27480750413246974;0.68;0.5366085711060931;0.36;0.38805217488731275
0.22;0.34839660098506336;0.66;0.4837632727608336;0.24;0.33369280299976284
0.72;0.7422393171124628;0.26;0.22048896114422928;0.46;0.08603244195167209
0.66;0.6208335227447941;0.22;0.3501774385874314;0.4;0.2925082157753272
0.32;0.3343407669739446;0.56;0.4825840855307148;0.42;0.37733341501360146
0.5;0.4917103337876482;0.28;0.3568159345970742;0.1;0.18547520613772323
0.32;0.3496969361663546;0.6;0.46445280469255285;0.4;0.43172887953638567
0.28;0.3359849030305779;0.36;0.46418568971299884;0.24;0.28455779264664033
0.16;0.2623356131059033;0.14;0.14722752294828972;0.16;0.32874765176495574
0.34;0.32502785083684066;0.32;0.46018385875282247;0.3;0.29477759584602753
0.38;0.4061148364278579;0.5;0.4349701675021193;0.28;0.3190752316359485
0.36;0.3303425718353689;0.4;0.447711918406458;0.26;0.2852548435999927
0.4;0.36856480224003424;0.44;0.4314567075932961;0.36;0.30744259814412006
0.64;0.6123931379497776;0.3;0.3117666160972969;0.44;0.3909530561193711
0.12;0.20713900273531322;0.24;0.2135115712902475;0.26;0.3038186219883903
0.3;0.342467449727829;0.52;0.44192610443955166;0.28;0.30419842643848855
0.68;0.6008896692522618;0.22;0.3311906537115957;0.18;0.23553853151014353
0.2;0.2163950129183389;0.5;0.5439307443662205;0.32;0.3431918849206133
0.14;0.25780687399805097;0.3;0.2011803923269339;0.16;0.2782129424148528
0.66;0.903593071060971;0.12;-0.011380933422109607;0.24;0.24529038518979634
0.78;0.7728139198059327;0.18;0.2810112333348313;0.46;0.21607668281521258
0.38;0.3754851099105296;0.44;0.41549808665968396;0.28;0.28601582629493466
0.44;0.4156938663125415;0.4;0.4025831198094542;0.28;0.27150161585217264
0.72;0.7685570773135246;0.18;0.28296700510447875;0.42;0.3781712031285727
0.32;0.3421296674809439;0.5;0.4387493033275713;0.3;0.3061830484361457
0.28;0.31043034836930267;0.1;0.14738663580098982;0.2;0.2819939955758342
0.34;0.36627098976944045;0.26;0.22120891263262127;0.38;0.3357244500584278
0.12;0.13225794742103741;0.7;0.5828726681387175;0.38;0.3696202901481121
0.44;0.5425141322288904;0.24;0.16651370471998556;0.36;0.3756886133309357
0.44;0.3959319540586203;0.54;0.4049144713159563;0.38;0.26229508405354723
0.28;0.3393196639176607;0.26;0.1705819423505866;0.1;0.2516098341861435
0.2;0.3749954396705683;0.36;0.4553908280736792;0.16;0.2482848331475856
0.1;0.14531000815063394;0.14;0.21054680134039744;0.4;0.3837663542656449
0.34;0.3767954907638253;0.28;0.18237609136571148;0.24;0.2706614156906389
0.84;0.6401299103066485;0.1;0.3110696102455159;0.44;0.39832604558808443
0.34;0.26423310785151494;0.34;0.4912608399810006;0.42;0.3343000804220813
0.54;0.5082476797648521;0.32;0.36994222837741225;0.2;0.22254372357684732
0.32;0.32378853172473904;0.18;0.1770408181491298;0.42;0.283637946485583
0.74;0.6461124942870762;0.1;0.24618780703367588;0.1;0.3375036108623553
0.28;0.2752886893011361;0.56;0.4990042499713167;0.48;0.3660602489159706
0.1;0.23988504946932093;0.84;0.5543951381122365;0.28;0.3888257206489448
0.14;0.15203060803560103;0.84;0.5790867496572638;0.44;0.3557289605616623
0.44;0.44565130720173646;0.5;0.3927506253298982;0.26;0.32767517713071387
0.36;0.4016807682323457;0.58;0.4237481692590361;0.28;0.35076801531525975
0.28;0.3937185851280424;0.7;0.4260714014565485;0.2;0.25715797476540475
0.4;0.3528072622966662;0.56;0.4382140829087822;0.5;0.3572973898069938
0.16;0.38653699676452885;0.76;0.4494066084826411;0.14;0.3104716898935527
0.26;0.33590498826520737;0.28;0.17429324545182162;0.1;0.2533148122623486
0.1;0.24101739837959774;0.8;0.5675576231094601;0.28;0.39240272322233155
0.46;0.3617373436922599;0.14;0.16438224277895724;0.18;0.24059340895989495
0.32;0.32658183047535133;0.14;0.15915264280410518;0.2;0.2616660100518216
0.4;0.3863530879578209;0.22;0.163352485832652;0.28;0.25884775986831615
0.26;0.28185138485174227;0.14;0.18209202635018368;0.44;0.30042608251896313
0.34;0.23346746637785926;0.38;0.5076267935252614;0.44;0.34391322371156635
0.6;0.5650615507831744;0.32;0.341232869338769;0.28;0.34410973463953015
0.16;0.17532688826952575;0.26;0.25945399322030677;0.34;0.3115087055545614
0.1;0.22586863340392788;0.24;0.20065223302368368;0.22;0.3041230153694015
0.16;0.229259559604521;0.12;0.15803913738467762;0.28;0.35069703819168924
0.14;0.3905926178385088;0.82;0.43704824580454366;0.12;0.2528823846672515
0.3;0.30891296742157;0.1;0.1544462934598932;0.38;0.2815142204060726
0.34;0.37103043186452894;0.28;0.17414359632259285;0.16;0.25142084435329
0.28;0.3157832033278278;0.3;0.23250767995075977;0.3;0.31017764094617123
0.32;0.35091339584551634;0.26;0.18403789075883586;0.28;0.27599547457125256
0.28;0.34422640617354067;0.66;0.4654988121515629;0.34;0.39027154138153636
0.72;0.6924667606110846;0.26;0.2508922169380778;0.36;0.10096821230508995
0.1;0.1933824158445116;0.3;0.24709257768308185;0.26;0.2919089893212599
0.14;0.2707187456563635;0.68;0.49806538912804826;0.22;0.3044883077628589
0.2;0.15713526037929942;0.32;0.34097620644865295;0.36;0.35006069870726636
0.12;0.2607646665937124;0.32;0.20051833643763556;0.14;0.2749691940653412
0.8;0.6074512002316188;0.12;0.3406526312621306;0.16;0.23651811047619647
0.2;0.34141855592664133;0.72;0.4837305315799412;0.24;0.381340181446773
0.32;0.33187375201633057;0.18;0.16641476620196666;0.26;0.26205597605561964
0.32;0.21004335582858563;0.4;0.5226219315119187;0.48;0.3583489293827134
0.16;0.1426263771375031;0.44;0.5970779372444879;0.36;0.35526775387563975
0.62;0.5855806132536008;0.28;0.3484467335809482;0.36;0.35476144298477325
0.12;0.18908275817094217;0.34;0.2588397772393431;0.24;0.2900987840296763
0.52;0.4286544880835385;0.46;0.3827766484483878;0.5;0.24659986163364694
0.18;0.3298111558928551;0.78;0.47863599971395904;0.22;0.3137460765863472
0.42;0.3280658214010283;0.38;0.4204354351052703;0.4;0.30981159867717795
0.4;0.25457466982897764;0.32;0.48868877609329703;0.44;0.3289152522662518
0.24;0.38441031204190484;0.46;0.4372957629312996;0.14;0.25039343071968206
0.44;0.35375549413256974;0.3;0.4317320805378411;0.26;0.2634748212264944
0.4;0.33961502071507405;0.1;0.15791027666178897;0.4;0.2578015612098162
0.56;0.5134970965792929;0.34;0.383248795537159;0.4;0.3833030121638777
0.58;0.5179348868617415;0.28;0.37263778925915764;0.34;0.2543787918700025
0.86;0.5605711704797078;0.1;0.31370590468270926;0.16;0.14695706190835894
0.3;0.32413594981341615;0.2;0.17532906524712472;0.3;0.2710303061816424
0.4;0.40859599326571744;0.4;0.39320785897383465;0.2;0.2506032291000429
0.62;0.36949539597322295;0.18;0.3271471987483598;0.42;0.3790640309791469
0.26;0.4110982454654654;0.56;0.4127512566681964;0.14;0.25032177896718283
0.12;0.3227959670840714;0.7;0.47123624674342474;0.16;0.26862633545869047
0.14;0.06271633664350967;0.62;0.6220784125906946;0.42;0.3880986775826641
0.42;0.4462133029633148;0.56;0.3844044359284679;0.2;0.22419544670734043
0.54;0.50379471721211;0.32;0.3732475642658241;0.22;0.22917806849014882
0.72;0.6403770380256353;0.12;0.24630781062424395;0.12;0.3380077266758788
0.36;0.3503707561913651;0.38;0.442243895792293;0.22;0.2693384022237018
0.22;0.3885338601854779;0.68;0.45440907545509995;0.18;0.32298515846092984
0.2;0.09536652931591111;0.34;0.41586933115429797;0.38;0.3898303557836292
0.48;0.37676814601612535;0.16;0.16645820939587302;0.14;0.23616767727004545
0.14;0.2188195949050688;0.22;0.20193273813743934;0.26;0.30555814373291584
0.4;0.40144444030492704;0.26;0.16355010180542634;0.14;0.24341131324149418
0.44;0.390947719077358;0.2;0.15770586233077705;0.24;0.24620723501210678
0.18;0.32498959475633143;0.68;0.49412020750624513;0.22;0.31143828239713317
0.52;0.38250535645307665;0.12;0.16269025712236557;0.34;0.23892915816136823
0.26;0.3093680106384464;0.3;0.21910940779315297;0.26;0.2914819486341776
0.72;0.6339151124314666;0.18;0.3147544841728995;0.18;0.2276920390197637
0.62;0.8169254410279689;0.16;0.044640172129075395;0.1;0.2386980228846119
0.22;0.2104299357544021;0.22;0.26570679734764163;0.44;0.328860199735412
0.16;0.19154475481994265;0.2;0.22471817298394642;0.36;0.3181825431669934
0.72;0.7136642678452734;0.22;0.26575081547609897;0.34;0.3137491250446863
0.2;0.3764116523793752;0.74;0.45425176314709675;0.18;0.32337475762265117
0.18;0.2798650331166958;0.14;0.14637768175637317;0.14;0.313590812176833
0.22;0.24510879931182677;0.44;0.5275447314083668;0.32;0.3346374073876844
0.22;0.3176350968637462;0.7;0.49915048331329087;0.32;0.4200558493315106
0.7;0.609944916688361;0.28;0.2997500108292451;0.22;0.12644694027650788
0.54;0.4118197557173155;0.12;0.14815795384099845;0.42;0.24141309170337794
0.1;0.32237023266690706;0.86;0.49148797184672816;0.18;0.2853666344547952
0.34;0.39747279906088523;0.52;0.43473469262569614;0.24;0.28976179160633736
0.54;0.607131337875934;0.18;0.091419159473139;0.34;0.2824612620606209
0.34;0.3357831479433641;0.58;0.47222297031702215;0.5;0.46260404964459584
0.6;0.4723328400972437;0.14;0.15602890370168504;0.1;0.23098490033558422
0.26;0.29450807868685985;0.3;0.2401957327538617;0.3;0.3094476941583855
0.16;0.058899748244059136;0.44;0.6487305216950783;0.48;0.3977425408818745
0.18;0.3881066017911922;0.46;0.44152296234409866;0.12;0.23700843057279203
0.18;0.09747139382641928;0.5;0.6177744207227851;0.5;0.40307534152035546
0.26;0.2967411799132004;0.1;0.1524076598415844;0.32;0.2965676836994034
0.48;0.3650024264102913;0.34;0.40194915839410134;0.46;0.30618425799222054
0.38;0.2562524535232044;0.34;0.4913366951886465;0.42;0.32935806367564796
0.12;0.2893435763577645;0.46;0.5083096675002741;0.18;0.26061624949680523
0.38;0.3409323152432064;0.14;0.16212114959706153;0.1;0.24819482606754223
0.72;0.590156324407128;0.14;0.3251458623288285;0.1;0.15428447407960905
0.34;0.4219952233283794;0.54;0.4239965891402157;0.2;0.29027264833171446
0.22;0.23325518336371925;0.56;0.515843670674557;0.34;0.3456150534068874
0.1;0.17433525364574026;0.12;0.15928555582832488;0.2;0.43336199331596165
0.24;0.24711120921001645;0.28;0.26841078177192906;0.36;0.3266999467946255
0.46;0.4714699226002625;0.42;0.39223345633824475;0.2;0.2652712491972827
0.36;0.3856067815121615;0.46;0.41347044359036983;0.24;0.27641902358303044
0.38;0.4356927753327315;0.54;0.40903500062008685;0.22;0.3383845237926258
0.72;0.6885283358711163;0.2;0.28899950978114414;0.28;0.3243198229859124
0.84;0.5928804621280699;0.12;0.31064857547041885;0.34;0.17917179835745062
0.14;0.025708580763221967;0.6;0.6500681852914663;0.46;0.40193078796801546
0.38;0.3775205794995828;0.6;0.4236667219001747;0.34;0.2737201101868499
0.68;0.6164227123073036;0.3;0.2915074055185209;0.36;0.12850556227928595
0.66;0.5745859738491841;0.2;0.3376796249084388;0.16;0.17643594187872141
0.22;0.16589034562254906;0.22;0.3112382634106379;0.5;0.35568237719972645
0.42;0.3886115926076516;0.48;0.4436490438320249;0.44;0.4111423827939325
0.1;0.0637333737154428;0.52;0.6655265510136474;0.36;0.35348151724656335
0.26;0.3032067962677158;0.36;0.48956500556884625;0.28;0.303615684526835
0.38;0.48993770266473974;0.52;0.3778237329066532;0.1;0.23922799673931566
0.4;0.27198061370657695;0.32;0.47976603516071253;0.4;0.31837862660244115
0.24;0.43213361253911015;0.62;0.41905621617715655;0.12;0.24639561897374224
0.52;0.530322424060343;0.42;0.3478571640117561;0.1;0.21521001145995117
0.2;0.14885773406973052;0.24;0.3159233390525296;0.46;0.34760421065786945
0.18;0.2359033072355345;0.7;0.5621244193858235;0.4;0.4058676352638236
0.38;0.3336733203897972;0.24;0.38676535162059505;0.48;0.4609357913054089
0.18;0.23440057281017007;0.1;0.15721807728875875;0.34;0.352612633936988
0.14;0.19167485653600352;0.68;0.5432822522588017;0.32;0.3487088756678168
0.16;0.08493744424460353;0.42;0.6345614824502224;0.44;0.38333209303954435
0.28;0.21536300539749637;0.3;0.4040482804681364;0.42;0.443657105363875
0.5;0.3677297974860882;0.12;0.16661661876619066;0.22;0.2381180575196487
0.16;0.12454515525405058;0.66;0.5836777105096744;0.5;0.40159711977604845
0.38;0.3374759071214643;0.44;0.43279172620919687;0.38;0.3159141688627037
0.14;0.2752280112793379;0.18;0.14772252329547503;0.1;0.31207565528336817
0.34;0.3352942003674106;0.16;0.1629703712274329;0.24;0.2578550034808727
0.16;0.12410447723763224;0.54;0.5970082289100462;0.38;0.37194210266015576
0.12;0.14692283334419026;0.38;0.30073857599649184;0.26;0.29958648588173903
0.6;0.5375735973838782;0.38;0.32708379199867804;0.32;0.17684606922884344
0.24;0.30790047203416443;0.62;0.5038326044828518;0.34;0.34899614432098774
0.8;0.648190817810838;0.12;0.346883530051257;0.26;0.3124664790773713
0.72;0.769176114965487;0.1;0.0982248327977947;0.3;0.31405649919191975
0.46;0.37581604625216664;0.18;0.16687210182423023;0.1;0.2358772256732627
0.2;0.3711722954493985;0.48;0.44961818574073814;0.14;0.25322887347594675
0.16;0.232403698668105;0.1;0.1429867294991482;0.22;0.370915896776384
0.22;0.3180930646218349;0.26;0.1732063020443571;0.1;0.2614082656679378
0.68;0.6659850549328838;0.2;0.3430396831144688;0.46;0.3106290324695414
0.12;0.4105577542569125;0.42;0.4312424039393898;0.1;0.20494360581813625
0.12;0.005478998239096977;0.58;0.6722876417387975;0.46;0.40223990361615863
0.58;0.5016464961126832;0.26;0.3548211687368575;0.34;0.23922354104277505
0.5;0.36004103367744883;0.1;0.16627470112480297;0.22;0.23916231888676182
0.46;0.366573555384394;0.12;0.15038857796341304;0.48;0.2550444125691405
0.46;0.35211702951063256;0.36;0.4094584519645314;0.46;0.31305010657049964
0.34;0.41012694467639105;0.48;0.40352723741712077;0.18;0.25588437023253535
0.24;0.2523717205716067;0.58;0.5042737153627357;0.42;0.36196398217204534
0.64;0.5670539566029598;0.32;0.3254266417636171;0.12;0.17456935768187437
0.1;-0.12258257571726344;0.42;0.8064456201231196;0.5;0.4047286260520187
0.44;0.4334499629073682;0.42;0.40940737051353077;0.26;0.2738485762423429
0.32;0.36310304938973176;0.62;0.44827970751616436;0.34;0.3822005993982805
0.3;0.1490982948034804;0.3;0.554840800605234;0.48;0.5002026544245686
0.18;0.2034708647547127;0.78;0.5587143510875467;0.48;0.40657629992078187
0.28;0.3421737210037878;0.28;0.17508589947442993;0.12;0.2531368380015087
0.1;0.22681014737383415;0.16;0.15431413187188997;0.16;0.3642172414845524
0.2;0.2366642517242445;0.74;0.5465359844105391;0.48;0.45737102340236563
0.32;0.34000751028997706;0.24;0.1911160759219082;0.36;0.2935796260816366
0.52;0.5238309375336285;0.46;0.3457377734224884;0.1;0.16903923925980907
0.58;0.47276079953899214;0.22;0.33983271436140866;0.28;0.21811189924579738
0.7;0.6376806506706696;0.16;0.3235755005088233;0.3;0.19177499276779658
0.68;0.6750208393600541;0.26;0.29006036960749987;0.46;0.39910115255538076
0.22;0.2765309033785532;0.64;0.5274143316286435;0.38;0.3663711087877984
0.4;0.344709694042353;0.32;0.4424568292664686;0.26;0.27377169017618913
0.4;0.374357356051419;0.22;0.1660034620311059;0.18;0.2455542212750635
0.14;0.09699673806860803;0.58;0.61043680737576;0.36;0.36826285041500656
0.1;0.10513488382382058;0.88;0.6300859611783174;0.46;0.35619561245333303
0.26;0.3141503497922377;0.16;0.1585022125888656;0.16;0.27216918171086407
0.5;0.3764003814685945;0.12;0.1606317096669267;0.42;0.24447377175632484
0.16;0.16245699571355726;0.6;0.565851074741007;0.32;0.35068602939612165
0.6;0.566151921393949;0.32;0.34231743017310284;0.32;0.3715103228003676
0.26;0.3810497725133694;0.48;0.43543110646615185;0.14;0.2502687428681361
0.74;0.6962184196252073;0.14;0.30501034735628313;0.28;0.21913678174319445
0.1;0.06738245825898898;0.6;0.6505475733497201;0.36;0.3626102129147269
0.8;0.6226689612719072;0.12;0.3430383863915803;0.2;0.2652757687765606
0.32;0.3167210024971327;0.12;0.1618586405694687;0.42;0.27537820100233207
0.28;0.280329029856839;0.34;0.4988346271547233;0.34;0.3190489511997852
0.34;0.36099377968680785;0.26;0.2428630842715384;0.4;0.35974210646893484
0.16;0.01354130247322266;0.26;0.3852588485216342;0.5;0.3643378429646971
0.6;0.5665439487857789;0.32;0.34291329950125676;0.34;0.38486666888591176
0.32;0.31950113439087396;0.16;0.1737134842771016;0.44;0.2820262241484484
0.44;0.4986616358352129;0.48;0.3682683742975252;0.12;0.25735536918489205
0.48;0.3067847417609923;0.3;0.42802467905115954;0.46;0.3074397504403939
0.44;0.35732312276070893;0.12;0.15355858742927814;0.42;0.25327532809156056
0.1;0.27782805153563367;0.72;0.5069413055942031;0.2;0.28651178069518496
0.2;0.2721464130128363;0.14;0.16361287136578911;0.26;0.309196681685644
0.74;0.6109715911981926;0.24;0.30228379915899023;0.14;0.12504179487134964
0.56;0.540261644584392;0.34;0.3525104113901774;0.14;0.23623536847069376
0.64;0.5807197270189286;0.28;0.32991206271003387;0.16;0.2524379904609538
0.2;0.3190386481398934;0.64;0.4853857030294962;0.24;0.31173934442961754
0.1;0.35335098632332834;0.68;0.45720966623637743;0.12;0.23802652267078545
0.8;0.6016795730371978;0.16;0.3326204974145706;0.18;0.1634233228879643
0.52;0.308932344429065;0.24;0.43992292549239737;0.44;0.28939803270782166
0.14;0.31391386724882125;0.74;0.5016175813420329;0.2;0.31914404686322145
0.12;0.09940253603456978;0.48;0.6274523773620191;0.34;0.34693652140825565
0.14;0.24729411747559843;0.46;0.5295293693114289;0.22;0.29024851405562574
0.24;0.2141907373504794;0.36;0.5501431749210035;0.42;0.3552160519578634
0.24;0.19256706430398934;0.38;0.5612241756738083;0.46;0.3689851231511297
0.22;0.1866585370152502;0.36;0.5733951147105074;0.44;0.3664645053497209
0.36;0.37010335701988656;0.26;0.31394494710375337;0.42;0.4192162412900294
0.58;0.403607021970451;0.1;0.1604428275497401;0.16;0.23169200001088713
0.18;0.25390106606881585;0.66;0.5261495370335809;0.32;0.34653129859272896
0.14;0.02420944744727177;0.44;0.6684876126479125;0.46;0.3940486557794421
0.28;0.3832634154408871;0.58;0.44817961494412367;0.22;0.29399771947180314
0.42;0.2541234005239878;0.32;0.48281704226182715;0.44;0.32475567657900856
0.48;0.35547624162455066;0.28;0.42286338815768226;0.3;0.2639735845870908
0.18;0.39198357517324806;0.78;0.4389850538603383;0.14;0.2671556491367744
0.2;0.2738774756566544;0.22;0.19252611243571555;0.24;0.2879171683779261
0.34;0.3352364576903219;0.38;0.45297855751061394;0.24;0.28075826801465015
0.2;0.2577634850484613;0.66;0.5413318971088543;0.38;0.37097283402746145
0.6;0.5522527678965783;0.36;0.3309451186439975;0.16;0.19551391330746443
0.7;0.7424290046629192;0.24;0.25961605836854645;0.5;0.42580663798165747
0.56;0.5177161166037318;0.32;0.3766479627700327;0.28;0.2745666768257556
0.56;0.5133293514991617;0.4;0.34876169572425303;0.28;0.2475784709378735
0.22;0.24887253710384022;0.2;0.2191323629784731;0.38;0.30714425496704495
0.3;0.4012707868603475;0.68;0.41890491746075936;0.2;0.2526077068294859
0.72;0.6486732068901035;0.26;0.27750231668144737;0.26;0.11408298357221641
0.52;0.5013373290105398;0.2;0.3093119804814198;0.4;0.4250799433054047
0.22;0.26655422734180617;0.54;0.5041144544535463;0.26;0.31743452545799317
0.5;0.4853697475680964;0.36;0.3815501094216239;0.2;0.2339258459031362
0.44;0.3679988462939245;0.18;0.16617031565741786;0.12;0.23861724842249915
0.22;0.34512538857113534;0.7;0.4803536720134473;0.26;0.3893654056519003
0.12;0.31213978798312575;0.68;0.47254917436808214;0.16;0.268163872626146
0.44;0.39739311042009423;0.18;0.146000167036817;0.4;0.2668259036869776
0.12;0.25599123554829734;0.16;0.14110153249985452;0.1;0.3434744478780934
0.38;0.355286526984299;0.18;0.16383362927882933;0.28;0.25523395490499384
0.36;0.33753688116550834;0.14;0.164571417063277;0.46;0.2734708434424809
0.1;-0.04925283262811481;0.42;0.7578041901299597;0.44;0.37651312724933833
0.26;0.26161780731635814;0.34;0.5165615972327657;0.36;0.3294368325003339
0.22;0.4331373322224931;0.7;0.41948899787891364;0.12;0.2879146701104665
0.18;0.23201739458875908;0.12;0.17169628439948964;0.36;0.33879279858901784
0.42;0.34425863322118183;0.42;0.4403622936113986;0.48;0.33219310806079166
0.34;0.3515298407171767;0.24;0.23072385477341023;0.44;0.3574091587337867
0.24;0.20803440879175;0.48;0.5420403568926764;0.38;0.3552379013530738
0.76;0.7554372600610086;0.18;0.26523099947312917;0.36;0.32582432376968656
0.3;0.30814432638943295;0.46;0.46568174535439794;0.26;0.2987608090039933
0.18;0.11458293525920443;0.46;0.6131101230064226;0.46;0.3891121193672467
0.64;0.5674671861745881;0.34;0.3188764357315415;0.2;0.1495654851582336
0.2;0.27337480492448324;0.1;0.14176582373984797;0.2;0.3287788297068693
0.14;0.22241424659006687;0.48;0.5433226043248389;0.24;0.30374688777559117
0.48;0.4857377900667054;0.3;0.35995637772943617;0.1;0.18930682802708448
0.34;0.42231641084197474;0.48;0.3976668262653605;0.16;0.24643332475023444
0.36;0.44186296183355694;0.58;0.4002693779139705;0.18;0.29701624695999046
0.18;0.19532547505010384;0.22;0.24560215682003123;0.38;0.3168864017064222
0.64;0.9182751649192491;0.14;-0.008590420922193698;0.2;0.26082448688318666
0.22;0.41628306792280306;0.68;0.4344979580649279;0.14;0.2932258451043018
0.3;0.3132183516650546;0.14;0.16556208379463816;0.36;0.27648552159397527
0.5;0.43543312591122846;0.16;0.1391628372521651;0.4;0.25352945663083576
0.26;0.4070191329028245;0.64;0.43832948856480997;0.18;0.31650626639044704
0.26;0.29586805021040846;0.34;0.49570856015722814;0.3;0.30782459119805866
0.14;0.2595461072691571;0.28;0.1938069716498328;0.16;0.281015779651237
0.14;0.15954172073167355;0.12;0.18942334332019745;0.42;0.37529352482341155
0.5;0.5036815644499322;0.38;0.3742463493017332;0.16;0.23581556104928497
0.52;0.44798184033945326;0.32;0.3849022344416195;0.34;0.2629064553148402
0.68;0.952373052558755;0.1;-0.06334058141336057;0.34;0.2342882431002869
0.4;0.4423394634507953;0.32;0.39212027118663056;0.12;0.2130258089282711
0.18;0.10420947764513738;0.46;0.6195638982005318;0.48;0.3949995300098151
0.2;0.3008251563748045;0.26;0.18199013406285752;0.14;0.2698929286352217
0.14;0.24583259745763736;0.14;0.14628283019183314;0.16;0.3460131828292737
0.54;0.36995399291188996;0.26;0.3757038253531397;0.5;0.291903053405938
0.72;0.7217608585521915;0.12;0.18024581994587857;0.34;0.3318879966598863
0.24;0.2669498296028811;0.52;0.5004394408718629;0.28;0.3211497631422758
0.18;0.3644680909292341;0.66;0.4561786776003936;0.16;0.27277441774737016
0.2;0.2844243923748732;0.24;0.1902512563039342;0.2;0.28020853962179887
0.42;0.3887454312141034;0.34;0.4116683474117426;0.2;0.24673193809016342
0.5;0.4386058104388659;0.34;0.39032771364182567;0.32;0.2643987605287555
0.28;0.42604246457140577;0.62;0.4232848540970077;0.16;0.299370245038225
0.14;0.14354737617057695;0.5;0.5894290233371162;0.32;0.34461971884651904
0.86;0.5498414544295265;0.12;0.2626494916902086;0.4;0.010671553655327293
0.68;0.59388717706872;0.26;0.31962396619918293;0.16;0.22130388476300938
0.1;0.15763299572670036;0.32;0.2823161470773567;0.3;0.2954109464404438
0.16;-0.03374846653031788;0.3;0.44148524917224624;0.48;0.38298487821006605
0.42;0.3670502788727423;0.36;0.412410689851963;0.26;0.2689367520896147
0.22;0.2514413568195694;0.38;0.5306876626209462;0.32;0.32710112716369993
0.46;0.3885800395862488;0.16;0.14989796779818482;0.4;0.2556804543197578
0.26;0.3115201742738349;0.22;0.18230680735508092;0.24;0.2732731097940216
0.28;0.352301615154978;0.62;0.4735894071848829;0.32;0.3857314662997729
0.44;0.4230749821276711;0.5;0.40487129977184527;0.34;0.3652375816334433
0.64;0.5591491270025111;0.2;0.32943862402043117;0.2;0.1817702460452813
0.22;0.25997755488006663;0.6;0.5042818177480997;0.36;0.3504400224962572
0.28;0.32076722188806767;0.26;0.19664085041419715;0.28;0.28147335413351643
0.32;0.37221429348515817;0.36;0.43471087867213437;0.2;0.2631323253464038
0.22;0.25489722346504945;0.26;0.23656782410629945;0.32;0.30252882381187535
0.56;0.6948333426243474;0.18;0.10474917000133138;0.32;0.321218897465605
0.22;0.3235394312421171;0.38;0.48481842154288884;0.22;0.2837234270060263
0.36;0.4154851550801852;0.28;0.20075614897474597;0.3;0.3112001878102993
0.48;0.47419855992480525;0.46;0.37811769792763444;0.24;0.3092526031633432
0.34;0.3446429423753565;0.2;0.16536670300449613;0.16;0.2509881301837949
0.42;0.4133464963853954;0.42;0.40555809819102046;0.26;0.270783198517683
0.64;0.5606292723592243;0.2;0.3264712752553968;0.36;0.21586174805157216
0.1;0.134485062748195;0.44;0.6298984360691635;0.3;0.3101457587417534
0.56;0.5206270633642986;0.3;0.36354410976726964;0.2;0.21635356126015554
0.44;0.3070598824603585;0.32;0.4469505076142474;0.36;0.29624429302461325
0.28;0.33560668569385194;0.24;0.16821324123432285;0.1;0.2528852297629021
0.4;0.3806105527794396;0.54;0.43222322424549725;0.42;0.4011254768297468
0.64;0.5987360538258011;0.12;0.10764482176077167;0.26;0.23935051973233273
0.12;0.1434180893268599;0.14;0.20854520817901007;0.42;0.3686655940602029
0.18;0.13587964108041656;0.44;0.6027080713836905;0.42;0.37496677517201166
0.28;0.3468576005870225;0.7;0.45273584402465455;0.3;0.2900880995622464
0.5;0.5001864762808912;0.3;0.35018049233145637;0.1;0.18549215398940705
0.36;0.2881888843689972;0.42;0.45867956541169413;0.38;0.3217373479784796
0.66;0.6577876966636156;0.14;0.16540214132687037;0.24;0.32659669488668147
0.48;0.27668189270337756;0.26;0.46786716194943617;0.44;0.305084427309601
0.58;0.20618057667775574;0.18;0.4739481643356674;0.5;0.4166744770607052
0.2;0.14565733377021955;0.4;0.5996477469651713;0.46;0.3807312994319281
0.42;0.34256194558339076;0.4;0.4210528743623487;0.42;0.31561808504174055
0.4;0.4098866684941524;0.2;0.17418926683611952;0.48;0.3388227578964225
0.18;0.1630496162827179;0.48;0.580210140604676;0.38;0.3652041949867196
0.3;0.30670955431533703;0.3;0.2929418707921802;0.36;0.3727960733928049
0.54;0.4887565891898464;0.38;0.3856921786068734;0.46;0.45538868624067336
0.58;0.6625301595956115;0.16;0.07559451484488328;0.34;0.29067813415685523
0.64;0.5604341616804154;0.2;0.3271734683249136;0.32;0.2067771270777135
0.18;0.3790476862533782;0.76;0.45183012887887214;0.16;0.31089803750430806
0.28;0.2749780983616856;0.18;0.21701973730608354;0.5;0.317265026779146
0.82;0.5681898862016135;0.16;0.33252471384733023;0.1;0.12736385978869352
0.3;0.3274145454517147;0.24;0.18960805187428081;0.32;0.28274195827113774
0.4;0.3624914378295611;0.54;0.4423201577354761;0.5;0.42634949614100665
0.76;0.7670401293700315;0.16;0.2785349382399271;0.36;0.39403117723233466
0.24;0.20327196071641102;0.26;0.31040923576443585;0.44;0.35871789977883056
0.48;0.4484147021097417;0.2;0.2990837594122104;0.48;0.4330269506114944
0.26;0.3049245278526797;0.2;0.1825961265877733;0.28;0.2787990286976721
0.14;0.21620352280432592;0.12;0.15293301061979853;0.24;0.3706873594842853
0.14;0.23924697262587963;0.66;0.5098647443021436;0.24;0.313836017389817
0.24;0.39186697674665333;0.34;0.44000366933642804;0.16;0.24577733470757496
0.46;0.40671424594253275;0.5;0.40374677852228663;0.42;0.32258930637693256
0.62;0.5137169606159568;0.12;0.12604221749199546;0.32;0.24505902105694505
0.14;0.25936630520750875;0.14;0.13752742593871464;0.1;0.3442209674717374
0.34;0.3459330418436461;0.36;0.4469676403745347;0.24;0.27819520742154596
0.14;0.0901358998554393;0.42;0.6299765743028691;0.38;0.36090736029987897
0.82;0.643492560696888;0.16;0.32998085611445366;0.48;0.02666015139091288
0.76;0.654540308367668;0.22;0.2860627130216595;0.24;0.10654061253249042
0.38;0.37503871308290265;0.38;0.42331035038705994;0.2;0.25679152632971297
0.6;0.5594849189255038;0.34;0.33413391496224304;0.4;0.372386245706017
0.38;0.4759575081472975;0.5;0.38776548580781484;0.12;0.23738930236597527
0.58;0.5020174636779611;0.4;0.34035776019769765;0.46;0.20526561796048443
0.1;0.08929976233051357;0.68;0.6174152592292323;0.36;0.36083083431250446
0.2;0.29507618982186185;0.6;0.48053959225604875;0.24;0.3100198074463157
0.24;0.2958755507370389;0.12;0.15316773771036057;0.24;0.29521158647911167
0.34;0.20537082654994981;0.4;0.5204451539296322;0.5;0.3584685376682258
0.14;0.17818889054048198;0.18;0.21304223735611122;0.36;0.32934566002631543
0.18;0.27598170038880027;0.28;0.20048594582671703;0.18;0.27768111791679845
0.56;0.4672417196364404;0.26;0.35032387415551874;0.32;0.23878062316622733
0.14;0.17311981450720343;0.1;0.1659551389678275;0.36;0.40133157511680567
0.18;0.26523098790049165;0.66;0.5190713604837212;0.3;0.3391884896569826
0.48;0.4982163232465184;0.36;0.3615581087629099;0.12;0.20011566204779913
0.82;0.6413434725196996;0.14;0.33485348744315074;0.4;0.1977201715057993
0.84;0.6535888815357038;0.1;0.3075576522367062;0.48;0.4403537417197035
0.14;0.24777815187332947;0.16;0.15614429590801276;0.18;0.32948697957294387
0.28;0.3369532119194589;0.56;0.4629539800648444;0.3;0.31761807744211185
0.64;0.6197191939043998;0.3;0.3088700854318442;0.5;0.4266870581654337
0.42;0.3412276270283227;0.1;0.16099308354951908;0.14;0.24754916221494755
0.1;-0.008295539256381101;0.54;0.7090289872738018;0.44;0.38858923705281884
0.14;0.08213175913605103;0.58;0.6192788236025288;0.38;0.37555833980851633
0.48;0.42331697760531445;0.34;0.38097440784315734;0.28;0.2565435506867138
0.34;0.3482093022130363;0.5;0.4484868439119724;0.34;0.31582946198743317
0.52;0.44488933406116676;0.26;0.3718594197379594;0.2;0.21675612175282938
0.38;0.43539898532865323;0.44;0.3882503030435061;0.16;0.2386430375482354
0.36;0.34329060237372094;0.16;0.1650598896193491;0.4;0.2690040905370657
0.52;0.42539579417495216;0.26;0.37860666615756194;0.24;0.22942749028081894
0.38;0.23943176407718897;0.32;0.49928902229745226;0.5;0.34656610863269594
0.2;0.26715737455548066;0.78;0.5139781628882956;0.36;0.3263783126574991
0.26;0.2185573636415154;0.36;0.5405702770358973;0.44;0.3564887395423844
0.18;0.112149383826664;0.6;0.5886127256335545;0.5;0.39976804297174257
0.44;0.21380220163086977;0.26;0.4920155291816479;0.48;0.4310027334164018
0.4;0.34368751121440305;0.12;0.1594868954022431;0.32;0.25415486789884684
0.2;0.4424542440805312;0.72;0.41339693716417053;0.1;0.27041587067726797
0.18;0.2981840218289144;0.36;0.20379315272716453;0.12;0.2653320105853246
0.1;0.21493099235512786;0.44;0.5746774289763565;0.24;0.27782666011143947
0.62;0.560393475176016;0.24;0.35626504235326967;0.38;0.24955333547157382
0.18;0.03832580099025645;0.34;0.43312888221877094;0.4;0.3876198247095593
0.66;0.5884034211271787;0.26;0.3277755501353978;0.16;0.24846007806831155
0.18;0.3958660962293929;0.76;0.44068155801052195;0.14;0.29533243708822626
0.18;0.2814612099755435;0.74;0.5237008698475689;0.32;0.4289517060293085
0.42;0.42988154458267464;0.42;0.39721359702276765;0.22;0.25592918787629687
0.12;0.008151854844802464;0.64;0.6601576666068825;0.46;0.400989960914564
0.34;0.34998898823839636;0.6;0.4546676816094683;0.42;0.40737939232982884
0.24;0.3007081482957232;0.74;0.4877810269636617;0.36;0.3169429891765381
0.16;0.06322753302918266;0.58;0.6301960927923251;0.46;0.3985554950068098
0.34;0.3471444702455117;0.32;0.4481359428499702;0.26;0.2799386635461146
0.58;0.5509188676070245;0.32;0.3455725292126736;0.12;0.22023552555773224
0.14;0.21190832372227647;0.78;0.5634641653121844;0.36;0.45647501846662225
0.22;0.34178650658722337;0.76;0.4659078264683955;0.24;0.2845264376612056
0.12;0.07191359084194388;0.7;0.6182108135563973;0.48;0.4011256225626801
0.7;0.6140162226245056;0.14;0.26223450941841586;0.12;0.3406489833964122
0.46;0.46037245168044166;0.26;0.38021703449900274;0.12;0.20029273925460617
0.32;0.2925418661413885;0.38;0.47759120202710564;0.32;0.31198602287862714
0.62;0.5753800152866899;0.32;0.32609184103266636;0.26;0.29057960910441155
0.52;0.4584469866207079;0.32;0.37993032751409733;0.3;0.25149210992505916
0.46;0.3920239746926268;0.2;0.16291995386945962;0.12;0.23576260245520247
0.14;0.1427041693438304;0.84;0.5847357105157756;0.46;0.3607140710607473
0.54;0.41582090803132904;0.12;0.14541704447600973;0.44;0.24305448626554865
0.12;-0.08731552195273845;0.38;0.4802148147954937;0.42;0.3649497723815421
0.54;0.45524821103045604;0.14;0.12819610748713722;0.4;0.24607856648110898
0.16;0.22203149722319065;0.58;0.5354633802081958;0.24;0.3165128510609945
0.48;0.48871937180046005;0.38;0.3774191439432046;0.16;0.22306217023020652
0.5;0.507835453848547;0.4;0.37052427483466316;0.16;0.2609024163191967
0.38;0.40537757731135454;0.52;0.43429981045461225;0.3;0.36058878199803873
0.18;0.1543725595333753;0.38;0.5974894880432173;0.4;0.3623880493945633
0.26;0.2848729296841996;0.3;0.25398243270171633;0.32;0.32085270435272323
0.56;0.7246819229564261;0.2;0.12051847034073132;0.2;0.28925454506846565
0.54;0.4321983187055795;0.12;0.13424619618606887;0.5;0.24921429289361813
0.22;0.2583539039353521;0.42;0.5219630988987698;0.3;0.3246536360385717
0.12;0.3471313523012866;0.82;0.47183218695188694;0.16;0.31032077981949785
0.16;-0.07060405353467153;0.3;0.4722292903913326;0.5;0.39609092510359206
0.52;0.5005648060490075;0.46;0.35480615018607237;0.18;0.18790742547230282
0.2;0.2447516909951008;0.32;0.2535875798406753;0.26;0.300270141772443
0.36;0.43007655432106134;0.4;0.39724384953936204;0.12;0.22229895395392335
0.26;0.4182882921718282;0.58;0.4174566994205042;0.14;0.25165189169528107
0.2;0.12581442137991566;0.4;0.6121424325517564;0.5;0.39202261399760646
0.2;0.24810887892495276;0.1;0.16227021997591157;0.38;0.3378600602164133
0.5;0.36978748615769125;0.24;0.4227727704693492;0.28;0.2495345759038861
0.1;0.07455505299691473;0.74;0.6551622464774913;0.48;0.40103764476135156
0.12;0.26197678565331256;0.3;0.19358290741630607;0.14;0.2779074714642596
0.62;0.5782154002185702;0.32;0.3249952184459794;0.3;0.3132962355260878
0.18;0.2501308480654855;0.32;0.23407045352387673;0.22;0.2874477284288082
0.48;0.40874674985815557;0.4;0.4404782524843582;0.5;0.3731824278606331
0.56;0.5195053811888364;0.36;0.36762098811980587;0.38;0.4116761423656064
0.44;0.36540851112052825;0.14;0.1530780279221397;0.4;0.2543406355663001
0.3;0.45976733944770815;0.54;0.3888819706790044;0.1;0.22111840874201422
0.1;-0.04273413913560892;0.62;0.7192788000014907;0.48;0.40828232886382937
0.34;0.3345437935133517;0.16;0.16451222175295582;0.32;0.26331721466045993
0.82;0.7114683233244932;0.1;0.3692779117158073;0.46;0.5326490344335246
0.6;0.510077085967185;0.14;0.13370736310866;0.24;0.24110927143945476
0.32;0.34772104011788557;0.24;0.16820624497416775;0.12;0.24862876746390145
0.14;0.19331251997273807;0.2;0.21170734281126186;0.32;0.31812715222868976
0.66;0.5590530678565402;0.1;0.1293447661070703;0.34;0.2357756902574329
0.42;0.3520188032322317;0.3;0.43590550362655806;0.26;0.26787241496491904
0.14;0.10422140283599618;0.62;0.5979710930290623;0.36;0.36747637826429186
0.7;0.6612976064564442;0.2;0.31761031962088454;0.3;0.3008510044462361
0.32;0.360257713277156;0.5;0.4298407777683095;0.26;0.29251500394724333
0.4;0.422023249853862;0.34;0.4016447890349139;0.14;0.2245883951282926
0.14;0.034512156116546844;0.4;0.6659651643807216;0.44;0.38337097542215576
0.32;0.3239311730305709;0.12;0.15526067293217932;0.18;0.263838650195992
0.56;0.43317658255390573;0.26;0.35693492236651575;0.46;0.2747264505311398
0.6;0.5238441739869317;0.22;0.32978493868306563;0.2;0.1920824718122623
0.42;0.457876702052405;0.22;0.16459328746507812;0.42;0.3457154235830933
0.46;0.4019745111204364;0.5;0.4059758753180856;0.44;0.32815902109725587
0.28;0.2832256771746235;0.3;0.28863237266350866;0.36;0.35978620975595194
0.26;0.4181424147930605;0.68;0.42200670477777175;0.16;0.3004841458373653
0.12;0.1492505145667879;0.32;0.2824144030106121;0.3;0.30162389751663726
0.34;0.24494778985805893;0.4;0.49948169220212496;0.4;0.3343316207669132
0.66;0.621294859635398;0.28;0.31011344778996114;0.36;0.33948190431394126
0.3;0.20111058260557096;0.42;0.5312617631467689;0.48;0.3635794522852605
0.66;0.5965005348673891;0.26;0.3264727898070981;0.2;0.27643182790181614
0.44;0.3008211408246999;0.26;0.432247752054242;0.4;0.4357980563193485
0.58;0.5385965908760164;0.16;0.2678020707093221;0.44;0.4462602554681175
0.64;0.5949763810741335;0.16;0.2046150876835648;0.24;0.3440210243198117
0.12;0.10590165510007993;0.28;0.30086138410092306;0.38;0.31539750561686036
0.26;0.454556643277846;0.6;0.40248141831848033;0.1;0.23036561785237725
0.26;0.3584681158037319;0.36;0.4559151818148482;0.2;0.2683390324226336
0.12;0.2628730983086662;0.28;0.18671772377275248;0.14;0.2818067200306969
0.42;0.41634805829154836;0.5;0.4184442277092391;0.34;0.3983245184511964
0.82;0.630584432576393;0.1;0.3503791174226663;0.28;0.32905752629607493
0.28;0.22703129044255527;0.4;0.5227389239619114;0.44;0.3565244696964803
0.36;0.32940249765932633;0.1;0.15677744819810518;0.16;0.25792113223095386
0.44;0.4020990794037231;0.42;0.4287138304024591;0.36;0.30705779492465896
0.8;0.7453410089707517;0.14;0.3436516112150578;0.46;0.4212159125842084
0.38;0.31969006313026654;0.46;0.4603490809363778;0.5;0.3463566771900864
0.36;0.3372369134291035;0.38;0.44916481566203476;0.24;0.277638676494461
0.6;0.4631975020557781;0.12;0.13991402643915424;0.26;0.2360297739765676
0.34;0.324812986114342;0.1;0.15462179510639246;0.22;0.26367554095856877
0.34;0.3271786880213516;0.14;0.16682537336004039;0.46;0.2765680779694533
0.52;0.26563949850360286;0.2;0.4665330779962699;0.48;0.430964522255092
0.42;0.4412620943412768;0.28;0.39059266945381005;0.14;0.2160480440648121
0.3;0.32484577183904734;0.52;0.45087106623128;0.32;0.3175569697095489
0.74;0.8831459739675804;0.12;0.17015948431815892;0.5;0.34851554045025696
0.18;0.3206317544123107;0.48;0.48245628080311737;0.18;0.2761401526146506
0.16;0.2078609461751843;0.46;0.5545507046999665;0.28;0.3231263853083091
0.66;0.5842033213544926;0.18;0.3175880810799436;0.46;0.22535005140650016
0.24;0.3080248562577596;0.24;0.18467648828267408;0.2;0.2715728285652324
0.58;0.4723440820728057;0.24;0.3405379919169584;0.38;0.24576329316651796
0.1;0.1511865736528259;0.12;0.18273118268398975;0.32;0.4258467641294699
0.34;0.3269834902088135;0.12;0.1593598378398549;0.32;0.2646239605151229
0.48;0.43606621721075695;0.46;0.3988348030028835;0.4;0.3848517509250647
0.1;0.20102734215440793;0.2;0.20262806214476087;0.28;0.32632446306052204
0.36;0.37709474039321805;0.52;0.4544717721367751;0.34;0.34534210509697433
0.34;0.3258517186196072;0.46;0.43791829456287384;0.32;0.3076285242467441
0.28;0.45056921924013577;0.66;0.39944353331861043;0.12;0.2672224004134725
0.26;0.28102661639807697;0.2;0.20907034089201754;0.4;0.30105375554174346
0.56;0.5469010807050763;0.16;0.10206560409341664;0.34;0.2589272118443012
0.56;0.3203265504430712;0.18;0.42793009798595216;0.44;0.43495429194295365
0.4;0.3508989446238881;0.14;0.1591162617700414;0.36;0.256666998248611
0.46;0.462289633484344;0.5;0.3775200525590287;0.22;0.2560637039805363
0.56;0.5363124231924938;0.32;0.3560328220827062;0.14;0.2122325494312341
0.42;0.3404925062007968;0.34;0.43420363104125054;0.28;0.2765592164992788
0.7;0.6432913081974216;0.14;0.21406540713422234;0.5;0.3392000612950517
0.28;0.2671536820078206;0.36;0.5043808068550772;0.36;0.3285716178990788
0.2;0.2834268636839605;0.46;0.505949012553232;0.24;0.3050694429625898
0.12;0.2799987102989487;0.26;0.16820164094361717;0.1;0.2838111535537236
0.34;0.37135139710753834;0.32;0.4349656706354645;0.22;0.2643634070546162
0.16;0.04517877094684736;0.36;0.39795024546800245;0.36;0.35962105420713103
0.46;0.5517994382613176;0.22;0.11062534443495425;0.36;0.32003884135345034
0.52;0.5010891549461618;0.38;0.3794052292216353;0.24;0.30463474844231003
0.16;0.39716347165620086;0.7;0.44233474720348603;0.12;0.2517886970759014
0.2;0.33504631032324167;0.46;0.4736911816017371;0.18;0.2746133722767388
0.62;0.5879088570069457;0.32;0.3212028452725399;0.46;0.403923574951306
0.14;0.2649480926868601;0.7;0.5147097550109454;0.24;0.3155213812026281
0.26;0.2350118383257584;0.5;0.5143279894434438;0.36;0.3433923867463938
0.4;0.35721804581180255;0.18;0.1645183849668817;0.16;0.24473444791141136
0.4;0.37277218703122167;0.2;0.16265450032978984;0.28;0.25460339630687573
0.72;0.7490593439048252;0.22;0.2505035217594342;0.4;0.3528993762818962
0.48;0.3990718203984149;0.38;0.43549547252369064;0.48;0.32813572311820766
0.48;0.48193458801400685;0.2;0.1240379694992883;0.32;0.2617987300766194
0.6;0.5395369752993806;0.26;0.3623783164628788;0.34;0.2463825388818171
0.22;0.3828533413662602;0.74;0.44385690360402746;0.18;0.2874721440478885
0.24;0.26613873241166724;0.14;0.18828949537915834;0.44;0.3089243940169047
0.52;0.4109918303928672;0.14;0.15124235133614644;0.36;0.24190122794311636
0.7;0.6391743647394053;0.12;0.15780142459443575;0.46;0.328077300753221
0.1;0.10275525407736391;0.1;0.20017132084634254;0.4;0.47118272224140073
0.3;0.40381474010654256;0.62;0.431849745121147;0.22;0.350052076064201
0.2;0.20780061523907384;0.38;0.5623175427952218;0.36;0.34490870799434875
0.42;0.35094060287583834;0.12;0.1556513217633549;0.4;0.2552318917382222
0.34;0.3294257208138373;0.16;0.17424463722636824;0.5;0.2912078422689595
0.16;0.1407468785020926;0.62;0.5700960566574336;0.38;0.3701771244894934
0.44;0.3759918197634781;0.42;0.44469115226273875;0.46;0.3344315693914402
0.28;0.2724741617249646;0.26;0.26738800856602823;0.42;0.35077270037481784
0.32;0.2602188889957319;0.26;0.3827507327229363;0.48;0.4580578476669493
0.44;0.39745457330392914;0.28;0.4116286349933526;0.2;0.23914087024756642
0.66;0.5699224138371226;0.2;0.33647985306733325;0.12;0.16770944266606508
0.36;0.3416818573200692;0.16;0.16309349110535137;0.24;0.25484697715146526
0.22;0.29414473493741483;0.56;0.48165611841653505;0.24;0.3075079527724461
0.44;0.3878680610958109;0.44;0.44662978114376856;0.46;0.3682831795734876
0.56;0.5192043466555682;0.42;0.3432671215374666;0.2;0.17833388820300572
0.16;0.1145942274796316;0.48;0.6095341107437569;0.4;0.37391997464486965
0.6;0.5406046510686522;0.26;0.3606860636750719;0.32;0.24067243955321432
0.34;0.3613960085145213;0.54;0.46446750928873876;0.36;0.35568455585842346
0.18;0.36785269736617615;0.44;0.4558515085942116;0.14;0.24724722099332214
0.48;0.4303601297590169;0.44;0.4137925742324324;0.46;0.450231519058419
0.58;0.5517933890429354;0.32;0.3435441483202179;0.1;0.20760239216048776
0.52;0.44349048875675007;0.44;0.3835797414124909;0.48;0.3214234221405468
0.22;0.3201783351178695;0.32;0.1892802105181594;0.12;0.26092221117779874
0.26;0.3117866642368418;0.66;0.4977901300305179;0.42;0.45030127493416133
0.18;0.15462178192764647;0.34;0.3251401241803425;0.32;0.3324096993702375
0.2;0.2908161945427758;0.16;0.1563221239353922;0.16;0.29414256395210275
0.38;0.4144525210865317;0.24;0.20647359352557365;0.4;0.3435089927665152
0.54;0.4855796161784142;0.22;0.3627248319165543;0.12;0.1846188873921753
0.56;0.5282790503177341;0.32;0.36509815064460466;0.2;0.23990136053956862
0.18;0.14884744836162972;0.6;0.5675908515838808;0.42;0.37863511232067554
0.12;0.14459800549347185;0.62;0.5846181061734124;0.28;0.3339031261745716
0.44;0.42274935825111787;0.4;0.3991080959034287;0.26;0.2651909093058498
0.66;0.604740512659556;0.26;0.3251624563070536;0.24;0.3051452081937703
0.66;0.5840290809130584;0.2;0.3402697157817984;0.24;0.19467454366716114
0.54;0.4758253542693233;0.34;0.40791787963363463;0.44;0.3423158090476682
0.26;0.31045249068012043;0.14;0.1548417263517034;0.18;0.2776855048387353
0.3;0.3722652060733888;0.68;0.43486236658905125;0.26;0.27297812993321374
0.54;0.4755499772225968;0.14;0.1154284947280994;0.44;0.2522434246902768
0.54;0.5262703813093796;0.4;0.350343987453645;0.16;0.2500492825867147
0.38;0.44307485186144796;0.4;0.384772537214032;0.12;0.21864014282212368
0.22;0.27136283670562705;0.3;0.23374438858080365;0.26;0.29423185427783866
0.28;0.32387285137455607;0.26;0.19207778182037077;0.26;0.27652529987758984
0.24;0.41099958859695257;0.66;0.437144786466196;0.16;0.305995746019959
0.1;0.016627857007728675;0.7;0.6573857167969597;0.5;0.4056351297107304
0.86;0.5675827929381378;0.1;0.28154063674245294;0.34;0.1540606614715037
0.82;0.5784607175834731;0.14;0.33347524861893657;0.14;0.15688401932528168
0.48;0.48179362067939174;0.4;0.3877606732517476;0.2;0.26022595090407125
0.14;0.15114943812469867;0.38;0.5957936004814013;0.32;0.32625281187557237
0.3;0.3332876468406167;0.52;0.4465766606018336;0.3;0.3111855074249937
0.4;0.2737741907240267;0.24;0.45595904588233505;0.5;0.46017119073675966
0.24;0.18499692291310205;0.5;0.5532673373876484;0.42;0.3669703152635711
0.32;0.3544162311469285;0.52;0.4467318526992909;0.3;0.30802402658554145
0.52;0.5267723078534619;0.44;0.3463962658056163;0.1;0.1901883121860229
0.82;0.5982912492294605;0.14;0.33389589044724083;0.24;0.16966766404462336
0.3;0.4313397027612022;0.36;0.4046739560917984;0.12;0.22445271627513025
0.3;0.3244094416125011;0.58;0.4907870563336532;0.42;0.3814796878903755
0.46;0.38630805080727953;0.34;0.3914323583218598;0.3;0.26873184953933477
0.32;0.3119479681412238;0.64;0.46988897518551503;0.5;0.37282343876071794
0.7;0.6855370120597033;0.26;0.2659962239528612;0.42;0.22808040283869163
0.58;0.5293019618110228;0.4;0.3366210516815163;0.22;0.17412329914092256
0.5;0.24284743030114447;0.22;0.48266092779718717;0.46;0.42784989827244596
0.4;0.39399980781899985;0.26;0.16552184382302365;0.1;0.23858597615884408
0.36;0.39400365206033844;0.44;0.40508060979835175;0.2;0.2600801563901803
0.52;0.39937864539982443;0.14;0.1582793825095134;0.28;0.23773492487477116
0.36;0.4486134092360909;0.48;0.3923201158194655;0.14;0.23431721161438107
0.64;0.5665211392300946;0.34;0.3202608923688722;0.18;0.14871143148322036
0.22;0.30689654748018363;0.18;0.15767026903818765;0.12;0.27730287937135417
0.14;0.20062561501773118;0.6;0.5465652783334602;0.24;0.31690873454550955
0.16;0.14184853428999683;0.2;0.2610460418508305;0.44;0.3320412544012142
0.2;-0.02554683443376976;0.3;0.5236538080455415;0.5;0.4488284138374175
0.34;0.35646863039126825;0.24;0.1702969533776218;0.2;0.2543700524008577
0.2;0.2795232758252639;0.58;0.4924008242516747;0.24;0.31090231273681385
0.12;0.29147577852766887;0.82;0.5083395846016407;0.22;0.353873631700302
0.36;0.381138748637803;0.6;0.4285178927327194;0.32;0.3172674366384874
0.2;0.18322559440606162;0.22;0.2743642147014513;0.44;0.3311451566412052
0.1;0.13075857116449469;0.54;0.6181520457622556;0.3;0.32852365273667333
0.24;0.41342166607486924;0.56;0.41043380570868687;0.12;0.24058182596787875
0.14;0.3177411831921801;0.8;0.48781314730889364;0.2;0.3412775367953805
0.42;0.39689099522871335;0.18;0.1459820122509427;0.46;0.28902844883121676
0.12;0.23340106121147491;0.14;0.14403547640418884;0.14;0.36737479977252635
0.54;0.389537687640751;0.1;0.15631366127769325;0.5;0.2425312152704882
0.62;0.565218818142412;0.26;0.3440743529192312;0.16;0.20774265217215687
0.2;0.2679413554242173;0.32;0.23104292929510145;0.22;0.28696849943572916
0.14;0.04037533210720906;0.58;0.6440884330011738;0.44;0.39588280935551184
0.44;0.3522390021546015;0.12;0.1602505189118481;0.26;0.24637439161014912
0.28;0.18388827489800946;0.44;0.5460740734408389;0.5;0.37420920264239316
0.14;0.2207949975753018;0.68;0.5266313917096417;0.28;0.33237204923023983
0.26;0.35454053728341134;0.72;0.4521470123617764;0.26;0.28315687387095695
0.2;0.21425244677000171;0.66;0.5707839289874346;0.5;0.4030430132379968
0.32;0.35707183984788465;0.54;0.46096097974552347;0.32;0.32274323721912795
0.46;0.46677791327667756;0.46;0.38854399653980215;0.24;0.3385795259625431
0.3;0.33866900921509807;0.24;0.17240777489985443;0.18;0.25744771246098624
0.72;0.7682414287369361;0.14;0.28354940192227723;0.48;0.2191052720417082
0.34;0.3698974912882435;0.28;0.17303752473963102;0.14;0.24829390160982628
0.44;0.5759501059688066;0.26;0.1423315048977309;0.28;0.33838102930146535
0.5;0.3883334966586706;0.16;0.16534910190716928;0.12;0.23398234602516427
0.68;0.8455515821034874;0.12;0.0728905667265401;0.1;0.2813770259965969
0.12;0.16870958144502896;0.1;0.15605054546435176;0.24;0.43754297142594384
0.36;0.3369930654391015;0.14;0.16140869020253917;0.22;0.25504404865270575
0.26;0.3748151504673049;0.68;0.44968094331423897;0.24;0.3492950195598104
0.32;0.2321136658796929;0.36;0.5109342273215229;0.48;0.3543391522442532
0.38;0.3340858912352586;0.1;0.15884215695689102;0.34;0.2589407546098342
0.44;0.3675722987648952;0.16;0.15938564678188155;0.28;0.24661593234109264
0.14;0.20058852640942043;0.82;0.5547514869960257;0.36;0.37676286651426155
0.52;0.5255599036073846;0.42;0.35056640637483;0.12;0.22857658389687346
0.44;0.4180548150846934;0.5;0.40757237048191547;0.36;0.3734641167216984
0.1;0.09669954970395106;0.62;0.6303810360654625;0.32;0.3471954758801053
0.28;0.31229477480165596;0.1;0.14575108497314165;0.14;0.28038891697361296
0.46;0.3938459726301697;0.4;0.43537754269208256;0.44;0.3237259757968323
0.22;0.2920600324738111;0.18;0.17100588133333566;0.22;0.28546465880459865
0.16;0.19019382137708857;0.46;0.5655192887328291;0.3;0.33237128439135605
0.2;0.312234516037533;0.28;0.1775604903517562;0.1;0.26277805812587035
0.1;0.19247139725129941;0.2;0.20976654839138614;0.3;0.32688789936171064
0.3;0.3390967972750986;0.28;0.19918868211463353;0.28;0.28597446625123185
0.5;0.5201999014937033;0.46;0.3498875636128225;0.1;0.19394618142302905
0.56;0.42476562427762826;0.14;0.15604576875784443;0.12;0.2312946381698558
0.2;0.2011443996059727;0.42;0.5624232353598917;0.36;0.34963235631028683
0.24;0.25916470551277965;0.54;0.4972960487233949;0.32;0.3340703388628788
0.4;0.4230865608145968;0.22;0.17595337218635992;0.42;0.327365766553327
0.42;0.3551837449284096;0.16;0.16486876540872258;0.1;0.24155579989638826
0.56;0.4011158611006233;0.1;0.15371620459481222;0.4;0.2375048894989425
0.1;0.05051181512779185;0.38;0.38657595629114555;0.36;0.3161590225706546
0.2;0.17863393883547624;0.34;0.3281689983068459;0.32;0.34065539993866084
0.34;0.35136469250084595;0.56;0.4696864991851128;0.42;0.411669238418873
0.48;0.3623286342770082;0.12;0.16405576375587166;0.26;0.2412955452821342
0.4;0.335167984374302;0.28;0.4467890649774577;0.32;0.2879719439755482
0.3;0.2206997227103102;0.46;0.512052227026955;0.44;0.35350414918102674
0.14;0.330057763894312;0.82;0.4746722832027967;0.18;0.292561169870651
0.24;0.2794981587242981;0.2;0.20003029977503722;0.34;0.2935803341996133
0.38;0.3657234724208444;0.18;0.16457313956202674;0.44;0.2821735737202778
0.44;0.3667894321844966;0.54;0.41803827349953;0.5;0.2844804676885238
0.52;0.515226367914315;0.4;0.3627170752867019;0.18;0.28817176451633403
0.12;0.3906826454283851;0.52;0.4394645808449476;0.1;0.21907418607025791
0.54;0.48565489022560077;0.44;0.35756018339273493;0.3;0.20369184709294702
0.26;0.3689153532867279;0.56;0.4357692959053356;0.2;0.2813306781613028
0.12;0.054295701089674686;0.62;0.639129396367877;0.38;0.37568718387663497
0.38;0.3454222691327284;0.14;0.16108127304126102;0.4;0.26312858995932503
0.26;0.2997685712675923;0.12;0.15738017861226067;0.3;0.28955304507650853
0.68;0.8249352592804409;0.12;0.07912263601725805;0.14;0.2881909595955597
0.14;0.048347204125826326;0.5;0.6470496498543445;0.44;0.39087679611569387
0.4;0.3387800136559755;0.1;0.15862170637208223;0.34;0.25541986764033725
0.18;0.28937137137469343;0.22;0.16997412105404447;0.14;0.2815635853836574
0.18;0.29795837446729595;0.3;0.1877772083606462;0.12;0.2668427690407134
0.26;0.22772194576281296;0.36;0.5350897892975706;0.42;0.35074714476616636
0.14;0.26174375481922024;0.54;0.5134172929113099;0.2;0.29040694975739273
0.12;0.21593499194981874;0.16;0.16957121735215902;0.24;0.346168936790579
0.66;0.543772779575751;0.1;0.13919795079546166;0.28;0.23210495078772825
0.26;0.37081886833371297;0.62;0.46436557730721467;0.24;0.3260124452159863
0.22;0.2545681871219673;0.46;0.5197388789183788;0.3;0.32943346038910365
0.34;0.3607085762385915;0.28;0.29118260466731266;0.38;0.39205475321708777
0.26;0.2780463668713031;0.14;0.1858341364637634;0.46;0.30367414294492706
0.1;0.31193873799952393;0.64;0.4903810747802679;0.14;0.2512032795928994
0.36;0.3369541765969745;0.14;0.16089052666997855;0.12;0.25148428257903094
0.38;0.450170125292743;0.48;0.40076979668553075;0.16;0.24612755529621128
0.46;0.38870325968364455;0.38;0.41483750738585107;0.4;0.30074528053488253
0.38;0.24169097516772958;0.36;0.4967842089669911;0.44;0.3355542518228872
0.5;0.37398730586467427;0.14;0.1683475027440387;0.1;0.23442706217199488
0.22;0.3106541739662105;0.26;0.1806061467178232;0.14;0.2662767610844972
0.16;0.29144634466134595;0.74;0.5187645988099048;0.26;0.380642127357489
0.78;0.637505763853542;0.16;0.3194772761037025;0.2;0.23093006537473487
0.22;0.29524934633461947;0.18;0.1680593688530933;0.2;0.28365540787457194
0.28;0.4627917150587543;0.6;0.3984133742507739;0.1;0.23799451494860252
0.34;0.37901925833549893;0.6;0.4376691672214074;0.32;0.3710492385633862
0.48;0.3563798884422746;0.1;0.16277096803162666;0.3;0.2428914239388425
0.54;0.46111738718401324;0.32;0.40526692868321085;0.44;0.29847257127689547
0.22;0.13260489546806403;0.52;0.5886540913836922;0.5;0.39328057859449134
0.12;0.03868696909977326;0.62;0.6485477826175381;0.4;0.38301577563456407
0.34;0.31468197558391936;0.32;0.4658121200992564;0.32;0.30152655243358156
0.6;0.44233687265181904;0.12;0.1557531857291778;0.1;0.2300744293243176
0.16;0.09687575036890256;0.6;0.6042183613563341;0.42;0.38514597091595976
0.14;0.26070018097627096;0.26;0.18663421902702543;0.16;0.2849957570730011
0.8;0.60760320099234;0.16;0.3326317752345597;0.2;0.1662113170285045
0.56;0.5002962492391168;0.14;0.10610934066223171;0.4;0.25022034151314104
0.38;0.3566143146286406;0.2;0.16598850712076335;0.14;0.24501906930699052
0.28;0.3048272186932663;0.62;0.5055220396647617;0.48;0.43962325730358304
0.2;0.4166413635987875;0.78;0.4209654716321027;0.12;0.23129651079645358
0.4;0.3639281172210375;0.46;0.4538932236735877;0.42;0.33429552235581556
0.22;0.44847530778816286;0.68;0.4113726731391522;0.1;0.2591623578968543
0.38;0.38129816507317454;0.26;0.16904934485665818;0.12;0.24208854662412366
0.52;0.41306173840614474;0.16;0.1566602643975819;0.18;0.23436272685468312
0.28;0.20204881657238855;0.28;0.4000741999006789;0.46;0.4474187530539729
0.34;0.38141698477163616;0.28;0.21117319890630676;0.32;0.31531953067056323
0.7;0.6710726143274843;0.26;0.27360859145619093;0.38;0.21796326528926274
0.38;0.3423359240232628;0.14;0.16165782221302855;0.22;0.25192722260242123
0.26;0.32621951629476403;0.38;0.47372209311216024;0.24;0.28973862484653795
0.16;0.24345810004505636;0.48;0.5302938912680351;0.24;0.3067230966616448
0.22;0.08150859317748144;0.34;0.47757870340560876;0.4;0.43831177803018934
0.56;0.5066503948428334;0.28;0.35491793016463663;0.22;0.21345271023074647
0.22;0.27966372746388685;0.5;0.5026101104367457;0.24;0.3080327476792624
0.26;0.38582186789071277;0.6;0.4488727546390808;0.2;0.2888036034778017
0.24;0.30920883251503967;0.16;0.1558598653150461;0.14;0.27715844207546697
0.58;0.55289076899502;0.34;0.33955766851988395;0.1;0.21916486038268973
0.28;0.2823977382113016;0.4;0.4912471442881207;0.32;0.3206373970027299
0.38;0.3818741249553638;0.3;0.4252901529180763;0.22;0.2578871906712826
0.3;0.4392971023496119;0.66;0.4004150236192316;0.14;0.25139323769494754
0.48;0.4731592514680984;0.18;0.12257193381918569;0.42;0.27767237991805077
0.38;0.35543755615582356;0.2;0.16618433533572036;0.1;0.24305158880638006
0.72;0.6075633911385754;0.24;0.3063049965787504;0.14;0.16305689708501975
0.1;0.12281841315718117;0.16;0.24580224324885053;0.46;0.3569024091874758
0.54;0.4354885465251301;0.14;0.14081669514080647;0.34;0.24048861397569882
0.52;0.43777603714782715;0.32;0.3897370993863692;0.38;0.27412009194660586
0.46;0.42772902429623966;0.18;0.135519057713763;0.42;0.2735890325289239
0.16;0.4243833345863794;0.78;0.4201387155499052;0.1;0.2603145372842582
0.2;0.24065434576466388;0.3;0.2507070903942366;0.28;0.3012310803816894
0.14;0.12195943970966344;0.24;0.276588676631717;0.4;0.3229178551861223
0.1;-0.05507146789205236;0.36;0.46881937512366395;0.46;0.3394643625856793
0.16;0.2886332771908952;0.2;0.1552488581131522;0.1;0.29144431897681417
0.78;0.7018988495829068;0.2;0.2902354819765773;0.38;0.07394860197030001
0.46;0.4411830932283409;0.28;0.38872815759502904;0.14;0.21056371342115826
0.1;0.11706834289950735;0.62;0.6172880576084074;0.3;0.3379488401279352
0.4;0.35028655526374725;0.14;0.15953543563107947;0.34;0.2553294892996432
0.34;0.40218090669490686;0.62;0.4181655703124582;0.24;0.29232734622828277
0.14;0.18072908605736754;0.78;0.5838071028686083;0.42;0.48269864562919823
0.88;0.5454990419365193;0.1;0.3071817628154551;0.18;0.06979424921182359
0.38;0.36540792393318683;0.22;0.167300142373406;0.18;0.24764829656714143
0.34;0.37328091126065893;0.52;0.45006755031344176;0.3;0.3119123431252922
0.38;0.34255215972640823;0.58;0.44705154534160313;0.5;0.36123490456656443
0.4;0.3538788509947161;0.46;0.4601157950076263;0.46;0.3439516346164658
0.64;0.581076780213549;0.34;0.2985254740177378;0.48;0.16140090399019075
0.68;0.6338238282759441;0.2;0.3399695290435089;0.34;0.2601388262357381
0.36;0.25693044940671744;0.32;0.49337912951806334;0.46;0.33967714366089213
0.32;0.36454947400309895;0.54;0.45621783910974584;0.3;0.31595032481279534
0.14;0.23487550598222667;0.24;0.19787253280811995;0.22;0.2962548362452209
0.48;0.5002667978372164;0.44;0.3692236282163162;0.16;0.28107229869163236
0.1;0.05086365035677626;0.36;0.38127119958857864;0.38;0.3155936822356998
0.56;0.4749729945155436;0.16;0.13939820761344363;0.22;0.2379320696528487
0.2;0.21593998802952558;0.54;0.5412461635562911;0.3;0.3379196518707764
0.18;0.2508561198352363;0.72;0.5506476548211239;0.38;0.433280318037034
0.16;0.15777620154774857;0.48;0.5831323440089462;0.34;0.35169855579088166
0.26;0.2902117148198548;0.1;0.15834851549947554;0.4;0.3012859952889953
0.18;0.26141107906656486;0.32;0.22432700353218898;0.2;0.2822340708246563
0.24;0.3577596108403635;0.68;0.46971877544208557;0.26;0.38522920519703435
0.58;0.5939431078499424;0.16;0.10180734799841001;0.3;0.26426849223125176
0.34;0.33461459536799837;0.5;0.4559651339291127;0.38;0.3270196716537575
0.1;0.25707450541963944;0.72;0.5198225782145476;0.22;0.29723135845572474
0.68;0.7761868196766455;0.1;0.04928273527042498;0.16;0.2212693839370053
0.56;0.5438843336947785;0.36;0.3451336351337652;0.12;0.2371946822467726
0.52;0.5455796606230849;0.16;0.08819937316096754;0.46;0.28138221834466665
0.44;0.4066519892698161;0.2;0.14892743542343906;0.32;0.258293695617744
0.44;0.441381702206814;0.46;0.409678341938396;0.28;0.34138235403477696
0.52;0.505006460057073;0.38;0.3761286459554399;0.22;0.29337035542019324
0.66;0.5295184357803089;0.1;0.1481771880865172;0.2;0.22936403958971058
0.62;0.58735555149273;0.12;0.07616765614398141;0.42;0.2710084133386124
0.54;0.4979240201796446;0.34;0.38777291368363825;0.3;0.28874111242461625
0.26;0.45011343917008934;0.58;0.39810642717313033;0.1;0.22668236896187383
0.12;0.08060226655130992;0.5;0.6368388424184608;0.36;0.35816704583762077
0.44;0.4900744715136766;0.42;0.37434908225946834;0.12;0.21360518251681443
0.32;0.22472965360135227;0.36;0.5149112977000823;0.5;0.3590367383199711
0.2;0.28520452263843915;0.14;0.1527866728556599;0.18;0.3039150324471463
0.12;0.14660690222323342;0.24;0.25722814379884934;0.36;0.31476160086045285
0.84;0.6610148456640184;0.1;0.30562325401288776;0.5;0.4634711426803327
0.32;0.28600492303146535;0.48;0.45945639597662896;0.4;0.33465055248881287
0.42;0.37959593400042707;0.5;0.4405152829407191;0.5;0.4627552425662023
0.18;0.33935874207049527;0.68;0.48423648578066575;0.2;0.30087679502438563
0.4;0.3952744131056824;0.52;0.4329038997115466;0.38;0.4178488125248157
0.44;0.28876954650567094;0.3;0.46324051688769247;0.38;0.30216364720835914
0.14;0.13310534636371257;0.12;0.20662757591125075;0.48;0.3771441795613298
0.48;0.5065322084422623;0.44;0.3652561484242837;0.14;0.2661090909113418
0.48;0.46045252328321745;0.22;0.14170984766437006;0.18;0.24210876607234783
0.62;0.4674457863169896;0.12;0.1580799602802298;0.1;0.23012756141274254
0.26;0.34895024653806556;0.46;0.4554428847614786;0.18;0.27124875459883585
0.36;0.40518623001068005;0.62;0.41159922270605614;0.24;0.2523800359559792
0.32;0.35244074933749364;0.58;0.46936895342157975;0.38;0.4008239170199764
0.6;0.6100947567611816;0.14;0.07681553071726327;0.36;0.2706506887342917
0.36;0.37603703623390733;0.24;0.17752495157529308;0.32;0.27906650483547596
0.22;0.28674382610233246;0.24;0.19771430688431096;0.24;0.28189635295386056
0.22;0.28811466291791515;0.16;0.16710975982543458;0.24;0.29195917438964886
0.14;0.06753272981408392;0.58;0.6279597572898379;0.4;0.3826668232769768
0.54;0.4634248608131128;0.16;0.13436145603224653;0.28;0.24064304445707224
0.14;0.1908075871706642;0.74;0.5852637666660814;0.38;0.40608226557627974
0.42;0.4997104819077937;0.52;0.36425243136064395;0.1;0.2318226341961625
0.82;0.67903360348743;0.14;0.33575737281126944;0.5;0.22259559342673102
0.2;0.15482244406381945;0.56;0.5724094206081449;0.42;0.37680911887358365
0.24;0.3175764109503471;0.38;0.48418280854757495;0.24;0.291489958656551
0.36;0.42201290898765514;0.42;0.396109181300122;0.14;0.2325791338703445
0.58;0.4519673290758692;0.1;0.12054832049133929;0.5;0.24370316361807115
0.68;0.6436220708007008;0.24;0.3146469282875279;0.32;0.36170216142032446
0.14;0.1984779847160369;0.22;0.21593260008384046;0.3;0.31026242281312394
0.12;0.07939312239516266;0.48;0.6399826801206177;0.36;0.35582586757795115
0.16;0.0995287563587614;0.4;0.6274386897208737;0.42;0.37436078593382677
0.1;0.15499827084751922;0.56;0.5990179639848694;0.28;0.32161915749161724
0.46;0.4139500566665137;0.22;0.1567396156166913;0.12;0.2359940214659551
0.18;0.1846231073989017;0.14;0.21962559084952255;0.48;0.3421112209561122
0.54;0.5148580374664993;0.3;0.35234219152916174;0.14;0.19375692368224323
0.46;0.4213708057139793;0.5;0.3968231180987137;0.36;0.30498586183745774
0.12;0.4150771315880479;0.8;0.430520712359101;0.1;0.2691720832383587
0.54;0.5311959308194278;0.36;0.35722135123443727;0.14;0.23996732366336376
0.1;0.12675769738149317;0.82;0.6424234469426748;0.46;0.5076313816971192
0.32;0.46224674306209107;0.58;0.3964348486148042;0.12;0.26329720461645595
0.3;0.32073771530374956;0.46;0.4589728491184922;0.24;0.2906268546271909
0.52;0.42943481369977093;0.3;0.3721994168391162;0.34;0.26002740308864875
0.74;0.6391544726140965;0.12;0.30414772803014883;0.12;0.3552465528390974
0.5;0.35027716180841456;0.28;0.4087164656929741;0.38;0.2786241896836393
0.78;0.6471697412399082;0.16;0.3179307311364908;0.22;0.2419390215189799
0.34;0.2730173226549277;0.4;0.4845496095454795;0.34;0.3170540067793964
0.14;0.03772678600641227;0.62;0.6364833472673432;0.46;0.4000630686469924
0.14;0.17642788272740856;0.8;0.5778114091730546;0.42;0.4535543614510536
0.28;0.40309042881362495;0.66;0.4290410477784498;0.2;0.32273862374772394
0.4;0.3748569488565214;0.58;0.4216854524098335;0.38;0.27652975311400413
0.14;0.33154167797888306;0.74;0.4895126019710691;0.18;0.3067198901433477
0.54;0.3766709646655479;0.24;0.39058988106544973;0.38;0.2626847395567103
0.2;0.20041904657478699;0.16;0.23286524215883148;0.48;0.33217566107621993
0.32;0.3985496065939704;0.66;0.41806923078902464;0.22;0.25515366232874387
0.14;0.25167706602687384;0.44;0.5280852746627331;0.22;0.286725759386747
0.14;0.26052604813894326;0.2;0.16610752282981905;0.16;0.3045873060092453
0.14;0.3689960299798238;0.82;0.45047427279676905;0.14;0.26697070456282207
0.28;0.324647024488877;0.54;0.4554093922299873;0.3;0.3162055155236621
0.48;0.48545014425617045;0.48;0.3664377361595233;0.18;0.23426405072736062
0.16;0.053323053946404186;0.48;0.6468645424196684;0.5;0.4058557118792328
0.76;0.6102964875571109;0.18;0.31471443337989297;0.12;0.19189395669979264
0.52;0.518027183883176;0.36;0.36545074762714297;0.14;0.2210600119161859
0.3;0.34625691894386773;0.48;0.4387607985955057;0.22;0.2815176978777166
0.74;0.6713295071712888;0.18;0.2946740571551711;0.22;0.2776067725726313
0.16;0.21828598451796405;0.4;0.553030722236264;0.28;0.3141326790848025
0.24;0.324671725444954;0.62;0.4924535295916849;0.3;0.33524359359959194
0.62;0.5684075644530544;0.3;0.33299944224509187;0.12;0.22749818281237483
0.12;0.07942289003144037;0.46;0.6419408252753336;0.36;0.35327602190093815
0.1;0.14694496400787543;0.34;0.29713281780093187;0.3;0.29560419852419445
0.22;0.29556656313215796;0.46;0.4947379376799596;0.24;0.3042330792964761
0.2;0.2306337763219381;0.68;0.5674619183980223;0.48;0.4242545928591204
0.7;0.740944933587145;0.2;0.3059746475589917;0.48;0.4246949719824747
0.62;0.568104284418238;0.26;0.3483437727242255;0.22;0.2322235832747373
0.52;0.4418834391593475;0.3;0.36838343419403036;0.3;0.24866819794518508
0.1;0.10013801911063575;0.84;0.6503260700385507;0.5;0.488746151473424
0.34;0.25037889736425684;0.44;0.47920591579596433;0.46;0.3461206398663484
0.34;0.3607472987070223;0.6;0.4483644037834656;0.38;0.3939424433146988
0.22;0.3551754929851156;0.7;0.47337297985971577;0.24;0.3776387903841459
0.62;0.8985653962532003;0.16;0.013993205774749995;0.16;0.26558352760958487
0.32;0.3421377984408733;0.22;0.16824115844266557;0.18;0.2548386093818414
0.12;0.06556256530373145;0.64;0.6262217911536521;0.38;0.3745218958975825
0.46;0.35425919664274436;0.12;0.1651869169456029;0.1;0.24036369634135385
0.46;0.3551020969097258;0.12;0.16411257657484185;0.16;0.24144449716494792
0.64;0.7281530674862726;0.14;0.11715604481676656;0.32;0.34440881581054855
0.1;0.21321110419593586;0.14;0.147830343769291;0.14;0.3952762125780174
0.52;0.3670990199365984;0.1;0.16700877415735932;0.26;0.23745392501360302
0.18;0.41032895608359315;0.78;0.427236600533865;0.12;0.25320301171735965
0.54;0.5132041430960503;0.28;0.344356643008554;0.12;0.18540449574815115
0.5;0.45590445833387666;0.44;0.38893417502530775;0.38;0.374058252121734
0.48;0.36871936161891544;0.14;0.16563457933480336;0.2;0.23867596576720645
0.24;0.29516358631022194;0.44;0.49187450465596;0.26;0.30868169011603813
0.28;0.4100360289227047;0.44;0.41740091543925545;0.12;0.2337822105687471
0.12;0.121200027286475;0.46;0.6156345857454775;0.32;0.334926376785929
0.22;0.3418011816968762;0.64;0.4828040549346711;0.24;0.31513073342835357
0.6;0.6462475845372333;0.18;0.20229616448595839;0.24;0.35823996136458464
0.78;0.836944828471857;0.14;0.31077734065934076;0.48;0.5399597524950854
0.1;0.08291680529169215;0.88;0.6447334984092865;0.5;0.367101702581862
0.46;0.3700485046167176;0.34;0.39700193967216774;0.34;0.2806306042399092
0.18;0.2944828711340059;0.22;0.16594577537605176;0.12;0.2793707104496895
0.42;0.4065287143176605;0.46;0.43352916988991214;0.34;0.3337852351333331
0.52;0.378400355756449;0.12;0.16537116536981317;0.26;0.23666565902107012
0.3;0.3298494527600792;0.64;0.4706346632244331;0.42;0.41374715268138745
0.26;0.2557963602153374;0.54;0.48991534617769655;0.4;0.351277481969329
0.44;0.45232395002265297;0.52;0.38315374206420066;0.22;0.2615494163907562
0.26;0.4577481375966978;0.62;0.40321117687900904;0.1;0.24073629431127502
0.12;0.25990094952825843;0.7;0.5081620697850944;0.22;0.30218525257535506
0.56;0.5007415820961627;0.32;0.39504416931266023;0.42;0.3304278289820593
0.44;0.3450164523611072;0.1;0.16246201848975533;0.12;0.24501032628662417
0.1;0.12264234377063382;0.8;0.6530641356535278;0.46;0.47911598672439043
0.14;0.13361400139248641;0.66;0.5683293643702043;0.38;0.370195908529758
0.36;0.3931416043389066;0.26;0.1892968748366825;0.32;0.2964527967534201
0.4;0.41259866467013556;0.56;0.4073537730265199;0.28;0.29447786819464655
0.52;0.5129033694992049;0.32;0.35394005440251014;0.12;0.19114309672831015
0.36;0.44688466879643646;0.6;0.392782472824241;0.16;0.25211381989424725
0.74;0.6093119909930136;0.14;0.3224596618560927;0.12;0.1715931621102405
0.52;0.4642391611564258;0.4;0.39867978669088006;0.48;0.46299000739231305
0.7;0.6886600038344353;0.28;0.2497209067142913;0.48;0.10313297040410335
0.22;0.19730552235659776;0.36;0.5667161161662524;0.42;0.360033817146916
0.3;0.2996322315041586;0.68;0.47493817379972697;0.48;0.32495685330930885
0.58;0.5343366155947373;0.32;0.3773170694869216;0.46;0.41324888330252835
0.24;0.3033242080121947;0.5;0.4837117515333123;0.22;0.29593761673792246
0.56;0.5153025601032108;0.34;0.38117794109279407;0.38;0.373223475970284
0.48;0.4769252190682251;0.26;0.37146344952211036;0.1;0.18882250644487103
0.64;0.5371083998306767;0.18;0.3089829762441794;0.34;0.20657510698286702
0.14;-0.006128458170192641;0.38;0.6928842305212046;0.48;0.39757838107747207
0.36;0.34268981003558946;0.16;0.16434102593263283;0.36;0.2643313102364067
0.26;0.332388422137688;0.26;0.17160605280785307;0.1;0.2546172052705265
0.1;0.2688530791130314;0.74;0.5265005344039899;0.22;0.2987085248639821
0.28;0.31182610726537047;0.22;0.19004141331995156;0.32;0.2818215414342254
0.64;0.5494235589940917;0.18;0.3234601892198787;0.14;0.16753650584057939
0.44;0.3449334051432961;0.1;0.16268591728669773;0.1;0.24440305656823386
0.44;0.3602065964594094;0.14;0.15874045493469519;0.3;0.24746772128148026
0.16;0.24890576257226255;0.3;0.21691893741082352;0.2;0.283119891848485
0.3;0.22663031391009908;0.48;0.49864947445243685;0.48;0.3601485348781877
0.48;0.35922938174919644;0.1;0.1595429255994783;0.42;0.2463361502011941
0.46;0.44056994321895776;0.32;0.37825082180508524;0.16;0.219501887256846
0.12;0.03267523350472351;0.66;0.6357356758181554;0.46;0.398004232759436
0.26;0.2836527771945125;0.1;0.16431842190742846;0.46;0.3061057438199937
0.28;0.22220989123218454;0.36;0.5304451110372506;0.46;0.3571505323628719
0.38;0.33742516603956857;0.12;0.1603663514670463;0.14;0.2511337301717936
0.18;0.27306586230049995;0.14;0.1515651203280997;0.18;0.3156651541210059
0.48;0.37570421515751;0.16;0.1671314974776365;0.12;0.23556896947853462
0.58;0.42599600261652765;0.12;0.15409510977324176;0.16;0.23155084428447653
0.56;0.47054631112586315;0.24;0.3474173039348865;0.24;0.2150230145260031
0.18;0.24169002422737912;0.12;0.16441155722479212;0.32;0.33609736704018106
0.4;0.3349625929926005;0.3;0.44671845589267684;0.3;0.28497365453927787
0.54;0.3727164082494398;0.1;0.16897172513320285;0.1;0.23388142159273345
0.6;0.5556198184015695;0.28;0.3445966331900449;0.12;0.19513391898573135
0.76;0.6914595989648153;0.14;0.31046652706455874;0.26;0.2691277390442784
0.2;0.2955194972250121;0.28;0.19279900104067954;0.16;0.2716358681060483
0.3;0.32228646315236514;0.2;0.17742083131715797;0.32;0.2740361343944278
0.4;0.406159593225303;0.26;0.16238981221469712;0.16;0.24655632921572052
0.82;0.7036551417668917;0.12;0.3486681738288388;0.48;0.4443039828937492
0.46;0.42461408062895395;0.52;0.3904088796958061;0.32;0.2416917429626429
0.56;0.5096173890848845;0.34;0.3875144647070781;0.44;0.40364734345080594
0.1;0.25935005706112574;0.82;0.5484969202782561;0.26;0.4014430676231902
0.32;0.339104205239719;0.22;0.17496380574321585;0.3;0.26977215456534426
0.68;0.5911159597271547;0.18;0.3347809705362555;0.2;0.179432521776362
0.34;0.3754717721418889;0.46;0.4154018735714297;0.22;0.2723888403329929
0.12;0.16408402275892414;0.86;0.5771598964508295;0.38;0.3374544207282844
0.68;0.6057205002252652;0.3;0.29911566832616704;0.3;0.13090332032396562
0.12;0.13122834891726515;0.32;0.2957293687850521;0.32;0.30592832782972496
0.16;0.27416295796077755;0.14;0.13916677977441366;0.1;0.32619974633667953
0.5;0.6075788118910015;0.2;0.09456082771886226;0.36;0.3056010162985166
0.58;0.5767132239045882;0.18;0.2680901020059619;0.32;0.398075624697305
0.44;0.36663959363690396;0.14;0.15161807198208926;0.42;0.2563070392422864
0.48;0.3581551842413064;0.1;0.16077074136004382;0.38;0.24490571666225153
0.66;0.5917703251613087;0.3;0.3124232764368173;0.26;0.20539356651709456
0.42;0.38326596680545827;0.16;0.14361725817311083;0.5;0.2846800556825491
0.44;0.4693642295298816;0.28;0.3761461190646214;0.1;0.1954546914763347
0.38;0.3395584158905864;0.12;0.1602241734896122;0.42;0.2629575832642344
0.1;0.21773915286566953;0.3;0.227533907860127;0.22;0.2874622981127493
0.1;0.24290130063248022;0.7;0.5217628905840692;0.22;0.29678937699644964
0.58;0.48436754845807223;0.22;0.3388866114993491;0.24;0.20769900337205544
0.52;0.4824665053530583;0.38;0.39470654744817696;0.34;0.35782969730884334
0.38;0.33521954461490794;0.46;0.4520344638690628;0.44;0.333041506314209
0.28;0.3222532532435875;0.3;0.22107755928978684;0.28;0.2987765264359786
0.1;0.3695874400489127;0.8;0.4728150804846633;0.14;0.29232829559876367
0.14;0.23037765730505882;0.72;0.5520014614760751;0.3;0.35036847433160206
0.44;0.3634680556557403;0.16;0.1629877002058439;0.2;0.2425748043561376
0.7;0.6738273442997389;0.22;0.30075635099859194;0.32;0.3587816505736959
0.6;0.559516992608694;0.34;0.33427226248806047;0.44;0.3939544356800289
0.12;0.2389158281400509;0.76;0.5571280959157794;0.28;0.36252763148522776
0.3;0.31111566255208317;0.6;0.4981220095766164;0.5;0.44082316471812094
0.1;0.1946300523197914;0.4;0.5953968790122806;0.26;0.27650026970034874
0.7;0.6160917890728046;0.14;0.25967990513547345;0.14;0.34046111849556754
0.44;0.3967995993144819;0.46;0.43898365091165586;0.46;0.4168687303437713
0.6;0.5243379002638455;0.24;0.3430884534956021;0.32;0.22570704769818578
0.56;0.5160803131957168;0.36;0.3706728051532377;0.42;0.4353997992091854
0.14;0.026348924658630313;0.46;0.6654028074021474;0.46;0.3953024253767828
0.66;0.6174526846245401;0.26;0.3231015476681737;0.3;0.3490762467895499
0.82;0.6033782365527427;0.16;0.3312870453859021;0.32;0.08032792179866904
0.36;0.3792052461882764;0.34;0.4280245851195538;0.2;0.25713412433643784
0.24;0.3348187629891359;0.58;0.4580720102255184;0.24;0.30305101475318624
0.54;0.44292848548828284;0.18;0.34095148456487623;0.46;0.44084498912782794
0.3;0.3202260256838689;0.16;0.16570115026613624;0.28;0.26878721873816064
0.22;0.30323979608504875;0.14;0.14633169692465126;0.1;0.2896215200496562
0.14;0.052441492722112126;0.4;0.6549673489512735;0.42;0.37498813255115154
0.4;0.4890620433726471;0.46;0.37560890463053603;0.1;0.21010084324453887
0.12;0.4133452316868628;0.82;0.4281480642159014;0.1;0.257717846759042
0.44;0.3365770609248206;0.34;0.4215239054128937;0.34;0.28871436633527653
0.1;0.0019310746634128573;0.42;0.7234728136696058;0.4;0.3564939253829272
0.68;0.5855285406828015;0.22;0.3317826433723207;0.12;0.2028119917827516
0.66;0.6072781001528413;0.22;0.34634359849503554;0.32;0.25948736504715614
0.24;0.21022469419235684;0.42;0.5448645909445708;0.42;0.3620341834266219
0.18;0.23428798276221724;0.78;0.5392591413476404;0.4;0.38434561396742867
0.24;0.2975774417390273;0.14;0.15931666774098624;0.24;0.288983098145244
0.66;0.5792258080746648;0.2;0.33896855614172455;0.2;0.18539095566262548
0.18;0.2332198270250962;0.66;0.5391748059646027;0.36;0.36022270490041125
0.28;0.3726415868301573;0.48;0.43418447404871846;0.16;0.2582597283715123
0.24;0.2118656073116882;0.52;0.5319733079343998;0.38;0.35501194059555546
0.2;0.35929019363891584;0.42;0.4617730846206412;0.16;0.2577752168629877
0.24;0.2760548758023417;0.7;0.5159620788083537;0.48;0.4456136578823254
0.46;0.4819052621550088;0.38;0.36948039212001643;0.14;0.21316230444112622
0.6;0.533100044848897;0.26;0.3722584054962214;0.46;0.28124873101562203
0.1;-0.011578324985015265;0.62;0.6994983275514979;0.44;0.39482233431509345
0.24;0.19280661323972276;0.42;0.555327794221528;0.46;0.3728311258835105
0.14;0.10743422384685636;0.48;0.6138919675172378;0.36;0.3590083455067897
0.42;0.36733133315975025;0.38;0.4054046361881623;0.3;0.2811349022423207
0.12;0.2515796887036605;0.2;0.16559874715571804;0.16;0.31390298003652634
0.36;0.3485958336068477;0.18;0.16601120682956655;0.34;0.2645178085706226
0.26;0.33618978179995523;0.62;0.48848144335929106;0.32;0.35926648950339685
0.44;0.3527623516183362;0.38;0.41263241449993565;0.42;0.30977104179394305
0.44;0.35531098281663337;0.14;0.16405598789639547;0.14;0.24183810999127703
0.2;0.25131303913554;0.2;0.20485769558356454;0.32;0.3014858542782753
0.48;0.4788135725287634;0.28;0.3677878710932246;0.1;0.18959736418450662
0.16;0.20954816039927032;0.24;0.22632814289901654;0.3;0.30349337770967383
0.74;0.654180970258716;0.2;0.29228932061398966;0.2;0.2313772421234424
0.34;0.36809728866159536;0.48;0.42370276603617857;0.26;0.28819959691781977
0.14;0.1666790970027449;0.24;0.245190212406951;0.34;0.3121881205486999
0.28;0.34952032609781697;0.36;0.4562385742483899;0.22;0.27574307709648155
0.66;0.62164404209473;0.26;0.3224469601771051;0.32;0.3640567165920237
0.22;0.3657451267338467;0.64;0.46624868056157737;0.2;0.29612400554168433
0.38;0.37143620332037725;0.22;0.16731749691850756;0.26;0.25695625985439025
0.3;0.32611130133433325;0.26;0.20616404766550062;0.34;0.29934329033742474
0.18;0.2184103853265153;0.76;0.5575075961886138;0.46;0.4567681273257583
0.32;0.2540834444222099;0.44;0.4907749018316348;0.38;0.3326857188125763
0.12;0.04695941862538494;0.38;0.3763979975508827;0.34;0.3273605423371669
0.38;0.3518609257419693;0.16;0.16220778369246852;0.38;0.2637294123681136
0.16;0.1128757104376727;0.46;0.6133153533546707;0.4;0.37215909747429793
0.2;0.27630798419394126;0.16;0.16832902069285754;0.24;0.3003050313085885
0.2;0.32485982310062117;0.6;0.4638338952744096;0.2;0.2909019257639747
0.42;0.3589541967789011;0.38;0.4086124584377879;0.32;0.2873022424898642
0.26;0.18263589677830544;0.48;0.5499002950616594;0.46;0.3715483489863756
0.18;0.2824911613572742;0.48;0.5062828188838444;0.22;0.2978399359464872
0.62;0.6146528543053085;0.12;0.05763835258241351;0.44;0.28187595572327157
0.46;0.36401533395771296;0.36;0.40500805479651186;0.42;0.30328738000291994
0.24;0.20257790314849283;0.52;0.5373231063159898;0.4;0.36061792372035756
0.38;0.3902120087822449;0.58;0.4216924220622897;0.32;0.3129855204756771
0.1;0.23300206669959395;0.62;0.5429649146630773;0.2;0.2866816655141156
0.58;0.67334449642684;0.18;0.2042108214136064;0.3;0.38129049666528575
0.36;0.35558729496355007;0.22;0.16711927451562963;0.12;0.2451941963874154
0.6;0.552926271622918;0.36;0.33112791910528633;0.14;0.1889680864009185
0.3;0.3722815880219669;0.56;0.45289174407297134;0.26;0.3060558356911392
0.26;0.20878885803834873;0.38;0.5438723995970705;0.46;0.36435671843221146
0.78;0.7697074800530366;0.16;0.29757847296324197;0.42;0.3769898892001811
0.12;0.023324315667686057;0.62;0.6577902853520976;0.42;0.3900130708192889
0.16;0.06454183624150839;0.54;0.632713477605825;0.48;0.403491657226371
0.4;0.36551052089143504;0.18;0.1608118623651093;0.32;0.2569398386785187
0.22;0.1552884844965356;0.48;0.5783827224183711;0.48;0.38731139072460424
0.12;0.021096974389569645;0.46;0.6785032539789713;0.42;0.37894906070438866
0.34;0.33743270677969733;0.18;0.1719548094190882;0.42;0.28039910501702453
0.62;0.5602613030203487;0.34;0.32869320263782303;0.1;0.172550448557856
0.12;0.2540144871525027;0.52;0.5259261056712126;0.2;0.2821066672227373
0.64;0.6057698919999195;0.24;0.3577683801855464;0.46;0.3249997283243565
0.54;0.478259478476082;0.4;0.3772929556641221;0.48;0.4148039485861679
0.3;0.42174730940246324;0.48;0.40091809710488163;0.12;0.23192236815349704
0.36;0.4089912970291764;0.58;0.41951527554432494;0.26;0.34123315331171883
0.56;0.7351146824147798;0.2;0.1408018371891417;0.22;0.3154146466845367
0.76;0.6753458275506812;0.18;0.29256554611332425;0.24;0.2518130379817967
0.28;0.4362831701880194;0.42;0.4024986969719853;0.1;0.21992297053341675
0.28;0.36671037499090237;0.5;0.43183512834471466;0.18;0.2678828565185532
0.38;0.2575639075390372;0.3;0.49026723379886167;0.48;0.33949030759373416
0.44;0.3925006584756125;0.44;0.4435997577253233;0.44;0.36255539614850735
0.3;0.3378423543653694;0.22;0.16564658355927303;0.1;0.2515082842944017
0.18;0.2129679843254168;0.62;0.527334757017156;0.34;0.3520425729995856
0.34;0.36534229202760277;0.62;0.43839004611167137;0.34;0.32757008596231346
0.44;0.3586680057881552;0.14;0.16038465126932705;0.26;0.2453659854847024
0.2;0.2345296128360405;0.6;0.5144831148933477;0.34;0.3484599129226274
0.2;0.24308799915890872;0.74;0.5423179599028713;0.46;0.4514150046423771
0.6;0.5263749728111884;0.38;0.3243406409212947;0.5;0.19572576988120632
0.58;0.4597589192789903;0.14;0.1452515411661605;0.2;0.23441126063430945
0.24;0.1836207568990093;0.26;0.33361189514633166;0.46;0.3744787959624452
0.6;0.5635461964372064;0.3;0.36289360617288685;0.44;0.4025006589530867
0.24;0.24681189990357105;0.2;0.23408286485601543;0.44;0.3171594057868417
0.18;0.4176535806487533;0.64;0.4150780115854043;0.1;0.23205584341867708
0.26;0.3021003984712249;0.62;0.5119910280201521;0.42;0.39171726804157375
0.12;0.381487106531712;0.58;0.44212199295589155;0.1;0.2252949443235997
0.16;0.25700164313824797;0.24;0.1914526237221847;0.2;0.2892314654158233
0.12;0.1959466276746073;0.14;0.17077707024552063;0.28;0.3679478233794696
0.3;0.31740560402674073;0.1;0.14787047741857512;0.12;0.27243725810462666
0.54;0.5134038102327911;0.18;0.1257833756877657;0.26;0.24836995371944598
0.56;0.5250925430763045;0.38;0.3514062710308368;0.26;0.3034438784247078
0.24;0.4185848399661782;0.52;0.41311325458397014;0.1;0.22761835505565303
0.5;0.3753257568436374;0.14;0.1674740241111901;0.14;0.23540475443329628
0.4;0.3498965960532991;0.16;0.16431760720925076;0.1;0.24382039419182094
0.56;0.5172215419774548;0.34;0.37901257018250073;0.36;0.3627911931555082
0.72;0.656935334341292;0.26;0.27248467265089243;0.28;0.11177370872160625
0.64;0.4634359675086414;0.16;0.26800485057312656;0.36;0.363441972252665
0.28;0.3916372199489168;0.38;0.42988572098354766;0.16;0.25004937392825527
0.5;0.44704654367798885;0.4;0.41671010427254157;0.44;0.40578217861410965
0.3;0.449417357716477;0.36;0.3944072460461782;0.1;0.21263766372380305
0.74;0.7328256194713203;0.16;0.2892934714921817;0.32;0.3067293613869771
0.54;0.49730868891133245;0.36;0.3886225302250326;0.36;0.36536525317195073
0.72;0.6280514587621242;0.14;0.3163690592904858;0.2;0.16794630288802553
0.48;0.4811716390717648;0.42;0.38737645249291336;0.22;0.30152974560414153
0.38;0.34703204641430635;0.14;0.16108446507564994;0.46;0.27017176058252007
0.78;0.6574099568608343;0.16;0.31619882479400635;0.24;0.252827157413484
0.32;0.3520777486816093;0.56;0.47088055052725125;0.36;0.35921202527694535
0.14;0.18823854920130917;0.62;0.5492444910456229;0.26;0.32604074615598494
0.56;0.5103897260069183;0.32;0.38474278949077884;0.34;0.29930051648683703
0.56;0.5267966105191844;0.36;0.36110569890669425;0.3;0.3619067718918592
0.4;0.3541149630539128;0.58;0.43185519429924274;0.46;0.29226605151422463
0.26;0.22742395212316263;0.48;0.5241389340926164;0.36;0.34420973894128354
0.3;0.3862217082340959;0.66;0.4308267304785495;0.24;0.30041397136557807
0.16;0.1604075215781388;0.26;0.27085486489757155;0.36;0.3163410653072019
0.54;0.3526821418089196;0.24;0.3982500173219287;0.44;0.2788311204186789
0.36;0.3858884176362893;0.28;0.17235743516536245;0.16;0.25045388825689147
0.8;0.7269944028118933;0.16;0.33180226284025965;0.48;0.22223441922891057
0.1;0.1303448234785331;0.7;0.5890745438628493;0.34;0.35133412200977704
0.64;0.7685343519007686;0.12;0.010235201564135987;0.38;0.2766245560922221
0.52;0.4142885767338053;0.28;0.37192147479440546;0.32;0.2532539277402313
0.24;0.3943260418120615;0.5;0.4298477523702085;0.12;0.24091851372330014
0.58;0.48882805693123793;0.14;0.12679366823019705;0.3;0.24232313153814916
0.28;0.34669763287386307;0.58;0.47219511901396843;0.3;0.3256142757483778
0.22;0.38937819893537434;0.54;0.43202846121518385;0.12;0.24350336090613128
0.26;0.3180165494125801;0.5;0.46779692399838696;0.22;0.29177057038491855
0.5;0.46301020571170753;0.34;0.3785345215761912;0.24;0.2396078792105945
0.4;0.33325656771809226;0.36;0.4410600654386239;0.28;0.2826189586505868
0.16;0.28557148313578135;0.18;0.14991408603029538;0.1;0.30068298687422784
0.5;0.4581146292171076;0.4;0.4083446082647198;0.38;0.3795287340634835
0.72;0.69830322546347;0.12;0.19956695614412306;0.28;0.3337200129405878
0.12;0.1565008049180407;0.58;0.5804762509521302;0.28;0.3316867081142539
0.42;0.38050392730195765;0.46;0.45070954021390436;0.44;0.3661067620377159
0.8;0.6572137520384327;0.12;0.34837839312238944;0.28;0.3297758801535258
0.36;0.3704608757158378;0.58;0.4418835454356624;0.38;0.3915958451475126
0.28;0.32856953780367854;0.56;0.4678708494574542;0.32;0.3244180591536426
0.68;0.6393704469017629;0.22;0.32969471775431475;0.32;0.31788641617247665
0.44;0.50190347220086;0.52;0.35932272527754655;0.1;0.20514116014729838
0.1;0.29312843588298304;0.82;0.524304708484802;0.22;0.37275695081652943
0.22;0.2957865823583982;0.12;0.14448680279997933;0.14;0.3006345286199262
0.34;0.24843873357484875;0.34;0.4997009755057555;0.46;0.34453001128651467
0.24;0.2878148386887764;0.34;0.5059980071076211;0.3;0.3104269689797042
0.54;0.49115360213010967;0.38;0.3839096292110041;0.44;0.4447412768338586
0.72;0.7313342939507743;0.1;0.1428430871716731;0.18;0.31716147222297325
0.54;0.41897672587702645;0.24;0.37709234790846197;0.28;0.23463495887256075
0.66;0.584978271556994;0.32;0.3087028564792926;0.28;0.14225002488816957
0.34;0.4331137124695938;0.36;0.3999812419555094;0.12;0.22213662761122693
0.36;0.2581971710713657;0.42;0.4727041300678782;0.46;0.34184023084641796
0.2;0.3441338917174261;0.4;0.4729781625744098;0.18;0.26605965911125923
0.36;0.48224863748881014;0.52;0.3835348001984303;0.1;0.22710736211298072
0.18;0.2173502962890927;0.14;0.19417951517570103;0.4;0.3324318914292866
0.2;0.1872020236097291;0.48;0.5632150973663863;0.38;0.36264975135501404
0.12;0.178637323332625;0.16;0.196294155309023;0.34;0.3485264017463861
0.32;0.3291544393330567;0.22;0.1948406431173781;0.42;0.3051219307361342
0.34;0.38957345047775566;0.58;0.438724756307492;0.3;0.3873880516317661
0.24;0.27839741896034037;0.48;0.5002730284772359;0.26;0.312373376299461
0.62;0.5289943679382201;0.2;0.3209178629205149;0.26;0.1988365484545574
0.54;0.511945763901293;0.34;0.3748464199196035;0.22;0.2541566641567164
0.16;0.15514300575935253;0.18;0.2429055831991303;0.44;0.33411062669503894
0.42;0.401754897514867;0.2;0.15106979651305702;0.38;0.27503023466316906
0.18;0.23230540431985575;0.58;0.5268376327292204;0.26;0.32396319726462425
0.54;0.5047211716286719;0.34;0.3814655876421316;0.26;0.2717374433480791
0.28;0.43928890106676616;0.56;0.40265454953313823;0.12;0.23635738606309703
0.74;0.7215605037237631;0.24;0.2395477771246572;0.36;0.08969539063526982
0.4;0.4653954542194058;0.26;0.1641983275374616;0.3;0.3027328367918534
0.1;0.22578066486758236;0.76;0.5722020861052068;0.28;0.336283752441303
0.14;0.31948909015430765;0.66;0.46537183858933556;0.16;0.2708011977657839
0.64;0.5926815800133862;0.28;0.3284325310074529;0.24;0.30897321057291466
0.66;0.5812455313564164;0.22;0.3392430196123147;0.16;0.19792184272929975
0.6;0.7662703442497685;0.16;0.047659764209518396;0.26;0.2775890470983376
0.26;0.3042960943593724;0.18;0.17581353252278226;0.28;0.2790942238985173
0.12;0.3635414002704553;0.5;0.4579801369794548;0.12;0.22993904527888193
0.3;0.2670675506471249;0.36;0.4972863838190343;0.38;0.33106265311747324
0.5;0.46566520451960675;0.42;0.3941767899628344;0.36;0.40194003430840924
0.16;0.23449215652696392;0.74;0.5578080244132273;0.36;0.429752308801521
0.1;0.26066918971056435;0.88;0.5282056623803197;0.24;0.2821142341720267
0.56;0.4925897734408539;0.42;0.3505978096286418;0.36;0.20319217234199188
0.5;0.3657706638288258;0.12;0.16794839992504335;0.14;0.23673795844633277
0.22;0.2929563798410226;0.38;0.5044011415771661;0.26;0.3020205413561064
0.52;0.3755655530442438;0.1;0.1610876642806625;0.5;0.2442765940710237
0.12;0.33662352637139364;0.68;0.4586291234842294;0.14;0.2555848639274734
0.36;0.24956466538687144;0.32;0.497288924312341;0.48;0.34457608584462124
0.1;0.042181781844753796;0.72;0.6529163064643484;0.5;0.4051799921021511
0.36;0.35019613399442545;0.48;0.4461199087677605;0.36;0.31748685116261927
0.1;0.04224339301222163;0.7;0.6419060710602262;0.46;0.3934167771272455
0.3;0.3057034486801366;0.24;0.22420389875825958;0.42;0.32557564137915934
0.36;0.34379082380510767;0.16;0.16625978755833642;0.44;0.2755244550539749
0.1;0.3843872617355594;0.88;0.44690896981477185;0.12;0.2235788239793371
0.12;0.08395861540589039;0.22;0.2955974188499972;0.46;0.33064739358390144
0.82;0.5894265264250718;0.12;0.3364506836922904;0.16;0.20961331452816895
0.7;0.6910501897114265;0.22;0.2960168360993644;0.36;0.39148815348621385
0.46;0.40682482247911683;0.44;0.43503218460023735;0.48;0.4228824330857171
0.52;0.5195511319450465;0.32;0.3507404489521801;0.1;0.18370400908827295
0.12;0.16789750804073583;0.18;0.21560969413279935;0.36;0.3352884682305933
0.54;0.24213530014833323;0.2;0.48276362452482363;0.44;0.42679379578712245
0.66;0.6314248355193104;0.22;0.3530912273780486;0.46;0.3181540917165853
0.34;0.44140822175540756;0.46;0.3854500848488082;0.12;0.22531280267523274
0.68;0.5804632445665081;0.22;0.33200887825446407;0.1;0.1925075115704536
0.66;0.5785887703812038;0.32;0.3142159019897371;0.22;0.14209054762925094
0.32;0.38019836931615697;0.46;0.41925762560579954;0.18;0.2595615421642839
0.58;0.5067206515584457;0.24;0.3374005307389159;0.22;0.20376891569183103
0.18;0.1589065267060909;0.6;0.5618148037399455;0.4;0.37295086437741803
0.36;0.4206777809290549;0.52;0.4251742022102672;0.22;0.2965068640530069
0.18;0.12573889189165904;0.46;0.6062328112687738;0.44;0.3827820436542551
0.12;0.11509828656451287;0.22;0.27274721389008144;0.42;0.32545169031937166
0.72;0.8162475885876377;0.2;0.24615107225279081;0.48;0.5030638450155669
0.48;0.41651833213964257;0.4;0.4348856005747544;0.46;0.36112543216314125
0.5;0.6089145907507418;0.18;0.12633523518197992;0.48;0.3792018273851517
0.6;0.5328679790072923;0.2;0.3316989238837231;0.1;0.16639879664785356
0.16;0.39403439231439713;0.54;0.43331220356510786;0.1;0.22915906391492685
0.18;0.2539552792226247;0.12;0.15516975251414383;0.26;0.33299866266776507
0.28;0.3229948042121881;0.36;0.4717968568260254;0.26;0.29284186848736043
0.18;-0.013892298459496744;0.36;0.493885915659056;0.4;0.4166276040348143
0.2;0.14546403527296475;0.54;0.5837610765371244;0.42;0.37801234974632
0.38;0.38061585764991673;0.5;0.4520627574311356;0.36;0.34866391463229635
0.66;0.6136839193870738;0.28;0.312843360765745;0.32;0.3155450506700453
0.1;0.2855145223635211;0.78;0.5356301173755369;0.22;0.3259471223037585
0.12;0.2715040931479506;0.2;0.15146795804000351;0.1;0.3111607814441327
0.36;0.26341837741022384;0.26;0.46896545025893693;0.48;0.4736491260360394
0.48;0.4808725874545858;0.5;0.36535656928040666;0.18;0.20026389743939094
0.52;0.4532286868364374;0.28;0.36129057877396836;0.22;0.22294043750934295
0.2;0.2868981158950265;0.42;0.5080823522146392;0.24;0.2998257359605346
0.46;0.4371400812683743;0.24;0.15211102750364452;0.1;0.2356794060083081
0.68;0.6517925290943845;0.26;0.2986141393015395;0.38;0.347381217453779
0.26;0.20951327313222884;0.32;0.385368267171829;0.38;0.4144687312555027
0.12;0.22970136220999632;0.82;0.5486512892892843;0.3;0.4015097217549615
0.1;0.37180587743495125;0.72;0.4484901588523947;0.12;0.23808088970331115
0.7;0.6305201410761956;0.26;0.29481678264224404;0.26;0.19051342792263087
0.18;0.09121501586711628;0.38;0.6373100582511202;0.5;0.39654465667554734
0.48;0.25209648980036187;0.22;0.4664734247374402;0.5;0.4307303182269964
0.44;0.2791444729999319;0.3;0.4679145320327753;0.4;0.3078407548682725
0.5;0.45463630330802;0.42;0.4014828629695451;0.42;0.43263500228196167
0.74;0.6195961280241844;0.24;0.2974063067087192;0.16;0.12229883790819601
0.78;0.5922042846182627;0.2;0.3225341173619867;0.12;0.1257855420330279
0.34;0.371260760080976;0.5;0.43580639222676837;0.28;0.29697514639444395
0.72;0.7378446514409769;0.1;0.1355060279034613;0.2;0.31659632427817025
0.22;0.27112968534311993;0.66;0.5384193896324077;0.42;0.40251809087906937
0.48;0.3936467042003639;0.18;0.16211007793415627;0.16;0.23624915281859332
0.68;0.6188050135863497;0.2;0.3385364650245329;0.28;0.23662849232227418
0.76;0.6010312130637778;0.22;0.31171784941496167;0.12;0.12626436553380588
0.1;0.18345913134314945;0.8;0.6093960547948984;0.36;0.4355462135834279
0.1;0.22268364216619546;0.58;0.5524435249894117;0.22;0.2933423997684868
0.22;0.30210544013493096;0.3;0.2015446164421501;0.18;0.27262675873723824
0.42;0.396184893564931;0.52;0.42084938532196486;0.4;0.39174039660137
0.1;-0.03197946010036895;0.38;0.4546054844894218;0.42;0.33546123823170776
0.2;0.22566794942462137;0.1;0.1805498101929926;0.48;0.3458862936975598
0.5;0.461400907894929;0.48;0.3723743673876528;0.28;0.21690042417676297
0.62;0.5355800203510632;0.2;0.32375666082427995;0.2;0.18553094811367205
0.24;0.36082808025812224;0.4;0.45560848750841393;0.18;0.2656234919199099
0.18;0.1904450090271716;0.42;0.5707678872767483;0.34;0.34401577059397953
0.38;0.3882297789902524;0.24;0.1702988580938593;0.28;0.26664749931802506
0.3;0.33377152120934345;0.48;0.4450237162204351;0.24;0.289739726218925
0.24;0.2513438382299828;0.34;0.5288423121118679;0.36;0.3334391511387365
0.56;0.5419117142612373;0.32;0.3497105220258187;0.1;0.19332221297599178
0.62;0.586426604505667;0.3;0.33343730647567743;0.32;0.3693432715099752
0.32;0.3202038721368307;0.1;0.1519450429589892;0.22;0.2687531648438393
0.26;0.40622871649094944;0.68;0.4296445174518006;0.18;0.3139591424790558
0.36;0.4662578979828386;0.5;0.39087351132933185;0.12;0.22833160919869672
0.18;0.28761643419809574;0.16;0.14959011315179876;0.12;0.301270813777296
0.54;0.46703977430922156;0.34;0.41579159739568144;0.5;0.36332420496455514
0.56;0.5424535313411789;0.34;0.3498986609633134;0.12;0.22370901174288266
0.24;0.4127132458413871;0.68;0.43228442447777743;0.16;0.319164527683852
0.16;0.1989504105479611;0.54;0.5519671432993909;0.28;0.332708525214879
0.24;0.2319204040009188;0.58;0.5157030203586994;0.48;0.3762848980150358
0.28;0.23806041447279486;0.5;0.49839205519003743;0.42;0.35216043713718564
0.6;0.5454090176398629;0.36;0.32848060746795354;0.38;0.2645965826275534
0.48;0.4389061976811452;0.22;0.1513420180260377;0.12;0.23552560031217157
0.14;0.1089492208494584;0.38;0.622115150640473;0.36;0.34541232088744694
0.58;0.49359762330324014;0.2;0.34812457689524473;0.16;0.18631576861206783
0.46;0.45816323782697993;0.3;0.3773214297929078;0.12;0.20249690361981637
0.36;0.4492945640481458;0.36;0.39070156335600187;0.1;0.2095070279858567
0.44;0.44336362303717064;0.24;0.1436523062721659;0.2;0.24945975638009005
0.88;0.5483686551041929;0.1;0.313810345297128;0.14;0.08854548037793025
0.42;0.49369640569280254;0.26;0.13781155111764848;0.26;0.28542873058585544
0.18;0.002017143640809571;0.28;0.4412855234998972;0.5;0.3949986174945855
0.44;0.40103804217086186;0.46;0.4361830311009525;0.44;0.4096867658869519
0.3;0.4340748826607263;0.46;0.3986232858067649;0.1;0.21956451539448013
0.52;0.3712628521685796;0.22;0.4198443729449879;0.34;0.42099433916451817
0.58;0.5136685912286054;0.28;0.3768601158563331;0.38;0.266274375749652
0.3;0.3288040498569848;0.62;0.47968272153576413;0.44;0.4485970209040238
0.18;0.23761880213881853;0.32;0.24483763442985168;0.24;0.2931915425999981
0.3;0.3202185724184205;0.42;0.46532101339903403;0.24;0.28970365209561694
0.32;0.2606299378278398;0.4;0.4951583539736299;0.36;0.3267325011346243
0.64;0.7850106382282618;0.16;0.11230909172223735;0.1;0.30287385263069583
0.42;0.34552096763148893;0.1;0.1544185373554237;0.46;0.25757844562308835
0.24;0.32169918442440854;0.32;0.19771563231353045;0.16;0.26745502611861044
0.38;0.3638688006137804;0.18;0.16407152638869177;0.42;0.2767409567927848
0.18;0.2770178123985924;0.66;0.5116107520114399;0.28;0.3312443702712989
0.52;0.4989355871967562;0.16;0.10999280119394256;0.42;0.26232736221832825
0.2;0.19100912379461937;0.4;0.571044701046328;0.38;0.3547757698442871
0.2;0.280224989593065;0.38;0.5158405620414779;0.26;0.3031730365546919
0.26;0.20369668530600843;0.46;0.5401115201023068;0.42;0.36097937145586473
0.58;0.4143161783324591;0.1;0.1515815694765063;0.3;0.23413419689807485
0.28;0.34548699725202486;0.62;0.47825859578409363;0.34;0.39374971076929827
0.36;0.40591877216014155;0.46;0.40394120797036276;0.2;0.26077510709589463
0.14;0.26658069683618874;0.32;0.20063925062897842;0.14;0.2732430281924883
0.72;0.6533739070428177;0.18;0.31021039340659834;0.22;0.24949066828962346
0.58;0.41654883708302365;0.1;0.14977718746132135;0.32;0.2346907700282222
0.32;0.3341054433486776;0.22;0.18519901141851985;0.38;0.28920393380821624
0.16;0.10310946157410522;0.64;0.5869471936015733;0.5;0.40184021803181397
0.5;0.3595289264784893;0.1;0.1668175216521634;0.16;0.23839537101603187
0.1;0.20000545871530545;0.82;0.5907185502577339;0.34;0.45007198698824796
0.26;0.22544788625705053;0.22;0.283830562454021;0.5;0.35673985555830884
0.22;0.28463503419682173;0.44;0.5032967352213926;0.26;0.3106401690888126
0.52;0.36598042399955916;0.1;0.1677862481949926;0.2;0.23662728733369592
0.68;0.7052927294386567;0.12;0.12515856073794374;0.28;0.3127948953401065
0.1;-0.0458587858302269;0.48;0.7442320039708961;0.46;0.3920033580229996
0.62;0.5692055600767254;0.34;0.315643469764506;0.42;0.26838412280877494
0.24;0.15595271607906652;0.48;0.5728712127990354;0.5;0.386788607220427
0.14;0.12682266030818984;0.14;0.22461086190034302;0.48;0.3601352509520331
0.2;0.1376069098271679;0.48;0.593529922129985;0.48;0.391875213379783
0.22;0.18159776902763863;0.44;0.5664472701637786;0.44;0.3737557945836079
0.12;0.2996768039715156;0.66;0.4821316355968411;0.16;0.2685012521442465
0.56;0.5064173171497186;0.38;0.3620113839473272;0.44;0.39572992819918
0.2;0.2560407275088267;0.12;0.16714399451582512;0.34;0.32436068962166603
0.22;0.3866769678838426;0.52;0.43625681571158875;0.12;0.24336323718281877
0.42;0.377882052362892;0.18;0.15488913612575844;0.36;0.2599783824771427
0.14;0.1442272320457289;0.18;0.23620973312233645;0.42;0.3355746296348086
0.44;0.5028162598905224;0.22;0.16716442307399632;0.42;0.37812779225475796
0.1;0.08121171045845105;0.42;0.6697202980284049;0.34;0.32568254430476445
0.32;0.26345534818092425;0.38;0.49334814355199114;0.38;0.3306858753851883
0.2;0.2892557905526549;0.7;0.5254049586262424;0.34;0.4126398881528522
0.32;0.4293060251089124;0.5;0.3958651856843947;0.14;0.23989233639738133
0.5;0.4044216779673994;0.28;0.38888327471251477;0.26;0.24300869053955326
0.22;0.30791376359745;0.52;0.48374840884702247;0.2;0.29001296819610106
0.52;0.4441714323373895;0.46;0.3767261692312968;0.42;0.2338107076141816
0.1;0.17627301134588674;0.24;0.24125036349480883;0.32;0.3094464666256043
0.72;0.7531501275069805;0.26;0.2137934749929568;0.48;0.08251914027545754
0.34;0.29939366238196524;0.38;0.47223681272693824;0.3;0.3028463824300323
0.24;0.30974913151104183;0.28;0.196165129546848;0.2;0.2726119641391192
0.18;0.13878820455744306;0.4;0.6052347294701514;0.42;0.37141228383860453
0.72;0.7457389463575297;0.12;0.1600890858601533;0.4;0.3298996117185516
0.6;0.5624740508271502;0.3;0.3564187129455317;0.34;0.3462153954094083
0.2;0.2311348418492553;0.24;0.23868333416477555;0.34;0.3065471566564702
0.1;0.030206308150350025;0.3;0.37995731229163493;0.46;0.3209141844434625
0.48;0.3593241623473477;0.34;0.4040205065973274;0.48;0.3111953468744338
0.46;0.5110853860586093;0.48;0.35750725811679923;0.1;0.22548638104502233
0.18;0.3022769877871789;0.74;0.5094812679168794;0.28;0.4079535520770455
0.66;0.45660480761431205;0.16;0.2792334919158795;0.46;0.3574133481142168
0.44;0.3941191407647648;0.38;0.3964748649276814;0.3;0.2760738403376371
0.3;0.23336484387633954;0.36;0.5160747678661766;0.46;0.35277196935928773
0.18;0.19698590593431858;0.24;0.2523087694026008;0.36;0.3136923923907374
0.18;0.265641387588831;0.46;0.5190449666143686;0.24;0.3053174296163333
0.36;0.38962332082895984;0.54;0.4448836846450884;0.32;0.3722004093041909
0.12;0.17641148381261534;0.86;0.5695786226819877;0.36;0.3312890349828868
0.64;0.5958155614326237;0.32;0.30321946059788724;0.46;0.27089614929558
0.32;0.3205781192192287;0.12;0.1583021006112258;0.32;0.26943562385195025
0.52;0.36677281138401313;0.1;0.16727877170355748;0.24;0.23735446032191648
0.36;0.37501987053332425;0.56;0.44767322182839303;0.38;0.4204882478838306
0.16;0.3633310972881946;0.66;0.4457711422368285;0.14;0.25956034095900465
0.42;0.3494996647430521;0.42;0.4377362789174128;0.46;0.32755591496448405
0.22;0.3138073288693934;0.22;0.16487983178914806;0.1;0.2669317781257688
0.34;0.3829329575502968;0.58;0.4428663071985957;0.32;0.3966866215048262
0.46;0.3623758961564271;0.34;0.39965751356237406;0.36;0.2865537402642238
0.28;0.3209057906563177;0.16;0.1585142695428387;0.14;0.26525571551151034
0.14;0.06704454481483219;0.24;0.3154842364902887;0.46;0.33614275045735115
0.4;0.3458165001941828;0.3;0.4411728530514924;0.28;0.277884387397406
0.32;0.3051144793411013;0.66;0.4682908738217146;0.5;0.32252190382680995
0.1;0.14865774859379827;0.22;0.25598700897496146;0.38;0.3196627138112325
0.28;0.4221292010578385;0.4;0.4111150619774609;0.12;0.23013315142552587
0.38;0.39607887224351906;0.46;0.4194427171642568;0.26;0.28094010583363543
0.1;0.41502616559678945;0.84;0.4325775831871253;0.1;0.25415459420894054
0.74;0.7721922691997143;0.24;0.21069431316777804;0.44;0.07361427498274425
0.2;0.059792156615718184;0.34;0.4545414216128623;0.4;0.41065400503491306
0.24;0.2985204734279862;0.56;0.4721465963861659;0.28;0.31847150982868216
0.36;0.33290757648901675;0.12;0.15979449462916623;0.26;0.2581995149093635
0.58;0.545228026481843;0.36;0.3404460305116845;0.2;0.26515369494776225
0.22;0.15411701098661384;0.38;0.5917146151258106;0.5;0.38524420846932644
0.36;0.34095850048216;0.16;0.16276713214634825;0.16;0.2509183070331132
0.1;0.30411321208168623;0.78;0.5218105875644545;0.2;0.31352071646993723
0.66;0.5683391435840821;0.18;0.3267234065462909;0.2;0.1749955749118675
0.32;0.32926435645896185;0.56;0.48597133956923283;0.44;0.3826940006012967
0.48;0.38678330127855237;0.16;0.15998796528329245;0.28;0.24188789620710255
0.2;0.30825128253006245;0.3;0.18681378205305993;0.12;0.263988775946884
0.78;0.6138874257090998;0.14;0.32836367169568076;0.14;0.22301206498814624
0.3;0.2676946838288618;0.44;0.4926165335603913;0.32;0.3204212128318736
0.28;0.18673890694978484;0.46;0.5421651408098771;0.48;0.3701760237264074
0.18;0.2641148726213031;0.24;0.19705458114737334;0.22;0.28746717617727585
0.2;0.2551438403329033;0.36;0.5339110305423329;0.3;0.3176937387958772
0.4;0.42700746905102943;0.56;0.399953049771055;0.24;0.27961626442500803
0.12;-0.0693196521002773;0.34;0.45446215114430694;0.46;0.35627558092126593
0.14;0.3926613625816972;0.38;0.4414665486241352;0.12;0.2169369243403088
0.36;0.36929018235097616;0.36;0.4335802163430605;0.2;0.2593572652648169
0.26;0.184341774092253;0.5;0.5426733587229957;0.48;0.37491873071148435
0.28;0.409000198411723;0.52;0.4073392645863901;0.14;0.2463239713443804
0.2;0.23483987014656654;0.18;0.2113006438802812;0.38;0.312534407663601
0.58;0.5315035854716637;0.36;0.34871920653248795;0.44;0.39496135006142113
0.3;0.320117083567714;0.12;0.1522174981379421;0.14;0.2678423989807924
0.3;0.4460545842147334;0.38;0.3955346059544041;0.1;0.2147745436515925
0.4;0.3819117923359047;0.44;0.42449915943508537;0.32;0.29573980530103855
0.26;0.3059068741298045;0.14;0.15903026095620537;0.24;0.28126646273594874
0.12;0.2378613489600771;0.46;0.5414138752274213;0.22;0.28333291085518214
0.38;0.3389623395379135;0.12;0.1601920576967733;0.36;0.2591603240330605
0.26;0.20052878445277428;0.38;0.5487336391831763;0.48;0.3692085773519436
0.2;0.28971097966868536;0.26;0.192078967983853;0.18;0.27589042000599934
0.24;0.2752871271168866;0.1;0.163230032927623;0.42;0.3140459402808871
0.56;0.5093682427679729;0.36;0.3765490746134233;0.5;0.48022769676710114
0.24;0.2997287906094323;0.1;0.1412988771485974;0.14;0.2994302925543542
0.36;0.39232847248083996;0.56;0.4368295317515118;0.32;0.39464291923142186
0.12;0.11036749393063977;0.18;0.25740828291862566;0.46;0.34116786874157073
0.32;0.44077544783024053;0.6;0.4069682911942483;0.16;0.3062807922132356
0.28;0.18400230647667443;0.3;0.45634998883791184;0.44;0.47412347848859954
0.3;0.34902189654776156;0.58;0.47434921164830207;0.34;0.3567281191270473
0.1;0.18406320762681866;0.12;0.14951669303487441;0.14;0.436471264887028
0.4;0.33334605452754723;0.42;0.4301752751558738;0.42;0.3210672033843159
0.34;0.3443955288828133;0.2;0.16468520557077254;0.1;0.24761509833287493
0.62;0.5590778587029293;0.24;0.3451177591333883;0.2;0.19829869754256807
0.28;0.2992107616140773;0.44;0.48069898574309383;0.26;0.30264450722407604
0.74;0.6758317943827199;0.1;0.22558773098114931;0.16;0.33545028687459594
0.44;0.4857459022527581;0.44;0.3810285215393016;0.14;0.23831039351931255
0.24;0.3567319727234996;0.6;0.45761382242338194;0.22;0.29570771159656234
0.5;0.4176807045353274;0.14;0.14328651248877505;0.5;0.2607354642615994
0.2;0.294982366036536;0.78;0.4966826990247883;0.3;0.3084574461766599
0.16;0.3490144624435733;0.78;0.4694539382308967;0.18;0.3266596053470244
0.7;0.6852671200266374;0.1;0.07383196562081795;0.5;0.31086952358828684
0.66;0.6385403070113316;0.22;0.3551233174296275;0.5;0.3359563346822148
0.3;0.4441226387993475;0.6;0.40938420834970585;0.14;0.28155257848636156
0.16;0.3009061234016081;0.52;0.49117766629203213;0.18;0.27963901492157733
0.5;0.3597185855182318;0.1;0.1666371732743141;0.18;0.23867237079517084
0.28;0.22398273628803683;0.44;0.5233992275252592;0.4;0.3494328681241497
0.28;0.459524058802575;0.58;0.3977358707593372;0.1;0.2277511158662469
0.5;0.45438979535347784;0.4;0.4112024770894513;0.4;0.38863585103252435
0.62;0.5607055894110144;0.34;0.3279308598170562;0.12;0.17847840733214954
0.36;0.34229634213759813;0.4;0.4416805721976598;0.24;0.27778798984061753
0.56;0.4473573729899189;0.16;0.1544513827068585;0.1;0.23104592186096
0.5;0.38604316659179155;0.3;0.3850504619269895;0.36;0.2718251012299496
0.56;0.49152229996677005;0.32;0.4047904352423028;0.5;0.3597468580829491
0.2;0.12929689278340256;0.24;0.33461821261923747;0.48;0.35728146529820665
0.6;0.5279046621493808;0.2;0.331551060034418;0.12;0.17143380621826682
0.18;0.25424529937835744;0.1;0.1427103941719044;0.22;0.3479481133193785
0.46;0.431496200370377;0.4;0.4118772656184592;0.3;0.2822386403351294
0.48;0.4557576303102235;0.42;0.4055532930540658;0.32;0.3543632835859461
0.32;0.43718516956569137;0.34;0.3998989097607451;0.12;0.22083642963414635
0.14;0.20623174161134167;0.84;0.5463040952293989;0.34;0.32674163527317207
0.5;0.3584217115978185;0.24;0.42822218879971413;0.3;0.25610067966289224
0.24;0.2738043458696661;0.72;0.5092118508924885;0.46;0.38561997832551415
0.86;0.5656357101922536;0.1;0.29006047008549224;0.3;0.15227575539227362
0.36;0.34917138435987355;0.18;0.16642836066854466;0.36;0.2672448588517176
0.68;0.8514413635115046;0.1;0.002169288468489128;0.24;0.22159729997287686
0.2;0.16743022496464927;0.4;0.5859492584086659;0.42;0.36814398811831867
0.88;0.5205760018652812;0.1;0.2492065330113113;0.42;-0.0939347221378179
0.26;0.3874424783628167;0.66;0.4474467388544116;0.22;0.357931610446328
0.12;0.3285169265481442;0.78;0.49399602391773684;0.18;0.3281879625347051
0.1;0.17996545661398028;0.16;0.19545620799467206;0.32;0.3610194432580576
0.14;0.1031753543313429;0.18;0.26454342019343086;0.48;0.3427173535191655
0.34;0.34393767105770373;0.2;0.17534726096628167;0.4;0.2836238229310544
0.46;0.36921528556671274;0.14;0.15694693149771882;0.36;0.24802979477963932
0.42;0.3421295297562416;0.1;0.159646212842027;0.24;0.24957864131872315
0.66;0.5766987820216405;0.1;0.11838339214940347;0.38;0.23989822660589427
0.26;0.3168126131430761;0.16;0.15585338153886302;0.12;0.26961792747716645
0.3;0.17120064518112893;0.3;0.5242206255133219;0.46;0.4963833757649914
0.46;0.4752308407215364;0.48;0.37680759983066753;0.2;0.29068511681049986
0.12;0.14800633002886182;0.1;0.17150503623965446;0.34;0.43454589532348026
0.4;0.3489886569616904;0.46;0.46313608606612017;0.48;0.3489264956042382
0.28;0.3091842626091991;0.14;0.16292805309343766;0.3;0.27833956979384583
0.34;0.45125297647020063;0.62;0.39112503342968735;0.14;0.24467782207500394
0.62;0.4406090692604436;0.1;0.15627004950538909;0.12;0.23008061306884203
0.42;0.42751080617632525;0.5;0.411685207852367;0.3;0.3782253489678942
0.2;0.2495263293544882;0.66;0.5469593354906515;0.4;0.37738101303091925
0.3;0.32202240629511153;0.66;0.46744705621047283;0.42;0.35925020029168936
0.14;0.23753312630259432;0.4;0.5397499427150811;0.24;0.28974995716657675
0.26;0.34555446581775734;0.58;0.461477229824443;0.26;0.3082218100780301
0.76;0.6141608721371721;0.2;0.30886696587558554;0.14;0.15861228216040418
0.32;0.20506894003108894;0.42;0.5231487499743637;0.48;0.3586730747278564
0.4;0.3266729392169469;0.4;0.4265368749108534;0.38;0.31034488776310015
0.18;0.28118710129564634;0.32;0.20734093188780228;0.16;0.27340578352422457
0.52;0.40567596711199866;0.16;0.1609040198493355;0.12;0.23243597900815788
0.7;0.6201445968650343;0.14;0.25456315662834444;0.18;0.34044077834371494
0.64;0.5841849049062036;0.26;0.33769800415163825;0.2;0.25570969101810365
0.48;0.39147058643862626;0.14;0.14949654717654276;0.48;0.2581637395152461
0.34;0.40463461554867725;0.4;0.41445018120874305;0.14;0.23613157208597985
0.72;0.770517453618554;0.12;0.13898515469367761;0.46;0.32785123756018125
0.38;0.33791410409881867;0.12;0.16036327810811718;0.26;0.25469852045019353
0.72;0.6363728329867777;0.14;0.3144078058936565;0.22;0.17079064828660423
0.56;0.5229570319219607;0.32;0.37095488828720063;0.24;0.25769381335523805
0.48;0.39867993601973745;0.18;0.1592164738765352;0.2;0.23828719351748534
0.68;0.591847785924341;0.3;0.30883371940696674;0.22;0.13399288289399097
0.46;0.350254708685062;0.1;0.16255147076021997;0.2;0.2437553516149143
0.32;0.2933719966672325;0.48;0.4559920518775767;0.38;0.3294888525116227
0.3;0.309335504678329;0.16;0.17727206503820309;0.42;0.2841630779163103
0.6;0.26412758983144274;0.18;0.4102869237841808;0.48;0.40059897499529656
0.18;0.2241315350437138;0.32;0.25660754261370694;0.26;0.2992473256083726
0.22;0.27732452984805284;0.22;0.19975793507644296;0.28;0.28906155986986365
0.56;0.42522699479616816;0.12;0.14494346488857673;0.34;0.2371870311683884
0.24;0.4163642914577747;0.5;0.416694815395472;0.1;0.2274531095575077
0.88;0.5260291825578756;0.1;0.2618179607279741;0.38;-0.058489801740557235
0.28;0.3760421217496048;0.62;0.4575334945430784;0.26;0.35861028357075414
0.7;0.7184813676587145;0.22;0.28840532682769443;0.42;0.4430623183021672
0.56;0.44099350715365365;0.22;0.36600356967300934;0.26;0.2210926835625449
0.1;0.08302993408717735;0.2;0.30220033050257206;0.5;0.3319818601113261
0.2;0.26865355267290986;0.44;0.5175160045382925;0.26;0.31186971269254743
0.68;0.6393367936039096;0.3;0.27504223723199867;0.48;0.12344622094019458
0.14;0.2596459202793901;0.84;0.5140369076401927;0.26;0.2985820630633063
0.16;0.26269283234718194;0.38;0.5263437194145248;0.24;0.2903666790665787
0.1;0.08804889866294835;0.54;0.6461700955063931;0.34;0.3468630825494819
0.8;0.6272154881139238;0.16;0.3324737210660829;0.26;0.17535416938829146
0.32;0.3723148923524328;0.66;0.43214956765991236;0.28;0.2740345409145482
0.48;0.4278322454599654;0.46;0.40330731685571036;0.44;0.4010628628363185
0.4;0.2800789457094745;0.38;0.4542011051219376;0.44;0.32712710590693833
0.32;0.3255897421274689;0.14;0.16009488619349338;0.24;0.2631661857117314
0.6;0.49135540637871483;0.12;0.11893401453825797;0.36;0.24406776885886133
0.62;0.5817353185220069;0.32;0.3236503929357199;0.36;0.34741098199890447
0.24;0.21282555363420846;0.56;0.5181522836050962;0.48;0.37613959080081033
0.46;0.44593583831533373;0.26;0.3872818008211428;0.14;0.2090100656853045
0.38;0.3722834447380918;0.2;0.16633681069937883;0.38;0.2760628523851372
0.38;0.34359824064706473;0.48;0.4679309026216126;0.46;0.34845945359761915
0.24;0.31039713787809803;0.32;0.21161380119120604;0.2;0.27823347431372186
0.32;0.2982235519431195;0.42;0.4730522101797587;0.28;0.3014871548288261
0.5;0.48965995271071056;0.2;0.1284394062745972;0.26;0.25034949517069466
0.14;0.21961862657966041;0.7;0.5426285898911802;0.3;0.3422105837567094
0.52;0.37638960539064276;0.12;0.1667547943164906;0.2;0.23539213999560987
0.24;0.3263897697710269;0.32;0.19194580881821405;0.14;0.262773126922574
0.76;0.6750159929986512;0.2;0.2833584880695618;0.26;0.1759772629190613
0.76;0.8101546349913338;0.2;0.2264902820044547;0.46;0.21490489571289745
0.4;0.4786906077286976;0.42;0.36693821736419724;0.1;0.20498920809304538
0.1;0.4117572909237947;0.86;0.4312217278928672;0.1;0.23120966182697972
0.2;0.4156215131185756;0.36;0.4284349431864726;0.12;0.22476285126959455
0.2;0.1999617669891644;0.34;0.3062808185905132;0.3;0.32816216854257535
0.16;0.193177695987009;0.28;0.2530431186343803;0.3;0.3036749826558625
0.22;0.2821024395861175;0.34;0.2387234537726452;0.22;0.29136799173767175
0.2;0.21009919921949355;0.26;0.266000262389903;0.36;0.31663856454007716
0.52;0.4198825819425502;0.24;0.392087154595074;0.22;0.22365987936087267
0.58;0.5266907134680234;0.26;0.3449441399909888;0.18;0.19550995574150593
0.14;-0.02496555003900386;0.34;0.42186643455181433;0.42;0.36044233125074415
0.54;0.40176845510355513;0.24;0.38256502629530525;0.32;0.24595863891874986
0.4;0.4292311299149049;0.48;0.41893766427908624;0.24;0.29813455223072
0.28;0.3750079751070811;0.66;0.446494309062427;0.26;0.3552273564491549
0.36;0.39669714263577277;0.48;0.4207339359381404;0.24;0.2781372325548253
0.8;0.6494398496031246;0.18;0.3287582486324067;0.36;0.07600294302240146
0.6;0.5418448134745926;0.26;0.3589101256011314;0.3;0.23447080675216997
0.1;0.2603620495936713;0.26;0.1802381534825624;0.14;0.2922295003549627
0.74;0.6471192270452713;0.24;0.2818307035294268;0.22;0.1134429483801887
0.6;0.5502541447082689;0.28;0.37770124974511937;0.48;0.34428904130376653
0.3;0.34353563801678416;0.28;0.18910538705925323;0.24;0.2727409828212251
0.36;0.33026234327302156;0.34;0.4540382569411752;0.28;0.2885188456180919
0.56;0.5155285630428741;0.42;0.3442828341079081;0.22;0.18177632308887498
0.36;0.3604065267022631;0.2;0.17403155876355275;0.42;0.28961431679387944
0.42;0.364708951742356;0.14;0.1490467708825754;0.48;0.2673288049217524
0.44;0.4668949250376186;0.46;0.39278551026283676;0.2;0.2976712074299917
0.28;0.2615198779676821;0.24;0.26759669271716807;0.46;0.35463463205854057
0.28;0.3667016656720807;0.66;0.4516512432927751;0.28;0.36472805989308826
0.12;0.005759883059184012;0.48;0.6858889619770274;0.44;0.38845408655470864
0.32;0.38768202467540797;0.56;0.447122944633809;0.26;0.3217941056998717
0.24;0.20022937786354927;0.46;0.547204037874824;0.42;0.365330418063226
0.12;-0.005265693693191242;0.62;0.6749511777540631;0.46;0.4030785551700396
0.58;0.4471378778286527;0.14;0.153467588779385;0.12;0.23110657993492995
0.7;0.644016074924435;0.28;0.27827257069188954;0.34;0.116259860258146
0.64;0.5435086426594438;0.18;0.31638854093297536;0.24;0.18672452351793029
0.5;0.4571557920556992;0.36;0.4006404302012531;0.3;0.2697079162952241
0.68;0.5837940151301335;0.18;0.33439476215474034;0.16;0.1715978496271396
0.1;0.10407178799444833;0.66;0.6170110089994312;0.32;0.3469844217894745
0.58;0.4691204350664859;0.14;0.1392887805290452;0.24;0.23703507933749451
0.1;0.1142378279528235;0.64;0.6163003331599024;0.3;0.33895431855148234
0.46;0.5057308580573474;0.22;0.22618656034446433;0.42;0.41433094455663794
0.4;0.45615557549459024;0.28;0.3848393315434239;0.12;0.20893919821375478
0.44;0.3596103841254183;0.32;0.4229962596467815;0.26;0.2636468890846109
0.62;0.48463676635268377;0.18;0.2704765987029392;0.28;0.36368557560872633
0.16;0.3933072912194306;0.4;0.4407441617542826;0.12;0.2255612184386982
0.26;0.21283327633184496;0.26;0.32463563409119117;0.46;0.38270078256164114
0.3;0.34584283095606033;0.3;0.20575535970730946;0.26;0.288665310416973
0.16;0.3450256069152437;0.4;0.47203528040887993;0.16;0.2502106764002923
0.36;0.30359069363813135;0.46;0.45197348411972965;0.46;0.3402288942379093
0.42;0.2720633468914328;0.32;0.4739904513614302;0.4;0.31392573920838546
0.3;0.31426949921078656;0.1;0.15026469419239125;0.24;0.2759531819097943
0.5;0.3452323052362362;0.3;0.3975298803872985;0.48;0.30307101047076573
0.62;0.5565751539494623;0.36;0.3194503258021482;0.28;0.1628783037648836
0.18;0.41160885306659506;0.7;0.4378060167053603;0.12;0.26326764511791284
0.22;0.3967120654389162;0.74;0.4350943641618968;0.16;0.27611130205089923
0.42;0.4027470968844599;0.56;0.4046464341193364;0.32;0.2563019076368596
0.6;0.6166386866776479;0.12;0.02670486376157183;0.5;0.28549710822019053
0.16;0.04040508869560683;0.38;0.6660752249159279;0.5;0.40154454728218797
0.46;0.47934163685301606;0.52;0.3666067790480337;0.16;0.20060759926579325
0.2;0.18045472612765207;0.28;0.3017528914498612;0.38;0.33301912163736264
0.22;0.2757024249675674;0.28;0.22211370328359653;0.26;0.2894224336515832
0.64;0.5311117850997202;0.12;0.14781398240760962;0.1;0.22860645584917366
0.48;0.5089217325760236;0.18;0.11393161711896121;0.46;0.30844998633959536
0.54;0.4947462585800328;0.4;0.36813724244950413;0.36;0.3594251535503679
0.74;0.6476620757462521;0.18;0.3025839704512678;0.18;0.24961308381543917
0.28;0.3258239344236899;0.5;0.4529902799561311;0.24;0.2946438065822142
0.48;0.4973165802048675;0.46;0.3654538826580492;0.16;0.26226828024206045
0.32;0.36672363010274517;0.3;0.2115764293793589;0.28;0.3026231493135461
0.26;0.3022422039824499;0.58;0.4875926160155721;0.36;0.34198460576496276
0.46;0.4366391249018517;0.36;0.37786123287634305;0.22;0.2429906025228084
0.12;0.12431245249223205;0.72;0.6067541142926829;0.42;0.38478651597210517
0.14;0.41742568816649833;0.76;0.4297581564514708;0.1;0.2611759117608648
0.3;0.30239526651818655;0.32;0.3357486030851326;0.34;0.3981744734421318
0.5;0.4715412755653687;0.26;0.3705755085689029;0.12;0.19345539523899818
0.1;0.26090264943909397;0.66;0.5190911369873767;0.18;0.27628611989375346
0.68;0.6257577690313034;0.24;0.31840921292384466;0.26;0.31610920660265324
0.14;0.0034576636392379956;0.58;0.6659695066938021;0.5;0.4136103503006146
0.5;0.35848414497426057;0.28;0.40573256207004055;0.36;0.2732629826013869
0.36;0.23286022610557583;0.36;0.5062276126626022;0.46;0.3443469686856054
0.38;0.22937598323931957;0.26;0.5074623060836554;0.5;0.45975221097429847
0.64;0.5700420517397331;0.22;0.3412338050578693;0.2;0.191897486539296
0.14;0.1968774676329727;0.1;0.15092676001997357;0.26;0.40081719141085786
0.1;0.19364426846454624;0.34;0.25930287441986416;0.24;0.2862129250960371
0.8;0.5901709912808915;0.14;0.3348748043241661;0.12;0.19199276591518727
0.1;0.15276524000943342;0.24;0.2604522168464755;0.36;0.31245308946837286
0.22;0.25266031059688715;0.12;0.18226709177542305;0.44;0.3217589696147441
0.3;0.3435501327078236;0.4;0.4523645855575689;0.22;0.27923972969118355
0.3;0.363190633872908;0.46;0.4364353933467178;0.18;0.2642977358194108
0.34;0.323918084181485;0.1;0.15554240151385562;0.3;0.2657388710097513
0.3;0.3205008068072243;0.12;0.15183963538492135;0.12;0.2674645207649667
0.44;0.2713624685104345;0.32;0.4632008989653687;0.44;0.31812400529718504
0.18;0.2905701111392582;0.3;0.19398705285668133;0.14;0.27018201924878144
0.18;0.18515111117721678;0.12;0.2072703278529821;0.5;0.35178304589144377
0.54;0.4053737769916405;0.14;0.16042991448919658;0.14;0.2325837660099231
0.56;0.5150908747817107;0.28;0.3512240620343054;0.18;0.20140279394985244
0.28;0.38321824515762754;0.7;0.43206345812276764;0.22;0.2644609302563828
0.44;0.34086573586582575;0.38;0.4172755209088271;0.46;0.3193228309847021
0.68;0.6417456342018721;0.14;0.20921041710364205;0.12;0.32794583204116373
0.34;0.2946725400465035;0.46;0.4520907356023544;0.4;0.3299106367020413
0.54;0.4818076636517527;0.34;0.4024760730927334;0.4;0.32777860498546035
0.12;0.2810853511608877;0.5;0.5106696675826867;0.18;0.26761597655222774
0.4;0.37456750719261106;0.48;0.45544829952306837;0.42;0.3638009636480098
0.16;0.08080961554686067;0.52;0.6244601404696761;0.46;0.39670812678849204
0.22;0.2845743641214577;0.18;0.177763054725197;0.26;0.2896686239502691
0.6;0.5204306064683581;0.24;0.34425410846120624;0.36;0.2355952256262191
0.18;0.41070433725133676;0.48;0.42590202805596794;0.1;0.2254382890600431
0.22;0.2523046265490391;0.72;0.5345399605422017;0.5;0.45676264864379507
0.36;0.33230419114080395;0.6;0.4550118946352579;0.5;0.3651089624212665
0.52;0.4663132665540137;0.36;0.4084829882702928;0.38;0.3252844221825902
0.48;0.35955097242729445;0.12;0.16666350310391914;0.12;0.2385527052518333
0.38;0.42098647603730094;0.3;0.4047209763678919;0.16;0.2319090581367496
0.24;0.27977946658113256;0.52;0.4930540272107627;0.26;0.3131281880649324
0.46;0.3148115020876527;0.26;0.4513551957018646;0.36;0.28731410959128484
0.16;0.0890134808388276;0.56;0.6174055269365128;0.42;0.3866142531518398
0.14;0.28664912007702154;0.76;0.5193978213424335;0.24;0.3705049271640553
0.46;0.3577637418108243;0.12;0.1609579862326132;0.28;0.24422754410630804
0.74;0.8602613399872918;0.14;0.2721311378687012;0.5;0.31077744273433355
0.14;0.4135088047745376;0.82;0.4227519878068949;0.1;0.2376216892498056
0.44;0.46673782099204936;0.38;0.3681045605429108;0.14;0.2164376863595328
0.38;0.45038641522353523;0.52;0.40430183148560556;0.18;0.29623897516019243
0.28;0.3542653334213159;0.54;0.4398614245952041;0.24;0.2942828379023999
0.24;0.31443132974908367;0.66;0.504996362170492;0.36;0.41122383166021154
0.5;0.35933635437992856;0.1;0.16698668859195925;0.14;0.23791219316171125
0.16;0.06587255883061366;0.56;0.6312955841800847;0.46;0.3985012242260125
0.5;0.4260958675935515;0.38;0.43378954842394873;0.5;0.36989462699596404
0.4;0.39545502849617237;0.36;0.41101784284771575;0.18;0.24340229766109106
0.74;0.8426646612008255;0.16;0.2619693917884684;0.46;0.41042109449790504
0.1;0.12043324844396047;0.72;0.604446114589757;0.38;0.3665429437685069
0.68;0.6336706093515125;0.22;0.3299281908930664;0.3;0.305664170572384
0.14;0.23888307416832538;0.28;0.20824542632813087;0.2;0.2863907884990083
0.3;0.3204252764325825;0.14;0.15866476031664262;0.22;0.267276445643911
0.46;0.4178751454982607;0.22;0.15460034231088543;0.14;0.2373395116121762
0.28;0.43489497479663236;0.6;0.4178070630657053;0.14;0.2663361699301126
0.26;0.28116363763412683;0.1;0.1666219440164452;0.48;0.30779189968865156
0.16;0.31069720994940003;0.6;0.47885671354264653;0.16;0.27256363766487995
0.28;0.22964489281062733;0.32;0.4069991358846065;0.38;0.43809660947533674
0.58;0.43211092370009635;0.2;0.3628881134464485;0.32;0.229032715104089
0.66;0.6166391298903742;0.16;0.22360050590031805;0.12;0.3335726005468916
0.28;0.23064997622744182;0.36;0.5256003872656179;0.44;0.3520849680242995
0.5;0.36092277822103974;0.1;0.165634353440487;0.26;0.2397251783746333
0.76;0.6638890674974547;0.2;0.2880338555865027;0.24;0.17287855424897375
0.32;0.43654388136468086;0.42;0.3982926234492427;0.1;0.2165129813059528
0.46;0.2683977199278293;0.28;0.47186059317921897;0.44;0.31218394269159605
0.58;0.7339332534460199;0.18;0.08686060470807838;0.22;0.27673039694112506
0.5;0.4846312802401315;0.26;0.36478645565876605;0.1;0.18556011744295292
0.22;0.3812169281307784;0.36;0.448941497273939;0.16;0.24916591245525327
0.64;0.5782011133722633;0.24;0.34316167628707733;0.2;0.21853587317841688
0.28;0.3512636871214487;0.66;0.4611542541463273;0.32;0.38224245171964727
0.24;0.29954274458998914;0.14;0.15746688655272062;0.22;0.2875674193182745
0.12;0.11620890148083268;0.84;0.6128261231569454;0.48;0.4167877401879308
0.14;0.29051046478198267;0.38;0.5074980313946049;0.2;0.2629612796429824
0.34;0.34431097270255034;0.54;0.4757670090091222;0.42;0.3736996583490387
0.86;0.5542626919155393;0.12;0.3093222131598497;0.18;0.09818664379272152
0.52;0.44089146655463657;0.22;0.37625140491729553;0.32;0.4141794380091382
0.62;0.543786567868193;0.14;0.14182311722775637;0.1;0.2304122362933248
0.24;0.28159791433866327;0.64;0.5287982778358347;0.44;0.4026448453989984
0.22;0.2774844932929696;0.16;0.1765737196487019;0.3;0.297396284420322
0.26;0.2315832583038377;0.34;0.5348158727388437;0.42;0.34830353109166184
0.42;0.34076236095335205;0.1;0.16149110640761616;0.1;0.2471714865750157
0.4;0.35634774096720595;0.36;0.429900140174514;0.24;0.26784689253199817
0.62;0.5779442110015125;0.28;0.3441185985918184;0.26;0.2956768141122757
0.3;0.3290661733769384;0.2;0.16930916107628208;0.22;0.26211484617311515
0.2;0.35086906599110596;0.48;0.4622894574258735;0.16;0.2653481246371348
0.24;0.4446556381360904;0.6;0.4030878576379833;0.1;0.22876652777024648
0.24;0.2344357887815371;0.26;0.2738957923159016;0.4;0.33345873717902125
0.22;0.2449949080517883;0.26;0.2466385117020758;0.34;0.30873890821526745
0.48;0.4267510555827882;0.44;0.41606872143440593;0.48;0.45883449401595927
0.14;0.29294223560393523;0.6;0.49163281770951556;0.16;0.27177117350264896
0.18;0.2897674790540338;0.42;0.5075257615819455;0.22;0.28958748287252606
0.8;0.5903794692732978;0.16;0.332690734358044;0.14;0.15815372413168577
0.26;0.31278211635751346;0.14;0.15258312805050794;0.14;0.2757556309009593
0.26;0.2900331711781427;0.54;0.47212390082808525;0.32;0.32765313335982343
0.54;0.5043477111092975;0.26;0.34495716859702114;0.12;0.18445111526987917
0.26;0.40883668589743366;0.66;0.4331118626182731;0.18;0.3312738047147397
0.36;0.3204097643232308;0.48;0.46229949343124827;0.46;0.34219069381053574
0.24;0.3197137827661282;0.26;0.17863684720647427;0.14;0.26265424585512337
0.26;0.3203942978102871;0.2;0.16594243546475046;0.14;0.2640359489579352
0.5;0.5188528162329404;0.4;0.3620613779506359;0.12;0.2342065518523802
0.54;0.4997889395491614;0.32;0.37636534491791634;0.24;0.2362975973986599
0.52;0.4342666031401616;0.18;0.1525943807013433;0.14;0.23345498900400857
0.24;0.28033757676260745;0.68;0.5218186452289473;0.48;0.4745803107085456
0.6;0.5623686268695065;0.3;0.3550300074792457;0.32;0.33493627585186575
0.16;0.2576300509031963;0.12;0.1390319588836491;0.14;0.3459603470308599
0.16;0.25285594551147444;0.7;0.5397874447395246;0.3;0.3491727006923809
0.1;0.26973232890505433;0.3;0.18591747060089298;0.12;0.2786989204184592
0.78;0.5856370400459887;0.2;0.32446230412533533;0.1;0.1289157866510982
0.26;0.31679191353491615;0.22;0.17654657797284107;0.2;0.26811175804946347
0.14;0.3688941864919106;0.48;0.4520450526055994;0.12;0.23309286961965286
0.36;0.3290614377452152;0.1;0.15772244866177093;0.3;0.26143510684888854
0.36;0.3788553055960839;0.28;0.17083478823178816;0.1;0.24178790563460867
0.3;0.3363605904637545;0.22;0.16747150638249947;0.14;0.2542275309407485
0.54;0.44496413615970515;0.28;0.36218593587725506;0.34;0.25223132084700867
0.24;0.38881347648125225;0.74;0.4346975396368154;0.18;0.25679669956594525
0.34;0.40832819513132684;0.5;0.4153262564108748;0.2;0.266086994040939
0.56;0.5078855895617911;0.4;0.35069434753754875;0.32;0.2605013037202815
0.84;0.5684170380886318;0.12;0.3257098851843759;0.14;0.15435448177110006
0.74;0.6191644979604447;0.14;0.3204420642178471;0.14;0.1767355922707941
0.4;0.4326358162937047;0.24;0.16641452650416938;0.34;0.2978635907546155
0.24;0.2607661772679217;0.5;0.5087682496547652;0.28;0.32144186201003594
0.62;0.4115641715916369;0.18;0.30653852211507165;0.36;0.37409153004597245
0.34;0.4445259639175851;0.38;0.3939017397231523;0.1;0.21246758022849038
0.3;0.32243743939124564;0.32;0.2952965941434455;0.32;0.368351474401087
0.3;0.35585370249512643;0.68;0.44389674266669693;0.3;0.28461930121422
0.22;0.26741045557635007;0.46;0.5118899926025196;0.28;0.321527396233285
0.52;0.38926800901261566;0.12;0.15844688413868963;0.42;0.24231183268173512
0.28;0.2833641957068937;0.24;0.2372186937325454;0.42;0.326649174495187
0.3;0.30258059385900465;0.1;0.1594259000393538;0.48;0.28820916030020444
0.28;0.424590697927609;0.56;0.41132455069465085;0.14;0.24827598246692079
0.24;0.2822094384565578;0.44;0.49963493971497736;0.28;0.31679957610675574
0.26;0.2511699556876292;0.34;0.5229089760159036;0.38;0.33601554128226413
0.32;0.318118319815239;0.5;0.45054203796353737;0.36;0.3243845789292044
0.74;0.6158554466524941;0.22;0.3033592212699217;0.14;0.16015297361845798
0.5;0.4505611411563614;0.34;0.3845426543971953;0.28;0.25215975148468944
0.24;0.3022524710285596;0.12;0.1474579688573146;0.16;0.2913251631116643
0.38;0.36479474728577327;0.2;0.16527011115716034;0.3;0.2598149148981426
0.3;0.3132470638565385;0.16;0.17305223163444144;0.38;0.27868465185232966
0.16;0.2135412939444709;0.12;0.1686866485296526;0.34;0.3534068089020464
0.52;0.4568498864640717;0.42;0.3890088832312229;0.48;0.4146178024586425
0.46;0.355892173202555;0.1;0.15435985281525216;0.46;0.25123556335962066
0.22;0.14670490134173136;0.28;0.36046824291470775;0.44;0.3762084974809517
0.38;0.33930825807350623;0.6;0.44306948212238056;0.48;0.30226644723047885
0.14;0.2225186594645689;0.16;0.17286661317722635;0.26;0.3331898249769046
0.54;0.3594977094599156;0.22;0.41538930966767024;0.36;0.2587422747458837
0.2;0.1791240218387477;0.4;0.5785669723306612;0.4;0.36138439924614746
0.16;0.1532563432868443;0.12;0.20974273036133134;0.5;0.36389335635589065
0.6;0.2820859732084506;0.16;0.4160737858009294;0.48;0.42230711095985024
0.1;0.11434138652375853;0.12;0.21994401299693106;0.46;0.41409391666973777
0.12;0.4112123376173222;0.76;0.43638787020294906;0.1;0.2441944180438958
0.2;0.2569601705734567;0.32;0.24169647700954494;0.24;0.293328695303365
0.1;0.3254391775761893;0.68;0.4742496542556734;0.14;0.2511838847509074
0.1;0.3712941062930139;0.82;0.46798637633928036;0.14;0.30555858523801677
0.26;0.28310970308538214;0.7;0.4993522639124663;0.48;0.38457834893715687
0.4;0.3687951671450926;0.3;0.4294410640691922;0.24;0.26329167982754514
0.86;0.5612241507457332;0.1;0.3107660765472598;0.18;0.14753295148605533
0.42;0.4554275128281346;0.22;0.1905304878923741;0.44;0.3779931453890973
0.44;0.3970319355796785;0.44;0.4405582971622714;0.42;0.3565656171950016
0.28;0.318281956326335;0.64;0.48989978627564584;0.44;0.4524925466080694
0.5;0.5053812939588382;0.34;0.3579375043075475;0.12;0.1958824308430201
0.3;0.3438848919953103;0.26;0.17387252146266335;0.16;0.2552366349424196
0.44;0.4440273239631451;0.48;0.4013960869460019;0.28;0.36481675218987336
0.62;0.7454804682912075;0.18;0.13843957593145306;0.1;0.31375970341183207
0.12;0.0714307056080174;0.34;0.3467637194298447;0.36;0.3201248419860568
0.74;0.8385962641158107;0.22;0.1912229448290909;0.5;0.2282254814992007
0.5;0.47348961209271206;0.46;0.3715010409120016;0.26;0.25953063336574816
0.5;0.48424072647146116;0.48;0.3629447618798412;0.2;0.19911998034535033
0.48;0.42270587004181576;0.42;0.42900060360197617;0.48;0.42229835147442346
0.18;0.13453231118963477;0.28;0.3216347934501706;0.4;0.3377426893376408
0.36;0.3040906570686028;0.3;0.47005792119693873;0.36;0.30889845021825396
0.32;0.4515696784521592;0.6;0.40007103378249814;0.14;0.29112190299114277
0.18;0.3315394594536378;0.7;0.4949278924996469;0.22;0.3289273067523473
0.78;0.6303116383785505;0.12;0.3356354993111476;0.18;0.22450564516385813
0.46;0.3496539325247527;0.1;0.16351600303642438;0.14;0.24276854128629483
0.56;0.5461059556025105;0.36;0.3431218197356651;0.1;0.22222159847758777
0.5;0.33521149566795544;0.26;0.4306867044131903;0.36;0.27507551964446636
0.7;0.6624566068022568;0.28;0.26652906906575596;0.4;0.11085327393445882
0.2;0.2391684458487468;0.46;0.5334626043918966;0.3;0.33130173259571466
0.24;0.24782694803849042;0.6;0.5246133273774076;0.48;0.3778373051260529
0.26;0.24128558428694163;0.34;0.5289417303135391;0.4;0.34220682678833386
0.18;0.26441609784889736;0.36;0.2335665897041897;0.18;0.2813252290105828
0.3;0.31211531873072457;0.24;0.2139485146902685;0.4;0.3137762239442657
0.36;0.4170493707200806;0.46;0.3986923289522107;0.18;0.2519104924710965
0.38;0.490891207149948;0.54;0.37437896409027266;0.1;0.2493543814998907
0.7;0.6208857849290641;0.28;0.29286319308591885;0.26;0.12304197732730332
0.76;0.7328387563277337;0.22;0.24843247794683515;0.38;0.07792762803457892
0.18;0.1829138813211199;0.38;0.5793380672039463;0.36;0.3468887051144654
0.28;0.1378412506785291;0.32;0.5554381538903355;0.44;0.5079992258594812
0.6;0.5647558020914578;0.32;0.34055550269152085;0.26;0.33009777057021866
0.72;0.7295194843196315;0.12;0.17368624902161595;0.36;0.33114014340054526
0.32;0.31409268587037315;0.38;0.4658714479878881;0.28;0.29825535389670593
0.1;0.36472183268931574;0.52;0.46440241122789444;0.12;0.2247905354837832
0.56;0.3972798102803911;0.1;0.1567473547924501;0.36;0.23620801065809532
0.16;0.31672462905641;0.42;0.48901501149017185;0.18;0.2653975319066318
0.74;0.7701375607516086;0.2;0.2437583386891417;0.38;0.3376114480973405
0.16;0.16417268864563556;0.4;0.5871386345010485;0.34;0.3415903846801163
0.32;0.3458838400251582;0.56;0.4749758817006459;0.38;0.3654888259900054
0.1;0.19135812923002565;0.14;0.1679460769398688;0.24;0.39155731618667305
0.26;0.2216380822137924;0.54;0.5077819458262729;0.5;0.37461496151717727
0.42;0.4023583077760528;0.18;0.14473362014181607;0.48;0.3001758250040601
0.22;0.17100117639065643;0.56;0.5508699533033554;0.48;0.38424587998784704
0.62;0.5496851353388645;0.22;0.33341984455776913;0.18;0.18369655965925974
0.1;0.2757832395699766;0.82;0.5367055913905825;0.24;0.38748290057854634
0.6;0.4411531726379569;0.1;0.14023704007726162;0.32;0.23542648184461173
0.68;0.5906996192393528;0.2;0.3359258846833218;0.16;0.19361362060738602
0.52;0.46144223808284907;0.4;0.40064550126453297;0.5;0.4721833225478767
0.46;0.38913569623578387;0.4;0.4382940805604079;0.46;0.32872931173527237
0.4;0.30189283570735864;0.36;0.45614598677684065;0.34;0.3019681051865027
0.16;0.07159627146857622;0.44;0.6409168329344928;0.46;0.39137138164673063
0.2;0.3772338997320969;0.7;0.46293748907020577;0.18;0.32568111762210267
0.64;0.5870359511714118;0.26;0.33818275528410807;0.22;0.26762538142219144
0.16;0.2690827918164806;0.68;0.5140259048490734;0.26;0.32475310743806235
0.38;0.3515913540222068;0.58;0.4422351791272728;0.46;0.3520184048166746
0.18;0.1111286289328281;0.52;0.6078680482526695;0.46;0.39308430278592527
0.62;0.5997861034205563;0.3;0.333864868564756;0.48;0.4815715649030983
0.36;0.4107696655190522;0.28;0.1902556079578281;0.28;0.29497773047890435
0.26;0.4013649026912051;0.7;0.42774860499661;0.18;0.2809640476084985
0.46;0.3659156002731689;0.14;0.16016687665844082;0.3;0.24485339276684842
0.36;0.34289893129927734;0.44;0.4276838754088154;0.3;0.29668905523570915
0.2;0.28084887315323986;0.18;0.17213961329426913;0.22;0.2926528240450877
0.68;0.6811510551420834;0.24;0.30669106905537785;0.44;0.45923141047138133
0.26;0.25843464925442;0.3;0.29193842132688624;0.36;0.35129961953154437
0.62;0.4853293479611939;0.12;0.1457181519759893;0.22;0.23581322252581943
0.64;0.539520986514807;0.18;0.3120773509963423;0.3;0.1985737092717335
0.16;0.18954174413423103;0.7;0.5818665046873515;0.42;0.3911558797742983
0.1;0.10836588117684681;0.44;0.6477132901357723;0.32;0.3204964383715519
0.16;0.1685092588027503;0.2;0.24146411888889946;0.4;0.32436429592822963
0.68;0.647756264540754;0.14;0.20816657748464418;0.1;0.32679423748829445
0.34;0.4471412076896059;0.58;0.4024317796919921;0.16;0.3036703005826445
0.38;0.33480431544453787;0.1;0.1593796292243876;0.48;0.26603382934149084
0.14;-0.04460049626657253;0.3;0.4226714773875175;0.48;0.36365578097300416
0.42;0.2642068651449409;0.34;0.4698412783308212;0.44;0.323984421716836
0.68;0.5840678290131807;0.26;0.32316429183907663;0.12;0.20088391708922076
0.14;0.2640981682212204;0.18;0.15516748265896102;0.14;0.31397541793625466
0.18;0.19899698908027047;0.1;0.18324796595157672;0.48;0.3612271228413944
0.32;0.44536373210834207;0.64;0.39542398415994534;0.14;0.2479688839232344
0.72;0.762348283736572;0.24;0.22454330539508954;0.46;0.22706690683042213
0.82;0.6222353537431846;0.12;0.3399431927651185;0.28;0.27685528372357654
0.22;0.24194916322407306;0.22;0.2343349105753348;0.38;0.30995142084045485
0.32;0.4382272760061727;0.62;0.40375569686103324;0.16;0.2902874838606087
0.18;0.12748997109976495;0.5;0.5995224493647902;0.44;0.38619428222397817
0.14;0.08695828054966731;0.2;0.2853537799629849;0.48;0.33987103618682385
0.46;0.3691344975815844;0.26;0.4248342924026091;0.26;0.25489133670469416
0.16;0.2551071291718838;0.26;0.19960939248273685;0.2;0.28606670936084116
0.38;0.3470221850396366;0.58;0.4446723484693635;0.48;0.35678691345525865
0.26;0.425328089100623;0.46;0.4106334143828542;0.1;0.22396088506282213
0.18;0.2661995940901664;0.58;0.5067685501469124;0.22;0.3049932084631904
0.42;0.3533280727799723;0.14;0.16025181359719604;0.26;0.24821122016898572
0.18;0.20482705870872148;0.7;0.5834675515031633;0.48;0.4297180582958396
0.2;0.19611836260768117;0.24;0.2710888507148889;0.4;0.32398988662270783
0.42;0.4008572958664371;0.4;0.3970818364646677;0.26;0.2688072121457444
0.32;0.3208882239824737;0.14;0.16495844405430854;0.38;0.27234241027560474
0.5;0.4059928520817732;0.14;0.14936887670996019;0.46;0.2531271909329425
0.56;0.4219064400936989;0.12;0.1473881720665557;0.32;0.23640398524885514
0.12;0.10364403496755975;0.26;0.2956018639882472;0.4;0.3186167013090709
0.36;0.3986917385309325;0.36;0.41783663084757144;0.16;0.2409267548327057
0.76;0.6766227214341589;0.1;0.2953585623595824;0.2;0.3557718616285604
0.58;0.42274098176338065;0.12;0.1566655622151914;0.12;0.23068887208444183
0.74;0.7058579661905842;0.16;0.29600112022726915;0.28;0.2816667170861172
0.18;0.3254257882285036;0.8;0.47764663383971157;0.22;0.28178072454506436
0.6;0.8406846388400593;0.16;0.05561509980016849;0.32;0.35584183819613374
0.46;0.4240405705604943;0.2;0.2803059760380819;0.5;0.43379066083778556
0.24;0.3776908118970838;0.68;0.45618142332293127;0.22;0.36151171716840397
0.24;0.29851406073783265;0.1;0.14232959867943912;0.16;0.29990237681641135
0.72;0.6753050905823661;0.16;0.3116043879897596;0.28;0.22363935831356857
0.5;0.4794763436997857;0.36;0.3855862853235949;0.22;0.24164493480441168
0.14;0.06619133315019815;0.26;0.3240091085423468;0.44;0.33425546761087604
0.42;0.365000479628043;0.28;0.42850922720884826;0.26;0.2644933423457437
0.28;0.30424444011489954;0.14;0.16775405247269254;0.36;0.28321442314163564
0.22;0.2644165679782004;0.16;0.18840837595255538;0.36;0.3045968662223784
0.32;0.3875617538481026;0.6;0.4406328561336082;0.28;0.3802184019343278
0.36;0.4782714648646757;0.62;0.37370495005867915;0.1;0.19936072091260032
0.28;0.439631351160713;0.64;0.4105655582411249;0.14;0.2972731092731698
0.34;0.4321908263357945;0.44;0.3925226977956285;0.12;0.22550418009176726
0.1;0.1579951841499449;0.18;0.2276623384687037;0.38;0.34125044293294154
0.48;0.4274840607325083;0.2;0.14978271682427796;0.2;0.23997563298181662
0.72;0.6411135898535265;0.22;0.29688770995705166;0.2;0.2340811835844568
0.4;0.456507290202343;0.58;0.3818289672558712;0.16;0.21622993369540838
0.2;0.22681333757057603;0.18;0.21818949978222552;0.4;0.31627908946207756
0.24;0.15184475251721902;0.5;0.572710694647762;0.5;0.3871365921095942
0.42;0.34813841953248453;0.12;0.15896971806373567;0.3;0.25023207966501376
0.24;0.3538118853008309;0.62;0.4726689643665926;0.24;0.31141965621033224
0.1;0.39367396874604194;0.82;0.45182135446663413;0.12;0.28610890298621344
0.1;0.3302047154723213;0.82;0.4975997675969153;0.18;0.341154033107336
0.3;0.32391726297527396;0.16;0.1618874789540859;0.2;0.2638481774371107
0.22;0.22282187408941806;0.3;0.28609497819938107;0.34;0.32789327842824806
0.48;0.35915567353850947;0.12;0.16697222811733176;0.1;0.2380915144580405
0.3;0.32410801808469997;0.14;0.15513805436833145;0.1;0.26235031265176817
0.78;0.6399704051884336;0.12;0.33603353244659945;0.2;0.23555981110832308
0.48;0.4275380112861977;0.38;0.41717912028649934;0.36;0.2949959595104437
0.36;0.30876557604882987;0.34;0.4654173971089624;0.32;0.3023240388321105
0.44;0.34763496149176837;0.1;0.15842279879444182;0.32;0.24851849105782892
0.66;0.6009887089335277;0.2;0.3452567530761876;0.38;0.2295789977237624
0.2;0.17801966051544021;0.54;0.564132488018428;0.36;0.35948285244112116
0.56;0.529773742180512;0.38;0.34872931311578065;0.22;0.2810513478061259
0.26;0.39491191215896543;0.68;0.43682714586075894;0.2;0.3266482012684682
0.38;0.4506414500609039;0.36;0.38831857602504377;0.1;0.2076002826130639
0.26;0.4446898849434128;0.56;0.3944051089867578;0.1;0.22543547891000687
0.1;0.21840530519776963;0.72;0.5438053087123025;0.26;0.31694724113750455
0.6;0.5527879076923508;0.28;0.365190016547644;0.34;0.2879152648250943
0.58;0.5159297910753089;0.28;0.37470375490553204;0.36;0.26017260345535137
0.54;0.4036156883055095;0.14;0.16155582001139085;0.12;0.23202023168152325
0.44;0.513313731809627;0.24;0.12212722891878974;0.3;0.2934881066641913
0.1;0.2554997370516349;0.5;0.5401098623035385;0.2;0.26920692766712323
0.18;0.13023105057709444;0.34;0.3474771379565264;0.34;0.3440298955763615
0.38;0.22588606213868595;0.36;0.50498616152667;0.48;0.3453824110875799
0.24;0.4559159000544876;0.68;0.4026312748679098;0.1;0.2666933980311433
0.26;0.3447856369832933;0.54;0.44368296223556275;0.22;0.289947744034925
0.14;0.18174695854972817;0.52;0.5636153333312675;0.28;0.32903909585427643
0.18;0.22123375871390144;0.1;0.1668616846132271;0.4;0.35586769950674496
0.42;0.25339868500262436;0.28;0.4837517156173308;0.5;0.33573988990142484
0.68;0.5949470449507677;0.14;0.21880529144965638;0.26;0.3355284167366746
0.48;0.4681455892643151;0.44;0.38979901325239547;0.28;0.3595777036841517
0.6;0.5287362452337143;0.38;0.32496077084536296;0.46;0.19143565261759138
0.36;0.38266792097024965;0.24;0.19254777804114348;0.38;0.3109079580857133
0.22;0.2995441183457023;0.16;0.15704327481036678;0.16;0.2859910129233106
0.36;0.3877247558923151;0.48;0.4256108388981575;0.26;0.28551391821444755
0.32;0.3242146764801654;0.12;0.15496358847264818;0.16;0.2631292569485409
0.48;0.4104963742800531;0.16;0.14610362272643634;0.42;0.2574449595423181
0.18;0.24766033751785493;0.2;0.1959319929775702;0.28;0.3017276359942818
0.36;0.2999468634676334;0.26;0.42531246294474884;0.46;0.4665960654881181
0.14;0.17814629186698933;0.68;0.5510258732415099;0.34;0.35619005533358733
0.32;0.2371182997841898;0.42;0.5059326902513972;0.4;0.3390993151367275
0.16;0.2870943219976649;0.32;0.1933022601074061;0.12;0.26810185750448584
0.1;0.05054892869557531;0.32;0.36976294146161265;0.42;0.3161661279084554
0.24;0.2853751226192817;0.24;0.20891584225243737;0.3;0.2899581990763798
0.16;0.08413153929918521;0.38;0.6390395943020784;0.44;0.379915775272294
0.34;0.4223699316819613;0.4;0.4049699030735893;0.12;0.225083017203132
0.58;0.5394904125902851;0.12;0.06910627673281405;0.5;0.2608769591498606
0.3;0.31441285179309214;0.14;0.1643327423914112;0.34;0.2747884625049642
0.32;0.27416613440167764;0.5;0.47216939277430053;0.5;0.35745205462504176
0.42;0.3340804953965583;0.32;0.4433845700200549;0.28;0.276969943657071
0.44;0.3553804394454418;0.34;0.41395854566697293;0.3;0.2761881859076843
0.32;0.41916802771951794;0.54;0.4214011674106481;0.18;0.26694820146111115
0.76;0.6331811639626197;0.2;0.30090604221780665;0.18;0.1640210256400883
0.24;0.2754891901520719;0.58;0.49130777428351385;0.36;0.3454867293368081
0.22;0.2901707291010284;0.12;0.14942010874161654;0.2;0.3034071778439254
0.34;0.36234054864484805;0.26;0.17148570931980472;0.16;0.25014231595834874
0.26;0.3126528039008109;0.2;0.1742505391923918;0.22;0.2715267225119034
0.38;0.35901711594944413;0.2;0.1656008578266986;0.2;0.2489698922939701
0.46;0.35697631098283605;0.3;0.42279801236018383;0.28;0.26431059667946416
0.54;0.4600036800865179;0.18;0.1495257958042046;0.14;0.2341465824327989
0.1;0.1633086829345915;0.34;0.28385995435691364;0.28;0.29230373903179
0.26;0.30996237892076833;0.12;0.1480512944981091;0.14;0.28174398685920027
0.2;0.26477312091873956;0.76;0.5204282515070378;0.38;0.37417699901423435
0.24;0.22081190794357325;0.38;0.5439095899900428;0.4;0.351556634818393
0.42;0.3467191494667811;0.12;0.16074977565406062;0.22;0.24780481044145392
0.4;0.38554361593779046;0.24;0.16590747450837967;0.16;0.24416041186842735
0.24;0.27980315856642085;0.12;0.16761178308550467;0.38;0.30512140874835497
0.16;0.2738306638806349;0.54;0.5066298387794077;0.2;0.292981981361538
0.2;0.36282704849240294;0.74;0.463249321625054;0.2;0.33664070190234613
0.76;0.8353223541899044;0.16;0.2608566581084188;0.44;0.47624515820424934
0.16;0.28078080342249895;0.16;0.14453069820367498;0.1;0.3120307965886609
0.28;0.287979052417685;0.58;0.5103595484586574;0.48;0.3755030036223373
0.54;0.520589927020694;0.42;0.34806843639292123;0.16;0.21052814256657287
0.42;0.42914273245579765;0.2;0.1533389155982538;0.46;0.32855911824197565
0.2;0.21862116433570628;0.16;0.21719872755741848;0.44;0.32452682503242786
0.32;0.33523414169666016;0.2;0.17008580733968598;0.28;0.2646434053878713
0.88;0.5508764368274937;0.1;0.3199005452431692;0.1;0.10554255254981998
0.24;0.3245258017377652;0.6;0.4775265683679802;0.28;0.32043238288210235
0.24;0.2572386338034451;0.12;0.18836655447104517;0.5;0.31899526499605374
0.6;0.5637331369787766;0.3;0.36681935200258947;0.5;0.43557063420724434
0.6;0.481335539702329;0.18;0.29505648355797603;0.3;0.3818818065513914
0.54;0.39848977916656886;0.12;0.15742265039146314;0.32;0.23697941967489472
0.48;0.41598437858879017;0.34;0.38362853057102003;0.3;0.26306914165014833
0.16;0.20828332278788658;0.1;0.15873725733316774;0.34;0.3744294372369686
0.32;0.3475600812213641;0.24;0.16889571507758933;0.14;0.25042796597755684
0.52;0.5246204114494011;0.34;0.3559633289450747;0.1;0.18817139867562022
0.12;0.2430576217160853;0.28;0.20098499321509894;0.18;0.2862509528892501
0.14;0.24671735900767827;0.3;0.2090116332868734;0.18;0.2814325695232745
0.3;0.4317174821472693;0.64;0.4091383315264014;0.16;0.2934820314995
0.26;0.32592199260999494;0.28;0.18707457199236904;0.18;0.26564002485663624
0.38;0.4350883394596445;0.58;0.3978038890457089;0.2;0.2671833103373365
0.16;0.2032274583637667;0.38;0.5642761314192082;0.3;0.32011515415281183
0.26;0.42734305626383023;0.56;0.4038970023523996;0.12;0.23823771969579527
0.3;0.33051067288607844;0.3;0.24270669146884932;0.32;0.32804204167507495
0.16;0.18251721650274727;0.3;0.2679038586321986;0.3;0.30628802606123445
0.14;0.24769281021391681;0.58;0.5203272974979194;0.2;0.2945139495630072
0.62;0.6545863766134923;0.12;0.03127645095710058;0.46;0.29833307313153684
0.3;0.3092441770498577;0.5;0.4525432659182946;0.32;0.3168623892986587
0.14;0.2451591175950371;0.18;0.16778890327187052;0.2;0.31714774516684857
0.5;0.4817373938468756;0.42;0.38342964435457555;0.28;0.3567723034031323
0.78;0.5961145161132568;0.14;0.32977044469483224;0.1;0.1980547217914284
0.3;0.25411217099774114;0.38;0.502620897024763;0.4;0.3394812408452053
0.1;0.11221131327490158;0.56;0.6268477954145006;0.32;0.3405790305290451
0.22;0.41435998378333644;0.38;0.42632596984512955;0.12;0.22859270796400383
0.26;0.4484659307853735;0.34;0.4012903272711346;0.1;0.21136107542637378
0.24;0.23624084969339937;0.22;0.25430668691642905;0.44;0.32611035329622867
0.24;0.3057604890292988;0.6;0.48907092987966777;0.32;0.3344539525041262
0.34;0.34836810426637105;0.38;0.44588652013332747;0.22;0.27243705057012507
0.54;0.49387615180643224;0.44;0.35471663532989656;0.26;0.19652595308650606
0.18;0.1370163946309077;0.62;0.5701182291179994;0.5;0.3973102650946024
0.32;0.3660596352010869;0.3;0.17376909027662873;0.1;0.24527959591301057
0.16;0.27261180985246786;0.22;0.17354563968781683;0.16;0.2896671828665048
0.6;0.5058695675159928;0.24;0.3486609633853394;0.5;0.27074057137256974
0.46;0.37846329219603686;0.16;0.1574414546795852;0.32;0.24688306874887816
0.28;0.25042107336763636;0.34;0.5164044956541536;0.4;0.3380390760217216
0.64;0.5559642934077285;0.12;0.13301927063855995;0.18;0.23236855227601355
0.12;0.2334927048831658;0.8;0.55388634428486;0.3;0.4271718604760429
0.62;0.570434786593286;0.34;0.3133143945645513;0.48;0.286170236231782
0.68;0.5679355277904647;0.16;0.32776693781924865;0.1;0.15463406110196504
0.32;0.4101755990386377;0.46;0.40462661858365906;0.14;0.23980843589938333
0.5;0.3948980621953823;0.16;0.16146042002909594;0.2;0.2362941358245712
0.56;0.6602275402091633;0.2;0.119599921189041;0.16;0.25713802096391364
0.1;0.10112473051148746;0.26;0.30950352625631145;0.42;0.31386977501302754
0.58;0.6950704687467224;0.18;0.09513819611306079;0.2;0.26231938643908054
0.38;0.44598038751893804;0.5;0.4080831993760397;0.18;0.2726612518442258
0.36;0.44456913169876583;0.56;0.4039450679172229;0.18;0.3152617931287472
0.32;0.39451745692007706;0.38;0.42208518780096066;0.16;0.24669368579621592
0.16;0.14414835347803628;0.26;0.2832333818659711;0.38;0.3215498653178051
0.1;0.2034276993871595;0.5;0.5753041389343061;0.24;0.2910440874076264
0.46;0.4100726069441955;0.22;0.1588647240703031;0.1;0.23490929422958035
0.2;0.19629614312129035;0.22;0.26224738863034897;0.42;0.32472893113298
0.56;0.4190376801742583;0.24;0.3561035071005539;0.4;0.258107473153614
0.28;0.35654340161023307;0.48;0.4430351309351967;0.18;0.26839351185105814
0.4;0.48426962458049133;0.44;0.37095885810261403;0.1;0.20630751732355096
0.12;0.38985171653916034;0.82;0.44366846311503555;0.12;0.2762769399655048
0.82;0.5759215018890289;0.12;0.3350193529819015;0.1;0.18198416841120407
0.22;0.3116620941345862;0.2;0.16021995716964826;0.1;0.2710728810491992
0.12;0.39023826043817306;0.68;0.42812862110574296;0.1;0.22808816041605612
0.16;0.06102914111221763;0.46;0.645050332058068;0.48;0.3986361075564551
0.3;0.30902339212440183;0.34;0.47602124948154306;0.3;0.3022962417301143
0.16;0.15919292047384442;0.1;0.1911580314610412;0.5;0.380929426418752
0.76;0.7203049927945491;0.22;0.25448495424413825;0.36;0.08263627004175961
0.7;0.640117226240408;0.14;0.22154697266801954;0.44;0.3395709898078137
0.42;0.3415107663662981;0.1;0.16051709985413404;0.18;0.24844038432373156
0.5;0.48325093548820214;0.34;0.3686815413979248;0.18;0.21842403422223017
0.12;0.28461053338017245;0.48;0.5100132636903643;0.18;0.26422356324271506
0.14;0.19795375095314477;0.76;0.5792180185671225;0.38;0.4416957929068018
0.18;0.2670660406982354;0.2;0.1805898070447987;0.22;0.294601946037143
0.36;0.2696832933109052;0.3;0.48851066560766304;0.44;0.3316100054325118
0.1;0.021928283940754134;0.62;0.678099001759735;0.4;0.38009484044836045
0.36;0.334127543602279;0.42;0.4372284726832559;0.28;0.29141016723938323
0.2;0.28495433843000767;0.22;0.18283700296519806;0.2;0.28238687948237656
0.18;0.09921463596381458;0.58;0.605507321522762;0.48;0.3976097044866363
0.7;0.6455095807888778;0.2;0.3199194992695437;0.26;0.276708548737104
0.24;0.2848384218160566;0.14;0.17094129558458454;0.34;0.29689895590178766
0.82;0.5706184165061827;0.16;0.33251478400426343;0.12;0.12401183026797385
0.34;0.3812243401150323;0.54;0.4512897304250281;0.3;0.33444537903665067
0.64;0.56602852698417;0.22;0.3386749381582049;0.14;0.17664368463980568
0.18;0.29135648730335245;0.74;0.5169112208631581;0.3;0.41896196001163505
0.56;0.36877441321183974;0.22;0.3865615776584789;0.44;0.26997972717836577
0.32;0.4494790520153759;0.62;0.3970700942999275;0.14;0.2764020332943736
0.32;0.3011060486362213;0.36;0.4735083898736427;0.32;0.3093782250655855
0.58;0.48921702805006956;0.24;0.33903900594889785;0.3;0.22508756143017822
0.44;0.4397082950789348;0.54;0.3853080191049785;0.24;0.22944856356941218
0.3;0.3093732537277411;0.54;0.4749487526598359;0.4;0.34155589679016446
0.52;0.42194513216297097;0.28;0.36981271535363963;0.3;0.24726926235904673
0.68;0.6090507519805131;0.2;0.33767225535958084;0.24;0.22196585793390883
0.28;0.23321602644355338;0.44;0.5181725691982557;0.38;0.3436739713188351
0.14;0.28701356857928867;0.3;0.1805888849807757;0.1;0.27026428336451064
0.22;0.26272325075032094;0.58;0.49570994329293866;0.32;0.3374622131150025
0.26;0.2752752494164274;0.4;0.5017579635648954;0.32;0.32402169394162345
0.5;0.3948740857540131;0.28;0.3923851540008246;0.28;0.24933816678308945
0.14;0.1732581733686855;0.16;0.20577784294967755;0.38;0.34060572636240766
0.2;0.35857906868850503;0.6;0.44488831679954605;0.16;0.2694261663912903
0.12;0.026474285211706305;0.26;0.35265693445445784;0.48;0.3342522533251638
0.56;0.5084975259475761;0.38;0.360839925003588;0.42;0.3861198393148007
0.42;0.3462430131501015;0.12;0.16119886334305006;0.2;0.24714171051370132
0.14;0.10279851185167227;0.16;0.2535908787209276;0.5;0.3515382123342646
0.3;0.3158208026503783;0.68;0.4659970684433716;0.42;0.31335120601856575
0.1;0.3026165766944337;0.86;0.5047122371634507;0.2;0.29724087062998367
0.12;0.17222653325628484;0.1;0.1534140477419465;0.22;0.43806465799322597
0.52;0.3154268807964004;0.26;0.4167954883768325;0.5;0.3022730874621891
0.6;0.47617126491054823;0.14;0.15377905523436447;0.12;0.231856143710167
0.8;0.6440552794213932;0.1;0.3609319406247156;0.26;0.272290332978769
0.18;0.26673235101877574;0.1;0.13368953427475644;0.12;0.34491035227923833
0.12;0.19481319781375966;0.16;0.184704829545368;0.3;0.3472131223218567
0.24;0.3436118375074681;0.34;0.47079964782316647;0.22;0.2760050987124166
0.22;0.3577295726374882;0.74;0.45973664998664915;0.22;0.3083937707741731
0.38;0.32606591541757685;0.38;0.44759671019282105;0.28;0.2876657840893407
0.24;0.29194633915621465;0.1;0.1483051663689154;0.26;0.3040860017719949
0.46;0.40429112094131153;0.36;0.3899498837696495;0.3;0.2696551942206105
0.1;0.13644159244213422;0.1;0.15989099892490705;0.16;0.4916191153487786
0.44;0.34588087192113787;0.1;0.1611404825693898;0.2;0.24607278919524506
0.62;0.5383570072644976;0.22;0.33443238760499877;0.42;0.24074113497390132
0.44;0.28809473026788684;0.34;0.4409919362861863;0.46;0.3208245430352568
0.16;0.059255920206618906;0.52;0.6374267539422824;0.5;0.4079678169321737
0.22;0.2899505352117672;0.28;0.20745191401993607;0.22;0.27997079031370037
0.1;0.05786104674655296;0.62;0.6551306532707946;0.36;0.3641609945161682
0.24;0.42588921153993525;0.68;0.4232129104178725;0.14;0.30328582206696014
0.2;0.1412754211825324;0.28;0.34015108833654445;0.42;0.3539951877344541
0.7;0.7474468586051868;0.22;0.28039293743510213;0.48;0.49843346665585303
0.22;0.329775789130809;0.54;0.4670594475924443;0.18;0.2794390471038915
0.44;0.37350194801473585;0.16;0.15418797377742427;0.36;0.2532748106481853
0.64;0.5778469972865483;0.28;0.3302192023921459;0.14;0.2382544827132725
0.1;0.12191817459617543;0.1;0.17729419033090926;0.28;0.48303611376450123
0.34;0.32732351979517577;0.12;0.1587825270361915;0.28;0.26278992971379284
0.42;0.42737170157525;0.28;0.3975041860547051;0.16;0.22487360453263877
0.28;0.4305453479757195;0.58;0.4169638249488317;0.14;0.2527659982108182
0.44;0.4078173773933586;0.42;0.42518955298996924;0.34;0.30101440164760535
0.2;0.2938413760923388;0.16;0.15380051029923242;0.14;0.2930037620582438
0.3;0.19891428985830623;0.3;0.482380195486597;0.44;0.48455579087526873
0.44;0.4089323047663666;0.48;0.42251221780975107;0.42;0.4326110462520552
0.1;0.11165556298469398;0.58;0.6242783901570665;0.32;0.3430686734138169
0.48;0.4318824219679855;0.46;0.40111760408262304;0.42;0.3929836152843214
0.34;0.31322333489091275;0.48;0.45004111310377976;0.4;0.33021423045565884
0.22;0.4010494776872641;0.72;0.4368884126828167;0.16;0.30660340010982085
0.48;0.3829577261405778;0.16;0.1624082797494915;0.24;0.2398397281680565
0.24;0.4212513957555328;0.64;0.4303872685921594;0.14;0.2723951604400617
0.28;0.3303063641207344;0.52;0.4467881500828916;0.26;0.30131413343538954
0.34;0.31751333339300264;0.4;0.4609307272293948;0.26;0.28990581431688783
0.56;0.5105601130014026;0.4;0.3497566656406958;0.3;0.25413280021310586
0.16;0.1987847202132242;0.18;0.21140178679005167;0.36;0.32288840863414153
0.52;0.3770142081443086;0.12;0.16631446632306807;0.22;0.23584925022056696
0.4;0.4408568819618501;0.54;0.3983847640812351;0.22;0.3135314231716953
0.1;0.232250995017172;0.18;0.16433395985023552;0.18;0.34146909841594836
0.76;0.6219969571864705;0.14;0.3220669681220201;0.14;0.20383611791174078
0.18;0.25326355980674603;0.26;0.21291212688069233;0.24;0.28912542334109675
0.38;0.3840898756554913;0.48;0.4425696685578962;0.32;0.3099566189288359
0.1;0.03263745552307612;0.44;0.6989196327957816;0.38;0.35071833293105487
0.38;0.3984530302861368;0.28;0.16703340502721947;0.12;0.24328579983782023
0.12;0.14536377257334915;0.44;0.6022671116570633;0.3;0.3217215685071713
0.1;0.09434583683177261;0.18;0.2823725424670214;0.5;0.34121550575104026
0.48;0.38815417788910594;0.18;0.16537730449544802;0.1;0.23415032616244164
0.54;0.5764015157409863;0.18;0.10119596201489006;0.32;0.26949776334123415
0.24;0.3147350570060327;0.24;0.17770995762914427;0.16;0.26640849978719233
0.74;0.7334535600177208;0.24;0.23276974479445206;0.38;0.08600988219316635
0.64;0.7877046484033927;0.14;0.05294247474709096;0.1;0.23108385973861006
0.1;0.4044637391475427;0.74;0.4356947631942624;0.1;0.2254629746782149
0.34;0.3280002761487319;0.12;0.1580951123949043;0.24;0.26099889295519235
0.14;0.20110567310130206;0.52;0.5519107812623814;0.26;0.3192105523659193
0.3;0.3167288149520921;0.14;0.16213928447141474;0.3;0.27189771378842226
0.76;0.643731319473823;0.14;0.318418807250103;0.18;0.2241283978449991
0.36;0.3568803758906573;0.22;0.16735252168866116;0.16;0.248096205183237
0.16;0.18495001287546192;0.38;0.5759102532885396;0.32;0.3294640319970262
0.14;0.27996970076983513;0.42;0.5115413289208304;0.2;0.2720074590359998
0.48;0.4377895513184133;0.36;0.39102522855855987;0.28;0.25919185349843504
0.46;0.42240710147095645;0.34;0.37905295712584713;0.22;0.2421476789712847
0.16;0.22542460623531174;0.26;0.2216978801760366;0.26;0.29552461698598537
0.56;0.5372008110805557;0.42;0.3383214232603115;0.1;0.1612303166886085
0.72;0.5922861224778175;0.24;0.3143337678635065;0.1;0.1566934286096205
0.48;0.47524990317268195;0.24;0.1469765376907885;0.12;0.23914030047784168
0.2;0.19717235919680326;0.2;0.2525721727932814;0.44;0.32606492316433405
0.22;0.23516254991068813;0.14;0.20668756617359502;0.48;0.32441079092124087
0.28;0.41638789354234057;0.64;0.4259033368668404;0.18;0.32779015235097037
0.1;0.17908134924097058;0.34;0.27117870595199073;0.26;0.28902025900125766
0.36;0.383408235011754;0.52;0.45020740171828516;0.32;0.3383654974813047
0.44;0.44790660846366287;0.44;0.4064978573455917;0.24;0.2888441766077668
0.32;0.3148012735341729;0.66;0.46306295724808894;0.46;0.3153410991203734
0.16;0.14275822936012766;0.24;0.27622135851573687;0.4;0.3242635797790668
0.5;0.3600663147335765;0.1;0.16638053704358197;0.2;0.23894959005802635
0.54;0.4799334507703052;0.42;0.3649586836147471;0.38;0.2862032372203123
0.46;0.4453513372393842;0.46;0.4016695833994423;0.32;0.3842293932898065
0.36;0.40606488803693414;0.44;0.3997573548784103;0.18;0.2515072305522344
0.38;0.33333980582956596;0.1;0.15861134655141246;0.1;0.25323716545117053
0.26;0.29057985486129895;0.62;0.5198683363181549;0.46;0.4027263076057173
0.4;0.4044734950388517;0.24;0.16258724114434936;0.26;0.2615458168719718
0.26;0.31050396965812305;0.2;0.17670551460005574;0.24;0.27350528427063653
0.26;0.3055012911386676;0.22;0.18920325201699467;0.28;0.279616525922136
0.7;0.8128308750429765;0.1;0.0334494073928589;0.34;0.2946166702713356
0.8;0.5948613193245806;0.18;0.3311890408119779;0.18;0.11511319566824968
0.36;0.35013137948215406;0.32;0.44387625572392325;0.26;0.2785689180740141
0.2;0.24891135094023004;0.18;0.19922571292340002;0.34;0.30654672576834857
0.58;0.44744397115545337;0.2;0.35917982864933445;0.28;0.21835713313698252
0.4;0.43027614925537944;0.46;0.4125081121853538;0.22;0.2687016188116394
0.68;0.5359700806345218;0.14;0.2333216245301472;0.42;0.3427358859283656
0.34;0.4126418022103208;0.46;0.3985110186978395;0.16;0.2456169998676208
0.32;0.23959005155054508;0.36;0.5068997778683684;0.46;0.34943086583937616
0.38;0.3749172049709963;0.54;0.4469190627457395;0.42;0.43457543102486
0.3;0.42767962841122625;0.38;0.4058396771894815;0.12;0.22659185303050494
0.38;0.3425027420482009;0.14;0.16164893367237426;0.24;0.25287000687705247
0.16;0.11794394193742591;0.62;0.5830137643134521;0.42;0.38240737642151773
0.12;0.08982890981244224;0.3;0.3199039680223746;0.38;0.3167535574153169
0.5;0.4374693407216969;0.44;0.3990592857289737;0.48;0.41515742817533324
0.7;0.6817678557035405;0.18;0.3250771042152782;0.38;0.2689887359042436
0.26;0.31099246951587894;0.16;0.1615399569022004;0.2;0.2745993981209223
0.28;0.31237253831667305;0.16;0.16730731948554217;0.28;0.27455342022805157
0.18;0.2542976521571371;0.68;0.5424126288241213;0.34;0.36188514881258543
0.28;0.30733441645542764;0.54;0.46450054896596654;0.34;0.3289538553367804
0.44;0.49093388843907765;0.48;0.3730124279942351;0.14;0.27304147823480834
0.28;0.20355434055371296;0.48;0.5264809316814076;0.46;0.3642894069157548
0.42;0.4641123551407113;0.3;0.379613172365523;0.1;0.19931254293385253
0.26;0.3846145510518883;0.46;0.4345342515976029;0.14;0.24912456830980917
0.56;0.4558433785455242;0.14;0.13519649474526257;0.3;0.23859534535711818
0.42;0.44884296415452746;0.4;0.37735625895714237;0.16;0.22991458408377158
0.58;0.5076722915941294;0.22;0.3370949615980425;0.16;0.18668775481598404
0.26;0.30305089527808277;0.64;0.510176125769561;0.44;0.4331682960855004
0.44;0.39641994739823855;0.48;0.4300088944301614;0.48;0.4563269850651102
0.14;0.13077307908107566;0.72;0.6170753895588335;0.48;0.41146882365199305
0.3;0.32676822381349585;0.16;0.1590354985285461;0.12;0.2596881462620387
0.34;0.44267585603813026;0.32;0.3959039084054767;0.12;0.2176227329358787
0.1;0.12935109672909134;0.52;0.6221435340767518;0.3;0.3253173273330097
0.1;0.29972841966124414;0.72;0.49336024028988895;0.18;0.2754008511430959
0.56;0.5110962870878601;0.36;0.37507223332773004;0.48;0.4690472675802289
0.1;0.10282442485978666;0.16;0.26354213769608376;0.5;0.3554084103056843
0.46;0.3580870314971018;0.36;0.40721370783929073;0.44;0.3082285776759042
0.46;0.34995504376333714;0.1;0.16314219834242955;0.16;0.24287024520873773
0.12;0.23239222790445185;0.28;0.2086639339042377;0.2;0.2883592658018968
0.46;0.40667801128613384;0.2;0.15420051374237037;0.22;0.24292668413002533
0.32;0.32747391277343646;0.14;0.15829333259734685;0.16;0.25989644103003245
0.12;0.15558589407605988;0.22;0.2432797256708918;0.36;0.3191509651844547
0.38;0.4582778059712999;0.56;0.38985455379237427;0.16;0.2810849524132513
0.34;0.33652566250493593;0.62;0.45420758209529416;0.44;0.35505075249263657
0.16;0.22134415137800162;0.1;0.15022290528651167;0.28;0.3725527185974001
0.12;0.21032665994896121;0.76;0.5768921127839226;0.32;0.38160648255178403
0.26;0.09610419325918212;0.3;0.5388699566318378;0.48;0.5085138457186451
0.52;0.37946426006321027;0.12;0.16470427237722746;0.28;0.23703521060318083
0.74;0.7097787340814914;0.24;0.2462324177649617;0.34;0.09346259240714178
0.34;0.3994157152396542;0.46;0.4045270126604555;0.18;0.25533206249892176
0.52;0.5033510013571492;0.42;0.3630798050688456;0.22;0.2896643770223824
0.26;0.3640632396695735;0.42;0.4477116558565098;0.18;0.26694491510016777
0.58;0.4019341210753546;0.2;0.3701282728263456;0.4;0.24990399641386235
0.56;0.4752027118416852;0.22;0.3562381754335487;0.18;0.1980113656130263
0.28;0.30053770272092234;0.22;0.20413769767543904;0.38;0.29694816434223187
0.1;0.01657950623655563;0.56;0.6888470242306926;0.42;0.38271870643114797
0.18;0.41901476887381567;0.42;0.4238609995298462;0.1;0.2186442206739861
0.14;-0.20613351874373304;0.36;0.5713472605209862;0.48;0.42135016518420004
0.42;0.4782674526891017;0.42;0.3727311450993898;0.12;0.21279972046541135
0.1;0.10509062195739699;0.82;0.657533433356382;0.5;0.5233972092045382
0.32;0.2461560026792184;0.42;0.5010627613743124;0.38;0.33350200689075665
0.72;0.6461789105164628;0.2;0.30314727913576817;0.2;0.2655716177467929
0.3;0.26361880729905324;0.48;0.4801210091847417;0.38;0.3360420079249265
0.22;0.2112620755271825;0.44;0.5483163818570227;0.38;0.3556015195812235
0.26;0.26812758174238177;0.36;0.5108003122292006;0.34;0.3255145362584378
0.1;0.3599342815853787;0.56;0.46428977834374857;0.12;0.23043003990704053
0.54;0.42716459691677827;0.16;0.15543225397422783;0.12;0.23152599315408567
0.3;0.32563637727349154;0.38;0.46293330478888656;0.26;0.29315664631251354
0.24;0.4100998405689908;0.7;0.42920052564144423;0.16;0.30374023158277824
0.14;0.12438621413746292;0.84;0.5958341894029988;0.5;0.3705770851703987
0.38;0.40799171407330065;0.54;0.4263868385401058;0.3;0.38273347417091147
0.14;0.21068289577235272;0.42;0.5551214173148331;0.26;0.3043776513774708
0.66;0.6216453536967206;0.24;0.33720417777930595;0.34;0.33477915599838953
0.38;0.39673794501417853;0.24;0.173410620122667;0.32;0.28085147987348963
0.24;0.21535574500037197;0.2;0.2675712654027566;0.5;0.33994537744472725
0.76;0.6981094630451838;0.2;0.27366188513357653;0.3;0.18246111057510378
0.52;0.4498222033733465;0.34;0.4090701634961628;0.4;0.29380871736910935
0.28;0.3481002291254984;0.64;0.4705719614919321;0.34;0.4153797675963054
0.82;0.6048815526318874;0.1;0.34428671256724225;0.2;0.2639558125164632
0.34;0.3008272145341288;0.36;0.47116490634882097;0.32;0.30732908077663185
0.18;0.1703410890776757;0.54;0.571112999304872;0.34;0.35611852232723523
0.22;-0.05797203471979745;0.32;0.6427375259297321;0.5;0.5260265971225797
0.54;0.34013387739263007;0.22;0.4234702336959664;0.4;0.2702445821087088
0.86;0.5589958410079008;0.1;0.3216571159719865;0.1;0.14519574859848833
0.44;0.37242062936705506;0.18;0.1628627858190787;0.2;0.2422607002484503
0.56;0.5273802809459223;0.34;0.36751992048139753;0.26;0.3079897177205089
0.66;0.5763220279531069;0.16;0.23733203721413987;0.2;0.3407242692781934
0.24;0.20385054877809788;0.5;0.5422187833183398;0.38;0.3557001195662997
0.38;0.35350824799257435;0.52;0.4684505888965997;0.5;0.4328907663361568
0.54;0.3874376845883087;0.12;0.16518937953472185;0.16;0.23355537329951576
0.32;0.26800461589573094;0.34;0.4933157005035749;0.4;0.3311929734047175
0.12;0.17844431475933015;0.82;0.5819355530341463;0.38;0.43994708672103316
0.26;0.33287083122586986;0.46;0.46484527806951553;0.2;0.2811565807829615
0.6;0.5182279668310101;0.24;0.3449461684048269;0.38;0.24076338162912864
0.34;0.3260716642733536;0.12;0.16026240937717123;0.36;0.2667994896525335
0.28;0.35692306004921875;0.4;0.4486659467858883;0.2;0.2725109009976228
0.44;0.46756535082824574;0.32;0.37371176843293336;0.1;0.1972729352420251
0.56;0.5273335363638896;0.3;0.357838047834861;0.16;0.20252286583755025
0.24;0.31286467213775787;0.22;0.17314234860886452;0.16;0.2680345392509543
0.66;0.5866996666003972;0.32;0.3069955478804977;0.3;0.14203342410403424
0.68;0.9561632532141224;0.1;-0.06696002084176805;0.36;0.24129715723039796
0.44;0.40910292826853895;0.32;0.40041517645762165;0.18;0.23330198194614754
0.28;0.4381352720897362;0.62;0.4149441556307542;0.14;0.28461439209485834
0.1;0.0688851896745028;0.26;0.3360345810657382;0.46;0.318374530652263
0.38;0.4252403881697348;0.42;0.3891709011879351;0.16;0.23814829964086842
0.32;0.3818178964852181;0.42;0.42790442656845235;0.16;0.2500100094827565
0.14;0.2671194920999686;0.2;0.1616479522061543;0.14;0.3033029945572557
0.7;0.8476555216563935;0.1;0.02750930916343214;0.28;0.28812069769373055
0.2;0.28154618194486297;0.76;0.5097664842586513;0.34;0.3611495342473026
0.14;0.4063833834426968;0.7;0.4270530114392553;0.1;0.23225561982687198
0.42;0.32958445735032765;0.34;0.43932616825735266;0.3;0.28355256075123864
0.22;0.19503750863005082;0.56;0.5373421402463394;0.42;0.3693765763890467
0.18;0.26568648258646704;0.8;0.5146749978753955;0.32;0.31755160823738665
0.7;0.6523696426338443;0.12;0.16269455191931298;0.38;0.3274227369527721
0.54;0.49147905864748836;0.34;0.3937649917289943;0.34;0.30468611532484774
0.12;0.18720161565105603;0.38;0.2705859981472862;0.22;0.2888177921192457
0.5;0.4603393485725548;0.3;0.36241138974844905;0.18;0.21579469888593567
0.2;0.17421115850574304;0.58;0.5524521833678242;0.42;0.3742682632855319
0.22;0.30214149336909796;0.28;0.19521814581934588;0.18;0.27177481989700697
0.12;0.047740056148046495;0.26;0.3368339070164544;0.46;0.32969271696978014
0.34;0.3554088712512999;0.5;0.4445221592832798;0.32;0.310035115906735
0.36;0.45406057291949925;0.62;0.3862599186068734;0.14;0.21690397201237405
0.12;0.026988613968253528;0.5;0.6701748333129831;0.42;0.3822887675070588
0.62;0.5477943582567926;0.22;0.3336181120855723;0.22;0.19297682931920607
0.68;0.6044482953140251;0.2;0.33719892999817197;0.22;0.21471087742399592
0.3;0.29484147661237675;0.52;0.4660790088678675;0.4;0.3399085614683122
0.14;0.13304153237700883;0.32;0.2972114903090402;0.32;0.3120468165781097
0.38;0.3492881666100051;0.38;0.436065035202652;0.24;0.2729125776703177
0.4;0.438100007472278;0.58;0.39080910200898017;0.2;0.22974531255616798
0.34;0.33911677565402404;0.54;0.47918453041411996;0.44;0.37930121022294744
0.16;0.15203157455631117;0.54;0.5802478444867087;0.34;0.3572711050177438
0.16;0.372110562054299;0.52;0.44751544724709985;0.12;0.24150533525767687
0.12;0.15697219187995753;0.1;0.16484108810044057;0.3;0.4359386840214326
0.28;0.29534652638490994;0.22;0.21047913551211878;0.4;0.3033696653067031
0.36;0.3287926158717817;0.1;0.15816846600321582;0.34;0.2627189833638531
0.64;0.5926793170261131;0.32;0.30581899689483477;0.42;0.25914517261600795
0.16;0.3518599314532966;0.48;0.4627936304768227;0.14;0.2501372205558701
0.26;0.29000833409548993;0.16;0.18248873354848621;0.38;0.29219796164448214
0.2;0.22009180965147362;0.1;0.1851326547906969;0.5;0.34755180287995474
0.34;0.3066738084818225;0.44;0.45237068028624966;0.32;0.30876627056674183
0.44;0.36566747576083997;0.22;0.34566127230122407;0.48;0.44436800352642
0.3;0.3446205654608138;0.32;0.2419561770383875;0.28;0.32166554018323185
0.48;0.4326581669114293;0.16;0.13537061187089278;0.48;0.27531931182038877
0.16;0.27247659173304467;0.24;0.1802323465304317;0.16;0.2845755943590645
0.36;0.3471906441953309;0.18;0.16482532855568893;0.26;0.2561350084828283
0.62;0.5606781412831345;0.24;0.3625158816173943;0.48;0.2782053131763567
0.34;0.34507850964689063;0.6;0.4575581818800318;0.44;0.4135406358604135
0.24;0.4183937287789436;0.38;0.4210750618923987;0.12;0.22899724963310236
0.7;0.6423834579798389;0.14;0.21652013725568447;0.48;0.3393741105251911
0.4;0.24812445133870814;0.34;0.4899154920528897;0.44;0.33044335245679607
0.8;0.7629205397207908;0.12;0.3646853175295332;0.46;0.5271558358646891
0.28;0.3071350971915289;0.16;0.17282699519796557;0.34;0.28012106274925147
0.28;0.4465041859376419;0.36;0.39887152099880857;0.1;0.21357973599039953
0.12;0.29230371381596026;0.78;0.5191401485842733;0.22;0.35671061941176335
0.42;0.3473684534849066;0.12;0.15991385075709547;0.26;0.24868533954268118
0.22;0.27351024858681433;0.58;0.4897790271413989;0.3;0.33042217525137035
0.38;0.43283424242682916;0.36;0.3975820666249608;0.12;0.218432225053312
0.46;0.5077951085189782;0.5;0.35603803305263254;0.1;0.20143500965861622
0.66;0.7067225065842808;0.14;0.14276399033684847;0.2;0.31763651449928526
0.58;0.5471452011102416;0.34;0.34929571165941525;0.26;0.3330606146399609
0.46;0.43694379584455206;0.18;0.13152089048967802;0.44;0.28313904904085435
0.26;0.17164594940976635;0.46;0.5586610635135352;0.5;0.38073286218215247
0.8;0.5981973519028656;0.1;0.34623692532171785;0.14;0.20414546329771271
0.4;0.42371410948979066;0.52;0.4154157484346333;0.28;0.37007719932204625
0.44;0.4138597669786896;0.42;0.42147859288038775;0.32;0.2945191566723145
0.16;0.09913499510945173;0.42;0.6257616125487477;0.42;0.3761223285300828
0.44;0.46586481348826564;0.3;0.3772240966947556;0.1;0.19677734687592535
0.2;0.2805331758957494;0.3;0.21278927664904262;0.2;0.2795626076843965
0.46;0.29691261980101274;0.3;0.44974426308701193;0.4;0.3006977612569122
0.28;0.28101205143661784;0.16;0.20058847930062157;0.5;0.3074724396977145
0.16;0.23379023287074013;0.16;0.17729277120216863;0.28;0.3228893054254796
0.22;0.15080448750269032;0.34;0.3918456225288344;0.36;0.38830285360141575
0.1;0.3443656292892691;0.78;0.49203573322524347;0.16;0.2865756418214423
0.4;0.3587558027750492;0.16;0.15930918741638117;0.36;0.25892977639037357
0.46;0.37976426149971915;0.52;0.4099979056223388;0.5;0.2760066566399351
0.12;0.24631137864565894;0.74;0.5456210466685676;0.26;0.3308458846899774
0.26;0.3678186635381155;0.4;0.4468343592943657;0.18;0.26455402274821355
0.18;0.1960221622985167;0.34;0.2877977728318291;0.28;0.31287890472405083
0.26;0.330227533803854;0.66;0.4855634727926778;0.36;0.4281861586067484
0.36;0.4429862552700185;0.62;0.3920105212466854;0.16;0.22502375935539393
0.4;0.4311203718554572;0.42;0.3876475221224625;0.18;0.24324499057514176
0.16;0.128192156466919;0.56;0.5939434633301515;0.36;0.3664382400470912
0.48;0.424941507198121;0.4;0.42886203539022577;0.42;0.3483272665259625
0.12;0.3529140239947998;0.66;0.45135145359415046;0.12;0.24256970490936342
0.7;0.6463823996066635;0.12;0.15988446894912806;0.42;0.32765148401273253
0.46;0.399699789083417;0.28;0.40871892310743235;0.2;0.2349270305124796
0.26;0.30179713339673747;0.68;0.49589857497180806;0.44;0.42926947476368854
0.4;0.3146302594089529;0.3;0.4570810809712847;0.34;0.2980052102449227
0.64;0.5758965759893468;0.26;0.3362174221758208;0.14;0.22113686753073042
0.72;0.7480242248705202;0.2;0.26909156397338524;0.38;0.40749091695931045
0.18;0.21933719383434863;0.3;0.25450996504418716;0.28;0.3010147554003018
0.36;0.3836038087841655;0.24;0.21994650496766716;0.42;0.34998534634696116
0.44;0.31681878465552277;0.22;0.3931710493690667;0.5;0.44680304740046767
0.52;0.6527103878403551;0.2;0.16003845666773103;0.36;0.3711461482294914
0.12;0.2706555531023975;0.34;0.19891331770151505;0.12;0.2696609454380257
0.44;0.5052273644989966;0.5;0.36069237210780286;0.1;0.22858899177448594
0.5;0.4444194989255201;0.34;0.38752932874242646;0.3;0.2584048392692671
0.14;0.07462299772777542;0.48;0.6338738258650565;0.4;0.3748564645854123
0.2;0.2896001527739697;0.2;0.17176445496042186;0.18;0.2837772608434071
0.38;0.3803175542415899;0.46;0.4279057883130743;0.3;0.29464163846090147
0.28;0.21674948180463866;0.26;0.35294935527023624;0.48;0.4201920212366295
0.86;0.5595025284442074;0.1;0.3190993945165797;0.12;0.14558484156850598
0.36;0.38183940563589375;0.62;0.42373577467516016;0.3;0.2696004479772887
0.18;0.27190031030693723;0.16;0.161647365980441;0.2;0.3063251325611765
0.16;0.32939915187158836;0.72;0.49328758641035003;0.2;0.31902190788515045
0.12;0.09752828387497309;0.36;0.33271084164071024;0.32;0.31298513023293767
0.66;0.6380242469323087;0.24;0.33842155572554694;0.42;0.3855926352237154
0.1;0.19432304013049845;0.76;0.594574390916113;0.32;0.3541263501328436
0.16;0.1957762408082659;0.16;0.2041467931394531;0.38;0.33183345589850705
0.36;0.36290305253950866;0.24;0.16897664096687176;0.14;0.2459104286144856
0.46;0.3411439766828194;0.36;0.4135659179403614;0.5;0.32219783704867583
0.3;0.38793139369073043;0.4;0.42762054489535356;0.16;0.25073252149234465
0.56;0.5058090564913298;0.34;0.39159531689732047;0.48;0.42282932334393225
0.8;0.5999188849898134;0.18;0.3309860475794844;0.2;0.1116051159678611
0.16;0.18147313091725675;0.4;0.5762489471345782;0.32;0.3328732804581263
0.28;0.3370656043363904;0.28;0.18303228095480822;0.18;0.2624826181264402
0.54;0.4507127967962165;0.28;0.3606612648015783;0.32;0.24651365255088026
0.54;0.4688483119403625;0.3;0.373525113235836;0.32;0.2499659259600469
0.48;0.4020484630681806;0.34;0.38862296624932674;0.34;0.2747916874627441
0.24;0.22596898205412658;0.58;0.5190521671257635;0.5;0.3805725319292384
0.2;0.22905823167074874;0.22;0.23256838781073969;0.36;0.3092899085874619
0.24;0.25465554073454894;0.52;0.5074809726057821;0.3;0.3287227709743262
0.64;0.5990111538641212;0.32;0.30058826287158097;0.5;0.28288687507283244
0.24;0.3160103129781839;0.62;0.498323524722681;0.32;0.3423155768039861
0.62;0.5682298218698489;0.34;0.31725628806341705;0.38;0.2565879557051565
0.26;0.27426647419732014;0.12;0.18100959204381967;0.5;0.30908083447228224
0.76;0.7458972968369622;0.22;0.24213943317404468;0.4;0.07324469675788864
0.28;0.20329975129714456;0.42;0.5351750478022022;0.48;0.3682062654171992
0.28;0.19450032682347435;0.46;0.5378179925685307;0.46;0.3654209811809919
0.46;0.4915379573028484;0.46;0.373259410491452;0.16;0.2847364120953478
0.1;0.11395196503062238;0.76;0.6512647231874491;0.44;0.39912723708884373
0.12;0.16050261464240617;0.3;0.26763443505936085;0.3;0.30092876141486175
0.22;0.2990894137347088;0.68;0.517807310716661;0.36;0.41607695509823645
0.3;0.34035218519174276;0.66;0.45703349704211244;0.36;0.34253122291445864
0.26;0.2615874264285522;0.52;0.4914069593021027;0.34;0.33546668885024206
0.38;0.3541292087708194;0.48;0.4614141546017347;0.42;0.3387425475405897
0.44;0.4462668732637273;0.34;0.37741381397755663;0.14;0.21602723324151102
0.32;0.30840055503222324;0.46;0.45422763867159105;0.3;0.3072191503347162
0.74;0.7213202032590125;0.14;0.3000416466573796;0.32;0.23318976980514267
0.66;0.5815374044620263;0.2;0.3396395599578384;0.22;0.19005608023512283
0.4;0.37958451514631947;0.48;0.4520983559919222;0.4;0.35778959215411904
0.36;0.3559619371974018;0.5;0.46095566110141345;0.38;0.33237565537702013
0.66;0.6459935432017809;0.1;0.07673276157646941;0.46;0.2622490176766013
0.38;0.35423880814149794;0.6;0.43546754394659964;0.42;0.2910494074311592
0.6;0.5585374599233643;0.34;0.3334154201839779;0.18;0.2493000298923454
0.6;0.5592377850295731;0.34;0.3345931975149163;0.5;0.42537205993789146
0.38;0.3660418331178252;0.46;0.43557914382677393;0.34;0.3069517957738191
0.3;0.32612260771564;0.28;0.2264251120423854;0.34;0.3177927955715126
0.36;0.3721305577503357;0.24;0.1734806645348354;0.28;0.2669742990321558
0.14;0.1369808168760353;0.34;0.3001290301622171;0.3;0.31049063108662894
0.28;0.32468175685324646;0.7;0.4653950605949522;0.36;0.30590919704555747
0.36;0.33219347795357795;0.12;0.16295181240492568;0.48;0.2721565404333886
0.72;0.6027408296494607;0.26;0.30524958952209197;0.14;0.1283324271028326
0.68;0.7476165159414447;0.1;0.0670806003368844;0.12;0.2215946662323836
0.16;0.24564149920783657;0.26;0.20654868936406806;0.22;0.2889171481290687
0.14;0.17017815572993927;0.32;0.2700573031485241;0.28;0.30124306325174205
0.5;0.5202778023120744;0.42;0.3575745129305224;0.12;0.247236307489259
0.32;0.36996350093664504;0.5;0.42506558526706956;0.24;0.2851192514212562
0.4;0.3790082305895692;0.18;0.1570723653754988;0.44;0.28133425814449625
0.36;0.3582476424653362;0.2;0.17047994806110317;0.38;0.2769931734466545
0.38;0.3444745609084358;0.44;0.4295914319283421;0.36;0.31043123143043433
0.86;0.5756689265945416;0.1;0.24271912487945263;0.48;0.16306123246262333
0.52;0.36670632465261627;0.24;0.41504270320302034;0.32;0.25525100910770876
0.3;0.3314157927731462;0.22;0.17393749024046784;0.24;0.2641966934859417
0.2;0.2702547618024737;0.12;0.15549850461938625;0.26;0.3187955585711633
0.68;0.6143089213791704;0.24;0.3208582574787851;0.22;0.28700203146671927
0.1;0.06725258833545905;0.54;0.6597344802476264;0.36;0.35592904523978236
0.48;0.43855065842009083;0.34;0.3754841074537871;0.24;0.2435786670579097
0.16;0.12970863294684037;0.32;0.3158133073710286;0.34;0.32495094076504843
0.68;0.6200527151473512;0.24;0.3196170843431823;0.24;0.30143297960511634
0.24;0.29982908240359024;0.7;0.5007142001998459;0.4;0.4217407619547045
0.78;0.7839186309583408;0.1;0.3646738411614184;0.42;0.43465360486308585
0.26;0.21435225010436038;0.42;0.5354098892718144;0.44;0.36320112013407796
0.38;0.4131803435397418;0.44;0.39834392550102155;0.2;0.25625534160255287
0.78;0.6850693097957341;0.18;0.3021687079951391;0.32;0.18615394813190195
0.52;0.37439547012713764;0.1;0.1618709826635915;0.48;0.24325152252444499
0.8;0.7486401401037044;0.12;0.36250228352127273;0.44;0.5004209282158021
0.5;0.39296006134553946;0.24;0.41165212894011266;0.24;0.23633629403720763
0.44;0.39382324527883456;0.22;0.1623258510704832;0.12;0.23698667894777886
0.2;0.2898098453381392;0.22;0.17854454627872868;0.18;0.28019637549033677
0.24;0.3689568123407711;0.36;0.4534738023008074;0.18;0.2594708162833746
0.46;0.4688903329105824;0.48;0.3801998487348514;0.22;0.302040942538965
0.44;0.401384315076642;0.54;0.40246544857660355;0.36;0.25814503790021975
0.32;0.3217555617879781;0.12;0.15723887378983598;0.28;0.2674343685431771
0.38;0.4547654008029684;0.46;0.38791892313973747;0.14;0.230466907748542
0.2;0.2513904516069407;0.58;0.5084582230458012;0.28;0.3280655162384383
0.66;0.5781139505443276;0.22;0.33839334141814564;0.14;0.1908018571442361
0.24;0.44845710157780844;0.74;0.3986498676398637;0.1;0.216260362686497
0.6;0.5080532245007248;0.24;0.3480027409254544;0.48;0.26565102240867505
0.4;0.35191764741311066;0.16;0.16313196812284309;0.18;0.24648081932805171
0.2;0.32709776755655334;0.74;0.4869726772351635;0.26;0.3715622229660048
0.24;0.31512397755802873;0.18;0.15723233280015964;0.1;0.269984135237972
0.14;0.1378388759906392;0.14;0.2172543002813056;0.46;0.3588432834935445
0.46;0.33572188691489274;0.26;0.4411688954269875;0.32;0.275041933881453
0.36;0.415531652150747;0.48;0.41043364246187014;0.2;0.2622910276681401
0.24;0.04843727169061979;0.32;0.565032755088432;0.46;0.5048361587292467
0.38;0.44425103059935606;0.32;0.3922639493491316;0.12;0.21523253596301745
0.58;0.537845657075019;0.38;0.337528970714364;0.2;0.21417634953846149
0.14;0.24937673261053755;0.28;0.2008908172639367;0.18;0.28398601452513633
0.32;0.4208405182178942;0.6;0.4196194435691237;0.2;0.3342128740663802
0.22;0.3932034851011232;0.76;0.4342959847848093;0.16;0.2505799344314346
0.1;0.1655896794017339;0.4;0.6156957435880359;0.28;0.28730334833213705
0.68;0.7812193210083256;0.12;0.09481495829042846;0.2;0.29876605897848935
0.48;0.4010806308105967;0.16;0.15138031189797535;0.38;0.25081038114510706
0.3;0.3274470711017032;0.56;0.48168418012066677;0.38;0.345235542452385
0.34;0.3399904489297018;0.18;0.16393106836245536;0.18;0.2532470883711389
0.32;0.3154161298704025;0.1;0.1557060406092456;0.4;0.27558813766513085
0.62;0.4277136866350523;0.18;0.2986059459914935;0.34;0.3718306790492774
0.54;0.4744865650042331;0.24;0.3592938729583221;0.16;0.19743663282528617
0.38;0.45206762267693595;0.54;0.3988060241802251;0.18;0.31230038896686724
0.32;0.3525774551969893;0.26;0.17345580576498726;0.18;0.2552144091407192
0.34;0.32958486418491767;0.14;0.16320704022404026;0.36;0.26636431574806624
0.56;0.5231770755434855;0.34;0.372247465025565;0.3;0.330666943873637
0.7;0.6578690007702652;0.12;0.16576935110788488;0.34;0.32657657640419574
0.3;0.33550726375969137;0.22;0.16854300235428926;0.16;0.25598593832577793
0.58;0.4239845824475494;0.1;0.1434932720600141;0.38;0.23666769961942352
0.26;0.3307981297621178;0.32;0.19970465525834175;0.18;0.2702196888203892
0.26;0.43812428776597984;0.54;0.3950275538504913;0.1;0.22507801061991645
0.12;-0.008516374733658794;0.58;0.6807093453062896;0.48;0.40872629662415877
0.18;0.2473993072083897;0.14;0.17109340600526296;0.3;0.323215417249144
0.64;0.5344781736497219;0.18;0.3058764520121425;0.38;0.21501757907908742
0.54;0.51187984881499;0.38;0.3680828265066208;0.28;0.3517041986340806
0.36;0.3924826628582136;0.28;0.17456435980674007;0.2;0.259545233276902
0.36;0.35663468202207643;0.54;0.4666487197839954;0.44;0.41615266922818167
0.18;0.21826409478500314;0.6;0.5278954906478444;0.3;0.3388098784362646
0.36;0.3447386801323586;0.62;0.4430339962987578;0.42;0.2968742453702467
0.12;0.2515570032619669;0.4;0.5376090297197764;0.22;0.2698301825595833
0.1;0.14676613899689545;0.12;0.18726715192432336;0.34;0.42439335535345096
0.12;0.26260160873907407;0.8;0.5342973680721308;0.26;0.4023940411122587
0.22;0.2615421730701157;0.3;0.2442949288132234;0.28;0.3009048373935946
0.34;0.35265845175092075;0.52;0.4630813008345018;0.36;0.3306387100458102
0.1;-0.16768715318247002;0.38;0.5682049334147532;0.5;0.36822071432162234
0.32;0.33098964459044405;0.16;0.1607573177986194;0.14;0.25655389662303124
0.64;0.4889637449289192;0.1;0.13810085179905135;0.4;0.2463174587717552
0.32;0.43846474603738067;0.44;0.3948290544109289;0.1;0.21690501207193963
0.26;0.31281561283285625;0.44;0.4769105458478429;0.24;0.29748619917342994
0.64;0.6039396005885578;0.24;0.3564921876559894;0.44;0.3166116352861215
0.3;0.3215853053404733;0.26;0.21464626563413974;0.36;0.3098164655767937
0.34;0.3527685570933989;0.64;0.44056973555082285;0.36;0.289499833236838
0.7;0.6438428608658577;0.16;0.32294314601671786;0.32;0.19601957187798208
0.32;0.3684920936268276;0.3;0.194323500264091;0.24;0.27995529551961257
0.46;0.31464545225731094;0.34;0.41604921359288;0.5;0.3216408515913108
0.22;0.4017054021687662;0.46;0.4294809753625762;0.12;0.2385376228758594
0.32;0.307655255871986;0.32;0.4738031366664593;0.32;0.3033091523166425
0.2;0.4190471627093337;0.46;0.42077498918374884;0.1;0.22463260634416488
0.16;0.22760368422930516;0.76;0.5560775798552815;0.38;0.4610693629744978
0.1;0.14298494679791335;0.68;0.5849208914049695;0.3;0.3362294140961764
0.38;0.2623006217243386;0.32;0.4874151684553924;0.44;0.33231651408260193
0.32;0.3162276703035351;0.14;0.16992313878961413;0.46;0.2810990553327058
0.22;0.37153422611145864;0.66;0.4671468259061397;0.2;0.31272043430140345
0.5;0.4627229127320189;0.36;0.39694193788545545;0.28;0.26281242211938066
0.1;0.22562099024807097;0.68;0.5348357116207556;0.22;0.2976011749266894
0.24;0.3423446125992175;0.42;0.46503566740252195;0.2;0.278508800714433
0.34;0.4060812652122922;0.64;0.41246028835787746;0.22;0.25075428088663815
0.36;0.4540314837145149;0.56;0.39800579223280647;0.16;0.30080584728962295
0.16;0.22482381254747502;0.34;0.24654147462992732;0.22;0.28978161409048925
0.28;0.3929077332073844;0.66;0.43532344198615686;0.22;0.334386053919487
0.46;0.3466941872091344;0.36;0.4114729592270841;0.48;0.31776749169586
0.2;0.2787549446721826;0.12;0.14850311186078763;0.2;0.31558969596298697
0.14;0.38983722326158404;0.54;0.43557152467874344;0.1;0.22617955889921065
0.24;0.38575414851042894;0.7;0.4450966525526981;0.2;0.33030146835201096
0.52;0.49071854183106706;0.24;0.36147723066425713;0.1;0.18175028582165625
0.12;0.12419642225612842;0.54;0.6040848725753956;0.32;0.3456628065555725
0.14;0.2292705186734511;0.16;0.16837871425793166;0.24;0.33215893201507557
0.14;0.015112775372908949;0.52;0.6636997575013615;0.5;0.4110764296588157
0.72;0.7113157143462272;0.14;0.2969217983699232;0.38;0.19812227967169266
0.58;0.5102497300955109;0.16;0.1392002923686721;0.2;0.23994467089836663
0.16;0.16603443677353996;0.16;0.22533376494318497;0.44;0.33888266727859945
0.38;0.4047720025110075;0.46;0.4148180347801534;0.24;0.2736805890481327
0.52;0.4697379073342273;0.42;0.38185419800354375;0.4;0.3806061613853365
0.26;0.3179170771981969;0.18;0.16169548695627473;0.14;0.26690432560487937
0.16;0.23318124981925176;0.42;0.5420566119851131;0.26;0.30789625470370213
0.3;0.32378637246495784;0.14;0.15556612204802128;0.12;0.2631698456657601
0.18;0.15524338728262305;0.36;0.3325046390439032;0.3;0.3342119800243913
0.42;0.297960045350077;0.3;0.46297962953990196;0.36;0.3008429931240065
0.36;0.4542057868620099;0.42;0.38102338262338226;0.1;0.2109169953794981
0.62;0.5638203136613134;0.34;0.3237940976529567;0.22;0.2085162926430107
0.2;0.2646698846824466;0.48;0.5156493630648247;0.26;0.3167399427721405
0.52;0.39269343220108394;0.28;0.3778392644390414;0.38;0.2697071519568502
0.62;0.5807433129458592;0.26;0.3681283493562854;0.5;0.34751335052111815
0.22;0.29670235880729096;0.26;0.1944086360743465;0.2;0.2755727376167228
0.1;0.3450463207919802;0.66;0.46634343653588045;0.12;0.23811144645208687
0.44;0.3610893501052154;0.16;0.1653618872245221;0.12;0.239876064504208
0.5;0.5096784618048218;0.38;0.36962933570816575;0.14;0.22545149404633152
0.12;0.37565909804517855;0.6;0.44528389631783455;0.1;0.22718604666447023
0.14;0.18579788485689946;0.44;0.5691723096612027;0.28;0.31791188777876217
0.1;0.03438858755091195;0.56;0.6773468318051705;0.4;0.3749951433705006
0.3;0.34770220385213574;0.28;0.17954747763530793;0.18;0.25940006640362784
0.2;0.3983202762652495;0.44;0.4353023615737908;0.12;0.23579506795378707
0.24;0.22973351471701314;0.34;0.5423349069060592;0.4;0.34668211823635803
0.62;0.9069889886893241;0.16;0.01556273374644429;0.18;0.2798309345838837
0.46;0.452921460923801;0.44;0.40392090504292494;0.28;0.33784764572730014
0.1;0.309213127009271;0.8;0.5174763371426319;0.2;0.33969031776842856
0.28;0.2641124479816896;0.42;0.5007761757143603;0.34;0.3295210309773778
0.32;0.4591098878225643;0.56;0.399097954435683;0.12;0.24657149770019432
0.56;0.5077275188216015;0.32;0.387463765306787;0.36;0.3072568539649217
0.12;0.21055228104799867;0.22;0.20360408219171028;0.26;0.3103204706495602
0.14;0.07648697784838382;0.66;0.6000504784700373;0.48;0.40036716542439793
0.12;0.36793601386039193;0.82;0.4581265302644711;0.14;0.293646599586082
0.7;0.708572320264693;0.26;0.2538383956768268;0.48;0.24379275498942748
0.28;0.36987529796626867;0.64;0.45633605579078834;0.28;0.3874218640469769
0.56;0.5284379585532164;0.36;0.35954897039051265;0.28;0.34928232970343404
0.3;0.3148392669562911;0.16;0.1712925291854412;0.36;0.2764206467734765
0.22;0.3143642478883654;0.44;0.4849250857436635;0.22;0.29223628626182135
0.28;0.2914241360202953;0.52;0.4662664299204628;0.34;0.32845699968423064
0.26;0.29308348073342366;0.52;0.47459381600861766;0.28;0.3150888756503419
0.1;0.1060503445109961;0.6;0.625773784813169;0.32;0.3452415820248787
0.3;0.4350161997921435;0.42;0.40129322919279636;0.1;0.2183527420000138
0.1;0.09806578681641004;0.22;0.298184879237322;0.46;0.32421384513197454
0.16;0.1109673321844597;0.2;0.2838232356946256;0.48;0.34035877787026353
0.28;0.2716817798044581;0.54;0.4832294656831953;0.44;0.3552042290762066
0.38;0.37316106859574355;0.24;0.3271807786181575;0.46;0.4384202659238304
0.76;0.7788380909047576;0.2;0.2396761354155576;0.42;0.20556404445827697
0.6;0.5205486615709238;0.22;0.32949168764535425;0.22;0.1971507222334657
0.84;0.6243998029181002;0.12;0.29118792798370413;0.5;0.21126692928812846
0.34;0.3393413455012159;0.18;0.1662655602555389;0.3;0.26244309904517055
0.14;0.3927467647560447;0.52;0.4347963574671659;0.1;0.22408472427113596
0.22;0.3476036905077568;0.44;0.4643590882425693;0.18;0.2719033408328491
0.18;0.28600629258522065;0.44;0.5082437761130907;0.22;0.2923890220193313
0.28;0.4174006689574516;0.58;0.4256340443657292;0.16;0.2644348411961622
0.36;0.23313945027627264;0.26;0.5006413598179049;0.5;0.47392750429725533
0.5;0.40809596058206726;0.18;0.1599504581136137;0.12;0.23337434401383833
0.24;0.27970351526699194;0.74;0.500397620230979;0.42;0.3314344014376998
0.22;0.29062115961303164;0.72;0.5096215026126849;0.38;0.41963210299544956
0.2;0.40482937579585226;0.56;0.42409349494727583;0.1;0.23128687161479095
0.1;0.2733318718260446;0.58;0.5195042177281495;0.18;0.27060885879897884
0.14;0.25051781245758215;0.14;0.14324791698159095;0.14;0.3454581631244685
0.2;0.11780644962282744;0.28;0.3635533439457203;0.44;0.3665903435903735
0.12;0.11992192481803182;0.36;0.31579213914413756;0.3;0.3070608854853126
0.46;0.38414257527932855;0.52;0.40808444188840637;0.48;0.2727137342856159
0.82;0.6163590089137772;0.16;0.33089503045778773;0.38;0.06304026153917791
0.16;0.18737725615835393;0.12;0.18641441113690288;0.42;0.3579552435051872
0.38;0.27994804287210123;0.4;0.4589487055272666;0.42;0.32741716417841277
0.72;0.7295869612663519;0.16;0.30178908079264904;0.38;0.2611023396235473
0.28;0.2866975850522124;0.56;0.4923268982762324;0.44;0.3570203448114198
0.38;0.4652462793432563;0.5;0.3950026027364651;0.14;0.24994534674604468
0.82;0.6176412724033049;0.14;0.3343620431515419;0.32;0.18241254085381003
0.32;0.2814860790806912;0.36;0.4841763843175277;0.36;0.32226206827201326
0.28;0.2528629578561074;0.4;0.5080964223610926;0.38;0.3399754096812578
0.12;0.2199789468818884;0.8;0.5629627953648433;0.32;0.43827161871543924
0.32;0.38407331201425227;0.62;0.4359051598806471;0.28;0.3568387725435889
0.14;0.20512326639908868;0.66;0.5287750363911561;0.28;0.332157166959898
0.62;0.9061248036895877;0.14;-0.02956724197619437;0.36;0.3369042988757576
0.56;0.46379541626961335;0.24;0.34857663263848654;0.26;0.22047927274640872
0.58;0.5075416739517846;0.14;0.11492579029064881;0.34;0.24778757293908799
0.1;0.2338561552824993;0.26;0.20159434580060215;0.2;0.2957256047751953
0.1;0.09045471236901442;0.76;0.667670904110069;0.48;0.4120983488050128
0.28;0.282847969280364;0.58;0.513638274030574;0.5;0.37966012351458206
0.44;0.3798153447911338;0.2;0.16453304939827834;0.14;0.23864842586232898
0.3;0.3689913058935745;0.36;0.44002969745257053;0.2;0.26502241988637737
0.2;0.16877440794281656;0.22;0.2876645574289695;0.46;0.3377855900682852
0.5;0.5046682490497305;0.42;0.368074968586884;0.18;0.2917336408146332
0.56;0.5074936684905544;0.3;0.3745276339371914;0.28;0.24289880769241196
0.22;0.41297781304573505;0.66;0.4373821612981031;0.14;0.2749895701857659
0.12;0.08305073576265859;0.7;0.6116759972165451;0.46;0.3953619319657689
0.16;0.24860560140233118;0.24;0.19756531869002109;0.22;0.2918886833756274
0.14;0.17742269611756462;0.76;0.5929197006720031;0.42;0.4578197359297987
0.78;0.6039197293190799;0.18;0.3216376297340678;0.14;0.15856400247975616
0.14;0.11655705713813241;0.7;0.6055968143143042;0.48;0.40137317564447544
0.46;0.43726167541365396;0.44;0.41451687406730203;0.34;0.36684419892025405
0.38;0.48919479370688074;0.56;0.3719910526599734;0.1;0.23774557970082016
0.68;0.6315253713742119;0.3;0.2806885930718865;0.44;0.12511037276656994
0.14;0.3185337578900877;0.76;0.4976448583767626;0.2;0.34396353285997977
0.56;0.5058610324048096;0.18;0.14554189161350134;0.16;0.23844962018812682
0.16;0.11256203233263234;0.44;0.6156578496642573;0.4;0.3703179196068325
0.72;0.7806822607754993;0.14;0.28064036015254906;0.5;0.223650946371655
0.64;0.5317342940668064;0.18;0.3027475877182771;0.42;0.22343419656051028
0.44;0.39071483133123647;0.5;0.42218457093562617;0.48;0.41784251614183804
0.16;0.18294691717642192;0.22;0.2386149705425537;0.36;0.3154854185480885
0.86;0.5540641030764577;0.12;0.30602535470035347;0.2;0.09195312794888993
0.1;0.33117570580056793;0.56;0.48334307589630127;0.14;0.24314338473271052
0.68;0.6122483793934259;0.28;0.3036974316654805;0.28;0.20290055897675702
0.42;0.3600375120856351;0.14;0.15349952672234007;0.42;0.2591753869373355
0.18;0.41445597699380404;0.72;0.4352901370339061;0.12;0.28003416171099277
0.14;0.11815842835987994;0.36;0.31964692659709343;0.3;0.31660862352488467
0.12;0.21348099889805744;0.14;0.15825670144506737;0.22;0.3677329702992714
0.28;0.3598959124251128;0.62;0.4684953961344948;0.3;0.3770926125873962
0.5;0.4584340209185728;0.2;0.14202633791380087;0.2;0.24023121178846113
0.7;0.655359595344098;0.12;0.16411621490673173;0.36;0.32690800749950016
0.74;0.8368078883090917;0.1;0.11262251014513142;0.42;0.32364623300408996
0.72;0.6758806720115034;0.12;0.21786562766733014;0.22;0.3354350258747934
0.2;0.41939148329544346;0.76;0.42167540016817157;0.12;0.2523958340371229
0.26;0.3055047171210991;0.24;0.19632570092465812;0.28;0.2815606462963514
0.68;0.6496559797303367;0.24;0.31336018893148804;0.34;0.37729883275261417
0.28;0.3140419082489198;0.18;0.1728486000998108;0.28;0.2734401376797591
0.16;0.37690338984603916;0.82;0.44408628143411527;0.14;0.24375875315192191
0.6;0.7206355889329232;0.16;0.06500149059128008;0.24;0.26403759652872966
0.26;0.24239132148440906;0.46;0.5176242574468692;0.34;0.33695671834995183
0.14;0.056859373249490364;0.46;0.6468474515801106;0.42;0.38068081672902837
0.16;0.18618985631107837;0.58;0.5568882369632031;0.28;0.33498914125636065
0.62;0.4780520382890418;0.12;0.15074710952669385;0.18;0.23354061879080407
0.24;0.23229904736172963;0.52;0.5203015059790277;0.34;0.3423630366790987
0.68;0.6344713308803216;0.28;0.29172927339558424;0.38;0.22776618547765454
0.54;0.5205565769918532;0.3;0.349696410522304;0.12;0.186693952460721
0.54;0.49348281113600895;0.38;0.38210479874337605;0.42;0.4341084761770367
0.5;0.4902668467688353;0.34;0.36529053119874483;0.16;0.21125387769282528
0.58;0.48911763963707927;0.26;0.3597128223244959;0.42;0.2601331152457283
0.16;0.25284296205318196;0.42;0.5296438202890861;0.24;0.2979259927649585
0.56;0.5323917796588116;0.36;0.3559974033601135;0.24;0.3224917713255087
0.18;0.19914916610100492;0.26;0.25819471887662776;0.34;0.3112656076468339
0.42;0.34496303235227205;0.1;0.15518634512836;0.44;0.2564415328627723
0.36;0.3102520509902626;0.44;0.4421526146591927;0.38;0.32030317267016445
0.24;0.31774224843215987;0.24;0.1746074949241309;0.14;0.26410131077349336
0.58;0.5380283920920836;0.28;0.35239587992771054;0.16;0.1971521907015506
0.58;0.4385173945058331;0.12;0.14461471066926362;0.26;0.23455684700540674
0.64;0.46182554693864447;0.1;0.16144067391237144;0.1;0.22948317495669018
0.44;0.3503315523007042;0.12;0.1626947484589099;0.16;0.24360947286540752
0.62;0.6232007995972955;0.14;0.0988097795438449;0.22;0.24254820219078171
0.2;0.297236781896476;0.74;0.5067119939329858;0.32;0.4005727795780834
0.42;0.36851945513282985;0.18;0.16075061716838973;0.26;0.24854359241304197
0.42;0.4575812031982546;0.42;0.38320891482980285;0.16;0.23139328169234746
0.14;0.16758047266136405;0.18;0.2202585152999928;0.38;0.3313976132254082
0.3;0.44972348353415076;0.56;0.4027556846099782;0.12;0.23769042253546419
0.24;0.2552168630667448;0.22;0.23371250345354305;0.4;0.3119001307683496
0.58;0.4961274610066712;0.22;0.33794252843719247;0.2;0.19718993682100378
0.26;0.3242359193329773;0.56;0.460121300795671;0.28;0.3142671974964833
0.28;0.2954244739005902;0.18;0.19349315643780457;0.42;0.294548461563319
0.46;0.45854508203720695;0.44;0.40013992263833204;0.26;0.3276176850665911
0.32;0.38085030852329965;0.52;0.4319581646242899;0.24;0.28672238442448533
0.5;0.4114793768440232;0.36;0.4313307246459;0.5;0.32716391510252324
0.6;0.5592703999401161;0.3;0.3413835725824274;0.12;0.21653962301372248
0.14;0.20717304255635377;0.44;0.5559181147413554;0.26;0.3078749807804782
0.84;0.5724629711927409;0.12;0.3232337689062315;0.18;0.15850317023756505
0.24;0.1843596973931853;0.32;0.3739690541992387;0.38;0.3935078828742454
0.38;0.33942103261385376;0.12;0.1601733214225674;0.4;0.26159504615011914
0.22;0.23610793063754593;0.64;0.5546503410754899;0.5;0.39759211650430887
0.36;0.4122141922577815;0.56;0.4243374968128019;0.26;0.3645236712947613
0.46;0.3356001964073287;0.3;0.432385031000532;0.32;0.27709457375666263
0.56;0.49003069510710223;0.28;0.3621316143058348;0.3;0.2364752445352059
0.12;0.32392111635676873;0.76;0.49786171342354196;0.18;0.3047070307485376
0.1;0.1668451658671552;0.3;0.26846304049826103;0.3;0.29655734846331244
0.44;0.49903846613364305;0.54;0.35875782776244053;0.1;0.1853854847362149
0.4;0.4085591646921542;0.48;0.43278519938231036;0.3;0.3229102796305546
0.1;0.09019551642142803;0.32;0.33721134620838106;0.38;0.3083720207902259
0.32;0.34621126213578685;0.24;0.17412212003242827;0.24;0.2624862686720411
0.2;0.4112361482719053;0.58;0.41695634695902967;0.1;0.23127484377992064
0.3;0.31142968131774634;0.16;0.17499268752556812;0.4;0.28108116873440553
0.12;0.20762124209882388;0.68;0.5318186792332522;0.26;0.32121826922882507
0.26;0.3149257918536141;0.32;0.2237584249151821;0.24;0.2916742811552658
0.54;0.5001478146091383;0.36;0.38605871697470756;0.34;0.354992598669198
0.8;0.6911032632572682;0.18;0.3269008277261695;0.46;0.04593093723015246
0.48;0.4429077374287817;0.5;0.381573570715045;0.3;0.22926563893056257
0.6;0.5847162875471879;0.16;0.12458964236298836;0.14;0.2364415665234168
0.56;0.5380198912923244;0.36;0.3507187354077497;0.18;0.2810876020614677
0.48;0.4223514503599845;0.2;0.15242763795829023;0.18;0.2383711440165675
0.68;0.6279680486173074;0.22;0.3301463759870626;0.28;0.2932838339402855
0.42;0.4878499665684088;0.46;0.3792025061417614;0.12;0.23057655852750886
0.74;0.6908784274712707;0.12;0.27603823545281764;0.22;0.35372145028791296
0.64;0.5631666581456114;0.34;0.32458350089231763;0.12;0.14654184947727972
0.48;0.3880388778582204;0.14;0.1517777775753763;0.46;0.2549515164211576
0.1;0.3429298850425499;0.86;0.47765257815699574;0.16;0.2732113744868406
0.2;0.27599785020677786;0.78;0.508510759053761;0.34;0.3205960891669966
0.58;0.40262919736767316;0.1;0.16132083132976444;0.14;0.23149894273039623
0.58;0.49775216884545664;0.4;0.34093926047618556;0.5;0.20983048632218188
0.38;0.3717069845195648;0.52;0.45651573370007875;0.42;0.40761146197129167
0.3;0.28714378416296754;0.3;0.3314076035204567;0.38;0.40239183537484197
0.22;0.252137354242911;0.66;0.5516180884960575;0.48;0.4188774326654637
0.48;0.4140905743793037;0.32;0.3796285902538115;0.26;0.2491432588982994
0.78;0.610143081145514;0.16;0.324078599122598;0.14;0.20129714100412516
0.6;0.5629485346100578;0.32;0.3389067686557244;0.2;0.2879541396484973
0.46;0.3627308528844064;0.38;0.4274256374181428;0.5;0.325088754844237
0.32;0.34449342293669954;0.6;0.46773171505227323;0.42;0.43881726691439044
0.24;0.2613128913019824;0.18;0.21015433903680353;0.42;0.3074386128694036
0.16;0.17354438516951481;0.46;0.575856762044519;0.32;0.3410245792952962
0.2;0.1743870499316193;0.36;0.5857311644494616;0.42;0.3640839259457947
0.6;0.8597692551095208;0.18;0.0429927982958222;0.12;0.2602113653922152
0.5;0.43035535308899026;0.18;0.14802396020992487;0.24;0.24010465662035957
0.2;0.31043694167161967;0.76;0.49136289792326476;0.28;0.33842381969675644
0.52;0.3857880889235427;0.12;0.16068014043937656;0.38;0.24036897313772615
0.72;0.5974762020239035;0.18;0.3233441891584479;0.1;0.18739586107521605
0.14;0.13759199217124357;0.24;0.2655199395322924;0.38;0.3192765547611805
0.54;0.4934824174759453;0.3;0.3622108958845322;0.22;0.21997072250863342
0.24;0.2702297975686389;0.22;0.21774075980175783;0.36;0.3008481490442661
0.16;0.19454846109136587;0.22;0.23010729955777692;0.34;0.31219991198382063
0.2;0.22006130844763588;0.12;0.19722293717898448;0.48;0.33769947944893547
0.3;0.13168122970803736;0.32;0.5868389647301138;0.48;0.4869204026756942
0.34;0.3733811154692394;0.64;0.4297079619191347;0.3;0.2746070643597412
0.28;0.3130861851799895;0.48;0.4667815390360443;0.24;0.29553483442631207
0.12;-0.05635048764682554;0.4;0.7340833106158386;0.48;0.39878531063701234
0.2;0.21445046176374766;0.6;0.5257284904492088;0.38;0.36110148545437953
0.28;0.4083229667893257;0.38;0.4201798513958502;0.14;0.23923687291018952
0.54;0.537897098226084;0.36;0.35077026270031936;0.1;0.21393930774259845
0.5;0.43755374968059496;0.36;0.413886530682885;0.38;0.29467044986457497
0.32;0.3611813063916231;0.6;0.45727946051468266;0.36;0.4163778391113189
0.26;0.22780244429274327;0.54;0.5045353334684712;0.48;0.3703885139810011
0.1;0.31536241924347114;0.62;0.489839144970229;0.14;0.24991722193355687
0.68;0.6869977444750262;0.26;0.28563426134975417;0.5;0.4262563845532759
0.22;0.2962189013390694;0.54;0.48674724211129267;0.22;0.29958420155833837
0.42;0.3523106239445421;0.12;0.1538791291970592;0.44;0.25798868822027915
0.12;0.0804631074888717;0.72;0.6340581940449637;0.5;0.4082784262080415
0.48;0.4165317445453744;0.48;0.3987575687527514;0.44;0.3223841141114639
0.4;0.36667176193173984;0.56;0.43106961371018443;0.44;0.342927205361419
0.66;0.5880201885247913;0.28;0.32198861736812306;0.18;0.2363497012983507
0.1;0.006617970973321785;0.32;0.4058695900649993;0.46;0.3251061146490946
0.24;0.2322787088713258;0.3;0.2977439887401851;0.36;0.344961097448965
0.74;0.7191859880448812;0.1;0.1953257850033427;0.24;0.3322929349296713
0.16;0.1719564842004237;0.7;0.5934730330750964;0.46;0.4025471895712754
0.1;0.12848557160818402;0.18;0.25291386006109734;0.44;0.34116347229755123
0.3;0.22849130931456257;0.46;0.5079025581766778;0.42;0.34854442831991067
0.22;0.15872307516429335;0.54;0.5671072063770806;0.46;0.3821340347159668
0.2;0.09174467536573755;0.28;0.3898168104014011;0.46;0.38040821516167883
0.28;0.3638986706053406;0.7;0.44303869956722913;0.26;0.2779618577910901
0.12;0.09074130761143245;0.72;0.6276471788305358;0.48;0.4026843041783144
0.64;0.5866369106177769;0.24;0.34757610763372787;0.28;0.25037364936301204
0.1;0.11699240604088129;0.88;0.6223612311272646;0.44;0.35070646229548347
0.36;0.40556601034194334;0.5;0.4295340444017755;0.24;0.285557361936788
0.26;0.2983792076006148;0.4;0.48810142852879795;0.28;0.30935409429163047
0.68;0.6752816496812721;0.22;0.32843796889468563;0.44;0.3967363148623582
0.3;0.31526412065240067;0.56;0.4894571518497746;0.42;0.3558118985057553
0.52;0.5194808679359981;0.4;0.35969359799446393;0.16;0.2737184796076653
0.36;0.4485609181612548;0.52;0.4063620907070818;0.16;0.265162653707221
0.12;0.1296640023220152;0.86;0.5984687841954215;0.44;0.35477873219187034
0.2;0.14513983829823446;0.26;0.3282920627614347;0.44;0.3501193665472249
0.42;0.3692717525630697;0.4;0.4100759133318858;0.34;0.2941166107677509
0.6;0.5435971023677542;0.38;0.3288132353492795;0.22;0.16621266906390192
0.18;0.2611063980103993;0.2;0.1853415173850163;0.24;0.29685343130159497
0.28;0.34146095335061294;0.64;0.47487012953839997;0.36;0.42364760143752905
0.64;0.5853710690875624;0.22;0.35232129598917034;0.44;0.256643802869923
0.22;0.22321183003368733;0.48;0.5374010803762042;0.34;0.34616577561331413
0.28;0.2945111966229372;0.46;0.48163211210420026;0.26;0.3039689619908535
0.1;0.14721660363902805;0.7;0.5789587383954558;0.32;0.34317495781438284
0.42;0.3781445556832625;0.42;0.42331019917800156;0.36;0.3020892498457988
0.66;0.6220831934265492;0.1;0.09076605184922631;0.44;0.2532710120667963
0.12;0.14141853540055188;0.36;0.2997037537713861;0.28;0.30120242309405315
0.26;0.3286636364970216;0.48;0.4657519886567601;0.2;0.28220278956873474
0.1;0.07470894648295462;0.38;0.36671550013869875;0.34;0.31043471050737553
0.4;0.42478817867538216;0.36;0.3968423685352593;0.14;0.22522781329583014
0.3;0.36214336767463057;0.32;0.18307958503065574;0.14;0.2554239619273622
0.54;0.4502597755209485;0.16;0.14190543793759075;0.24;0.23734445928926023
0.32;0.3577672242851146;0.28;0.19414778644879455;0.28;0.2853086203203637
0.34;0.4507570322626912;0.36;0.39044715401076463;0.1;0.2108200103480931
0.14;0.34528505038837193;0.72;0.4756678896851541;0.16;0.27794617182092823
0.6;0.518303401854747;0.2;0.33105687936676204;0.16;0.1809672540676664
0.58;0.48198573421577223;0.16;0.1527689413446069;0.12;0.23291831948752334
0.34;0.337204168650216;0.44;0.43783253495072866;0.26;0.2883434761347337
0.34;0.42595633410712413;0.52;0.4166008757258692;0.18;0.26351883272962967
0.34;0.3986824196909439;0.48;0.40902793983863656;0.2;0.2646645847330467
0.22;0.28461276219178994;0.14;0.16262293343617779;0.26;0.29918725167050214
0.58;0.4211812999453339;0.12;0.1578792328966307;0.1;0.23032427201924494
0.24;0.3154561029704463;0.3;0.19709609838232517;0.18;0.27020956392286083
0.36;0.25401445198607203;0.3;0.49687946263698063;0.48;0.34171782610800167
0.44;0.47181702982649626;0.42;0.3856458950060883;0.16;0.23293087590453526
0.34;0.36502844980010857;0.58;0.4540389770531061;0.38;0.42205120193897644
0.36;0.3458822533880112;0.58;0.45617505079058346;0.48;0.4234617929348295
0.56;0.4625969078051739;0.18;0.3411470757495417;0.4;0.43288586655788835
0.2;0.36060769673092147;0.64;0.4589686489346723;0.18;0.28251174378892957
0.38;0.36240957177635175;0.52;0.46264608441903327;0.46;0.4206222597715544
0.86;0.5704691402004707;0.1;0.26701530121076417;0.4;0.1578774605038396
0.22;0.3226948640138551;0.3;0.1803107571187645;0.1;0.2582327480613023
0.78;0.6059082563272333;0.2;0.3184858096854784;0.16;0.11943092669693472
0.36;0.3367169337976807;0.14;0.1610635684123723;0.14;0.25206869140368143
0.38;0.4366128419360142;0.28;0.17047114154423965;0.24;0.27836694005200885
0.24;0.29034949661453185;0.14;0.16585190180003145;0.3;0.2935210442859875
0.66;0.49028350972461093;0.16;0.2673830804851804;0.38;0.35333951168918093
0.72;0.7814585626237338;0.1;0.08294757450119267;0.34;0.313138905828029
0.46;0.4510702806727635;0.48;0.3897371915545165;0.28;0.3340112731957979
0.46;0.376656947729798;0.36;0.400266090363586;0.38;0.2928330354993767
0.54;0.4913593422863591;0.32;0.3826684096331732;0.28;0.2498509930157758
0.26;0.30756626976012286;0.14;0.1575305763558607;0.22;0.28002311998737556
0.64;0.5718072199993498;0.24;0.3399680793755448;0.14;0.1949138102421904
0.56;0.3906480104270204;0.1;0.16207257207764786;0.26;0.23423725326777772
0.42;0.3488967974323624;0.4;0.41844798435932745;0.4;0.31051467420267104
0.46;0.30677436347740866;0.28;0.4534179464368075;0.36;0.2896294768382282
0.52;0.5626239052377187;0.22;0.14208706805114607;0.18;0.2571192776419045
0.44;0.35128505074399524;0.12;0.16138877468865181;0.22;0.2450447913291099
0.48;0.4164283146592697;0.16;0.1429509489912157;0.44;0.26161756775663664
0.82;0.599227895801804;0.1;0.34289045295651205;0.18;0.24941857042831744
0.4;0.36934070179436657;0.16;0.15486631935247314;0.48;0.27985875629340656
0.2;0.25162289654676123;0.1;0.1593781428709647;0.36;0.3364851381016534
0.14;0.2752044783338367;0.44;0.5133009897091676;0.2;0.2756143640668354
0.16;0.19810736668110057;0.36;0.2733145968494382;0.24;0.29997892419573363
0.14;0.20474125985161135;0.72;0.56888561685451;0.34;0.3663025070199835
0.32;0.45469271992544663;0.66;0.3878915323720961;0.12;0.21519248103870497
0.16;0.1926290997280941;0.66;0.5444137099341944;0.36;0.3616340005094996
0.44;0.4128768307626875;0.5;0.4103181946746521;0.38;0.3816277874455088
0.7;0.650116263222041;0.28;0.27438830929819685;0.36;0.1142721211513012
0.18;0.1940829672808821;0.4;0.5702722516119676;0.34;0.3413893924259766
0.26;0.4197643957617882;0.4;0.4157768871016972;0.12;0.23111196606494305
0.6;0.4746655275166229;0.2;0.32902462550736605;0.34;0.22442656287057533
0.12;0.04869418485507654;0.22;0.3216146707938767;0.5;0.3361046983846015
0.58;0.5289752659200981;0.24;0.33544495743325425;0.12;0.17682183129276213
0.84;0.562035731849116;0.14;0.32601264377859224;0.12;0.1217790813367961
0.54;0.45748087120220376;0.26;0.35563686487181373;0.24;0.22190359066777093
0.1;0.047766311538753825;0.54;0.6725036108335631;0.38;0.364462520835164
0.28;0.34767287919150175;0.32;0.19019131953129392;0.16;0.262297935810671
0.34;0.31994287637770985;0.48;0.44681506518942;0.38;0.32503393280677445
0.62;0.4542754131494175;0.1;0.14429486693059562;0.28;0.23485121247372748
0.28;0.3206340769699209;0.62;0.49499266050162954;0.42;0.4223378099068809
0.46;0.4606159242535221;0.24;0.1416553111330125;0.16;0.2432953311846609
0.24;0.25104091988145133;0.4;0.5229787946758733;0.34;0.3340771037231987
0.14;0.3182607289258372;0.7;0.4817867277917595;0.18;0.28442731171201446
0.22;0.2581245910155829;0.72;0.5308004466700689;0.48;0.45136528405805537
0.36;0.22227958875078951;0.4;0.5022206561007905;0.5;0.35329852770558917
0.36;0.44354803814752025;0.5;0.40537059893993915;0.16;0.24984690155353123
0.24;0.19500459102261497;0.36;0.5619556207297041;0.46;0.367248135989974
0.62;0.5790744423027252;0.26;0.36531020718036106;0.46;0.3311764741606274
0.82;0.6103589464116748;0.12;0.3386663687476236;0.24;0.2526344143563995
0.26;0.36665636654451167;0.64;0.46648862593925616;0.26;0.3627048079166491
0.14;0.17325211010416036;0.38;0.5819716207314996;0.3;0.31623999215102133
0.14;0.243483031881998;0.32;0.21717247919403077;0.18;0.2799288889994563
0.62;0.6015677958343024;0.3;0.3338720450027534;0.5;0.49573439899590627
0.34;0.3301554550611027;0.4;0.4541757871417363;0.24;0.28184065943321374
0.1;0.33279448712209153;0.54;0.48416777306943054;0.14;0.24029766299631833
0.14;0.2976257508379338;0.66;0.47751710381348816;0.18;0.2823451609002268
0.28;0.309467811741767;0.1;0.14813136939514343;0.22;0.28296694201405176
0.46;0.41920132597192133;0.52;0.39278233009784363;0.34;0.24599203984534684
0.5;0.4144681534524188;0.48;0.39180227073526647;0.48;0.25386544309222275
0.14;0.23226162424290892;0.76;0.5561935596182521;0.32;0.4145306313998623
0.12;0.23055877948330722;0.78;0.5618669285341706;0.3;0.40525412622953555
0.26;0.31365991839480384;0.68;0.4884273334441946;0.4;0.41655665555960214
0.38;0.44052085757057985;0.48;0.4069596022604946;0.18;0.25564891137949447
0.14;0.0535565029206479;0.58;0.6362588496988839;0.42;0.3895269746805275
0.18;0.2147841122797402;0.2;0.2220580106312518;0.36;0.31344693200883983
0.3;0.3103566571378293;0.14;0.1684445599930347;0.4;0.28018571646721485
0.3;0.29364020350919934;0.56;0.5030935173469777;0.5;0.37425918982442413
0.6;0.42732846949020126;0.1;0.15204780013499458;0.2;0.2319766307133469
0.36;0.3683770768679266;0.6;0.43539056124210757;0.36;0.3295289988471089
0.32;0.3715385265944177;0.52;0.43716147655994736;0.26;0.2942639126986029
0.42;0.36889637605798037;0.2;0.16635551510956154;0.12;0.23963108596762966
0.16;0.16729453482860918;0.18;0.23414077673903627;0.42;0.3309364500166963
0.34;0.21719986873280556;0.3;0.5187176149994076;0.44;0.4674214185341575
0.48;0.43797473165230966;0.44;0.4090137655775002;0.42;0.4323882182167003
0.44;0.4759084245128597;0.48;0.3821095265507098;0.18;0.30261702782841754
0.1;0.26748302587846123;0.78;0.5488370254127726;0.24;0.33786161267493414
0.22;0.24981278700393855;0.62;0.5270427436587566;0.42;0.3691825625754311
0.2;0.20014576203180806;0.44;0.5604162641994563;0.36;0.35194272893051265
0.5;0.45099805554976563;0.48;0.3766742048348644;0.32;0.22501292733755124
0.28;0.3037406703737388;0.1;0.15298323104283346;0.34;0.2878946330373245
0.12;0.2336606315926943;0.48;0.542567930578794;0.22;0.28705906324173386
0.36;0.4139249571101506;0.62;0.4070996465128371;0.22;0.2462299912273727
0.12;0.3861935460404397;0.84;0.4421205909492906;0.12;0.2502775945758194
0.18;0.11297034164529424;0.44;0.6170248135067229;0.46;0.38763539875330993
0.18;0.3113151095578705;0.72;0.5084623166175197;0.26;0.37800908786896686
0.4;0.3763898512958865;0.22;0.16541689023181144;0.2;0.2475279557031192
0.2;0.1385665139350431;0.46;0.5955164709996381;0.48;0.39072312151814176
0.36;0.48599399184609354;0.56;0.3778072475175333;0.1;0.2518687815537169
0.28;0.30905396330697216;0.38;0.47774556311871136;0.28;0.30356182062047227
0.32;0.2288078871211529;0.32;0.5175995641911812;0.5;0.3539046495698726
0.38;0.4190030051920261;0.38;0.4014675890338015;0.14;0.22899944972238645
0.3;0.2837544832882026;0.4;0.48548621489031824;0.32;0.31726051659166915
0.5;0.3674923715508604;0.1;0.15999467743492907;0.5;0.24681131932296468
0.16;0.2760216111909625;0.34;0.20684228581648573;0.14;0.2706994666197345
0.52;0.4663153126678565;0.24;0.37202981381619354;0.14;0.19625375031090103
0.8;0.6718818372702067;0.1;0.3698323079596941;0.32;0.3135959297697886
0.12;0.2987080309316032;0.74;0.5101750648570003;0.2;0.2994077838866423
0.46;0.3899975034079854;0.36;0.3952827496679873;0.34;0.28170829285722393
0.2;0.2598316297506031;0.14;0.17382992897079225;0.32;0.3140567855234187
0.4;0.35902026185004726;0.4;0.41336107770217695;0.3;0.2866937983041487
0.34;0.2647452246771593;0.44;0.4723838368028003;0.42;0.3366229103031549
0.6;0.542543200560784;0.38;0.3283854014620266;0.24;0.16847299708188418
0.26;0.2565837684420608;0.32;0.31254247054412126;0.34;0.36276693454666203
0.36;0.46069453589477377;0.32;0.38470350004789894;0.1;0.20579364832865737
0.4;0.4671688650463179;0.46;0.38937701693368104;0.14;0.23220294249278256
0.28;0.346784856897387;0.3;0.17821109210952019;0.12;0.25295655086887253
0.24;0.3581773919862898;0.48;0.4526715146587394;0.16;0.2640286582681162
0.2;0.34045451971571133;0.78;0.468451678703751;0.22;0.27970548064217043
0.12;0.15257639822784358;0.1;0.16809497676383128;0.32;0.4353724858282702
0.66;0.8382605639357734;0.12;0.035182774498224656;0.34;0.3009334195635765
0.56;0.5279455073536077;0.16;0.11160173392193745;0.32;0.25301870322100145
0.1;0.0997111072954519;0.24;0.3042897251578392;0.44;0.31829445815245366
0.54;0.4902640665769364;0.42;0.36066239902327996;0.32;0.26721179598924666
0.16;0.17865893877699407;0.36;0.28889965775736576;0.26;0.3075473076156277
0.48;0.3948701208531415;0.38;0.4382171994719393;0.5;0.33319032487676653
0.24;0.2881472480244575;0.46;0.49498861751205586;0.26;0.31085590350721676
0.46;0.3708085584774145;0.16;0.16371833386775653;0.2;0.24027156863397098
0.28;0.26535215612149327;0.54;0.48656837542332493;0.46;0.3599803887436464
0.46;0.4082736087280618;0.52;0.39753996783336404;0.38;0.25440783405527073
0.4;0.4424236554226783;0.26;0.1584772319710896;0.26;0.27545733106126763
0.3;0.3219586392878015;0.14;0.15725896583099291;0.18;0.2654073731515317
0.78;0.6360567745476569;0.2;0.3096281471620291;0.24;0.10513433073033612
0.56;0.4507378831339703;0.16;0.15260356209399356;0.12;0.2318946275867964
0.28;0.23955198723439403;0.26;0.3174217676592154;0.46;0.3931506795544158
0.28;0.3320912393069794;0.22;0.1658786333318279;0.1;0.25477362707905643
0.52;0.40803301919408036;0.16;0.15959188784436246;0.14;0.23315230213599053
0.22;0.22335449889785214;0.32;0.2950780276525152;0.32;0.3311746267941152
0.22;0.1978112788353636;0.52;0.5497041575913677;0.36;0.35473091954811325
0.12;0.1073277682237192;0.76;0.6470276199104814;0.5;0.4480193439994898
0.3;0.33694012324024375;0.22;0.16662028081047925;0.12;0.25304172845700196
0.54;0.44280569241143625;0.26;0.3590016474055013;0.28;0.2339811729016566
0.54;0.46331107592040927;0.22;0.37202990961253085;0.16;0.1974616694369607
0.42;0.3471926810318397;0.12;0.16025376037857192;0.24;0.24800839704171468
0.6;0.5132614107393907;0.2;0.3309126301910695;0.18;0.1855808626907694
0.48;0.49868149960930513;0.42;0.37480102080587824;0.16;0.2647196984179266
0.24;0.3232215708956809;0.48;0.47353527077841456;0.2;0.285079127316684
0.36;0.33726966222078864;0.14;0.16237254273818352;0.34;0.26147661074802914
0.32;0.4748360027332256;0.58;0.38794671658419194;0.1;0.24709507289154603
0.2;0.17723020483695312;0.42;0.5774452871616738;0.4;0.3634702283009253
0.84;0.5893324107149869;0.14;0.29161312161980274;0.46;0.019653145958407114
0.38;0.3901310800270827;0.42;0.40415707656286587;0.22;0.26349751294831153
0.42;0.2790752139937955;0.3;0.4724287552195438;0.4;0.31247318018132036
0.62;0.5631880397421349;0.26;0.3412622457145083;0.12;0.19131594593792217
0.28;0.31512673480560655;0.62;0.49867875840138515;0.44;0.4284679736964235
0.6;0.5614647503080092;0.32;0.3370264097292341;0.14;0.24518062891590292
0.54;0.49198036559775965;0.36;0.39353925668917805;0.4;0.38501643805632485
0.22;0.3151909662090488;0.68;0.5064952498356052;0.32;0.39963071646795983
0.46;0.41680797409281894;0.32;0.38752414477533853;0.2;0.23513448471980697
0.22;0.29627869011979174;0.28;0.20105067922516734;0.2;0.27579746143347267
0.72;0.6362433990133638;0.2;0.30645562188010983;0.18;0.2518186306074944
0.78;0.6950368479078406;0.12;0.3380058488946029;0.3;0.29688163480151447
0.52;0.45222420426277016;0.36;0.42008591065377926;0.46;0.3534125822685104
0.58;0.5335848026663121;0.24;0.33500912568161373;0.1;0.17112747652862398
0.14;0.09644993588675294;0.54;0.6126832631830252;0.38;0.37287814453861673
0.1;0.10561287795756397;0.3;0.3181837637678548;0.38;0.307249700791938
0.54;0.5359014576215697;0.38;0.3493691308016394;0.12;0.24041962537550093
0.32;0.4459066534657283;0.38;0.3939296356760132;0.1;0.21364463403458617
0.16;0.3180348206262226;0.78;0.48958248258494924;0.22;0.35357982320395026
0.12;0.1668880755324757;0.12;0.17652189407871915;0.34;0.3960426669342772
0.26;0.2811528647642187;0.6;0.5186409280021009;0.46;0.3768630002849838
0.38;0.4638498641924779;0.58;0.3824859888520577;0.14;0.2378389734806055
0.3;0.3487989865809877;0.28;0.17719726103733519;0.16;0.25578856344659245
0.44;0.49490047754584116;0.24;0.12534246487789286;0.28;0.27889335634477336
0.48;0.4898373271755074;0.18;0.11721392412361625;0.44;0.29032102748045846
0.56;0.491041446854165;0.16;0.13082559746546368;0.26;0.24229494388649814
0.58;0.5678966841578201;0.18;0.13713901840740078;0.1;0.23392126713350964
0.28;0.44429010847762;0.58;0.40779478505299877;0.12;0.24076202136202968
0.28;0.22697484141334562;0.42;0.5217876894009092;0.42;0.35317757208716133
0.26;0.34191455318759506;0.64;0.4835393341255732;0.32;0.39053076230926026
0.16;0.3849787297326814;0.74;0.45390959794191515;0.14;0.29797067858657217
0.12;0.2754787052110214;0.56;0.5086845162084741;0.18;0.2760035395141705
0.62;0.5748732819921292;0.26;0.35818824377019526;0.36;0.2898490643881067
0.14;0.23590524152262587;0.14;0.15276260683532544;0.2;0.3472923524386458
0.18;0.22670938736638496;0.22;0.22006220954446792;0.32;0.3049774718215757
0.38;0.3309273560375325;0.44;0.43577119920310886;0.4;0.3213040517706594
0.16;0.3347968192521022;0.56;0.46907430378876386;0.14;0.2587237504480547
0.28;0.24310027955634855;0.3;0.3574322917715442;0.4;0.4126509246384478
0.68;0.5987305834882439;0.16;0.3134100429246138;0.34;0.19028132235378964
0.12;0.23744648652722472;0.84;0.5364723578306609;0.28;0.3432243600489065
0.4;0.49632916277437794;0.52;0.37050077362719586;0.1;0.2465418948096874
0.32;0.30150725937794726;0.52;0.47624882338913294;0.46;0.35083682690198176
0.28;0.24465803308986817;0.42;0.5117938134427313;0.38;0.3420132319129499
0.74;0.6862410809120949;0.1;0.2183464460014261;0.18;0.3347707414399919
0.38;0.4048790202216865;0.34;0.4132432316519737;0.16;0.2371301922842824
0.4;0.40600495869012815;0.52;0.4263187717273625;0.34;0.3999019545218366
0.42;0.4232407731063678;0.52;0.40611243104435685;0.3;0.35064105365729775
0.1;0.09180675364629537;0.56;0.6401347740417624;0.34;0.34982571700912773
0.18;0.41124229211862556;0.62;0.4156340904994255;0.1;0.23139436059716362
0.2;0.254919559303236;0.1;0.15668979983761705;0.34;0.3355403778354989
0.32;0.251282775032253;0.4;0.5002638987849106;0.38;0.3327178115920573
0.16;0.3327214524321033;0.64;0.4588548864407324;0.16;0.27147117479488886
0.32;0.36800567584416627;0.3;0.20160215821205435;0.26;0.29001075490033573
0.18;0.24259337589027802;0.72;0.5563874992570448;0.4;0.44083059369560745
0.7;0.6783186635543703;0.26;0.2698213244232494;0.4;0.22287102440362988
0.16;0.193538888762329;0.6;0.5476551412903115;0.28;0.3344133573470414
0.4;0.41698322140260363;0.26;0.16037963397783467;0.2;0.2542660110326756
0.62;0.5521340823003686;0.22;0.33323510316931443;0.12;0.16958473518917488
0.52;0.660270611063021;0.2;0.11971036096512905;0.34;0.3345568826941508
0.72;0.607793252076698;0.2;0.3159293457631384;0.12;0.2126245764493922
0.24;0.2925395036125173;0.62;0.5141387973053253;0.38;0.3615233079788523
0.44;0.4487446876548195;0.26;0.14812790425239392;0.12;0.24070791408975284
0.2;0.17915126908023876;0.32;0.31877872578600314;0.34;0.3375741407351845
0.3;0.4206060634404893;0.64;0.4158512597489105;0.18;0.3068571956889548
0.38;0.2958362029651382;0.4;0.451758169105487;0.38;0.317056822810101
0.28;0.31970837261943136;0.52;0.45209404405968995;0.28;0.3086808438062781
0.26;0.3790813339746932;0.7;0.4412838660057345;0.22;0.3006432098273058
0.16;0.2587636644648092;0.64;0.5001575159543841;0.24;0.31376048908162263
0.54;0.4873547900606103;0.32;0.3856858718508876;0.3;0.25632775207375774
0.24;0.28878614658378393;0.2;0.19063235601809997;0.3;0.286837330627356
0.14;0.20324419865287185;0.46;0.5568850746755005;0.26;0.31122793432627477
0.16;0.2835860242356218;0.58;0.498530483563369;0.18;0.2847055927497229
0.52;0.45671911423171235;0.46;0.37183997603970015;0.36;0.22348142180964375
0.68;0.6451270045113933;0.22;0.32952196557495544;0.34;0.3307973803692042
0.12;0.10532904034101404;0.56;0.6132012670702252;0.34;0.3563637482567819
0.32;0.32337018220608743;0.12;0.15569060141677;0.2;0.26460010516463145
0.88;0.5331198172674048;0.1;0.27807572555188825;0.32;-0.012372488403422588
0.24;0.3322002869969924;0.38;0.47507537340306766;0.22;0.28269291920056633
0.4;0.40591828611870157;0.22;0.264666575881445;0.48;0.42015418535566257
0.3;0.31293785060200524;0.2;0.18898323698144032;0.4;0.2901358331660964
0.14;0.3154274732793742;0.38;0.4915023442581145;0.18;0.2518575282171929
0.24;0.3064347336715129;0.7;0.4964545174072405;0.38;0.4146985301041531
0.32;0.30314720902400677;0.4;0.4720199486647139;0.28;0.30024147027139053
0.18;-0.15538945817129274;0.36;0.6394584832133532;0.46;0.4870690988533389
0.46;0.4158441403135497;0.2;0.14899093507384736;0.26;0.24730053157918436
0.22;0.3126062101270383;0.24;0.17246367427954673;0.12;0.2658163950141584
0.76;0.6447695729387728;0.22;0.29076936872627873;0.22;0.11027755747112794
0.42;0.5003284357469331;0.48;0.37026114712501385;0.1;0.23325142153684825
0.12;0.2889656847289978;0.64;0.49357173224124934;0.16;0.26904949654217974
0.3;0.27732883674903314;0.22;0.25125117809288905;0.5;0.35857176290038156
0.34;0.3512964942074965;0.22;0.1718530128605184;0.3;0.267061221491864
0.5;0.4452996707434724;0.46;0.38453600296078555;0.38;0.29912919358932927
0.1;0.2345098731703305;0.78;0.5730948273326371;0.28;0.35952494515289773
0.3;0.3689703630851768;0.66;0.44066767954540104;0.28;0.31629357386349627
0.36;0.343922646889436;0.48;0.4495510551510887;0.38;0.32273526134788627
0.38;0.24680916868917063;0.32;0.49547923246901854;0.48;0.34216995039876524
0.12;-0.11494565193607392;0.36;0.49592853918660246;0.46;0.3704047636151407
0.48;0.4143888191277189;0.2;0.15664557772221005;0.14;0.2355673512684851
0.5;0.5238435535812129;0.44;0.351280183429812;0.1;0.21872745657819964
0.26;0.3644511637154852;0.72;0.4463405149662543;0.24;0.27619187216664104
0.48;0.4127575259321145;0.38;0.42670932285903357;0.42;0.3123210494623612
0.7;0.589262446151112;0.28;0.31267555470831104;0.14;0.13264948252194048
0.18;0.20876406697630506;0.74;0.5726299003615352;0.5;0.49830404338327755
0.44;0.3650518238923534;0.34;0.41008930061284327;0.28;0.26974784025507065
0.18;-0.24752795769753205;0.36;0.74291584099951;0.5;0.5338401453745609
0.52;0.43117036365794686;0.24;0.38723193778824655;0.2;0.21687406401027604
0.46;0.41974101911283207;0.4;0.41920845032652404;0.34;0.29519434950440543
0.14;0.29047350955743906;0.72;0.5122131177635765;0.22;0.3126110325584213
0.18;0.3465771634762695;0.62;0.4521275800492148;0.16;0.27083928417557873
0.44;0.3599416945769353;0.36;0.404032346062482;0.34;0.2873751376714387
0.58;0.5076127424969206;0.26;0.35249001417574727;0.3;0.22857033798248155
0.76;0.6174286202660964;0.12;0.32621811503040193;0.14;0.1755568174170597
0.34;0.3789491929280044;0.62;0.43094933303545996;0.3;0.31476064275410837
0.5;0.26728552170632963;0.24;0.4718788340075945;0.48;0.3081975791853458
0.22;0.19533262062251938;0.54;0.5457326037278474;0.38;0.3601992862931374
0.4;0.24632427733969048;0.3;0.49181280287602175;0.5;0.34165782231492076
0.34;0.4375373989922104;0.58;0.4085203481096262;0.18;0.31790201564624626
0.34;0.3448376779982742;0.2;0.16735502103431715;0.26;0.2593273740052658
0.62;0.5393825932265404;0.22;0.33432033230075914;0.4;0.23567796224820997
0.62;0.5564081781369115;0.36;0.3175463372678155;0.32;0.16590580687419193
0.58;0.474757990105856;0.14;0.13571220186237615;0.26;0.23847423273561846
0.7;0.6533374987107485;0.2;0.3187921602073113;0.28;0.28881504380108597
0.46;0.36026623191713075;0.14;0.16586470532825964;0.12;0.2390387137382382
0.16;0.28357400241880065;0.48;0.50539347261895;0.2;0.2857152774599952
0.46;0.3598678942228159;0.14;0.16629834818822425;0.1;0.23876520212203106
0.64;0.8245230367540815;0.12;-0.019594780497478814;0.4;0.2949868371960696
0.18;0.23676469373957304;0.42;0.5413299704128265;0.28;0.31840404266852845
0.12;0.23093237060197075;0.5;0.5424497346507051;0.22;0.29019330721123554
0.36;0.339401855832478;0.52;0.47945709995371116;0.48;0.38669756366022684
0.42;0.3631522973698302;0.18;0.1644202102973154;0.16;0.24211187796442518
0.44;0.39653008583503685;0.22;0.1608152904830647;0.14;0.23872619863617134
0.32;0.2880287819363045;0.26;0.33157689949136654;0.46;0.4273160597890984
0.74;0.6375779623995192;0.24;0.28722388216688294;0.2;0.11653583967403508
0.38;0.4266631452463138;0.58;0.40229018154166657;0.22;0.27589896829219557
0.48;0.5118455907005826;0.38;0.3623420656364858;0.1;0.1960068765309862
0.12;0.3858461766675682;0.56;0.4401402820087144;0.1;0.22351498487883165
0.14;-0.016113019905976078;0.4;0.6967581398752236;0.5;0.4065071782203687
0.78;0.690208755163926;0.16;0.3107581752412038;0.3;0.2891265605084277
0.42;0.5152786403797032;0.26;0.2160864460269371;0.34;0.3924289738511169
0.56;0.4940713191240202;0.28;0.36039617180876876;0.28;0.23075995532966603
0.22;0.21329456612139647;0.56;0.5271029865938213;0.38;0.35813674331192674
0.18;0.09871055861549011;0.36;0.3852450523285272;0.34;0.3616271399649796
0.44;0.3161737548510188;0.28;0.4516499130570693;0.34;0.28823535649516346
0.74;0.8607531408664986;0.16;0.25745564320772146;0.48;0.4273346763272406
0.1;0.10299384193863242;0.28;0.3141337919433293;0.4;0.31052725242491436
0.44;0.4242929054139279;0.22;0.14651824322894708;0.26;0.25382572844041734
0.26;0.25552285097552224;0.5;0.5028755054873206;0.32;0.330876432676603
0.52;0.5187147221014594;0.34;0.36019208343997217;0.12;0.19674687709985422
0.64;0.5956755841048167;0.28;0.3280586415433942;0.26;0.3233806148858696
0.52;0.4858330977682736;0.38;0.3918918375621245;0.32;0.34812354825920183
0.32;0.28236100314576545;0.38;0.48312382143801186;0.34;0.3185091807235088
0.28;0.35416090913288006;0.6;0.4733687778354661;0.3;0.347048097746856
0.56;0.524820120807697;0.4;0.34459357679532204;0.2;0.2199748871149217
0.22;0.2170724833874293;0.58;0.520906952708821;0.42;0.36759021868470315
0.24;0.17562562274915344;0.28;0.35555019717192676;0.44;0.38687155080059116
0.78;0.7945180710124056;0.12;0.3417258755933554;0.44;0.408229992719142
0.3;0.3509756048315446;0.28;0.17202756018242266;0.1;0.2480090168048355
0.4;0.3375323447782545;0.1;0.15976639204604898;0.18;0.25117120922273545
0.1;0.19900926232146537;0.18;0.19265306634468754;0.28;0.34162348610487486
0.62;0.5147087849771654;0.1;0.091722880348926;0.5;0.2570575570330212
0.56;0.4718743384094785;0.42;0.356303272786401;0.5;0.22317401765544448
0.34;0.3666756605502381;0.6;0.444929283844742;0.36;0.38660555710538974
0.74;0.614701002371431;0.18;0.31358017064898597;0.12;0.210717243524484
0.76;0.6274477646370469;0.12;0.32507968063991005;0.16;0.18092420883273436
0.18;0.26487530777095375;0.48;0.5172350932954253;0.24;0.3079175474935339
0.64;0.5609536142528231;0.2;0.32499402244148407;0.44;0.23374545041391942
0.38;0.33338477871786515;0.1;0.15869251067362572;0.18;0.2544056951581651
0.24;0.38232277866904746;0.64;0.4580890185924364;0.2;0.30923336001904916
0.34;0.4692410189035054;0.5;0.3815579811713135;0.1;0.2153863972438393
0.12;0.10575613414819979;0.74;0.639508379674701;0.48;0.4130966155827905
0.52;0.3534864428517596;0.28;0.38857729636865973;0.5;0.3000331334270419
0.38;0.3641932102167799;0.5;0.46298613868851296;0.42;0.3674117795740122
0.36;0.33731545110064526;0.14;0.16211527918364627;0.32;0.2600231361942696
0.26;0.401587091275539;0.4;0.42668345374592515;0.14;0.24282076219527854
0.26;0.35960047278038293;0.7;0.45312988296414375;0.26;0.31784583421948215
0.22;0.1528277428014439;0.5;0.5791504962936243;0.46;0.38338039780463534
0.34;0.3237978028235264;0.12;0.16316035764719078;0.46;0.2737644479344779
0.56;0.40010958388819134;0.22;0.3776540662819912;0.36;0.2488320630748993
0.26;0.37481270986087684;0.72;0.4402835330351463;0.22;0.2688889638905599
0.5;0.39511684406882946;0.14;0.1555011700061842;0.4;0.24598621274537097
0.3;0.3189409811139014;0.62;0.48588939719749696;0.48;0.46083489494687685
0.34;0.18248257798336937;0.3;0.5469315929748817;0.48;0.4619848100739286
0.5;0.4679199125216777;0.28;0.3655713253321539;0.14;0.20123026119089277
0.22;0.3034155211326223;0.4;0.4959179945407229;0.24;0.2960758648804705
0.32;0.29585404305554003;0.52;0.4793270699800695;0.48;0.3552300911593305
0.66;0.6000488217806026;0.3;0.30741735665118947;0.32;0.22128265702629962
0.14;0.12861793102469016;0.52;0.5956973668365029;0.34;0.35536217217575855
0.16;-0.27374139018608573;0.36;0.6800292031467592;0.5;0.4879257719778059
0.54;0.41925524854916024;0.14;0.15133586870110355;0.26;0.2358816674849456
0.14;0.16873401507373947;0.7;0.5738247111006831;0.38;0.37190597991960234
0.2;0.29469858533954935;0.54;0.49349578912787234;0.2;0.29281558057137774
0.34;0.3794738083945634;0.28;0.22837773662919453;0.34;0.33572897228956494
0.52;0.44273664170378585;0.16;0.13975035950282805;0.32;0.24300271836209847
0.22;0.18876847765510013;0.46;0.5596698929140898;0.42;0.36982269375880167
0.58;0.40950775417275737;0.2;0.3683000111917312;0.38;0.24477214236604455
0.5;0.40495021767145783;0.24;0.40589676284958204;0.22;0.2295404325030424
0.26;0.307768203557311;0.2;0.1795307784156897;0.26;0.2759224914676351
0.48;0.28617740000233;0.26;0.4633319398451787;0.42;0.29961797913053007
0.14;0.2816029320248778;0.7;0.5044316557221613;0.22;0.30588647625785287
0.28;0.29561159436565426;0.68;0.487164833230949;0.48;0.37894423040990605
0.64;0.5981231212508911;0.26;0.34022270442390884;0.3;0.31486268717587423
0.16;-0.05756822834157865;0.34;0.47688569403625586;0.44;0.39700970660452045
0.44;0.41800144157461067;0.22;0.14956368160669192;0.24;0.2502965187138804
0.68;0.601990176675447;0.14;0.2172370687114052;0.24;0.33468921641047006
0.36;0.35340029650230304;0.34;0.44173057668300025;0.24;0.27360873906945843
0.48;0.5053148549624324;0.24;0.29510706537155323;0.32;0.4071047806958595
0.14;0.05010271157611895;0.62;0.6293746423690398;0.44;0.39423537591537455
0.26;0.26555931927881476;0.38;0.5100738240167908;0.34;0.32820465385524417
0.5;0.3907249145055906;0.32;0.38929591042726225;0.42;0.28912013599148795
0.44;0.46459609452905654;0.24;0.1349925637782789;0.24;0.2603808890768056
0.12;0.06007056450935594;0.48;0.6520688732180853;0.38;0.3642972790044388
0.6;0.5140840690613186;0.24;0.34620618255062124;0.42;0.25086383117466854
0.74;0.6219668862247747;0.2;0.30574984426034474;0.14;0.20218693324257858
0.7;0.7000813725258348;0.22;0.29350988704800035;0.38;0.4082155962033403
0.52;0.4457322939374488;0.34;0.4119556532117556;0.42;0.29943462801201465
0.4;0.3373609229846554;0.1;0.15989762022548976;0.16;0.25072773759072137
0.3;0.32259612366621554;0.22;0.1857751176042945;0.34;0.28149708927558864
0.66;0.4997900486095738;0.14;0.2392216328346266;0.38;0.349871294888259
0.32;0.44193787572626747;0.66;0.39474726266807975;0.14;0.2242760559249169
0.36;0.4024288039977059;0.6;0.41694223895143373;0.26;0.2962449908129648
0.2;0.3170937891443983;0.34;0.1898512822625476;0.1;0.2590881957889933
0.16;0.2620203330861341;0.58;0.5114785072114243;0.2;0.2957558047605238
0.14;0.3504879678192114;0.74;0.47646721422046695;0.16;0.2928896149829248
0.7;0.6586396466032383;0.18;0.326485840527414;0.32;0.2451084185048265
0.44;0.36545373429386946;0.38;0.4076771811289051;0.38;0.2993021451092864
0.7;0.6818170619602835;0.28;0.2540901505794852;0.46;0.10499870350091728
0.6;0.5385503296267167;0.26;0.36400111974593313;0.36;0.252244632328206
0.28;0.4333953844710991;0.68;0.4060359477102115;0.14;0.2547011670812998
0.3;0.31318098448261783;0.1;0.15116704932636887;0.28;0.27702537422620127
0.1;0.29741415544575184;0.76;0.5210188892861112;0.2;0.29502639032155203
0.66;0.6135740681582831;0.2;0.3491280577173998;0.48;0.25641151827062375
0.22;0.28133848848293325;0.46;0.5034372061797396;0.26;0.3128387040697325
0.68;0.6569549482231254;0.22;0.32909097825062433;0.38;0.35627600446697644
0.26;0.3234581955612163;0.26;0.18241465257474115;0.18;0.26502505413725347
0.4;0.4663589197979136;0.5;0.3932287262686834;0.16;0.28006512820819923
0.42;0.4229190101058557;0.22;0.1498323449736529;0.34;0.27712009174627555
0.42;0.40362259055431576;0.3;0.41003855462120004;0.18;0.23629656517039083
0.3;0.3502222495970277;0.28;0.17357847230812368;0.12;0.250327721029918
0.22;0.18686466477092728;0.56;0.5419761609159546;0.44;0.3744993810101383
0.16;0.28274616413975345;0.5;0.5039295692982013;0.2;0.2883439985925796
0.68;0.5794091781685553;0.28;0.3210872916445529;0.12;0.1665780935952333
0.26;0.35482860405937683;0.38;0.45646136866807646;0.2;0.27160058504819334
0.36;0.4524847919516028;0.54;0.40298989642653366;0.16;0.28656681539719303
0.6;0.5374970323976747;0.26;0.36565788303119157;0.38;0.25802820695322654
0.3;0.30986553632463537;0.1;0.15370242621234392;0.36;0.28050208655615366
0.1;0.21307181800393965;0.18;0.18063578644045836;0.24;0.34164422357784746
0.18;0.12882856229440137;0.58;0.5879776544669484;0.42;0.38114082967975366
0.16;0.2785897605108409;0.4;0.5147191748078137;0.22;0.2837782165309291
0.32;0.29077490837359193;0.52;0.48214580049708616;0.5;0.35930829274175397
0.12;-0.02179965026698155;0.58;0.6887646205860118;0.5;0.41476113953483124
0.2;0.17845797957075255;0.46;0.5709932557524546;0.4;0.3673429519348082
0.24;0.325518999287252;0.26;0.17243170040039718;0.1;0.2579500444822385
0.16;0.12737210267512883;0.28;0.3039768052422283;0.38;0.32598090194891244
0.38;0.2512174299694336;0.38;0.48463555885204307;0.44;0.33464378466727057
0.24;0.32186088204491065;0.72;0.47948215135082656;0.32;0.34512515714916164
0.32;0.24239711947618375;0.4;0.5050681956244583;0.4;0.33811152439331155
0.34;0.21790064917725543;0.38;0.5159708353690855;0.48;0.3536165992439982
0.36;0.3761308810910841;0.46;0.4179195111608333;0.26;0.28391332199927094
0.34;0.3531679138309369;0.62;0.44509734365774317;0.38;0.33943571862138017
0.14;0.16321885070805625;0.52;0.5748393030052281;0.3;0.3381762667804962
0.58;0.5183600888561146;0.38;0.3421888580413946;0.42;0.28434143706173304
0.12;0.05958701368026692;0.46;0.6544504600216008;0.38;0.3619613249710297
0.18;0.12624409179445734;0.4;0.6131435618211067;0.44;0.37830663061940145
0.32;0.34998416675162564;0.54;0.4654401118361113;0.34;0.3290437904027988
0.12;0.20120260962331543;0.74;0.5760058304108522;0.32;0.35766110443164495
0.2;0.3498514890148036;0.38;0.4705950680495386;0.18;0.26283744022383276
0.26;0.4449572980743361;0.68;0.4048637644874414;0.12;0.27008220426678436
0.16;0.21589456964140802;0.22;0.21450094567833838;0.3;0.30583643171868063
0.14;0.31953426578801974;0.46;0.4842632442313988;0.16;0.2559653991266507
0.26;0.19633637496568185;0.34;0.5560734223318293;0.5;0.37055299757586996
0.34;0.3253383302073886;0.12;0.16120759837823545;0.4;0.2691570194630009
0.28;0.3778880361641616;0.68;0.43878705441668114;0.24;0.30526403749745074
0.24;0.287072364216758;0.16;0.1765706046993067;0.32;0.291757659048769
0.22;0.18663373227868324;0.2;0.2799396170792399;0.5;0.34303310985503105
0.12;0.4101593517651618;0.84;0.42682792194704416;0.1;0.2353160211441639
0.64;0.5771744156373699;0.3;0.3253101978494007;0.16;0.2293902607927399
0.52;0.3891958086698641;0.14;0.16457464516795534;0.16;0.23421656784654404
0.32;0.3397314665622246;0.26;0.2191319803499609;0.38;0.32577778716961264
0.54;0.425518409744934;0.12;0.13874765347099166;0.48;0.24658356057904657
0.56;0.45013637321299854;0.12;0.12665738356186124;0.44;0.2439571361516633
0.16;0.35152614057506665;0.76;0.4730858157605455;0.18;0.3442618022526665
0.28;0.3022010602720388;0.14;0.16968826514799945;0.38;0.2850546776378336
0.14;0.07199429469870972;0.42;0.641104921519065;0.4;0.3692066814988762
0.32;0.36701253111374904;0.3;0.17687353194046646;0.14;0.251362881812951
0.28;0.31473474670757956;0.22;0.18650477313620145;0.3;0.27803077509442803
0.54;0.5092435001120179;0.38;0.3701655650238745;0.3;0.36413648656844005
0.1;0.15787404173106817;0.16;0.21489917531337405;0.38;0.3592132352452984
0.34;0.3387194845136869;0.18;0.16836616614107686;0.36;0.26967869780897674
0.34;0.3582246154588959;0.24;0.17483554545702157;0.28;0.267684268300271
0.36;0.3455845463834685;0.18;0.1642952718005008;0.16;0.24954328345484372
0.28;0.22790169074338945;0.24;0.3160791890409949;0.5;0.39580151067094876
0.86;0.5546053379176372;0.12;0.312401484264698;0.16;0.1038498513379969
0.32;0.39066789208296065;0.52;0.4264687301000862;0.22;0.27871984613491124
0.24;0.345389917567753;0.6;0.4646450803414028;0.24;0.3044420706565481
0.4;0.4576923698123571;0.5;0.3989664052414474;0.18;0.2931444396453307
0.6;0.42398475480503145;0.1;0.15486644104808228;0.16;0.23112493721071475
0.44;0.34569610448407156;0.1;0.16149076822091696;0.18;0.24567645211865058
0.7;0.6435831341661868;0.26;0.28802797214907344;0.3;0.199251912063871
0.3;0.3158533523642936;0.54;0.47125563850440216;0.38;0.3365280149298924
0.46;0.3278686683208291;0.28;0.44328628048635593;0.32;0.27721667515586207
0.16;0.20416957704115307;0.66;0.5377503970318833;0.34;0.3548411028038841
0.18;0.40224119335988257;0.66;0.4321093689141657;0.12;0.2471096274900893
0.74;0.8331469002506198;0.2;0.21728178973712348;0.46;0.396559458065652
0.1;0.16211506285498672;0.68;0.5733348597182462;0.28;0.32729165737648375
0.12;0.2037721665973648;0.3;0.23588563596357287;0.24;0.2910089641568226
0.32;0.403085332822213;0.64;0.41906876357000816;0.22;0.2879284053908214
0.64;0.8423936786505217;0.14;0.025758593101521787;0.14;0.23846226780039276
0.42;0.36593698686681514;0.42;0.4294472010085459;0.4;0.312755850809956
0.32;0.4277123199063461;0.62;0.41001437836559756;0.18;0.3035066304049954
0.3;0.3231139756653955;0.16;0.1627094443937171;0.22;0.2648395961159223
0.1;0.09367925552491457;0.64;0.6292809165272735;0.32;0.3479445654901197
0.5;0.607014607724875;0.18;0.09475537423977992;0.46;0.3412318605335108
0.22;0.28530233913784836;0.26;0.20579882841875824;0.24;0.2829130075445319
0.62;0.4814706068095666;0.12;0.14838139282299306;0.2;0.23447118689104857
0.18;0.2492783513199452;0.28;0.2228760459657399;0.24;0.2890866170662206
0.52;0.41183917232951356;0.3;0.3776184523443546;0.4;0.2762819437429079
0.3;0.3607449822736341;0.64;0.45207381771849403;0.32;0.3779307877187526
0.56;0.5449677715452894;0.34;0.3470629757905446;0.1;0.21045719206705288
0.24;0.2660362811683196;0.12;0.18017556890982894;0.46;0.3135135955434008
0.66;0.5675703556506304;0.2;0.3358976175386968;0.1;0.16321275405262187
0.68;0.6132875967571498;0.16;0.3064244004508995;0.44;0.2074519817155141
0.36;0.42255985436842963;0.34;0.40488224353158103;0.14;0.2291300941680055
0.18;0.15406667495990928;0.56;0.5786025701456887;0.36;0.36358663774614103
0.2;0.22422537011953664;0.68;0.5718625734115887;0.5;0.4295214869552196
0.32;0.40627965209727596;0.48;0.40332757324458274;0.16;0.24951893291052502
0.48;0.4445352569372429;0.36;0.3877430263910579;0.26;0.25248515275883593
0.36;0.47423028381955995;0.48;0.3782659666090465;0.1;0.21244061261076924
0.5;0.4584813679452659;0.26;0.3763418209023334;0.14;0.20134439285383282
0.44;0.3809017046930358;0.42;0.4416849240149982;0.44;0.32930629305625475
0.16;0.2637879215584464;0.26;0.19319287124672607;0.18;0.2833276111351806
0.22;0.32293155799720424;0.72;0.4884568447135567;0.3;0.38722716582195377
0.3;0.24731151921584543;0.44;0.5038055402329498;0.36;0.33299164585442315
0.18;0.2194870357321032;0.16;0.20219750914705376;0.38;0.32337076126514847
0.24;0.3069963566383513;0.22;0.17918603109256287;0.2;0.27266898123958244
0.14;0.24425973624866487;0.48;0.5297938369748085;0.22;0.29327017760830915
0.16;0.16613460919520512;0.62;0.5557244835294992;0.34;0.3564085494712997
0.56;0.4999093138404624;0.4;0.3535713659620931;0.38;0.279401971796097
0.22;0.30870663086352196;0.2;0.1628246670457178;0.12;0.272672640376281
0.52;0.42496216609786835;0.14;0.14297515257133792;0.42;0.24732027959606656
0.14;0.23169310423574369;0.26;0.2067422342165855;0.22;0.292154600011652
0.82;0.6230371983895988;0.14;0.3345182871879954;0.34;0.18601583613464984
0.14;0.33925030764423053;0.5;0.46924965037942307;0.14;0.2489601519959655
0.34;0.25613654019913595;0.34;0.49558840965272594;0.44;0.3394787363573811
0.54;0.3767637431763055;0.1;0.16586116901885956;0.28;0.23584300479775694
0.1;0.3370456857080543;0.7;0.4653246619568781;0.14;0.25062030228325144
0.26;0.23500254221968636;0.4;0.5254938316730127;0.4;0.3498148389050533
0.18;0.25001236310572333;0.62;0.5064936674168006;0.28;0.32950838382532327
0.3;0.3689539157995651;0.6;0.459890149803766;0.3;0.3729440710262742
0.14;0.09307902182267797;0.36;0.33844906538981584;0.32;0.32443948130338557
0.22;0.34949641318114794;0.42;0.46499972542372253;0.18;0.26927246751239325
0.16;0.281340758899917;0.76;0.5203367026272945;0.28;0.4115055487158719
0.6;0.5841576664132657;0.18;0.23790055862241818;0.26;0.36821199202149574
0.74;0.6880423540175415;0.22;0.26716731713215774;0.28;0.18197371814822733
0.18;0.15186721242473505;0.4;0.5970274727437657;0.4;0.3646158545662806
0.32;0.35167142207341645;0.26;0.18093810428896545;0.26;0.270153167863561
0.28;0.2761250588343042;0.38;0.4967031386848591;0.34;0.32471412983893716
0.26;0.30637847298611004;0.7;0.4853271339957385;0.4;0.36446193277924893
0.34;0.3585748008449589;0.36;0.4401801383661354;0.22;0.2702541672537953
0.52;0.2910351259976262;0.24;0.4476283207897474;0.48;0.29999226235646775
0.2;0.3931622997786552;0.72;0.447827905732243;0.16;0.32493868007711685
0.66;0.6345728055889415;0.26;0.3203833854437261;0.38;0.4102856038932777
0.22;0.3756652511581488;0.38;0.45140528151094633;0.16;0.2522506372479461
0.46;0.3681654154319946;0.12;0.1485033184020656;0.5;0.25731790217630307
0.34;0.38843322237114347;0.54;0.44645469297308055;0.28;0.3265054141007147
0.42;0.396792975534854;0.2;0.1527177245133831;0.36;0.2686062986890639
0.22;0.27833130880647977;0.6;0.49373305089966596;0.32;0.3376907450286338
0.5;0.4782341444399864;0.48;0.36542316940746594;0.22;0.20384293146466265
0.8;0.5958852373422763;0.16;0.33267988351179717;0.16;0.16081553947662913
0.32;0.31558919613437214;0.12;0.162892290213776;0.44;0.27721023775939374
0.16;0.3615339304944631;0.8;0.4565435103854845;0.16;0.2805834713929079
0.4;0.3549107718465387;0.16;0.16136846894411533;0.28;0.25194772294989237
0.12;-0.003967925204348799;0.32;0.39765904409902336;0.44;0.33875390495721464
0.28;0.32663779596597625;0.48;0.45938682959877625;0.22;0.28703600041992333
