l1_test;l1_pred;l2_test;l2_pred;beta_test;beta_pred;
0.24;0.33059883607433876;0.1;0.13048273457673693;0.3;0.28336842083484814
0.2;0.3883284203757937;0.64;0.4446215579855156;0.22;0.3042347921096855
0.7;0.3348492491833573;0.12;0.37522352935793046;0.32;0.37258923613542544
0.66;0.42234045588488855;0.22;0.4177903895169379;0.34;0.2778048934770936
0.34;0.4175829659303122;0.62;0.41217131216270986;0.5;0.31342435249444345
0.3;0.47024984292263367;0.66;0.39102423221908744;0.12;0.279966054341525
0.38;0.35055815494301423;0.1;0.1463858515804859;0.26;0.26641370357230015
0.24;0.3735964694678133;0.74;0.45757859053293903;0.26;0.30751043826965807
0.46;0.4371792352051391;0.42;0.3895432200624771;0.32;0.29140867244843655
0.52;0.4120721007642632;0.28;0.3821139434546269;0.42;0.3029553186273478
0.68;0.45778722715727893;0.24;0.38615558990670196;0.4;0.2598710660571909
0.42;0.3794184198205468;0.52;0.41880851463305757;0.36;0.30577030844422537
0.68;0.43207012734076744;0.26;0.41206378649116;0.32;0.2643428286403826
0.24;0.28382224935052497;0.68;0.5005690866694599;0.36;0.3401909965202353
0.36;0.34315795250599834;0.38;0.4627476093473281;0.2;0.3214959938994508
0.18;0.3244003072919299;0.18;0.15460553251830453;0.32;0.2843504982789242
0.1;0.3323195198712255;0.52;0.47845831697592667;0.1;0.2969007984226268
0.1;0.36745009021263964;0.7;0.4694481224563998;0.28;0.2844953326748398
0.58;0.39603010698371666;0.24;0.40246995525005996;0.4;0.3025041802674889
0.34;0.3579436714426502;0.32;0.4386599554089515;0.34;0.32799870213858945
0.3;0.40473003883091757;0.58;0.42606511478277675;0.18;0.3016374104574909
0.26;0.39621153298275885;0.34;0.4442228664396546;0.18;0.30902573496996877
0.5;0.33319294181930803;0.16;0.17855267047239698;0.32;0.2894526817055285
0.32;0.32943763616842453;0.38;0.4570573134333362;0.46;0.3504492780169543
0.1;0.2686278800265298;0.38;0.22148464331360115;0.2;0.2611962415057497
0.66;0.42111161989454055;0.32;0.4122218494664079;0.38;0.2791092910866385
0.46;0.5675742907433794;0.2;0.13542836816918521;0.46;0.31825858654548356
0.52;0.39983394549916385;0.36;0.40716224764104153;0.36;0.29741144493675964
0.36;0.285463001295679;0.22;0.23351683637059267;0.4;0.31421487040587187
0.14;0.36502321388187736;0.76;0.4655921665201633;0.16;0.2931922841113874
0.12;0.1892598106735453;0.52;0.5894333404719552;0.36;0.3350927837635118
0.24;0.34228789148102473;0.34;0.4893491274757124;0.48;0.32958807131440804
0.36;0.4431903305148493;0.56;0.38839241286395776;0.46;0.2999249851911566
0.18;0.3275550246450218;0.2;0.16955817377376042;0.34;0.28467777149458195
0.82;0.46134987461022303;0.1;0.43862326703142396;0.38;0.24447373604109882
0.16;0.31124602250733313;0.66;0.4909786589256491;0.12;0.32737300841936345
0.24;0.41293602993138623;0.66;0.43304509767434274;0.2;0.2973840691667772
0.42;0.3606926072677892;0.24;0.17099427064393172;0.18;0.2847420094663726
0.4;0.3867238978999593;0.54;0.41947264432704473;0.48;0.3070408914337461
0.28;0.29342380243959093;0.32;0.22582032816225067;0.2;0.3139670853811176
0.22;0.3749048336597937;0.74;0.4615261841524648;0.32;0.3084961445888065
0.5;0.47771204936237327;0.48;0.3779276303938963;0.12;0.26235716786574115
0.76;0.49142457289901215;0.14;0.39454294386595545;0.24;0.2521672165641693
0.38;0.31331495340480164;0.18;0.18385706761127388;0.3;0.2890543645162701
0.1;0.32051547290534743;0.58;0.5462389300969758;0.5;0.28867022395890163
0.86;0.41018874988791454;0.1;0.4322487306644933;0.14;0.2813935053405755
0.4;0.4460815149412816;0.58;0.3935763692283012;0.22;0.2892463738101534
0.12;-0.15080065953959165;0.34;0.5289239749455786;0.5;0.32806328101694077
0.14;0.06892972204789699;0.52;0.6443331349237394;0.44;0.3954834242315482
0.34;0.38225308862454827;0.16;0.13773323693810455;0.36;0.2583306833411272
0.46;0.4270578887351234;0.34;0.3975181638028279;0.16;0.29878527077671074
0.2;0.3118560070820915;0.38;0.5019531535913662;0.22;0.3375014559482948
0.48;0.4003701341795598;0.48;0.398466232248061;0.5;0.2875299615738287
0.16;0.2371666429598075;0.28;0.2247267800149046;0.24;0.3083667075103419
0.12;0.18664800296653655;0.64;0.5651719485540905;0.36;0.3325121277541808
0.2;0.43175985880358453;0.4;0.44835302125147136;0.26;0.29425209025727594
0.36;0.4044597039095184;0.4;0.40567846669463026;0.38;0.304758459657185
0.64;0.4497240240181692;0.22;0.4005479043471466;0.12;0.2669025814166035
0.56;0.3858287339799368;0.26;0.4115897212257974;0.3;0.2961730918221839
0.24;0.2712368804873288;0.3;0.20154077493186157;0.12;0.29883400183140385
0.3;0.41094472615620853;0.5;0.41704615580469234;0.14;0.29041816717698754
0.6;0.4222435249501139;0.36;0.40595291757609686;0.26;0.28624536889106833
0.6;0.47382127090705217;0.28;0.39877524228440886;0.16;0.2604748506412923
0.18;0.25771498138294824;0.34;0.23863547385209868;0.24;0.29105597707752956
0.12;0.25551529426355646;0.56;0.5192460016783936;0.16;0.3287023775587412
0.28;0.3104735959135259;0.54;0.46594201953788267;0.48;0.3540957695644579
0.52;0.2914745706630447;0.12;0.2055996835097574;0.4;0.29549803428264065
0.16;0.30616212865971987;0.8;0.49661543143520426;0.24;0.32445804119557664
0.76;0.40872080347950396;0.2;0.4308220801100832;0.16;0.27548076746316463
0.54;0.47347890992265285;0.42;0.384064063794033;0.18;0.26529108853596384
0.14;0.33161630368734973;0.26;0.1613232456651106;0.14;0.27469339124641545
0.56;0.42869246009327167;0.3;0.41713125180095806;0.14;0.29086514093102134
0.24;0.4470607422579356;0.54;0.4030754332767571;0.12;0.29234621643062425
0.12;0.32473844760527015;0.2;0.14468050176350528;0.24;0.2705824866712322
0.4;0.35307473878921464;0.52;0.42915725433040725;0.36;0.3156070164615098
0.44;0.4040437804952731;0.24;0.15414850591844956;0.22;0.28449416360655966
0.28;0.3464824109105691;0.66;0.4641865370636973;0.46;0.3280332159707904
0.38;0.41014570499416053;0.54;0.41739078629439147;0.24;0.28645065222571925
0.22;0.43707353672504307;0.46;0.42983699756308613;0.2;0.28617162724415834
0.6;0.3965599000983519;0.3;0.4092235502798873;0.48;0.2850484026017075
0.18;0.3228333511326736;0.58;0.4864076038435785;0.34;0.33289111844751906
0.48;0.4232240950420314;0.36;0.38682274128688043;0.34;0.2996202712668243
0.12;0.2681037557446359;0.58;0.537162418010612;0.36;0.3140732419006309
0.4;0.32920130011339327;0.36;0.442947930569059;0.3;0.33054201272603345
0.52;0.3802769797132211;0.1;0.16168603820978678;0.22;0.2670825758149876
0.6;0.3655928852893699;0.34;0.42982246694928816;0.38;0.30439045232208073
0.1;0.5658613615075074;0.16;0.014456602822011944;0.4;0.1889409760580729
0.52;0.4595092626575505;0.44;0.3747561839791804;0.44;0.2657169451727032
0.46;0.44962385635207913;0.38;0.3794243458325469;0.26;0.28438940218871367
0.3;0.4524304102328284;0.18;0.1075338084645896;0.12;0.23826026217459875
0.18;0.18764851870880936;0.14;0.2334822272231458;0.5;0.32182488315417773
0.5;0.4118851625058493;0.12;0.1297339211463719;0.32;0.24788248383863112
0.18;0.27052059354920105;0.5;0.5227035889699545;0.28;0.3464534228221882
0.12;0.4116720868686963;0.16;0.08594456317327126;0.18;0.2593633807804634
0.5;0.38941943352697517;0.46;0.41191127605405625;0.5;0.3048758554841717
0.34;0.38651882711759167;0.56;0.42192554703555163;0.34;0.3216870962163337
0.26;0.21771670554363926;0.32;0.2885056050304289;0.28;0.3213893655056769
0.44;0.5152670920791507;0.32;0.35866853422735345;0.12;0.2620498437021215
0.3;0.3816320924425885;0.24;0.1583506104462427;0.22;0.27276838375902823
0.62;0.4792699729060343;0.28;0.3804412127890356;0.24;0.25772248014204535
0.52;0.42659253713243817;0.44;0.4112511605218517;0.3;0.26913616394391876
0.44;0.4468645499860228;0.36;0.37102395520278425;0.24;0.2848702882325824
0.16;0.23757373437288792;0.78;0.5340643906824158;0.42;0.34306523481766227
0.2;0.3099033729728522;0.52;0.4939699363212216;0.32;0.32786606279467057
0.8;0.48976863557924044;0.16;0.4201374947597837;0.44;0.24024243416600324
0.16;0.24411122748489922;0.36;0.2381966457043772;0.18;0.28666099475317
0.36;0.3707386563738828;0.46;0.421753462259742;0.32;0.31545742073830474
0.26;0.32741894126179466;0.66;0.46610247642168423;0.46;0.3300469467979482
0.26;0.33093994449879105;0.72;0.46168386243620235;0.14;0.32104731109143614
0.12;0.16244728545356646;0.3;0.2781868854533706;0.34;0.29299863883749
0.12;0.27767142257957433;0.7;0.5122981327415707;0.24;0.3162452938260269
0.16;0.34254234094839725;0.5;0.4849627026276075;0.28;0.3125172862525012
0.1;0.22978679390609097;0.38;0.25292393841976935;0.24;0.26385735451074466
0.22;0.3949712001893429;0.74;0.42242974680437195;0.1;0.2901488520781859
0.54;0.4837298151756123;0.2;0.34368458250330836;0.5;0.3272109140929452
0.16;0.1872944423123665;0.24;0.2429644324301099;0.32;0.2949939827156857
0.4;0.44748954411364433;0.3;0.39426297976960517;0.26;0.2904609218238226
0.14;0.43799163658048057;0.1;0.06063843931163482;0.22;0.2711099555699953
0.38;0.44708148749735194;0.4;0.37740856693634955;0.44;0.2915501699545989
0.18;0.456846813007326;0.6;0.41221394972149095;0.1;0.27566930195314227
0.36;0.420311360540122;0.4;0.41433728050469654;0.1;0.28619632005773576
0.18;0.3531636139836306;0.62;0.47435129754598176;0.38;0.3341499639282246
0.2;0.26906983365828474;0.22;0.20548172878667953;0.34;0.2968226798430732
0.38;0.32213672284749423;0.22;0.19058480428697366;0.16;0.276187349373786
0.1;0.3614452971118019;0.8;0.4952205820205381;0.3;0.27419458597400287
0.12;0.34752926991000427;0.14;0.12366301197014995;0.4;0.2762360433985407
0.12;0.5617530460256286;0.12;-0.0024082222037035694;0.12;0.2348378333475385
0.32;0.36312583452667696;0.34;0.45526386924649925;0.2;0.31386191547618325
0.66;0.4299287864669233;0.2;0.3976988587601218;0.46;0.28301152167880395
0.2;0.36647751538249923;0.66;0.46998839549035876;0.34;0.3201742597529005
0.26;0.2936612880396531;0.56;0.48078823792515035;0.38;0.34391676859855025
0.56;0.4132408397830287;0.38;0.4094992756963082;0.2;0.27113477225200433
0.34;0.33978076222980647;0.24;0.17202769477985075;0.1;0.27558852414687296
0.36;0.40624013534035786;0.3;0.4220863026527235;0.22;0.311166072953174
0.3;0.4441565965705345;0.66;0.400756711348018;0.34;0.2978278130891212
0.28;0.39535210975046076;0.14;0.11549916305883534;0.26;0.26236565681096513
0.12;0.2570328587751773;0.1;0.1446938593807901;0.42;0.3145195046521823
0.16;0.11638951704107997;0.26;0.32675010351557204;0.44;0.3105617889407345
0.62;0.3967540517606419;0.22;0.41425782433979347;0.36;0.30249480892306535
0.6;0.47427472465680354;0.36;0.3739239002661904;0.36;0.2628560214877702
0.24;0.28975546730039614;0.7;0.49129328589544496;0.24;0.343913964354881
0.1;0.23342585824523177;0.56;0.5693398951692223;0.5;0.30210717202459386
0.2;0.28796420515878124;0.38;0.5242410403491711;0.44;0.3455704603384586
0.22;0.3843849239699022;0.76;0.4521590502707735;0.18;0.29300475127466674
0.28;0.3668710594623155;0.28;0.17647549325685166;0.14;0.2581495271118628
0.6;0.4146600662028229;0.24;0.40702402142470157;0.12;0.28482811069311686
0.1;0.32944011926231437;0.64;0.49647592403452023;0.24;0.2909346253380597
0.62;0.5341591575851439;0.32;0.3561749787104104;0.22;0.23817944813227865
0.26;0.25175724010736783;0.16;0.19435302429071077;0.14;0.2991688516343578
0.38;0.47605463347785576;0.46;0.3628413727115945;0.4;0.29313983279157096
0.2;0.3808162922270573;0.68;0.4475549411134539;0.36;0.31466720603644127
0.22;0.3402071109394538;0.66;0.4723612608969445;0.24;0.3196614623414615
0.72;0.500728387132046;0.26;0.38248418444980103;0.46;0.23987201354473484
0.66;0.42418517252637783;0.22;0.39554382910064845;0.4;0.2667112349791565
0.32;0.4034879080311585;0.56;0.4149169206335478;0.42;0.31212769129741214
0.5;0.48941965036132906;0.28;0.37158133124807086;0.1;0.26425228223372954
0.32;0.43745109924252024;0.6;0.4083121606240213;0.4;0.29477267857024225
0.28;0.40091707814606464;0.36;0.43063640682918114;0.24;0.3086198074938563
0.16;0.3527286246484671;0.14;0.11399731513973083;0.16;0.2816045014927907
0.34;0.43597613435835975;0.32;0.4093029339174815;0.3;0.31019540307404814
0.38;0.4160656501088095;0.5;0.41463145600415474;0.28;0.29505097886501064
0.36;0.37875920939850816;0.4;0.4202615572182357;0.26;0.3107835049195027
0.4;0.3632085796183129;0.44;0.419125885148081;0.36;0.3286613550179347
0.64;0.4696818375021403;0.3;0.3604051606317311;0.44;0.2604032199427799
0.12;0.2678445341134285;0.24;0.1780968585893934;0.26;0.2797649861853494
0.3;0.40267730120797746;0.52;0.41600283344005506;0.28;0.3213980569990532
0.68;0.44536398170853975;0.22;0.409765119107974;0.18;0.2560148361191755
0.2;0.39047046501226923;0.5;0.46133396288498;0.32;0.3127654004596654
0.14;0.1540393692335561;0.3;0.25450648167716255;0.16;0.3151372001547992
0.66;0.39865969031059856;0.12;0.22172123216273212;0.24;0.39717248561777757
0.78;0.43076792711582645;0.18;0.4433627096525249;0.46;0.26114018146451035
0.38;0.3127558782170738;0.44;0.4450097872260188;0.28;0.33847098631143746
0.44;0.4282370347364665;0.4;0.3976274918539059;0.28;0.2990729705173948
0.72;0.40185715433543;0.18;0.4208761604927693;0.42;0.26732669904100437
0.32;0.41587474470830427;0.5;0.3970967302870828;0.3;0.3045831054376985
0.28;0.39816885083929987;0.1;0.10890060216991088;0.2;0.25072805785919994
0.34;0.2916278273876719;0.26;0.2677342652430421;0.38;0.3381752394862367
0.12;0.14778318459468232;0.7;0.5768954615784881;0.38;0.3574079733486313
0.44;0.5802743259934449;0.24;0.17430541650992834;0.36;0.3123572501080586
0.44;0.4810457810733281;0.54;0.376158909135953;0.38;0.2717674344828047
0.28;0.2957057132628633;0.26;0.19494214977436433;0.1;0.2910210309310553
0.2;0.45504002902523943;0.36;0.4295520169364705;0.16;0.28606736797590604
0.1;0.5788227808224925;0.14;0.008828371332136098;0.4;0.19244755099197247
0.34;0.3924485499861322;0.28;0.16524895702962178;0.24;0.2598511202345558
0.84;0.48892371436948373;0.1;0.4127999884831661;0.44;0.24280630824628344
0.34;0.45360783379250896;0.34;0.40486457280446836;0.42;0.29628365926440353
0.54;0.40646877491212946;0.32;0.41862621799955885;0.2;0.2901076730314995
0.32;0.428381421751956;0.18;0.1325658830731643;0.42;0.2574140584687735
0.74;0.3691218211891339;0.1;0.40792370145589185;0.1;0.36786718534828833
0.28;0.37697474374428946;0.56;0.4379983981088117;0.48;0.33730620531728384
0.1;0.38123235935205957;0.84;0.48086933327222403;0.28;0.25293345174525694
0.14;0.17502075416426682;0.84;0.5689170551670362;0.44;0.34565033203199846
0.44;0.4112847424224133;0.5;0.41669355695546406;0.26;0.29734140178622254
0.36;0.3649165146546916;0.58;0.4479825272130421;0.28;0.31319121337984396
0.28;0.40634325155019707;0.7;0.4157499992165341;0.2;0.2952203356166825
0.4;0.4496404338265043;0.56;0.3801881438306926;0.5;0.29842986939645083
0.16;0.3521259560243729;0.76;0.46958405092217104;0.14;0.3039865648050204
0.26;0.41644389941170373;0.28;0.13047191191718516;0.1;0.24898937994965883
0.1;0.35851894103794063;0.8;0.48874187629264987;0.28;0.28786657342053945
0.46;0.34467206084453933;0.14;0.17186991777894503;0.18;0.2817003940823987
0.32;0.33713587943858936;0.14;0.15491038227505863;0.2;0.2694098829314403
0.4;0.3299597069755679;0.22;0.16298160971326006;0.28;0.29638637189865813
0.26;0.32323112923946684;0.14;0.16669756236206223;0.44;0.2870364800321793
0.34;0.44497978522489345;0.38;0.39707577797958704;0.44;0.3087677110466758
0.6;0.4065028041074812;0.32;0.416505238638499;0.28;0.2884043363081412
0.16;0.18878702561217997;0.26;0.2591969105497142;0.34;0.3029202488550582
0.1;0.3770700704125293;0.24;0.11382087288947079;0.22;0.25365958910161757
0.16;0.3867076352409811;0.12;0.09448378942929958;0.28;0.27751484067944915
0.14;0.40889756247127607;0.82;0.4483363908517113;0.12;0.28301809819842005
0.3;0.35120200310991234;0.1;0.1322803754414061;0.38;0.2682218064244831
0.34;0.39013712267880213;0.28;0.18077674399343024;0.16;0.2670686195361521
0.28;0.31785311255956983;0.3;0.22693880976083328;0.3;0.31148559744473614
0.32;0.2856697023816626;0.26;0.220709731928718;0.28;0.3177177569154526
0.28;0.3557525897158408;0.66;0.4497140639182814;0.34;0.3247750105915639
0.72;0.48561734638412385;0.26;0.3870366710426827;0.36;0.24609662673452767
0.1;0.30072053259665743;0.3;0.18688342868975705;0.26;0.2537516266004831
0.14;0.28847295064549733;0.68;0.5097057461518424;0.22;0.32053161047242373
0.2;0.168047229772104;0.32;0.34452964263411334;0.36;0.34307068346530206
0.12;0.25586073134322684;0.32;0.20149235313833755;0.14;0.29676398646543767
0.8;0.4054594546029716;0.12;0.45143104147081736;0.16;0.2744922477962207
0.2;0.47804996876095407;0.72;0.3998691997370175;0.24;0.2750059106270479
0.32;0.3262844790837375;0.18;0.16416777565771623;0.26;0.26794633449341
0.32;0.40007320404150865;0.4;0.419443023745824;0.48;0.3255871929952151
0.16;0.19750498461841082;0.44;0.5712192218351249;0.36;0.35679146122840977
0.62;0.4624347765753376;0.28;0.37407120298555857;0.36;0.2617829871210081
0.12;0.18503202981019146;0.34;0.2581122907191105;0.24;0.2896982175601904
0.52;0.4770532718072401;0.46;0.35978243767005785;0.5;0.2636945464003466
0.18;0.4073937634766734;0.78;0.4443966953253988;0.22;0.2887624131839519
0.42;0.4794512649462168;0.38;0.3672278583645521;0.4;0.29000556191235966
0.4;0.38562829793084474;0.32;0.4132642894591699;0.44;0.33065173123977853
0.24;0.34348186627868094;0.46;0.46784104662867165;0.14;0.32426186413462177
0.44;0.49309368913789964;0.3;0.3605190938513535;0.26;0.2810184872779195
0.4;0.34312957588858334;0.1;0.1515471225622692;0.4;0.27964885645178805
0.56;0.3475025536056591;0.34;0.4288113735522767;0.4;0.31413806982645753
0.58;0.4464355110386852;0.28;0.37676713475306123;0.34;0.2816441135774691
0.86;0.4623209464723641;0.1;0.409677210300221;0.16;0.2636970686453692
0.3;0.36693552373084914;0.2;0.16236806915227178;0.3;0.2771226250090697
0.4;0.4306266644059584;0.4;0.4089784704519891;0.2;0.2981653472575212
0.62;0.4631988890666119;0.18;0.31319737426203864;0.42;0.3258216536788503
0.26;0.35159924888416166;0.56;0.4430327591101293;0.14;0.32259652537571476
0.12;0.2710827603020307;0.7;0.5011742969548177;0.16;0.3284975432685252
0.14;0.12233655610763483;0.62;0.5897696333538658;0.42;0.37824596784179265
0.42;0.42004647482200574;0.56;0.41702258081756777;0.2;0.29258102468252384
0.54;0.4309371786983645;0.32;0.4019816059022615;0.22;0.2680737038498311
0.72;0.48402072409666463;0.12;0.33848196705854317;0.12;0.31635708196567397
0.36;0.46723891044317195;0.38;0.3769474746483242;0.22;0.28748138132257867
0.22;0.35838122705412073;0.68;0.46654786322215;0.18;0.3057881050480735
0.2;0.1654747437901642;0.34;0.37433373068615905;0.38;0.33753625563594614
0.48;0.3229797498300237;0.16;0.18221003764567;0.14;0.27347600237173375
0.14;0.29270828010830924;0.22;0.17247999219830884;0.26;0.2795192886780983
0.4;0.39908772054103475;0.26;0.16861028594119878;0.14;0.267069585438406
0.44;0.41076332452157593;0.2;0.1368104239394738;0.24;0.2621602221754599
0.18;0.3515216778127507;0.68;0.4666043761585915;0.22;0.3099422489216883
0.52;0.36046593871358296;0.12;0.1636527618063225;0.34;0.2767227135716006
0.26;0.2939140265126361;0.3;0.22307227999422666;0.26;0.29905126405291427
0.72;0.3704543938625463;0.18;0.4510931736301891;0.18;0.2891282884613149
0.62;0.4802080898024619;0.16;0.2173792101660571;0.1;0.32328095333765144
0.22;0.2360591768956915;0.22;0.2537722594157974;0.44;0.30709375047971205
0.16;0.1921601948589009;0.2;0.21797155293357906;0.36;0.3123522343093748
0.72;0.39969632413668776;0.22;0.43373336331500356;0.34;0.2741640729412711
0.2;0.3714861842963663;0.74;0.46073329608178887;0.18;0.30817722671779063
0.18;0.32594356845717926;0.14;0.13257322169983948;0.14;0.29580246239715857
0.22;0.31655504899253617;0.44;0.48989483612901;0.32;0.33714339028763696
0.22;0.32133515408092556;0.7;0.487226906556143;0.32;0.319955167811115
0.7;0.4335194902156456;0.28;0.4137728432623373;0.22;0.2772141711283352
0.54;0.33468740266423863;0.12;0.18298896521567967;0.42;0.2914733865037106
0.1;0.33137166463279094;0.86;0.4918164231985439;0.18;0.2857375257805706
0.34;0.44197808198787253;0.52;0.4077997233067922;0.24;0.29680881416596294
0.54;0.40777833050857637;0.18;0.18525962287715347;0.34;0.32104168831696556
0.34;0.42262352349456367;0.58;0.4087097577266122;0.5;0.3043503548178925
0.6;0.3382193745339799;0.14;0.19432072970977993;0.1;0.3006204426637966
0.26;0.21171771865547406;0.3;0.27648816609086;0.3;0.33140428969420926
0.16;0.09223263272254334;0.44;0.6303554593498248;0.48;0.39517006763986207
0.18;0.40714132769889816;0.46;0.45612442388498364;0.12;0.27737725370892885
0.18;0.22952686006110823;0.5;0.5520204554709967;0.5;0.35088268401656786
0.26;0.4074002494238688;0.1;0.09960003590192562;0.32;0.25789918258668143
0.48;0.35144861424777796;0.34;0.41642225020449186;0.46;0.3367827751840812
0.38;0.39491366581247284;0.34;0.42572595987629813;0.42;0.30450736225755237
0.12;0.2892893327254742;0.46;0.5233014544043422;0.18;0.30694660903477733
0.38;0.265850890462395;0.14;0.18810755516045558;0.1;0.3018278341696747
0.72;0.4323300141902075;0.14;0.4243505974015628;0.1;0.2741710325016662
0.34;0.41606697889633704;0.54;0.4186230656601305;0.2;0.30079594992139713
0.22;0.3535827714815413;0.56;0.44991520394818063;0.34;0.33518599735685
0.1;0.5303157765394467;0.12;0.005827536637333652;0.2;0.24319533751584543
0.24;0.22778891500122822;0.28;0.2720260659278291;0.36;0.3157950240038643
0.46;0.3931484365459514;0.42;0.423891884271132;0.2;0.30096476614921697
0.36;0.46674428183754807;0.46;0.37499560038168556;0.24;0.2838172372704298
0.38;0.3653181966531884;0.54;0.4480336324059031;0.22;0.3095242675225767
0.72;0.5297997435920577;0.2;0.3583022129240109;0.28;0.23998531137875803
0.84;0.4980932487309554;0.12;0.38769253274952076;0.34;0.23763636717339165
0.14;0.1407120593067689;0.6;0.5967997164707808;0.46;0.35904769891810595
0.38;0.4149745494586051;0.6;0.40811798310685676;0.34;0.3104187141506252
0.68;0.4333117159476317;0.3;0.394330118892268;0.36;0.27347619464962203
0.66;0.46253157272676737;0.2;0.3936570056383102;0.16;0.2610670879946543
0.22;0.23241303919809408;0.22;0.27861353582706283;0.5;0.29965420142801746
0.42;0.37355806062414054;0.48;0.4232629830233353;0.44;0.3211852583502288
0.1;0.29590622667274924;0.52;0.5315253807335634;0.36;0.2850618032320293
0.26;0.3571529142463267;0.36;0.46222486624468023;0.28;0.32669387364645686
0.38;0.4066427239622611;0.52;0.4113920332912191;0.1;0.2903871049951841
0.4;0.4179162509535007;0.32;0.39201889783308225;0.4;0.30166085927918773
0.24;0.33089616310226855;0.62;0.4619804816729919;0.12;0.32610925560472737
0.52;0.42108333402685827;0.42;0.41917775473166763;0.1;0.27879540587562424
0.2;0.17061683837677377;0.24;0.3058635241391159;0.46;0.3293345453206131
0.18;0.32259668739164993;0.7;0.4766630742801593;0.4;0.33259787593858603
0.38;0.30424173662073223;0.24;0.40767041537104903;0.48;0.37746389375473266
0.18;0.503027509606556;0.1;0.039236100004740315;0.34;0.24770878281932257
0.14;0.2366410132356736;0.68;0.5344493473855954;0.32;0.32676951864354076
0.16;0.22603810362755472;0.42;0.5770422216048002;0.44;0.34597326162879255
0.28;0.289651638988609;0.3;0.3628042008382149;0.42;0.34697127287296503
0.5;0.28616649610883416;0.12;0.20705613373419282;0.22;0.2933228517526702
0.16;0.17812371109982678;0.66;0.5681578427430889;0.5;0.38070249255717326
0.38;0.4018519494794548;0.44;0.4136491239391838;0.38;0.3063480951905162
0.14;0.37931793137622;0.18;0.10368297088510586;0.1;0.2637863240077847
0.34;0.41308023291749135;0.16;0.1316532531701868;0.24;0.24196783328524935
0.16;0.19029835854935845;0.54;0.5664486513495178;0.38;0.36091564119179864
0.12;0.11177306447104884;0.38;0.31364659141091283;0.26;0.3104190265878717
0.6;0.4954921973186878;0.38;0.3639954218147303;0.32;0.25326621687755024
0.24;0.3532641793053185;0.62;0.46217014610051477;0.34;0.32619382988213375
0.8;0.47997634817215945;0.12;0.4090498710595261;0.26;0.24601677775438685
0.72;0.4629859614882177;0.1;0.330004716985012;0.3;0.3476224784291425
0.46;0.3683410154535971;0.18;0.160104639189961;0.1;0.2713781691262114
0.2;0.35875733587305175;0.48;0.46188845155157754;0.14;0.3087701370808288
0.16;0.33164199640093284;0.1;0.09875658097869638;0.22;0.29316865078841736
0.22;0.25605390007439327;0.26;0.1973091971002362;0.1;0.2989408714866309
0.68;0.46621478409342776;0.2;0.37373765626833466;0.46;0.24297468966675778
0.12;0.29128544353596736;0.42;0.5110180009471251;0.1;0.3213749324224976
0.12;0.21739513751052097;0.58;0.5687862434988125;0.46;0.3305031937496901
0.58;0.4004529920496665;0.26;0.4010496893836548;0.34;0.29427489756466974
0.5;0.2950784422202153;0.1;0.18100616773992526;0.22;0.2905436383904554
0.46;0.3147314602826509;0.12;0.17705025636445548;0.48;0.28746585322557083
0.46;0.4026951410877429;0.36;0.39833943643113245;0.46;0.30473222827567703
0.34;0.38388646058233566;0.48;0.418215922906639;0.18;0.32227977451057344
0.24;0.2623644859037856;0.58;0.5063290837800871;0.42;0.3442049066017213
0.64;0.4732301708095079;0.32;0.3918034669215028;0.12;0.2685336007923302
0.1;0.3075601617290257;0.42;0.5820863695567302;0.5;0.2516566792041346
0.44;0.517642693366418;0.42;0.35406783654435625;0.26;0.26709648774279354
0.32;0.41526780729270574;0.62;0.41138512119825343;0.34;0.31842093039672864
0.3;0.3435566645586837;0.3;0.4575827363198376;0.48;0.3942577731203152
0.18;0.36926032219853194;0.78;0.4749440519310273;0.48;0.32166643755810087
0.28;0.3362400858853838;0.28;0.1759156636178968;0.12;0.2769589520632363
0.1;0.4156255307858553;0.16;0.07052621751058777;0.16;0.2700809857491372
0.2;0.264400840386316;0.74;0.5209501846741711;0.48;0.35520800520945206
0.32;0.3490378842093306;0.24;0.19056118919678172;0.36;0.28096025824955306
0.52;0.36041695389778355;0.46;0.4560347176502595;0.1;0.287896518572503
0.58;0.4035886440001373;0.22;0.3956036695771765;0.28;0.2984262396366586
0.7;0.44450391813125045;0.16;0.38814048835102843;0.3;0.2655850382615786
0.68;0.39073034919788086;0.26;0.4094167700440474;0.46;0.25982029111768534
0.22;0.3161338158172866;0.64;0.4788821969678505;0.38;0.33348207828815374
0.4;0.4125224030585279;0.32;0.4094308737537876;0.26;0.3064736184632718
0.4;0.31346624298493314;0.22;0.1949110763957072;0.18;0.2792382590672193
0.14;0.13003373386754769;0.58;0.6043315368320128;0.36;0.38013307482568487
0.1;0.4007929896841979;0.88;0.4790796191200194;0.46;0.2477027558447592
0.26;0.2810383989332149;0.16;0.17436159076244903;0.16;0.28977574166146325
0.5;0.3129390540967502;0.12;0.17647009302246025;0.42;0.29258206656339925
0.16;0.20593512992041219;0.6;0.5519849084011161;0.32;0.36374594481276845
0.6;0.47664014047160447;0.32;0.3810985132036735;0.32;0.26348494797633565
0.26;0.41801399996587163;0.48;0.42060485293265704;0.14;0.29156069649827265
0.74;0.47344314925365594;0.14;0.4032266048877885;0.28;0.2587992301991246
0.1;0.4056610196325415;0.6;0.4652129650393881;0.36;0.26382664947891377
0.8;0.39090657199846723;0.12;0.4432565375137254;0.2;0.28254983967171987
0.32;0.38891577262985255;0.12;0.12360119531054636;0.42;0.2782214281178256
0.28;0.33156242142068565;0.34;0.47107208161341824;0.34;0.33577994645872533
0.34;0.33164285608098154;0.26;0.25269245251346073;0.4;0.36984757261537593
0.16;0.0045784273468912895;0.26;0.4015798353644424;0.5;0.3442013447354551
0.6;0.40240254076705023;0.32;0.41587635806739787;0.34;0.2832221462547352
0.32;0.3855819848831119;0.16;0.13186292914613917;0.44;0.27300196202866833
0.44;0.4519153558482333;0.48;0.3984816984762968;0.12;0.27433788277768545
0.48;0.3888882506853707;0.3;0.3971952924419819;0.46;0.30708539872545537
0.44;0.3885453591559102;0.12;0.13384061547538512;0.42;0.2783524655758042
0.1;0.36156388408731455;0.72;0.47247808302947336;0.2;0.29010626214733776
0.2;0.42956894161436515;0.14;0.09014885683284915;0.26;0.24395145285472003
0.74;0.4687728450293348;0.24;0.3985125395667833;0.14;0.25639048045538015
0.56;0.4817300510045769;0.34;0.38283005234119405;0.14;0.25568494107989453
0.64;0.45295745911494445;0.28;0.39816266045518706;0.16;0.27188636642193076
0.2;0.33362795381375054;0.64;0.4652454058184856;0.24;0.32912755496574303
0.1;0.3873458701658432;0.68;0.4590092680089677;0.12;0.2778945996047087
0.8;0.39716105680571556;0.16;0.44153401309897156;0.18;0.2754972113075662
0.52;0.41121251704147777;0.24;0.3949066027615999;0.44;0.29268294401488626
0.14;0.2281401336072466;0.74;0.5321540857521445;0.2;0.3349736897613431
0.12;0.15909490732864612;0.48;0.6022795123113883;0.34;0.3412697389764604
0.14;0.23261858654355494;0.46;0.5459636651138889;0.22;0.3320821965895279
0.24;0.3572820276396748;0.36;0.4691617789191575;0.42;0.3338433456073159
0.24;0.23685350742963124;0.38;0.5304391162448854;0.46;0.3655167363143679
0.22;0.33788676675818446;0.36;0.48829475427255975;0.44;0.3344307200734884
0.36;0.31798215919517414;0.26;0.34073070959741114;0.42;0.3729782212057761
0.58;0.2626499471616453;0.1;0.21910629907960683;0.16;0.30224040597287916
0.18;0.37500081773534777;0.66;0.4546270863698757;0.32;0.3099611701264155
0.14;0.0990164477428579;0.44;0.6443680996799699;0.46;0.3661615925461989
0.28;0.44557985883276646;0.58;0.39915745459690266;0.22;0.3028616988360176
0.42;0.4304841818280974;0.32;0.3811388531587541;0.44;0.30790727756649183
0.48;0.4321559737099364;0.28;0.37916083912216425;0.3;0.29476355540239374
0.18;0.49328258090453003;0.78;0.4064563866687278;0.14;0.2583285365642597
0.2;0.4410071433495918;0.22;0.11901948651226113;0.24;0.23490438886232218
0.34;0.43128338667616906;0.38;0.4041367724496208;0.24;0.2953086256785012
0.2;0.4114095547037556;0.66;0.43874977503127177;0.38;0.3077934849378018
0.6;0.39529532240241;0.36;0.42954490292339975;0.16;0.2867787255564247
0.7;0.45747821090891616;0.24;0.3997872259382039;0.5;0.2577126972328038
0.56;0.46972115343583537;0.32;0.38171322969369886;0.28;0.26996265785534806
0.56;0.43241901376077163;0.4;0.38244385507029366;0.28;0.2928483245128254
0.22;0.27891834604154375;0.2;0.20745599024261735;0.38;0.2771556064107535
0.3;0.4411749157635723;0.68;0.4138132387765874;0.2;0.28676640756215377
0.72;0.44104948602310007;0.26;0.41405456822656483;0.26;0.2783438404694434
0.52;0.451190972442028;0.2;0.32661102948837484;0.4;0.3718819850249466
0.22;0.4527449612533858;0.54;0.4036488389886599;0.26;0.2899289825000969
0.5;0.42293300180650417;0.36;0.410374393597006;0.2;0.29804178599841535
0.44;0.32216294829512504;0.18;0.177970184672462;0.12;0.2774926898715213
0.22;0.41225562665924403;0.7;0.43872160641709057;0.26;0.3013204674002976
0.12;0.39051414250621197;0.68;0.45593739436923253;0.16;0.2794790592915972
0.44;0.4819714493388255;0.18;0.08164010042304357;0.4;0.2610607341852935
0.12;0.4828104790660059;0.16;0.045468917563513234;0.1;0.25466188582510896
0.38;0.3933657886587158;0.18;0.1405589955824375;0.28;0.26846269926283345
0.36;0.3066269010624361;0.14;0.1975870485214823;0.46;0.2859521727447213
0.1;0.13512690468803773;0.42;0.6657953060307777;0.44;0.30594367363301744
0.26;0.37215381798640446;0.34;0.46365628268092773;0.36;0.32505832129041556
0.22;0.39893235297170865;0.7;0.4320709853580398;0.12;0.29370722504245117
0.18;0.27250536159517885;0.12;0.15366771331663343;0.36;0.29500155010697227
0.42;0.4350804319227423;0.42;0.383890567045607;0.48;0.3057146128896357
0.34;0.3829983733382386;0.24;0.227062537899982;0.44;0.30901308707709496
0.24;0.3792863099931285;0.48;0.4423595528766109;0.38;0.32102713111488657
0.76;0.46147124549881413;0.18;0.410403918636572;0.36;0.2576060221980222
0.3;0.4152114831666349;0.46;0.4276172230546802;0.26;0.301676037298267
0.18;0.2369742642617052;0.46;0.5487621899943942;0.46;0.36105376855228577
0.64;0.41425064656516053;0.34;0.42228918956022476;0.2;0.2674935146885397
0.2;0.40917816795480955;0.1;0.07771621013764651;0.2;0.26670266343635457
0.14;0.21129480314005755;0.48;0.5672944989346909;0.24;0.3430078264087487
0.48;0.4237097012466112;0.3;0.41682268051568605;0.1;0.27557619886864204
0.34;0.46514651622088815;0.48;0.3966698383693069;0.16;0.27620498653685194
0.36;0.47197853054528305;0.58;0.38601171353694197;0.18;0.2768134656403386
0.18;0.2687990081102089;0.22;0.20292334919470287;0.38;0.27979925244228077
0.64;0.3953086063738894;0.14;0.26695391738589735;0.2;0.40971867595388595
0.22;0.3775488170435631;0.68;0.46145154064239735;0.14;0.3030931223566993
0.3;0.3283050571491521;0.14;0.1591704244690877;0.36;0.2898697661578949
0.5;0.13784182626068975;0.16;0.2899152681696323;0.4;0.34718992892755624
0.26;0.40262424883158177;0.64;0.4325156182392248;0.18;0.3064480162097199
0.26;0.42134794757067345;0.34;0.42610602233336503;0.3;0.3048635362591532
0.14;0.35413938696773284;0.28;0.14778281669940768;0.16;0.26535556231532653
0.14;0.3018274049535314;0.12;0.12949797915824973;0.42;0.28939856086089655
0.5;0.39271299628217105;0.38;0.42478978256386446;0.16;0.28780273191056494
0.52;0.477566307018558;0.32;0.35528163842793675;0.34;0.2801742054257297
0.68;0.5773597664209643;0.1;0.08961042116844722;0.34;0.3528463612848644
0.4;0.4521378866709284;0.32;0.39320679045985973;0.12;0.2745249353919025
0.18;0.20992642705751446;0.46;0.5591826729697758;0.48;0.3720981587092353
0.2;0.32738040126785906;0.26;0.15774908998081744;0.14;0.2736715195397326
0.14;0.33137435086506223;0.14;0.10943389842240342;0.16;0.2861652650809743
0.54;0.38509799213400564;0.26;0.39431972100182183;0.5;0.3147219784970756
0.72;0.4128017813876503;0.12;0.3519588919806692;0.34;0.33626806941249143
0.24;0.4382506961751525;0.52;0.41396384881238846;0.28;0.2983325699348104
0.18;0.37712159521068284;0.66;0.45516185000141474;0.16;0.2985571156298914
0.2;0.30332030725469833;0.24;0.1741205761350886;0.2;0.2717663883896204
0.42;0.4289105667828088;0.34;0.39373432533042313;0.2;0.290610824082019
0.5;0.4948735425412863;0.34;0.35982302713861947;0.32;0.2790718430506474
0.28;0.45440656866190304;0.62;0.40437527282029817;0.16;0.27819108915055923
0.14;0.17082911358429437;0.5;0.5856362672036832;0.32;0.35023641988099513
0.86;0.5372685193332745;0.12;0.3680329043827718;0.4;0.23213995924168318
0.68;0.4363251803829005;0.26;0.41058013617098177;0.16;0.2737675890116735
0.1;0.25498853846212866;0.32;0.22989656119762708;0.3;0.26453242123302295
0.16;-0.1439420396004969;0.3;0.5089514221928508;0.48;0.40249755963975165
0.42;0.3668533173971561;0.36;0.4029310509591289;0.26;0.3200574220876234
0.22;0.37499880934667895;0.38;0.47226750031591896;0.32;0.32144504565533727
0.46;0.30264502727088793;0.16;0.19035019876025383;0.4;0.2991932867862016
0.26;0.3252123253798493;0.22;0.16512420241199072;0.24;0.2877384180457469
0.28;0.47701698536012027;0.62;0.3875478957315134;0.32;0.29661545570557674
0.44;0.4713100425025999;0.5;0.3744076516584025;0.34;0.27488702119854275
0.64;0.46530748693176754;0.2;0.3862944943406851;0.2;0.265518230831071
0.22;0.41212308010726206;0.6;0.43013198388267965;0.36;0.29989332364848753
0.28;0.2979796300780609;0.26;0.20965818014498433;0.28;0.2933566534472716
0.32;0.43988249151169084;0.36;0.4066058185336837;0.2;0.28876094558225773
0.22;0.26645674717032286;0.26;0.2253995227380401;0.32;0.29458546813217057
0.56;0.540676124432309;0.18;0.16493450993078143;0.32;0.3614684574898826
0.22;0.28710604752141733;0.38;0.5098074228481481;0.22;0.3328603362280179
0.36;0.28791871219652465;0.28;0.27391101287746233;0.3;0.31998453748270134
0.48;0.4450054294727041;0.46;0.40167043716799644;0.24;0.2802502134795539
0.34;0.3976482619100445;0.2;0.13428027274506676;0.16;0.2512130392529526
0.42;0.423534451829689;0.42;0.3944280945492481;0.26;0.28652911974638273
0.64;0.5401741530509223;0.2;0.32681673352790025;0.36;0.24914340150502695
0.1;0.30977932009504955;0.44;0.5403514870992229;0.3;0.28444533759217105
0.56;0.5148791416635952;0.3;0.3582409674877419;0.2;0.2624267807645523
0.44;0.4666123757387809;0.32;0.37599141445125495;0.36;0.299768344647513
0.28;0.2889433579103926;0.24;0.19595318840733328;0.1;0.28336646566558776
0.4;0.3380869195874884;0.54;0.4492495512518095;0.42;0.3136692709380664
0.64;0.4943552347199942;0.12;0.14262546749528923;0.26;0.2869444776433949
0.12;0.3420171632378619;0.14;0.1310699744357689;0.42;0.2601406510540726
0.18;0.42048477346260266;0.44;0.45567575567827556;0.42;0.3033266601415694
0.28;0.4088537916126952;0.7;0.428296125458721;0.3;0.29846190727004335
0.5;0.34981411612955426;0.3;0.44055369930174576;0.1;0.31674538735655344
0.36;0.3765640347418986;0.42;0.4276323881672298;0.38;0.3252539004973767
0.66;0.4639501478976373;0.14;0.31483293158598635;0.24;0.371462863123772
0.48;0.4385936163110103;0.26;0.3714444643197914;0.44;0.28720768021695364
0.58;0.48791044142042994;0.18;0.31248873526373;0.5;0.3110539161574516
0.2;0.3461937511910142;0.4;0.5005005822029888;0.46;0.3311270463888651
0.42;0.48114141000873695;0.4;0.3561948029102965;0.42;0.3018785605778165
0.4;0.3049122761236396;0.2;0.23493601291552774;0.48;0.34467938992464564
0.18;0.3985957243338939;0.48;0.4584683744092941;0.38;0.3086352723330712
0.3;0.27506299467093265;0.3;0.3266997584004834;0.36;0.34958107004438216
0.54;0.4821839510444447;0.38;0.35096726557557884;0.46;0.2504309968354569
0.58;0.5231135997726413;0.16;0.12080958781877768;0.34;0.3232548844253961
0.64;0.43125231876789827;0.2;0.38416871029640814;0.32;0.2747289894891828
0.18;0.4286896175358976;0.76;0.42826563590699196;0.16;0.2866051125750586
0.28;0.25566768239213833;0.18;0.23836093690276053;0.5;0.313186388579356
0.82;0.3872146980792374;0.16;0.42942629161728485;0.1;0.28622147000995857
0.3;0.26266091049286117;0.24;0.21313957339086656;0.32;0.30849399947653156
0.4;0.5292518672066895;0.54;0.35481414739904;0.5;0.2592803153852794
0.76;0.4222494445320908;0.16;0.43963216264200394;0.36;0.2638681279665246
0.24;0.21229407936950512;0.26;0.30549064433510953;0.44;0.3354456318947643
0.48;0.4502322533262;0.2;0.31352187387400454;0.48;0.38018432098892
0.26;0.21488731961726473;0.2;0.2276868084881017;0.28;0.3179840606724109
0.14;0.3160436596697339;0.12;0.12361102010047897;0.24;0.29166295580623114
0.14;0.30796727935315826;0.66;0.48803435219102437;0.24;0.3244705687269511
0.24;0.3843334433729672;0.34;0.4614207028914832;0.16;0.30449928806130133
0.46;0.3912207953073199;0.5;0.4110161791791412;0.42;0.30219921833959074
0.62;0.33632611831105663;0.12;0.21771248675678923;0.32;0.31478618708946193
0.14;0.40757251984028714;0.14;0.0737347463229659;0.1;0.26759924882198727
0.34;0.40858061044335575;0.36;0.4253312424276159;0.24;0.29960511198847606
0.14;0.1370414623987426;0.42;0.6178398038283068;0.38;0.3577828008638865
0.82;0.39296753628717107;0.16;0.4675273922752508;0.48;0.2573860845443424
0.76;0.3256155405301945;0.22;0.4838758494919895;0.24;0.29811544815090874
0.38;0.4341665437414251;0.38;0.4059968631650654;0.2;0.29501827806827996
0.6;0.4440629115429135;0.34;0.38928794968534025;0.4;0.2811589032583704
0.38;0.4026110795109174;0.5;0.42904754311087345;0.12;0.2987862451096562
0.58;0.38793197814854635;0.4;0.4144137349190206;0.46;0.2926807296368128
0.1;0.17802126978511623;0.68;0.5762225705104964;0.36;0.34233882427278906
0.2;0.25712532150529027;0.6;0.5139326029102277;0.24;0.3491779992248819
0.24;0.3405520878698436;0.12;0.1372073806935497;0.24;0.27567030891691086
0.34;0.41738343125725347;0.4;0.4037071393611186;0.5;0.3067633063655889
0.14;0.2776376917376377;0.18;0.1668308488593293;0.36;0.2831493908238041
0.18;0.2863962241828527;0.28;0.19353214078838357;0.18;0.281084253574881
0.56;0.4539672910033076;0.26;0.3631672747622018;0.32;0.29136172456310006
0.14;0.3039210636816673;0.1;0.12637332522535197;0.36;0.2986092169008444
0.18;0.3052382070101654;0.66;0.49599940650719654;0.3;0.3352642346923878
0.48;0.39160488040501124;0.36;0.4207385535343015;0.12;0.2933325635255074
0.82;0.4474484569390099;0.14;0.4405781496675574;0.4;0.24048007662906973
0.84;0.46092059427773285;0.1;0.4339522285865276;0.48;0.2429962787951564
0.14;0.35548410179934103;0.16;0.1105666467893533;0.18;0.2741755965899819
0.28;0.40518098337448927;0.56;0.42758398602063247;0.3;0.3079802567778733
0.64;0.4883946482013817;0.3;0.3731523405668888;0.5;0.2635313498575489
0.42;0.4035569028327613;0.1;0.1243050740230221;0.14;0.25641853840971807
0.1;0.12125978673761434;0.54;0.6311998191729205;0.44;0.3428742749461496
0.14;0.16437199355253856;0.58;0.5906356864850417;0.38;0.3594856381604312
0.48;0.4033145133706901;0.34;0.4013401531287229;0.28;0.3110472046436011
0.34;0.4184846181797378;0.5;0.4052124199197602;0.34;0.30948838915958315
0.52;0.460263672057605;0.26;0.3909607503470486;0.2;0.2841982879283854
0.38;0.35643777003879085;0.44;0.44780905940508686;0.16;0.31101132282497834
0.36;0.32352700655149963;0.16;0.17860056420186599;0.4;0.2901503448074862
0.52;0.45833614890156976;0.26;0.37499005480373937;0.24;0.2777581496044824
0.38;0.3640145470800023;0.32;0.43219698076205204;0.5;0.3287264893551475
0.2;0.2674499377658906;0.78;0.518074949634885;0.36;0.34786601166752135
0.26;0.4477520956344835;0.36;0.42371472639146696;0.44;0.29893691685579876
0.18;0.4325503606040624;0.6;0.4381456312730405;0.5;0.3002271798108797
0.44;0.5359273099847955;0.26;0.32266436899080564;0.48;0.3184814992993876
0.4;0.35048486519234934;0.12;0.15398190760015906;0.32;0.26123389446627454
0.2;0.3149918609993995;0.72;0.4823587324381232;0.1;0.3264263471035778
0.18;0.27828797587565496;0.36;0.21660121318629388;0.12;0.28922466188726026
0.1;0.22741055955785355;0.44;0.562942031983289;0.24;0.3100778700156309
0.62;0.4785818010759385;0.24;0.3764702953415364;0.38;0.2716978554089403
0.18;0.0407295794520377;0.34;0.43467073420993646;0.4;0.3608276275212208
0.66;0.43215199825965556;0.26;0.4057903729194065;0.16;0.26768990650575486
0.18;0.3511767470319596;0.76;0.46550891535847805;0.14;0.32277205002158016
0.18;0.3583852615249575;0.74;0.46805661748826627;0.32;0.29683092230660796
0.42;0.39870185521946094;0.42;0.417417127187493;0.22;0.303143474243009
0.12;-0.056635359405824925;0.64;0.6844169071237602;0.46;0.4152338385468495
0.34;0.4121971696742695;0.6;0.4128119528106293;0.42;0.3067285959520491
0.24;0.34237995603095905;0.74;0.46879510738974217;0.36;0.3353754569834617
0.16;0.2645156524622368;0.58;0.5203040680996599;0.46;0.35077653400409586
0.34;0.39315624526500154;0.32;0.4347771957954363;0.26;0.309876397689713
0.58;0.4426283150007706;0.32;0.40644689033605563;0.12;0.2757915360033867
0.14;0.20074464578681495;0.78;0.5619868252147332;0.36;0.3373757370950594
0.22;0.36030005007234245;0.76;0.4772179914383024;0.24;0.30899852680396983
0.12;0.16997938123325623;0.7;0.5718705509722404;0.48;0.3579572643855085
0.7;0.4137906058165256;0.14;0.3740274902488984;0.12;0.3481898260331718
0.46;0.4426573501501662;0.26;0.3970760713397809;0.12;0.28093991347474123
0.32;0.43545493487222786;0.38;0.41062981631244855;0.32;0.3007251729963804
0.62;0.3979384356407357;0.32;0.4052804519126824;0.26;0.28186739408824996
0.52;0.36392363127966115;0.32;0.4371693638034037;0.3;0.3094606640817863
0.46;0.338839893573008;0.2;0.1863660450942273;0.12;0.29013201502658625
0.14;0.2720651118802337;0.84;0.5379953727549956;0.46;0.319362212378363
0.54;0.26166147704451265;0.12;0.23266623754401786;0.44;0.2946008632966468
0.12;-0.1794070979524367;0.38;0.5493236643357893;0.42;0.3552310250507598
0.54;0.36231769079691156;0.14;0.1758654624586744;0.4;0.2979897246164622
0.16;0.3801941584717504;0.58;0.47319229996604784;0.24;0.3068978072308457
0.48;0.44513246757546865;0.38;0.3830011042929575;0.16;0.2824998181661429
0.5;0.40276948636993787;0.4;0.4062851668309211;0.16;0.2839440139991891
0.38;0.45817601526142937;0.52;0.3891189680197281;0.3;0.2819949879704072
0.18;0.5600546085537781;0.38;0.4008063920349604;0.4;0.2514891232461648
0.26;0.21551703401555472;0.3;0.2954674934895717;0.32;0.32489279850385683
0.56;0.43860121602890856;0.2;0.22155785102151493;0.2;0.3606969797560888
0.54;0.2977893143233372;0.12;0.20416970489454656;0.5;0.29496523646809436
0.22;0.2635431242721035;0.42;0.5196332830077733;0.3;0.35277578770734674
0.12;0.32632819718809786;0.82;0.48947620939608677;0.16;0.3164659198873838
0.16;-0.102572697072154;0.3;0.4977137723164762;0.5;0.37074000877668994
0.52;0.45876502930811996;0.46;0.4015216548807514;0.18;0.27278476256867334
0.2;0.201952068732768;0.32;0.2753736883727427;0.26;0.3191432249609456
0.36;0.40106424076949554;0.4;0.41943982121219003;0.12;0.3101029447816296
0.26;0.43197414460596206;0.58;0.39795882651303494;0.14;0.2998041447206096
0.2;0.2539482889818162;0.4;0.534396252639247;0.5;0.3614775772310693
0.2;0.35827140524536244;0.1;0.108608271637538;0.38;0.27712241796422327
0.5;0.37488627066990243;0.24;0.4305858330059724;0.28;0.3060370258437832
0.1;0.255464759150368;0.74;0.5499131011366782;0.48;0.29604023809799196
0.12;0.34388919901470066;0.3;0.15581486559624758;0.14;0.2569302540019376
0.62;0.40433850014124406;0.32;0.41631825413079526;0.3;0.2764483833948549
0.18;0.27685673392672044;0.32;0.21187531641534008;0.22;0.2883969654297909
0.48;0.4308000198519394;0.4;0.402106552957476;0.5;0.2825574676363303
0.56;0.4089568481803255;0.36;0.42273536036455894;0.38;0.28914689880088035
0.44;0.30827263962517026;0.14;0.1728371502830544;0.4;0.29687163127641075
0.3;0.4401383590457763;0.54;0.41213524816500735;0.1;0.27617635185340167
0.1;0.3040914671064758;0.62;0.5356389607162426;0.48;0.28966192753713965
0.34;0.3962013043316025;0.16;0.1336096131428025;0.32;0.2663304574273709
0.82;0.5258920968100473;0.1;0.40034650322194293;0.46;0.21314203248637914
0.6;0.3152760971955877;0.14;0.2337028047141319;0.24;0.3266230271951799
0.32;0.28847007972307864;0.24;0.1798872836980005;0.12;0.29499917845898116
0.14;0.26435845400502755;0.2;0.17517585597999455;0.32;0.28613747872951206
0.66;0.43808262159776656;0.1;0.13631537147045317;0.34;0.2880810505138804
0.42;0.3345867871396426;0.3;0.45018789890154853;0.26;0.33389674284990384
0.14;0.1807262484803706;0.62;0.5648349404569889;0.36;0.3631296240265368
0.7;0.410420856315584;0.2;0.4099068247015174;0.3;0.2820990936223592
0.32;0.38145599507910083;0.5;0.4237409794527066;0.26;0.3157346051574274
0.4;0.4573966390887623;0.34;0.38422814550711837;0.14;0.28168840574630993
0.14;0.02518736409592165;0.4;0.6828326036513293;0.44;0.3901200882899353
0.32;0.369097644707352;0.12;0.12679331651993456;0.18;0.2789483965170897
0.56;0.4759774639326759;0.26;0.35446661558542314;0.46;0.2860298644975361
0.6;0.413991342644511;0.22;0.4049704814422742;0.2;0.2991447057723718
0.42;0.39611841488881283;0.22;0.2104314499173582;0.42;0.32409365518346533
0.46;0.468871676963926;0.5;0.3746940436304846;0.44;0.2774850120932879
0.28;0.1508733393903458;0.3;0.35296041162634517;0.36;0.35066540034777494
0.26;0.37048451344818395;0.68;0.4547574417365691;0.16;0.3072676692196506
0.12;0.14567100361120267;0.32;0.2830534545126461;0.3;0.29003410468637103
0.34;0.45761375394182;0.4;0.39045942523024896;0.4;0.2938208727119833
0.66;0.44087253195978976;0.28;0.3905063826473515;0.36;0.26618163506020687
0.3;0.39552122148861757;0.42;0.43986369109307344;0.48;0.31387455898396865
0.66;0.418955885496289;0.26;0.4157898575513262;0.2;0.2739181461743082
0.44;0.42788262661515136;0.26;0.3681025606924334;0.4;0.3511452044228043
0.58;0.7619365100838472;0.16;0.13291948852364222;0.44;0.3291814735937571
0.64;0.5425737453139277;0.16;0.28429587922085015;0.24;0.32772369760097775
0.12;0.16167789938035604;0.28;0.27545512002326766;0.38;0.28514738872543033
0.26;0.4363061458590194;0.6;0.4090557792402286;0.1;0.2662820427343957
0.26;0.39905085465699647;0.36;0.43995152029911044;0.2;0.30013188115525813
0.12;0.31041082539413395;0.28;0.16298817183817904;0.14;0.2827827660308464
0.42;0.45440322199834626;0.5;0.3845178446495228;0.34;0.268618313614928
0.82;0.47044796687563306;0.1;0.41987707658109275;0.28;0.2400641145535254
0.28;0.45771537926419836;0.4;0.4117284952693113;0.44;0.3049998321505213
0.36;0.29810769637764095;0.1;0.1787839618065915;0.16;0.28708318231686125
0.44;0.4272942938310342;0.42;0.3946827124486577;0.36;0.29681054848560545
0.8;0.5043308033064573;0.14;0.40984154094800956;0.46;0.22488607404366792
0.38;0.43720841217646017;0.46;0.38805537925171385;0.5;0.29919451577931344
0.36;0.40544142719772436;0.38;0.4266720484060162;0.24;0.30855170567523543
0.6;0.3633448108013373;0.12;0.17960884628862833;0.26;0.2871968248979255
0.34;0.4011481491040424;0.1;0.11691836972122421;0.22;0.2434176674822615
0.34;0.2686648974259053;0.14;0.19222396421952262;0.46;0.3061665823147347
0.52;0.42459561984137895;0.2;0.37413028039096635;0.48;0.36403371789369166
0.42;0.41505161839894955;0.28;0.4213194169256181;0.14;0.29707974582159924
0.3;0.32701229355554856;0.52;0.46368245159679145;0.32;0.3449821239255436
0.74;0.43448042353767985;0.12;0.34965571859003863;0.5;0.3270514037497946
0.18;0.33683845375226973;0.48;0.4946102318458532;0.18;0.3249696288400997
0.16;0.28852728583829823;0.46;0.5202172991680343;0.28;0.3353363333480899
0.66;0.49186697440669325;0.18;0.3389269996459572;0.46;0.25618538622457887
0.24;0.25628083900438037;0.24;0.21072256419072777;0.2;0.29848520931567857
0.58;0.424800804739229;0.24;0.38483220685981195;0.38;0.30001686153770724
0.1;0.43644860480276887;0.12;0.048047225888053546;0.32;0.27309416118474733
0.34;0.3773312620418148;0.12;0.12300049458116186;0.32;0.27409493492796355
0.48;0.4314646608290316;0.46;0.39492852812021473;0.4;0.2879600376375061
0.1;0.36926640309230935;0.2;0.1281552174990252;0.28;0.24213127565313874
0.36;0.44717170148029545;0.52;0.39310662295691967;0.34;0.3018024395089456
0.34;0.36607405396611226;0.46;0.4282290435326461;0.32;0.31424194455366855
0.28;0.518661704314149;0.66;0.37081207268847105;0.12;0.25315695762442114
0.26;0.357226524616268;0.2;0.16410367986731855;0.4;0.2700446117444424
0.56;0.42289199043176573;0.16;0.17096073325445432;0.34;0.2944139231436705
0.56;0.5683365544881182;0.18;0.28857110322439905;0.44;0.3441885762959112
0.4;0.2715982906420399;0.14;0.19655057486769162;0.36;0.3058485706393727
0.46;0.4483196395926309;0.5;0.39232103642921595;0.22;0.3002947161425785
0.56;0.47365457242474956;0.32;0.3910481103711105;0.14;0.27007607589379123
0.42;0.48691893749368226;0.34;0.36703727059083646;0.28;0.2687970869781286
0.7;0.4292363916624249;0.14;0.3244257729753718;0.5;0.3318551806793831
0.28;0.4263398277070611;0.36;0.4153850187632338;0.36;0.3121453186881411
0.2;0.3581798443787371;0.46;0.47572900667513046;0.24;0.33341310686241515
0.12;0.2818435608876903;0.26;0.1662761809915277;0.1;0.2879514120746286
0.34;0.33660930900218883;0.32;0.46710794244315196;0.22;0.3203580002502592
0.16;-0.04220977982025953;0.36;0.45782938719445787;0.36;0.37500389526779476
0.46;0.3987918392535338;0.22;0.19118484642520406;0.36;0.35245071020011537
0.52;0.31728098790454934;0.38;0.45145515721866913;0.24;0.33053131844320843
0.16;0.3803268432723576;0.7;0.4571684334788557;0.12;0.29462469076352205
0.2;0.40803295022557423;0.46;0.44806626353058815;0.18;0.2846821027337453
0.62;0.3994979350805486;0.32;0.4145894785501204;0.46;0.28475147045708704
0.14;0.1794051438405928;0.7;0.5598412726204679;0.24;0.370041314298182
0.26;0.3196948837247068;0.5;0.4692690174557912;0.36;0.34504558684907194
0.4;0.29800367518511206;0.18;0.19838504030046378;0.16;0.2843909283768722
0.4;0.3012371635777979;0.2;0.1863795435157966;0.28;0.28349879558752217
0.72;0.4614097895280793;0.22;0.39867450796002035;0.4;0.2498046522184328
0.48;0.41931539783830685;0.38;0.39229857737969565;0.48;0.3097369445078052
0.48;0.3678827041319468;0.2;0.1817758645417782;0.32;0.29960456112779543
0.6;0.4501802237399123;0.26;0.3853242943627432;0.34;0.2694603763920393
0.22;0.38807898075061953;0.74;0.43356689615184857;0.18;0.29962363207452736
0.24;0.22616636442564214;0.14;0.2139860322050498;0.44;0.3126491277545571
0.52;0.300670435254496;0.14;0.19242864005720828;0.36;0.30856072758148645
0.7;0.4030932267249591;0.12;0.3176508037180655;0.46;0.3602353051181282
0.1;0.5931518366830208;0.1;-0.023749952148137465;0.4;0.21153959958503216
0.3;0.49865499304699984;0.62;0.37442809803060073;0.22;0.28723086107625795
0.2;0.2893499947396487;0.38;0.519047917872428;0.36;0.338866541765569
0.42;0.3638575974100096;0.12;0.15365379505669235;0.4;0.26977105662110024
0.34;0.3916035945684137;0.16;0.13777527079639013;0.5;0.281099243990717
0.16;0.4149891823184028;0.62;0.4439066400315054;0.38;0.2959709277631286
0.44;0.4382832866211997;0.42;0.37280825250914834;0.46;0.2987457000156023
0.28;0.184471681082019;0.26;0.3252617928538354;0.42;0.35355318271538055
0.32;0.2905368751541353;0.26;0.38614171800714325;0.48;0.38523966205217497
0.44;0.48477164961459474;0.28;0.38116679161661665;0.2;0.2738217236374019
0.66;0.43232133597600686;0.2;0.40999058240451075;0.12;0.27953315228275843
0.36;0.2562680455206539;0.16;0.19753423421303032;0.24;0.29246580197577976
0.22;0.442082780845374;0.56;0.4204095167567026;0.24;0.29518068220898486
0.44;0.49683021908330977;0.44;0.35158332655887703;0.46;0.28396404906657946
0.56;0.5397080216930285;0.42;0.36590910867497006;0.2;0.24111590006806927
0.16;0.1726798676951687;0.48;0.5815552341107644;0.4;0.36484596179661616
0.6;0.47352533989828394;0.26;0.3668069598040886;0.32;0.2759020225632693
0.34;0.4189245122673972;0.54;0.4048774888082297;0.36;0.3080301204113763
0.18;0.47569257837573387;0.44;0.4102507263053192;0.14;0.2702916347392919
0.48;0.43008299900902125;0.44;0.3985264581008934;0.46;0.2912999901251404
0.58;0.466253324218518;0.32;0.38721358316484134;0.1;0.26250063105896376
0.52;0.3972315439282742;0.44;0.4141709658849992;0.48;0.28300828800323485
0.22;0.32342811772950947;0.32;0.19120007704292719;0.12;0.279356974153565
0.26;0.30624353707308666;0.66;0.48736753265165333;0.42;0.34039265736820745
0.18;0.17515291467153454;0.34;0.31775560139289805;0.32;0.3175558171452397
0.2;0.34535815109981094;0.16;0.12789592711150805;0.16;0.2819849797031686
0.38;0.30967934557456955;0.24;0.2538100869068517;0.4;0.3535623163579096
0.54;0.46899525963123334;0.22;0.391371129616085;0.12;0.2590751257829391
0.56;0.47987469540556527;0.32;0.3684088263885429;0.2;0.27505233698016035
0.18;0.3292032610311942;0.6;0.4803312541554843;0.42;0.3269506341334561
0.12;0.19405508839028968;0.62;0.5523956365453699;0.28;0.34222667199584617
0.44;0.4442884085066772;0.4;0.3840073827159578;0.26;0.2865925735201589
0.66;0.45251849150068557;0.26;0.40027501283936473;0.24;0.2676240068033613
0.66;0.444659924329581;0.2;0.390610894983087;0.24;0.2777289182641475
0.54;0.4408185040306303;0.34;0.3818208909891432;0.44;0.28379513072780316
0.26;0.37372250584562666;0.14;0.11997185090929774;0.18;0.2641870577183345
0.3;0.43867895700374115;0.68;0.4035801891383054;0.26;0.2856109307971378
0.54;0.3797836756690729;0.14;0.16003400281049082;0.44;0.29174920694431833
0.54;0.4676868461933264;0.4;0.3860430659472948;0.16;0.28089275469325686
0.38;0.41252898643170877;0.4;0.4270948855011497;0.12;0.29598442037727957
0.22;0.27620221636706943;0.3;0.2263302715956113;0.26;0.29877057774115423
0.28;0.22806425139139802;0.26;0.2304804275292929;0.26;0.3188821228954575
0.24;0.2951974256130922;0.66;0.4982363179380366;0.16;0.32629985532405237
0.1;0.2899090423041233;0.7;0.5126009774000029;0.5;0.30050247431001204
0.86;0.4844749501612549;0.1;0.40796941632484174;0.34;0.2536610346154682
0.82;0.4879458956324097;0.14;0.38241142692634933;0.14;0.24949710209580286
0.48;0.4433533006581502;0.4;0.39098983133328974;0.2;0.27640755977396003
0.14;0.08359025953064048;0.38;0.6469758326570676;0.32;0.373460125118371
0.3;0.4873859200518422;0.52;0.3831856575690499;0.3;0.2929222094972044
0.4;0.3756611509627613;0.24;0.3936891916347861;0.5;0.37934606977831137
0.24;0.4261163487738528;0.5;0.42599123587428483;0.42;0.30719771846154975
0.32;0.3760579484842131;0.52;0.4354250895198578;0.3;0.33241636108323336
0.52;0.3715540441394847;0.44;0.45431414026153577;0.1;0.2938314443925223
0.82;0.44343612021980494;0.14;0.4219732755145258;0.24;0.2625682881234772
0.3;0.36817870262030256;0.36;0.4572926708148526;0.12;0.3062588850166337
0.3;0.37603840220956997;0.58;0.43552868377562365;0.42;0.31929377063538844
0.46;0.4350045815082455;0.34;0.3767776930990581;0.3;0.28659545156166766
0.32;0.362683081441204;0.64;0.43041243538891816;0.5;0.32412670733264937
0.7;0.3830783333630847;0.26;0.42843970515183616;0.42;0.2972757941677919
0.58;0.49383143044057337;0.4;0.377296580814491;0.22;0.26580137474098436
0.5;0.39602476206136256;0.22;0.39967662316556196;0.46;0.36433671173924065
0.4;0.3014982032816994;0.26;0.20858190703241955;0.1;0.28793442761407717
0.36;0.4233136720915318;0.44;0.39547083797789856;0.2;0.29819881035342133
0.52;0.2951797138506209;0.14;0.19726572647839546;0.28;0.30076210405522774
0.36;0.45559659012991716;0.48;0.38404985972676114;0.14;0.2797113920337141
0.64;0.5153619390452253;0.34;0.3614422724252553;0.18;0.24676814568946093
0.22;0.3389621254703062;0.18;0.1498857635484171;0.12;0.28068084734714693
0.14;0.2814048790720336;0.6;0.5103921552030943;0.24;0.32284592888863817
0.16;0.16217857843306843;0.2;0.2570152303321591;0.44;0.3163240032682311
0.2;0.10567368402924177;0.3;0.4600859149034423;0.5;0.3427152478660119
0.34;0.3148011508878246;0.24;0.17714205820130008;0.2;0.2820002451007438
0.2;0.4555387546954473;0.58;0.4158440443122938;0.24;0.29286169331365774
0.12;0.2409611116574355;0.82;0.5303159369322673;0.22;0.3333134392639935
0.36;0.39175102440699805;0.6;0.42625536901129446;0.32;0.3089374671907071
0.2;0.2172288772266524;0.22;0.2497092077837543;0.44;0.30586099164358876
0.1;0.32917766878402693;0.54;0.5224026653819611;0.3;0.27521827883707684
0.24;0.31406876855170957;0.56;0.47919339433404884;0.12;0.32877982144603035
0.14;0.30774873600220093;0.8;0.4981831600614696;0.2;0.31570040360660456
0.42;0.4044176655312326;0.18;0.12823753377751415;0.46;0.2831537106346953
0.12;0.25742729292505095;0.14;0.14768891564414854;0.14;0.32660527027412156
0.54;0.33137432268385647;0.1;0.18083884913081946;0.5;0.28526868330319544
0.62;0.4367010020074194;0.26;0.3994578931985158;0.16;0.2865039103651322
0.2;0.27796620698074725;0.32;0.23197369443561328;0.22;0.2868692331231037
0.14;0.256270970934432;0.58;0.5417662743722165;0.44;0.3379966739333828
0.44;0.3045271286955082;0.12;0.18070637552061525;0.26;0.28488673021429833
0.28;0.39135711400131873;0.44;0.4241993590137593;0.5;0.3379514777426109
0.14;0.29729323407033903;0.68;0.5007757175447778;0.28;0.3158403816725843
0.26;0.3284179887786194;0.72;0.4785161148775643;0.26;0.321209574722224
0.2;0.29539715847186976;0.66;0.5002870814787925;0.5;0.34280302694597276
0.32;0.3979185632350261;0.54;0.42496205478916327;0.32;0.2993679622235219
0.46;0.47718229795226286;0.46;0.38043299462888236;0.24;0.278501112373996
0.3;0.290613039597884;0.24;0.19145185368762357;0.18;0.2820175590201604
0.72;0.4492574256953994;0.14;0.3837751560220496;0.48;0.2666326059127907
0.34;0.31519454332210844;0.28;0.19204008881917303;0.14;0.2859318188789617
0.44;0.5486998065673491;0.26;0.16942325153780086;0.28;0.31294878958839
0.5;0.35102531829786693;0.16;0.17682656713082268;0.12;0.2653468443934166
0.68;0.3835868707262083;0.12;0.35592013229609454;0.1;0.4023033743430625
0.12;0.34885318271017496;0.1;0.09098793533790989;0.24;0.30497685205580477
0.36;0.36468095494272335;0.14;0.152801287664076;0.22;0.2632979090310905
0.26;0.3725579678279192;0.68;0.44768492864261034;0.24;0.3135585075267129
0.32;0.4273483068532814;0.36;0.40386528990392734;0.48;0.3246173499805931
0.38;0.3185361936703522;0.1;0.15714032016055265;0.34;0.281888677544964
0.44;0.3509160772982035;0.16;0.15630563249115018;0.28;0.2851981561415997
0.14;0.29015097348616165;0.82;0.5199528403012854;0.36;0.31066757649242194
0.52;0.34080163752468023;0.42;0.4536585190497383;0.12;0.3109672577650542
0.44;0.4423099129359233;0.5;0.389574696358272;0.36;0.27813546337637984
0.1;0.3089988701809696;0.62;0.5242115868842225;0.32;0.2853038144414277
0.28;0.42244637691715037;0.1;0.090353179924058;0.14;0.2417389698300294
0.46;0.4125945117392042;0.4;0.38995617186364906;0.44;0.30006554848261113
0.22;0.3483347413613926;0.18;0.13903588016573526;0.22;0.270703989473312
0.16;0.21627623137208601;0.46;0.5557914249626835;0.3;0.344169354638587
0.2;0.34832504453878144;0.28;0.14455453266516838;0.1;0.278914532669878
0.1;0.42289491273945484;0.2;0.09061875161620947;0.3;0.23014685346400027
0.3;0.3276614171769292;0.28;0.19942158091060372;0.28;0.29770107347196034
0.5;0.49246343081375415;0.46;0.38155960367858177;0.1;0.2530012010970709
0.56;0.3899908613601333;0.14;0.16612694607254044;0.12;0.2855925856385903
0.2;0.319677720662045;0.42;0.5128165419731221;0.36;0.3299381163163534
0.24;0.2853040474876793;0.54;0.4892127326004303;0.32;0.3358864706122297
0.4;0.39654601020063496;0.22;0.1774348291191672;0.42;0.28770553818339156
0.42;0.3288438173914689;0.16;0.16465395155544854;0.1;0.27987631603724533
0.56;0.27301820938764904;0.1;0.20189742861347656;0.4;0.3065379687181736
0.1;0.1905563334107065;0.38;0.3007601292413229;0.36;0.25682809541390117
0.2;0.1828404081124394;0.34;0.31527440592889944;0.32;0.3175857936965766
0.34;0.3479281269602345;0.56;0.4525966407912936;0.42;0.3243029041998449
0.48;0.295020799807192;0.12;0.18355319688042332;0.26;0.297870589841457
0.4;0.3800016145842705;0.28;0.42751743555434596;0.32;0.30786676252630535
0.3;0.37681609195104704;0.46;0.4260779193282146;0.44;0.33267701189778
0.14;0.21853947943700158;0.82;0.539549354152064;0.18;0.33426000367113906
0.24;0.22828552253448853;0.2;0.22502648023351338;0.34;0.3077586359302754
0.38;0.33895986370389425;0.18;0.16668187887386202;0.44;0.2922510972301029
0.44;0.4523856747093415;0.54;0.3844846788826279;0.5;0.28472332250974686
0.52;0.37972233222029356;0.4;0.4401215313937842;0.18;0.2975246226840464
0.12;0.38761194170732866;0.52;0.4607954175266401;0.1;0.2966841823823847
0.54;0.4768683869078635;0.44;0.3822221576309427;0.3;0.2620844981760154
0.26;0.3964082467784205;0.56;0.4302008775089609;0.2;0.31606543269924636
0.12;0.16168306743041527;0.62;0.5819979703587743;0.38;0.3443931525191133
0.38;0.2713553827972669;0.14;0.1908764447600388;0.4;0.29319087599142335
0.26;0.34487097547271434;0.12;0.1358267599404168;0.3;0.28073778822045314
0.68;0.5048997942687758;0.12;0.29129403510627483;0.14;0.3532149969509693
0.14;0.2084393582457142;0.5;0.5712233282396131;0.44;0.3531078032906872
0.4;0.3538163110084306;0.1;0.14805970736049043;0.34;0.26487044007229554
0.18;0.3779475795919685;0.22;0.11821719171519807;0.14;0.2725030796452333
0.18;0.31418164720958136;0.3;0.17415715186035743;0.12;0.2778619217015238
0.26;0.3375263071397258;0.36;0.47707413833281576;0.42;0.3419173522594542
0.14;0.2760961884897825;0.54;0.515391745113098;0.2;0.33695308049019335
0.12;0.38257793211645497;0.16;0.09970164857050612;0.24;0.2660870724902188
0.66;0.41189701503691645;0.1;0.16983431549438738;0.28;0.31189432621510554
0.26;0.3478421080566676;0.62;0.45206887373324256;0.24;0.32073147458543033
0.22;0.37408968110660573;0.46;0.4649552119507945;0.3;0.3182183098571745
0.34;0.3237309679966237;0.28;0.3068487813388384;0.38;0.35734148460963794
0.26;0.17415592704723493;0.14;0.24502965190509016;0.46;0.32891190769240053
0.1;0.39558209395039995;0.64;0.4464486762945215;0.14;0.28306209209686173
0.36;0.2617378613778579;0.14;0.19201708616299284;0.12;0.2839072177009983
0.38;0.40056949770878997;0.48;0.42776857855130235;0.16;0.2926093474393143
0.46;0.42415956809091526;0.38;0.38271371808322274;0.4;0.3006204491132327
0.38;0.3956822456889225;0.36;0.4106847942722416;0.44;0.3129566560940991
0.5;0.4272463216519605;0.14;0.12284135276382813;0.1;0.24258063518372408
0.22;0.27883801032140093;0.26;0.19817257950250258;0.14;0.29427917771129564
0.16;0.33613927669144056;0.74;0.48173174926504375;0.26;0.31809629884163065
0.78;0.45443407351718423;0.16;0.4113606203715043;0.2;0.25077587672236756
0.22;0.37073041579698796;0.18;0.12364487512455533;0.2;0.2631911371152591
0.28;0.5109529495020626;0.6;0.368230417148127;0.1;0.2674717996252747
0.34;0.43030590326987367;0.6;0.41372389648149743;0.32;0.301381759313058
0.48;0.3554678678337638;0.1;0.14842580153244422;0.3;0.2679506256694897
0.54;0.3867004751800504;0.32;0.4145322213690448;0.44;0.30700900447599444
0.22;0.2109887375712069;0.52;0.5341411946158823;0.5;0.37922025104436186
0.12;0.04334225142850234;0.62;0.6440615555356127;0.4;0.3853245964669014
0.34;0.4284262515853052;0.32;0.4081859266681312;0.32;0.3092397669389808
0.6;0.33895195437250714;0.12;0.1977523202236968;0.1;0.2831457866268675
0.16;0.20030269721919453;0.6;0.5563422718229551;0.42;0.36390181744193206
0.14;0.24372927044485218;0.26;0.20301589454819724;0.16;0.2824453772114711
0.8;0.464723827937859;0.16;0.4154882393007727;0.2;0.25493150663560404
0.56;0.3652662234533728;0.14;0.17864795552548138;0.4;0.30805161306246953
0.38;0.29801912510829637;0.2;0.17927463198377272;0.14;0.29259480595678417
0.28;0.45137070253260553;0.62;0.39591694633351915;0.48;0.3042944075619336
0.2;0.44901543747014916;0.78;0.41411102095070756;0.12;0.26784359565977894
0.4;0.3710223720691466;0.46;0.41823285629459794;0.42;0.31456136906524207
0.22;0.4015504653888825;0.68;0.43881889555267867;0.1;0.2996096185034073
0.38;0.2997938838564072;0.26;0.19678597739172815;0.12;0.2943451184394954
0.52;0.3065294162492588;0.16;0.19541229087264853;0.18;0.2945978474558832
0.28;0.24615259923923205;0.28;0.38493561395286324;0.46;0.35889456766492633
0.34;0.2968582972058549;0.28;0.26763911956173275;0.32;0.3306612088614306
0.7;0.5157679945950637;0.26;0.36649224285441445;0.38;0.2387338817566186
0.38;0.3861378283315518;0.14;0.1365923957666897;0.22;0.27274823680339305
0.26;0.3331158459667724;0.38;0.4694630946131736;0.24;0.3225188640625266
0.16;0.3403205240385647;0.48;0.4898070846846396;0.24;0.30623439001146247
0.22;0.10131033125213063;0.34;0.46468808539622647;0.4;0.3684754852084162
0.56;0.4573604368791027;0.28;0.37822088896000616;0.22;0.2731680776457162
0.22;0.4882271232868832;0.5;0.4052751766936167;0.24;0.2700440606765714
0.26;0.3648494575700268;0.6;0.44946565531282934;0.2;0.3207795637825629
0.24;0.27813998745086227;0.16;0.1666021572865347;0.14;0.2948874672926523
0.58;0.47909557931984054;0.34;0.39494768456291457;0.1;0.25521161255109526
0.28;0.43629377864664515;0.4;0.4159647527227897;0.32;0.31364309604570567
0.38;0.47539726954334144;0.3;0.3961579749545882;0.22;0.2747838243726939
0.3;0.3522626153522892;0.66;0.46031744354782805;0.14;0.3219095108565961
0.48;0.38440328000277346;0.18;0.16426838184329964;0.42;0.28538815906977466
0.38;0.3050590460278218;0.2;0.19448277882184495;0.1;0.28015525678255726
0.72;0.5119711289047273;0.24;0.3770727690413612;0.14;0.23408781816221633
0.1;0.40235034865207825;0.16;0.1151913839386195;0.46;0.22604990481950488
0.54;0.29966022046735274;0.14;0.21066020389403425;0.34;0.31084886890331354
0.52;0.4388003970796031;0.32;0.38670700048252965;0.38;0.3008122826517087
0.46;0.3888156634719331;0.18;0.15417542810920998;0.42;0.29635248495533834
0.16;0.3335703174311925;0.78;0.4803658673274669;0.1;0.30985565110199376
0.2;0.2161527417338302;0.3;0.25273776347919097;0.28;0.31774276181405875
0.14;0.16284473043833864;0.24;0.2577591095402674;0.4;0.29816656179857753
0.1;0.11341976193874942;0.36;0.36830612194827395;0.46;0.2589574273423885
0.16;0.42369951068618317;0.2;0.09166504352699681;0.1;0.24365411047479713
0.78;0.5349904718965526;0.2;0.39358988268740147;0.38;0.23124583164574072
0.46;0.32674851130155835;0.28;0.4551684668671895;0.14;0.31340170138300605
0.1;0.12934933247510305;0.62;0.5994109527710734;0.3;0.3475330255016653
0.4;0.27409632415996404;0.14;0.1753297477610712;0.34;0.30243799527026766
0.34;0.3972692729559308;0.62;0.42081392154479674;0.24;0.30347803391968897
0.14;0.11658919474948248;0.78;0.6087172419163631;0.42;0.3721286514766108
0.88;0.49663979442144257;0.1;0.38089960298701175;0.18;0.2608433188895761
0.38;0.35953462783090767;0.22;0.16210568324171526;0.18;0.2724167158233555
0.34;0.3841927949621592;0.52;0.4382758228531547;0.3;0.3220232300945566
0.38;0.33903437124052627;0.58;0.44079328501598586;0.5;0.33295133835815205
0.4;0.48392610353400006;0.46;0.36995471775197813;0.46;0.2863366628653351
0.64;0.488724175419829;0.34;0.36486631390543345;0.48;0.2534314796902881
0.68;0.40433305611962717;0.2;0.41065193226708474;0.34;0.27543416558865247
0.36;0.3169528183296525;0.32;0.46783439079129513;0.46;0.3448964762565292
0.32;0.49043830463457644;0.54;0.38315766018337505;0.3;0.2940748247361933
0.14;0.3173169249914656;0.24;0.1579206796782014;0.22;0.28528495996824893
0.48;0.4575615773741513;0.44;0.3917900855395884;0.16;0.2863559580112697
0.1;0.19217491832711536;0.36;0.2999644489545192;0.38;0.2524751934383641
0.56;0.34462538437519685;0.16;0.20984415113620788;0.22;0.28881331070643923
0.2;0.42973874828721736;0.54;0.42523329699602314;0.3;0.3020685511026933
0.18;0.30511904084932934;0.72;0.5064320142788907;0.38;0.33285164069926715
0.16;0.1980902294163966;0.48;0.562052399772888;0.34;0.3549958506149589
0.26;0.272073248151269;0.1;0.1731728521771307;0.4;0.30970177334661064
0.18;0.22441986503571365;0.32;0.24934121770697193;0.2;0.301143331249473
0.24;0.3194653340479467;0.68;0.47750512115029425;0.26;0.33168773533442203
0.58;0.4144758246043283;0.16;0.19501977251372773;0.3;0.3198073368422036
0.34;0.41021549104907046;0.5;0.40811059953802575;0.38;0.3163795634748354
0.1;0.2691224053017459;0.72;0.5152727007958712;0.22;0.2972982534793882
0.68;0.448894502097017;0.1;0.1959669265655934;0.16;0.3324817434562266
0.56;0.3815612325790109;0.36;0.43658010116915924;0.12;0.29478138132279985
0.52;0.19703778990804943;0.16;0.2705436574349491;0.46;0.3709538774862281
0.44;0.4700526319738718;0.2;0.10135509750691074;0.32;0.2791466881619906
0.44;0.5214436800583064;0.46;0.3523719728128255;0.28;0.25759413579356255
0.52;0.39183817109755426;0.38;0.42217510835079947;0.22;0.28733368074764115
0.66;0.3653309551833691;0.1;0.19982220774738105;0.2;0.3036601516065025
0.62;0.456198065632052;0.12;0.150216451368098;0.42;0.3086266015027738
0.54;0.4977396586819613;0.34;0.3706792964700507;0.3;0.2602210391100024
0.26;0.3653254654703988;0.58;0.44327567162012327;0.1;0.3097109622466819
0.12;0.036896034221998275;0.5;0.6587922749153585;0.36;0.38188876781214814
0.44;0.47958789942810576;0.42;0.38699268519299446;0.12;0.27659625788686437
0.32;0.35381646785732035;0.36;0.4555056951066025;0.5;0.34403364490367616
0.2;0.36028891486502995;0.14;0.12213488093837382;0.18;0.2719171021594338
0.12;0.25161948465116024;0.24;0.20416426873390828;0.36;0.27932204817194295
0.84;0.4142159002006917;0.1;0.4550413006267571;0.5;0.25478739268972705
0.32;0.45176215145144294;0.48;0.3839461076046709;0.4;0.30492551935259615
0.42;0.42598158140484127;0.5;0.3961230841984169;0.5;0.3139287313688973
0.18;0.4072095829220348;0.68;0.44318130852293447;0.2;0.29671197465926136
0.4;0.49839849105295936;0.52;0.35888179107093315;0.38;0.27628513199137533
0.44;0.41066028817886857;0.3;0.39304197367379556;0.38;0.3049604410555369
0.14;0.26523808223728945;0.12;0.17004852620157468;0.48;0.29344828966382025
0.48;0.39311622136755753;0.44;0.43311574008495224;0.14;0.30215715435372387
0.48;0.3475336417102777;0.22;0.19131702527691982;0.18;0.2911876478566796
0.62;0.3525396686273632;0.12;0.20347568102305344;0.1;0.2997459171937087
0.26;0.442648788787575;0.46;0.40156713142697;0.18;0.2859282928060685
0.36;0.4656395214840042;0.62;0.39875727071565736;0.24;0.28329479249192446
0.32;0.43542625591839723;0.58;0.40026031563772324;0.38;0.2955119460864551
0.6;0.4919696310203139;0.14;0.14417884277747042;0.36;0.3072857495603193
0.36;0.2997065916412557;0.24;0.2166748279985887;0.32;0.3190813196143744
0.22;0.2852194702854089;0.24;0.19475183643492855;0.24;0.3016885586620026
0.22;0.35632025435041387;0.16;0.1309975329838289;0.24;0.27402678259666874
0.14;0.16789343923641548;0.58;0.5874444569481492;0.4;0.3634199939109348
0.54;0.3932298750193215;0.16;0.1659690795255759;0.28;0.2807307104442055
0.14;0.24069569802544777;0.74;0.5428965592126753;0.38;0.32889236589538
0.42;0.45994871166854795;0.52;0.3936254020524024;0.1;0.26362526467011205
0.82;0.5619763838179128;0.14;0.39563523854124993;0.5;0.19216472888271718
0.2;0.30121087029074955;0.56;0.4937471147561765;0.42;0.33856682852202435
0.24;0.3729325698364408;0.38;0.45832856608290345;0.24;0.3252102919404112
0.36;0.3306523920379849;0.42;0.44901010512305756;0.14;0.32974943234953485
0.58;0.4008930339228476;0.1;0.1588335989903437;0.5;0.2730952465443032
0.68;0.5072538064856564;0.24;0.358490114349764;0.32;0.24227958047097556
0.14;0.16148274475412183;0.22;0.24578324850837951;0.3;0.3172301164295569
0.12;0.0986141321231509;0.48;0.6315005769955074;0.36;0.35656737072076666
0.16;0.20755867706419895;0.4;0.5816633403331409;0.42;0.3525936626657355
0.1;0.2258725484406956;0.56;0.5636268472511207;0.28;0.32011979068559315
0.46;0.2793812236931807;0.22;0.21307943136015015;0.12;0.30785428521676494
0.18;0.2519001673893716;0.14;0.19156695037326882;0.48;0.2920764650207065
0.54;0.4144688516790405;0.3;0.42011539851655233;0.14;0.27528367893107075
0.46;0.4732389579344189;0.5;0.38067507580386634;0.36;0.28115465420029806
0.12;0.26003382435597716;0.8;0.5153166427525265;0.1;0.3332849668607737
0.54;0.37882790776396197;0.36;0.44611436857445674;0.14;0.2859060902840782
0.1;0.2858349843117804;0.82;0.5370807595496578;0.46;0.277602687342128
0.32;0.4117315057502736;0.58;0.4164901994117657;0.12;0.29052429384395934
0.3;0.4852183052513978;0.46;0.3687569270549575;0.24;0.2838592387921067
0.52;0.39699763919011133;0.3;0.39405499028271174;0.34;0.2985087222539089
0.74;0.31946552336184925;0.12;0.4283930258304402;0.12;0.34723298914422185
0.5;0.3686742736042627;0.28;0.40829333317914684;0.38;0.32390664409110403
0.78;0.4897981122917313;0.16;0.3987941506632729;0.22;0.2684447789649217
0.34;0.3398122454813053;0.4;0.44595784696233626;0.34;0.32975435554454957
0.14;0.014010319695010487;0.62;0.6592056846012864;0.46;0.4106085612097908
0.14;0.18778634662486932;0.8;0.5758366819151204;0.42;0.3378099573925432
0.28;0.3265012709829091;0.66;0.47094963400134315;0.2;0.31621637213455916
0.4;0.395945375081078;0.58;0.4163184086635303;0.38;0.2999964135282132
0.14;0.24471047024282772;0.74;0.5298996373168448;0.18;0.33251734576031167
0.54;0.4119590076137807;0.24;0.3786080432566411;0.38;0.30041382675982287
0.2;0.31263679733532407;0.16;0.17997129499327685;0.48;0.2764148705073004
0.32;0.42569801151872433;0.66;0.4188553152371122;0.22;0.28646520078395143
0.14;0.30446599777292555;0.44;0.5106681690674522;0.22;0.3112618427851396
0.14;0.3952049647761951;0.2;0.11000387538258355;0.16;0.2521080067547006
0.14;0.28821364938780625;0.82;0.5002829374216284;0.14;0.32133669095825623
0.28;0.3902504440336298;0.54;0.4177544761075936;0.3;0.32501897093387144
0.48;0.47445747588106746;0.48;0.3871894796302978;0.18;0.27151114426682255
0.16;0.18652753687135126;0.48;0.5769462583560591;0.5;0.3706553388208629
0.76;0.4016180658598967;0.18;0.4307020848253577;0.12;0.2790284115124224
0.52;0.3988491685922067;0.36;0.42474604513008013;0.14;0.28294325046776103
0.3;0.32111095062138545;0.48;0.45923301677930667;0.22;0.3361550288601579
0.74;0.41332448074086975;0.18;0.43879382754882623;0.22;0.27508097916812096
0.16;0.13688323028925387;0.4;0.5958286010580411;0.28;0.3746058459723722
0.24;0.366833669716243;0.62;0.4490082869034416;0.3;0.3275129013570739
0.62;0.43640453561458026;0.3;0.39231520937067144;0.12;0.27303263164840774
0.12;0.12210258480226699;0.46;0.6226293478924412;0.36;0.3479399756750682
0.1;0.18220794956257758;0.34;0.26301683750883587;0.3;0.2768324822616624
0.22;0.3872850349707115;0.46;0.44783269169450385;0.24;0.313851395532953
0.2;0.29823239470606544;0.68;0.5120860504281086;0.48;0.3346921325672926
0.7;0.4350993358758606;0.2;0.3899172203634875;0.48;0.23824076462454288
0.62;0.39769706250620973;0.26;0.4069589684445679;0.22;0.2780164439337449
0.52;0.4878484530420895;0.3;0.35306212330568676;0.3;0.26971835129786437
0.1;0.3193192334559445;0.84;0.5251897297821344;0.5;0.2810807766468515
0.34;0.45839044105823284;0.44;0.3786553233811393;0.46;0.3105365674114806
0.34;0.4530010876199396;0.6;0.4039953400673982;0.38;0.30158497186906263
0.22;0.3548097113319623;0.7;0.4599316508707296;0.24;0.323083084448779
0.62;0.5434853089274095;0.16;0.21134226016197957;0.16;0.35515153403665517
0.32;0.28169784878205023;0.22;0.19794235476890837;0.18;0.2943596916695888
0.12;0.16919639004227954;0.64;0.5759920609493391;0.38;0.342574737340393
0.46;0.27419896494847473;0.12;0.20141526486273453;0.1;0.2899685255933119
0.46;0.24438773923268753;0.12;0.22510578801821707;0.16;0.29828073380484377
0.64;0.5881623239812004;0.14;0.2151294199686538;0.32;0.3583229175241237
0.1;0.39653557269029893;0.14;0.07298090224168674;0.14;0.2717733179626357
0.52;0.3526779747452334;0.1;0.1588917273958229;0.26;0.28040001925612484
0.18;0.37741225306155174;0.78;0.46321033764702807;0.12;0.2887557423747087
0.54;0.457553488451379;0.28;0.3907587601007273;0.12;0.2897051695178888
0.5;0.4147786783500621;0.44;0.41135727015553203;0.38;0.29457622958711394
0.48;0.33496530675024283;0.14;0.1764281748870244;0.2;0.28817633578899926
0.24;0.38226445593828395;0.44;0.45355499000239075;0.26;0.31767234910550934
0.28;0.4946525882622194;0.44;0.3811511501879541;0.12;0.2658701010354363
0.12;0.07141684884487376;0.46;0.6467712910262692;0.32;0.37596635666322703
0.22;0.33207578512130614;0.64;0.4727124692183234;0.24;0.323023361651551
0.6;0.525763938294356;0.18;0.291068425037299;0.24;0.3667777822998626
0.78;0.5070851710521718;0.14;0.40997120367895656;0.48;0.22143533971764845
0.1;0.25980194884012947;0.88;0.5482967535613215;0.5;0.2937979160591244
0.46;0.43237803025167104;0.34;0.3793163884261743;0.34;0.2944929777073889
0.18;0.2834257018659451;0.22;0.17137774693720687;0.12;0.2927620426825283
0.42;0.38979833128794605;0.46;0.41966840424128304;0.34;0.31335078311579
0.52;0.34809563715425096;0.12;0.18024987881004045;0.26;0.26442466400575887
0.3;0.4833104973891737;0.64;0.3837934843849764;0.42;0.29449135139035526
0.26;0.3275477391017191;0.54;0.46206270471733957;0.4;0.3352614571858372
0.44;0.47938860926710875;0.52;0.37469715080541743;0.22;0.2670456261943312
0.26;0.43320842679132227;0.62;0.4261612709492513;0.1;0.28229065271069465
0.12;0.3819199769481192;0.7;0.4688275061674427;0.22;0.2924894042064471
0.56;0.4051419917904287;0.32;0.41072716401578324;0.42;0.2838941635102822
0.44;0.2845474330124521;0.1;0.18993762130084982;0.12;0.28486531770454887
0.1;0.25292341274867675;0.8;0.5515303378101721;0.46;0.30445245059358544
0.14;0.1509347823660736;0.66;0.5737791351488393;0.38;0.3747617573397971
0.36;0.3512192782145491;0.26;0.20317578850815574;0.32;0.30593006511529924
0.4;0.43207642820703585;0.56;0.3995306003983093;0.28;0.2892349070852942
0.52;0.5008576250152861;0.32;0.3602474790459511;0.12;0.2725057456392881
0.36;0.4953193010366578;0.6;0.3721566982113395;0.16;0.26479455225659865
0.74;0.4272662606106388;0.14;0.42275022303012044;0.12;0.2774235222779233
0.52;0.48150262900259644;0.4;0.3705732305066286;0.48;0.2618565771359885
0.7;0.4382606287937878;0.28;0.39404530337891;0.48;0.271587291723495
0.22;0.26020013589714547;0.36;0.5331678974233015;0.42;0.34969886263071454
0.3;0.4124919907401398;0.68;0.4257261256906596;0.48;0.31620699321669843
0.58;0.44304067117333856;0.32;0.38051212946624074;0.46;0.27330996184145995
0.24;0.34736927082113317;0.5;0.4556884209398758;0.22;0.31994184746101095
0.56;0.3851636161894131;0.34;0.4246781114023509;0.38;0.29888771811334175
0.48;0.4142865217742586;0.26;0.4179935389419922;0.1;0.29120754364902596
0.64;0.5090458865254927;0.18;0.34662989143039363;0.34;0.26906463562013627
0.14;0.029291433374827924;0.38;0.6834901775045756;0.48;0.38531414063829345
0.36;0.3683007569106097;0.16;0.1507498768260167;0.36;0.26840519513711036
0.26;0.3753475826236829;0.26;0.1377392026511045;0.1;0.2592468840973016
0.1;0.36625483015733057;0.74;0.4717435930302128;0.22;0.2801723228603687
0.28;0.38191735674156435;0.22;0.15903606483426824;0.32;0.274464413905041
0.64;0.37551666324964156;0.18;0.43356127741970296;0.14;0.28964378347721875
0.44;0.29322877375894096;0.1;0.1817468939212163;0.1;0.27942459764271127
0.44;0.40743852273650477;0.14;0.13333015359532704;0.3;0.25919165912052844
0.16;0.2844127171007936;0.3;0.2086796576361888;0.2;0.27747572042437957
0.3;0.4800868915643558;0.48;0.3805961694476002;0.48;0.3049094823122983
0.48;0.29972301543527075;0.1;0.18926959136655525;0.42;0.2687457860172172
0.46;0.42921710118493256;0.32;0.4045274177386373;0.16;0.27352827603607477
0.12;0.21546702464075412;0.66;0.558416773445892;0.46;0.32456681223443606
0.26;0.38493151471796244;0.1;0.11816847317810208;0.46;0.2720407180305078
0.28;0.30602218695467376;0.36;0.49167009848199605;0.46;0.34200985242308773
0.38;0.3520638149519121;0.12;0.15103361148335342;0.14;0.27628335377970253
0.18;0.3869606572079202;0.14;0.1034854675512307;0.18;0.27099957006986786
0.48;0.2948581405362797;0.16;0.19947448802226214;0.12;0.302432756537529
0.58;0.3437428285858536;0.12;0.19143732366706623;0.16;0.28368530747018883
0.56;0.5028232250477473;0.24;0.3566991065736691;0.24;0.27109153913657
0.18;0.335422090056098;0.12;0.12679744200958099;0.32;0.2854718851722931
0.4;0.44765372242930995;0.3;0.3893075003808606;0.3;0.2940591312587115
0.54;0.2581590831404007;0.1;0.22194170184312859;0.1;0.2940047706999811
0.6;0.386492367087504;0.28;0.43201275182542936;0.12;0.2943984957832135
0.76;0.5021042253018881;0.14;0.39062482409352195;0.26;0.25178252028232606
0.2;0.3157400624978887;0.28;0.17462324578903946;0.16;0.28385601122389825
0.3;0.2742676847967869;0.2;0.20851841471874324;0.32;0.29801030518447397
0.4;0.30118488527965426;0.26;0.20817749384632553;0.16;0.3105874338881098
0.82;0.45700072016951704;0.12;0.43394892551289854;0.48;0.23686522304041552
0.46;0.44202248539148153;0.52;0.3934285019230025;0.32;0.29606874902795854
0.56;0.5114606047522725;0.34;0.34580842769602;0.44;0.2543890552818866
0.1;0.302549355407387;0.82;0.5079639992022722;0.26;0.30108408361801353
0.32;0.414855021647601;0.22;0.1321722007398649;0.3;0.2691383908897683
0.68;0.3834359264994249;0.18;0.41911895064797106;0.2;0.306658508298951
0.34;0.432373031444923;0.46;0.3948285783642425;0.22;0.29762679352590365
0.12;0.17430713763337186;0.86;0.5710617999793616;0.38;0.34995905197441235
0.68;0.4653743215008582;0.3;0.3791553774421201;0.3;0.25664787447874216
0.12;0.06063860157686746;0.32;0.3361760882607687;0.32;0.32408589370686347
0.16;0.45754072802640045;0.14;0.06124182032713665;0.1;0.25266340284553274
0.5;0.30689404148521404;0.2;0.2599832127993474;0.36;0.3799403940054612
0.58;0.6617568602688464;0.18;0.20279375797903168;0.32;0.32950882924963854
0.44;0.3618294047421839;0.14;0.15058372503773404;0.42;0.277150284902394
0.48;0.29079485501540203;0.1;0.19270907884799474;0.38;0.2910446676278078
0.66;0.4577252356519115;0.3;0.3953850784052959;0.26;0.2625845388387883
0.42;0.45219078004190405;0.16;0.1000384909859888;0.5;0.2783764624590879
0.44;0.43329034138023603;0.28;0.4115123323804233;0.1;0.2962177949547202
0.38;0.34619410383362875;0.12;0.14452322610104607;0.42;0.26925290216929926
0.1;0.33722649677592403;0.3;0.16404115426040225;0.22;0.24711872074596752
0.1;0.31279408802058456;0.7;0.4889395617048759;0.22;0.307616236244977
0.58;0.42249777528942556;0.22;0.41273851418718954;0.24;0.29349480189695115
0.52;0.4223580276093442;0.38;0.39820793544683336;0.34;0.2938037005962748
0.38;0.41726371026327064;0.46;0.4049660675524252;0.44;0.3088691174953225
0.28;0.2504346365903298;0.3;0.23859000697656182;0.28;0.32583963886787193
0.1;0.40921650756852385;0.8;0.4445367212151592;0.14;0.28249922264268307
0.14;0.35666830129093546;0.72;0.4878086430547345;0.3;0.29157931823621364
0.44;0.28671182672320955;0.16;0.191555948125943;0.2;0.2837866387650426
0.7;0.4705729617745736;0.22;0.3813603422602498;0.32;0.2528134736407541
0.6;0.4921487337030121;0.34;0.350379846631906;0.44;0.26095657679137374
0.12;0.2386243681832086;0.76;0.5482400260599714;0.28;0.3210337389672363
0.3;0.3605839045167257;0.6;0.44852135852711217;0.5;0.32879040827460326
0.1;0.31905023384267583;0.4;0.5402840194226453;0.26;0.268145671056785
0.7;0.4086285706699205;0.14;0.3831963031105391;0.14;0.3369376140689927
0.44;0.41068362017674137;0.46;0.39314403694881117;0.46;0.29163049137377917
0.6;0.4519967585024346;0.24;0.37691587489438627;0.32;0.2786716461408867
0.56;0.39753264268049954;0.36;0.4107683541962531;0.42;0.28337976979796375
0.14;0.15063735080823248;0.46;0.6065222688467863;0.46;0.35260573064166945
0.66;0.44957159664187146;0.26;0.40009714917779005;0.3;0.2664995578051341
0.82;0.43312900275607275;0.16;0.43117270182656775;0.32;0.2520862833156706
0.36;0.4555090883931711;0.34;0.3928317909007266;0.2;0.287320786781297
0.24;0.36725753652633286;0.58;0.4549888012006751;0.24;0.3196289068259984
0.54;0.5587683409173394;0.18;0.29799600204087595;0.46;0.3745388050606627
0.3;0.37691252069497977;0.16;0.12932480649435696;0.28;0.2606530035450457
0.22;0.36032025418485525;0.14;0.12080812092318904;0.1;0.2746625933145879
0.14;0.10106522293780978;0.4;0.637886253452274;0.42;0.3690128655316979
0.4;0.3550737017563355;0.46;0.44724269452326515;0.1;0.29831071780324037
0.12;0.3751057723528;0.82;0.45933694694012883;0.1;0.2848859728093822
0.44;0.3941189691804496;0.34;0.40172497431991294;0.34;0.3084818598759089
0.1;0.07611333880693533;0.42;0.6741737203995459;0.4;0.3282130464579034
0.68;0.46197130175053996;0.22;0.39841576160374326;0.12;0.26210060592615136
0.66;0.4527525349046567;0.22;0.3894854253350549;0.32;0.2668867827519672
0.24;0.4225076538250401;0.42;0.435156269210493;0.42;0.3093025681321747
0.18;0.35725661601359504;0.78;0.4796142951338399;0.4;0.31526640920182125
0.24;0.3558712155215214;0.14;0.12212112813507109;0.24;0.27320009324447486
0.66;0.42640115504509;0.2;0.4135613368675771;0.2;0.282297307486433
0.18;0.2251292360017707;0.66;0.5245990737580135;0.36;0.35760065664624396
0.28;0.3722058270057455;0.48;0.44551826159218155;0.16;0.3206518066155737
0.24;0.3888722408795055;0.52;0.4391668802016361;0.38;0.3112638352493482
0.2;0.4024187145661536;0.42;0.4432110900971459;0.16;0.29635891142769666
0.24;0.27385199668421456;0.7;0.5096599201178276;0.48;0.34417417639216064
0.46;0.43192491340058775;0.38;0.4115232672623692;0.14;0.28788369781482603
0.6;0.5047562510669796;0.26;0.34499404566838227;0.46;0.27485734185445176
0.1;0.16866756849741554;0.62;0.5871728087053508;0.44;0.32495639886368827
0.24;0.32831992414003175;0.42;0.4825921087326106;0.46;0.3404646271655256
0.14;0.25833366698037763;0.48;0.5485522978264491;0.36;0.32643966450979084
0.42;0.43304886460671793;0.38;0.3929638740484305;0.3;0.29959642406258724
0.12;0.3772705598508017;0.2;0.1111943471865186;0.16;0.25782747790812366
0.36;0.28865015041638914;0.18;0.17989242835582897;0.34;0.30019540914993337
0.26;0.3856207982455341;0.62;0.4361604364801741;0.32;0.32298233314569835
0.44;0.3825770924982815;0.38;0.3990804605396334;0.42;0.32566474858097
0.44;0.37486061543040605;0.14;0.14136218278465487;0.14;0.26772203333304934
0.2;0.3830343355191624;0.2;0.13640735184551273;0.32;0.2590667421820636
0.48;0.4209728604951874;0.28;0.4012726108995719;0.1;0.27880020475538375
0.16;0.24824709487992164;0.24;0.20418128303334293;0.3;0.2879358394015738
0.74;0.4396759894262318;0.2;0.41099162727134453;0.2;0.28014181732894183
0.34;0.37971183623265725;0.48;0.4285220610102225;0.26;0.3132995958211933
0.14;0.15855047019573568;0.24;0.26072965800769665;0.34;0.29614276865649014
0.28;0.3983445330616027;0.36;0.43432925472304174;0.22;0.31126095821767236
0.66;0.4014844654734423;0.26;0.4291532301782579;0.32;0.2822872388200322
0.22;0.35876326952372817;0.64;0.4556619967612724;0.2;0.33027408787282153
0.38;0.28855556273464134;0.22;0.20985802484743632;0.26;0.30025706004916874
0.3;0.33676678286811657;0.26;0.20715777845458785;0.34;0.3116251831628404
0.18;0.29643930306670246;0.76;0.5066021877631506;0.46;0.32668479817582213
0.32;0.36639725509235593;0.44;0.43897951980949146;0.38;0.3279935155047068
0.12;0.05138896733761822;0.38;0.3710656336368619;0.34;0.31378190719070465
0.38;0.3684576946279467;0.16;0.15139322699989233;0.38;0.27030697536761417
0.16;0.16675194447103725;0.46;0.592707450740978;0.4;0.3623417624694083
0.2;0.4215311312185468;0.16;0.10038551346456392;0.24;0.2502441786930141
0.2;0.39174828855757005;0.6;0.4444305641139863;0.2;0.31708773453392325
0.42;0.419168911333785;0.38;0.3903240855132524;0.32;0.30082317120961877
0.26;0.3827669245911028;0.48;0.42819969026662863;0.46;0.33565882041427664
0.18;0.34001107799628083;0.48;0.48436359829129544;0.22;0.329493783742538
0.62;0.5422139499797942;0.12;0.08747473584067686;0.44;0.2889204277303962
0.46;0.5095335177979201;0.36;0.33312363972803427;0.42;0.2827935164990425
0.24;0.4251251699192723;0.52;0.4325280781227542;0.4;0.31076610633777
0.38;0.41212143376849353;0.58;0.40867151279682157;0.32;0.3053060476267514
0.1;0.4338717479376886;0.62;0.43065090701507025;0.2;0.25616808176672556
0.58;0.6009922657616786;0.18;0.22056283228534931;0.3;0.3703108606013471
0.36;0.26317568042627254;0.22;0.2130174853984932;0.12;0.3016817598854159
0.6;0.4742255583921833;0.36;0.3871511978100694;0.14;0.26519485701058554
0.3;0.43450990582016935;0.56;0.404193562979832;0.26;0.3090492435271571
0.26;0.3226051265749473;0.38;0.4840446242592416;0.46;0.34293721828301316
0.78;0.446594792295922;0.16;0.4254110045379705;0.42;0.25476508239536094
0.12;0.08636893272889606;0.62;0.6002927194523637;0.42;0.3813522637331068
0.16;0.20752074721053737;0.54;0.5617704613456196;0.48;0.35222725071463695
0.4;0.3331429242973142;0.18;0.1808535954379511;0.32;0.27684053778836415
0.22;0.4051333946816516;0.48;0.4417252702812882;0.48;0.3213210127209748
0.12;-0.005857851498234923;0.46;0.6914321640831653;0.42;0.3941168742569364
0.34;0.3509658753289582;0.18;0.1671647985423575;0.42;0.2926702433582328
0.62;0.4837181746423318;0.34;0.38460400926500665;0.1;0.26840521334470524
0.12;0.21851791177353536;0.52;0.57039980354506;0.2;0.32776179254661836
0.64;0.4276772535264043;0.24;0.3941406869807821;0.46;0.2788042618668256
0.54;0.5017903768784425;0.4;0.3575857054301343;0.48;0.2500432404207975
0.3;0.31051887324809085;0.48;0.46777514600144227;0.12;0.32981960712546843
0.36;0.4328452440858201;0.58;0.40181423670404504;0.26;0.29280974745314414
0.56;0.524806278655501;0.2;0.20227644629947933;0.22;0.36233382358258304
0.76;0.4503218301934188;0.18;0.4174488692341368;0.24;0.25799672331309953
0.28;0.3412783154305255;0.42;0.46575287969039647;0.1;0.30288287014879445
0.28;0.3647119864407374;0.5;0.44840422237480443;0.18;0.3198027925899889
0.38;0.48636675218914643;0.3;0.37198314711278463;0.48;0.2875910315543865
0.44;0.4317429939834885;0.44;0.39301515243392665;0.44;0.30272519752445454
0.3;0.3433726029727318;0.22;0.14973969064338988;0.1;0.2729754807203202
0.18;0.3504544135158731;0.62;0.47640937776836356;0.34;0.322096253077198
0.34;0.3916701196123291;0.62;0.4210764038168373;0.34;0.3054911720836223
0.44;0.3583862441791614;0.14;0.1553090178148061;0.26;0.28286446664741904
0.2;0.3121968098064413;0.6;0.48636270001011445;0.34;0.33433285591268447
0.2;0.3077284281435884;0.74;0.5017638305944094;0.46;0.33341574943406654
0.6;0.47491242410560064;0.38;0.37663934414785216;0.5;0.2528489472902796
0.58;0.3283466115517548;0.14;0.2177655527289733;0.2;0.3003861342852354
0.24;0.18930380882996956;0.26;0.3186587869237857;0.46;0.3173811719469354
0.6;0.504523500528294;0.3;0.35171189448112894;0.44;0.2572172450177862
0.24;0.2615868152468775;0.2;0.22945505419567735;0.44;0.2996892050153805
0.18;0.3388672143013177;0.64;0.4687789245221306;0.1;0.3149272351871596
0.26;0.40292742478727955;0.62;0.4307249246323049;0.42;0.30931671760945817
0.12;0.21728967158644785;0.58;0.5358544644042923;0.1;0.3439165025968886
0.16;0.38918197539382027;0.24;0.12578668694729644;0.2;0.251790554937518
0.12;0.4432817340396332;0.14;0.07004145330402933;0.28;0.24593308701766914
0.3;0.4080345249170766;0.1;0.10399661894369588;0.12;0.2515418040413934
0.54;0.3166031901514538;0.18;0.2090056617067271;0.26;0.3260602631723426
0.56;0.5150613979763699;0.38;0.35593684127191216;0.26;0.24813357878132747
0.24;0.4311359116940071;0.52;0.41713212368248964;0.1;0.2928417216906608
0.5;0.3406151853944464;0.14;0.1820574997691756;0.14;0.27682344615591503
0.4;0.37432296446067953;0.16;0.1396032549928441;0.1;0.2598388112239506
0.56;0.4728959727674775;0.34;0.3769835429480728;0.36;0.2699982862813751
0.72;0.47618099509665157;0.26;0.3999266049703797;0.28;0.25045050898260124
0.64;0.424529410258391;0.16;0.32680923763576103;0.36;0.3504474841825774
0.28;0.39152387330161886;0.38;0.4404514098340665;0.16;0.303072086909868
0.5;0.5012211211879276;0.4;0.3472204163108351;0.44;0.27823256748676134
0.3;0.43300166908884447;0.36;0.41642429258082475;0.1;0.2905584868456452
0.74;0.4961759617941846;0.16;0.3839118530524037;0.32;0.2704999076349246
0.54;0.35307952724013886;0.36;0.42103152999614146;0.36;0.3139592763901018
0.72;0.33759086958537343;0.14;0.45369756896056523;0.2;0.3038875360185919
0.48;0.40138784948647704;0.42;0.4152863802980846;0.22;0.2917927093794601
0.38;0.27271055295820756;0.14;0.19802103764612455;0.46;0.30331890202906897
0.78;0.5203060603499698;0.16;0.3905246279348152;0.24;0.23754258496910785
0.32;0.44404005226497073;0.56;0.4082714932010597;0.36;0.2986331366210303
0.14;0.280109722060573;0.62;0.5091758049602726;0.26;0.32249353267051784
0.56;0.4363027918017065;0.32;0.3765634934559171;0.34;0.284569720028384
0.56;0.40764209560248454;0.36;0.4111222893302987;0.3;0.2914411959237597
0.4;0.4755333040100407;0.58;0.3698585974988398;0.46;0.2781463474639996
0.26;0.3910461984861708;0.48;0.4349244458165548;0.36;0.3224967562296486
0.3;0.3207824887891483;0.66;0.4674154584070974;0.24;0.32904499853757074
0.16;0.12101477823362788;0.26;0.2902039385797713;0.36;0.3305429235068452
0.54;0.42404611542956405;0.24;0.3863223517183664;0.44;0.3057433702143565
0.36;0.2886661258741211;0.28;0.20753608086909983;0.16;0.3033775225799386
0.8;0.49574234478590173;0.16;0.435456463201426;0.48;0.21254603028238794
0.1;0.34238544113019787;0.7;0.4893487938957285;0.34;0.27867406193719646
0.64;0.5479886203152629;0.12;0.07944771710354093;0.38;0.32220188181082665
0.52;0.4301946961623757;0.28;0.39078475501681864;0.32;0.29329767713851806
0.24;0.38715124829775294;0.5;0.4531025451927786;0.12;0.30959974013976344
0.58;0.3875146686176354;0.14;0.16993930231299575;0.3;0.28590394957529464
0.28;0.45368655833269006;0.58;0.3976181906828728;0.3;0.2907152451162376
0.22;0.3953667792567029;0.54;0.4407222403877266;0.12;0.300600866705939
0.26;0.38598760177524366;0.5;0.4439847851151826;0.22;0.3222158233593597
0.5;0.41466199667876796;0.34;0.3920319921413152;0.24;0.2933346316075023
0.4;0.39864239836309856;0.36;0.4041045647430865;0.28;0.30921545236712444
0.16;0.4127221769941554;0.18;0.09155272608641424;0.1;0.2623479826947668
0.5;0.4551987358005054;0.4;0.3819542245220324;0.38;0.2818551132084375
0.72;0.4350515133013539;0.12;0.34804218468916936;0.28;0.3472208464323905
0.12;0.29238641853036884;0.58;0.5343679746989463;0.28;0.3090847141027855
0.42;0.39573360739549335;0.46;0.4080088373189453;0.44;0.31855634753765677
0.8;0.3002175252673056;0.12;0.49960083521311427;0.28;0.32028926030683963
0.36;0.4722289421145289;0.58;0.3805529102785516;0.38;0.27819316198538546
0.28;0.3534826353336785;0.56;0.45766500196528503;0.32;0.3228035724784857
0.68;0.40947552450977753;0.22;0.40320493725742557;0.32;0.279564027105923
0.44;0.4880937241689314;0.52;0.39092710276607157;0.1;0.2692668610386418
0.1;0.29921800393045095;0.82;0.5105762144900081;0.22;0.3077187510305247
0.22;0.43044377698428127;0.12;0.09117322031080088;0.14;0.2595439271124343
0.34;0.40162457790472744;0.34;0.4224755988631635;0.46;0.3210072312325185
0.24;0.38045923421149247;0.34;0.46060365274418674;0.3;0.3211799497007519
0.54;0.3942523059582194;0.38;0.41198954413750355;0.44;0.3061675338162101
0.72;0.4409039471142851;0.1;0.3437912545812073;0.18;0.3641486939867371
0.54;0.4948555493750407;0.24;0.35726945517461894;0.28;0.27945629483221923
0.66;0.40540318884859317;0.32;0.41305528478805476;0.28;0.2813664419355249
0.34;0.40661780377812184;0.36;0.4267873252807317;0.12;0.3026097705420688
0.36;0.3537809371310365;0.42;0.42420025893698443;0.46;0.3491330857068413
0.2;0.3892738032266428;0.4;0.4552135140235897;0.18;0.3075684990234148
0.36;0.48466020490724404;0.52;0.3848871426710557;0.1;0.28522540061045776
0.18;0.34380680906458416;0.14;0.15110552683549655;0.4;0.2860857229176425
0.2;0.24191843605050412;0.48;0.5259106903332442;0.38;0.35809822375744643
0.12;0.2721923278129345;0.16;0.15752363940899036;0.34;0.2772208567351586
0.32;0.3219543487951385;0.22;0.20090497736287272;0.42;0.3034066043248371
0.34;0.41153642479547836;0.58;0.423524434450552;0.3;0.3105461699910056
0.24;0.38621961652345277;0.48;0.4442550155674253;0.26;0.31634172136436123
0.62;0.38919842073166827;0.2;0.41749455588126194;0.26;0.29030048884427595
0.54;0.3876444655524743;0.34;0.4129127933128498;0.22;0.30759594885810837
0.16;0.3144535488998953;0.18;0.17128533464177456;0.44;0.26243092348469016
0.42;0.3580240147672027;0.2;0.15764951261937488;0.38;0.299489832343971
0.18;0.3001476915855003;0.58;0.4981374823792987;0.26;0.3438160554452877
0.54;0.47418404714476126;0.34;0.38898668423791793;0.26;0.27377894983561846
0.28;0.3785413954514039;0.56;0.42503031784225515;0.12;0.2935379596171449
0.74;0.4480543702384209;0.24;0.41626581829718523;0.36;0.2544825092260507
0.4;0.3208734516502698;0.26;0.2341902743129341;0.3;0.33876277789625575
0.1;0.37317249861204554;0.76;0.48212388317906313;0.28;0.2848754636700226
0.14;0.23918199366366505;0.66;0.5189569083592909;0.16;0.33308424715960405
0.64;0.41301223124948166;0.28;0.4127672749886766;0.24;0.28067333510107983
0.66;0.41069153301113676;0.22;0.4178720563670473;0.16;0.27843160210720985
0.6;0.5454687212958479;0.16;0.14143336618790797;0.26;0.3361168589240163
0.26;0.3590621091355428;0.18;0.14328191386996464;0.28;0.2687624242721983
0.12;0.3673750815844456;0.5;0.4558319081307505;0.12;0.2849648366635027
0.3;0.46319129175133433;0.36;0.4010824244929784;0.38;0.308087391277356
0.5;0.4172250403111073;0.42;0.41404297882324415;0.36;0.28585988954646124
0.16;0.2112426357144303;0.74;0.5495354123556742;0.36;0.3484508743630701
0.1;0.3626434201583953;0.88;0.4804684317135305;0.24;0.28627359319307044
0.56;0.4479395611764194;0.42;0.402944104499397;0.36;0.2705810462224578
0.5;0.30780779545345527;0.12;0.1994648913531934;0.14;0.2907089333235958
0.22;0.24235259438342333;0.38;0.5298305899117082;0.26;0.3553496792970212
0.52;0.2815406479197647;0.1;0.20129059341289518;0.5;0.30043360680282516
0.12;0.36020949007841047;0.68;0.4599350933199318;0.14;0.3016843606429648
0.36;0.3940956766794285;0.32;0.41902349602651245;0.48;0.33135774375948224
0.1;0.3101362465792089;0.72;0.510982243861426;0.5;0.2950422639829734
0.36;0.43115951800287866;0.48;0.3909306883257505;0.36;0.3072674503920403
0.1;0.17931543454419552;0.7;0.577892403580239;0.46;0.33438659433983364
0.3;0.31651330916039366;0.24;0.23088629203683492;0.42;0.3060327904144204
0.36;0.2710831717694497;0.16;0.20867943689399276;0.44;0.31019597947324185
0.1;0.38147700257800654;0.88;0.4611246644815371;0.12;0.2856716864470113
0.12;0.11657276455624543;0.22;0.28133853027075384;0.46;0.29984367650248583
0.82;0.4961855088169558;0.12;0.3925843502869623;0.16;0.25661295360512
0.7;0.40880925091847675;0.22;0.42104153612165346;0.36;0.2811125288022016
0.46;0.4560926860118672;0.44;0.37876462139879863;0.48;0.2965649101875907
0.52;0.5321207186975538;0.32;0.3537324392673128;0.1;0.26058330529017126
0.12;0.31185069456322506;0.18;0.146753380384882;0.36;0.26399324729078266
0.54;0.48338094343981985;0.2;0.328652396961875;0.44;0.3369706468567651
0.66;0.4129341616629081;0.22;0.3881021521303491;0.46;0.2804822924551367
0.34;0.3445981306184831;0.46;0.45839801655104206;0.12;0.30653921243004134
0.68;0.42868383578346264;0.22;0.4096961811802836;0.1;0.2756836560664186
0.66;0.4691744419862854;0.32;0.39758079236239263;0.22;0.24869169129651575
0.32;0.42006018251992433;0.46;0.39800062419680904;0.18;0.29473176885382724
0.58;0.49286819756227757;0.24;0.3593466204013841;0.22;0.2672680359784867
0.18;0.31043486655835306;0.6;0.4919824911388231;0.4;0.32550166926144575
0.36;0.4575896038774618;0.52;0.3846597656388853;0.22;0.2853785033414384
0.18;0.21762699297990612;0.46;0.5613123226990093;0.44;0.36669869259277954
0.12;0.18847702153233556;0.22;0.24954230898595586;0.42;0.2787852082733365
0.72;0.409723599357697;0.2;0.4246767736528272;0.48;0.2719036945505955
0.48;0.4269393947690415;0.4;0.378873656126953;0.46;0.3020033730840201
0.5;0.3600633380328553;0.18;0.27426838116025665;0.48;0.39703207262795065
0.6;0.4305004342355431;0.2;0.4074840761566855;0.1;0.2707309676924817
0.16;0.43005478963847893;0.54;0.43040733109220297;0.1;0.28389189170143136
0.18;0.4698784528561109;0.12;0.05634278533361331;0.26;0.24299071073182188
0.28;0.36625284852955514;0.36;0.45885582391582913;0.26;0.32124669454234944
0.18;-0.04247008906750671;0.36;0.508324445697951;0.4;0.38665581081858064
0.2;0.28767795127763646;0.54;0.5003201533085204;0.42;0.3487581081016883
0.38;0.38836272461891697;0.5;0.4087019651229399;0.36;0.30982294381910047
0.66;0.48011251546962574;0.28;0.3684867298708778;0.32;0.24501180419004134
0.1;0.3474941762177064;0.78;0.47725462533378965;0.22;0.27642761848659597
0.12;0.4783830669661989;0.2;0.0554983488730329;0.1;0.2435389899196524
0.36;0.30512789905706045;0.26;0.4427313609217776;0.48;0.41215554325355686
0.48;0.41518002928141085;0.5;0.4074303534643455;0.18;0.29166323635696634
0.52;0.42474905942394703;0.28;0.4070062416404915;0.22;0.28143557430413974
0.2;0.3718969846603297;0.42;0.4738992541416064;0.24;0.31757342050177556
0.46;0.383252992609706;0.24;0.16971773792144454;0.1;0.2714145658024193
0.68;0.4252572017656555;0.26;0.40639738662480585;0.38;0.25825427875951995
0.26;0.15636951369003937;0.32;0.4209059761371286;0.38;0.38360608484332975
0.12;0.3309872056014761;0.82;0.4899934104874511;0.3;0.2940564620609829
0.1;0.36896985393148346;0.72;0.4546766071476278;0.12;0.2988343507031713
0.7;0.431440316005421;0.26;0.42063421866073736;0.26;0.2702978794989599
0.18;0.2908873576678795;0.38;0.536396960116016;0.5;0.3450923493338526
0.48;0.40941612525392856;0.22;0.3960166755254356;0.5;0.36416552916407086
0.44;0.44955503451226647;0.3;0.384438862417661;0.4;0.3030571227740939
0.5;0.4671093396304523;0.42;0.36908415724644317;0.42;0.27518275108984785
0.74;0.3839637607994115;0.24;0.4534215601819851;0.16;0.28620010091193004
0.78;0.431363305000279;0.2;0.41989323968614545;0.12;0.2695712735592287
0.34;0.3762210027145702;0.5;0.423807689545212;0.28;0.32818140029986775
0.72;0.42696367939167085;0.1;0.36140950967045293;0.2;0.3522882418743935
0.22;0.43761674746393153;0.66;0.4276704972223903;0.42;0.2978249402630379
0.48;0.26599975166732864;0.18;0.21771469313270447;0.16;0.3103331668881296
0.68;0.43161846028466977;0.2;0.4032888183939591;0.28;0.268538864842071
0.76;0.44430307004994957;0.22;0.3981272560898854;0.12;0.2647823535449437
0.1;0.13815741164127454;0.8;0.6059055722511059;0.36;0.34727165226970014
0.1;0.15787572563649538;0.58;0.5913544467061986;0.22;0.3555650101220549
0.22;0.29011522141563306;0.3;0.20372719577002946;0.18;0.30129268959444966
0.42;0.41140710825350785;0.52;0.415799596833777;0.4;0.29888249874652206
0.1;0.1987445619388652;0.38;0.31475434786384815;0.42;0.22858352225724043
0.2;0.4512553031934237;0.1;0.08233854928137557;0.48;0.24838534291439127
0.5;0.4130146349462386;0.48;0.41054263784228623;0.28;0.2846617678319443
0.62;0.41235277778578583;0.2;0.40983026748404083;0.2;0.28056330986379185
0.24;0.3142854177102199;0.4;0.4903438312765928;0.18;0.3083631227400744
0.18;0.17809504218881028;0.42;0.5722721301253364;0.34;0.3688644851927335
0.38;0.35138589710766044;0.24;0.18588828269781543;0.28;0.2997035218881117
0.3;0.4424640149931516;0.48;0.3965530090085241;0.24;0.2920860904960183
0.24;0.27954339400708106;0.34;0.522992754402184;0.36;0.33702818049176714
0.56;0.43310522380890937;0.32;0.4242419781774861;0.1;0.28513692795293705
0.62;0.46742515335193935;0.3;0.3793142652573446;0.32;0.2595086125749642
0.32;0.45386037352008285;0.1;0.0825964790196842;0.22;0.23254562269011453
0.26;0.37506242814355206;0.68;0.44992965985443156;0.18;0.3094942732500048
0.36;0.3607885924868602;0.5;0.44721887810383587;0.12;0.3005464450692992
0.18;0.3959455216145218;0.16;0.09086256768133305;0.12;0.2661149258207084
0.54;0.4474864040731801;0.34;0.37583401862902643;0.5;0.2883597984458892
0.56;0.5040638160413181;0.34;0.37276404837455673;0.12;0.2532833488478932
0.24;0.36407943454826913;0.68;0.4414656914698552;0.16;0.32117313000166514
0.16;0.25235616729602445;0.54;0.5312630913695859;0.28;0.34445387442470027
0.24;0.3574584826627864;0.58;0.4537243925421621;0.48;0.33005501482334154
0.28;0.37337143704663217;0.5;0.4348375709255938;0.42;0.32738492059942503
0.6;0.4373088711592096;0.36;0.383008708785588;0.38;0.271872379774194
0.48;0.32173799606289966;0.22;0.21754239491339694;0.12;0.28083341225264136
0.14;0.04572629398516609;0.38;0.668585594205573;0.36;0.38678164556974837
0.58;0.5090916827111533;0.2;0.3583059671360742;0.16;0.2509442809494085
0.46;0.43565653765146095;0.3;0.39685501985365845;0.12;0.2801773618957497
0.36;0.49271038510341886;0.36;0.3819545709916816;0.1;0.27040384567086895
0.44;0.33857832992561254;0.24;0.19449009716890733;0.2;0.31155672046076044
0.88;0.44366661442619987;0.1;0.41444123219513523;0.14;0.2616467254804895
0.42;0.3874945651320584;0.26;0.20032349755855233;0.26;0.3068220124591745
0.18;0.04516824592801061;0.28;0.41855185889685165;0.5;0.3431406274176045
0.44;0.45584176119193437;0.46;0.376867324423258;0.44;0.2821404609473426
0.3;0.43914111490083585;0.46;0.4067069149284492;0.1;0.289277040984923
0.52;0.4640303516012732;0.22;0.35529587456775313;0.34;0.36998414976443256
0.58;0.4397137336321676;0.28;0.3803857687685929;0.38;0.28044878298655057
0.3;0.3671110115281629;0.62;0.4395987569077382;0.44;0.3258466160633327
0.18;0.25275629416768003;0.32;0.23066956759912643;0.24;0.2924120117810594
0.3;0.4002195706511562;0.42;0.4293587527865811;0.24;0.30255903723059296
0.32;0.46495723606123546;0.4;0.39239829459073744;0.36;0.2863346367926215
0.64;0.41174590558573376;0.16;0.346333920887636;0.1;0.3875416071146711
0.42;0.39400437585716486;0.1;0.11989746793055972;0.46;0.27147625391482233
0.24;0.32945569007002073;0.32;0.19525098204856067;0.16;0.26876560862962456
0.38;0.22806921781473666;0.18;0.2271983249800391;0.42;0.3222579417538969
0.18;0.3057299840371826;0.66;0.4898092741190506;0.28;0.3361855971285358
0.52;0.3080702209698024;0.16;0.21380878366037345;0.42;0.31375743432233455
0.2;0.16703405142269045;0.4;0.5799920743854503;0.38;0.3723862825867728
0.2;0.38711494216732073;0.38;0.4680107835590373;0.26;0.3184335861247999
0.26;0.3380373471978683;0.46;0.4592327438209126;0.42;0.3394614662797752
0.58;0.24535625279277473;0.1;0.223961983817119;0.3;0.3063255861009314
0.28;0.36980052834819255;0.62;0.4442308235421096;0.34;0.31289475320883803
0.36;0.33159681946580233;0.46;0.44480076060565615;0.2;0.3242546223405394
0.14;0.2670830330410366;0.32;0.20722374195849044;0.14;0.29045218233240666
0.72;0.4314064803435137;0.18;0.4181661474101539;0.22;0.2624901375566562
0.58;0.3269473031149473;0.1;0.1830547130382877;0.32;0.28941740192688015
0.32;0.3466019247533849;0.22;0.1720676201709979;0.38;0.3088642886963269
0.16;0.25144920365456;0.64;0.5263292517366082;0.5;0.3549498706983885
0.5;0.2601539313818108;0.1;0.201163272913092;0.16;0.3040712879870908
0.1;0.28388816187804994;0.82;0.5277843534885673;0.34;0.30238948296109636
0.26;0.15325165974512345;0.22;0.32277069875987807;0.5;0.3512959081964876
0.22;0.3465777107310854;0.44;0.4826032093791221;0.26;0.3194939572941546
0.52;0.3975564313378965;0.1;0.13874101328121757;0.2;0.251661410499048
0.68;0.47029858776400457;0.12;0.29261526429501084;0.28;0.36559641247237434
0.1;0.18331369968488587;0.48;0.626991739065894;0.46;0.3097769182229153
0.62;0.41253124321116663;0.34;0.4069582223043169;0.42;0.28232656354248953
0.24;0.27062279226697394;0.48;0.49970256208364533;0.5;0.35790628648688605
0.14;0.23482234399683383;0.14;0.17960302826056618;0.48;0.29836341935922606
0.2;0.24310765617340307;0.48;0.5280286935139937;0.48;0.36435551232576646
0.22;0.3552331220226553;0.44;0.48034810085239266;0.44;0.32752084898944633
0.12;0.2850672379000419;0.66;0.5066861443958814;0.16;0.32000414500685936
0.56;0.4891197452632621;0.38;0.37081205053577676;0.44;0.2553772313118323
0.2;0.3207007930450797;0.12;0.1350261469318399;0.34;0.28837833277885916
0.22;0.34561363813972473;0.52;0.4644636055169087;0.12;0.30960033058709213
0.42;0.3562084831661101;0.18;0.17221304200797652;0.36;0.2794494984134085
0.14;0.1944011564064424;0.18;0.22474791760178137;0.42;0.3023151642474168
0.44;0.47219133576195327;0.22;0.19341538084936383;0.42;0.33392528456009474
0.1;0.13007294792338508;0.42;0.6312471460818907;0.34;0.33161663640356637
0.32;0.342893273280246;0.38;0.45911408640093776;0.38;0.3294732727692027
0.2;0.3323406352422241;0.7;0.48111281140753626;0.34;0.3249773667192977
0.32;0.4882566736588243;0.5;0.3819518016877334;0.14;0.27178875988294793
0.5;0.3575223183182456;0.28;0.43440526527573486;0.26;0.31430006949874567
0.22;0.39394682384930035;0.52;0.440469854398616;0.2;0.30421731072479363
0.52;0.48492285630758764;0.46;0.37027261743023837;0.42;0.2756623690820078
0.1;0.33675885962929675;0.24;0.16046359078011102;0.32;0.25065542616733877
0.72;0.5468545487155602;0.26;0.35776690814406165;0.48;0.24232494047634962
0.34;0.4476559677395883;0.38;0.39873426091285175;0.3;0.31377388280142193
0.24;0.29598566623027744;0.28;0.19607066276010066;0.2;0.2929636897026823
0.18;0.28454087854217663;0.4;0.5332279342403077;0.42;0.33783429763909617
0.72;0.3973587215019517;0.12;0.35961511509375876;0.4;0.35858907967042075
0.6;0.41960017441635683;0.3;0.4014517075105494;0.34;0.2804997984401341
0.2;0.3298923301258845;0.24;0.1960699480197695;0.34;0.26670878312367274
0.1;0.20034852489851512;0.3;0.271670681971618;0.46;0.2471060232825661
0.48;0.4198064090129165;0.34;0.38541258269116646;0.48;0.3073820542688527
0.46;0.34089779969748574;0.48;0.46213761729043157;0.1;0.29820705220560273
0.18;0.362770365470949;0.74;0.48161348852236974;0.28;0.3135847675323201
0.66;0.5180187650754526;0.16;0.27822984156440334;0.46;0.2913953179630995
0.44;0.4136899644641025;0.38;0.40839524301230845;0.3;0.3042442698572635
0.3;0.3607089838325125;0.36;0.44467836645881165;0.46;0.3306248484670087
0.18;0.20366014920584524;0.24;0.24634511420544009;0.36;0.3113641260150596
0.18;0.2892240603942444;0.46;0.5035081970010801;0.24;0.3398852725957383
0.36;0.3785684506967144;0.54;0.4320684914969779;0.32;0.32742412477620597
0.12;0.24598481772983694;0.86;0.5529752134800996;0.36;0.3226882154809118
0.64;0.5644441828426867;0.32;0.32409801501011387;0.46;0.22613050816977448
0.32;0.36428164678866726;0.12;0.1305392344930401;0.32;0.2765099822800069
0.52;0.32133754000149695;0.1;0.18546273785585335;0.24;0.27487771798171756
0.36;0.42415936939928967;0.56;0.40986983380383757;0.38;0.30299665251339636
0.16;0.32825441057003146;0.66;0.46848502337147613;0.14;0.31105824872330534
0.42;0.4202240501276553;0.42;0.39438490182892766;0.46;0.30334035638886403
0.22;0.3483692648786779;0.22;0.15749036174685166;0.1;0.2626778529333236
0.34;0.3766175431561949;0.58;0.4337563108540757;0.32;0.3123495963811359
0.46;0.4886521088576094;0.34;0.3532200898471713;0.36;0.28753784472190136
0.28;0.29514271186176816;0.16;0.176191181084943;0.14;0.2895164014725102
0.14;-0.008772221149855486;0.24;0.36751670531459957;0.46;0.3404529844399795
0.4;0.3939145476778281;0.3;0.41623863404184175;0.28;0.296360196496395
0.32;0.41687651430136197;0.66;0.4184856354570796;0.5;0.30062117402690636
0.1;0.31592649950357454;0.22;0.1617902029456112;0.38;0.24505224212794952
0.28;0.31581038314013943;0.4;0.4668021175871663;0.12;0.3186203362670251
0.38;0.3638265375305956;0.46;0.4404111571174413;0.26;0.3260017763389311
0.1;0.4361757773384509;0.84;0.4333491147956893;0.1;0.27233898031192577
0.74;0.4748185663185207;0.24;0.40814305906658643;0.44;0.2505261984773645
0.2;0.12336347276079618;0.34;0.41820152320812976;0.4;0.3535042248660156
0.24;0.4015207604554168;0.56;0.4367505604103705;0.28;0.32018363706999464
0.36;0.2111633632268891;0.12;0.21425302236603627;0.26;0.31967193281251005
0.58;0.5212984616426106;0.36;0.3415257090245529;0.2;0.25444508470617694
0.22;0.19079631797384128;0.38;0.5626327375859779;0.5;0.3770914677192005
0.36;0.4446766097184789;0.16;0.11558513364018974;0.16;0.23587587947510982
0.1;0.45050030398727753;0.78;0.423795038807977;0.2;0.2609680452539041
0.66;0.5201072186065552;0.18;0.35568848344143333;0.2;0.2596270010399774
0.32;0.33009318500192036;0.56;0.4522641087718091;0.44;0.3426180421062416
0.48;0.361958081424371;0.16;0.1563817612383123;0.28;0.27752855553440453
0.2;0.3295593585160179;0.3;0.16266662056494569;0.12;0.2701446050330677
0.78;0.4290238180204257;0.14;0.4167028420593997;0.14;0.28630414815466954
0.3;0.40919162613894716;0.44;0.4199558460231157;0.32;0.30883423510504865
0.28;0.3744312708843447;0.46;0.435623350234787;0.48;0.32816752071517785
0.18;0.37061609645179433;0.24;0.136433175339346;0.22;0.2713433618665745
0.2;0.24091859101841012;0.36;0.5498212557670292;0.3;0.3678519151259033
0.4;0.4953317849305253;0.56;0.368482454082332;0.24;0.2666347687844887
0.12;-0.10736003566295865;0.34;0.47716749618319987;0.46;0.3335117271812963
0.14;0.2630787563178282;0.38;0.5210900044021418;0.12;0.31336219198103377
0.36;0.3212293857520366;0.36;0.46122534613146143;0.2;0.3341283546294932
0.26;0.32861271324314595;0.5;0.4619581654524981;0.48;0.338204847341043
0.28;0.3928760450639083;0.52;0.43589145844512045;0.14;0.29774555325941077
0.2;0.3225119896098976;0.18;0.16902001028762118;0.38;0.2756115585579882
0.58;0.42425255769976505;0.36;0.4050806574300744;0.44;0.2653799050720753
0.3;0.38368776716973796;0.12;0.11519282421471078;0.14;0.2692985179092777
0.3;0.435786362652496;0.38;0.4147831781272856;0.1;0.2846080829976124
0.4;0.42742022748305436;0.44;0.3850072650009803;0.32;0.29792086221734404
0.26;0.31720853489472184;0.14;0.15324483192252658;0.24;0.2998096744073889
0.12;0.2262205736631503;0.46;0.5553553432526914;0.22;0.32002671924625836
0.38;0.314426894432811;0.12;0.17140902439696873;0.36;0.2808150921975182
0.26;0.3961103803872803;0.38;0.43937156797206844;0.48;0.31672888659857373
0.2;0.3867219436490193;0.26;0.13695474704341182;0.18;0.2711103752185238
0.24;0.36336161863823463;0.1;0.1183176725008348;0.42;0.2767327899067269
0.56;0.4445837314096017;0.36;0.37327807360932896;0.5;0.2785167674807808
0.24;0.3215391571266108;0.1;0.13158996724146815;0.14;0.2895562830323702
0.36;0.36447572960745744;0.56;0.437733504875727;0.32;0.3167207739187601
0.12;0.14960808958623367;0.18;0.24961614485092792;0.46;0.29352746397117013
0.32;0.4458613597051025;0.6;0.4053919980659745;0.16;0.29045097320575064
0.28;0.11313744598252407;0.3;0.5080509094994549;0.44;0.43485949923963174
0.3;0.37865503665993283;0.58;0.42945402254050336;0.34;0.31982641767986764
0.1;0.41318508954469363;0.12;0.05960123245752563;0.14;0.28533649372490866
0.4;0.35863985901541223;0.42;0.4139139637920142;0.42;0.3352129511508074
0.34;0.3861761071352446;0.2;0.13409040894088792;0.1;0.26617237321747067
0.62;0.4684310933154912;0.24;0.3935428324548578;0.2;0.27539795420567637
0.28;0.4076019273501614;0.44;0.43219061058429453;0.26;0.3059470066292941
0.74;0.4192054369988142;0.1;0.3829585751422876;0.16;0.35072647501043974
0.44;0.47387939270056023;0.44;0.39076876083989015;0.14;0.27714647203387976
0.24;0.4495395893167947;0.6;0.4047013657367828;0.22;0.2961007523683796
0.5;0.2650030194952695;0.14;0.2183862145445405;0.5;0.3207676748900409
0.2;0.42949315377034103;0.78;0.4246219122102406;0.3;0.29239772708226575
0.16;0.36450896465114074;0.78;0.4607244664783392;0.18;0.2904500038852241
0.7;0.4691200642131119;0.1;0.2715389092555349;0.5;0.34849900120743843
0.66;0.45611426894347323;0.22;0.36956585255905905;0.5;0.2655408904868315
0.3;0.43714070725701426;0.6;0.4132278872789649;0.14;0.29307339826474776
0.16;0.3777841961935288;0.52;0.4581755546778753;0.18;0.2975768852887599
0.5;0.29996088137158344;0.1;0.190081916491127;0.18;0.2907458011724341
0.28;0.3858087971637409;0.44;0.4338930757202847;0.4;0.3222239509084134
0.28;0.45209979593661787;0.58;0.40244308882637847;0.1;0.27477386486964184
0.5;0.4498725930613159;0.4;0.383599688900194;0.4;0.27260844939336926
0.62;0.368992539942805;0.34;0.4494407761377858;0.12;0.2939824936765722
0.36;0.42844448356580644;0.4;0.40092392183930015;0.24;0.30571507823567423
0.56;0.23938362941007435;0.16;0.24226913211605616;0.1;0.3240856392741306
0.5;0.380200976273132;0.3;0.40397086825767214;0.36;0.3037451010051313
0.56;0.4547653695794356;0.32;0.3612211194422855;0.5;0.27662262897112305
0.2;0.1652558354872993;0.24;0.32404001524013853;0.48;0.3150877108993453
0.6;0.42141418355385085;0.2;0.41340748513812076;0.12;0.28381684972692656
0.18;0.4821290598095659;0.1;0.03422257783627075;0.22;0.25381186697416924
0.46;0.44097981447447143;0.4;0.382366079436562;0.3;0.28666737676065035
0.48;0.32627059784355894;0.42;0.4523579358161731;0.32;0.3178473045347546
0.32;0.4115697082023933;0.34;0.4235245192505843;0.12;0.2935020832544245
0.14;0.06283510593063407;0.84;0.631134356170294;0.34;0.38197075913237866
0.5;0.4125101088189899;0.24;0.4044810454646248;0.3;0.29676873203149556
0.24;0.38829577726695547;0.72;0.43799968727367083;0.46;0.3028824199638696
0.86;0.467173777431653;0.1;0.4093024876690926;0.3;0.24763227287113848
0.36;0.3435724993967389;0.18;0.17099168956883679;0.36;0.2916958055725407
0.68;0.4410543539057584;0.1;0.17485935446880818;0.24;0.37811848093380573
0.2;0.32666449492170446;0.4;0.5075338134363067;0.42;0.3262380749146463
0.88;0.5180586861672434;0.1;0.39388732760334877;0.42;0.23257864077219548
0.26;0.40884412509830736;0.66;0.42579805256412995;0.22;0.29988410691949774
0.12;0.31195424646647635;0.78;0.4982435478487011;0.18;0.31216264585104814
0.1;0.3861780593345315;0.16;0.10005194033077713;0.32;0.257765994034755
0.14;0.0772602091583856;0.18;0.2964848662152907;0.48;0.3240694522121752
0.34;0.3118732608611885;0.2;0.19159213622928767;0.4;0.3068063515495225
0.46;0.26964717282475326;0.14;0.19189358496766384;0.36;0.3024594847908672
0.42;0.295421371358284;0.1;0.16862622867153684;0.24;0.2960774483259365
0.66;0.48184738143836037;0.1;0.09400832181708677;0.38;0.30237747785671815
0.26;0.3169682928238695;0.16;0.15730359491916462;0.12;0.28851306817520095
0.3;0.3203916512543163;0.3;0.4572529853530345;0.46;0.4033307060534093
0.46;0.438609153529845;0.48;0.3992577759403456;0.2;0.2793260234395557
0.12;0.42751924708144334;0.1;0.061064581866781986;0.34;0.2662375541986405
0.4;0.44963245537175933;0.46;0.3803222380737168;0.48;0.29285506299181396
0.28;0.2974514732120815;0.14;0.17264472362050587;0.3;0.2877816216421586
0.34;0.45470071605087975;0.62;0.3955955891267994;0.14;0.2778777567680864
0.62;0.27056654012796777;0.1;0.24023956769200724;0.12;0.30411096140486904
0.42;0.36787685206281867;0.5;0.42562251615336066;0.3;0.3124924595810211
0.2;0.2828867275389853;0.66;0.5107653645133816;0.4;0.3519202802185155
0.3;0.42969984219439433;0.66;0.40033376616700533;0.42;0.30989273931215044
0.14;0.11897176055518904;0.4;0.6173091356649736;0.24;0.3711638524772939
0.26;0.36299652866186216;0.58;0.4359986803262538;0.26;0.32316811269725587
0.76;0.48004531950834284;0.2;0.38627694772341215;0.14;0.2660165670274684
0.32;0.36324329208849243;0.42;0.4236883700583327;0.48;0.3197099775473444
0.4;0.3864766158726803;0.4;0.405046976443849;0.38;0.3196906957416925
0.18;0.33170711569464273;0.32;0.176426550031743;0.16;0.28113639110877553
0.52;0.40027034078188983;0.16;0.148385306117863;0.12;0.2653543012403746
0.7;0.291808503300799;0.14;0.4251552145215229;0.18;0.38690252769564826
0.64;0.5277698761521485;0.26;0.3607428605123112;0.2;0.24145282933997358
0.48;0.2994246602028825;0.14;0.18839024108341604;0.48;0.3041274095378165
0.34;0.45657656629143;0.4;0.39193578230823317;0.14;0.2888812976526065
0.72;0.4342763428621231;0.12;0.33089082164455497;0.46;0.3331632523339374
0.38;0.24639301135370967;0.12;0.19423896942055857;0.26;0.29485432727619515
0.72;0.41203176240327144;0.14;0.4339745957903516;0.22;0.2778586405932274
0.56;0.3824136520235569;0.32;0.4155661097809344;0.24;0.3037547116519058
0.48;0.28332633136754964;0.18;0.21323291256784804;0.2;0.2855670094098134
0.68;0.43657730446413745;0.3;0.4140772923193198;0.22;0.28367394931349055
0.46;0.36205211351809924;0.1;0.14621864097033774;0.2;0.26982506630693903
0.32;0.39278194344861744;0.48;0.4089986527587317;0.38;0.3353637588139877
0.3;0.35325553997685993;0.16;0.15890687131177472;0.42;0.27820131642899226
0.6;0.41457564050412177;0.18;0.3421481855622467;0.48;0.3483581217575761
0.18;0.17158196728030367;0.32;0.2883224286822165;0.26;0.3180198564912208
0.22;0.31330945622186673;0.22;0.18105297603118514;0.28;0.2855607161219634
0.56;0.2656245122862455;0.12;0.23066546835083243;0.34;0.3093163275697619
0.24;0.4368367733935282;0.5;0.42085872694723225;0.1;0.27909773094475965
0.88;0.5150767505581517;0.1;0.3867325493333271;0.38;0.2315810737651214
0.28;0.3732083078059175;0.62;0.4396733010408048;0.26;0.31732420190102095
0.7;0.42238277914475447;0.22;0.412930389533519;0.42;0.2664169418830814
0.56;0.5247195502791399;0.22;0.3393726045921769;0.26;0.26162626661480126
0.1;0.24017243382794928;0.2;0.21462237758631447;0.5;0.2527851498042465
0.2;0.2845608195948663;0.44;0.5173341810570137;0.26;0.33405108325169663
0.68;0.4405961622513954;0.3;0.39409291679795155;0.48;0.2664332075374213
0.14;0.2619654433244782;0.84;0.5201882030897761;0.26;0.3327675129323428
0.16;0.32274701545195245;0.38;0.5118120009356364;0.24;0.3048250728615576
0.1;0.2363494986229686;0.54;0.5737708032298912;0.34;0.31221448320625356
0.8;0.512665065268966;0.16;0.38879975047694315;0.26;0.230990727467396
0.32;0.4697475345383033;0.66;0.38757884689406985;0.28;0.2868408884840057
0.48;0.47810746572405693;0.46;0.37694517275720574;0.44;0.2647899872563333
0.4;0.3669787366740902;0.38;0.422770337480583;0.44;0.321270230075445
0.32;0.3228871035797572;0.14;0.15879093433267283;0.24;0.2847534119734406
0.6;0.37284595125992703;0.12;0.16905333781504428;0.36;0.2989589637854791
0.62;0.46811036490632413;0.32;0.3811180122447765;0.36;0.26238836235455715
0.24;0.4385710135931734;0.56;0.4066177065951748;0.48;0.32507135494859396
0.46;0.353666472247862;0.26;0.44864355527438493;0.14;0.3086051077544547
0.38;0.2591504661779986;0.2;0.2295974520450671;0.38;0.29919702701848616
0.38;0.4013126488027732;0.48;0.41443493902126544;0.46;0.31366297889247857
0.24;0.2803147598656046;0.32;0.21060417883221436;0.2;0.2980453876658775
0.32;0.44087090072728397;0.42;0.3926479629339201;0.28;0.3034857233050141
0.5;0.24435777543728954;0.2;0.24952369899130128;0.26;0.35309382520094434
0.14;0.2339737469036981;0.7;0.5374652972736936;0.3;0.352381405186431
0.52;0.30800591192598875;0.12;0.17778117889569406;0.2;0.28892446655467285
0.24;0.26888802659159333;0.32;0.20346720121796713;0.14;0.29979016269693426
0.76;0.4403613783439416;0.2;0.43064961297332355;0.26;0.27258745578183985
0.76;0.5043927455982882;0.2;0.3919154240886621;0.46;0.23425393693208152
0.4;0.5053722050805536;0.42;0.3655180292510563;0.1;0.2599104343866089
0.1;0.3521105511171113;0.86;0.48055476013888965;0.1;0.27320770518294923
0.2;0.3114317764986578;0.36;0.4909529935729652;0.12;0.3251380059670179
0.2;0.24577848930727764;0.34;0.28816653350972976;0.3;0.30946625026976415
0.16;0.142448856889454;0.28;0.2780063951072459;0.3;0.3252909383403956
0.22;0.28607764135115715;0.34;0.23406688613850815;0.22;0.29365347781767503
0.2;0.27842725094781173;0.26;0.23241229193376872;0.36;0.2816383810763027
0.52;0.34995717727842757;0.24;0.44468060906751394;0.22;0.3208926213586598
0.58;0.4562218619592995;0.26;0.3732559829392988;0.18;0.27316539560024866
0.14;-0.15063428791799222;0.34;0.499880193875778;0.42;0.37676360790134134
0.54;0.4199454067873499;0.24;0.39864250869187257;0.32;0.29922672673998585
0.4;0.44820292169826415;0.48;0.3989669624129366;0.24;0.2913443869352764
0.28;0.40517207612676126;0.66;0.4176136697189575;0.26;0.312682904442988
0.36;0.43571267221799814;0.48;0.3996436961889108;0.24;0.2932917989009646
0.8;0.4754883801214927;0.18;0.41185872975012766;0.36;0.24596559624196773
0.6;0.4629215159325237;0.26;0.3793755506259284;0.3;0.27820705262515166
0.1;0.3425670982241658;0.26;0.13245669105225238;0.14;0.2620536034573193
0.74;0.4772806178316011;0.24;0.40127927150525877;0.22;0.2562588782925345
0.6;0.4300278997892545;0.28;0.38562747771885425;0.48;0.28378622532506703
0.3;0.302290088882268;0.28;0.20418312518691853;0.24;0.3008307335620324
0.36;0.4554644614039373;0.34;0.4018196049787547;0.28;0.28822561219019616
0.56;0.48632228483113316;0.42;0.3704156388045401;0.22;0.2730191813142112
0.36;0.22774722428841787;0.2;0.23743979706720728;0.42;0.3336911024006417
0.42;0.34710426793157684;0.14;0.15431133724174317;0.48;0.2847188408604549
0.44;0.4669821358694278;0.46;0.3803419764889253;0.2;0.27218884995143466
0.28;0.2567633251916629;0.24;0.26652533782154053;0.46;0.3399316591598397
0.28;0.45149823330007993;0.66;0.3982408648666792;0.28;0.2973567909271006
0.12;0.12289051700777393;0.48;0.6333854086104195;0.44;0.3538393167190584
0.32;0.40340549389231517;0.56;0.4169440521213203;0.26;0.3085373688364057
0.24;0.3507979541473003;0.46;0.4681061638606103;0.42;0.3375093298193622
0.12;0.13603397298280384;0.62;0.5951465262453481;0.46;0.3468166789593932
0.58;0.3011360312010727;0.14;0.23002615104472607;0.12;0.29907279444580503
0.7;0.471895418703539;0.28;0.38906186949284455;0.34;0.24696946456493377
0.64;0.4253071185112568;0.18;0.39615382578760494;0.24;0.2750735590590187
0.5;0.4074472232444578;0.36;0.39594205729437476;0.3;0.2971777552387237
0.68;0.5343569490090775;0.18;0.3727412320322022;0.16;0.23120049913071056
0.1;0.24242510040050697;0.66;0.535933693057604;0.32;0.3169657061876813
0.58;0.3705525636122735;0.14;0.1893785932855519;0.24;0.2973716173363512
0.1;0.24476149348365067;0.64;0.5473650983076958;0.3;0.3063089547049469
0.46;0.5632445719081576;0.22;0.2258476013031704;0.42;0.34649991427581006
0.4;0.41465054685816394;0.28;0.42233156083117784;0.12;0.2956511480492968
0.44;0.5235157015458589;0.32;0.3515091626929606;0.26;0.26110605392684333
0.62;0.5035587542492471;0.18;0.316740023075296;0.28;0.33432173991799286
0.16;0.3604553572451994;0.4;0.473643498266226;0.12;0.3046067622384815
0.26;0.1928963047557256;0.26;0.3418251968107069;0.46;0.3333329266423337
0.3;0.27018280671507483;0.3;0.2528546402466809;0.26;0.29901357630272146
0.16;0.254801164578377;0.4;0.5229578003500238;0.16;0.337433097553403
0.36;0.3857860618720905;0.46;0.41001470831157816;0.46;0.3319445536087231
0.42;0.44731558519560766;0.32;0.3763200906428674;0.4;0.2997676857190321
0.3;0.4279370606748958;0.1;0.09522070853526132;0.24;0.2525054906637337
0.5;0.39099563731278564;0.3;0.3821221700470502;0.48;0.3151458347982965
0.62;0.5016391531045368;0.36;0.3713078571777455;0.28;0.24727255233670475
0.18;0.28605204533193984;0.7;0.5017857157862844;0.12;0.33346864289186273
0.22;0.4017084717308546;0.74;0.4332693815670522;0.16;0.291538647713921
0.42;0.40229985583802735;0.56;0.40821205767480967;0.32;0.3066555800144485
0.6;0.5120624668478403;0.12;0.1257801123343525;0.5;0.3039151771824708
0.16;0.22374126988108844;0.38;0.5696354620989952;0.5;0.3464617966253022
0.46;0.4155993002586226;0.52;0.4095048202039418;0.16;0.27525826203797155
0.2;0.2052221627949916;0.28;0.28734150770264155;0.38;0.30952961172722226
0.22;0.3305877666495376;0.28;0.1849945442286144;0.26;0.28393913035423385
0.64;0.31556553125188114;0.12;0.23379063943585998;0.1;0.3137085225825588
0.48;0.41563332028264466;0.18;0.16035920303275164;0.46;0.3133769444113941
0.54;0.44405630202919777;0.4;0.3845053356693604;0.36;0.27738687266971834
0.74;0.465812589320881;0.18;0.40280038300228116;0.18;0.2630576983505044
0.28;0.39036502453652844;0.5;0.42811122324901885;0.24;0.30960820070903194
0.48;0.45544166745822834;0.46;0.38872697809566253;0.16;0.28520726689650755
0.32;0.288790309006129;0.3;0.2505991123915847;0.28;0.3105833452463843
0.26;0.382747575254414;0.58;0.4322022736261988;0.36;0.3122282875454943
0.46;0.4834262602692131;0.36;0.3618817775731047;0.22;0.2857572169244247
0.12;0.247531065265308;0.72;0.5463725511734764;0.42;0.3207525612311071
0.14;0.3513090771657145;0.76;0.483746582047314;0.1;0.29751087018006783
0.3;0.31679731380573695;0.32;0.33077186120242763;0.34;0.3670651452780036
0.5;0.43595451788056266;0.26;0.4136816720711697;0.12;0.2759787084725101
0.1;0.35817039629839365;0.66;0.4795864261663949;0.18;0.270789449848799
0.68;0.49832033617556;0.24;0.38461159955901214;0.26;0.24567366084258993
0.14;0.1616186549767069;0.58;0.5874601161045938;0.5;0.368525422607787
0.5;0.35068948324453775;0.28;0.4234787875043087;0.36;0.32889004276523726
0.36;0.39062046820777885;0.36;0.4147596681951825;0.46;0.3208800443153342
0.38;0.4537256572311964;0.26;0.38457765271582517;0.5;0.34078309661028733
0.64;0.38941233291702193;0.22;0.4290033178895447;0.2;0.2907297663333354
0.14;0.2378530973712734;0.1;0.1539988422301639;0.26;0.33595260055427223
0.1;0.24589359765111796;0.34;0.22632343324558932;0.24;0.2728608226015691
0.8;0.496717627123895;0.14;0.38990464108223355;0.12;0.2533038860330259
0.1;0.2930130256734935;0.24;0.1775486111671524;0.36;0.24430068568765037
0.22;0.4736346706037358;0.12;0.08061044216137336;0.44;0.22891843995432193
0.3;0.3902309838023868;0.4;0.43465331875314656;0.22;0.31337663176666286
0.3;0.39710552241419983;0.46;0.42917626639189144;0.18;0.3114481290040487
0.34;0.17935109037630637;0.1;0.22102109208061071;0.3;0.3309414584529927
0.3;0.365897590327664;0.12;0.13371608336204827;0.12;0.2656370976245639
0.44;0.3754443738834356;0.32;0.4114557778556227;0.44;0.322338550023619
0.18;0.3823910959683396;0.3;0.1503748831528812;0.14;0.24722032347484013
0.18;0.2843577872654779;0.12;0.16299889514215674;0.5;0.29002548383416654
0.54;0.3675419322372635;0.14;0.18171582345636297;0.14;0.27125188387445825
0.56;0.46493331809649496;0.28;0.38480211843276735;0.18;0.2755551685787133
0.28;0.35189446791797624;0.7;0.457124083166614;0.22;0.3179625051166237
0.44;0.41560893543991534;0.38;0.3886945316566782;0.46;0.32064900194109347
0.68;0.3802765645503722;0.14;0.38661593668671335;0.12;0.37593191940669674
0.34;0.45466819610358505;0.46;0.3743752225713598;0.4;0.29996065291860513
0.54;0.3521672912141014;0.34;0.44448398652368326;0.4;0.30683401085179207
0.12;0.2353754520170087;0.5;0.5350807261315467;0.18;0.32995548335036073
0.4;0.4393557477682227;0.48;0.39362253944432724;0.42;0.29528369772836216
0.16;0.2537063372836425;0.52;0.5467408425625677;0.46;0.3452231210552733
0.22;0.28392733850604923;0.18;0.18356968535999457;0.26;0.31102056451823384
0.6;0.43435448630315493;0.24;0.38071604402285447;0.36;0.28400126630278005
0.18;0.40366793705565973;0.48;0.4370700801734776;0.1;0.29508229119017465
0.22;0.36270055993184114;0.72;0.4646103765725955;0.5;0.31943764311641143
0.36;0.43803774874076046;0.6;0.4027492016166091;0.5;0.290212066615485
0.52;0.4254529015223759;0.36;0.38302481827415874;0.38;0.28797644969135916
0.48;0.36535206784471685;0.12;0.15394943017255436;0.12;0.27161435323957683
0.38;0.46928453810096055;0.3;0.3940886711306531;0.16;0.2823046163183439
0.24;0.39455090912768426;0.52;0.44374082807913867;0.26;0.31020142913790916
0.46;0.4553096808919218;0.26;0.37007796438524626;0.36;0.28994992914825596
0.16;0.2195224550159932;0.56;0.5452812719050073;0.42;0.3536835372803161
0.14;0.21034929766915617;0.76;0.5563551079800942;0.24;0.34316382233424925
0.46;0.3335540735244733;0.12;0.17259611922550527;0.28;0.27836968647938937
0.74;0.45352814877820613;0.14;0.4188795207003769;0.5;0.25220718844261314
0.14;0.39220839350239844;0.82;0.4483593958653739;0.1;0.2857011978878132
0.44;0.5208866964103522;0.38;0.3576876851395735;0.14;0.2667334251658334
0.38;0.41044626958241565;0.52;0.4188209924693588;0.18;0.30239161941165094
0.28;0.32788197664531643;0.54;0.4514345934955658;0.24;0.3306443304229365
0.24;0.358140986969597;0.66;0.46514815879402055;0.36;0.33037915874064727
0.5;0.32923841751580424;0.1;0.16928018609595907;0.14;0.27584312030423697
0.16;0.2206589896616839;0.56;0.5545395958503446;0.46;0.3541833143345219
0.5;0.36745535682177854;0.38;0.4166903884899552;0.5;0.32036676721311674
0.4;0.43298988999496196;0.36;0.40548721091405604;0.18;0.2967417275954901
0.74;0.4788598542729039;0.16;0.4068879903121526;0.46;0.24501032167600215
0.1;0.24457798685352533;0.72;0.5386340999746435;0.38;0.31528402769525354
0.68;0.5121437927215287;0.22;0.3575751702741915;0.3;0.24440185929080555
0.14;0.15814398342339264;0.28;0.25396105674735825;0.2;0.31528344148727283
0.3;0.3212222095786662;0.14;0.16410903191838977;0.22;0.28621790107631917
0.46;0.3182995791327708;0.22;0.1833625008777851;0.14;0.28849329241204
0.28;0.34875559571543174;0.6;0.4511627458531986;0.14;0.32615694112710514
0.26;0.2488631036374791;0.1;0.1635146716380424;0.48;0.30715434967938215
0.16;0.29721018826430884;0.6;0.4960846933868128;0.16;0.32683297684037577
0.28;0.1505082057446524;0.32;0.4472792402865381;0.38;0.40495787795831484
0.58;0.4236039181115405;0.2;0.38255760528988714;0.32;0.2983228818947783
0.66;0.3602797245422332;0.16;0.38703355483894963;0.12;0.3828523120468016
0.28;0.4179095200630668;0.36;0.4302026031440931;0.44;0.3162170069208103
0.5;0.31922731812571525;0.1;0.16848293210408;0.26;0.28012931042508615
0.76;0.4485659262422037;0.2;0.4305566904589179;0.24;0.25637838029030857
0.32;0.4270877437373852;0.42;0.41346512431370885;0.1;0.2832553762542509
0.46;0.41076873121617563;0.28;0.39300763364317554;0.44;0.3037150902303747
0.58;0.5177658646059342;0.18;0.17639377356489988;0.22;0.3267186972691645
0.5;0.3979073262380749;0.26;0.4258720145285858;0.1;0.30470832224199623
0.22;0.3747056674276643;0.36;0.46260838515927194;0.16;0.30776203512109307
0.64;0.45467185229485907;0.24;0.38932598513818417;0.2;0.27052803307248463
0.28;0.47543676925451345;0.66;0.401260585334004;0.32;0.29339450547081036
0.24;0.2913989191049043;0.14;0.15041730534964803;0.22;0.2900316328035408
0.12;0.2654999771149804;0.84;0.547123246930036;0.48;0.3084709476419155
0.14;0.2794009140613044;0.38;0.5316536316793937;0.2;0.32994829902423095
0.34;0.4485476468155795;0.54;0.39736186622718367;0.42;0.2979247187201357
0.86;0.5059568376628617;0.12;0.3801118817575738;0.18;0.2591226505726816
0.52;0.4387662624525241;0.22;0.35056364593134315;0.32;0.3906102611198045
0.62;0.3462450354758082;0.14;0.22814971001327738;0.1;0.3131444656043388
0.24;0.25068635524197447;0.64;0.5100912118873293;0.44;0.35662933183696344
0.22;0.3727733738268729;0.16;0.1386564114931661;0.3;0.2595087454230001
0.26;0.32212571769622483;0.34;0.4810046433974843;0.42;0.33808559519137094
0.42;0.26322129040437164;0.1;0.19617927939741386;0.1;0.30638627324330786
0.4;0.3427360509605135;0.36;0.4409621648434428;0.24;0.3243321526511127
0.62;0.41131131099360024;0.28;0.4060463754986652;0.26;0.2779674659060505
0.3;0.34215451608071373;0.2;0.1588521783375325;0.22;0.27806211786240587
0.2;0.4177797635023586;0.48;0.4489436977268629;0.16;0.2996279407471879
0.24;0.3493477252959961;0.6;0.4597584711154971;0.1;0.30674777539221654
0.24;0.195695289594783;0.26;0.28952551827142015;0.4;0.3202265771080273
0.22;0.2731860671826919;0.26;0.2294304017013047;0.34;0.28686927597650824
0.48;0.3598328743756383;0.44;0.4324231605182649;0.48;0.3144789822724091
0.14;0.29309794030835085;0.6;0.5026024472627043;0.16;0.31161204565956674
0.18;0.33648494770631493;0.42;0.4956713542120007;0.22;0.320501269549888
0.8;0.4295455140943469;0.16;0.4133049836525636;0.14;0.26783987659808023
0.26;0.3149941220675124;0.14;0.1387620858082446;0.14;0.2975976290608642
0.26;0.4585835560843378;0.54;0.39844467694714014;0.32;0.3151440838939549
0.54;0.5097260016940403;0.26;0.36802092879824955;0.12;0.2706779046316549
0.26;0.44617630667148234;0.66;0.40535314378812937;0.18;0.28371291522825737
0.36;0.45395104729033553;0.48;0.37821883798477085;0.46;0.2976444674194362
0.24;0.2761518989721935;0.26;0.19767973902163669;0.14;0.30357828081156524
0.26;0.3199554637028812;0.2;0.17015558242596207;0.14;0.28285419433179637
0.5;0.41908904715179474;0.4;0.42833547725735627;0.12;0.2798839944057855
0.54;0.3984194211744191;0.32;0.4080484663612498;0.24;0.30407415879561545
0.52;0.2553498930966041;0.18;0.24650696295372976;0.14;0.31282958942644046
0.24;0.3617656134343325;0.68;0.46208761901314843;0.48;0.32727300910056106
0.6;0.4654942344850107;0.3;0.37797991309864465;0.32;0.2709407676614003
0.16;0.40374478884124254;0.12;0.0814958447863608;0.14;0.2778283348150514
0.16;0.32864618439208826;0.7;0.4887244956679187;0.3;0.3297640144535637
0.1;0.29691326092647397;0.3;0.17014586143545282;0.12;0.2745075959604031
0.78;0.3926222954037851;0.2;0.448976232568615;0.1;0.2815735835208932
0.26;0.2703175054334502;0.22;0.1939986049205255;0.2;0.2917355151451012
0.14;0.45542707159652485;0.48;0.4268718092843752;0.12;0.2720311223146644
0.36;0.33447889519723195;0.1;0.14610931731588606;0.3;0.29020450097571415
0.36;0.33344036198353355;0.28;0.18036282864318817;0.1;0.28349852151364774
0.3;0.42543814530849505;0.22;0.09726850291145606;0.14;0.2537072729325911
0.54;0.443972254963373;0.28;0.3699600444195663;0.34;0.28653045589838033
0.24;0.3704229209160892;0.74;0.4584187320624097;0.18;0.3000819280461237
0.34;0.3965617952152279;0.5;0.42249393228701904;0.2;0.31111168895014474
0.56;0.46526919270832046;0.4;0.3750761709134631;0.32;0.26952753430629023
0.84;0.4412472623717846;0.12;0.4230926127106108;0.14;0.2616675426042876
0.74;0.3952111966677663;0.14;0.44135417276445077;0.14;0.28420545767697847
0.4;0.28643288118921195;0.24;0.23580114138614192;0.34;0.3274123061532186
0.24;0.3116878161112406;0.5;0.4875620030553381;0.28;0.33108793080778226
0.62;0.45931559694216273;0.18;0.3191922444495536;0.36;0.33662032266767394
0.34;0.44521302380727906;0.38;0.40524691313753447;0.1;0.28834895487775136
0.3;0.34838536767329276;0.32;0.27829413951760573;0.32;0.34921827362109215
0.3;0.46662242231893164;0.68;0.40093280287838473;0.3;0.29659500270129496
0.22;0.30110080549065;0.46;0.49492446122143396;0.28;0.3426063267876088
0.52;0.2637917960418625;0.12;0.22037142212891764;0.42;0.29516253853331187
0.28;0.24883422545721062;0.24;0.25157897169795146;0.42;0.33355418014856997
0.3;0.5032092519799558;0.1;0.060029637105755596;0.48;0.22830711753805893
0.28;0.4888773244597549;0.56;0.37972785565725675;0.14;0.26726653286515395
0.24;0.40941550502219654;0.44;0.44893151934522746;0.28;0.3051638456858094
0.26;0.3521596037292541;0.34;0.48044981002494047;0.38;0.3313913449774707
0.32;0.4537854609459247;0.5;0.37963317844837785;0.36;0.3085315852595808
0.74;0.3886895798793163;0.22;0.43796572471903567;0.14;0.2793882342167848
0.5;0.39832563023393774;0.34;0.40782187466990194;0.28;0.30580969342514336
0.24;0.3624127005323573;0.12;0.11985578915189787;0.16;0.2787036120443786
0.38;0.3504687094490402;0.2;0.1761920733714846;0.3;0.28618308523680347
0.3;0.323236689064916;0.16;0.17157475588203186;0.38;0.28964531149634704
0.16;0.3626837605456279;0.12;0.11452182924853102;0.34;0.2713474847834596
0.52;0.44243674199595495;0.42;0.3919342119320697;0.48;0.2529123420021672
0.46;0.36603122890501283;0.1;0.14329984770601917;0.46;0.2820748177911843
0.22;0.17724390364234566;0.28;0.3479065969086568;0.44;0.33248076925887704
0.38;0.504279961065921;0.6;0.36051810687032526;0.48;0.285271467074129
0.14;0.38298156134940065;0.16;0.10683512544015145;0.26;0.26578478152184337
0.54;0.4103950612751817;0.22;0.3999900650552979;0.36;0.30226421562474537
0.2;0.20310341033901746;0.4;0.5585011745878212;0.4;0.3766577727158063
0.16;0.32489932472677807;0.12;0.14932391065995587;0.5;0.28378280629244473
0.6;0.5824736082582348;0.16;0.2569293873849486;0.48;0.3062431108416019
0.1;0.4511069074183393;0.12;0.05291259808055754;0.46;0.22835019591791234
0.12;0.3300809307753453;0.76;0.4932537689830078;0.1;0.30644805707053824
0.2;0.31429791979700583;0.32;0.2022226598293107;0.24;0.28157446633960515
0.1;0.41330276004716393;0.68;0.4350043436066804;0.14;0.28528444670886594
0.1;0.44782469679481707;0.82;0.4249314971862097;0.14;0.25633043303294967
0.26;0.4246685492916009;0.7;0.41829067394214603;0.48;0.3196716254734785
0.4;0.4356405958438057;0.3;0.40412753650182787;0.24;0.29283581108837575
0.86;0.42795620856160543;0.1;0.41628746169850694;0.18;0.2671824668108601
0.42;0.46215936819480297;0.22;0.19116882661394077;0.44;0.31910932295496736
0.44;0.40925400435696446;0.44;0.3991243613096754;0.42;0.31082814930113317
0.28;0.42878253231600555;0.64;0.4268982743397377;0.44;0.2968747112040524
0.5;0.4555134008692874;0.34;0.387060049873114;0.12;0.27566606557436035
0.3;0.3343203493404518;0.26;0.16953849432804707;0.16;0.2834787369224287
0.44;0.37658341578238946;0.48;0.427857442857577;0.28;0.3096135057994717
0.62;0.32225392333032854;0.18;0.4042742014398571;0.1;0.4164321944827964
0.12;0.0008902441496972946;0.34;0.38357358195895425;0.36;0.3242045233378349
0.74;0.46963365503615;0.22;0.4071840624504276;0.5;0.2528534061333093
0.5;0.4200365195850946;0.46;0.40892563644137186;0.26;0.2880326068617912
0.5;0.41213136015192475;0.48;0.41582375571132746;0.2;0.2727762837000661
0.48;0.38022527984081245;0.42;0.4122660810503858;0.48;0.3196234152814267
0.18;0.17004929251497172;0.28;0.3023527361254134;0.4;0.31119825116771316
0.36;0.36294459897229675;0.3;0.4336172805831551;0.36;0.3168428409083859
0.32;0.4503658166013437;0.6;0.38425712390747513;0.14;0.2875690373428591
0.18;0.25908503178116893;0.7;0.5145109873879609;0.22;0.34491004861013264
0.78;0.4094705850089611;0.12;0.43848670023573977;0.18;0.27394740237689513
0.46;0.31945667556088286;0.1;0.1778349961676755;0.14;0.2722793349689965
0.56;0.35120566052380164;0.36;0.4525483283366758;0.1;0.2977813406284642
0.5;0.4049285248613838;0.26;0.38895037599357707;0.36;0.29951834649084585
0.7;0.4642477621321358;0.28;0.39327792072079626;0.4;0.2490469062662235
0.2;0.40401346344667977;0.46;0.45219920369292066;0.3;0.31032269028798876
0.24;0.2966126461258557;0.6;0.49282971327431674;0.48;0.3510254169866324
0.26;0.3586321192964291;0.34;0.4559542058564584;0.4;0.3352768236269601
0.18;0.28753506225768666;0.36;0.21691889319118596;0.18;0.2928433794418578
0.3;0.2675229491338042;0.24;0.23217670072128316;0.4;0.3491798368645618
0.36;0.47770444187815553;0.46;0.3789705965112841;0.18;0.28498368696513277
0.38;0.44539076907297354;0.54;0.4094017173519825;0.1;0.27675951162696333
0.7;0.4792678466094918;0.28;0.39489480960417145;0.26;0.26889567637764056
0.76;0.4232174172408379;0.22;0.4300159417892134;0.38;0.2623972104137264
0.18;0.23838660040740145;0.38;0.5583483933807303;0.36;0.357128653905205
0.28;0.26352067179162886;0.32;0.495981914121008;0.44;0.410615221883751
0.6;0.37432360133329173;0.32;0.4300229213466806;0.26;0.30041850611449783
0.72;0.5047091827090753;0.12;0.3213928692858745;0.36;0.3156416034134473
0.32;0.4435042789448572;0.38;0.4034005377326213;0.28;0.3086173294334752
0.1;0.2957433968767589;0.52;0.506543391383133;0.12;0.309264649006197
0.56;0.3843267614555956;0.1;0.15890991180082945;0.36;0.24778610001921125
0.16;0.31993259354263937;0.42;0.5015573119198748;0.18;0.3284947456681534
0.74;0.41903700025067114;0.2;0.4174437424021006;0.38;0.26868622015229976
0.16;0.33363596037767024;0.4;0.509854977657032;0.34;0.31317149167410563
0.32;0.3988195923425467;0.56;0.422387480037916;0.38;0.3070792901343181
0.1;0.48777743933621504;0.14;0.03595064761875838;0.24;0.23238828192445934
0.26;0.31816659848199125;0.54;0.4688529795625545;0.5;0.3429502347866422
0.42;0.3656263544981141;0.18;0.1586681262470481;0.48;0.29532872226321216
0.22;0.3479868030018813;0.56;0.456315953656505;0.48;0.32992604254475333
0.62;0.40631685515082033;0.22;0.4166419585426663;0.18;0.2878837725467057
0.1;0.36189631292377983;0.82;0.48395359568345275;0.24;0.2815365432631773
0.6;0.3677463376273675;0.1;0.1824344860446192;0.32;0.2853060940154888
0.68;0.41788251611926214;0.2;0.41605683604360444;0.16;0.26995941647274896
0.52;0.4709087241284693;0.4;0.36173009087974645;0.5;0.28087266681125966
0.46;0.43015770884424936;0.4;0.3762710151451421;0.46;0.2956642274978005
0.4;0.41644833500405004;0.36;0.39562911942537127;0.34;0.3142846982974399
0.16;0.0970101882356087;0.44;0.6270946474260826;0.46;0.3945898494032535
0.2;0.3435154383875533;0.7;0.4748756302142502;0.18;0.3196598898241249
0.64;0.4368892012994496;0.26;0.4027406416337352;0.22;0.27787624712957926
0.16;0.23873454973673303;0.68;0.5294746065940787;0.26;0.34977979563452427
0.38;0.4068559234204236;0.58;0.4152794553760327;0.46;0.3011369216203041
0.18;0.2658807683102794;0.52;0.520007575359791;0.46;0.35368922193028407
0.62;0.5202064213587296;0.3;0.363276415077129;0.48;0.23797799930564345
0.36;0.2873113055325137;0.28;0.242989528240791;0.28;0.3280271861214311
0.26;0.3837067843803668;0.7;0.4360026080984727;0.18;0.3114124509668801
0.46;0.33742993793539;0.14;0.1593634541246527;0.3;0.2805022666727617
0.36;0.3869000608390442;0.44;0.41149047940933026;0.3;0.3178816327784785
0.2;0.38511884466924345;0.18;0.10886342454197606;0.22;0.2642479967086262
0.68;0.4996020444205145;0.24;0.3620237374921624;0.44;0.23355947432870378
0.26;0.17085688678500066;0.3;0.35112567611147477;0.36;0.35225400350891256
0.62;0.33648663495973674;0.12;0.2090328009832803;0.22;0.3071295465061885
0.64;0.4784516352401278;0.18;0.369891585638181;0.3;0.27467482846437574
0.16;0.2104157552083799;0.7;0.5522495406135469;0.42;0.36113458725693953
0.1;0.3179357012942538;0.44;0.5408999738200371;0.32;0.27724783734644026
0.16;0.27514964493878646;0.2;0.20094805148684505;0.4;0.279211053358137
0.68;0.4135024377690714;0.14;0.37179668104281693;0.1;0.36672811612463513
0.34;0.40170985472868165;0.58;0.4275965885914578;0.16;0.2931597166059662
0.38;0.3023341406512351;0.1;0.17822126879720487;0.48;0.29139886937387116
0.14;-0.193210390093825;0.3;0.5175594839849654;0.48;0.3722581556163422
0.42;0.4565364739897943;0.34;0.37340585534983556;0.44;0.28369721416580596
0.68;0.49084051198994294;0.26;0.3747771474190106;0.12;0.2560962124703472
0.14;0.465899870495359;0.18;0.06651744073776422;0.14;0.24258044357601505
0.18;0.23296159628823848;0.1;0.182174238220723;0.48;0.332417366256447
0.32;0.42920409454045044;0.64;0.4139208748664111;0.14;0.28759781749160057
0.72;0.5290080678972763;0.24;0.36557218394312585;0.46;0.2266598365166575
0.82;0.44940571622858183;0.12;0.4296315070454491;0.28;0.25573865844377297
0.22;0.2790218683398116;0.22;0.2113908728758195;0.38;0.2850375976859031
0.32;0.3987564515022893;0.62;0.44039503920965606;0.16;0.2848997914851575
0.18;0.2589693478969509;0.5;0.5344046752267775;0.44;0.3465705292323218
0.14;0.05131956880764599;0.2;0.3242698122100936;0.48;0.3377494567246988
0.46;0.46202692136573675;0.26;0.3833393855270481;0.26;0.28598126515235067
0.16;0.2897076901854401;0.26;0.18595078845046215;0.2;0.2817867094158979
0.38;0.42172340140866876;0.58;0.40415200103711224;0.48;0.29658240774401207
0.26;0.4028612603234492;0.46;0.4369352174442043;0.1;0.30117553001210806
0.18;0.31054753051679446;0.58;0.49801632017097364;0.22;0.3314439140618841
0.42;0.30063902536133735;0.14;0.18202941206541606;0.26;0.2706255632339281
0.18;0.3685686833632849;0.7;0.47108907429553626;0.48;0.31453488306467214
0.2;0.23685156153506048;0.24;0.24277708270852172;0.4;0.3108953405941857
0.42;0.4374983328225142;0.4;0.3853672007895042;0.26;0.30165408967801466
0.32;0.39405382532456446;0.14;0.12889889891924894;0.38;0.27614637157758204
0.5;0.327751323850618;0.14;0.18416010741536695;0.46;0.2944600296276074
0.56;0.3262192953987406;0.12;0.19341850001861718;0.32;0.2906113252629445
0.12;0.18317310640263368;0.26;0.2538548946241165;0.4;0.293053343864908
0.36;0.39291092889659035;0.36;0.42688439167344444;0.16;0.30001945381769246
0.76;0.41025680021088196;0.1;0.3887576940448597;0.2;0.33362097228860105
0.58;0.3458028961117303;0.12;0.18524849219171668;0.12;0.2790936639052727
0.74;0.5614605593963718;0.16;0.365174469302642;0.28;0.22813932552909252
0.18;0.3616951380541045;0.8;0.46372196174488334;0.22;0.29932946833817287
0.6;0.6444717650366202;0.16;0.15390883397902666;0.32;0.37380987084752215
0.46;0.5848655623052075;0.2;0.2000948670422906;0.5;0.34670988931164415
0.24;0.38140681293433315;0.68;0.4377843503251453;0.22;0.30313156042591316
0.24;0.3790483403282671;0.1;0.11423839763760402;0.16;0.2678884141040209
0.72;0.42948686374748224;0.16;0.4099863242526576;0.28;0.26734166978953333
0.5;0.5032546196942403;0.36;0.35273382704273754;0.22;0.2661626041577777
0.14;0.03287509302338182;0.26;0.36680818441567276;0.44;0.33655448679192274
0.42;0.4301093587767479;0.28;0.40172271922835967;0.26;0.29364201174699
0.28;0.2956374353421858;0.14;0.17119072456321643;0.36;0.3025237100656663
0.22;0.31925591910884604;0.16;0.1630992255063196;0.36;0.28130092805643947
0.32;0.4149119780483582;0.6;0.41125740353007717;0.28;0.30429364939714154
0.36;0.48813026915427504;0.62;0.38479791807814057;0.1;0.26981075189795817
0.28;0.47667482356318697;0.64;0.3971246575304401;0.14;0.27156665186756523
0.34;0.4457311856434498;0.44;0.40154299899161977;0.12;0.2996541159672421
0.1;0.3610589422030857;0.18;0.1321076449275549;0.38;0.24269914165778955
0.48;0.25568458097935437;0.2;0.24073045550347502;0.2;0.32475872808572875
0.72;0.4861915723486371;0.22;0.38363621737515174;0.2;0.26734606045385356
0.4;0.42426675511375916;0.58;0.401731962071675;0.16;0.29689773687605536
0.2;0.29234634396958087;0.18;0.18853476126389007;0.4;0.28103620010423025
0.24;0.34897851710130307;0.5;0.4558623122650385;0.5;0.3379559146653921
0.42;0.3533759482982269;0.12;0.1564461214916142;0.3;0.26987740984024533
0.24;0.4101279459894557;0.62;0.43289199702192316;0.24;0.3033227208149586
0.1;0.4093099876245225;0.82;0.4590720999222585;0.12;0.2844695017738351
0.1;0.2162735357533413;0.82;0.5508976091690332;0.18;0.3285326292560481
0.3;0.33581036212254944;0.16;0.1555029299190779;0.2;0.279200305920388
0.22;0.22586611027218495;0.3;0.2815833421367151;0.34;0.32663490217475355
0.48;0.33324811268632;0.12;0.17731746368278137;0.1;0.2806563391410831
0.3;0.37408090273224665;0.14;0.13488599174932153;0.1;0.26618457707017884
0.78;0.4111443138561574;0.12;0.44304477402860765;0.2;0.2616718276113049
0.48;0.4414225672864207;0.38;0.38502819257060794;0.36;0.2810433967522042
0.36;0.4428410660735856;0.34;0.3933914612788226;0.32;0.3101935111877805
0.44;0.37982887560326234;0.1;0.1374794023276838;0.32;0.2710247117872923
0.66;0.3862862847323118;0.2;0.42178433911303265;0.38;0.2972697522576352
0.2;0.35944821645397096;0.54;0.468958319058033;0.36;0.31377661314624017
0.56;0.4704474380261957;0.38;0.3907347292809678;0.22;0.2684984057883242
0.26;0.3951051502995276;0.68;0.44116455282176426;0.2;0.3051214257919642
0.38;0.40928686397468494;0.36;0.4191219836757913;0.1;0.29796977215947107
0.26;0.3937021983117974;0.56;0.42510882485679036;0.1;0.3034387110264729
0.1;0.2113450961556273;0.72;0.5482815119053859;0.26;0.32854576825628534
0.6;0.42218804041357105;0.28;0.3943389484228928;0.34;0.2944218101422075
0.58;0.521541408533067;0.28;0.3445445600266635;0.36;0.26070482133090506
0.54;0.3029970004996723;0.14;0.21217348213527407;0.12;0.2924010205206161
0.44;0.34655021902974914;0.24;0.2300152068974929;0.3;0.344627469530373
0.1;0.24293170312953916;0.5;0.5523450420649506;0.2;0.3110639252040852
0.18;0.11632459274843526;0.34;0.3559156013283471;0.34;0.3406613726759633
0.38;0.40442312759614524;0.36;0.4046190751976502;0.48;0.3226231075556239
0.24;0.37610784806732267;0.68;0.450729603922287;0.1;0.2932172599105407
0.26;0.3852790755448975;0.54;0.43928677306704433;0.22;0.31628768089171333
0.14;0.22072631195439835;0.52;0.5677014562120138;0.28;0.3391795223732642
0.18;0.3789556838943767;0.1;0.10188762956971681;0.4;0.2788242578645964
0.42;0.4722202201220625;0.28;0.37362259474291254;0.5;0.2776467549690253
0.68;0.42277980578337954;0.14;0.3410833616487311;0.26;0.3526061088196958
0.48;0.4088470202194435;0.44;0.4173179919050338;0.28;0.2753812341355847
0.6;0.4950830023438663;0.38;0.36471307668446995;0.46;0.2540898413553232
0.36;0.2808478229690906;0.24;0.24927216875141528;0.38;0.3310277140938367
0.22;0.34265119201535404;0.16;0.13067834649173524;0.16;0.2701150600033534
0.36;0.3554111885914928;0.48;0.4390026103227953;0.26;0.3139286389244984
0.32;0.4254510724287658;0.12;0.10965488056443082;0.16;0.2570207966474456
0.48;0.38670889929526064;0.16;0.15567057150083155;0.42;0.2903807295897001
0.18;0.28693101935121407;0.2;0.17386186280963178;0.28;0.289137887246147
0.36;0.2709666517649474;0.26;0.44368169783626005;0.46;0.41321872458601183
0.14;0.08772927959039206;0.68;0.6056828570541932;0.34;0.3921467719162217
0.32;0.4302124642184663;0.42;0.40760666685442803;0.4;0.3131540595776383
0.16;0.24640040750381081;0.32;0.22407770382369713;0.12;0.2956112524359079
0.1;0.1572986472392108;0.32;0.2991136577606939;0.42;0.2604458378743659
0.24;0.29999479129421447;0.24;0.20669586536310045;0.3;0.30260733690118724
0.16;0.08021743415437504;0.38;0.6485655033679197;0.44;0.3959169262508994
0.34;0.4096443363353541;0.4;0.4150760751243786;0.12;0.29504323793660203
0.58;0.39909420101200865;0.12;0.16750182650706955;0.5;0.3101021376061607
0.3;0.2886247263679939;0.14;0.17313112716792967;0.34;0.29694682706881426
0.32;0.4353831887857859;0.5;0.3859667081625741;0.5;0.32314219511506037
0.42;0.42587327853118234;0.32;0.3993695541015573;0.28;0.29764355416187754
0.44;0.4423374844077471;0.34;0.3943573370668308;0.3;0.2902891148054504
0.32;0.41398218174288814;0.54;0.4213302736481922;0.18;0.3000331296328646
0.76;0.4567423638509487;0.2;0.4155644452266033;0.18;0.2559127360911377
0.24;0.40247656795802866;0.58;0.4380553240277959;0.36;0.31182234701064665
0.22;0.33874192923284757;0.12;0.1399068405046267;0.2;0.286421532936893
0.34;0.3320532005909708;0.26;0.18733615841132883;0.16;0.29775933519369235
0.26;0.27565029739221764;0.2;0.1924551930614484;0.22;0.30404634571580696
0.38;0.2829913101169319;0.2;0.19589348810894866;0.2;0.2956881596998918
0.46;0.34867052526758774;0.3;0.43830942552321905;0.28;0.32134697047363503
0.54;0.24891736374946039;0.18;0.24555100311879777;0.14;0.3217542936533739
0.1;0.19750580234343498;0.34;0.25164690523769345;0.28;0.27439153221861773
0.26;0.29278128571758233;0.12;0.15994411505819844;0.14;0.2981443523449866
0.2;0.31996256102983484;0.76;0.49370721389231087;0.38;0.3287286193546614
0.24;0.3533090314266608;0.38;0.46680041631787866;0.4;0.3334431963470091
0.42;0.3297197493354674;0.12;0.16719108871540878;0.22;0.2868056562262706
0.4;0.3040232746295549;0.24;0.20077101062476685;0.16;0.293024212486211
0.24;0.3712503546100455;0.12;0.12243605227639356;0.38;0.2738938551858396
0.16;0.334398007666321;0.54;0.4926895974459591;0.2;0.31048146880323746
0.2;0.3620900063060458;0.74;0.47065529476327106;0.2;0.3116973406330955
0.76;0.48472991648857294;0.16;0.4051217278768878;0.44;0.23055651623191384
0.16;0.3455709048544481;0.16;0.12707762910487552;0.1;0.27553062950334944
0.28;0.34489661163532287;0.58;0.4618900454266895;0.48;0.3269016014918089
0.54;0.4904031362022409;0.42;0.3703160861462962;0.16;0.26156549474405033
0.42;0.4410437991243158;0.2;0.14656283286702598;0.46;0.2910198863742969
0.2;0.24913726821662047;0.16;0.20343336436460382;0.44;0.3050919686380832
0.32;0.2951050591643715;0.2;0.1828155855574171;0.28;0.2927112606276921
0.88;0.4191885044104277;0.1;0.42615342096359665;0.1;0.2869682513067895
0.24;0.4231775207133268;0.6;0.41588940341830277;0.28;0.3147963203677076
0.24;0.4045195960241276;0.12;0.12572167501995735;0.5;0.2530071895143593
0.6;0.5192337041878894;0.3;0.33784652318486985;0.5;0.2516674834724424
0.6;0.5612678765058732;0.18;0.275056883065201;0.3;0.3347011984513945
0.54;0.22979276746174027;0.12;0.2342629466707021;0.32;0.3111031516205485
0.48;0.40460393310531956;0.34;0.39609669977260575;0.3;0.30776480787876237
0.16;0.3595415922735065;0.1;0.10519352586258335;0.34;0.2883715162462478
0.32;0.29141066476750443;0.24;0.19269908734175573;0.14;0.29440169120053383
0.52;0.4373989779933624;0.34;0.40580115774669956;0.1;0.28022108641986543
0.12;0.27089008453165536;0.28;0.1962755550697075;0.18;0.28212354192360367
0.14;0.2102917574695663;0.3;0.2302868730520401;0.18;0.30752268487452883
0.3;0.4459229869502732;0.64;0.40610655367465803;0.16;0.2718876047919696
0.26;0.3097357137329242;0.28;0.19145697447026166;0.18;0.2646289586452321
0.38;0.47559201099053844;0.58;0.3826834772597768;0.2;0.27945207204086164
0.16;0.3130598412551562;0.38;0.5161845082353222;0.3;0.3141533760953503
0.26;0.40363597120310774;0.56;0.41882855629245486;0.12;0.30233801977364483
0.3;0.3685061119381715;0.3;0.21310108315516862;0.32;0.30504126370587004
0.16;0.1834694032535344;0.3;0.2597196570005896;0.3;0.3253129516791422
0.14;0.21719466966573586;0.58;0.5345558547825269;0.2;0.35049390344106657
0.62;0.5637453110408613;0.12;0.06263311711537117;0.46;0.29643969185328783
0.3;0.42356017876902013;0.5;0.3996061626743078;0.32;0.3071280447858781
0.14;0.3425666000790832;0.18;0.12423645635819422;0.2;0.27699477789631993
0.5;0.4632079284207283;0.42;0.3926646572472604;0.28;0.26724284356560934
0.78;0.4452808039036694;0.14;0.4106332905827618;0.1;0.2762021156426775
0.3;0.4269806641400889;0.38;0.42138259762507513;0.4;0.3094030760472507
0.1;0.3679445138128125;0.56;0.5016518613451624;0.32;0.27662115272305465
0.22;0.37699328165393425;0.38;0.4518274160362838;0.12;0.3110779938740089
0.26;0.5663328346817733;0.34;0.3676342599062442;0.1;0.24275866058229892
0.24;0.2431486611099089;0.22;0.23729113871425297;0.44;0.3153523347836832
0.24;0.45798819462100854;0.6;0.3992464102422906;0.32;0.2895322144216509
0.34;0.36395901547486736;0.38;0.43817254144498485;0.22;0.32755937136814417
0.54;0.43020948199711956;0.44;0.3948183424132848;0.26;0.2747149701024426
0.18;0.283025906976744;0.62;0.4987674399517381;0.5;0.34754735653685287
0.32;0.2832181935317109;0.3;0.21127786521339215;0.1;0.29238271029864926
0.16;0.37369173413502155;0.22;0.13008482898096496;0.16;0.27415911636007584
0.6;0.4023194934568405;0.24;0.3976112489406353;0.5;0.30746094094991633
0.46;0.31409628989849375;0.16;0.1750701846285716;0.32;0.289908491438986
0.28;0.3913451603489757;0.34;0.44130287127242385;0.4;0.32868952819572467
0.64;0.414592661574283;0.12;0.18370892668535985;0.18;0.3191146700989561
0.12;0.2519510952893872;0.8;0.5316985243296078;0.3;0.3280586251871028
0.62;0.5089902654948872;0.34;0.3555658266691616;0.48;0.2303059315120032
0.68;0.56297678851488;0.16;0.343022259408418;0.1;0.2399450003522337
0.32;0.41300430167305624;0.46;0.423195638363866;0.14;0.30293346900545637
0.5;0.39576789217397074;0.16;0.15734286408001696;0.2;0.26001697842415683
0.56;0.44101526149404835;0.2;0.20034136143738585;0.16;0.327297062589843
0.1;0.29118502833351795;0.26;0.20462036790418667;0.42;0.2357944746400403
0.58;0.469720109880571;0.18;0.19089494685718333;0.2;0.34436823471712696
0.38;0.4471085233412639;0.5;0.3932871664655616;0.18;0.2973611617614566
0.36;0.3425751172094347;0.56;0.43943818686754144;0.18;0.32712719454681777
0.32;0.3411528745404272;0.38;0.4553048752252665;0.16;0.31727642576795767
0.16;0.14933333048790948;0.26;0.2903905177726939;0.38;0.3022567864297129
0.1;0.36358569497358106;0.5;0.4946581329240369;0.24;0.27078843268705577
0.46;0.3895981663550658;0.22;0.17055923678936724;0.1;0.2658137470281313
0.2;0.3356999378295144;0.22;0.1825237401529604;0.42;0.27025423138274346
0.56;0.4371290636595148;0.24;0.36325155469293724;0.4;0.2932032008229727
0.28;0.44508280111993354;0.48;0.40883062437372286;0.18;0.2934946149500085
0.4;0.4266492492727304;0.44;0.4004223432552011;0.1;0.2867281487822524
0.12;0.4072518000520211;0.82;0.4397856596218907;0.12;0.2810939443389191
0.82;0.4329842212358866;0.12;0.42428838640469774;0.1;0.2767925979054695
0.22;0.43158388872695824;0.2;0.09883842248674612;0.1;0.24765663204601845
0.12;0.39865322140733356;0.68;0.44284149517158766;0.1;0.28440552077327036
0.16;0.12836882714348868;0.46;0.6024868766283696;0.48;0.38716188589059436
0.3;0.3662932005900655;0.34;0.45051185386483744;0.3;0.33168177890607053
0.16;0.3072616507315016;0.1;0.13744367728414716;0.5;0.28531240025412424
0.76;0.4863413780178321;0.22;0.4033884524825186;0.36;0.24819861433868395
0.7;0.4139591277882329;0.14;0.3421275627287891;0.44;0.3434435039496069
0.42;0.27623532751879504;0.1;0.18656023082978834;0.18;0.287496631374004
0.5;0.49450318479211475;0.34;0.3716371796577529;0.18;0.2594060696224806
0.12;0.17438634136441322;0.48;0.5746831274355362;0.18;0.3438325289148646
0.14;0.22742129148378176;0.76;0.5443722922531632;0.38;0.3427145768379111
0.18;0.35414961169116504;0.2;0.12843597122065153;0.22;0.2737390213877452
0.36;0.3401043239459048;0.3;0.4559197374371634;0.44;0.32992852682287305
0.1;0.15975628406178;0.62;0.5955421978003634;0.4;0.3486884491228642
0.36;0.3939931265230539;0.42;0.41520129496881986;0.28;0.3188637394969678
0.2;0.35548536056381275;0.22;0.15613921924243926;0.2;0.27093252510903665
0.18;0.39526398913473226;0.58;0.4482050798426524;0.48;0.31501650755069566
0.7;0.425395908725499;0.2;0.41735041927504934;0.26;0.2736284605575853
0.24;0.3218623913682882;0.14;0.16238841877884289;0.34;0.28717939399003944
0.82;0.4726247778797748;0.16;0.39543465871093564;0.12;0.2557038190068599
0.34;0.3883997797020547;0.54;0.43012229053921686;0.3;0.2966217465843204
0.64;0.46017133781626046;0.22;0.38346803333727664;0.14;0.2579819945871281
0.18;0.5195266596201418;0.74;0.3857905308756008;0.3;0.253825287068715
0.56;0.43471604740357117;0.22;0.38034063515333805;0.44;0.2925593612082208
0.32;0.502495764001675;0.62;0.36575390086038123;0.14;0.27424363943066044
0.32;0.40011522658772714;0.36;0.43296947203377223;0.32;0.3155515035906664
0.58;0.41914916318978834;0.24;0.3993073503549272;0.3;0.3016064272198474
0.44;0.4520024797176714;0.54;0.3849181604500188;0.24;0.2868036079316365
0.3;0.3728365708177678;0.54;0.4298771719515991;0.4;0.3438205788616632
0.52;0.44567935601688347;0.28;0.39854811216392433;0.3;0.29110222729193114
0.68;0.411689290980389;0.2;0.41437208918372403;0.24;0.2741195329050061
0.28;0.37856126793090855;0.44;0.44683776499348393;0.38;0.3303735245509199
0.14;0.2640820796567604;0.3;0.19921485548520124;0.1;0.2834500154366134
0.22;0.3431138428509282;0.58;0.45824052566535745;0.32;0.3301318327325686
0.26;0.33886678401859377;0.4;0.45950266835697995;0.32;0.3393206770738757
0.5;0.39342618356135484;0.28;0.403091464510384;0.28;0.3030433206437054
0.14;0.26308111525740163;0.16;0.17897726274085626;0.38;0.28267694164831614
0.2;0.2931235160526567;0.6;0.48461211025044304;0.16;0.32152498651105715
0.12;0.004355758199800941;0.26;0.36324153572469986;0.48;0.32375567006773587
0.56;0.5283016280217419;0.38;0.3451670723421929;0.42;0.2444777751244653
0.42;0.404406368100416;0.12;0.11933329812397431;0.2;0.2570691644170625
0.14;0.148753902927457;0.16;0.24570137337055292;0.5;0.305781643264009
0.3;0.3403659400052087;0.68;0.44411541184542686;0.42;0.33454705576505384
0.1;0.25917228575414175;0.86;0.5274501575469617;0.2;0.31145508954979506
0.12;0.4525645977071311;0.1;0.03448389783520028;0.22;0.27445388032097295
0.52;0.44573168878306446;0.26;0.3665808832854622;0.5;0.2806340396399317
0.6;0.3533164026096003;0.14;0.19748092499093453;0.12;0.3092443100423329
0.8;0.5051073392976556;0.1;0.3987462632299743;0.26;0.24288351300204922
0.18;0.4255102766481389;0.1;0.058993211285157;0.12;0.2732846968585665
0.12;0.27587749583503585;0.16;0.16135681214012998;0.3;0.2977767893678316
0.24;0.4343118469061417;0.34;0.44163595663803035;0.22;0.2935533438557741
0.22;0.3838685852833924;0.74;0.45564214655825797;0.22;0.3018340240679829
0.38;0.4107258181048039;0.38;0.41829492587449124;0.28;0.30459332067365985
0.24;0.3710353379117796;0.1;0.12133157806758513;0.26;0.26957379124173947
0.46;0.40453106615612355;0.36;0.4049099665462961;0.3;0.29463373098670875
0.1;0.6235573381883956;0.1;-0.052179967552492434;0.16;0.23126219230751965
0.44;0.35559814849143373;0.1;0.1558602384566946;0.2;0.2707224842996979
0.62;0.4186691955451404;0.22;0.3857531706710128;0.42;0.2888089817541275
0.44;0.38960037888740356;0.34;0.39302068968457465;0.46;0.302283197593284
0.16;0.21822850548844558;0.52;0.5644920739469909;0.5;0.3577558318162323
0.22;0.19734002742346857;0.28;0.25554092088292385;0.22;0.32332723242485856
0.1;0.24577441119333682;0.62;0.5469854214396764;0.36;0.30999827539739344
0.24;0.3929881067741534;0.68;0.4502142816072797;0.14;0.31263012518473693
0.2;0.18110624656338403;0.28;0.32203431836076457;0.42;0.3097445078328661
0.7;0.37799379376155573;0.22;0.4244287428685616;0.48;0.2705511766927524
0.22;0.32947740946418086;0.54;0.47272752964334447;0.18;0.31059280670491163
0.44;0.37779930838359743;0.16;0.14078775034917634;0.36;0.26376702241734146
0.64;0.3671010710345521;0.28;0.44697775977205895;0.14;0.29080772251367815
0.1;0.5422837171110745;0.1;-0.002155437412066974;0.28;0.24201499388183967
0.34;0.3218121076406037;0.12;0.1444948840829836;0.28;0.27793958235685323
0.42;0.46064734332273355;0.28;0.38854780691691143;0.16;0.28381770397749073
0.28;0.364001584854501;0.58;0.4570237989700507;0.14;0.30955391085458994
0.44;0.4155078279871406;0.42;0.4007878340964519;0.34;0.2986478187167358
0.2;0.3426824774835999;0.16;0.13983170807886536;0.14;0.2781840830005231
0.3;0.241808769318076;0.3;0.4744056361647469;0.44;0.4056820153888646
0.44;0.4357466254310963;0.48;0.40130648052159856;0.42;0.2926034442073839
0.1;0.3723377258953458;0.58;0.5037396710150337;0.32;0.270118537177071
0.48;0.43621727020039336;0.46;0.386670299420681;0.42;0.28477428960236595
0.34;0.3615858864500287;0.48;0.43696368919919115;0.4;0.3418554994128373
0.22;0.40163390449976377;0.72;0.440047811872456;0.16;0.2998594605690915
0.48;0.2767445579059202;0.16;0.1929494245581395;0.24;0.3126925643149786
0.24;0.4533279835505326;0.64;0.41202942752968236;0.14;0.2889265066926391
0.28;0.4082440336718808;0.52;0.41554184224484086;0.26;0.31054254604417475
0.34;0.42986700306330283;0.4;0.4075039698411864;0.26;0.30481985063282513
0.56;0.47021357470070113;0.4;0.38227313997835854;0.3;0.2603605642250596
0.16;0.240243890693334;0.18;0.1982111930902548;0.36;0.30766298247275237
0.52;0.3809063622743861;0.12;0.14426649505471614;0.22;0.2657649862428756
0.4;0.36855445213886323;0.54;0.4441052650287179;0.22;0.30301664462492295
0.1;0.4018064911557992;0.18;0.09683340972528776;0.18;0.257073343507716
0.76;0.3964661308230744;0.14;0.44052805408409457;0.14;0.28373790446266334
0.18;0.3215487936022535;0.26;0.17838122321994226;0.24;0.27315179836832043
0.38;0.4259497907812517;0.48;0.400549616073652;0.32;0.2997112990542725
0.1;0.22528716765843865;0.44;0.5927786896078204;0.38;0.2966592458657866
0.38;0.32949093201754953;0.28;0.18997952447701974;0.12;0.2915769835347557
0.12;0.0803673269237754;0.44;0.6359633021798049;0.3;0.3630331080429253
0.1;0.3640233163858228;0.18;0.1449002879407269;0.5;0.2190868463045948
0.48;0.35178419981870657;0.18;0.1771865617327618;0.1;0.2711610752351638
0.54;0.3527744206033794;0.18;0.2279699624963369;0.32;0.3541963916946528
0.24;0.28759751707957304;0.24;0.1946255379893546;0.16;0.2856915078123907
0.74;0.52892231377447;0.24;0.36044718377766294;0.38;0.2270534072917771
0.64;0.399765966827374;0.14;0.2489926808492797;0.1;0.3643022239526043
0.1;0.41305146615130917;0.74;0.43594106111805675;0.1;0.27687556729806373
0.34;0.3401911243681402;0.12;0.142621764937965;0.24;0.2754341642500046
0.14;0.17366633913965185;0.52;0.5738506281834385;0.26;0.36301320192001546
0.3;0.31425009670460097;0.14;0.16037076757911178;0.3;0.29494403682587245
0.76;0.42913569028036;0.14;0.41041621606464407;0.18;0.28416352901627956
0.36;0.25520098697544685;0.22;0.21548165994665902;0.16;0.2882153105553742
0.16;0.3066787187809596;0.38;0.5335543518359548;0.32;0.32027770769257674
0.14;0.2720394281473413;0.42;0.5425011369005175;0.2;0.31500780822462005
0.48;0.3367204118834664;0.36;0.4542718080602478;0.28;0.3189522363778637
0.46;0.41947979694101584;0.34;0.40258114877528217;0.22;0.2882795436674776
0.16;0.27276232171492737;0.26;0.21779513232978043;0.26;0.28870947314276296
0.56;0.504326756671472;0.42;0.3668647046868799;0.1;0.2573192821439878
0.72;0.5078021720636368;0.24;0.37955255303613467;0.1;0.26666914065527636
0.48;0.37861172028009304;0.24;0.18631152000715273;0.12;0.3155282512082823
0.2;0.30591934054346914;0.2;0.20268277274711943;0.44;0.28441943694196614
0.22;0.33509253711977816;0.14;0.16731942390925994;0.48;0.26670374875870817
0.28;0.379043933495274;0.64;0.43967625871223237;0.18;0.31248886788173214
0.1;0.30829368166738186;0.34;0.20093004268965825;0.26;0.24618140163398067
0.36;0.35866373551616776;0.52;0.44573912612392835;0.32;0.3103969584528095
0.44;0.45281073088082513;0.44;0.38994258889535216;0.24;0.28100779478607263
0.32;0.4040024412469021;0.66;0.4197543532450402;0.46;0.3098076704056461
0.16;0.1230253742180567;0.24;0.2899296194587833;0.4;0.31519800120381103
0.5;0.37740917961675485;0.1;0.15661262345067023;0.2;0.2621654017862451
0.54;0.5095352799479406;0.42;0.3507872197127608;0.38;0.25161296670683875
0.46;0.47530255559519585;0.46;0.3715907480050705;0.32;0.2609306932059414
0.36;0.471845302130016;0.44;0.3770897312511283;0.18;0.2886007764782198
0.38;0.40632327806228646;0.1;0.1175154031672318;0.1;0.2595433326032719
0.26;0.43047231582401296;0.62;0.4094070227277257;0.46;0.3133048172065004
0.4;0.30815075801491243;0.24;0.2057355858670819;0.26;0.2931746216168404
0.26;0.3567991523925028;0.2;0.15877413141933994;0.24;0.2659869982426973
0.26;0.203639166521755;0.22;0.23495585967196506;0.28;0.32377251047860073
0.7;0.5416103723727219;0.1;0.252602081418621;0.34;0.3302843813197007
0.8;0.41825157548937497;0.18;0.4285974713770009;0.18;0.2841065751008678
0.36;0.4530058943066121;0.32;0.3895128646702603;0.26;0.2932535467240487
0.2;0.3701978359499886;0.18;0.13154668634511618;0.34;0.26717787187207037
0.58;0.4018315659127676;0.2;0.4184066845721828;0.28;0.2837150796395461
0.4;0.4131595779420069;0.46;0.3954714156661331;0.22;0.2958762350749826
0.68;0.4423954361476292;0.14;0.3106433390003693;0.42;0.3416559531019
0.34;0.4487973641020839;0.46;0.38870138169060586;0.16;0.28919239276063424
0.32;0.42322522754243025;0.36;0.42548549408096764;0.46;0.3075135511556073
0.38;0.37287202273211434;0.54;0.43795677780266634;0.42;0.31216474272975303
0.3;0.2672433045126082;0.38;0.49926736424136187;0.12;0.33824052601285215
0.38;0.3316290874740905;0.14;0.16559134394544195;0.24;0.28540661858947325
0.16;0.24726648797370965;0.62;0.5304065786460198;0.42;0.35086839771749834
0.12;0.08009605500813355;0.3;0.33770224932624826;0.38;0.3099403307746351
0.5;0.3951052020367509;0.44;0.41251373335531827;0.48;0.3019541203022392
0.7;0.399239486562053;0.18;0.4224005523919015;0.38;0.27596322312893723
0.26;0.22545241727552218;0.16;0.20600592150158026;0.2;0.3003933011412038
0.28;0.3134800057669367;0.16;0.16610059494874224;0.28;0.29616399050947273
0.18;0.21233523172585184;0.68;0.5368208298019655;0.34;0.3527530925289608
0.28;0.51970166965606;0.54;0.3596719122901164;0.34;0.2913776310507463
0.44;0.4297504370886844;0.48;0.4134055459412751;0.14;0.2801138374805176
0.28;0.2738754069588578;0.48;0.47825851856029394;0.46;0.36067199955222806
0.42;0.43419953928764965;0.3;0.4056414387780358;0.1;0.2934752392770146
0.26;0.3754051896739474;0.46;0.4453471048600305;0.14;0.3143601220410258
0.56;0.3156139893789822;0.14;0.21294601585624487;0.3;0.3151638694585501
0.42;0.5100836684647047;0.4;0.3606110319112539;0.16;0.26847952898340344
0.58;0.5138877928889178;0.22;0.3584421561451623;0.16;0.24752290530173227
0.26;0.39247957715597537;0.64;0.4252064678622214;0.44;0.32045755187817543
0.44;0.48937578976177515;0.48;0.3578877989757337;0.48;0.28779971229692103
0.14;0.14587093144529406;0.72;0.584877045718283;0.48;0.3759945401339385
0.3;0.30782745594620936;0.16;0.1669515770787041;0.12;0.2778628332340357
0.34;0.47690108597548414;0.32;0.39957522427837266;0.12;0.2772878751083334
0.1;0.3029064045904301;0.52;0.5255677091198212;0.3;0.28766290087119567
0.1;0.33873832300418233;0.72;0.48838494336738203;0.18;0.29069950144078693
0.56;0.42425312799285825;0.36;0.37847805373877413;0.48;0.2842980169701806
0.1;0.3276882579430565;0.16;0.14725861049384412;0.5;0.23685213961937204
0.46;0.37998263152248046;0.36;0.3945878866468157;0.44;0.31741037009144246
0.46;0.35927708782981715;0.1;0.1505414612643573;0.16;0.2682444965741456
0.12;0.20603324746972027;0.28;0.22500352922915784;0.2;0.3012899349470355
0.46;0.38423793740279116;0.2;0.15853792292572375;0.22;0.2650657691200497
0.32;0.35649383142219054;0.14;0.14444115945762478;0.16;0.28029261259945604
0.12;0.20234780872324298;0.22;0.2283682713729886;0.36;0.29080273183399746
0.38;0.4562826422806972;0.56;0.4032624434396387;0.16;0.266023700497505
0.34;0.472401579341834;0.62;0.38214407679366147;0.44;0.2876327041260285
0.16;0.46007217442900583;0.1;0.054127402760524246;0.28;0.23806714547685875
0.12;0.1449529551826032;0.76;0.5879864566200821;0.32;0.34868756225010766
0.26;0.0320068742096804;0.3;0.5772522525863092;0.48;0.4379487718706074
0.52;0.2590809711910636;0.12;0.2148121956052209;0.28;0.3028676911327759
0.74;0.42534870876037495;0.24;0.4116146353586273;0.34;0.279373647597748
0.34;0.43803605022476383;0.46;0.4037998376077392;0.18;0.29466182740057567
0.52;0.3815278286226227;0.42;0.43167585667205843;0.22;0.3010291657228664
0.26;0.33109721387649554;0.42;0.47752734571191147;0.18;0.3335952434742898
0.58;0.35230303060098933;0.2;0.40387695956914305;0.4;0.3229979648492922
0.56;0.4329858915738088;0.22;0.3893238414507171;0.18;0.2866927503240264
0.28;0.2555098377582328;0.22;0.22373539743111023;0.38;0.32094231360522907
0.1;0.276613672430648;0.56;0.5444142492581088;0.42;0.29229653805295697
0.18;0.33087089949217474;0.42;0.4760499664744918;0.1;0.3184551917569669
0.14;-0.4009443024939957;0.36;0.6927653089597909;0.48;0.4444788877472028
0.42;0.5138666675392795;0.42;0.3673546559536168;0.12;0.26252568023562206
0.1;0.23688995472756474;0.82;0.563562393402139;0.5;0.3049917550498441
0.32;0.35457271362723297;0.42;0.4351924303147975;0.38;0.3305179439887197
0.72;0.48602147641057575;0.2;0.38297549628951444;0.2;0.2683795067918068
0.3;0.48243350884198277;0.48;0.3788700355140842;0.38;0.29309535269861364
0.22;0.3364947391810441;0.44;0.4758539993464777;0.38;0.32472999106964723
0.26;0.31943408289541647;0.36;0.4857300712601853;0.34;0.34677435296988923
0.1;0.44468997008583944;0.56;0.42878488917831564;0.12;0.27535152555438547
0.54;0.27719757594640415;0.16;0.24490208940169408;0.12;0.2927233508168961
0.3;0.33338853255397255;0.38;0.4633358780924064;0.26;0.3243188393926521
0.24;0.40089738684011567;0.7;0.4214732411243548;0.16;0.3120288591549245
0.14;0.12141818914507274;0.84;0.6132846257749063;0.5;0.36795393739217713
0.38;0.3332895366958788;0.54;0.4467804027617931;0.3;0.31974418580703934
0.14;0.15563516734748023;0.42;0.6011358934839864;0.26;0.34626460809410475
0.66;0.40875338855131094;0.24;0.4141685387784779;0.34;0.28130914469681345
0.38;0.355358108496455;0.24;0.18533370054618686;0.32;0.2876860213313467
0.24;0.19223961660053884;0.2;0.27939473283063926;0.5;0.32156532383412695
0.76;0.4290293442020384;0.2;0.42758243374433336;0.3;0.2821299885193668
0.52;0.4364493818207198;0.34;0.3970394197503221;0.4;0.289241555540886
0.28;0.39531554235681793;0.64;0.4340799958099541;0.34;0.3036654002968827
0.82;0.4824806127359168;0.1;0.39500157584348694;0.2;0.2550832630869627
0.34;0.49349780627615236;0.36;0.38913257395226497;0.32;0.29724315475661245
0.18;0.2800091215764485;0.54;0.5101286036761217;0.34;0.3358690440473822
0.22;0.011492045294676068;0.32;0.601270524080161;0.5;0.4102154203337002
0.54;0.4369939576103137;0.22;0.374146499946866;0.4;0.29529379185735877
0.86;0.42468360157498974;0.1;0.41833706362172496;0.1;0.26187710464705627
0.44;0.4214418552137031;0.18;0.11835339510919946;0.2;0.26624586924301086
0.56;0.500569896323193;0.34;0.365349447723909;0.26;0.2686125560918472
0.66;0.4002137596486348;0.16;0.36782749326104325;0.2;0.3604404927530186
0.24;0.3125416083504283;0.5;0.4744204932416935;0.38;0.3463061062695217
0.38;0.4266983992953525;0.52;0.4013791564668184;0.5;0.310608408021133
0.54;0.2970444725018836;0.12;0.210752397337438;0.16;0.289952139952125
0.32;0.31083896318476983;0.34;0.4683256277988126;0.4;0.34722625297770937
0.12;0.1954550328915548;0.82;0.5704985177990352;0.38;0.34600734692033047
0.26;0.42574437910413965;0.46;0.42217987190781925;0.2;0.31179288775392233
0.6;0.42863362376320374;0.24;0.378725511168294;0.38;0.2787924663262716
0.34;0.35992534705622253;0.12;0.14447236777329342;0.36;0.27510723063403064
0.28;0.2636751199799179;0.4;0.5090674451315166;0.2;0.3484566854826142
0.44;0.493283151781677;0.32;0.3792572733154822;0.1;0.261643002395059
0.56;0.47398941896523644;0.3;0.3711889530407783;0.16;0.2643481435594027
0.24;0.2810254487294367;0.22;0.18717814386473658;0.16;0.2749934839991859
0.66;0.5067990116385304;0.32;0.37234063679242124;0.3;0.24033006162120088
0.68;0.5365260661564788;0.1;0.1244446180944217;0.36;0.3855419929089704
0.44;0.4364129060849808;0.32;0.390947054463166;0.18;0.294046450434746
0.28;0.4380250368263648;0.62;0.41065198651271884;0.14;0.299354397579207
0.1;0.2954604903244945;0.26;0.20757422665375602;0.46;0.23904734083094348
0.38;0.3717286538910132;0.42;0.4229570729881603;0.16;0.32042122706505927
0.32;0.42887204758113623;0.42;0.40778230380829966;0.16;0.2926307887779293
0.14;0.33445061545455157;0.2;0.1270669518861593;0.14;0.27303341773424145
0.7;0.43654145969518493;0.1;0.31068520075949585;0.28;0.3833737434903267
0.2;0.36424693566382726;0.76;0.4594348959200244;0.34;0.31326746393741645
0.14;0.3275690138421454;0.7;0.4766570632984003;0.1;0.2944646312911813
0.42;0.41363258361668226;0.34;0.4096454834085941;0.3;0.30788221431910856
0.22;0.34113811423992374;0.56;0.46256748267299386;0.42;0.331556857960225
0.18;0.2824177816662229;0.8;0.5165572172693018;0.32;0.3395155873342284
0.7;0.4266614911009907;0.12;0.333280144989613;0.38;0.34037072258974854
0.54;0.4173847642268439;0.34;0.41244340077515274;0.34;0.2835462946628097
0.12;0.15064381421561918;0.38;0.27871702565896583;0.22;0.3085028722396937
0.5;0.38499451085489517;0.3;0.41359610599305985;0.18;0.30386733923173026
0.2;0.2712182923265771;0.58;0.5048255985682075;0.42;0.34412747631528573
0.22;0.3215225354016591;0.28;0.1773402672807971;0.18;0.27942187475793856
0.12;0.06742523932278005;0.26;0.31837390378405667;0.46;0.30735655015133523
0.34;0.40541790344455936;0.5;0.4251122794732966;0.32;0.3144993627020466
0.36;0.5234435376836557;0.62;0.3650123305910359;0.14;0.2521692870285684
0.12;0.14666470638869228;0.5;0.6091449357068062;0.42;0.34876251103070877
0.62;0.3835037946610412;0.22;0.43528367200550955;0.22;0.2962520450596155
0.68;0.466710967859297;0.2;0.38755854057017525;0.22;0.2605318021918817
0.3;0.4391957002248208;0.52;0.40288878127740557;0.4;0.31665579699363827
0.14;0.046064692668951746;0.32;0.3522971001755595;0.32;0.3363577494366585
0.38;0.44152946133349186;0.38;0.3978942258856124;0.24;0.2897718148508512
0.4;0.4077017531860121;0.58;0.4196507749283289;0.2;0.3011179297384324
0.34;0.4429663941252075;0.54;0.3979399877396124;0.44;0.3017578803262788
0.16;0.3148127371351498;0.54;0.5013366813358398;0.34;0.31570609946179407
0.16;0.28155609986711727;0.52;0.506721693008374;0.12;0.3200161592545393
0.12;0.31434551792064036;0.1;0.1195257474988263;0.3;0.29886258296007717
0.28;0.3238693677853058;0.22;0.20433476684021698;0.4;0.2893903383729947
0.36;0.40576492568359224;0.1;0.11991862078229829;0.34;0.25403429053953286
0.64;0.5521267645560476;0.32;0.34414999984380257;0.42;0.2332580160115151
0.16;0.3941756235655582;0.48;0.4548463006485623;0.14;0.2993130945540848
0.26;0.30469526947804304;0.16;0.18550142546765672;0.38;0.28483770562594823
0.2;0.37289682120240175;0.1;0.12094234194086143;0.5;0.26928921088596414
0.34;0.3358987159327235;0.44;0.4452998404859981;0.32;0.3295212203130012
0.44;0.565884265569779;0.22;0.24676146017482006;0.48;0.3322271687178402
0.3;0.2912622247919019;0.32;0.27316660567299966;0.28;0.32883843275503766
0.48;0.3436084164072212;0.16;0.1610795311190497;0.48;0.31519694232113027
0.16;0.2798893425552901;0.24;0.18728827689311056;0.16;0.29747305000054436
0.36;0.29075136932381485;0.18;0.18338936682345564;0.26;0.301865008679997
0.62;0.4616717870500051;0.24;0.3689103606515909;0.48;0.28156110022144454
0.34;0.40804720615281964;0.6;0.4229828669874562;0.44;0.31071153315827194
0.24;0.39193143712493533;0.38;0.4480237520856256;0.12;0.30591480323281617
0.7;0.35003425953224293;0.14;0.3848218036243744;0.48;0.3490357119261717
0.4;0.3753762236472916;0.34;0.43096662510470474;0.44;0.31958006873847666
0.8;0.4288002307548836;0.12;0.44962666162894116;0.46;0.25703019137926575
0.28;0.31056803842619307;0.16;0.16858164180457802;0.34;0.2835489802791885
0.28;0.47135728761175394;0.36;0.39247056311331774;0.1;0.27416824754072044
0.12;0.36896862686096865;0.78;0.46341956301161924;0.22;0.2862798464500945
0.42;0.21518313287717933;0.12;0.21626735511481812;0.26;0.3112334354425589
0.22;0.3687592579196546;0.58;0.4615489604144405;0.3;0.32114356571782443
0.38;0.4072996950967769;0.36;0.41879215083398197;0.12;0.30278352213547055
0.46;0.42323766308680844;0.5;0.40974886133203503;0.1;0.2873269024877409
0.66;0.49237089276107254;0.14;0.31570230398428717;0.2;0.35082853482462056
0.58;0.3965707054685603;0.34;0.4235548693751755;0.26;0.2824784081534813
0.46;0.4530190045035577;0.18;0.10964932187252216;0.44;0.26901566554934386
0.26;0.32985123033405894;0.46;0.4749402414943047;0.5;0.34631740329273564
0.8;0.4425978290183833;0.1;0.4244855033999071;0.14;0.2744495490553104
0.4;0.4230927387991018;0.52;0.41271888400458123;0.28;0.2906448997544856
0.44;0.4333964977076902;0.42;0.39273931890182956;0.32;0.2750942102948454
0.16;0.12592975743374069;0.42;0.6151774226552825;0.42;0.3707789844529205
0.44;0.4301260521754688;0.3;0.413750278913392;0.1;0.29080494688434133
0.2;0.30220513069070076;0.3;0.19046160380144583;0.2;0.29088534769741026
0.46;0.3832729353113539;0.3;0.4014946567975906;0.4;0.3193650816057971
0.28;0.3091197297480091;0.16;0.18012707853992715;0.5;0.30454683769109236
0.16;0.32657293678247357;0.16;0.1421402660259352;0.28;0.27492944527127533
0.22;0.15246817070915325;0.34;0.3763451702798523;0.36;0.3537277470432253
0.1;0.28695269374511345;0.78;0.5048145656883161;0.16;0.30202705871692936
0.4;0.3078568279810718;0.16;0.17103211590134226;0.36;0.3049997597379774
0.46;0.4069001388788406;0.52;0.3934531793854388;0.5;0.3036666495391819
0.12;0.33416858475713757;0.74;0.4785071117293448;0.26;0.2983187978539882
0.26;0.36710791339351584;0.4;0.4607465711568348;0.18;0.3131798538146867
0.18;0.21132541230400465;0.34;0.27861842129746683;0.28;0.31038345554293956
0.26;0.43767649429630456;0.66;0.41254677493492653;0.36;0.3005332626227205
0.36;0.4936311351796462;0.62;0.3863122349833723;0.16;0.27037567227912573
0.4;0.4280159073707345;0.42;0.4067133647198409;0.18;0.3021299208059013
0.16;0.27249286601566947;0.56;0.525590320797277;0.36;0.34808266323105486
0.48;0.46071766216009674;0.4;0.36984384643695156;0.42;0.2722650878320746
0.12;0.2813283199970071;0.66;0.4929447253407997;0.12;0.32037188178566467
0.7;0.3528942508831343;0.12;0.35722157001111926;0.42;0.3572201241641164
0.46;0.4083583826298092;0.28;0.4179712844710982;0.2;0.2867797963878943
0.26;0.38813796660335664;0.68;0.4366297486730616;0.44;0.3194286831004613
0.4;0.3622015153457523;0.3;0.43726263061746806;0.34;0.32000432408464585
0.64;0.5250805826945044;0.26;0.3599674066469357;0.14;0.2535915679666758
0.72;0.40147028080261815;0.2;0.4252156342553205;0.38;0.27480801793855797
0.18;0.23316440771165886;0.3;0.2460316404530482;0.28;0.3085472800438144
0.36;0.2545265022724156;0.24;0.28725739850741516;0.42;0.3602232369705091
0.44;0.5922010348866955;0.22;0.25040313181970697;0.5;0.3315661603317784
0.52;0.45113736556313244;0.2;0.25628945506634665;0.36;0.36360314733330934
0.12;0.20759029221664993;0.34;0.2248122752624891;0.12;0.29501877670810595
0.44;0.42143707735765534;0.5;0.4134527356145624;0.1;0.28577505369164624
0.5;0.4037851248872328;0.34;0.40613341340953035;0.3;0.30932312424237274
0.14;0.27281187376180305;0.48;0.5391624018136939;0.4;0.332351273826677
0.2;0.3240593567849814;0.2;0.16331762896472768;0.18;0.2772776725062339
0.38;0.42374054615842177;0.46;0.3980481409416263;0.3;0.30541496243339566
0.28;0.18729330799654764;0.26;0.3851322930930433;0.48;0.3749094013175479
0.86;0.49879653483483566;0.1;0.37383609823063724;0.12;0.26061254466772416
0.36;0.3899718856671877;0.62;0.42249736112699615;0.3;0.3074543608765574
0.18;0.3648000451204545;0.16;0.12343962965010424;0.2;0.2716943372193743
0.16;0.308992728162806;0.72;0.5022289594152304;0.2;0.32240948286682547
0.12;0.03348850346640603;0.36;0.3703538918261794;0.32;0.30911874305595055
0.66;0.5417535022402182;0.24;0.32807448134092043;0.42;0.23442628746707764
0.1;0.24296754073833954;0.76;0.5324155725451939;0.32;0.3188809986138601
0.16;0.2960042944804618;0.16;0.16316518313598496;0.38;0.278395122041374
0.36;0.29230601473950774;0.24;0.19448008518318294;0.14;0.2918580410186961
0.46;0.42704128521952267;0.36;0.38451925749639715;0.5;0.2991401994463827
0.3;0.3346303189490913;0.4;0.4601797277501806;0.16;0.3257214957159196
0.56;0.4795613420392254;0.34;0.36199776134273626;0.48;0.26288999168350113
0.8;0.40992222020255115;0.18;0.43402612565929033;0.2;0.2757594921748939
0.16;0.25367962589578136;0.4;0.5458930137625237;0.32;0.32366088424324946
0.28;0.3502894372523424;0.28;0.17041820939300556;0.18;0.2831327472648249
0.54;0.41731445838258463;0.28;0.3931501375177674;0.32;0.29771348620400057
0.54;0.43729153133384135;0.3;0.39600987847432123;0.32;0.29196507339223443
0.48;0.38936649157668207;0.34;0.4083029155736476;0.34;0.31268413296498365
0.24;0.39239398352612265;0.58;0.44852110511048776;0.5;0.33024775247465665
0.2;0.26564414556578125;0.22;0.22059056819178674;0.36;0.29803427927387505
0.24;0.37520813076629056;0.52;0.43618080859151726;0.3;0.32059470224956527
0.64;0.48820136447640844;0.32;0.3613000214796076;0.5;0.2418794345163044
0.24;0.4329676481773527;0.62;0.4161769576391211;0.32;0.30527268644774513
0.62;0.47204593860797134;0.34;0.3818024577795013;0.38;0.24610570409132254
0.26;0.23812868871739895;0.12;0.20011080809133464;0.5;0.31863216923910503
0.76;0.439108757611264;0.22;0.4424528127005717;0.4;0.2679287352071961
0.28;0.4027943872556402;0.42;0.42914572209580704;0.48;0.32265744721966566
0.28;0.43731992547870696;0.46;0.4177112764804952;0.46;0.3058795434755589
0.46;0.34836001016998075;0.46;0.45009585254866646;0.16;0.30401887862424537
0.1;0.31812498625739627;0.76;0.515259195385237;0.44;0.29531673367258027
0.12;0.15143476059621494;0.3;0.27767232110248746;0.3;0.29510530708308524
0.22;0.3979711099366177;0.68;0.4475854654147591;0.36;0.2953765092194139
0.3;0.39656205559655233;0.66;0.4366188175181376;0.36;0.32798673761223435
0.26;0.38059924643932797;0.52;0.4393058703978424;0.34;0.32272901478487326
0.38;0.4330221681832928;0.48;0.3882300287313388;0.42;0.3036380448538144
0.44;0.4022211725438262;0.34;0.4133057390881271;0.14;0.2870284847479321
0.32;0.47468897530403764;0.46;0.3819952914879611;0.3;0.27872787057937204
0.74;0.5102749739417392;0.14;0.3737471904708015;0.32;0.2500187794723401
0.66;0.4181070333713982;0.2;0.40128350902656634;0.22;0.2849808445427465
0.4;0.4298490951206626;0.48;0.39757962840916206;0.4;0.2855717261793156
0.36;0.509982105486225;0.5;0.35639543595900214;0.38;0.27016830774334755
0.66;0.640997803161773;0.1;-0.04835404011437611;0.46;0.2871668854766743
0.38;0.3856901756360061;0.6;0.4298242687924842;0.42;0.3051676634131726
0.6;0.49056321849484413;0.34;0.3709422452951347;0.18;0.2625490109735844
0.6;0.5063281845930139;0.34;0.3485007091082739;0.5;0.24707771732725967
0.38;0.3674647819241441;0.46;0.4377744834148626;0.34;0.324911332815754
0.3;0.24182519805299452;0.28;0.2793278519132941;0.34;0.3438340086533236
0.36;0.3368017330981836;0.24;0.18416533257168985;0.28;0.28467911433360105
0.14;0.08751005008966437;0.34;0.3401123844494177;0.3;0.3145919411123899
0.28;0.35699049758324763;0.7;0.44256979946874053;0.36;0.321026029873136
0.36;0.36984237313180746;0.12;0.145735305244924;0.48;0.26768075415541914
0.72;0.46320543368103295;0.26;0.40174718082085825;0.14;0.25990381701094856
0.68;0.3501731071756691;0.1;0.2543174396846759;0.12;0.3701622926031717
0.16;0.30342498176291294;0.26;0.18896462591598112;0.22;0.27849958607560865
0.14;0.14069143547829258;0.32;0.2856723965024075;0.28;0.3195834120106791
0.5;0.418675568141956;0.42;0.4120970810418719;0.12;0.27238830412589915
0.32;0.4421390863924259;0.5;0.40260953382391146;0.24;0.3021916652186517
0.4;0.34875113636069976;0.18;0.1755453800605721;0.44;0.2833488001542129
0.36;0.31438216446172135;0.2;0.18777689335357522;0.38;0.28408233723560306
0.38;0.3579690663452758;0.44;0.4346110269225467;0.36;0.31141147086614185
0.86;0.5153783642433889;0.1;0.3971686617049275;0.48;0.2334006683028482
0.52;0.38259042444264857;0.24;0.4090827195649659;0.32;0.2993205111366911
0.3;0.26492944323901135;0.22;0.20346561493661983;0.24;0.31490820432426947
0.2;0.3859172381781336;0.12;0.1154048770741603;0.26;0.2659238303793381
0.68;0.453020960580934;0.24;0.40229279106037696;0.22;0.26663925439500913
0.1;0.2464430820551431;0.54;0.559517087484461;0.36;0.3108796608725004
0.48;0.44485193962955216;0.34;0.3964776166797307;0.24;0.29080379604898526
0.16;0.03824643131849187;0.32;0.3628553538236569;0.34;0.34668988615584606
0.68;0.47955818787798893;0.24;0.3712626347748689;0.24;0.2658490276229528
0.24;0.3578765899726646;0.7;0.4644472289084097;0.4;0.31706065668926164
0.78;0.3528058007101266;0.1;0.4473266223695387;0.42;0.3320602855285161
0.26;0.2222574917710391;0.42;0.5229843132912182;0.44;0.3737874253178585
0.38;0.4117684113051761;0.44;0.4011046981781071;0.2;0.2830907928753809
0.78;0.38621920378336694;0.18;0.46601770748179433;0.32;0.26250981761291475
0.52;0.3191723468794852;0.1;0.19235212399878504;0.48;0.29121482847407126
0.8;0.5038318671901968;0.12;0.4090934622368641;0.44;0.2228443755739687
0.5;0.4038091286862882;0.24;0.41281607521221897;0.24;0.28336180676888056
0.44;0.30776217781974724;0.22;0.1928467044588533;0.12;0.3055603412778674
0.2;0.3688996309308954;0.22;0.14374809013188997;0.18;0.2743654466105555
0.24;0.454540650354473;0.36;0.4185652022017985;0.18;0.2812845206399837
0.46;0.3955673438561514;0.48;0.42724175947519183;0.22;0.3051362919486686
0.44;0.3999992257638163;0.54;0.4124624454975411;0.36;0.29643654601968183
0.32;0.3825024947384905;0.12;0.13584052272187014;0.28;0.25450915687428854
0.38;0.3892996027357085;0.46;0.42257831275179464;0.14;0.3065361376623977
0.2;0.3466228959112038;0.58;0.4602351168869692;0.28;0.31236945205986266
0.66;0.47877004506224663;0.22;0.3961373399124546;0.14;0.26201811286037546
0.24;0.4727977900939621;0.74;0.40374919341504334;0.1;0.2724171571436659
0.6;0.4218784212881092;0.24;0.38264590078171645;0.48;0.2773249635554589
0.4;0.248630989687731;0.16;0.21405018143723678;0.18;0.30195907518852483
0.2;0.3898200183839639;0.74;0.44753630543718453;0.26;0.3068170982223225
0.24;0.3464278391759231;0.18;0.14401590953041665;0.1;0.26735156609900124
0.14;0.31204038034210246;0.14;0.1597328749252217;0.46;0.27420152588573343
0.46;0.39688194047374453;0.26;0.4065392976258504;0.32;0.3043903819256617
0.36;0.4826695570410509;0.48;0.3752764539523116;0.2;0.281592052379546
0.24;-0.028666983423173087;0.32;0.6032515017780228;0.46;0.43032630779789044
0.38;0.35789339988550295;0.32;0.43764623521713364;0.12;0.3004777300395357
0.58;0.4802157931596125;0.38;0.3867738754758767;0.2;0.2625519784711578
0.14;0.19547963112118213;0.28;0.23075443101869542;0.18;0.30844601217737083
0.32;0.42093579014077537;0.6;0.4143544314155765;0.2;0.3026010703986636
0.22;0.4571628322666484;0.76;0.41063456031298134;0.16;0.2720162816571612
0.1;0.37390300230148643;0.4;0.5117058836713907;0.28;0.2579897676087153
0.68;0.4972420021054864;0.12;0.29112969956215184;0.2;0.36403476842797705
0.48;0.32940492854859726;0.16;0.19585719650577807;0.38;0.28382723317358716
0.3;0.38869115885473265;0.56;0.42306184217543086;0.38;0.32168729739699
0.34;0.3887416167724778;0.18;0.13836426480350367;0.18;0.2641784792507644
0.32;0.3169844875906004;0.1;0.1508154711575082;0.4;0.2869926683662495
0.62;0.39905961346603347;0.18;0.35517950493385436;0.34;0.3655553223857445
0.54;0.4483378556970227;0.24;0.39405175671907433;0.16;0.28289771071711667
0.38;0.40353361548291317;0.54;0.4302723399116013;0.18;0.29300067202751945
0.32;0.30831174676815637;0.26;0.18904094538657573;0.18;0.278235746984489
0.34;0.3208742098776631;0.14;0.16232774680311268;0.36;0.28339397404153116
0.56;0.38952760658519725;0.34;0.42167485331136656;0.3;0.29840182960545003
0.7;0.4177540981803072;0.12;0.3376457990609679;0.34;0.3544082668340042
0.3;0.30901788141425696;0.22;0.1787438439339923;0.16;0.27901739146602894
0.58;0.36673459798174063;0.1;0.17061413915641618;0.38;0.2902799128947642
0.26;0.25281949453752195;0.32;0.22672784584429193;0.18;0.31058062949126586
0.26;0.4387725508012806;0.54;0.4005662729716861;0.1;0.27382730697140056
0.12;0.07421238729415047;0.58;0.6480835797989508;0.48;0.36776313136197963
0.18;0.27592588174179045;0.14;0.1768759674583265;0.3;0.30160523648778004
0.64;0.37337184481845953;0.18;0.41398320558688706;0.38;0.30836265675040475
0.54;0.41074412037381025;0.38;0.40651936929438676;0.28;0.2871722119128428
0.36;0.352339092772179;0.28;0.18478795683677912;0.2;0.28183885184743684
0.36;0.3965766219095005;0.54;0.4166477250961005;0.44;0.3253762949073954
0.18;0.34375140407946503;0.6;0.47508436737001614;0.3;0.3298102148670621
0.36;0.42254636013354563;0.62;0.409199502455283;0.42;0.2875296904888093
0.12;0.06908798851403508;0.4;0.6443516767175411;0.22;0.37074980188743833
0.1;0.41049830062818204;0.12;0.08027176163335714;0.34;0.2594423268260236
0.12;0.20763342723066913;0.8;0.5688435707954049;0.26;0.33158350427553696
0.22;0.24955084932377963;0.3;0.251472404801774;0.28;0.3040072711357933
0.34;0.39085282524030257;0.52;0.4221108916058041;0.36;0.31368038369610546
0.1;0.12391339995827125;0.38;0.3942659754583182;0.5;0.23664177864163277
0.32;0.2754392044126142;0.16;0.1844921910957129;0.14;0.2840199822280705
0.64;0.4076554846328615;0.1;0.14751759203327414;0.4;0.3005286789891165
0.32;0.4187876411574665;0.44;0.4122609213904633;0.1;0.30147505160589994
0.26;0.2564451102798985;0.44;0.513877114602461;0.24;0.35478655372639495
0.64;0.46339766813552247;0.24;0.3685198224213655;0.44;0.26388944009414006
0.3;0.30993256386419177;0.26;0.2151591782047704;0.36;0.30467664306070374
0.34;0.41862735319586886;0.64;0.41179682232803305;0.36;0.2954260488220814
0.7;0.46008635219336735;0.16;0.38720724674079976;0.32;0.27031614029862827
0.32;0.2601538427608111;0.3;0.2449285086013927;0.24;0.3178015770075025
0.46;0.4852066726069771;0.34;0.33842991163935016;0.5;0.28498141402055305
0.22;0.4017849100686711;0.46;0.4383408764797987;0.12;0.2892676996559524
0.32;0.36914727770691225;0.32;0.4407060855472984;0.32;0.32365776642156213
0.2;0.35818162758341693;0.46;0.4669206794097268;0.1;0.3058953368331501
0.16;0.20453370949252636;0.76;0.5569522902473041;0.38;0.35561209177812525
0.1;0.34814432197747736;0.68;0.5044929803829272;0.3;0.2674140224601473
0.38;0.4405297461575913;0.32;0.3937096338410446;0.44;0.3137107742948725
0.32;0.35105039474101946;0.14;0.14685516576468197;0.46;0.2719548209692437
0.22;0.27986660703386823;0.66;0.5036824706356158;0.2;0.3440896338910584
0.5;0.39000636642521136;0.36;0.42083304560750134;0.28;0.3021263182989685
0.1;0.4205341110649227;0.68;0.453332054698614;0.22;0.26317857606791795
0.24;0.37487479772905735;0.42;0.45966026785016756;0.2;0.30649589615895934
0.34;0.38892475392422227;0.64;0.4346808625272909;0.22;0.3142932937004156
0.36;0.41993328608301117;0.56;0.41445784113352235;0.16;0.2837716747589908
0.16;0.17606240393597775;0.34;0.28114654174290776;0.22;0.31878251249497813
0.28;0.40505808070621924;0.66;0.4327756076369922;0.22;0.29514215935996657
0.46;0.4428481484051425;0.36;0.36687497141587566;0.48;0.30210964891065883
0.2;0.28715297666971024;0.12;0.15433696956336904;0.2;0.2969355063625344
0.14;0.3430116002554533;0.54;0.47430758756339797;0.1;0.2945107736121331
0.24;0.3272697584180347;0.7;0.48802990251683465;0.2;0.33792193807469606
0.52;0.4092779368926191;0.24;0.42580408126294667;0.1;0.28932751866204776
0.12;0.19175353419853913;0.54;0.5822585719995624;0.32;0.33135079213389995
0.14;0.39585738544223065;0.16;0.09208607472732294;0.24;0.25970350833265365
0.14;0.1943056564034864;0.52;0.5817752006152414;0.5;0.3507331531353829
0.72;0.4419729024958356;0.14;0.4014792714919748;0.38;0.2786627742270826
0.58;0.32484510864695304;0.16;0.22716065180939576;0.2;0.31971647077894305
0.16;0.3220409060894722;0.16;0.15772375556201046;0.44;0.27626024095047486
0.38;0.32002702716572345;0.46;0.45257772243831873;0.24;0.32734270637335483
0.52;0.45570471461889916;0.42;0.39039072332727925;0.4;0.2759497569320115
0.26;0.21793053173204682;0.18;0.21275458777184708;0.14;0.30347665671731217
0.16;0.21920196233981043;0.42;0.5702603711236871;0.26;0.3410526226471355
0.3;0.3360751758610851;0.14;0.14664990061732494;0.12;0.2793771932542972
0.18;0.18606537949033747;0.36;0.3045081184776146;0.3;0.31766964323308355
0.42;0.3819188938826842;0.3;0.41063036321442214;0.36;0.3064426201363505
0.36;0.41237490099622;0.42;0.4181468105495464;0.1;0.3012820005568952
0.62;0.4598352346646579;0.34;0.39788233541354356;0.22;0.2815492574213594
0.2;0.4917027198401913;0.48;0.4019431566606477;0.26;0.27247749248951325
0.52;0.39054842009665636;0.28;0.4034445740755986;0.38;0.3055766299355964
0.62;0.4386391742704129;0.26;0.38070249820012203;0.5;0.2629633477773209
0.22;0.25958961860936464;0.26;0.21059360888119355;0.2;0.2848282453844466
0.1;0.37106546319650774;0.66;0.47140151777667505;0.12;0.27379769553134026
0.44;0.2906665103950182;0.16;0.18526957621633738;0.12;0.2747693277287231
0.5;0.44328867870178007;0.38;0.4126671106008023;0.14;0.27443214940080546
0.12;0.2887346868282843;0.6;0.49691453722362566;0.1;0.3163958231995076
0.14;0.17304730266655083;0.44;0.5712958855181262;0.28;0.35476551732236006
0.1;0.3098140660034348;0.56;0.5379514363372617;0.4;0.28189555273415684
0.3;0.3584477919155265;0.28;0.17098667055711878;0.18;0.2944400988285042
0.2;0.39971574700019324;0.44;0.43955667669025633;0.12;0.29446067835956014
0.24;0.27273572724863165;0.34;0.5167445330394658;0.4;0.34890715501729114
0.62;0.5447163316191362;0.16;0.21762831211259603;0.18;0.37284413721637816
0.46;0.4236837616453475;0.44;0.4059416131728909;0.28;0.2790733806971978
0.1;0.34556179257999303;0.8;0.477235581911269;0.2;0.27481466558675793
0.28;0.4596949608851985;0.42;0.4048030875217711;0.34;0.30156283120492344
0.32;0.39884789622162986;0.56;0.43295968224669135;0.12;0.29739105171829716
0.56;0.37308358092938115;0.32;0.4118303231531627;0.36;0.3051562527577894
0.12;0.3263218695584156;0.22;0.1474481808815581;0.26;0.2583832627735556
0.14;0.2103577222955792;0.66;0.5524854877142649;0.48;0.357990485334973
0.12;0.23073754238775301;0.82;0.5398204855389538;0.14;0.3313819356389188
0.7;0.5490066518873664;0.26;0.34153619131453455;0.48;0.23007261923298494
0.28;0.4393332781121589;0.64;0.4121708989053058;0.28;0.2922065608214498
0.56;0.37264825246432837;0.36;0.41547746776009636;0.28;0.29921701091199104
0.3;0.3597005990508438;0.16;0.15110125011943548;0.36;0.27310658244084085
0.22;0.4234398696102785;0.44;0.43918116479873537;0.22;0.3084962582642695
0.28;0.45176776699387394;0.52;0.396928003339967;0.34;0.3083842610239671
0.26;0.3755867275628637;0.52;0.4360310808109872;0.28;0.32790081779317837
0.1;0.29298961817823327;0.6;0.5299021153088458;0.32;0.2993438273725523
0.3;0.44485709751962016;0.42;0.40677540617605445;0.1;0.28477659440982184
0.1;0.2801314479241689;0.22;0.20249157945656543;0.46;0.2387337955011647
0.16;0.16546251800511258;0.2;0.2677073818393371;0.48;0.3180809628956027
0.28;0.3786538026296429;0.54;0.43115223859301016;0.44;0.32349059603578173
0.38;0.3308513261666448;0.24;0.3496380575606864;0.46;0.3730963586309308
0.76;0.4582689096918629;0.2;0.41977576272175426;0.42;0.2416178027518459
0.6;0.4555579813673168;0.22;0.37172352545172715;0.22;0.28868756826356956
0.84;0.5194350422193215;0.12;0.3956544111433222;0.5;0.2105134005856819
0.34;0.3456760039027748;0.18;0.1584786438755087;0.3;0.27651380347287136
0.14;0.2856972360574736;0.52;0.5000509188179271;0.1;0.3247154791903554
0.22;0.41310148565714133;0.44;0.432724144030859;0.18;0.3042429940709803
0.18;0.17689178490949636;0.44;0.5664077501054481;0.22;0.3631152577445034
0.28;0.3833404451997969;0.58;0.4371947844311973;0.16;0.311022381275998
0.36;0.376191342841061;0.26;0.4236843758495464;0.5;0.37393617671674495
0.5;0.28124026074113445;0.18;0.22048759552221397;0.12;0.30376680699040715
0.24;0.4388005413947702;0.74;0.41274622930141147;0.42;0.3010129265156888
0.22;0.33237032050784576;0.72;0.4762391971905492;0.38;0.3201191818027871
0.2;0.41943921311163906;0.56;0.4280196160087548;0.1;0.30141667968633173
0.1;0.3733945215314927;0.58;0.47675555323366137;0.18;0.2734337616447534
0.14;0.4652756407709193;0.14;0.0455824433969072;0.14;0.24959958034034851
0.2;0.17509064836010363;0.28;0.3378075780974701;0.44;0.3315477335217116
0.12;0.1173393549016647;0.36;0.30931265841888633;0.3;0.2960619441280088
0.46;0.41219926946811386;0.52;0.4014488787998651;0.48;0.30148529340646
0.82;0.45595985890065477;0.16;0.4326191978421243;0.38;0.23531431873059425
0.16;0.25257220474468856;0.12;0.17303578575845538;0.42;0.29752213687661155
0.38;0.4063929904680623;0.4;0.40986982693494184;0.42;0.31753740018491194
0.72;0.4858763233032733;0.16;0.3844051876716634;0.38;0.2615959572244486
0.28;0.3709126836073878;0.56;0.43983889573472085;0.44;0.3125445682539688
0.38;0.38854628386890333;0.5;0.4238492857262567;0.14;0.3111701279894312
0.82;0.3961339545210664;0.14;0.45665104496068665;0.32;0.2698718609776067
0.32;0.3922505011231632;0.36;0.42802292077045145;0.36;0.3255240014408446
0.28;0.32973234203869617;0.4;0.4688489897718978;0.38;0.3379714956857064
0.12;0.20878224140526613;0.8;0.5559201527340336;0.32;0.34376960966188685
0.32;0.34859144872563363;0.62;0.4495334772532148;0.28;0.3193910475998831
0.14;0.14030967966582053;0.66;0.5795868857000877;0.28;0.37110868875400205
0.62;0.6311762680911197;0.14;0.10869069184053687;0.36;0.39605113055993146
0.56;0.4282119022603369;0.24;0.3928800415596857;0.26;0.2918277119065387
0.58;0.3467939147393354;0.14;0.2021835407209548;0.34;0.3115546731698742
0.1;0.306176814043116;0.26;0.1675771031801218;0.2;0.2702710135090233
0.1;0.15651787903183434;0.76;0.5922435513270429;0.48;0.3398857684135127
0.28;0.37641049196045334;0.58;0.43510037022605985;0.5;0.31994085136276595
0.44;0.3067643642326088;0.2;0.18853974902380574;0.14;0.2902260815510817
0.3;0.3745810669619547;0.36;0.45403951891094013;0.2;0.32249470208851216
0.2;0.2334623091514803;0.22;0.25547022988509416;0.46;0.30169980993773277
0.5;0.3936578356713471;0.42;0.42382296581543233;0.18;0.2966287950539487
0.56;0.37552018455405206;0.3;0.422795072943117;0.28;0.3039132528107913
0.22;0.39159135054973365;0.66;0.4391075294190262;0.14;0.2874921317307895
0.12;0.27521156781259065;0.7;0.5145197421885422;0.46;0.3220761213106207
0.16;0.24214197774195528;0.24;0.2099015781987657;0.22;0.29363653507264825
0.14;0.09004510720870312;0.76;0.6153179728939464;0.42;0.3748485351133095
0.78;0.4221111624462449;0.18;0.4329815977459187;0.14;0.2921910234096873
0.14;0.17654799310393787;0.7;0.5718673792269432;0.48;0.36245366814832713
0.46;0.4814176227726718;0.44;0.3724942881580815;0.34;0.2692878230807705
0.38;0.4218053002172181;0.56;0.4166892391420369;0.1;0.29343069817790046
0.68;0.4506358663025117;0.3;0.3906124922455646;0.44;0.2581318783202282
0.14;0.21246625518173318;0.76;0.5467763242368237;0.2;0.33867073462445996
0.56;0.34191802836941254;0.18;0.2019547704885923;0.16;0.3063944851334654
0.16;0.14339259864800752;0.44;0.6002405587290615;0.4;0.36539531629952665
0.72;0.3771002754147369;0.14;0.4303197906741792;0.5;0.29093370751518605
0.64;0.4431708851238725;0.18;0.38434254589537986;0.42;0.2881386717867956
0.44;0.4526999758562825;0.5;0.3770452991790135;0.48;0.29344012861279123
0.16;0.2877664774647171;0.22;0.2049383247335192;0.36;0.2828011516672641
0.86;0.5078785085240564;0.12;0.38234429642226797;0.2;0.2433624235988753
0.1;0.35824468950552685;0.56;0.46794191813805386;0.14;0.28102311255707735
0.68;0.48182554092845;0.28;0.3839579439717373;0.28;0.25240964733005855
0.42;0.345822900589176;0.14;0.15359610103795499;0.42;0.27213797199123224
0.18;0.42697467610215445;0.72;0.4316983565929212;0.12;0.2800610390071025
0.14;0.024907078677451122;0.36;0.38044131729917763;0.3;0.3331873505372772
0.12;0.4360632588935464;0.14;0.056174325322515484;0.22;0.2541712252308582
0.28;0.40727777635964607;0.62;0.4296939250475606;0.3;0.3113239015714765
0.5;0.2787004817373423;0.2;0.2310521184014053;0.2;0.3283072829179511
0.7;0.401382537357145;0.12;0.33144557149320447;0.36;0.3569949104385678
0.74;0.3998931302421459;0.1;0.3775346390237206;0.42;0.3484966642053968
0.72;0.37785542486134954;0.12;0.3943127062940538;0.22;0.35892772283321106
0.2;0.46296045416032205;0.76;0.41124796714674416;0.12;0.2790525448648362
0.26;0.22737267013807494;0.24;0.231782396813294;0.28;0.30434323912235095
0.68;0.3689804142710853;0.24;0.4225896458232812;0.34;0.28368875854572795
0.28;0.38333538496021435;0.18;0.13481077841436712;0.28;0.256818082319494
0.16;0.42795141784008195;0.82;0.43128400756432633;0.14;0.2820846291007354
0.6;0.5404266320814669;0.16;0.1389844985766926;0.24;0.32094523717408874
0.26;0.40610535503092254;0.46;0.4361251081983608;0.34;0.31052316248716433
0.14;0.0669685229522537;0.46;0.6408616464030898;0.42;0.3784974641451729
0.16;0.2947959508932799;0.58;0.49910942301934336;0.28;0.3309774990695168
0.62;0.3668500519140532;0.12;0.20669989127740573;0.18;0.2861161533316331
0.24;0.4266050419981497;0.52;0.42627868755542575;0.34;0.30318388550734887
0.68;0.4482949886071754;0.28;0.39067585244592934;0.38;0.25332502102621
0.54;0.4462410436930392;0.3;0.39566931228768454;0.12;0.27635602540926213
0.54;0.41565845058436324;0.38;0.40639159558778326;0.42;0.2770193191960547
0.5;0.38187295435460217;0.34;0.4280736166508867;0.16;0.30167968329067363
0.58;0.5747714563608715;0.26;0.29773257758287475;0.42;0.2481825744856107
0.16;0.30646316402852947;0.42;0.5206187347034615;0.24;0.3350135597150776
0.56;0.4709694666554225;0.36;0.37911226043092583;0.24;0.25880285550007154
0.18;0.23338252454249903;0.26;0.2451555071668698;0.34;0.2990794596835113
0.42;0.37442450011385897;0.1;0.12877165402022817;0.44;0.2742672862361033
0.36;0.42071565684450474;0.44;0.40326430931092305;0.38;0.31179884034278604
0.24;0.33566727319326417;0.24;0.16419792685821066;0.14;0.2735923058153444
0.58;0.3502959156371721;0.28;0.4402731670955049;0.16;0.3225466000176092
0.58;0.257772629342077;0.12;0.25050642363047326;0.26;0.32091852698960094
0.64;0.3313483330354984;0.1;0.21631196073509765;0.1;0.30249462341728084
0.44;0.3207329596673984;0.12;0.16367586548971738;0.16;0.27812442778390434
0.62;0.44696397152270884;0.14;0.16572962295653307;0.22;0.29902264368896686
0.2;0.38690335512113966;0.74;0.4472958248096626;0.32;0.3086411489185852
0.42;0.25675323972246517;0.18;0.2089575035914327;0.26;0.2985240223812837
0.42;0.4042419996996938;0.42;0.4094147546663106;0.16;0.3043384556206252
0.14;0.12824094458036356;0.18;0.2501898784820674;0.38;0.325734656493908
0.3;0.4404067328905574;0.56;0.4014223884475111;0.12;0.29716887629100885
0.24;0.19127915589392547;0.22;0.2668042802454653;0.4;0.32442285483552374
0.58;0.4094303154705876;0.22;0.3906336116776702;0.2;0.30066790611067573
0.26;0.3544333355873936;0.56;0.45311183285753276;0.28;0.324853333502992
0.28;0.27071434526204863;0.18;0.21552280404370702;0.42;0.31289261409195257
0.46;0.4513168120446184;0.44;0.3982100945233892;0.26;0.2750430023081434
0.32;0.43959997056010935;0.52;0.40651814445282775;0.24;0.28920405372467517
0.5;0.4736762738374178;0.36;0.35874371240042735;0.5;0.28600228407845596
0.6;0.4487304445578548;0.3;0.3979582793017723;0.12;0.26582363796993363
0.14;0.2609102694648975;0.44;0.536522329587051;0.26;0.32086103306814684
0.84;0.4467254746591446;0.12;0.4060044841639458;0.18;0.2658846491843089
0.24;0.1915900585453152;0.32;0.37701920940963485;0.38;0.33980264721629694
0.38;0.38326977423794045;0.12;0.1385551046471916;0.4;0.268980872565726
0.22;0.3685735385452736;0.64;0.45889391857429945;0.5;0.32806822515629785
0.36;0.47300651633305546;0.56;0.37528173434825196;0.26;0.28196436730075625
0.46;0.4273157012635671;0.3;0.3892086222196416;0.32;0.30026483825945605
0.56;0.45862773000924073;0.28;0.3752403777506323;0.3;0.2968774839681174
0.12;0.14950488600349338;0.76;0.5651424830861996;0.18;0.3613635687154424
0.1;0.3047311608591684;0.3;0.19248651520110147;0.3;0.2394975520633873
0.44;0.39599785555797057;0.54;0.43317650951332687;0.1;0.2890399096337545
0.4;0.4674925489933703;0.48;0.3672274866614178;0.3;0.28146832380625775
0.1;0.32214864921175784;0.32;0.20820117519798859;0.38;0.2364946788758827
0.32;0.3322481467069911;0.24;0.17449792388350638;0.24;0.28444961931049806
0.2;0.406620586841382;0.58;0.4168113266953748;0.1;0.30143682957315926
0.3;0.2861752238779995;0.16;0.18815747694446094;0.4;0.31249216588265927
0.12;0.20866251213040077;0.68;0.5484146881173146;0.26;0.3263327432559626
0.26;0.20856829541949118;0.32;0.28571413961882;0.24;0.33145130733334616
0.54;0.4408376703467846;0.36;0.3890021878375312;0.34;0.2808119817554318
0.8;0.4717142560370494;0.18;0.42565167054738107;0.46;0.23140570433069158
0.48;0.46164394233703004;0.5;0.3818102837364446;0.3;0.2571725853186231
0.6;0.3757479319316148;0.16;0.20749838346770202;0.14;0.3282503503163367
0.56;0.4360544234085995;0.36;0.4089752327563887;0.18;0.274361461283104
0.48;0.2112624089427767;0.2;0.2486604000223696;0.18;0.3329808151715084
0.68;0.47459887292987973;0.22;0.37646529846855725;0.28;0.2630387943011978
0.42;0.4605163548441569;0.46;0.39017381411345353;0.12;0.27365463758685626
0.74;0.3730463819166814;0.12;0.3992476595248734;0.22;0.3521022261641159
0.64;0.39934420895183803;0.34;0.4158246469691812;0.12;0.2993512049478303
0.48;0.25339733552349875;0.14;0.21055628243220179;0.46;0.29969511620959366
0.1;0.442169690856133;0.86;0.43635099962689305;0.16;0.26629758784743257
0.2;0.3463628305172086;0.78;0.47370227216947314;0.34;0.32208354247245985
0.58;0.3019835016248661;0.1;0.21496701150783362;0.14;0.2769210754721848
0.58;0.4349310817382066;0.4;0.37784772566181196;0.5;0.28547930249521436
0.38;0.3838537366243384;0.52;0.421984572169052;0.42;0.31640551599275213
0.3;0.307546572655352;0.3;0.32355067306412577;0.38;0.36502976034722223
0.22;0.41097887007651657;0.66;0.433523500124317;0.48;0.3136042266636485
0.48;0.41280605393335446;0.32;0.4060777950334685;0.26;0.3021996181612421
0.78;0.46990205017115644;0.16;0.38903984676295544;0.14;0.2627549173689699
0.6;0.45931037274921904;0.32;0.38990359220394166;0.2;0.2835909766933115
0.46;0.42124546901324716;0.38;0.3893553469921719;0.5;0.3004526769500114
0.32;0.3531939133684898;0.6;0.4491656364606814;0.42;0.3152159167814068
0.24;0.22311329073855685;0.18;0.23309882273735258;0.42;0.3113436338065282
0.16;0.26636060044457677;0.46;0.5273957682912349;0.32;0.329491202702375
0.2;0.2980725412233609;0.36;0.519532795008556;0.42;0.33920786932703056
0.6;0.48439968670930544;0.18;0.2325863290611789;0.12;0.3784676386064191
0.5;0.3203712005387517;0.18;0.2016191443478783;0.24;0.2875662857774978
0.2;0.3717209822498568;0.76;0.46551501856105204;0.28;0.31262027851041385
0.52;0.2845951683487832;0.12;0.20955140053309962;0.38;0.30287959974089584
0.72;0.5427605850165516;0.18;0.36171313673051464;0.1;0.2412619289644449
0.14;0.09297694735372886;0.24;0.29234968232454084;0.38;0.3296155344322448
0.54;0.4935207948893403;0.3;0.3489840707575808;0.22;0.2657146961722484
0.24;0.2779536211672693;0.22;0.2007887520376403;0.36;0.29705202418986776
0.16;0.2087843511142083;0.22;0.22931944651776187;0.34;0.3045595135554777
0.2;0.34324669626339827;0.12;0.1368982531814138;0.48;0.2768693236163895
0.3;0.2810097416035914;0.32;0.5089953879873209;0.48;0.4096604678294782
0.34;0.5054406691806117;0.64;0.3641756967186729;0.3;0.26710301817492244
0.28;0.2946870355824723;0.48;0.4705133969413639;0.24;0.34693805058440297
0.12;-0.052335977683537704;0.4;0.7366100534318821;0.48;0.384657400925877
0.2;0.3006511914035162;0.6;0.4969898278560724;0.38;0.34335231995367743
0.28;0.46924788277458135;0.38;0.40731974615865496;0.14;0.284261316746375
0.54;0.41313613217383893;0.36;0.4239275021013928;0.1;0.2793814317803972
0.5;0.4259019613149931;0.36;0.384238861674979;0.38;0.2980849897012703
0.32;0.407087170597353;0.6;0.42635056840198726;0.36;0.3140412628903613
0.26;0.45977716036574806;0.54;0.38980540807463415;0.48;0.30403159200264873
0.1;0.33137224526880593;0.62;0.4902453728795216;0.14;0.2936201874291716
0.68;0.438621372389426;0.26;0.3984259395783789;0.5;0.260430642800088
0.22;0.4324989713350254;0.54;0.42257440833945603;0.22;0.29686393189705673
0.42;0.39734719673543795;0.12;0.1318557975202454;0.44;0.26931483098975084
0.12;0.20318023352894782;0.72;0.560692781194874;0.5;0.3355352453260826
0.48;0.4618860477421974;0.48;0.3802937976752983;0.44;0.2746610448832839
0.4;0.42406252180932685;0.56;0.40093106616551805;0.44;0.2963067863589504
0.66;0.4484899392852618;0.28;0.40967957932825094;0.18;0.2567512810961208
0.1;0.19389706134807477;0.32;0.2844778100113977;0.46;0.24129215779340668
0.24;0.20370534304746335;0.3;0.30504688608855346;0.36;0.33539317958849657
0.74;0.3915321772217112;0.1;0.39091586136102946;0.24;0.35384080838920423
0.16;0.2025759872329317;0.7;0.5429380338015697;0.46;0.3646735463360924
0.1;0.26156985320994763;0.18;0.1806751329681512;0.44;0.2644037224698494
0.3;0.4346774478192708;0.46;0.40837569313924166;0.42;0.31287736997506854
0.22;0.31611541534071386;0.54;0.48241098380895936;0.46;0.3486368154800771
0.2;0.19140257802892935;0.28;0.3469432004982645;0.46;0.32390227520616455
0.28;0.41013516606397143;0.7;0.41971981497792665;0.26;0.2968479332021524
0.12;0.11087118174265248;0.72;0.6037079096009448;0.48;0.36229887033670055
0.64;0.354898871147687;0.24;0.4320558769909728;0.28;0.3017853544365205
0.1;0.2258677168012102;0.88;0.5646790152486564;0.44;0.3101665358333264
0.36;0.3494549973054167;0.5;0.44803425331106705;0.24;0.3176934860211307
0.26;0.20404711357319966;0.4;0.536452572487169;0.28;0.3670381039201925
0.68;0.44486356955562945;0.22;0.3783890613616665;0.44;0.26343124447572674
0.3;0.4164831274899404;0.56;0.4178191569642076;0.42;0.30715691378370885
0.52;0.4033322170919529;0.4;0.4239235892131594;0.16;0.28810833025232396
0.36;0.4262552906316226;0.52;0.41091491520874834;0.16;0.2849476865936591
0.12;0.29404335595392644;0.86;0.5244367174630045;0.44;0.3099765810396157
0.2;0.1591132541500065;0.26;0.33249803442124287;0.44;0.3214946622533017
0.42;0.4375039278230069;0.4;0.3786437628418228;0.34;0.3087384639945877
0.6;0.44584384358473167;0.38;0.4021397292099071;0.22;0.27578260111761416
0.18;0.42022103490221474;0.2;0.11235713896319172;0.24;0.24218586984446516
0.28;0.39104606933821223;0.64;0.43910047737478536;0.36;0.321461622465225
0.64;0.5050608472959466;0.22;0.3468824745366014;0.44;0.2508844947223232
0.22;0.497062465580767;0.48;0.39914615033410533;0.34;0.28819491174415196
0.28;0.44539750375599885;0.46;0.4088359209499252;0.26;0.2993222227539717
0.1;0.4514858143299218;0.7;0.44124755111790626;0.32;0.26258188516205294
0.42;0.3851881691042963;0.42;0.40691048961711496;0.36;0.31995695776535904
0.66;0.5363133881480386;0.1;0.04681881727587145;0.44;0.31984022980011717
0.12;0.13997172453772097;0.36;0.304842698426953;0.28;0.30124789429141496
0.26;0.290733781337819;0.48;0.48786533095121565;0.2;0.3398452972333152
0.1;0.22398235354947282;0.38;0.2812852130492629;0.34;0.24513811610776223
0.4;0.4203697806893415;0.36;0.4283183846501326;0.14;0.2835779842118997
0.3;0.2687543849961152;0.32;0.22466225902675366;0.14;0.29931975048608706
0.54;0.3059414948806026;0.16;0.21964637262726514;0.24;0.2922098037826523
0.32;0.2853248310177786;0.28;0.22483355770194285;0.28;0.3107524116965784
0.34;0.3536781135243391;0.36;0.4526805576522274;0.1;0.3131074694591764
0.14;0.38573862191900077;0.72;0.4479221989935449;0.16;0.30159357777306606
0.6;0.46600265478724395;0.2;0.37301580287987823;0.16;0.274536743285952
0.58;0.3519350125765309;0.16;0.20584589152539468;0.12;0.30203641913811236
0.34;0.39197333372980214;0.44;0.4119706827633961;0.26;0.3099894799826185
0.34;0.4285906030075449;0.52;0.4061081330161249;0.18;0.30153160935162016
0.34;0.47721022676780583;0.48;0.3710547899750205;0.2;0.29327678137650265
0.22;0.45244689000043753;0.14;0.08043132137470138;0.26;0.2507422578626798
0.58;0.3086180788238209;0.12;0.2205878173363889;0.1;0.2847511730643418
0.24;0.2268004211035703;0.3;0.2462238285452593;0.18;0.3001248077446095
0.36;0.41299017860398407;0.3;0.4197215762819274;0.48;0.3149004564615303
0.44;0.4949789022734444;0.42;0.3694123494529962;0.16;0.27525921922057717
0.34;0.4152154609277601;0.58;0.4104808956386071;0.38;0.3057362783689579
0.36;0.41123351913215894;0.58;0.4061178691127384;0.48;0.2999461344118407
0.56;0.637416114337711;0.18;0.22171110479226253;0.4;0.337691645849856
0.2;0.4176763402501928;0.64;0.42770457015716745;0.18;0.28954869459502375
0.38;0.51781770051501;0.52;0.3518382229626902;0.46;0.2777237077572891
0.86;0.4517743544199486;0.1;0.4191724189488589;0.4;0.24475411904842287
0.22;0.31191056314303295;0.3;0.18485446489994312;0.1;0.28714815894072254
0.78;0.43725062229449513;0.2;0.4243089726876958;0.16;0.2598754421282625
0.36;0.3913194808395791;0.14;0.1331692779717596;0.14;0.25499751428528666
0.38;0.358194025230683;0.28;0.19618243128884605;0.24;0.3237004060944874
0.24;0.33063251244475156;0.14;0.14528406591337922;0.3;0.2801605464461643
0.66;0.4979073872177169;0.16;0.2962375307102581;0.38;0.31260980713639375
0.72;0.20580950218822947;0.1;0.4586109772067384;0.34;0.4237026667574957
0.46;0.39799685216879344;0.48;0.41480946686271036;0.28;0.306763029967121
0.46;0.38987566597771645;0.36;0.4087115343408577;0.38;0.310343736714982
0.54;0.4682782093568177;0.32;0.36573029097331955;0.28;0.2832956221524938
0.26;0.3281802483543126;0.14;0.1544567058874729;0.22;0.2825214191797001
0.64;0.4283283286312077;0.24;0.41085131716192386;0.14;0.2781171823937866
0.56;0.22909832141914171;0.1;0.2308398920300281;0.26;0.3257182396183427
0.42;0.45860093111549205;0.4;0.37064902538790134;0.4;0.2870409959373102
0.46;0.4190237240956827;0.28;0.3982819452169095;0.36;0.30351639830605914
0.52;0.31795817887532685;0.22;0.2550313864854178;0.18;0.33337671709599676
0.44;0.3336413309508037;0.12;0.16496215099621767;0.22;0.28417882926156846
0.48;0.346803773631596;0.16;0.1565794832322734;0.44;0.30346995205434546
0.82;0.4831120967867525;0.1;0.3970310000497845;0.18;0.24830694509015347
0.4;0.3589561493749471;0.16;0.1630029543013747;0.48;0.27947029436118176
0.2;0.3154348652851437;0.1;0.13300708410492587;0.36;0.29596499806166154
0.14;0.22937422274586877;0.44;0.5521650434373945;0.2;0.3253139470621264
0.16;0.21960375723461595;0.36;0.2553744227979463;0.24;0.30630881600704885
0.14;0.21656348526981178;0.72;0.5503653606018045;0.34;0.3421244171255986
0.32;0.3800927802564685;0.66;0.436456990140907;0.12;0.29163302032359784
0.16;0.2678955821253559;0.66;0.5138703630190603;0.36;0.33408046603237807
0.44;0.49234436306522406;0.5;0.3467041455606845;0.38;0.2738255760719435
0.7;0.5058551474841742;0.28;0.3814747316731964;0.36;0.23515024015964406
0.18;0.27938746822761645;0.4;0.5363650639396802;0.34;0.3262275883145778
0.26;0.36658551966341013;0.4;0.445436797172751;0.12;0.30785090437463336
0.6;0.45975780538958283;0.2;0.3623531190284343;0.34;0.28090141255207446
0.12;0.14110887652025333;0.22;0.2768444628659903;0.5;0.2808289638613143
0.58;0.5191695661020136;0.24;0.3643265717172773;0.12;0.26128091865896363
0.84;0.5224218750381331;0.14;0.3773441007981007;0.12;0.23978772114299338
0.54;0.45280154666438;0.26;0.3676642052788206;0.24;0.30192592812549124
0.1;0.09697248496282196;0.54;0.6397747947179777;0.38;0.35769996698090933
0.28;0.3339576376136607;0.32;0.18887990232646573;0.16;0.2660285337196385
0.34;0.5013509033141503;0.48;0.3530833387977377;0.38;0.2851790676610699
0.62;0.33414422074030525;0.1;0.21134828525480492;0.28;0.29369303377915856
0.28;0.34536244069609606;0.62;0.46881790150911495;0.42;0.3335112025434611
0.46;0.29151807735390534;0.24;0.22931454737387597;0.16;0.30820210966690287
0.24;0.33356545765838824;0.4;0.47930172012755057;0.34;0.33192013669439385
0.14;0.26911590835489513;0.7;0.5057768627157427;0.18;0.3274683459199655
0.22;0.4924337490573457;0.72;0.40254038241509527;0.48;0.2813197503128555
0.36;0.4005857848646178;0.4;0.3916811347408172;0.5;0.3151710883131279
0.36;0.4877349917766284;0.5;0.37984128217690216;0.16;0.27451875569961864
0.24;0.3243810075765685;0.36;0.49328190127018906;0.46;0.3426547036523845
0.62;0.5197528530488758;0.26;0.3473852887786787;0.46;0.24949521745242167
0.82;0.4289875934855259;0.12;0.43732268784144884;0.24;0.26880305524445525
0.26;0.37184959920403493;0.64;0.44936808348134866;0.26;0.3125170228213434
0.14;0.2105055854619975;0.38;0.5700822577533634;0.3;0.3326972125409652
0.14;0.21514298642094154;0.32;0.2274403650815884;0.18;0.29481279016773065
0.62;0.5003718926412062;0.3;0.350637231472182;0.5;0.24587485682876717
0.34;0.4286728461203874;0.4;0.40134805294220727;0.24;0.3121576844519495
0.1;0.36545060369285154;0.54;0.47647410952761426;0.14;0.2754372176645355
0.14;0.3050301261561637;0.66;0.48720107751551645;0.18;0.3139972823184678
0.28;0.3221016776760415;0.1;0.14737951906477748;0.22;0.280476181741116
0.46;0.5018718665176094;0.52;0.35918029799019335;0.34;0.2573039399423566
0.5;0.4371799966802946;0.48;0.387399587494719;0.48;0.2857841060579479
0.14;0.22356571278880355;0.76;0.5509215716384649;0.32;0.32617640388926294
0.12;0.22209348144371716;0.78;0.5387119578603814;0.3;0.32810644040888426
0.26;0.3067043500952603;0.68;0.47826136596129043;0.4;0.3351011046236098
0.38;0.4861630052885747;0.48;0.376720079870341;0.18;0.2705081207132769
0.14;0.1154108621845637;0.58;0.611770310543408;0.42;0.37589710065072574
0.18;0.302762046418383;0.2;0.18790137410565244;0.36;0.26946244790816826
0.3;0.331489738518314;0.14;0.15152731853626747;0.4;0.2910359059282752
0.3;0.3851769995073217;0.56;0.42279291528263896;0.5;0.33199462103801325
0.6;0.39203713598353307;0.1;0.15690802237161086;0.2;0.2711873626355098
0.36;0.4126450925636786;0.6;0.40780214863608244;0.36;0.3202060662722629
0.32;0.3874389966843348;0.52;0.4201603969901594;0.26;0.3242782216714247
0.42;0.3434811787023633;0.2;0.1690002065873996;0.12;0.27658388379643095
0.16;0.18878844590826582;0.18;0.23326163526877092;0.42;0.31358369962569355
0.34;0.4127426667658124;0.3;0.4198055305443079;0.44;0.37142912814664486
0.48;0.4114466848120376;0.44;0.4020740410220678;0.42;0.29800911750907555
0.44;0.4803317270714312;0.48;0.37989506069169676;0.18;0.2716099776915744
0.1;0.33715374825260347;0.78;0.5010848892256636;0.24;0.28293100015197664
0.22;0.4734878158337993;0.62;0.4026449526803573;0.42;0.2913836605258384
0.2;0.32273191635660803;0.44;0.4977592339235474;0.36;0.3370786937084209
0.5;0.40251983540414105;0.48;0.3978526254221738;0.32;0.285995646115235
0.28;0.30113446122616605;0.1;0.14067623261117784;0.34;0.29377437922142646
0.12;0.2529138286730455;0.48;0.5380455255674998;0.22;0.328463613309251
0.36;0.4158872492170349;0.62;0.4196357518899888;0.22;0.2858748086056435
0.12;0.327680102824482;0.84;0.4869609684306048;0.12;0.30357167790058903
0.18;0.19146156403801118;0.44;0.569161331422541;0.46;0.3704046017260599
0.18;0.3085907869485031;0.72;0.4869856168678317;0.26;0.33661118303012394
0.4;0.3345798686065328;0.22;0.18011328991941206;0.2;0.2697409074833636
0.2;0.24075065278000146;0.46;0.5421128084676219;0.48;0.3658584945149886
0.36;0.4253120919643418;0.56;0.397795680662048;0.1;0.2803735620432401
0.28;0.4602892490726373;0.38;0.4009168814862988;0.28;0.2872973603037477
0.32;0.4948155823955146;0.32;0.38273782965125513;0.5;0.2952860482601364
0.38;0.36923443224730845;0.38;0.4340009217211934;0.14;0.3093610008652449
0.3;0.3244663750376643;0.4;0.4629388207796696;0.32;0.33853089986497376
0.5;0.35200884679396804;0.1;0.1571722074684353;0.5;0.26644845858224275
0.16;0.2490175923813997;0.34;0.21617336324961123;0.14;0.287602594791253
0.52;0.4255304901521162;0.24;0.41212662939936895;0.14;0.2788737243687027
0.8;0.5111083866371257;0.1;0.4008983541191966;0.32;0.2319252712925963
0.12;0.2634994945405807;0.74;0.5270754584677413;0.2;0.32419873382909736
0.46;0.40245207671980554;0.36;0.39821278978897523;0.34;0.31992750641340695
0.2;0.3819126212667765;0.14;0.1179640947429958;0.32;0.2549428910754155
0.4;0.37505454984523967;0.4;0.4217226062101453;0.3;0.3226448786717381
0.34;0.39111468488638224;0.44;0.4110684535862405;0.42;0.3197870864849788
0.6;0.42094651585615084;0.38;0.4121273357646589;0.24;0.2823549142240887
0.26;0.14094712514702595;0.32;0.37088642881683875;0.34;0.3678636570284659
0.36;0.4878623302019536;0.32;0.3885940381372287;0.1;0.27009034355105405
0.4;0.41050907341651455;0.46;0.4183506866897334;0.14;0.295139574117127
0.28;0.2509863788703694;0.3;0.20629961848518477;0.12;0.31474594799293054
0.24;0.35403906844512617;0.48;0.4579591618875517;0.16;0.3221625945942361
0.2;0.4737814040081717;0.78;0.4054298442689655;0.22;0.2732893713151524
0.12;0.42725218174144625;0.1;0.05621243725678776;0.32;0.2636466923248142
0.66;0.5614205301548552;0.12;0.1729298239425563;0.34;0.38062270606971815
0.56;0.40536960857018245;0.16;0.16463592215008807;0.32;0.28480164704037925
0.1;0.2610744487572037;0.24;0.209961216274881;0.44;0.24959187342608716
0.54;0.4844842378460964;0.42;0.37243328391623015;0.32;0.2709240127943524
0.16;0.16247920986509976;0.36;0.29997293023565624;0.26;0.30923194113626384
0.48;0.408514154656208;0.38;0.3956596596885314;0.5;0.3085698256383594
0.24;0.32861859653060554;0.46;0.47971625731502565;0.26;0.31997807472772094
0.46;0.34133481921729836;0.16;0.16814750585110172;0.2;0.28920490259034337
0.28;0.35428711972771915;0.54;0.44442452183363707;0.46;0.33516090243694124
0.46;0.42725068939045435;0.52;0.38324534608979316;0.38;0.28077276907505
0.4;0.3128382164506085;0.26;0.21793921157501964;0.26;0.3172332673483067
0.3;0.34984499446558126;0.14;0.1404597792400321;0.18;0.27055236486063616
0.78;0.4192999553968336;0.2;0.43832921584360585;0.24;0.26004532966129523
0.56;0.39560800498863635;0.16;0.17119131456200407;0.12;0.2765763203365617
0.28;0.24420828413780538;0.26;0.32245151219466517;0.46;0.36847756798145603
0.28;0.30294926317503096;0.22;0.18097506854552503;0.1;0.2765558345170446
0.52;0.3051301070901193;0.16;0.21065004710784954;0.14;0.294613537530535
0.22;0.2874862057871008;0.32;0.258866274837494;0.32;0.29216640474473055
0.22;0.3408392325169262;0.52;0.47129934756157843;0.36;0.32844518566368874
0.12;0.24201580640494724;0.76;0.5539426989741064;0.5;0.31015249940912637
0.3;0.35447705972267224;0.22;0.1581902327495076;0.12;0.2613670419128591
0.54;0.3901229981924941;0.26;0.40734692051699184;0.28;0.3019352110641491
0.54;0.5123908064167776;0.22;0.37423153882140103;0.16;0.26102117667118807
0.42;0.3402833812059654;0.12;0.15247746027902803;0.24;0.2704501268269256
0.6;0.4858129296442467;0.2;0.3660336941052492;0.18;0.27258661175825183
0.48;0.426087457264149;0.42;0.417806718770094;0.16;0.2876954107752151
0.24;0.3931819739193841;0.48;0.45245783750665325;0.2;0.29693815491736847
0.36;0.32138756440105065;0.14;0.1771655254109763;0.34;0.28165557504723293
0.32;0.43813080401493076;0.58;0.407561770997255;0.1;0.2843461778503117
0.2;0.35663892787552703;0.42;0.4848479297549135;0.4;0.3285147108594869
0.84;0.5247653473606679;0.14;0.39092839641715255;0.46;0.21484780383294
0.38;0.3913702674467664;0.42;0.41003950711044856;0.22;0.31478803304548
0.42;0.42203821723833046;0.3;0.396253613777836;0.4;0.3060490050877116
0.62;0.408977118519508;0.26;0.4366118765403974;0.12;0.2829738831442793
0.28;0.31469766777448643;0.62;0.47189035846932414;0.44;0.345336290860611
0.6;0.39413976960550523;0.32;0.42422389240109903;0.14;0.2973569112323239
0.54;0.3913778007942147;0.36;0.41839883493725705;0.4;0.2972274443778697
0.22;0.2703495679942485;0.68;0.511967383208343;0.32;0.34837381494415
0.46;0.4999245646978622;0.32;0.3579638829637326;0.2;0.27245101852545595
0.22;0.30912032724684213;0.28;0.1923856297653101;0.2;0.2804388973404005
0.72;0.47879995612267956;0.2;0.3895990635797711;0.18;0.26338611542057133
0.78;0.42186724780890855;0.12;0.4304382935870911;0.3;0.2747419919290369
0.52;0.4655842742731119;0.36;0.37413310823870727;0.46;0.28553937080046354
0.58;0.4974689845706075;0.24;0.36050313637957365;0.1;0.2513042044401792
0.14;0.16790177795966227;0.54;0.5776429920029332;0.38;0.3636530770357057
0.1;0.1976059710084927;0.3;0.25811928185900346;0.38;0.2569246763741281
0.54;0.43683779886857377;0.38;0.40170286091153995;0.12;0.2659764687189118
0.32;0.37827673994572564;0.38;0.44008201922577217;0.1;0.30044335367849573
0.16;0.35772874449944686;0.78;0.4757612642640565;0.22;0.305487687155499
0.12;0.4573747507122479;0.12;0.046266040380199325;0.34;0.24322306149873413
0.26;0.35490378724347693;0.6;0.44037766001341644;0.46;0.32106604886272705
0.38;0.372186064431272;0.58;0.44372149648065745;0.14;0.297629760486017
0.3;0.3523179451924692;0.28;0.1744998949539331;0.16;0.27690560214222215
0.44;0.3931602299473913;0.24;0.17513205277841318;0.28;0.307056229911738
0.48;0.36472848494091403;0.18;0.18743397785747204;0.44;0.3173556200475272
0.56;0.3558398322394938;0.16;0.1946003416183516;0.26;0.30776165658060806
0.58;0.41172371993785073;0.18;0.1962786389558999;0.1;0.31683297368606395
0.28;0.4629808063776689;0.58;0.41175093745282376;0.12;0.28967809805947686
0.28;0.42566467774554756;0.42;0.42107736086000974;0.42;0.30253420828679767
0.26;0.3133055659238055;0.64;0.4711221823756295;0.32;0.33965328669372064
0.16;0.37941088055395156;0.74;0.45604806726981606;0.14;0.2926995937315493
0.12;0.2885383797312617;0.56;0.5114221095591008;0.18;0.3252467305894681
0.62;0.4434852066020769;0.26;0.3898978846804343;0.36;0.25804370012220845
0.14;0.3586066666617887;0.14;0.10863948812965774;0.2;0.2909883008467657
0.18;0.3174591604315626;0.22;0.1768471161605854;0.32;0.27786141262971076
0.38;0.412420933324169;0.44;0.3961474903165689;0.4;0.31370629608494416
0.16;0.3253108345455632;0.56;0.4792716450396275;0.14;0.3237026303285797
0.28;0.17668557678211516;0.3;0.39866163990831904;0.4;0.3902255202363082
0.68;0.4567944352040463;0.16;0.37583572492667405;0.34;0.27708806442141753
0.12;0.26132115354166824;0.84;0.5387547805800369;0.28;0.31688580731162475
0.4;0.4254756074224846;0.52;0.41110236166767966;0.1;0.2875039393163442
0.32;0.3445682103650252;0.52;0.4532853578908915;0.46;0.3331981504019033
0.28;0.3917922854128068;0.42;0.4351865035235;0.38;0.3231392176326109
0.74;0.46875755856982293;0.1;0.3513501598935669;0.18;0.3364839917948665
0.38;0.3631865938500348;0.34;0.43289952955016053;0.16;0.30565286166311056
0.4;0.38957689316823946;0.52;0.42448870911605335;0.34;0.31241543421900975
0.42;0.4214680440259769;0.52;0.40121832914434374;0.3;0.2722370680447709
0.1;0.3519543162811077;0.56;0.5024010467428927;0.34;0.26574263286925826
0.18;0.4776694014938842;0.62;0.4021171895471788;0.1;0.268000602731429
0.2;0.4126879628140211;0.1;0.09063028992894534;0.34;0.25516103191422745
0.32;0.3803767190029175;0.4;0.43583524437797005;0.38;0.32117155057657987
0.16;0.4006923263616276;0.64;0.4474268633314647;0.16;0.2871875418625981
0.32;0.2647058807454138;0.3;0.2571381145012954;0.26;0.3242773473758882
0.18;0.19220834764083528;0.72;0.5578524816463734;0.4;0.3683327449725964
0.7;0.38256796094890444;0.26;0.4262379166176316;0.4;0.27329863627916173
0.16;0.2993353584460105;0.6;0.5016067862833822;0.28;0.33148564145798
0.4;0.3413055203523103;0.26;0.1903210149884451;0.2;0.2964300497030191
0.62;0.38021004619827414;0.22;0.43464420264898107;0.12;0.2908668527094346
0.52;0.35719853006668056;0.2;0.2848346348288075;0.34;0.4119408761117056
0.72;0.45411593724302013;0.2;0.4076709904663346;0.12;0.2632664465126695
0.24;0.3329271029629078;0.62;0.47519406296642863;0.38;0.3461200149515583
0.44;0.3796843698620258;0.26;0.17775308121610733;0.12;0.29614357471640357
0.2;0.18354351897164434;0.32;0.30735745054089375;0.34;0.3219158166608975
0.3;0.4297813622862029;0.64;0.4090419851470293;0.18;0.28688417864780347
0.38;0.3911203195627397;0.4;0.4249007669961896;0.38;0.30589687842674296
0.28;0.34204059075600585;0.52;0.44797584865727036;0.28;0.33255140033152764
0.26;0.40929252423345774;0.7;0.434069195493611;0.22;0.305443900747827
0.16;0.23996225145118066;0.64;0.5161577349457609;0.24;0.3516408814102998
0.54;0.3930500168889586;0.32;0.42480018373246403;0.3;0.2996720049221917
0.24;0.36110434467613434;0.2;0.15344623370920973;0.3;0.2791165374752095
0.14;0.21804825194649224;0.46;0.5564426112932235;0.26;0.3411915259946304
0.16;0.37712961358665775;0.58;0.4576092803757973;0.18;0.29817421043865544
0.52;0.48065010048364776;0.46;0.37249533562427595;0.36;0.26702802900706024
0.68;0.4504331936715107;0.22;0.39582363130591125;0.34;0.26438997838491773
0.12;0.1910262842392323;0.56;0.5746108923418283;0.34;0.3485192549405416
0.32;0.3584401856851859;0.12;0.14016668635228635;0.2;0.26844927151367315
0.88;0.43192896720221974;0.1;0.4309659425939277;0.32;0.2692378750528369
0.24;0.3715617374084806;0.38;0.4668844660694946;0.22;0.3077424000377933
0.4;0.3646017496698649;0.22;0.2908061898191483;0.48;0.3499920082692865
0.3;0.31573009253915396;0.2;0.19309468247233896;0.4;0.3031011730316663
0.14;0.28790404734540925;0.38;0.5341880392958712;0.18;0.31238567302401665
0.24;0.3230154669014903;0.7;0.4833946989864638;0.38;0.3234965357259279
0.32;0.402056797625304;0.4;0.41903497743057305;0.28;0.31425511516850524
0.18;-0.15136609156290187;0.36;0.6541105274846499;0.46;0.4079471592947394
0.46;0.36362061248724037;0.2;0.1842259553066488;0.26;0.28630355223312115
0.22;0.24033960292434303;0.24;0.20845535109083335;0.12;0.30176357614356597
0.76;0.4558623146290789;0.22;0.41620054261177997;0.22;0.26184875541936803
0.42;0.42472538728252485;0.48;0.4133226005644417;0.1;0.2880237010345597
0.12;0.3564501662831558;0.64;0.47593757350101196;0.16;0.2981448709256589
0.3;0.25947432231176615;0.22;0.2729890796075307;0.5;0.3375783027653506
0.34;0.3852053390255485;0.22;0.14935954099190285;0.3;0.2770903866016452
0.5;0.4084720640053002;0.46;0.41666968328345577;0.38;0.2850574973267498
0.1;0.28496643281423084;0.78;0.5220617075420101;0.28;0.29202637619991534
0.3;0.4905962132982371;0.66;0.3711250157938567;0.28;0.27490408647553677
0.36;0.4680412886866048;0.48;0.38090391811518354;0.38;0.28583199170799445
0.38;0.4465304596749152;0.32;0.3967710367192465;0.48;0.3040866017948977
0.12;-0.1612701543086762;0.36;0.5257905176604443;0.46;0.3472921710531815
0.48;0.4124268669538728;0.2;0.14626724373571315;0.14;0.24458877488305195
0.5;0.4675122782793539;0.44;0.40055618841083007;0.1;0.27639879037532084
0.26;0.26422701598816933;0.72;0.497820977135074;0.24;0.3486925579403423
0.48;0.4175902502071587;0.38;0.37841538518349144;0.42;0.3055202221895329
0.7;0.3731584157128838;0.28;0.44605357732485285;0.14;0.29396073264710904
0.18;0.34519770725775484;0.74;0.488517589273589;0.5;0.31510996836114624
0.44;0.44319191306281897;0.34;0.3794006681460468;0.28;0.2768245783447106
0.18;-0.07448545531500528;0.36;0.6662908267147507;0.5;0.38254150256070096
0.52;0.41370218059138836;0.24;0.4113602304802141;0.2;0.2839463113542917
0.46;0.440824679919189;0.4;0.3961769033515449;0.34;0.29340532299439226
0.14;0.27105057985294484;0.72;0.5183967994580421;0.22;0.3279970817089579
0.18;0.4481148091595692;0.62;0.4094517958565206;0.16;0.28525235790159287
0.44;0.37671452093756247;0.36;0.40334158430037964;0.34;0.31803719802772157
0.58;0.4008189365266837;0.26;0.4177760355048512;0.3;0.3019797390932865
0.76;0.3895432777845316;0.12;0.4494574559727209;0.14;0.28244204390729755
0.34;0.4270568568006019;0.62;0.40917323606133893;0.3;0.3004412004622947
0.5;0.4035190195166055;0.24;0.38274572044395877;0.48;0.2990258520288732
0.22;0.2938125051868605;0.54;0.5012654009211834;0.38;0.34258970028101876
0.4;0.4425083521909221;0.3;0.3853779788277658;0.5;0.3006848557115137
0.34;0.3897632356984269;0.58;0.42494462274884953;0.18;0.3020110808847287
0.34;0.34183967157687944;0.2;0.17154443927975888;0.26;0.2649621483986771
0.62;0.4998067083769375;0.22;0.33261104725669205;0.4;0.27646027855440136
0.62;0.45783194833575575;0.36;0.4025506961922568;0.32;0.2591478879203999
0.58;0.4186771685193986;0.14;0.152145591074489;0.26;0.2816706082134349
0.7;0.4000063508227839;0.2;0.41692971337942464;0.28;0.276337675766952
0.46;0.3035625913883884;0.14;0.19632747329324388;0.12;0.2755774953265556
0.16;0.3101444416642247;0.48;0.495619871681053;0.2;0.32648792081402944
0.46;0.3419426385576302;0.14;0.1580138955411648;0.1;0.27629083082443057
0.64;0.6318095928775875;0.12;0.04310974350215041;0.4;0.3381490774335744
0.18;0.359363502882194;0.42;0.49497441002975934;0.28;0.31157620478631687
0.12;0.1886360034066864;0.5;0.5729172362247097;0.22;0.34580892210126857
0.36;0.4597625718050988;0.52;0.37411379791226557;0.48;0.29150435010139575
0.42;0.37029392166795344;0.18;0.15432292178554405;0.16;0.267272757133334
0.44;0.2850625707324665;0.22;0.21256690764388272;0.14;0.29165051326114055
0.32;0.33856439731198895;0.26;0.32354172822674354;0.46;0.3696282367352183
0.74;0.4451411891764935;0.24;0.4208976050156128;0.2;0.2665126401538958
0.38;0.44844890942877735;0.58;0.41042897497630193;0.22;0.2872740000251916
0.48;0.4898795673395971;0.38;0.36767902647825995;0.1;0.26912770372345707
0.12;0.39831809707983684;0.56;0.446290641645413;0.1;0.29146939973244923
0.14;0.06751509860535732;0.4;0.6577053392904295;0.5;0.37357465192333494
0.78;0.42235096964921737;0.16;0.44678336012782693;0.3;0.26125239761449165
0.42;0.5493222659857743;0.26;0.1975612237230882;0.34;0.32788112834944505
0.56;0.3443269076080486;0.28;0.4357638738986795;0.28;0.30918620246978934
0.22;0.4809177502574424;0.56;0.39477100077382316;0.38;0.2801814380334116
0.18;0.12947189748474597;0.36;0.3669128324976303;0.34;0.3138889919182729
0.44;0.4586901610530234;0.28;0.3708875702961862;0.34;0.2919909759267968
0.74;0.4492285493522339;0.16;0.3982921878217977;0.48;0.25544155113450673
0.1;0.22291794615952554;0.28;0.2436729936377935;0.4;0.25391220929694824
0.44;0.36537357707692275;0.22;0.16921534783531822;0.26;0.290472215098444
0.26;0.29601544226279775;0.5;0.484574937671318;0.32;0.3391959446731599
0.52;0.43302711378569;0.34;0.3978042787004367;0.12;0.2835252137386177
0.64;0.41309253639668747;0.28;0.40099386565606443;0.26;0.28481517892516084
0.52;0.35719322253754754;0.38;0.43336692424088497;0.32;0.316610404529056
0.32;0.4089708536938035;0.38;0.42243032328036834;0.34;0.31236915090921047
0.28;0.3504880224105394;0.6;0.4490294924800208;0.3;0.322935458273105
0.56;0.44521543064068675;0.4;0.40928814379515666;0.2;0.27794595914580633
0.22;0.4261254414322947;0.58;0.41644987423613605;0.42;0.31173076336409
0.24;0.12602053804191982;0.28;0.38078839754919913;0.44;0.3560082029991794
0.78;0.46846374204552366;0.12;0.40619160006948146;0.44;0.2524621213828312
0.3;0.235297555139035;0.28;0.23213456230884053;0.1;0.30236472011951343
0.4;0.4303307462009002;0.1;0.10302390173225648;0.18;0.25104822864783083
0.1;0.34674062655182325;0.18;0.1181349615545898;0.28;0.2547148428921788
0.62;0.44140145815356857;0.1;0.13797760277323676;0.5;0.26584680292959223
0.56;0.45446146068415444;0.42;0.3737142183863362;0.5;0.27747862633399023
0.34;0.41045873973372454;0.6;0.4130483782389193;0.36;0.3007155136580439
0.74;0.45684253773637273;0.18;0.4002664131296007;0.12;0.25605619421179104
0.76;0.42463388212336695;0.12;0.4256525971097969;0.16;0.28047178678531504
0.18;0.2619615261297545;0.48;0.5215467034212826;0.24;0.3490679807068341
0.64;0.45057562048247857;0.2;0.3719697448952076;0.44;0.26061955979072887
0.38;0.2767096988570328;0.1;0.18320861283011183;0.18;0.2953229209218532
0.24;0.38625977671440254;0.64;0.44263360998217993;0.2;0.3050578979409627
0.34;0.4848170477268811;0.5;0.38135262349657806;0.1;0.2785982198086236
0.12;0.12406931980824482;0.74;0.6082249362859208;0.48;0.35376956114111646
0.52;0.4340877326281134;0.28;0.36544411298680546;0.5;0.31397667427291576
0.38;0.4328401605568096;0.5;0.39375193798546376;0.42;0.2926076129721371
0.36;0.2621060141489209;0.14;0.191060138287725;0.32;0.3091129618521262
0.26;0.41500727981733965;0.4;0.42660759995843806;0.14;0.29572361743466047
0.26;0.3966836469617824;0.7;0.43736122384689363;0.26;0.3052034013430892
0.22;0.46926819896325034;0.5;0.4142982611162476;0.46;0.30234782287068335
0.34;0.30387427533126565;0.12;0.17609640002098265;0.46;0.29423848838011235
0.56;0.42955999048868926;0.22;0.37433781123390186;0.36;0.2927253950591041
0.26;0.41111102590668364;0.72;0.4200202291200446;0.22;0.29303444059064215
0.5;0.32155413684533163;0.14;0.18025300936482683;0.4;0.2795113502026231
0.3;0.45436400342308153;0.62;0.4033021385672892;0.48;0.28922991371761625
0.34;0.3251382791707074;0.3;0.47444089564397746;0.48;0.3780964455471104
0.5;0.5254710144060781;0.28;0.3485710047970707;0.14;0.2643745677754646
0.22;0.4014763873213105;0.4;0.4473140583922454;0.24;0.30618494516452655
0.32;0.435314876885548;0.52;0.39202636053796736;0.48;0.3200154200964511
0.66;0.49416097131049624;0.3;0.37174095900514903;0.32;0.2503159768754403
0.14;0.2849120285061364;0.52;0.5213541338211793;0.34;0.31401809828459126
0.16;-0.28010825794048044;0.36;0.7000813302075188;0.5;0.379235364744003
0.54;0.31696965481829864;0.14;0.2102701148909618;0.26;0.2928013541641795
0.14;0.1579652059169509;0.7;0.5885090053241441;0.38;0.35957223420737416
0.2;0.3877798319776921;0.54;0.4433812343985737;0.2;0.3010579197487876
0.34;0.37806700726128406;0.28;0.21518079906505952;0.34;0.33723699323683315
0.52;0.25264466371133054;0.16;0.2412145220080669;0.32;0.3217279627280685
0.22;0.3792977829642713;0.46;0.45873353853469334;0.42;0.31783628566887057
0.58;0.4654693773951655;0.2;0.366344927411672;0.38;0.2963155190381188
0.5;0.5107091608788477;0.24;0.3607062592829723;0.22;0.259178422797424
0.26;0.2511611668709302;0.2;0.21292057183337848;0.26;0.30428503341915547
0.48;0.48149053138601355;0.26;0.35856350287693245;0.42;0.2877201576208145
0.14;0.23201259196518165;0.7;0.5364937543687704;0.22;0.35755133963928254
0.28;0.34040309027110854;0.68;0.4635850197063735;0.48;0.3291808961981776
0.64;0.41991518738991346;0.26;0.41317041657544284;0.3;0.2793557216593839
0.16;-0.08665113334946356;0.34;0.5017438872231357;0.44;0.36793458332658563
0.44;0.36471947603253474;0.22;0.17342646926290933;0.24;0.28276471123226576
0.68;0.3780036840195466;0.14;0.360104444866841;0.24;0.37267827260462605
0.36;0.49348875980888673;0.34;0.38412592120194977;0.24;0.27944606154397156
0.48;0.4966441144052837;0.24;0.2933361859366892;0.32;0.3685734166423963
0.14;0.2354739680251977;0.62;0.5401428412069271;0.44;0.34618152819259684
0.26;0.2668256748906025;0.38;0.500816954613397;0.34;0.34696867683673027
0.5;0.36368218201076585;0.32;0.4121862826183097;0.42;0.3114684094967045
0.44;0.34871641833172207;0.24;0.18641652792780775;0.24;0.3166054764563363
0.12;0.24725575857797494;0.48;0.5682460680986922;0.38;0.30877638459719947
0.6;0.3884573051717812;0.24;0.40728623132078046;0.42;0.3040221355813605
0.74;0.44373413777741555;0.2;0.4076496619052794;0.14;0.2662911025918928
0.7;0.4251626891788996;0.22;0.40402008224039054;0.38;0.26852751214512927
0.52;0.4338808450556464;0.34;0.39417272428568856;0.42;0.290514243331743
0.4;0.4329407203038604;0.1;0.1128015185936925;0.16;0.24801615642900549
0.3;0.40646654112427627;0.22;0.14115137995745503;0.34;0.27234338743040143
0.66;0.49172542767875305;0.14;0.27793812206395146;0.38;0.3309784565497823
0.32;0.44259652920144943;0.66;0.40150135078609517;0.14;0.2895755138461053
0.36;0.47180681059168733;0.6;0.380662737456365;0.26;0.2720138256929741
0.2;0.20707995055137873;0.34;0.2544640925988664;0.1;0.30092296683758346
0.16;0.3338620529350162;0.58;0.4782811169609136;0.2;0.3185938807146181
0.14;0.2973201227793513;0.74;0.5021083635135405;0.16;0.3212637309978512
0.7;0.3403245407725326;0.18;0.442988653593668;0.32;0.31108910836009235
0.44;0.413963081582825;0.38;0.3924598478458252;0.38;0.3225942970409008
0.7;0.5137860513751915;0.28;0.3668451783964716;0.46;0.22642817509135355
0.6;0.45300419394669555;0.26;0.3738008179682799;0.36;0.2811722419428758
0.28;0.4687991121492692;0.68;0.40381445460854903;0.14;0.272336227523241
0.3;0.2810352499692262;0.1;0.16433265307915557;0.28;0.28557037314529155
0.1;0.35100771751054344;0.76;0.48506802733680754;0.2;0.2714565318430505
0.66;0.41641842087697833;0.2;0.3879834071891114;0.48;0.28630943243991486
0.22;0.46035238713291987;0.46;0.42077798335251526;0.26;0.2884520192963538
0.68;0.4178514708840722;0.22;0.4090029472916209;0.38;0.2812007274722874
0.26;0.3029514098936238;0.26;0.18822829061080604;0.18;0.30040586961981364
0.4;0.4534714326303294;0.5;0.3926709073293493;0.16;0.27727096839472865
0.42;0.4052045017344853;0.22;0.14745640153386397;0.34;0.28476845190001415
0.42;0.42933939634144863;0.3;0.40827991281704956;0.18;0.2927482010777823
0.3;0.2346069881383534;0.28;0.25033909754932365;0.12;0.3099364293719648
0.22;0.3610163964597011;0.56;0.45971963527702764;0.44;0.33051165779117986
0.16;0.2607215157695473;0.5;0.5313257112459895;0.2;0.33363862866630223
0.68;0.4537788178649078;0.28;0.39798602190477483;0.12;0.259292534114396
0.26;0.4678735617311868;0.38;0.40087082132062796;0.2;0.27570483700876036
0.36;0.43042162045089843;0.54;0.4048328279970229;0.16;0.2861366099500793
0.6;0.4263477136589111;0.26;0.38864411023511414;0.38;0.28898118101355974
0.3;0.33081273909288467;0.1;0.15341464819467682;0.36;0.28250011795658087
0.1;0.3749903798461274;0.18;0.10155854008654974;0.24;0.25648024988639456
0.18;0.13538345050699746;0.58;0.5781824735784996;0.42;0.39307614159100723
0.16;0.2277859648411556;0.4;0.5547778456657144;0.22;0.3422661066295193
0.32;0.46862963717723655;0.52;0.37263824692697045;0.5;0.312170521360035
0.12;0.13542217928185596;0.58;0.6178134455179003;0.5;0.3465901845416485
0.2;0.23257844518293974;0.46;0.5323163469069961;0.4;0.3694236281146361
0.24;0.31509079949602264;0.26;0.17460038339476763;0.1;0.26877956631391187
0.16;0.11708019191640079;0.28;0.32231649593488276;0.38;0.3169849351593238
0.38;0.44169572251167705;0.38;0.37868161966827407;0.44;0.3117314835089901
0.24;0.3398000047701217;0.72;0.46025318492885814;0.32;0.33106881613105077
0.32;0.30976783176151135;0.4;0.474736430362396;0.4;0.33916374083946554
0.34;0.3596009738848291;0.38;0.4296702618009446;0.48;0.32779908981713585
0.36;0.35815221714204737;0.46;0.4375926511875595;0.26;0.3221487716124562
0.34;0.4053544924075241;0.62;0.42502213960785307;0.38;0.3079534704924478
0.14;0.16916232356482824;0.52;0.5873233884876591;0.3;0.3503151449632648
0.58;0.5062739402958439;0.38;0.34020971114299153;0.42;0.24751070646250026
0.12;0.09443382783711118;0.46;0.639749749932266;0.38;0.37099075712015833
0.18;0.17509022195681223;0.4;0.592386999035129;0.44;0.3673743614127603
0.32;0.33143390567518655;0.54;0.4545400105535448;0.34;0.34831833840390175
0.12;0.11613769815161668;0.74;0.6022136888256198;0.32;0.3662108093274661
0.2;0.32117400556345066;0.38;0.48921544371250236;0.18;0.32688686815814344
0.26;0.48402159834485775;0.68;0.3955259583433576;0.12;0.26154178843400955
0.16;0.18958991961623312;0.22;0.2285760844621835;0.3;0.31074864990725315
0.14;0.22869634268859806;0.46;0.5390194726173494;0.16;0.3284873984301238
0.26;0.22516190200536124;0.34;0.5360005300170381;0.5;0.3728133605890065
0.34;0.3274095790058374;0.12;0.16689214027438065;0.4;0.2733406011403537
0.28;0.4426044718077627;0.68;0.4122943972173165;0.24;0.29769829974189005
0.24;0.3215053224709107;0.16;0.1577103838961631;0.32;0.27589029860765246
0.22;0.22489137788699232;0.2;0.2617928584635718;0.5;0.31648978954577067
0.12;0.33260199655577677;0.84;0.4727922442421942;0.1;0.30275179778980454
0.64;0.47216063667357094;0.3;0.38820414714463375;0.16;0.25285273382383006
0.52;0.32625075785072355;0.14;0.19051507088427555;0.16;0.2871562991888614
0.32;0.3995858941850692;0.26;0.18554105603460055;0.38;0.30376260393618937
0.54;0.3567222512755416;0.12;0.1683273293468354;0.48;0.29289757681643014
0.56;0.3430904022727902;0.12;0.18067664665516897;0.44;0.2886289927751225
0.16;0.3144749567547962;0.76;0.49072057913903405;0.18;0.31586880746135365
0.28;0.345946032122521;0.14;0.14335016458833405;0.38;0.2761539259823691
0.14;-0.0033346552886667213;0.42;0.6874711137648768;0.4;0.3995749586197167
0.32;0.34109481066869235;0.3;0.1854298704218299;0.14;0.29577435064990665
0.28;0.283509965164679;0.22;0.2023259740435005;0.3;0.2908291481596508
0.54;0.4004467125199137;0.38;0.4162093760774659;0.3;0.28944556420335077
0.1;0.3092146187572586;0.16;0.1412287181985719;0.38;0.2733865519106401
0.34;0.28487360482930757;0.18;0.19526719742525644;0.36;0.30611165627046355
0.34;0.2910550509951905;0.24;0.19294784018274663;0.28;0.30910174946784985
0.36;0.36723041717699717;0.18;0.1410179249568885;0.16;0.2744373470602891
0.28;0.17516638854502586;0.24;0.34174709111591733;0.5;0.3683177426941395
0.86;0.3939806032880073;0.12;0.4406600728495778;0.16;0.2913344761959451
0.32;0.466223332536333;0.52;0.38538608377788947;0.22;0.2878766789085432
0.24;0.31178312246978723;0.6;0.4686160825928758;0.24;0.338985595030752
0.4;0.3741856901786995;0.5;0.4295733230822;0.18;0.31085323779455043
0.6;0.26693735302573257;0.1;0.2232914320010612;0.16;0.2988486641271467
0.44;0.2897435246266447;0.1;0.1831798737954674;0.18;0.28647345141770997
0.7;0.4849104332168609;0.26;0.3976405952800711;0.3;0.2517747700147316
0.3;0.4737685551240644;0.54;0.37865471537946194;0.38;0.29616264761154404
0.46;0.45423980850077894;0.28;0.38455786503494066;0.32;0.28948526385822226
0.16;0.26119679007723623;0.66;0.5143810609914041;0.34;0.3311027662857342
0.18;0.42288324650351705;0.66;0.43117736486518177;0.12;0.28118132125637324
0.74;0.4676925273093007;0.2;0.4205403664802141;0.46;0.2500435600701585
0.1;0.17803533332746424;0.68;0.5723628265926992;0.28;0.3436757503278306
0.12;0.1950177171814601;0.3;0.2420124587324992;0.24;0.2905464185196045
0.32;0.42349617691453656;0.64;0.40985289326364205;0.22;0.3045785547048704
0.64;0.5428468440407517;0.14;0.1729140798076713;0.14;0.3458427742766187
0.42;0.45356896706271876;0.42;0.373872361983804;0.4;0.29165064556522935
0.32;0.46630988455776234;0.62;0.3901839645842847;0.18;0.2741975847354705
0.3;0.3445918696419294;0.16;0.16064050025012105;0.22;0.2796179696150455
0.1;0.2995263615234881;0.64;0.5145112146112835;0.32;0.293692248884197
0.5;0.4254243704164107;0.18;0.19974284773780931;0.46;0.3445275680389318
0.22;0.19479033869560564;0.26;0.2484513976295668;0.24;0.32979675790847107
0.62;0.3189961139091415;0.12;0.22445259219975908;0.2;0.30585096688761726
0.18;0.24911996932025182;0.28;0.22271598273173687;0.24;0.29582995595248873
0.52;0.41239085582644863;0.3;0.38206707092130476;0.4;0.302851319738465
0.3;0.4220451809113077;0.64;0.4204706678543424;0.32;0.3094186163818235
0.56;0.3887269996398628;0.34;0.4323481818865599;0.1;0.2976111295862402
0.24;0.3361856754238781;0.12;0.14698973296867734;0.46;0.2815130374040947
0.66;0.3713896496423096;0.2;0.44439688525023124;0.1;0.2852911539726777
0.68;0.40675533638703254;0.16;0.3935825281713885;0.44;0.2921200912220154
0.36;0.4929645019844293;0.34;0.37280077526972366;0.14;0.2719504219604916
0.18;0.29439486667208925;0.56;0.5017851836796745;0.36;0.34079866029334915
0.2;0.33850772403287555;0.68;0.4871011128155275;0.5;0.3201362828292163
0.32;0.4562775183316157;0.48;0.38401978188745167;0.16;0.2759188092848071
0.48;0.4699141003167095;0.36;0.37415853338828187;0.26;0.2829863297095174
0.36;0.46060016883001137;0.48;0.39506649392830917;0.1;0.2841947120821968
0.5;0.38973055223352215;0.26;0.43110625053563845;0.14;0.28989455780735873
0.44;0.44404770932714455;0.42;0.374191263897925;0.44;0.29574436071198673
0.16;0.31494151677845605;0.26;0.16233288483912583;0.18;0.2727362031808973
0.22;0.3059079922839931;0.72;0.4899846655599749;0.3;0.3264007920358329
0.3;0.3114586355573128;0.44;0.4656884328058418;0.36;0.35088893581934355
0.18;0.2784754059096022;0.16;0.18460418559000774;0.38;0.29641615794242493
0.24;0.33860066505131653;0.22;0.1664524529185622;0.2;0.2763544081616313
0.14;0.24902824545677427;0.48;0.5401629212153619;0.22;0.32496757906176044
0.16;0.25304004810495834;0.62;0.5234010485675115;0.34;0.3447163278516725
0.56;0.5200662348212988;0.4;0.3506530937626091;0.38;0.245378053639836
0.22;0.34537976382859187;0.2;0.14659137537146602;0.12;0.26415316308298725
0.52;0.2247098525870126;0.14;0.23918808304186934;0.42;0.3219286810661829
0.14;0.27616943272405203;0.26;0.1953142822364934;0.22;0.2909919258940039
0.82;0.465235010675836;0.14;0.41643909513135735;0.34;0.249186446807915
0.14;0.2881024145055722;0.5;0.5088985751126853;0.14;0.3254398072119826
0.34;0.4710956468989811;0.34;0.384582845734019;0.44;0.3025824980619823
0.54;0.26397702477611096;0.1;0.22278551046403317;0.28;0.3088004133394211
0.1;0.3769644162627898;0.7;0.450735813182146;0.14;0.28453697024792135
0.26;0.3413098478951138;0.4;0.47265613107595567;0.4;0.3257846874817019
0.18;0.31071121161430787;0.62;0.4861633751123824;0.28;0.3383912272058979
0.3;0.49179028599138325;0.6;0.3865749888059832;0.3;0.29921949454548624
0.14;0.04314486376965915;0.36;0.36743593188158113;0.32;0.3313379248719094
0.22;0.41774691459340557;0.42;0.43485450428784456;0.18;0.3020059734728924
0.16;0.15871164331553322;0.76;0.5689382903879119;0.28;0.3702311062945125
0.6;0.6374295869257103;0.18;0.23631995850357917;0.26;0.3245969827701163
0.74;0.4304952306910995;0.22;0.42862499937897347;0.28;0.2683473025432032
0.18;0.3595737899980205;0.4;0.49768391825660746;0.4;0.31519964346342894
0.32;0.303296494890935;0.26;0.209258159325759;0.26;0.3098431256163045
0.28;0.3393550232425054;0.38;0.4647707760734206;0.34;0.3376922316516937
0.26;0.3642841671783993;0.7;0.4629954910524756;0.4;0.31924232535217634
0.34;0.4829223997416125;0.36;0.38947210433177515;0.22;0.28236688654391245
0.52;0.3740416185338681;0.24;0.40562222170332085;0.48;0.3030746457623229
0.2;0.39917047680973533;0.72;0.44877804262145193;0.16;0.2894328007132353
0.66;0.48433636492260723;0.26;0.3777050087666942;0.38;0.2376397785480092
0.22;0.4186245743942116;0.38;0.4370249504935305;0.16;0.2845854847161289
0.46;0.29274185296657024;0.12;0.17981127464234903;0.5;0.31310527492934087
0.34;0.44120561630017624;0.54;0.4007042620095019;0.28;0.29150932745589
0.42;0.38314261403333716;0.2;0.15625273518319102;0.36;0.28095529203439346
0.22;0.38446569128346797;0.6;0.43343074209784366;0.32;0.3243402221657777
0.5;0.41436843608803914;0.48;0.3957772213366566;0.22;0.2895427703233689
0.8;0.44254203410075055;0.16;0.4139568742937637;0.16;0.2674132582952772
0.32;0.36357407691123367;0.12;0.1415944433928477;0.44;0.2859106880226896
0.16;0.3843463614753081;0.8;0.4501207748761986;0.16;0.29294758106843877
0.4;0.31143765278037605;0.16;0.1884161762133283;0.28;0.2889921655711989
0.12;-0.03145563801278228;0.32;0.42184331646281303;0.44;0.32405024133252447
0.28;0.4090000968231544;0.48;0.4320452257298657;0.22;0.3005503129981961
