l1_test;l1_pred;l2_test;l2_pred;beta_test;beta_pred;
0.24;0.23508000000000095;0.1;0.10723999999999997;0.3;0.26095999999999975
0.2;0.19828000000000046;0.64;0.638640000000001;0.22;0.2173199999999998
0.7;0.6933599999999974;0.12;0.12459999999999995;0.32;0.32147999999999954
0.66;0.6595200000000014;0.22;0.2286400000000003;0.34;0.3442800000000005
0.34;0.3389600000000011;0.62;0.6174799999999963;0.5;0.4935999999999991
0.3;0.299880000000002;0.66;0.6539599999999971;0.12;0.11940000000000017
0.38;0.3739600000000023;0.1;0.10448;0.26;0.24907999999999947
0.24;0.23816000000000123;0.74;0.665199999999997;0.26;0.2416000000000008
0.46;0.46179999999999755;0.42;0.4341199999999986;0.32;0.31876000000000104
0.52;0.5173600000000027;0.28;0.28928000000000026;0.42;0.4203200000000016
0.68;0.6796399999999982;0.24;0.24668000000000012;0.4;0.4022000000000004
0.42;0.41851999999999917;0.52;0.529680000000001;0.36;0.35971999999999926
0.68;0.6843599999999979;0.26;0.25967999999999997;0.32;0.32572000000000145
0.24;0.24144000000000107;0.68;0.698279999999999;0.36;0.3641199999999989
0.36;0.3640400000000014;0.38;0.3720800000000005;0.2;0.20191999999999996
0.18;0.18908000000000047;0.18;0.16876000000000024;0.32;0.34931999999999985
0.1;0.11923999999999996;0.52;0.5506800000000005;0.1;0.10619999999999999
0.1;0.11411999999999997;0.7;0.6870799999999992;0.28;0.27388
0.58;0.5803200000000011;0.24;0.23280000000000053;0.4;0.41136000000000134
0.34;0.3360800000000006;0.32;0.34312000000000065;0.34;0.3595999999999999
0.3;0.30368000000000167;0.58;0.5958799999999994;0.18;0.18404000000000037
0.26;0.25088000000000005;0.34;0.3821600000000017;0.18;0.1991600000000005
0.5;0.4962400000000015;0.16;0.16172000000000014;0.32;0.3228799999999997
0.32;0.32140000000000046;0.38;0.3791200000000015;0.46;0.4587600000000007
0.1;0.11735999999999994;0.38;0.3610800000000011;0.2;0.20064
0.66;0.6593600000000042;0.32;0.2922800000000012;0.38;0.3817599999999977
0.46;0.44963999999999804;0.2;0.2099600000000005;0.46;0.4405199999999999
0.52;0.5186400000000029;0.36;0.37084000000000195;0.36;0.36259999999999903
0.36;0.33912000000000025;0.22;0.23104000000000077;0.4;0.36396
0.14;0.13947999999999988;0.76;0.7715999999999975;0.16;0.1603600000000001
0.12;0.12171999999999994;0.52;0.5254000000000022;0.36;0.3675199999999988
0.24;0.23572000000000118;0.34;0.3553200000000013;0.48;0.48539999999999817
0.36;0.36040000000000066;0.56;0.5741200000000004;0.46;0.4598799999999984
0.18;0.18432000000000034;0.2;0.19036000000000017;0.34;0.3628800000000001
0.82;0.8171599999999971;0.1;0.12899999999999992;0.38;0.3568399999999997
0.16;0.15664000000000006;0.66;0.6560799999999979;0.12;0.11740000000000013
0.24;0.240680000000001;0.66;0.6694399999999979;0.2;0.19935999999999998
0.42;0.4312799999999988;0.24;0.233160000000001;0.18;0.17636000000000007
0.4;0.39980000000000143;0.54;0.5543200000000015;0.48;0.48031999999999775
0.28;0.2866400000000003;0.32;0.30536000000000146;0.2;0.22167999999999982
0.22;0.2183200000000005;0.74;0.7324000000000005;0.32;0.31316000000000155
0.5;0.49952000000000374;0.48;0.45203999999999817;0.12;0.11988000000000017
0.76;0.7554000000000022;0.14;0.15740000000000012;0.24;0.23211999999999994
0.38;0.38712000000000213;0.18;0.17440000000000005;0.3;0.30852000000000096
0.1;0.10527999999999998;0.58;0.5683600000000009;0.5;0.48239999999999805
0.86;0.8504399999999975;0.1;0.12007999999999995;0.14;0.1213600000000001
0.4;0.39860000000000145;0.58;0.5482800000000012;0.22;0.2178399999999998
0.12;0.12479999999999992;0.34;0.3420799999999999;0.5;0.4886399999999985
0.14;0.13587999999999992;0.52;0.5262800000000021;0.44;0.44152000000000013
0.34;0.33656000000000064;0.16;0.16100000000000014;0.36;0.35479999999999984
0.46;0.46179999999999755;0.34;0.34272000000000047;0.16;0.16284000000000023
0.2;0.19664000000000056;0.38;0.3850400000000012;0.22;0.2218399999999999
0.48;0.4806799999999963;0.48;0.4801600000000011;0.5;0.4943199999999992
0.16;0.16188;0.28;0.27464000000000033;0.24;0.25452
0.12;0.12031999999999995;0.64;0.6442000000000003;0.36;0.3685599999999991
0.2;0.19656000000000054;0.4;0.40828;0.26;0.26148000000000055
0.36;0.362640000000001;0.4;0.3925200000000011;0.38;0.37500000000000017
0.64;0.6365999999999977;0.22;0.23336000000000054;0.12;0.11844000000000014
0.56;0.5648000000000011;0.26;0.2401600000000009;0.3;0.30952000000000074
0.24;0.23932000000000062;0.3;0.2974400000000004;0.12;0.12724000000000008
0.3;0.30344000000000165;0.5;0.4966800000000003;0.14;0.14124000000000003
0.6;0.5988399999999976;0.36;0.3670000000000022;0.26;0.25928000000000095
0.6;0.5935599999999983;0.28;0.2945600000000011;0.16;0.15827999999999998
0.18;0.19388000000000022;0.34;0.3288800000000001;0.24;0.24516000000000018
0.12;0.12079999999999994;0.56;0.5614800000000006;0.16;0.16272000000000014
0.28;0.27911999999999904;0.54;0.532320000000002;0.48;0.4644799999999999
0.52;0.5137200000000021;0.12;0.12559999999999993;0.4;0.39199999999999957
0.16;0.16024000000000027;0.8;0.7960399999999968;0.24;0.23811999999999886
0.76;0.7624000000000031;0.2;0.19375999999999996;0.16;0.16572000000000026
0.54;0.5375200000000012;0.42;0.42291999999999913;0.18;0.1802000000000007
0.14;0.14263999999999988;0.26;0.2558800000000004;0.14;0.14643999999999996
0.56;0.5628000000000011;0.3;0.3004400000000001;0.14;0.14468000000000014
0.24;0.24260000000000073;0.54;0.5398000000000003;0.12;0.12312000000000015
0.12;0.12019999999999993;0.2;0.19596000000000008;0.24;0.2588399999999999
0.4;0.4002000000000013;0.52;0.5245200000000017;0.36;0.35959999999999914
0.44;0.45171999999999835;0.24;0.23040000000000066;0.22;0.23195999999999994
0.28;0.279599999999999;0.66;0.6703599999999985;0.46;0.45927999999999775
0.38;0.38092000000000253;0.54;0.5474800000000013;0.24;0.23899999999999938
0.22;0.21980000000000058;0.46;0.46751999999999866;0.2;0.20691999999999985
0.6;0.5990799999999984;0.3;0.30620000000000047;0.48;0.4805999999999977
0.18;0.18048000000000003;0.58;0.5847599999999997;0.34;0.3493200000000001
0.48;0.4852399999999985;0.36;0.3501600000000006;0.34;0.3420800000000007
0.12;0.11971999999999992;0.58;0.57564;0.36;0.35155999999999993
0.4;0.39680000000000143;0.36;0.3774000000000013;0.3;0.31572000000000067
0.52;0.5043600000000026;0.1;0.11779999999999995;0.22;0.1771600000000004
0.6;0.6004799999999975;0.34;0.34728000000000064;0.38;0.3799999999999979
0.1;0.10815999999999998;0.16;0.15551999999999994;0.4;0.4052400000000006
0.52;0.5205200000000029;0.44;0.44011999999999885;0.44;0.4403600000000024
0.46;0.46595999999999765;0.38;0.37324000000000174;0.26;0.2646799999999998
0.3;0.30252000000000095;0.18;0.17664000000000013;0.12;0.12528000000000003
0.18;0.1759600000000003;0.14;0.16016000000000005;0.5;0.4391199999999994
0.5;0.49876000000000104;0.12;0.12003999999999995;0.32;0.32075999999999977
0.18;0.1816800000000001;0.5;0.4941199999999995;0.28;0.28279999999999983
0.12;0.13191999999999993;0.16;0.14231999999999986;0.18;0.23672000000000026
0.5;0.5001200000000041;0.46;0.4618399999999969;0.5;0.49531999999999937
0.34;0.3401600000000011;0.56;0.5637200000000004;0.34;0.33828000000000025
0.26;0.26556;0.32;0.3025200000000004;0.28;0.31184000000000023
0.44;0.42659999999999887;0.32;0.35320000000000085;0.12;0.12036000000000016
0.3;0.2969600000000006;0.24;0.2410800000000007;0.22;0.22071999999999994
0.62;0.6218399999999995;0.28;0.286160000000001;0.24;0.2426799999999994
0.52;0.5195200000000028;0.44;0.436359999999999;0.3;0.30000000000000004
0.44;0.45111999999999775;0.36;0.3413600000000009;0.24;0.24155999999999964
0.16;0.1592800000000002;0.78;0.7864400000000009;0.42;0.42036000000000245
0.2;0.20064000000000073;0.52;0.5210400000000016;0.32;0.3233999999999996
0.8;0.8025600000000012;0.16;0.14763999999999985;0.44;0.4580400000000015
0.16;0.17644000000000024;0.36;0.3399200000000005;0.18;0.1884000000000003
0.36;0.3621200000000008;0.46;0.4563999999999981;0.32;0.31828
0.26;0.2593599999999996;0.66;0.6763999999999978;0.46;0.46247999999999756
0.26;0.25799999999999973;0.72;0.6932400000000012;0.14;0.13940000000000033
0.12;0.12623999999999994;0.3;0.29328000000000026;0.34;0.34532000000000046
0.12;0.11987999999999994;0.7;0.6953999999999977;0.24;0.23951999999999923
0.16;0.15856000000000006;0.5;0.5154800000000009;0.28;0.29139999999999944
0.1;0.11655999999999996;0.38;0.3594800000000009;0.24;0.24055999999999914
0.22;0.2173200000000005;0.74;0.73848;0.1;0.1002
0.54;0.5385200000000016;0.2;0.20660000000000048;0.5;0.48099999999999776
0.16;0.16456;0.24;0.24000000000000038;0.32;0.32520000000000016
0.4;0.3930800000000017;0.3;0.3229999999999996;0.26;0.2716799999999997
0.14;0.13007999999999992;0.1;0.11031999999999996;0.22;0.19216000000000016
0.38;0.38372000000000234;0.4;0.3932400000000009;0.44;0.43279999999999996
0.18;0.1834000000000002;0.6;0.6105199999999996;0.1;0.10627999999999997
0.36;0.3604800000000011;0.4;0.41236000000000106;0.1;0.10851999999999999
0.18;0.17956000000000003;0.62;0.6241999999999978;0.38;0.3831599999999997
0.2;0.19632000000000008;0.22;0.22056000000000053;0.34;0.3438800000000003
0.38;0.38780000000000153;0.22;0.21136000000000044;0.16;0.16455999999999987
0.1;0.10732;0.8;0.8119199999999974;0.3;0.2949599999999998
0.12;0.12011999999999995;0.14;0.14415999999999987;0.4;0.3846799999999995
0.12;0.11071999999999999;0.12;0.12887999999999994;0.12;0.11948000000000007
0.32;0.3138000000000009;0.34;0.3691200000000007;0.2;0.2115599999999999
0.66;0.6623600000000015;0.2;0.20236000000000012;0.46;0.46567999999999843
0.2;0.19540000000000063;0.66;0.6543999999999991;0.34;0.3328800000000005
0.26;0.2574399999999998;0.56;0.561440000000001;0.38;0.3793599999999995
0.56;0.5609200000000009;0.38;0.3701200000000012;0.2;0.1998
0.34;0.3541600000000009;0.24;0.22076000000000068;0.1;0.11808000000000005
0.36;0.35420000000000085;0.3;0.33456000000000036;0.22;0.22551999999999972
0.3;0.3000400000000021;0.66;0.6597199999999968;0.34;0.3372000000000001
0.28;0.28087999999999985;0.14;0.13843999999999987;0.26;0.2682799999999995
0.12;0.11295999999999996;0.1;0.10655999999999999;0.42;0.3879199999999995
0.16;0.1668400000000001;0.26;0.24728000000000075;0.44;0.4638799999999982
0.62;0.619439999999999;0.22;0.2199200000000005;0.36;0.3625199999999991
0.6;0.599599999999997;0.36;0.363680000000002;0.36;0.3602799999999992
0.24;0.23948000000000125;0.7;0.7039999999999956;0.24;0.23875999999999892
0.1;0.10531999999999998;0.56;0.5474400000000013;0.5;0.48131999999999786
0.2;0.19636000000000076;0.38;0.39132000000000106;0.44;0.4406400000000012
0.22;0.21572000000000047;0.76;0.6880799999999969;0.18;0.17080000000000042
0.28;0.27584000000000003;0.28;0.28148000000000045;0.14;0.14251999999999992
0.6;0.5927999999999991;0.24;0.24356000000000028;0.12;0.12132000000000016
0.1;0.11311999999999997;0.64;0.6320400000000002;0.24;0.23563999999999963
0.62;0.6211600000000004;0.32;0.32296;0.22;0.22123999999999988
0.26;0.26112000000000024;0.16;0.15607999999999994;0.14;0.15495999999999993
0.38;0.38364000000000237;0.46;0.4613199999999981;0.4;0.40692000000000006
0.2;0.19524000000000066;0.68;0.6884799999999999;0.36;0.3557199999999993
0.22;0.21660000000000063;0.66;0.6676;0.24;0.23919999999999977
0.72;0.7194399999999951;0.26;0.2188000000000005;0.46;0.46047999999999883
0.66;0.6603600000000021;0.22;0.22832000000000052;0.4;0.4017200000000002
0.32;0.3199200000000006;0.56;0.5704000000000007;0.42;0.43392000000000064
0.5;0.49548000000000014;0.28;0.30764000000000064;0.1;0.10192000000000001
0.32;0.3199200000000005;0.6;0.6180000000000007;0.4;0.40288000000000046
0.28;0.2785999999999995;0.36;0.3738400000000019;0.24;0.24711999999999987
0.16;0.16368000000000008;0.14;0.13539999999999988;0.16;0.1694399999999999
0.34;0.33268000000000053;0.32;0.34860000000000096;0.3;0.30467999999999995
0.38;0.3816000000000023;0.5;0.5112400000000004;0.28;0.28647999999999946
0.36;0.361640000000001;0.4;0.3953600000000004;0.26;0.25891999999999993
0.4;0.3990000000000014;0.44;0.4449199999999985;0.36;0.3684799999999992
0.64;0.6402399999999954;0.3;0.30860000000000015;0.44;0.44156000000000206
0.12;0.11555999999999995;0.24;0.24316000000000018;0.26;0.2576799999999997
0.3;0.30164000000000196;0.52;0.5200800000000013;0.28;0.2820800000000001
0.68;0.6809599999999982;0.22;0.22300000000000061;0.18;0.18248000000000056
0.2;0.1999200000000008;0.5;0.49231999999999915;0.32;0.32448
0.14;0.15323999999999996;0.3;0.28764000000000006;0.16;0.16800000000000026
0.66;0.6513999999999988;0.12;0.12667999999999993;0.24;0.2285600000000001
0.78;0.7801199999999949;0.18;0.18100000000000077;0.46;0.46471999999999786
0.38;0.3832400000000022;0.44;0.43075999999999953;0.28;0.2796400000000003
0.44;0.4481199999999976;0.4;0.3834000000000014;0.28;0.27647999999999945
0.72;0.7219999999999948;0.18;0.18248000000000048;0.42;0.4262000000000006
0.32;0.3194800000000005;0.5;0.5009200000000001;0.3;0.3041600000000001
0.28;0.2729999999999995;0.1;0.10579999999999999;0.2;0.1837200000000004
0.34;0.33604000000000034;0.26;0.2692800000000009;0.38;0.36511999999999956
0.12;0.12087999999999993;0.7;0.7049599999999974;0.38;0.3881599999999991
0.44;0.42963999999999897;0.24;0.23884000000000066;0.36;0.37715999999999983
0.44;0.44043999999999744;0.54;0.5064400000000007;0.38;0.37767999999999785
0.28;0.28620000000000045;0.26;0.24836000000000075;0.1;0.12260000000000013
0.2;0.18880000000000038;0.36;0.39112000000000197;0.16;0.16112000000000004
0.1;0.10803999999999997;0.14;0.13063999999999992;0.4;0.42716000000000065
0.34;0.33180000000000015;0.28;0.2828800000000007;0.24;0.2353200000000001
0.84;0.835720000000002;0.1;0.1265999999999999;0.44;0.4182000000000013
0.34;0.33688000000000096;0.34;0.354440000000001;0.42;0.4308000000000005
0.54;0.5428400000000008;0.32;0.3193200000000003;0.2;0.20119999999999996
0.32;0.32144000000000034;0.18;0.17720000000000008;0.42;0.4292400000000004
0.74;0.713839999999997;0.1;0.11943999999999996;0.1;0.14199999999999993
0.28;0.27971999999999914;0.56;0.5452000000000009;0.48;0.4553999999999993
0.1;0.10203999999999999;0.84;0.854839999999995;0.28;0.276959999999999
0.14;0.13919999999999988;0.84;0.8128799999999972;0.44;0.4410400000000019
0.44;0.44055999999999745;0.5;0.5137200000000016;0.26;0.26032000000000105
0.36;0.3600000000000007;0.58;0.5883599999999986;0.28;0.2767599999999989
0.28;0.27895999999999915;0.7;0.6500799999999977;0.2;0.19196000000000008
0.4;0.4001200000000013;0.56;0.5512000000000019;0.5;0.49095999999999884
0.16;0.15864000000000006;0.76;0.7699199999999972;0.14;0.1399200000000003
0.26;0.26883999999999975;0.28;0.2647199999999998;0.1;0.12560000000000016
0.1;0.10939999999999998;0.8;0.8075199999999968;0.28;0.27339999999999975
0.46;0.45775999999999767;0.14;0.1406799999999999;0.18;0.18732000000000024
0.32;0.3235600000000007;0.14;0.1376399999999999;0.2;0.20168000000000014
0.4;0.40212000000000114;0.22;0.21160000000000045;0.28;0.2902800000000004
0.26;0.2622799999999999;0.14;0.1513599999999999;0.44;0.38583999999999985
0.34;0.340120000000001;0.38;0.37740000000000173;0.44;0.4356800000000002
0.6;0.6005599999999975;0.32;0.3290400000000004;0.28;0.28071999999999875
0.16;0.15732;0.26;0.2556000000000004;0.34;0.3531600000000001
0.1;0.11619999999999996;0.24;0.21592000000000042;0.22;0.2573599999999996
0.16;0.15443999999999994;0.12;0.12935999999999992;0.28;0.24504000000000045
0.14;0.13851999999999987;0.82;0.8241600000000016;0.12;0.12008000000000016
0.3;0.3000000000000011;0.1;0.10344;0.38;0.35436000000000045
0.34;0.33952000000000054;0.28;0.2731999999999998;0.16;0.17888000000000004
0.28;0.28207999999999994;0.3;0.2910800000000001;0.3;0.31816000000000016
0.32;0.3223600000000006;0.26;0.25948000000000027;0.28;0.2819999999999999
0.28;0.2783599999999991;0.66;0.6658799999999983;0.34;0.3324400000000002
0.72;0.7217999999999933;0.26;0.22824000000000097;0.36;0.3640799999999991
0.1;0.11599999999999996;0.3;0.2896000000000005;0.26;0.2633199999999993
0.14;0.13783999999999988;0.68;0.68004;0.22;0.22035999999999972
0.2;0.20312000000000027;0.32;0.3098400000000004;0.36;0.3796799999999996
0.12;0.12491999999999992;0.32;0.31336000000000075;0.14;0.14720000000000014
0.8;0.8002400000000007;0.12;0.1353199999999999;0.16;0.15960000000000021
0.2;0.19988000000000078;0.72;0.7291199999999989;0.24;0.23991999999999894
0.32;0.3194400000000006;0.18;0.18324000000000018;0.26;0.2546799999999994
0.32;0.3213600000000004;0.4;0.3931600000000011;0.48;0.46708000000000044
0.16;0.1621600000000001;0.44;0.431759999999999;0.36;0.3625599999999992
0.62;0.6201199999999988;0.28;0.287560000000001;0.36;0.36247999999999914
0.12;0.12539999999999993;0.34;0.33483999999999997;0.24;0.2404399999999991
0.52;0.5207600000000028;0.46;0.43287999999999816;0.5;0.49555999999999967
0.18;0.17559999999999998;0.78;0.7393600000000027;0.22;0.2137999999999997
0.42;0.41923999999999917;0.38;0.37944000000000133;0.4;0.3965999999999995
0.4;0.4028000000000009;0.32;0.3134400000000005;0.44;0.44248000000000054
0.24;0.24188000000000096;0.46;0.45627999999999874;0.14;0.14260000000000023
0.44;0.434679999999998;0.3;0.3104400000000001;0.26;0.2656799999999998
0.4;0.39660000000000145;0.1;0.10288;0.4;0.3989199999999998
0.56;0.5641200000000011;0.34;0.33552;0.4;0.40312000000000037
0.58;0.5745600000000014;0.28;0.28684000000000076;0.34;0.3388800000000006
0.86;0.8530399999999987;0.1;0.11415999999999996;0.16;0.14504000000000009
0.3;0.2998800000000009;0.2;0.20072000000000034;0.3;0.2972799999999999
0.4;0.40236000000000105;0.4;0.39940000000000064;0.2;0.20463999999999985
0.62;0.6078799999999989;0.18;0.18372;0.42;0.3903200000000007
0.26;0.25636000000000003;0.56;0.5586;0.14;0.13640000000000008
0.12;0.12035999999999995;0.7;0.6959999999999983;0.16;0.16048000000000012
0.14;0.1374399999999999;0.62;0.6301599999999975;0.42;0.43124000000000057
0.42;0.4181999999999992;0.56;0.5306800000000016;0.2;0.1976400000000001
0.54;0.5476400000000008;0.32;0.30712000000000034;0.22;0.22307999999999978
0.72;0.7245599999999975;0.12;0.11623999999999995;0.12;0.1276800000000001
0.36;0.3621600000000014;0.38;0.37428;0.22;0.2207599999999999
0.22;0.22060000000000068;0.68;0.6846400000000014;0.18;0.17904000000000062
0.2;0.20416000000000023;0.34;0.32448;0.38;0.40347999999999934
0.48;0.4682800000000003;0.16;0.16720000000000007;0.14;0.14047999999999988
0.14;0.13639999999999988;0.22;0.2257600000000004;0.26;0.25311999999999946
0.4;0.41744000000000026;0.26;0.24672000000000036;0.14;0.13799999999999998
0.44;0.4447599999999981;0.2;0.19068000000000035;0.24;0.2572000000000003
0.18;0.1802400000000003;0.68;0.6755200000000008;0.22;0.21739999999999987
0.52;0.5059200000000019;0.12;0.1289199999999999;0.34;0.3105200000000004
0.26;0.2594800000000001;0.3;0.30180000000000057;0.26;0.25635999999999964
0.72;0.717479999999997;0.18;0.1950800000000004;0.18;0.17896000000000045
0.62;0.6347599999999983;0.16;0.14451999999999987;0.1;0.15419999999999967
0.22;0.20396000000000036;0.22;0.2518800000000006;0.44;0.3813199999999999
0.16;0.16368000000000005;0.2;0.19564000000000037;0.36;0.37239999999999995
0.72;0.7217199999999938;0.22;0.23196000000000064;0.34;0.34452
0.2;0.19672000000000084;0.74;0.7431599999999985;0.18;0.1789200000000007
0.18;0.1868000000000004;0.14;0.1316799999999999;0.14;0.15611999999999987
0.22;0.21760000000000063;0.44;0.4493199999999983;0.32;0.3284000000000006
0.22;0.21732000000000062;0.7;0.6930399999999977;0.32;0.3089200000000008
0.7;0.7020400000000017;0.28;0.24752000000000005;0.22;0.22276
0.54;0.5405200000000011;0.12;0.12027999999999993;0.42;0.4041999999999993
0.1;0.10167999999999999;0.86;0.8605200000000007;0.18;0.17872000000000066
0.34;0.33968000000000104;0.52;0.5192800000000016;0.24;0.2335599999999999
0.54;0.5458800000000015;0.18;0.17520000000000033;0.34;0.29971999999999976
0.34;0.3394800000000011;0.58;0.5819199999999992;0.5;0.48899999999999855
0.6;0.6182400000000008;0.14;0.12407999999999993;0.1;0.12876000000000007
0.26;0.2585600000000001;0.3;0.29888000000000026;0.3;0.30875999999999987
0.16;0.1606800000000001;0.44;0.44227999999999823;0.48;0.4860399999999988
0.18;0.18312000000000006;0.46;0.45211999999999847;0.12;0.12224000000000017
0.18;0.1794;0.5;0.49740000000000056;0.5;0.4823599999999978
0.26;0.25811999999999974;0.1;0.10627999999999999;0.32;0.2716399999999998
0.48;0.48515999999999865;0.34;0.32436000000000015;0.46;0.4613199999999987
0.38;0.38388000000000216;0.34;0.3313200000000004;0.42;0.41863999999999935
0.12;0.12279999999999994;0.46;0.4500799999999982;0.18;0.18040000000000062
0.38;0.39060000000000095;0.14;0.13099999999999992;0.1;0.11308000000000003
0.72;0.7232799999999964;0.14;0.16256000000000023;0.1;0.10136
0.34;0.3375200000000009;0.54;0.5437200000000011;0.2;0.19751999999999997
0.22;0.22464000000000084;0.56;0.5576800000000007;0.34;0.33968000000000054
0.1;0.11067999999999996;0.12;0.10744;0.2;0.24992000000000072
0.24;0.24224000000000048;0.28;0.2741200000000001;0.36;0.3730399999999998
0.46;0.45951999999999776;0.42;0.4335999999999988;0.2;0.19972
0.36;0.3659600000000012;0.46;0.45055999999999985;0.24;0.23064000000000012
0.38;0.3813600000000026;0.54;0.5423200000000014;0.22;0.21799999999999983
0.72;0.7215199999999944;0.2;0.19944000000000012;0.28;0.28579999999999917
0.84;0.8391200000000018;0.12;0.12683999999999993;0.34;0.3423600000000002
0.14;0.13559999999999992;0.6;0.5951999999999982;0.46;0.4532400000000001
0.38;0.3813600000000026;0.6;0.5713600000000009;0.34;0.33572000000000024
0.68;0.6797999999999979;0.3;0.2704799999999995;0.36;0.35999999999999915
0.66;0.6555199999999995;0.2;0.21108000000000035;0.16;0.16004000000000013
0.22;0.19804000000000033;0.22;0.26396000000000047;0.5;0.42011999999999966
0.42;0.41859999999999914;0.48;0.48172;0.44;0.4373600000000005
0.1;0.10804;0.52;0.5001200000000018;0.36;0.3512799999999998
0.26;0.25512000000000007;0.36;0.37296000000000196;0.28;0.28075999999999957
0.38;0.38192000000000226;0.52;0.5348800000000011;0.1;0.1032
0.4;0.401640000000001;0.32;0.32020000000000004;0.4;0.4078799999999993
0.24;0.2390000000000009;0.62;0.6163999999999978;0.12;0.11800000000000013
0.52;0.5188000000000027;0.42;0.397960000000001;0.1;0.10067999999999999
0.2;0.18340000000000017;0.24;0.2640400000000001;0.46;0.4238400000000018
0.18;0.17988000000000015;0.7;0.7058399999999978;0.4;0.3979199999999998
0.38;0.3738800000000019;0.24;0.2580000000000001;0.48;0.4426800000000009
0.18;0.18040000000000023;0.1;0.11175999999999997;0.34;0.24400000000000022
0.14;0.1419599999999999;0.68;0.6897200000000002;0.32;0.3295600000000004
0.16;0.16348000000000018;0.42;0.4082800000000004;0.44;0.44536000000000053
0.28;0.2936000000000011;0.3;0.2729199999999996;0.42;0.4618000000000003
0.5;0.4932399999999999;0.12;0.12647999999999993;0.22;0.20908000000000015
0.16;0.15624000000000005;0.66;0.6539199999999984;0.5;0.4802399999999981
0.38;0.38528000000000223;0.44;0.4313199999999989;0.38;0.3766399999999993
0.14;0.15876000000000012;0.18;0.15644000000000005;0.1;0.1454799999999998
0.34;0.3398000000000011;0.16;0.16184000000000023;0.24;0.23948000000000044
0.16;0.15940000000000015;0.54;0.5433200000000012;0.38;0.3865599999999994
0.12;0.12807999999999992;0.38;0.3622000000000015;0.26;0.26572000000000057
0.6;0.5990399999999974;0.38;0.35312000000000077;0.32;0.3206400000000017
0.24;0.24304000000000087;0.62;0.6234799999999976;0.34;0.34768000000000004
0.8;0.800440000000001;0.12;0.1350799999999999;0.26;0.2576799999999994
0.72;0.7030399999999992;0.1;0.11707999999999996;0.3;0.2543599999999997
0.46;0.4501199999999988;0.18;0.1820400000000004;0.1;0.11040000000000001
0.2;0.1992400000000005;0.48;0.48196000000000044;0.14;0.14204000000000022
0.16;0.15007999999999985;0.1;0.11059999999999996;0.22;0.18928000000000023
0.22;0.23456000000000074;0.26;0.2389200000000009;0.1;0.12328000000000013
0.68;0.6831999999999986;0.2;0.1951600000000003;0.46;0.46779999999999794
0.12;0.12243999999999994;0.42;0.4365199999999998;0.1;0.10416
0.12;0.11415999999999996;0.58;0.5825599999999997;0.46;0.45188000000000034
0.58;0.5759600000000006;0.26;0.2528400000000005;0.34;0.34304000000000034
0.5;0.4833599999999982;0.1;0.11771999999999996;0.22;0.18016000000000018
0.46;0.45327999999999763;0.12;0.12403999999999994;0.48;0.46863999999999867
0.46;0.4614399999999975;0.36;0.3579600000000014;0.46;0.467399999999998
0.34;0.33804000000000084;0.48;0.47940000000000105;0.18;0.1770800000000003
0.24;0.24156000000000116;0.58;0.5726000000000004;0.42;0.4115600000000003
0.64;0.640439999999996;0.32;0.295640000000001;0.12;0.12028000000000016
0.1;0.10935999999999997;0.42;0.4187199999999994;0.5;0.483559999999998
0.44;0.44459999999999755;0.42;0.4150399999999997;0.26;0.24907999999999966
0.32;0.3196400000000005;0.62;0.6330799999999974;0.34;0.3392400000000004
0.3;0.30120000000000124;0.3;0.30996000000000085;0.48;0.46216000000000046
0.18;0.17759999999999992;0.78;0.7791200000000014;0.48;0.47759999999999714
0.28;0.2787200000000001;0.28;0.2772400000000005;0.12;0.12532000000000004
0.1;0.12211999999999994;0.16;0.1373199999999999;0.16;0.18108000000000044
0.2;0.19828000000000087;0.74;0.7503999999999995;0.48;0.47767999999999733
0.32;0.3165600000000006;0.24;0.24104000000000086;0.36;0.3541200000000001
0.52;0.5191600000000027;0.46;0.39856000000000086;0.1;0.10084
0.58;0.5804400000000004;0.22;0.22596000000000047;0.28;0.2828399999999996
0.7;0.6945599999999988;0.16;0.18216000000000002;0.3;0.2922399999999995
0.68;0.6813199999999975;0.26;0.2624400000000003;0.46;0.4617199999999969
0.22;0.22388000000000072;0.64;0.6460799999999997;0.38;0.3803999999999988
0.4;0.3974000000000013;0.32;0.33692;0.26;0.27407999999999977
0.4;0.4078400000000006;0.22;0.21104000000000053;0.18;0.17860000000000026
0.14;0.1380799999999999;0.58;0.5722800000000001;0.36;0.35231999999999974
0.1;0.10132;0.88;0.8371999999999948;0.46;0.44807999999999815
0.26;0.2614400000000001;0.16;0.15631999999999993;0.16;0.17384000000000005
0.5;0.4946000000000015;0.12;0.12391999999999992;0.42;0.40496000000000043
0.16;0.15928000000000014;0.6;0.6041199999999987;0.32;0.3229600000000004
0.6;0.6012399999999981;0.32;0.3308000000000004;0.32;0.32088000000000166
0.26;0.25671999999999995;0.48;0.5049600000000017;0.14;0.14796
0.74;0.7279999999999959;0.14;0.17888000000000037;0.28;0.2520800000000002
0.1;0.10804;0.6;0.5894000000000001;0.36;0.3530799999999998
0.8;0.8021600000000005;0.12;0.11803999999999995;0.2;0.2070799999999998
0.32;0.31456000000000084;0.12;0.12399999999999992;0.42;0.4125599999999988
0.28;0.27567999999999926;0.34;0.35492000000000123;0.34;0.3402400000000009
0.34;0.33976000000000045;0.26;0.2638400000000009;0.4;0.3935199999999997
0.16;0.1582;0.26;0.26563999999999993;0.5;0.4862399999999985
0.6;0.6008399999999983;0.32;0.3371600000000007;0.34;0.3399200000000001
0.32;0.3218800000000008;0.16;0.15860000000000005;0.44;0.4485599999999998
0.44;0.4400399999999975;0.48;0.49236000000000224;0.12;0.12048000000000017
0.48;0.47971999999999737;0.3;0.3037200000000006;0.46;0.46523999999999877
0.44;0.43839999999999824;0.12;0.11995999999999993;0.42;0.43132000000000054
0.1;0.10959999999999998;0.72;0.7155599999999992;0.2;0.19672000000000014
0.2;0.20868000000000025;0.14;0.1294799999999999;0.26;0.30043999999999993
0.74;0.7422399999999991;0.24;0.18340000000000026;0.14;0.14723999999999998
0.56;0.5630800000000009;0.34;0.3505200000000007;0.14;0.14172000000000023
0.64;0.6402399999999963;0.28;0.2942400000000005;0.16;0.1610800000000001
0.2;0.1967600000000005;0.64;0.6396400000000004;0.24;0.23648000000000008
0.1;0.11619999999999996;0.68;0.6590799999999994;0.12;0.1144800000000001
0.8;0.8073599999999996;0.16;0.13135999999999992;0.18;0.19792000000000012
0.52;0.5108000000000028;0.24;0.2671200000000003;0.44;0.426600000000002
0.14;0.14411999999999986;0.74;0.7399599999999976;0.2;0.20103999999999997
0.12;0.11779999999999995;0.48;0.4796400000000002;0.34;0.3395600000000002
0.14;0.13767999999999989;0.46;0.47064000000000006;0.22;0.22547999999999963
0.24;0.2392400000000011;0.36;0.36340000000000167;0.42;0.42716000000000187
0.24;0.24116000000000107;0.38;0.3750400000000019;0.46;0.4590399999999997
0.22;0.22136000000000075;0.36;0.37104000000000187;0.44;0.44472000000000006
0.36;0.36120000000000146;0.26;0.2575200000000005;0.42;0.42475999999999914
0.58;0.5660000000000015;0.1;0.11391999999999995;0.16;0.14036000000000004
0.18;0.17564000000000018;0.66;0.6635199999999991;0.32;0.32060000000000033
0.14;0.14027999999999988;0.44;0.4321199999999988;0.46;0.4559599999999994
0.28;0.2802399999999993;0.58;0.5774399999999995;0.22;0.2175999999999997
0.42;0.4183999999999993;0.32;0.32500000000000023;0.44;0.45011999999999935
0.48;0.47491999999999795;0.28;0.2954400000000006;0.3;0.3027600000000002
0.18;0.17803999999999992;0.78;0.7752399999999994;0.14;0.1393600000000003
0.2;0.1994400000000001;0.22;0.22032000000000052;0.24;0.24776000000000006
0.34;0.34144000000000074;0.38;0.3783200000000006;0.24;0.24132000000000034
0.2;0.1970400000000007;0.66;0.6473599999999987;0.38;0.3628799999999996
0.6;0.5964399999999973;0.36;0.36832000000000203;0.16;0.15911999999999998
0.7;0.6984000000000017;0.24;0.2446800000000002;0.5;0.4977199999999997
0.56;0.5657200000000009;0.32;0.31492000000000037;0.28;0.28483999999999937
0.56;0.5590000000000009;0.4;0.40300000000000036;0.28;0.2798399999999986
0.22;0.21600000000000055;0.2;0.20588000000000065;0.38;0.3717600000000001
0.3;0.29984000000000205;0.68;0.6479600000000014;0.2;0.19772000000000006
0.72;0.7223599999999937;0.26;0.22616000000000103;0.26;0.26424000000000086
0.52;0.5169600000000023;0.2;0.1983200000000003;0.4;0.41927999999999954
0.22;0.2216800000000006;0.54;0.5414000000000012;0.26;0.2642399999999994
0.5;0.5019200000000021;0.36;0.3575200000000015;0.2;0.20095999999999997
0.44;0.4445199999999984;0.18;0.17184000000000027;0.12;0.13188000000000008
0.22;0.2182000000000005;0.7;0.7131599999999962;0.26;0.25996000000000075
0.12;0.12331999999999994;0.68;0.6771199999999988;0.16;0.16176000000000018
0.44;0.45667999999999886;0.18;0.17092000000000007;0.4;0.4117600000000009
0.12;0.14091999999999988;0.16;0.1362399999999999;0.1;0.13819999999999985
0.38;0.38680000000000214;0.18;0.17196000000000009;0.28;0.29248000000000074
0.36;0.3636400000000009;0.14;0.13975999999999988;0.46;0.4437200000000008
0.1;0.10328;0.42;0.41415999999999986;0.44;0.43679999999999986
0.26;0.2549600000000001;0.34;0.36044000000000115;0.36;0.36507999999999924
0.22;0.21984000000000067;0.7;0.7142399999999958;0.12;0.11980000000000017
0.18;0.18224000000000018;0.12;0.12655999999999992;0.36;0.3089599999999995
0.42;0.419639999999999;0.42;0.4099599999999998;0.48;0.46971999999999936
0.34;0.33660000000000023;0.24;0.25664000000000053;0.44;0.402799999999999
0.24;0.23856000000000127;0.48;0.4803199999999995;0.38;0.38107999999999975
0.76;0.7615200000000029;0.18;0.17888000000000048;0.36;0.37083999999999934
0.3;0.3005200000000018;0.46;0.47991999999999874;0.26;0.2823599999999996
0.18;0.17580000000000015;0.46;0.4657599999999977;0.46;0.45939999999999986
0.64;0.6408799999999951;0.34;0.3102000000000009;0.2;0.19992000000000001
0.2;0.1906000000000002;0.1;0.11003999999999996;0.2;0.17548000000000033
0.14;0.13951999999999987;0.48;0.48008000000000034;0.24;0.24315999999999932
0.48;0.47283999999999776;0.3;0.3319600000000006;0.1;0.10156000000000001
0.34;0.3380800000000007;0.48;0.4791200000000011;0.16;0.1568400000000001
0.36;0.36080000000000084;0.58;0.5717999999999985;0.18;0.17456000000000058
0.18;0.18052000000000037;0.22;0.21868000000000065;0.38;0.38512000000000024
0.64;0.6327999999999974;0.14;0.14747999999999986;0.2;0.1975200000000002
0.22;0.2206000000000006;0.68;0.6864400000000002;0.14;0.13936000000000023
0.3;0.298480000000001;0.14;0.14039999999999989;0.36;0.36499999999999966
0.5;0.4870000000000008;0.16;0.16504000000000016;0.4;0.38623999999999936
0.26;0.25780000000000003;0.64;0.6332399999999992;0.18;0.17592000000000046
0.26;0.2515600000000004;0.34;0.36708000000000157;0.3;0.3045600000000003
0.14;0.13819999999999988;0.28;0.2810000000000007;0.16;0.16320000000000007
0.14;0.1335999999999999;0.12;0.1343599999999999;0.42;0.36475999999999964
0.5;0.5028400000000026;0.38;0.38656000000000057;0.16;0.16080000000000008
0.52;0.5247600000000024;0.32;0.3124800000000005;0.34;0.3443200000000003
0.68;0.6592000000000027;0.1;0.12055999999999993;0.34;0.2696800000000003
0.4;0.400760000000001;0.32;0.3187200000000004;0.12;0.12036000000000016
0.18;0.17656000000000008;0.46;0.46379999999999766;0.48;0.4780799999999993
0.2;0.19796000000000008;0.26;0.2596400000000006;0.14;0.14851999999999985
0.14;0.1374399999999999;0.14;0.1395999999999999;0.16;0.18488000000000002
0.54;0.5402000000000012;0.26;0.2686800000000003;0.5;0.4897599999999985
0.72;0.731439999999999;0.12;0.11199999999999997;0.34;0.3598
0.24;0.24216000000000096;0.52;0.5262000000000016;0.28;0.29316000000000014
0.18;0.17880000000000018;0.66;0.6583199999999979;0.16;0.15988000000000005
0.2;0.19840000000000008;0.24;0.23856000000000047;0.2;0.2122
0.42;0.41252000000000005;0.34;0.36240000000000044;0.2;0.21087999999999987
0.5;0.5047600000000032;0.34;0.3266400000000003;0.32;0.3220800000000012
0.28;0.2803199999999994;0.62;0.6218799999999979;0.16;0.15855999999999998
0.14;0.13523999999999992;0.5;0.5141600000000016;0.32;0.3285200000000012
0.86;0.855479999999995;0.12;0.11327999999999996;0.4;0.3909600000000006
0.68;0.6814799999999973;0.26;0.2668000000000003;0.16;0.16140000000000007
0.1;0.11375999999999997;0.32;0.3171200000000006;0.3;0.2903999999999994
0.16;0.14907999999999988;0.3;0.3078400000000003;0.48;0.4814799999999983
0.42;0.4177199999999993;0.36;0.36064000000000085;0.26;0.2651599999999994
0.22;0.22220000000000067;0.38;0.3716800000000013;0.32;0.3189600000000015
0.46;0.4695999999999987;0.16;0.15375999999999995;0.4;0.413000000000001
0.26;0.2570800000000002;0.22;0.22824000000000058;0.24;0.22408000000000028
0.28;0.27695999999999926;0.62;0.6218399999999977;0.32;0.3086000000000006
0.44;0.4408799999999975;0.5;0.507560000000001;0.34;0.33888000000000046
0.64;0.6384799999999982;0.2;0.2072000000000001;0.2;0.2029999999999999
0.22;0.22356000000000079;0.6;0.5990799999999998;0.36;0.3559599999999995
0.28;0.2781599999999999;0.26;0.26152000000000036;0.28;0.2798799999999998
0.32;0.3161600000000008;0.36;0.37988000000000127;0.2;0.21255999999999986
0.22;0.21900000000000064;0.26;0.27100000000000046;0.32;0.30364
0.56;0.546480000000001;0.18;0.1927600000000005;0.32;0.2984399999999994
0.22;0.21928000000000072;0.38;0.38752000000000114;0.22;0.2242399999999999
0.36;0.3637600000000016;0.28;0.2661200000000003;0.3;0.3327599999999999
0.48;0.4799999999999961;0.46;0.4707999999999979;0.24;0.24039999999999898
0.34;0.3388800000000005;0.2;0.20048000000000063;0.16;0.15900000000000009
0.42;0.4183199999999993;0.42;0.42423999999999923;0.26;0.26035999999999976
0.64;0.6333199999999984;0.2;0.21144000000000046;0.36;0.35519999999999957
0.1;0.11035999999999996;0.44;0.41899999999999965;0.3;0.2959199999999997
0.56;0.5662000000000009;0.3;0.29167999999999994;0.2;0.20479999999999982
0.44;0.43287999999999804;0.32;0.3319200000000005;0.36;0.36407999999999946
0.28;0.2847599999999998;0.24;0.22672000000000073;0.1;0.13759999999999997
0.4;0.4003200000000013;0.54;0.5475200000000016;0.42;0.4201600000000022
0.64;0.6416399999999961;0.12;0.11823999999999994;0.26;0.27159999999999923
0.12;0.11963999999999993;0.14;0.14239999999999986;0.42;0.42048000000000024
0.18;0.1795600000000001;0.44;0.44139999999999807;0.42;0.4271600000000017
0.28;0.2788799999999991;0.7;0.6527999999999988;0.3;0.28655999999999987
0.5;0.5038000000000024;0.3;0.3039200000000005;0.1;0.10428
0.36;0.3618800000000007;0.42;0.4179999999999994;0.38;0.38176000000000004
0.66;0.658359999999999;0.14;0.14415999999999987;0.24;0.21788000000000002
0.48;0.47303999999999746;0.26;0.28444;0.44;0.4399600000000007
0.58;0.564120000000001;0.18;0.20500000000000052;0.5;0.4735199999999981
0.2;0.2000000000000008;0.4;0.40028000000000097;0.46;0.46795999999999777
0.42;0.41983999999999916;0.4;0.39348000000000066;0.42;0.4119600000000007
0.4;0.39756000000000125;0.2;0.21028000000000044;0.48;0.44903999999999955
0.18;0.17916000000000007;0.48;0.4825999999999998;0.38;0.3833199999999989
0.3;0.3103200000000007;0.3;0.2772800000000001;0.36;0.40096000000000026
0.54;0.5406400000000011;0.38;0.3998800000000004;0.46;0.46043999999999735
0.58;0.5834800000000001;0.16;0.15419999999999995;0.34;0.3618400000000005
0.64;0.6338399999999977;0.2;0.2124400000000003;0.32;0.31360000000000066
0.18;0.17811999999999992;0.76;0.7630399999999973;0.16;0.15883999999999993
0.28;0.2768799999999997;0.18;0.2008400000000007;0.5;0.4476800000000001
0.82;0.8278399999999988;0.16;0.12495999999999993;0.1;0.11328000000000005
0.3;0.30024000000000106;0.24;0.2462800000000006;0.32;0.3016800000000003
0.4;0.40024000000000126;0.54;0.5363600000000022;0.5;0.49055999999999866
0.76;0.7603200000000029;0.16;0.17092000000000016;0.36;0.36499999999999966
0.24;0.23680000000000087;0.26;0.26512000000000047;0.44;0.4315599999999993
0.48;0.48255999999999954;0.2;0.20872000000000032;0.48;0.4470400000000002
0.26;0.2582000000000001;0.2;0.19844000000000012;0.28;0.2943600000000003
0.14;0.14043999999999987;0.12;0.12311999999999994;0.24;0.21572000000000013
0.14;0.1375999999999999;0.66;0.6578399999999998;0.24;0.2422799999999997
0.24;0.20608000000000062;0.34;0.4065600000000012;0.16;0.1606400000000001
0.46;0.4604799999999978;0.5;0.5027200000000004;0.42;0.41816000000000225
0.62;0.6209599999999998;0.12;0.11779999999999995;0.32;0.32039999999999963
0.14;0.15459999999999996;0.14;0.12159999999999994;0.1;0.1473999999999997
0.34;0.3374400000000006;0.36;0.3696400000000013;0.24;0.25124000000000024
0.14;0.13947999999999988;0.42;0.4202799999999995;0.38;0.3826799999999982
0.82;0.8196799999999963;0.16;0.1345199999999999;0.48;0.4845199999999982
0.76;0.7671600000000004;0.22;0.16328000000000012;0.24;0.26316000000000034
0.38;0.3832000000000018;0.38;0.37220000000000075;0.2;0.20515999999999995
0.6;0.5996799999999979;0.34;0.35068000000000044;0.4;0.40108000000000016
0.38;0.3806000000000023;0.5;0.514640000000001;0.12;0.12228000000000017
0.58;0.5794800000000019;0.4;0.373360000000002;0.46;0.45999999999999747
0.1;0.11079999999999998;0.68;0.6716000000000011;0.36;0.3536799999999999
0.2;0.19936000000000073;0.6;0.6000799999999997;0.24;0.23892000000000038
0.24;0.23976000000000086;0.12;0.12119999999999993;0.24;0.23388000000000037
0.34;0.3442800000000011;0.4;0.3762800000000013;0.5;0.45915999999999874
0.14;0.12639999999999993;0.18;0.19716000000000045;0.36;0.33668
0.18;0.18756000000000056;0.28;0.26740000000000047;0.18;0.1978000000000002
0.56;0.5632400000000009;0.26;0.24688000000000077;0.32;0.33028000000000096
0.14;0.12971999999999992;0.1;0.11459999999999998;0.36;0.2997199999999996
0.18;0.17724000000000012;0.66;0.6599199999999977;0.3;0.2982000000000002
0.48;0.48171999999999787;0.36;0.3489200000000009;0.12;0.12116000000000016
0.82;0.8213999999999969;0.14;0.1369999999999999;0.4;0.41028000000000053
0.84;0.8342400000000013;0.1;0.1261599999999999;0.48;0.45467999999999875
0.14;0.1385199999999999;0.16;0.15983999999999998;0.18;0.19280000000000003
0.28;0.2767599999999993;0.56;0.5502000000000006;0.3;0.2883599999999998
0.64;0.6359999999999961;0.3;0.3230799999999998;0.5;0.4937999999999992
0.42;0.4024800000000007;0.1;0.11719999999999994;0.14;0.12204000000000012
0.1;0.10744;0.54;0.5334400000000021;0.44;0.4455600000000004
0.14;0.14011999999999988;0.58;0.5731199999999994;0.38;0.374759999999999
0.48;0.48879999999999924;0.34;0.3139200000000007;0.28;0.2852799999999992
0.34;0.34008000000000116;0.5;0.4941999999999993;0.34;0.3312800000000006
0.52;0.5142800000000024;0.26;0.29152000000000083;0.2;0.1937600000000002
0.38;0.38804000000000194;0.44;0.4338399999999993;0.16;0.15948000000000007
0.36;0.3659600000000012;0.16;0.15584000000000003;0.4;0.3916399999999999
0.52;0.5174000000000027;0.26;0.277040000000001;0.24;0.2356399999999999
0.38;0.386600000000002;0.32;0.30248000000000064;0.5;0.47747999999999846
0.2;0.19716000000000086;0.78;0.7452400000000016;0.36;0.3541599999999996
0.26;0.25699999999999995;0.36;0.3618000000000018;0.44;0.43836000000000147
0.18;0.17564000000000007;0.6;0.5970799999999986;0.5;0.471359999999998
0.44;0.4411999999999976;0.26;0.2570399999999998;0.48;0.484479999999999
0.4;0.4002000000000011;0.12;0.12059999999999993;0.32;0.32552000000000014
0.2;0.1980000000000007;0.72;0.7319199999999989;0.1;0.10036
0.18;0.19836000000000048;0.36;0.3333600000000006;0.12;0.14108000000000015
0.1;0.10959999999999998;0.44;0.42963999999999897;0.24;0.24027999999999908
0.62;0.6237199999999984;0.24;0.2360000000000004;0.38;0.38383999999999874
0.18;0.18752000000000033;0.34;0.32196000000000047;0.4;0.4215600000000002
0.66;0.661320000000004;0.26;0.26480000000000037;0.16;0.1616400000000001
0.18;0.17803999999999992;0.76;0.7653599999999985;0.14;0.13952000000000025
0.18;0.17867999999999995;0.74;0.7385599999999993;0.32;0.31528000000000117
0.42;0.4187999999999992;0.42;0.42067999999999944;0.22;0.21947999999999976
0.12;0.11811999999999995;0.64;0.6493600000000006;0.46;0.4760799999999984
0.34;0.3397600000000011;0.6;0.6114399999999999;0.42;0.41756000000000226
0.24;0.23940000000000128;0.74;0.7097999999999958;0.36;0.35699999999999965
0.16;0.1595600000000002;0.58;0.5672400000000005;0.46;0.44472000000000095
0.34;0.33252000000000026;0.32;0.35180000000000133;0.26;0.2650800000000004
0.58;0.5803200000000018;0.32;0.333280000000001;0.12;0.12016000000000018
0.14;0.13839999999999988;0.78;0.7901200000000004;0.36;0.3596799999999993
0.22;0.21784000000000048;0.76;0.7258399999999974;0.24;0.23635999999999902
0.12;0.11987999999999994;0.7;0.6942799999999982;0.48;0.4755199999999986
0.7;0.7237199999999949;0.14;0.11683999999999996;0.12;0.16380000000000008
0.46;0.45671999999999763;0.26;0.29391999999999957;0.12;0.1218400000000001
0.32;0.3200400000000007;0.38;0.37932000000000093;0.32;0.32303999999999994
0.62;0.6209600000000005;0.32;0.3314800000000005;0.26;0.26064000000000115
0.52;0.5227600000000024;0.32;0.31136000000000047;0.3;0.3076800000000005
0.46;0.45383999999999836;0.2;0.19996000000000028;0.12;0.1248000000000001
0.14;0.13927999999999988;0.84;0.813479999999998;0.46;0.4617199999999972
0.54;0.5436800000000008;0.12;0.11775999999999995;0.44;0.4295599999999995
0.12;0.13035999999999992;0.38;0.3590800000000011;0.42;0.43436000000000174
0.54;0.5373600000000015;0.14;0.13927999999999988;0.4;0.38535999999999904
0.16;0.1623200000000002;0.58;0.5868399999999994;0.24;0.24784000000000042
0.48;0.4801599999999972;0.38;0.3815200000000012;0.16;0.15984000000000012
0.5;0.502240000000003;0.4;0.41559999999999947;0.16;0.15952000000000002
0.38;0.3818000000000024;0.52;0.5284000000000012;0.3;0.3025600000000001
0.18;0.17696000000000037;0.38;0.39168000000000125;0.4;0.3998799999999998
0.26;0.2591600000000003;0.3;0.29956000000000016;0.32;0.32423999999999986
0.56;0.5392400000000009;0.2;0.20400000000000046;0.2;0.2653199999999997
0.54;0.5350400000000016;0.12;0.12303999999999994;0.5;0.47055999999999826
0.22;0.21632000000000054;0.42;0.42743999999999926;0.3;0.3060400000000001
0.12;0.11963999999999993;0.82;0.8328800000000013;0.16;0.16004000000000002
0.16;0.14619999999999986;0.3;0.3190800000000003;0.5;0.4877199999999986
0.52;0.5182800000000028;0.46;0.43355999999999817;0.18;0.17916000000000068
0.2;0.21232000000000043;0.32;0.30563999999999997;0.26;0.2793599999999997
0.36;0.3621200000000013;0.4;0.396480000000001;0.12;0.12152000000000014
0.26;0.25727999999999995;0.58;0.5728799999999992;0.14;0.13564000000000004
0.2;0.2024000000000007;0.4;0.38896000000000147;0.5;0.48879999999999846
0.2;0.19572000000000045;0.1;0.11371999999999997;0.38;0.31119999999999975
0.5;0.4865999999999993;0.24;0.27104000000000017;0.28;0.26476000000000033
0.1;0.11055999999999996;0.74;0.7348799999999972;0.48;0.4711199999999982
0.12;0.12059999999999996;0.3;0.3001200000000006;0.14;0.1423200000000001
0.62;0.6196400000000006;0.32;0.3317600000000006;0.3;0.29988000000000004
0.18;0.18588000000000057;0.32;0.31680000000000025;0.22;0.21868000000000012
0.48;0.48343999999999787;0.4;0.40088000000000057;0.5;0.4836399999999982
0.56;0.5613200000000013;0.36;0.3749600000000013;0.38;0.3810799999999978
0.44;0.4497999999999983;0.14;0.1339999999999999;0.4;0.41027999999999987
0.3;0.30560000000000137;0.54;0.5377600000000015;0.1;0.10300000000000001
0.1;0.10783999999999998;0.62;0.618679999999998;0.48;0.4880399999999989
0.34;0.3382800000000007;0.16;0.16160000000000016;0.32;0.3140799999999995
0.82;0.8185599999999966;0.1;0.1307599999999999;0.46;0.4387200000000018
0.6;0.5991199999999983;0.14;0.1396799999999999;0.24;0.2159199999999999
0.32;0.32020000000000054;0.24;0.23412000000000077;0.12;0.13307999999999992
0.14;0.1377199999999999;0.2;0.2059200000000004;0.32;0.3160799999999995
0.66;0.6480800000000042;0.1;0.10884;0.34;0.3272400000000011
0.42;0.41172000000000003;0.3;0.3240400000000001;0.26;0.26760000000000017
0.14;0.13875999999999988;0.62;0.6257599999999981;0.36;0.36903999999999926
0.7;0.6993999999999994;0.2;0.21256000000000036;0.3;0.30339999999999984
0.32;0.32076000000000027;0.5;0.5019600000000001;0.26;0.2663599999999992
0.4;0.39744000000000124;0.34;0.35180000000000045;0.14;0.14764000000000008
0.14;0.1386799999999999;0.4;0.40216000000000096;0.44;0.4402400000000014
0.32;0.3150000000000006;0.12;0.12227999999999993;0.18;0.2039199999999997
0.56;0.5637600000000009;0.26;0.25068000000000057;0.46;0.46959999999999785
0.6;0.5954799999999978;0.22;0.2276400000000005;0.2;0.19632000000000013
0.42;0.41999999999999943;0.22;0.2221600000000006;0.42;0.4111599999999996
0.46;0.45987999999999785;0.5;0.5061200000000009;0.44;0.44064000000000225
0.28;0.29060000000000025;0.3;0.28584000000000015;0.36;0.3787600000000003
0.26;0.25967999999999963;0.68;0.6928000000000005;0.16;0.15952
0.12;0.12707999999999992;0.32;0.3109600000000008;0.3;0.30740000000000045
0.34;0.340520000000001;0.4;0.4069600000000003;0.4;0.4183200000000003
0.66;0.661920000000004;0.28;0.2798800000000009;0.36;0.36047999999999925
0.3;0.3010400000000019;0.42;0.40832;0.48;0.4591199999999997
0.66;0.6622000000000036;0.26;0.2612000000000006;0.2;0.2024399999999999
0.44;0.44375999999999755;0.26;0.25064000000000036;0.4;0.436080000000001
0.58;0.5698400000000006;0.16;0.1678400000000001;0.44;0.44043999999999917
0.64;0.6529200000000009;0.16;0.15091999999999986;0.24;0.24252000000000057
0.12;0.12507999999999994;0.28;0.27612000000000025;0.38;0.3861199999999995
0.26;0.2673999999999998;0.6;0.6220399999999988;0.1;0.10676
0.26;0.25880000000000003;0.36;0.3590400000000016;0.2;0.20471999999999987
0.12;0.1314799999999999;0.28;0.26792000000000027;0.14;0.14543999999999996
0.42;0.4183599999999992;0.5;0.5015200000000001;0.34;0.3371200000000003
0.82;0.8186399999999969;0.1;0.1331999999999999;0.28;0.26020000000000093
0.28;0.278599999999999;0.4;0.4072800000000006;0.44;0.4503599999999993
0.36;0.3488000000000005;0.1;0.10951999999999998;0.16;0.15564000000000008
0.44;0.4427199999999975;0.42;0.42095999999999967;0.36;0.36151999999999934
0.8;0.8016400000000015;0.14;0.12667999999999993;0.46;0.47971999999999804
0.38;0.38272000000000245;0.46;0.44615999999999784;0.5;0.47175999999999785
0.36;0.3625600000000013;0.38;0.3748000000000004;0.24;0.2401600000000002
0.6;0.6013999999999977;0.12;0.11967999999999995;0.26;0.2521599999999992
0.34;0.32724000000000053;0.1;0.10763999999999997;0.22;0.22503999999999963
0.34;0.3324400000000006;0.14;0.15107999999999985;0.46;0.42403999999999964
0.52;0.5177600000000028;0.2;0.20596000000000045;0.48;0.4632799999999997
0.42;0.40104000000000084;0.28;0.3118000000000007;0.14;0.14500000000000016
0.3;0.3008000000000019;0.52;0.5176800000000018;0.32;0.31907999999999986
0.74;0.6769599999999979;0.12;0.17660000000000045;0.5;0.4051599999999988
0.18;0.17820000000000022;0.48;0.4807600000000004;0.18;0.18220000000000058
0.16;0.1604800000000001;0.46;0.45655999999999747;0.28;0.2813999999999991
0.66;0.6574400000000026;0.18;0.21020000000000036;0.46;0.4418800000000019
0.24;0.23512000000000075;0.24;0.24484000000000028;0.2;0.20056000000000013
0.58;0.5826800000000008;0.24;0.23212000000000024;0.38;0.3885999999999987
0.1;0.11219999999999997;0.12;0.10575999999999999;0.32;0.3686799999999988
0.34;0.346240000000001;0.12;0.11807999999999995;0.32;0.3053599999999996
0.48;0.480159999999996;0.46;0.46671999999999847;0.4;0.3997600000000001
0.1;0.11567999999999996;0.2;0.1814400000000001;0.28;0.31816000000000033
0.36;0.35984000000000077;0.52;0.5266000000000016;0.34;0.3445600000000002
0.34;0.3396000000000011;0.46;0.4584399999999975;0.32;0.3161199999999997
0.28;0.27795999999999915;0.66;0.6768399999999979;0.12;0.11836000000000016
0.26;0.2602799999999999;0.2;0.20428000000000016;0.4;0.3908400000000004
0.56;0.563800000000001;0.16;0.15287999999999996;0.34;0.3579599999999995
0.56;0.558480000000001;0.18;0.18488000000000016;0.44;0.4567199999999989
0.4;0.40124000000000104;0.14;0.1380799999999999;0.36;0.37011999999999956
0.46;0.4595599999999979;0.5;0.5011600000000012;0.22;0.22043999999999989
0.56;0.563080000000001;0.32;0.3274400000000004;0.14;0.14452000000000012
0.42;0.41943999999999926;0.34;0.3452;0.28;0.28615999999999947
0.7;0.6553200000000002;0.14;0.15844;0.5;0.4257999999999992
0.28;0.27555999999999947;0.36;0.37080000000000163;0.36;0.3639999999999992
0.2;0.2038400000000007;0.46;0.48195999999999933;0.24;0.2618799999999997
0.12;0.1331999999999999;0.26;0.24320000000000058;0.1;0.11768000000000005
0.34;0.3277200000000004;0.32;0.35980000000000106;0.22;0.22819999999999974
0.16;0.16896000000000005;0.36;0.3369600000000006;0.36;0.38115999999999856
0.46;0.4557599999999978;0.22;0.22596000000000074;0.36;0.34543999999999997
0.52;0.5218400000000026;0.38;0.3881600000000011;0.24;0.24083999999999905
0.16;0.15860000000000013;0.7;0.700959999999997;0.12;0.11840000000000014
0.2;0.19896000000000064;0.46;0.4687999999999986;0.18;0.18408000000000052
0.62;0.6199600000000003;0.32;0.3333600000000006;0.46;0.46063999999999716
0.14;0.1362399999999999;0.7;0.6967199999999968;0.24;0.2390399999999994
0.26;0.25963999999999965;0.5;0.5048800000000008;0.36;0.3684799999999998
0.4;0.4052400000000009;0.18;0.17888000000000015;0.16;0.1626800000000002
0.4;0.41052000000000044;0.2;0.1932400000000006;0.28;0.2763600000000002
0.72;0.7217999999999936;0.22;0.22856000000000068;0.4;0.40416000000000024
0.48;0.4826399999999978;0.38;0.37624000000000146;0.48;0.4693599999999979
0.48;0.47659999999999875;0.2;0.20372000000000032;0.32;0.3075999999999997
0.6;0.5983599999999996;0.26;0.26044000000000084;0.34;0.3422800000000004
0.22;0.2164800000000005;0.74;0.7032399999999964;0.18;0.17464000000000052
0.24;0.2353600000000009;0.14;0.15675999999999995;0.44;0.36900000000000055
0.52;0.514400000000002;0.14;0.14375999999999986;0.36;0.3527199999999996
0.7;0.7011599999999976;0.12;0.11867999999999995;0.46;0.46519999999999967
0.1;0.10080000000000001;0.1;0.10579999999999999;0.4;0.3922799999999995
0.3;0.3006000000000019;0.62;0.6200799999999975;0.22;0.21651999999999988
0.2;0.20092000000000057;0.38;0.37824000000000135;0.36;0.35939999999999933
0.42;0.4215199999999992;0.12;0.11807999999999995;0.4;0.4158000000000004
0.34;0.3342000000000004;0.16;0.16736000000000023;0.5;0.4688399999999989
0.16;0.15824000000000013;0.62;0.6295199999999979;0.38;0.3933599999999998
0.44;0.44435999999999765;0.42;0.41184000000000043;0.46;0.4533599999999998
0.28;0.2771199999999998;0.26;0.26340000000000025;0.42;0.4199199999999994
0.32;0.31524000000000063;0.26;0.2798;0.48;0.4332400000000008
0.44;0.42727999999999844;0.28;0.3126000000000006;0.2;0.20647999999999983
0.66;0.6542800000000006;0.2;0.21628000000000056;0.12;0.1168400000000001
0.36;0.3622800000000009;0.16;0.15984000000000015;0.24;0.23424000000000036
0.22;0.22264000000000078;0.56;0.5677600000000006;0.24;0.2473200000000003
0.44;0.44423999999999764;0.44;0.44475999999999893;0.46;0.45115999999999995
0.56;0.560320000000001;0.42;0.37896000000000124;0.2;0.19844000000000003
0.16;0.16128000000000017;0.48;0.4790799999999992;0.4;0.40196
0.6;0.5967599999999995;0.26;0.26436000000000026;0.32;0.31860000000000066
0.34;0.34008000000000116;0.54;0.5401600000000008;0.36;0.35679999999999934
0.18;0.18512000000000034;0.44;0.44995999999999975;0.14;0.1488000000000002
0.48;0.4802399999999961;0.44;0.44587999999999856;0.46;0.46107999999999816
0.58;0.5828400000000007;0.32;0.3462800000000009;0.1;0.10067999999999999
0.52;0.5214000000000026;0.44;0.43551999999999913;0.48;0.47859999999999747
0.22;0.22516000000000064;0.32;0.30872000000000055;0.12;0.1366000000000001
0.26;0.25807999999999975;0.66;0.6675599999999975;0.42;0.4169600000000016
0.18;0.18596000000000046;0.34;0.3244799999999998;0.32;0.3393200000000002
0.2;0.20132000000000005;0.16;0.15727999999999995;0.16;0.17527999999999994
0.38;0.3789200000000017;0.24;0.24736000000000044;0.4;0.3832799999999995
0.54;0.5282400000000024;0.22;0.2749200000000009;0.12;0.10672
0.56;0.5646000000000007;0.32;0.32600000000000046;0.2;0.20235999999999993
0.18;0.18132;0.6;0.6065999999999994;0.42;0.4365599999999997
0.12;0.11963999999999993;0.62;0.6233199999999983;0.28;0.2832399999999996
0.44;0.44603999999999766;0.4;0.3779600000000017;0.26;0.2514799999999999
0.66;0.6612000000000038;0.26;0.2707600000000005;0.24;0.23991999999999933
0.66;0.6589200000000008;0.2;0.20608000000000026;0.24;0.24012000000000003
0.54;0.5459600000000011;0.34;0.3409200000000003;0.44;0.4423600000000011
0.26;0.2616000000000001;0.14;0.1387999999999999;0.18;0.17744
0.3;0.299680000000002;0.68;0.6492400000000015;0.26;0.257560000000001
0.54;0.5453200000000009;0.14;0.1319599999999999;0.44;0.4330400000000001
0.54;0.5391200000000017;0.4;0.4073200000000003;0.16;0.1602
0.38;0.3816800000000022;0.4;0.4009600000000001;0.12;0.12084000000000017
0.22;0.22572000000000078;0.3;0.2889199999999997;0.26;0.27819999999999967
0.28;0.2761599999999998;0.26;0.26128000000000023;0.26;0.2568
0.24;0.24252000000000085;0.66;0.6661199999999978;0.16;0.15792000000000006
0.1;0.11039999999999998;0.7;0.6809199999999992;0.5;0.483479999999998
0.86;0.8555599999999943;0.1;0.11803999999999995;0.34;0.3169200000000004
0.82;0.8225599999999981;0.14;0.1386799999999999;0.14;0.1492400000000002
0.48;0.4804399999999975;0.4;0.40744000000000047;0.2;0.20095999999999997
0.14;0.12171999999999994;0.38;0.40372000000000086;0.32;0.31420000000000087
0.3;0.30076000000000197;0.52;0.5175600000000018;0.3;0.2971599999999997
0.4;0.39728000000000147;0.24;0.2538800000000002;0.5;0.45983999999999925
0.24;0.23956000000000116;0.5;0.49540000000000045;0.42;0.41403999999999963
0.32;0.31936000000000064;0.52;0.5157600000000007;0.3;0.3003199999999997
0.52;0.5192000000000028;0.44;0.39860000000000095;0.1;0.10088
0.82;0.8217999999999973;0.14;0.13703999999999988;0.24;0.25247999999999976
0.3;0.29452000000000067;0.36;0.40152000000000065;0.12;0.1310000000000001
0.3;0.3006000000000019;0.58;0.5868399999999991;0.42;0.42672000000000077
0.46;0.4669999999999976;0.34;0.3296800000000004;0.3;0.3049600000000001
0.32;0.3197600000000005;0.64;0.6184799999999995;0.5;0.4890399999999985
0.7;0.7002000000000013;0.26;0.25987999999999994;0.42;0.41980000000000234
0.58;0.579160000000002;0.4;0.37292000000000214;0.22;0.21895999999999996
0.5;0.5044800000000037;0.22;0.2174800000000004;0.46;0.4570800000000002
0.4;0.4112000000000008;0.26;0.2431200000000003;0.1;0.11672000000000007
0.36;0.3681600000000013;0.44;0.42679999999999957;0.2;0.19336000000000014
0.52;0.5151200000000027;0.14;0.1427999999999999;0.28;0.28064000000000033
0.36;0.3643200000000012;0.48;0.4499999999999993;0.14;0.1305200000000001
0.64;0.6404799999999947;0.34;0.31040000000000084;0.18;0.1800400000000007
0.22;0.2195200000000006;0.18;0.17744000000000032;0.12;0.14007999999999993
0.14;0.13739999999999988;0.6;0.6122399999999993;0.24;0.24728000000000022
0.16;0.16360000000000008;0.2;0.20040000000000027;0.44;0.44179999999999975
0.2;0.19004000000000024;0.3;0.32156000000000035;0.5;0.46515999999999835
0.34;0.34340000000000076;0.24;0.23820000000000088;0.2;0.20668000000000003
0.2;0.19968000000000072;0.58;0.5834399999999997;0.24;0.2416800000000004
0.12;0.11895999999999994;0.82;0.8291200000000007;0.22;0.22016
0.36;0.3600800000000006;0.6;0.6004000000000009;0.32;0.3164000000000017
0.2;0.18327999999999994;0.22;0.2373600000000006;0.44;0.41715999999999964
0.1;0.11339999999999997;0.54;0.5109600000000021;0.3;0.288599999999999
0.24;0.2408800000000008;0.56;0.5530400000000009;0.12;0.11824000000000012
0.14;0.13915999999999987;0.8;0.8078799999999977;0.2;0.19891999999999999
0.42;0.43263999999999864;0.18;0.17827999999999997;0.46;0.44395999999999985
0.12;0.12171999999999994;0.14;0.1380799999999999;0.14;0.14908
0.54;0.5358800000000015;0.1;0.10623999999999999;0.5;0.4667999999999978
0.62;0.6243999999999997;0.26;0.25260000000000066;0.16;0.16324000000000013
0.2;0.20000000000000018;0.32;0.3246400000000005;0.22;0.2185599999999998
0.14;0.13899999999999987;0.58;0.5819999999999992;0.44;0.44764000000000015
0.44;0.44299999999999845;0.12;0.11567999999999996;0.26;0.2794399999999997
0.28;0.2807599999999992;0.44;0.4250399999999989;0.5;0.46179999999999827
0.14;0.14183999999999986;0.68;0.6793999999999993;0.28;0.28471999999999975
0.26;0.25671999999999984;0.72;0.6267199999999999;0.26;0.23484000000000033
0.2;0.1962000000000006;0.66;0.6486400000000009;0.5;0.474519999999998
0.32;0.31912000000000074;0.54;0.5436000000000009;0.32;0.32252000000000036
0.46;0.45975999999999784;0.46;0.47387999999999836;0.24;0.23883999999999914
0.3;0.29876000000000086;0.24;0.2378800000000008;0.18;0.18924
0.72;0.713279999999996;0.14;0.16772000000000017;0.48;0.4529599999999988
0.34;0.3368000000000005;0.28;0.27896;0.14;0.14831999999999995
0.44;0.4454799999999983;0.26;0.2458800000000006;0.28;0.3097600000000002
0.5;0.4921200000000018;0.16;0.1612800000000001;0.12;0.12496000000000007
0.68;0.6861600000000009;0.12;0.11339999999999997;0.1;0.1363199999999999
0.12;0.10491999999999999;0.1;0.11359999999999995;0.24;0.20800000000000027
0.36;0.3648400000000013;0.14;0.13719999999999988;0.22;0.21947999999999976
0.26;0.2583199999999997;0.68;0.6634800000000021;0.24;0.23243999999999918
0.32;0.32132000000000066;0.36;0.3572400000000013;0.48;0.4759199999999992
0.38;0.3746000000000022;0.1;0.10408;0.34;0.33592000000000055
0.44;0.4455999999999981;0.16;0.15611999999999998;0.28;0.29864000000000007
0.14;0.13871999999999987;0.82;0.8211200000000021;0.36;0.3574399999999995
0.52;0.5198400000000029;0.42;0.4327199999999986;0.12;0.12000000000000018
0.44;0.4407199999999975;0.5;0.4982799999999994;0.36;0.35987999999999926
0.1;0.11791999999999994;0.62;0.614679999999998;0.32;0.3258000000000004
0.28;0.2701599999999995;0.1;0.10719999999999999;0.14;0.14255999999999977
0.46;0.4600399999999978;0.4;0.40460000000000057;0.44;0.44652000000000064
0.22;0.21824000000000066;0.18;0.18240000000000037;0.22;0.22108
0.16;0.1622000000000001;0.46;0.45315999999999773;0.3;0.30016000000000004
0.2;0.20652000000000018;0.28;0.2685200000000008;0.1;0.11728000000000008
0.1;0.11483999999999996;0.2;0.18624000000000016;0.3;0.32856000000000046
0.3;0.29864000000000085;0.28;0.28320000000000056;0.28;0.2748800000000003
0.5;0.49772000000000294;0.46;0.45807999999999766;0.1;0.10067999999999999
0.56;0.5662000000000009;0.14;0.1336399999999999;0.12;0.13304000000000013
0.2;0.19824000000000047;0.42;0.42175999999999947;0.36;0.36603999999999887
0.24;0.24312000000000095;0.54;0.5494400000000013;0.32;0.3376800000000001
0.4;0.39844000000000124;0.22;0.22352000000000072;0.42;0.41228
0.42;0.4303999999999987;0.16;0.14871999999999985;0.1;0.11152000000000004
0.56;0.5590800000000009;0.1;0.1028;0.4;0.3975999999999997
0.1;0.11599999999999995;0.38;0.3584400000000011;0.36;0.3516799999999997
0.2;0.21548000000000034;0.34;0.3190400000000006;0.32;0.34176000000000006
0.34;0.34020000000000106;0.56;0.5675200000000011;0.42;0.4148800000000012
0.48;0.47959999999999997;0.12;0.12055999999999993;0.26;0.27044000000000024
0.4;0.3925200000000017;0.28;0.31532000000000066;0.32;0.3389600000000006
0.3;0.30036000000000185;0.46;0.46115999999999796;0.44;0.4439599999999988
0.14;0.13927999999999988;0.82;0.8158400000000016;0.18;0.17948000000000067
0.24;0.2375200000000009;0.2;0.20532000000000025;0.34;0.33196000000000037
0.38;0.3845200000000018;0.18;0.17988000000000015;0.44;0.39183999999999986
0.44;0.44067999999999746;0.54;0.5108800000000022;0.5;0.4973999999999997
0.52;0.5201200000000027;0.4;0.4165199999999994;0.18;0.18024000000000068
0.12;0.12535999999999994;0.52;0.5349600000000013;0.1;0.10535999999999998
0.54;0.5378800000000012;0.44;0.4155199999999997;0.3;0.29916
0.26;0.25891999999999976;0.56;0.5629600000000009;0.2;0.19892000000000004
0.12;0.12327999999999992;0.62;0.6266799999999967;0.38;0.3943599999999994
0.38;0.3844000000000023;0.14;0.13675999999999988;0.4;0.40031999999999923
0.26;0.2602400000000001;0.12;0.12483999999999992;0.3;0.26860000000000017
0.68;0.6760000000000019;0.12;0.12483999999999992;0.14;0.13803999999999994
0.14;0.1367999999999999;0.5;0.5035600000000011;0.44;0.44384000000000035
0.4;0.39324000000000126;0.1;0.10535999999999998;0.34;0.3305600000000011
0.18;0.18812000000000056;0.22;0.21088000000000065;0.14;0.15291999999999986
0.18;0.1644800000000002;0.3;0.31528000000000006;0.12;0.11240000000000001
0.26;0.2562000000000001;0.36;0.3674000000000018;0.42;0.42232000000000147
0.14;0.1386399999999999;0.54;0.5401200000000015;0.2;0.2024799999999999
0.12;0.12571999999999994;0.16;0.15667999999999996;0.24;0.2426000000000001
0.66;0.6531600000000032;0.1;0.10568;0.28;0.2739600000000005
0.26;0.2586399999999998;0.62;0.6273999999999984;0.24;0.2364399999999997
0.22;0.21960000000000052;0.46;0.454719999999998;0.3;0.30256000000000005
0.34;0.3442400000000008;0.28;0.2711200000000007;0.38;0.396560000000001
0.26;0.26379999999999976;0.14;0.15063999999999986;0.46;0.40879999999999955
0.1;0.11759999999999994;0.64;0.6338800000000001;0.14;0.13848000000000013
0.36;0.36232000000000164;0.14;0.1365599999999999;0.12;0.13135999999999998
0.38;0.3831200000000022;0.48;0.4764800000000001;0.16;0.1617200000000001
0.46;0.4604399999999975;0.38;0.38052000000000147;0.4;0.4050000000000005
0.38;0.3854400000000022;0.36;0.3482800000000006;0.44;0.4334799999999991
0.5;0.5158000000000025;0.14;0.12355999999999992;0.1;0.12360000000000015
0.22;0.21960000000000057;0.26;0.25708000000000053;0.14;0.1501999999999999
0.16;0.16420000000000012;0.74;0.7558399999999998;0.26;0.2602400000000009
0.78;0.7806799999999954;0.16;0.16527999999999998;0.2;0.20523999999999978
0.22;0.21952000000000066;0.18;0.18116000000000035;0.2;0.19756000000000018
0.28;0.2838799999999997;0.6;0.6213199999999995;0.1;0.10307999999999999
0.34;0.3390800000000011;0.6;0.6003599999999991;0.32;0.31376000000000115
0.48;0.46455999999999753;0.1;0.11507999999999996;0.3;0.2559999999999998
0.54;0.5438800000000011;0.32;0.31380000000000063;0.44;0.44148000000000104
0.22;0.21452000000000032;0.52;0.5232800000000022;0.5;0.4662799999999983
0.12;0.12071999999999995;0.62;0.6269199999999964;0.4;0.4118000000000007
0.34;0.33332000000000067;0.32;0.35384000000000093;0.32;0.3371200000000005
0.6;0.604119999999999;0.12;0.11567999999999996;0.1;0.12136000000000009
0.16;0.15840000000000015;0.6;0.6039199999999989;0.42;0.4248799999999999
0.14;0.14519999999999986;0.26;0.2538800000000006;0.16;0.16956000000000032
0.8;0.8044000000000002;0.16;0.13567999999999988;0.2;0.2139199999999998
0.56;0.5645200000000009;0.14;0.13691999999999988;0.4;0.3996800000000002
0.38;0.38772000000000184;0.2;0.1960800000000004;0.14;0.1362799999999999
0.28;0.27987999999999913;0.62;0.613359999999997;0.48;0.46671999999999836
0.2;0.1983600000000007;0.78;0.7388399999999978;0.12;0.11900000000000015
0.4;0.40008000000000127;0.46;0.46515999999999785;0.42;0.43120000000000136
0.22;0.22000000000000067;0.68;0.690560000000001;0.1;0.1008
0.38;0.37716000000000194;0.26;0.2554000000000002;0.12;0.13244000000000006
0.52;0.5217600000000022;0.16;0.15848000000000007;0.18;0.18096000000000018
0.28;0.28516;0.28;0.2690399999999997;0.46;0.4755599999999996
0.34;0.3397600000000005;0.28;0.27828000000000075;0.32;0.32683999999999985
0.7;0.7033200000000009;0.26;0.2543200000000001;0.38;0.38487999999999806
0.38;0.38344000000000167;0.14;0.13827999999999988;0.22;0.22039999999999998
0.26;0.25488000000000016;0.38;0.38932000000000094;0.24;0.24083999999999955
0.16;0.15664000000000006;0.48;0.48164000000000035;0.24;0.24231999999999973
0.22;0.24620000000000103;0.34;0.30888000000000093;0.4;0.4238800000000008
0.56;0.5646400000000008;0.28;0.26812000000000047;0.22;0.22563999999999979
0.22;0.2210400000000006;0.5;0.5066000000000009;0.24;0.2474000000000003
0.26;0.25631999999999994;0.6;0.5946000000000001;0.2;0.19376000000000013
0.24;0.24292000000000058;0.16;0.15539999999999995;0.14;0.1542399999999998
0.58;0.5810000000000014;0.34;0.36088000000000114;0.1;0.10028
0.28;0.2809599999999996;0.4;0.39836000000000055;0.32;0.32448000000000055
0.38;0.37756000000000234;0.3;0.32868000000000025;0.22;0.2265199999999999
0.3;0.29944000000000204;0.66;0.6606399999999969;0.14;0.1390000000000003
0.48;0.46759999999999896;0.18;0.18144000000000013;0.42;0.4113199999999999
0.38;0.3937200000000011;0.2;0.1885200000000002;0.1;0.1082
0.72;0.7222799999999949;0.24;0.20704000000000017;0.14;0.14448000000000008
0.1;0.10763999999999997;0.16;0.15848;0.46;0.4455199999999996
0.54;0.5394000000000009;0.14;0.1415999999999999;0.34;0.31704000000000043
0.52;0.5218400000000026;0.32;0.31548000000000054;0.38;0.3814399999999984
0.46;0.4623199999999994;0.18;0.17428000000000016;0.42;0.43028000000000033
0.16;0.1610000000000003;0.78;0.7960400000000016;0.1;0.10044
0.2;0.21292000000000053;0.3;0.28823999999999983;0.28;0.29355999999999993
0.14;0.14415999999999987;0.24;0.23548000000000086;0.4;0.41180000000000117
0.1;0.10939999999999998;0.36;0.3506000000000012;0.46;0.4567199999999996
0.16;0.17084000000000016;0.2;0.18328000000000017;0.1;0.13471999999999992
0.78;0.7806799999999953;0.2;0.17032000000000003;0.38;0.3864799999999982
0.46;0.4577999999999976;0.28;0.30124000000000034;0.14;0.14071999999999998
0.1;0.12115999999999993;0.62;0.6080399999999991;0.3;0.2981999999999995
0.4;0.40064000000000116;0.14;0.1368799999999999;0.34;0.3467200000000004
0.34;0.3394800000000011;0.62;0.6151599999999963;0.24;0.2373199999999991
0.14;0.13971999999999987;0.78;0.7996799999999993;0.42;0.4180000000000021
0.88;0.857639999999997;0.1;0.11835999999999998;0.18;0.14535999999999985
0.38;0.3867200000000017;0.22;0.2149600000000004;0.18;0.17847999999999983
0.34;0.33976000000000106;0.52;0.5118400000000013;0.3;0.2957200000000002
0.38;0.38020000000000254;0.58;0.5790399999999982;0.5;0.49379999999999935
0.4;0.3990800000000013;0.46;0.46687999999999785;0.46;0.46955999999999926
0.64;0.6395199999999949;0.34;0.3135600000000008;0.48;0.4797999999999972
0.68;0.6838399999999989;0.2;0.18824000000000046;0.34;0.3521599999999998
0.36;0.3578800000000008;0.32;0.3348000000000009;0.46;0.4789199999999993
0.32;0.3197600000000007;0.54;0.5396400000000009;0.3;0.2956399999999997
0.14;0.14819999999999983;0.24;0.23612000000000066;0.22;0.22479999999999975
0.48;0.47963999999999746;0.44;0.4547199999999988;0.16;0.16052000000000008
0.1;0.10744;0.36;0.3495600000000008;0.38;0.37563999999999864
0.56;0.5569600000000006;0.16;0.16084000000000023;0.22;0.20755999999999997
0.2;0.20044000000000073;0.54;0.5510800000000012;0.3;0.3137600000000003
0.18;0.1773200000000001;0.72;0.7301599999999984;0.38;0.37907999999999814
0.16;0.15840000000000007;0.48;0.4862399999999999;0.34;0.34632000000000024
0.26;0.25748000000000004;0.1;0.10895999999999997;0.4;0.33451999999999993
0.18;0.17948000000000042;0.32;0.3230400000000002;0.2;0.1982800000000002
0.24;0.24056000000000108;0.68;0.6910800000000006;0.26;0.26108000000000064
0.58;0.5777599999999995;0.16;0.14731999999999987;0.3;0.3502399999999999
0.34;0.34180000000000116;0.5;0.4947200000000007;0.38;0.3715999999999997
0.1;0.11387999999999995;0.72;0.7087599999999983;0.22;0.21175999999999987
0.68;0.67064;0.1;0.10919999999999998;0.16;0.1389600000000002
0.56;0.563840000000001;0.36;0.3641600000000013;0.12;0.12044000000000017
0.52;0.49960000000000215;0.16;0.16268000000000024;0.46;0.4418800000000001
0.44;0.4515199999999979;0.2;0.19244000000000044;0.32;0.32636
0.44;0.4416399999999976;0.46;0.47219999999999956;0.28;0.27751999999999977
0.52;0.5212400000000027;0.38;0.39332000000000095;0.22;0.21983999999999995
0.66;0.6446400000000024;0.1;0.11099999999999999;0.2;0.21164000000000013
0.62;0.6083199999999986;0.12;0.12075999999999994;0.42;0.4107199999999998
0.54;0.5414000000000012;0.34;0.3417200000000004;0.3;0.30376000000000036
0.26;0.26671999999999996;0.58;0.5886799999999998;0.1;0.10740000000000001
0.12;0.11859999999999996;0.5;0.4894400000000009;0.36;0.35359999999999975
0.44;0.44531999999999755;0.42;0.4261599999999998;0.12;0.11896000000000014
0.32;0.3248400000000007;0.36;0.3435600000000009;0.5;0.4795599999999983
0.2;0.20464000000000024;0.14;0.1340399999999999;0.18;0.20035999999999993
0.12;0.11935999999999995;0.24;0.24336000000000033;0.36;0.36276
0.84;0.8319199999999998;0.1;0.13579999999999992;0.5;0.46367999999999976
0.32;0.31996000000000047;0.48;0.4833600000000002;0.4;0.40624000000000055
0.42;0.41811999999999927;0.5;0.49495999999999946;0.5;0.48995999999999873
0.18;0.17960000000000023;0.68;0.680760000000001;0.2;0.19832000000000005
0.4;0.4010000000000012;0.52;0.5344800000000013;0.38;0.3848799999999988
0.44;0.434159999999998;0.3;0.31668000000000046;0.38;0.38447999999999904
0.14;0.12935999999999992;0.12;0.14267999999999986;0.48;0.40739999999999965
0.48;0.4798799999999966;0.44;0.4524799999999988;0.14;0.14004000000000028
0.48;0.47852000000000056;0.22;0.22028000000000036;0.18;0.18791999999999978
0.62;0.6280799999999995;0.12;0.11351999999999997;0.1;0.12552000000000016
0.26;0.26087999999999983;0.46;0.45879999999999915;0.18;0.18340000000000045
0.36;0.3599600000000006;0.62;0.5896799999999985;0.24;0.23675999999999905
0.32;0.3200800000000004;0.58;0.5988399999999994;0.38;0.38415999999999906
0.6;0.5914799999999986;0.14;0.14043999999999987;0.36;0.37971999999999967
0.36;0.35016000000000114;0.24;0.2481600000000006;0.32;0.2939600000000001
0.22;0.22180000000000066;0.24;0.23788000000000065;0.24;0.24680000000000019
0.22;0.21464000000000047;0.16;0.16424000000000005;0.24;0.23812000000000025
0.14;0.13919999999999988;0.58;0.5815199999999989;0.4;0.40432000000000023
0.54;0.5388400000000015;0.16;0.16224000000000025;0.28;0.2625200000000005
0.14;0.14283999999999986;0.74;0.7411999999999965;0.38;0.3793199999999982
0.42;0.41987999999999903;0.52;0.5262800000000017;0.1;0.10064
0.82;0.8186799999999965;0.14;0.14783999999999986;0.5;0.49547999999999953
0.2;0.19988000000000086;0.56;0.5601600000000004;0.42;0.42139999999999944
0.24;0.24364000000000088;0.38;0.3722400000000012;0.24;0.24271999999999933
0.36;0.36200000000000093;0.42;0.41540000000000005;0.14;0.14040000000000008
0.58;0.5740000000000015;0.1;0.10412;0.5;0.4727999999999972
0.68;0.6854799999999992;0.24;0.23936000000000007;0.32;0.3276800000000008
0.14;0.14651999999999987;0.22;0.21208000000000052;0.3;0.3173999999999998
0.12;0.12063999999999993;0.48;0.4716799999999991;0.36;0.3601999999999994
0.16;0.1609600000000001;0.4;0.3979200000000011;0.42;0.4202800000000015
0.1;0.10939999999999998;0.56;0.5473200000000014;0.28;0.27172000000000035
0.46;0.46643999999999897;0.22;0.2129200000000006;0.12;0.13675999999999988
0.18;0.1778800000000002;0.14;0.15419999999999995;0.48;0.42903999999999964
0.54;0.5399600000000015;0.3;0.2937600000000005;0.14;0.14480000000000018
0.46;0.45991999999999794;0.5;0.5015199999999997;0.36;0.36075999999999914
0.12;0.11947999999999995;0.8;0.8249199999999963;0.1;0.10128
0.54;0.5423600000000007;0.36;0.36288000000000187;0.14;0.1410000000000003
0.1;0.10412;0.82;0.8302399999999995;0.46;0.453319999999999
0.32;0.3209600000000006;0.58;0.5924399999999984;0.12;0.12208000000000016
0.3;0.3019600000000017;0.46;0.46555999999999864;0.24;0.2518400000000005
0.52;0.5259600000000025;0.3;0.2811600000000003;0.34;0.34772000000000036
0.74;0.7470800000000006;0.12;0.11191999999999996;0.12;0.14824000000000018
0.5;0.5009200000000018;0.28;0.2820800000000006;0.38;0.3825199999999991
0.78;0.7811999999999953;0.16;0.16091999999999995;0.22;0.22595999999999988
0.34;0.33820000000000094;0.4;0.40776000000000046;0.34;0.34344000000000025
0.14;0.1405999999999999;0.62;0.6249999999999979;0.46;0.47463999999999834
0.14;0.13927999999999988;0.8;0.8153199999999987;0.42;0.41792000000000246
0.28;0.2802399999999992;0.66;0.6418399999999972;0.2;0.19332000000000005
0.4;0.3998400000000013;0.58;0.5522800000000008;0.38;0.37603999999999804
0.14;0.14259999999999987;0.74;0.7437599999999985;0.18;0.17924000000000062
0.54;0.5336800000000019;0.24;0.26864000000000005;0.38;0.36555999999999905
0.2;0.1930400000000003;0.16;0.17240000000000028;0.48;0.4537600000000001
0.32;0.3182000000000007;0.66;0.6164800000000005;0.22;0.21895999999999977
0.14;0.1369999999999999;0.44;0.4606399999999992;0.22;0.22667999999999963
0.14;0.1331199999999999;0.2;0.20636000000000032;0.16;0.1549199999999999
0.14;0.13879999999999987;0.82;0.8214000000000019;0.14;0.13948000000000033
0.28;0.2785999999999993;0.54;0.5306000000000012;0.3;0.2935600000000001
0.48;0.47983999999999655;0.48;0.4551199999999979;0.18;0.18016000000000068
0.16;0.16072000000000014;0.48;0.4771599999999986;0.5;0.48499999999999854
0.76;0.7622000000000022;0.18;0.18124000000000065;0.12;0.12448000000000015
0.52;0.5224400000000023;0.36;0.3614400000000013;0.14;0.14200000000000024
0.3;0.30188000000000176;0.48;0.4843200000000008;0.22;0.22611999999999988
0.74;0.7390799999999975;0.18;0.18944000000000058;0.22;0.22319999999999984
0.16;0.15848000000000007;0.4;0.4093200000000002;0.28;0.2821999999999988
0.24;0.24124000000000084;0.62;0.6159999999999984;0.3;0.2998000000000001
0.62;0.6242000000000005;0.3;0.3014400000000003;0.12;0.12092000000000017
0.12;0.12171999999999994;0.46;0.4546799999999979;0.36;0.3594399999999995
0.1;0.11119999999999997;0.34;0.3364400000000005;0.3;0.2964799999999997
0.22;0.22104000000000074;0.46;0.4595999999999978;0.24;0.2429599999999999
0.2;0.2002800000000007;0.68;0.6852400000000003;0.48;0.4766799999999983
0.7;0.7023199999999997;0.2;0.20152000000000053;0.48;0.48887999999999854
0.62;0.6241999999999994;0.26;0.2573600000000004;0.22;0.22659999999999975
0.52;0.5250000000000027;0.3;0.28356000000000064;0.3;0.30960000000000054
0.1;0.10479999999999999;0.84;0.8389999999999959;0.5;0.4878399999999988
0.34;0.34000000000000113;0.44;0.44171999999999806;0.46;0.46407999999999994
0.34;0.3400400000000012;0.6;0.6077599999999979;0.38;0.3776799999999984
0.22;0.21840000000000048;0.7;0.7111199999999962;0.24;0.23843999999999915
0.62;0.6229199999999981;0.16;0.1571599999999999;0.16;0.18247999999999992
0.32;0.31828000000000073;0.22;0.21976000000000057;0.18;0.18411999999999998
0.12;0.11823999999999997;0.64;0.6422400000000009;0.38;0.38291999999999876
0.46;0.4698399999999971;0.12;0.10943999999999998;0.1;0.1175200000000001
0.46;0.4639999999999971;0.12;0.11583999999999996;0.16;0.17092000000000002
0.64;0.6301199999999991;0.14;0.1507599999999999;0.32;0.2935599999999995
0.1;0.11975999999999995;0.14;0.11979999999999995;0.14;0.16224000000000008
0.52;0.5065600000000022;0.1;0.11147999999999997;0.26;0.23283999999999966
0.18;0.17915999999999987;0.78;0.7791600000000014;0.12;0.11960000000000018
0.54;0.5475200000000011;0.28;0.25428000000000095;0.12;0.12828000000000014
0.5;0.500080000000004;0.44;0.450719999999998;0.38;0.3803599999999979
0.48;0.4821599999999992;0.14;0.1375999999999999;0.2;0.2122
0.24;0.23988000000000098;0.44;0.44091999999999887;0.26;0.2648399999999997
0.28;0.2840799999999994;0.44;0.44595999999999925;0.12;0.12544000000000016
0.12;0.11895999999999994;0.46;0.4663599999999979;0.32;0.32392000000000154
0.22;0.21596000000000057;0.64;0.6401999999999998;0.24;0.23691999999999996
0.6;0.6209599999999997;0.18;0.15988000000000016;0.24;0.2704799999999997
0.78;0.7772799999999963;0.14;0.1681200000000004;0.48;0.46547999999999856
0.1;0.10392;0.88;0.8437999999999949;0.5;0.48827999999999927
0.46;0.4634799999999974;0.34;0.33444000000000046;0.34;0.3440000000000003
0.18;0.1914000000000006;0.22;0.20692000000000063;0.12;0.13856000000000007
0.42;0.4187599999999992;0.46;0.46647999999999773;0.34;0.3425200000000006
0.52;0.5125200000000026;0.12;0.12379999999999992;0.26;0.24887999999999977
0.3;0.30060000000000203;0.64;0.6205200000000004;0.42;0.4101600000000015
0.26;0.2591599999999997;0.54;0.5435600000000016;0.4;0.40336000000000016
0.44;0.4403599999999975;0.52;0.5203200000000017;0.22;0.22003999999999996
0.26;0.2657199999999998;0.62;0.6364799999999982;0.1;0.10395999999999998
0.12;0.12211999999999994;0.7;0.7030399999999962;0.22;0.22223999999999977
0.56;0.5632400000000012;0.32;0.32080000000000025;0.42;0.42276000000000236
0.44;0.4219199999999989;0.1;0.12003999999999995;0.12;0.11196000000000002
0.1;0.10583999999999999;0.8;0.8019599999999973;0.46;0.45095999999999953
0.14;0.13927999999999988;0.66;0.6672799999999992;0.38;0.3904799999999996
0.36;0.3579200000000015;0.26;0.2651200000000003;0.32;0.3086000000000001
0.4;0.3995600000000014;0.56;0.558440000000001;0.28;0.27963999999999906
0.52;0.5261200000000021;0.32;0.29904000000000086;0.12;0.12328000000000017
0.36;0.3596000000000009;0.6;0.5720000000000012;0.16;0.15311999999999998
0.74;0.7270799999999963;0.14;0.1807600000000006;0.12;0.10404
0.52;0.5213600000000027;0.4;0.4104800000000005;0.48;0.47859999999999747
0.7;0.6989200000000002;0.28;0.23884000000000083;0.48;0.47971999999999754
0.22;0.22072000000000075;0.36;0.372640000000002;0.42;0.4279600000000011
0.3;0.2998400000000021;0.68;0.6488800000000021;0.48;0.4746799999999974
0.58;0.5799600000000014;0.32;0.3202400000000004;0.46;0.4637199999999977
0.24;0.24180000000000093;0.5;0.5001600000000007;0.22;0.22651999999999975
0.56;0.5626000000000015;0.34;0.34344000000000036;0.38;0.38259999999999805
0.48;0.46963999999999884;0.26;0.3036800000000005;0.1;0.10507999999999999
0.64;0.6299999999999983;0.18;0.20484000000000038;0.34;0.33168000000000075
0.14;0.1368799999999999;0.38;0.3934800000000017;0.48;0.4762399999999981
0.36;0.3638000000000012;0.16;0.15668000000000004;0.36;0.35287999999999975
0.26;0.27071999999999974;0.26;0.24432000000000087;0.1;0.13052000000000002
0.1;0.11323999999999997;0.74;0.7346799999999993;0.22;0.2137999999999997
0.28;0.2820399999999998;0.22;0.22188000000000066;0.32;0.31771999999999995
0.64;0.6298799999999986;0.18;0.21152000000000068;0.14;0.1301600000000001
0.44;0.415679999999999;0.1;0.12659999999999993;0.1;0.10880000000000001
0.44;0.44519999999999843;0.14;0.13387999999999992;0.3;0.3257200000000004
0.16;0.16087999999999994;0.3;0.29412000000000027;0.2;0.2104399999999999
0.3;0.3007200000000019;0.48;0.47883999999999793;0.48;0.47423999999999894
0.48;0.46791999999999767;0.1;0.10955999999999998;0.42;0.38436000000000003
0.46;0.4595199999999975;0.32;0.32924000000000025;0.16;0.16308000000000025
0.12;0.11743999999999996;0.66;0.6636399999999995;0.46;0.4641199999999991
0.26;0.25504000000000016;0.1;0.11471999999999995;0.46;0.3717199999999999
0.28;0.2758399999999995;0.36;0.3751600000000018;0.46;0.4633599999999988
0.38;0.37732000000000177;0.12;0.12071999999999995;0.14;0.13904
0.18;0.18292000000000033;0.14;0.13519999999999988;0.18;0.19756000000000012
0.48;0.47668000000000027;0.16;0.15559999999999996;0.12;0.13167999999999994
0.58;0.5788800000000002;0.12;0.12095999999999996;0.16;0.1629600000000001
0.56;0.5639600000000008;0.24;0.24224000000000032;0.24;0.24167999999999945
0.18;0.17800000000000013;0.12;0.12899999999999992;0.32;0.2710800000000001
0.4;0.3988400000000013;0.3;0.30431999999999965;0.3;0.3056000000000003
0.54;0.5106000000000017;0.1;0.12387999999999996;0.1;0.1184800000000001
0.6;0.592039999999999;0.28;0.2902800000000005;0.12;0.12052000000000015
0.76;0.7572400000000022;0.14;0.15476;0.26;0.2531999999999998
0.2;0.19820000000000032;0.28;0.28312000000000015;0.16;0.16028000000000003
0.3;0.3036800000000009;0.2;0.19668000000000022;0.32;0.3298399999999998
0.4;0.41004000000000074;0.26;0.2532400000000002;0.16;0.15827999999999992
0.82;0.818399999999996;0.12;0.13451999999999992;0.48;0.4736799999999981
0.46;0.4599599999999978;0.52;0.49324000000000223;0.32;0.3202000000000016
0.56;0.5633600000000012;0.34;0.34388000000000046;0.44;0.44336000000000153
0.1;0.10292;0.82;0.8398000000000004;0.26;0.258200000000001
0.32;0.3186000000000008;0.22;0.2169200000000005;0.3;0.31188000000000005
0.68;0.6787199999999995;0.18;0.19820000000000076;0.2;0.19628000000000015
0.34;0.33960000000000073;0.46;0.45383999999999836;0.22;0.2171999999999997
0.12;0.11807999999999995;0.86;0.8356000000000013;0.38;0.3805599999999978
0.68;0.6817599999999971;0.3;0.2717199999999994;0.3;0.3014800000000001
0.12;0.12531999999999993;0.32;0.3118400000000007;0.32;0.3310800000000008
0.16;0.17096;0.14;0.12611999999999993;0.1;0.13643999999999992
0.5;0.4899199999999998;0.2;0.20968000000000042;0.36;0.3322
0.58;0.5859199999999996;0.18;0.17516000000000037;0.32;0.33379999999999943
0.44;0.4513599999999979;0.14;0.1333199999999999;0.42;0.43236000000000113
0.48;0.46643999999999736;0.1;0.10991999999999998;0.38;0.3472000000000001
0.66;0.6614000000000049;0.3;0.29712000000000044;0.26;0.2610000000000013
0.42;0.4280399999999989;0.16;0.15588000000000005;0.5;0.4786799999999989
0.44;0.41663999999999957;0.28;0.33580000000000043;0.1;0.10524
0.38;0.38436000000000176;0.12;0.11787999999999994;0.42;0.42168000000000044
0.1;0.11607999999999996;0.3;0.2762800000000005;0.22;0.2337599999999997
0.1;0.11431999999999998;0.7;0.6935999999999979;0.22;0.21403999999999979
0.58;0.5815600000000011;0.22;0.21960000000000052;0.24;0.24295999999999984
0.52;0.5198800000000029;0.38;0.3893600000000011;0.34;0.3403600000000002
0.38;0.38420000000000243;0.46;0.4518399999999981;0.44;0.4329600000000006
0.28;0.2800399999999998;0.3;0.2931200000000002;0.28;0.2946000000000006
0.1;0.10755999999999998;0.8;0.8120399999999988;0.14;0.13684000000000018
0.14;0.14063999999999988;0.72;0.7284799999999972;0.3;0.30232000000000014
0.44;0.4478399999999983;0.16;0.15307999999999988;0.2;0.21943999999999977
0.7;0.7004800000000013;0.22;0.23012000000000052;0.32;0.32272000000000134
0.6;0.6001199999999977;0.34;0.34684000000000054;0.44;0.44088000000000227
0.12;0.12443999999999993;0.76;0.7626399999999985;0.28;0.2822799999999991
0.3;0.300080000000002;0.6;0.5967600000000003;0.5;0.4837999999999981
0.1;0.10676;0.4;0.43008;0.26;0.26787999999999956
0.7;0.7183999999999956;0.14;0.12143999999999994;0.14;0.18036000000000044
0.44;0.4421599999999975;0.46;0.46875999999999846;0.46;0.4563199999999993
0.6;0.5977999999999997;0.24;0.23080000000000062;0.32;0.3246800000000007
0.56;0.5617600000000008;0.36;0.36820000000000114;0.42;0.4202800000000025
0.14;0.13847999999999988;0.46;0.45987999999999785;0.46;0.466359999999999
0.66;0.6606000000000036;0.26;0.2696000000000003;0.3;0.29968000000000006
0.82;0.822399999999999;0.16;0.12615999999999994;0.32;0.34504000000000024
0.36;0.360440000000001;0.34;0.3324800000000002;0.2;0.20371999999999996
0.24;0.24232000000000103;0.58;0.5749599999999998;0.24;0.24168000000000034
0.54;0.5415600000000013;0.18;0.18032000000000012;0.46;0.46279999999999966
0.3;0.2997200000000011;0.16;0.1600400000000001;0.28;0.2840400000000004
0.22;0.2268000000000008;0.14;0.1291999999999999;0.1;0.13611999999999994
0.14;0.13975999999999988;0.4;0.4027600000000007;0.42;0.423680000000002
0.4;0.40124000000000104;0.46;0.469159999999998;0.1;0.1036
0.12;0.11799999999999994;0.82;0.8323199999999955;0.1;0.10152000000000001
0.44;0.4520399999999976;0.34;0.3157600000000004;0.34;0.33836000000000044
0.1;0.10296;0.42;0.41136000000000017;0.4;0.3960399999999998
0.68;0.6827999999999985;0.22;0.22876000000000066;0.12;0.12208000000000015
0.66;0.6609200000000026;0.22;0.2218400000000006;0.32;0.32028000000000084
0.24;0.24012000000000108;0.42;0.4216399999999995;0.42;0.4240800000000012
0.18;0.17859999999999984;0.78;0.7834000000000021;0.4;0.40004
0.24;0.2379200000000007;0.14;0.14731999999999987;0.24;0.2048400000000003
0.66;0.6564799999999993;0.2;0.2222000000000006;0.2;0.19628000000000015
0.18;0.17748000000000005;0.66;0.6585599999999986;0.36;0.35587999999999986
0.28;0.28187999999999924;0.48;0.49444000000000105;0.16;0.1638000000000001
0.24;0.24092000000000122;0.52;0.5239600000000021;0.38;0.3812800000000004
0.2;0.19696000000000047;0.42;0.4426799999999992;0.16;0.1671200000000003
0.24;0.2386400000000012;0.7;0.6972799999999967;0.48;0.4645999999999978
0.46;0.4641199999999975;0.38;0.3690400000000008;0.14;0.1405600000000002
0.6;0.5999599999999985;0.26;0.2645200000000004;0.46;0.4615199999999987
0.1;0.10955999999999998;0.62;0.6166799999999972;0.44;0.44987999999999984
0.24;0.2387600000000012;0.42;0.424759999999999;0.46;0.46735999999999905
0.14;0.14063999999999988;0.48;0.47271999999999914;0.36;0.35807999999999957
0.42;0.41595999999999955;0.38;0.38748000000000105;0.3;0.3010799999999999
0.12;0.12359999999999995;0.2;0.1900000000000002;0.16;0.19739999999999996
0.36;0.36168000000000106;0.18;0.17828000000000013;0.34;0.33136000000000027
0.26;0.25723999999999975;0.62;0.6239199999999987;0.32;0.3234400000000001
0.44;0.44643999999999756;0.38;0.36440000000000133;0.42;0.4194400000000014
0.44;0.4395999999999984;0.14;0.1397999999999999;0.14;0.14844000000000004
0.2;0.19936000000000012;0.2;0.19812000000000027;0.32;0.3339199999999992
0.48;0.4714799999999988;0.28;0.3171200000000006;0.1;0.10328
0.16;0.16191999999999998;0.24;0.23816000000000045;0.3;0.30635999999999963
0.74;0.7398399999999976;0.2;0.20180000000000015;0.2;0.20271999999999996
0.34;0.3409600000000011;0.48;0.46899999999999925;0.26;0.2520399999999999
0.14;0.1385999999999999;0.24;0.24356000000000055;0.34;0.3406000000000009
0.28;0.2711599999999996;0.36;0.37416000000000205;0.22;0.2208799999999999
0.66;0.662440000000002;0.26;0.27236000000000077;0.32;0.32000000000000123
0.22;0.22028000000000053;0.64;0.6360400000000004;0.2;0.19883999999999996
0.38;0.377600000000002;0.22;0.2212400000000006;0.26;0.25287999999999966
0.3;0.2999600000000007;0.26;0.2548400000000004;0.34;0.3541999999999998
0.18;0.17835999999999994;0.76;0.7677199999999982;0.46;0.45915999999999746
0.32;0.3194000000000006;0.44;0.44651999999999825;0.38;0.39128
0.12;0.1309599999999999;0.38;0.3591200000000011;0.34;0.34719999999999984
0.38;0.38564000000000204;0.16;0.1573600000000001;0.38;0.3767599999999998
0.16;0.1614400000000002;0.46;0.4623999999999978;0.4;0.40976000000000107
0.2;0.20816000000000023;0.16;0.14911999999999984;0.24;0.2816399999999999
0.2;0.20216000000000045;0.6;0.6036400000000001;0.2;0.19952
0.42;0.41755999999999943;0.38;0.38244000000000067;0.32;0.32400000000000057
0.26;0.26087999999999956;0.48;0.47695999999999844;0.46;0.4593200000000003
0.18;0.1773200000000001;0.48;0.496400000000001;0.22;0.22539999999999988
0.62;0.5982399999999988;0.12;0.1319599999999999;0.44;0.4063999999999991
0.46;0.4621599999999975;0.36;0.3518400000000008;0.42;0.42248000000000163
0.24;0.24076000000000122;0.52;0.5238800000000017;0.4;0.39912000000000103
0.38;0.3798800000000026;0.58;0.5819999999999986;0.32;0.31860000000000155
0.1;0.11527999999999995;0.62;0.6089199999999985;0.2;0.19712000000000013
0.58;0.5920000000000004;0.18;0.17356000000000044;0.3;0.28271999999999936
0.36;0.3683200000000014;0.22;0.20716000000000034;0.12;0.11944000000000007
0.6;0.5966799999999973;0.36;0.3652000000000023;0.14;0.1388400000000003
0.3;0.30252000000000173;0.56;0.557640000000001;0.26;0.25599999999999973
0.26;0.2563999999999999;0.38;0.3918800000000015;0.46;0.4659999999999993
0.78;0.7797999999999954;0.16;0.17068000000000003;0.42;0.4236000000000021
0.12;0.11807999999999995;0.62;0.6027999999999971;0.42;0.40436000000000083
0.16;0.1614000000000002;0.54;0.5333600000000015;0.48;0.4725599999999993
0.4;0.41036000000000045;0.18;0.17507999999999996;0.32;0.3157199999999999
0.22;0.2204800000000006;0.48;0.47247999999999823;0.48;0.46851999999999955
0.12;0.11747999999999995;0.46;0.459639999999998;0.42;0.4239600000000019
0.34;0.3370800000000003;0.18;0.17964;0.42;0.4218000000000008
0.62;0.620360000000001;0.34;0.3390800000000002;0.1;0.10024
0.12;0.11983999999999995;0.52;0.529600000000002;0.2;0.20700000000000002
0.64;0.6417999999999967;0.24;0.2405600000000003;0.46;0.4659599999999978
0.54;0.5399200000000011;0.4;0.41719999999999924;0.48;0.4825199999999974
0.3;0.30504000000000137;0.48;0.4783200000000006;0.12;0.12356000000000011
0.36;0.36016000000000076;0.58;0.5852800000000002;0.26;0.25408000000000036
0.56;0.5873600000000009;0.2;0.17944000000000013;0.22;0.23155999999999985
0.76;0.7641600000000016;0.18;0.16292000000000026;0.24;0.2554800000000001
0.28;0.2791199999999992;0.42;0.4358399999999991;0.1;0.10391999999999998
0.28;0.28111999999999937;0.5;0.5060800000000013;0.18;0.1823600000000002
0.38;0.3813200000000021;0.3;0.3034000000000012;0.48;0.4785999999999987
0.44;0.4437199999999975;0.44;0.4477599999999989;0.44;0.4365200000000016
0.3;0.3062800000000006;0.22;0.2070400000000005;0.1;0.13388000000000005
0.18;0.17956000000000008;0.62;0.622719999999998;0.34;0.34380000000000055
0.34;0.3398000000000011;0.62;0.6183599999999958;0.34;0.33620000000000017
0.44;0.450719999999998;0.14;0.1305999999999999;0.26;0.28627999999999976
0.2;0.19868000000000077;0.6;0.6043600000000001;0.34;0.3402000000000004
0.2;0.19960000000000097;0.74;0.7491599999999992;0.46;0.45819999999999783
0.6;0.6000399999999978;0.38;0.35392000000000046;0.5;0.49683999999999956
0.58;0.5757200000000017;0.14;0.14407999999999987;0.2;0.1847200000000002
0.24;0.23716000000000095;0.26;0.2661600000000007;0.46;0.4533600000000001
0.6;0.5993599999999982;0.3;0.30452000000000035;0.44;0.4426800000000014
0.24;0.23712000000000102;0.2;0.22260000000000052;0.44;0.38383999999999946
0.18;0.18004000000000026;0.64;0.6503600000000015;0.1;0.10176
0.26;0.25679999999999986;0.62;0.6258799999999983;0.42;0.417720000000001
0.12;0.12027999999999996;0.58;0.5865599999999999;0.1;0.10271999999999999
0.16;0.16023999999999994;0.24;0.23892000000000058;0.2;0.20671999999999985
0.12;0.1265199999999999;0.14;0.13567999999999988;0.28;0.2913200000000001
0.3;0.29116000000000125;0.1;0.10704;0.12;0.12616000000000002
0.54;0.5376000000000016;0.18;0.18071999999999994;0.26;0.24331999999999945
0.56;0.5596400000000011;0.38;0.3933600000000011;0.26;0.2604400000000011
0.24;0.2418800000000007;0.52;0.5402400000000005;0.1;0.1082
0.5;0.5012800000000007;0.14;0.1346399999999999;0.14;0.15252
0.4;0.3904800000000013;0.16;0.16280000000000008;0.1;0.10976000000000001
0.56;0.5614000000000008;0.34;0.3464000000000006;0.36;0.3654799999999987
0.72;0.7218799999999943;0.26;0.22424000000000094;0.28;0.28503999999999885
0.64;0.6479200000000013;0.16;0.15736000000000003;0.36;0.35728000000000004
0.28;0.27731999999999934;0.38;0.3948400000000008;0.16;0.16396000000000016
0.5;0.5009200000000038;0.4;0.4123199999999999;0.44;0.4395600000000018
0.3;0.29828000000000104;0.36;0.3850400000000012;0.1;0.10655999999999999
0.74;0.7333199999999968;0.16;0.18868000000000038;0.32;0.3065999999999995
0.54;0.5428400000000008;0.36;0.37572000000000183;0.36;0.3623199999999993
0.72;0.7097999999999985;0.14;0.17200000000000032;0.2;0.18312000000000042
0.48;0.48071999999999704;0.42;0.4303999999999989;0.22;0.22239999999999988
0.38;0.38576000000000216;0.14;0.13719999999999988;0.46;0.46191999999999983
0.78;0.7804799999999956;0.16;0.1626799999999999;0.24;0.24731999999999968
0.32;0.3194000000000006;0.56;0.5681600000000002;0.36;0.35963999999999985
0.14;0.1382399999999999;0.62;0.6274799999999979;0.26;0.26464000000000015
0.56;0.5599200000000008;0.32;0.3235200000000006;0.34;0.3393200000000003
0.56;0.5614000000000008;0.36;0.37180000000000146;0.3;0.3024000000000003
0.4;0.3997200000000014;0.58;0.5538000000000007;0.46;0.45763999999999855
0.26;0.26231999999999955;0.48;0.47652;0.36;0.3634799999999998
0.3;0.30000000000000204;0.66;0.6601199999999963;0.24;0.23855999999999894
0.16;0.16284;0.26;0.25084000000000056;0.36;0.37507999999999886
0.54;0.5355600000000016;0.24;0.25528000000000045;0.44;0.4339200000000015
0.36;0.3607600000000014;0.28;0.2734799999999999;0.16;0.17115999999999998
0.8;0.8001600000000016;0.16;0.14635999999999985;0.48;0.4862799999999984
0.1;0.11103999999999999;0.7;0.6884399999999979;0.34;0.3335200000000008
0.64;0.6072799999999989;0.12;0.14619999999999989;0.38;0.3100000000000004
0.52;0.5238000000000026;0.28;0.28016000000000085;0.32;0.3236800000000007
0.24;0.2428800000000008;0.5;0.5042399999999992;0.12;0.12452000000000016
0.58;0.5745600000000006;0.14;0.14035999999999987;0.3;0.3023600000000001
0.28;0.2768799999999993;0.58;0.5691999999999996;0.3;0.28247999999999973
0.22;0.22360000000000077;0.54;0.5488800000000008;0.12;0.12528000000000014
0.26;0.25620000000000004;0.5;0.5153200000000017;0.22;0.23035999999999968
0.5;0.5076800000000029;0.34;0.31944000000000033;0.24;0.24451999999999957
0.4;0.39636000000000143;0.36;0.370280000000001;0.28;0.2874
0.16;0.17464000000000018;0.18;0.15708000000000003;0.1;0.15343999999999985
0.5;0.5008800000000033;0.4;0.4174799999999998;0.38;0.3793599999999981
0.72;0.7151999999999976;0.12;0.12379999999999992;0.28;0.2784800000000002
0.12;0.12739999999999993;0.58;0.5859599999999993;0.28;0.29175999999999963
0.42;0.4191199999999991;0.46;0.459079999999998;0.44;0.43600000000000083
0.8;0.799960000000001;0.12;0.1378799999999999;0.28;0.2770800000000001
0.36;0.36032000000000064;0.58;0.5897999999999985;0.38;0.377199999999998
0.28;0.2765999999999993;0.56;0.549920000000001;0.32;0.3062400000000001
0.68;0.6850399999999993;0.22;0.2092800000000005;0.32;0.3283200000000005
0.44;0.4417199999999976;0.52;0.4768799999999972;0.1;0.10052000000000001
0.1;0.10324;0.82;0.8370400000000008;0.22;0.21715999999999994
0.22;0.2129600000000006;0.12;0.12599999999999995;0.14;0.13487999999999983
0.34;0.3397600000000009;0.34;0.3443200000000005;0.46;0.4721599999999987
0.24;0.23072000000000115;0.34;0.36460000000000126;0.3;0.301
0.54;0.5408800000000009;0.38;0.39676000000000083;0.44;0.4406000000000024
0.72;0.6901999999999985;0.1;0.12115999999999996;0.18;0.17444
0.54;0.5338800000000019;0.24;0.26784000000000036;0.28;0.2677200000000008
0.66;0.6604000000000046;0.32;0.291080000000001;0.28;0.2800399999999986
0.34;0.3460800000000008;0.36;0.3592800000000012;0.12;0.12884000000000007
0.36;0.3614800000000008;0.42;0.41527999999999954;0.46;0.45176
0.2;0.20184000000000044;0.4;0.43143999999999955;0.18;0.19488000000000053
0.36;0.3611600000000009;0.52;0.5438000000000008;0.1;0.10519999999999999
0.18;0.17788000000000015;0.14;0.1518799999999999;0.4;0.36087999999999953
0.2;0.19960000000000072;0.48;0.4835599999999997;0.38;0.3857599999999997
0.12;0.12355999999999992;0.16;0.15435999999999997;0.34;0.3693600000000001
0.32;0.31880000000000086;0.22;0.2152400000000005;0.42;0.43451999999999946
0.34;0.338960000000001;0.58;0.585959999999999;0.3;0.2951999999999998
0.24;0.24048000000000092;0.48;0.49564000000000025;0.26;0.28103999999999985
0.62;0.6225199999999993;0.2;0.21716000000000044;0.26;0.2557199999999997
0.54;0.5463200000000009;0.34;0.3387200000000004;0.22;0.21959999999999996
0.16;0.1602;0.18;0.18524000000000046;0.44;0.4293599999999994
0.42;0.4310399999999991;0.2;0.19640000000000055;0.38;0.3714
0.18;0.18020000000000003;0.58;0.5890799999999989;0.26;0.2678799999999998
0.54;0.538560000000002;0.34;0.33776000000000034;0.26;0.26548000000000066
0.28;0.2772799999999996;0.56;0.5386400000000009;0.12;0.11052000000000003
0.74;0.7413599999999987;0.24;0.20756000000000024;0.36;0.3669599999999992
0.4;0.3988000000000011;0.26;0.25128000000000045;0.3;0.3281200000000001
0.1;0.11291999999999996;0.76;0.753079999999999;0.28;0.27296000000000015
0.14;0.14247999999999986;0.66;0.6618799999999988;0.16;0.1619600000000002
0.64;0.6397199999999954;0.28;0.30076000000000125;0.24;0.2397199999999991
0.66;0.659120000000001;0.22;0.22968000000000058;0.16;0.16256000000000012
0.6;0.5902400000000003;0.16;0.16352000000000003;0.26;0.2724400000000001
0.26;0.26099999999999995;0.18;0.17796000000000037;0.28;0.2861200000000005
0.12;0.12211999999999994;0.5;0.5001600000000006;0.12;0.12040000000000015
0.3;0.294560000000001;0.36;0.3778000000000013;0.38;0.3889999999999996
0.5;0.5003200000000039;0.42;0.4278799999999992;0.36;0.36055999999999927
0.16;0.16236000000000012;0.74;0.7508399999999993;0.36;0.3616399999999992
0.1;0.1022;0.88;0.8449599999999958;0.24;0.2352799999999991
0.56;0.559680000000001;0.42;0.39264000000000165;0.36;0.3606799999999992
0.5;0.5036800000000013;0.12;0.11611999999999996;0.14;0.15095999999999993
0.22;0.21956000000000064;0.38;0.3759200000000012;0.26;0.26252000000000064
0.52;0.5078400000000022;0.1;0.11031999999999996;0.5;0.43911999999999923
0.12;0.12543999999999994;0.68;0.6728400000000012;0.14;0.14040000000000022
0.36;0.35912000000000066;0.32;0.32708000000000037;0.48;0.49047999999999964
0.1;0.11003999999999999;0.72;0.7055999999999981;0.5;0.4811199999999983
0.36;0.36148000000000086;0.48;0.47343999999999853;0.36;0.3524000000000002
0.1;0.10891999999999998;0.7;0.6923999999999975;0.46;0.4516800000000001
0.3;0.29548000000000085;0.24;0.24832000000000043;0.42;0.4076799999999995
0.36;0.3657200000000012;0.16;0.15652000000000005;0.44;0.4331199999999999
0.1;0.10368000000000001;0.88;0.8501999999999955;0.12;0.11920000000000015
0.12;0.11911999999999995;0.22;0.22608000000000064;0.46;0.45592000000000005
0.82;0.818199999999998;0.12;0.14063999999999988;0.16;0.15879999999999997
0.7;0.7014400000000011;0.22;0.23120000000000046;0.36;0.36343999999999893
0.46;0.45903999999999784;0.44;0.4501599999999985;0.48;0.4796799999999977
0.52;0.5235600000000025;0.32;0.3036800000000009;0.1;0.10368
0.12;0.11871999999999995;0.18;0.18088000000000035;0.36;0.36888000000000043
0.54;0.5360800000000013;0.2;0.2186800000000003;0.44;0.453399999999999
0.66;0.6641600000000021;0.22;0.2168000000000005;0.46;0.4649199999999986
0.34;0.342640000000001;0.46;0.4533599999999996;0.12;0.12284000000000013
0.68;0.6869199999999991;0.22;0.20604000000000056;0.1;0.10599999999999998
0.66;0.6609200000000042;0.32;0.28880000000000106;0.22;0.2219199999999999
0.32;0.3184000000000007;0.46;0.48531999999999914;0.18;0.19116000000000027
0.58;0.5828800000000005;0.24;0.22992000000000004;0.22;0.22831999999999963
0.18;0.17852000000000007;0.6;0.6104399999999993;0.4;0.4109199999999994
0.36;0.36088000000000076;0.52;0.5320800000000019;0.22;0.22051999999999977
0.18;0.17840000000000014;0.46;0.46151999999999777;0.44;0.44112000000000096
0.12;0.11771999999999996;0.22;0.22376000000000032;0.42;0.41759999999999986
0.72;0.7177599999999946;0.2;0.20552000000000023;0.48;0.4807999999999977
0.48;0.4803199999999967;0.4;0.41336;0.46;0.46255999999999897
0.5;0.49256000000000083;0.18;0.19640000000000046;0.48;0.4292400000000006
0.6;0.592999999999999;0.2;0.22212000000000046;0.1;0.10088
0.16;0.16348000000000013;0.54;0.5488000000000015;0.1;0.10368
0.18;0.17780000000000035;0.12;0.12483999999999992;0.26;0.23719999999999972
0.28;0.2792399999999992;0.36;0.3730000000000015;0.26;0.2674400000000001
0.18;0.19292000000000026;0.36;0.33340000000000003;0.4;0.4278000000000011
0.2;0.20020000000000074;0.54;0.5478400000000011;0.42;0.43832000000000015
0.38;0.38100000000000256;0.5;0.5035200000000012;0.36;0.3615199999999994
0.66;0.6628000000000026;0.28;0.28612000000000093;0.32;0.3200000000000013
0.1;0.11167999999999997;0.78;0.7801200000000015;0.22;0.2149999999999998
0.12;0.1373599999999999;0.2;0.1765200000000002;0.1;0.14615999999999985
0.36;0.3614000000000015;0.26;0.27743999999999974;0.48;0.4327600000000011
0.48;0.47963999999999657;0.5;0.4555599999999979;0.18;0.17984000000000067
0.52;0.5221600000000026;0.28;0.2851200000000011;0.22;0.22231999999999985
0.2;0.19980000000000064;0.42;0.41735999999999973;0.24;0.24115999999999946
0.46;0.4672399999999998;0.24;0.23060000000000005;0.1;0.12228000000000003
0.68;0.6815199999999979;0.26;0.2557600000000012;0.38;0.3822799999999979
0.26;0.28731999999999985;0.32;0.2891200000000009;0.38;0.40588000000000124
0.12;0.11995999999999993;0.82;0.8325599999999997;0.3;0.30044
0.1;0.11055999999999996;0.72;0.7173599999999993;0.12;0.11860000000000015
0.7;0.7029600000000003;0.26;0.2299200000000009;0.26;0.2644800000000008
0.18;0.18780000000000024;0.38;0.3890400000000015;0.5;0.4899999999999986
0.48;0.4731199999999964;0.22;0.2341600000000013;0.5;0.4521599999999997
0.44;0.4348399999999979;0.3;0.3150000000000005;0.4;0.40472000000000036
0.5;0.500000000000004;0.42;0.4371599999999984;0.42;0.42192000000000246
0.74;0.7453199999999996;0.24;0.1927200000000002;0.16;0.17080000000000034
0.78;0.7850799999999963;0.2;0.16743999999999992;0.12;0.1263600000000001
0.34;0.34040000000000104;0.5;0.4864800000000001;0.28;0.26883999999999963
0.72;0.6892799999999991;0.1;0.12367999999999996;0.2;0.18264000000000002
0.22;0.2186000000000005;0.66;0.6619599999999983;0.42;0.4144400000000017
0.48;0.46975999999999984;0.18;0.18364000000000041;0.16;0.16248000000000004
0.68;0.6783599999999999;0.2;0.21536000000000038;0.28;0.28275999999999957
0.76;0.7655600000000015;0.22;0.17864000000000063;0.12;0.13067999999999996
0.1;0.10859999999999997;0.8;0.8051599999999981;0.36;0.3566399999999995
0.1;0.11219999999999997;0.58;0.5679600000000002;0.22;0.21579999999999977
0.22;0.2192400000000005;0.3;0.30244000000000065;0.18;0.1824800000000002
0.42;0.41947999999999913;0.52;0.5295200000000014;0.4;0.39975999999999995
0.1;0.11355999999999997;0.38;0.3636800000000016;0.42;0.4104000000000008
0.2;0.20556000000000052;0.1;0.11043999999999998;0.48;0.4101599999999991
0.5;0.4998800000000036;0.48;0.45335999999999793;0.28;0.28107999999999866
0.62;0.6230399999999994;0.2;0.2147200000000003;0.2;0.19676000000000018
0.24;0.24180000000000085;0.4;0.4142800000000009;0.18;0.19636000000000062
0.18;0.18208000000000032;0.42;0.41264;0.34;0.3438400000000004
0.38;0.37876000000000193;0.24;0.2429600000000007;0.28;0.26540000000000025
0.3;0.30224000000000184;0.48;0.47868000000000055;0.24;0.24244000000000038
0.24;0.23060000000000108;0.34;0.3673200000000013;0.36;0.36195999999999906
0.56;0.5613600000000007;0.32;0.32768000000000075;0.1;0.1014
0.62;0.6209600000000004;0.3;0.31128000000000017;0.32;0.3225200000000016
0.32;0.3114400000000008;0.1;0.10511999999999999;0.22;0.23135999999999973
0.26;0.25688;0.68;0.6533999999999979;0.18;0.17048000000000046
0.36;0.36128000000000093;0.5;0.49587999999999965;0.12;0.1172400000000001
0.18;0.18944000000000039;0.16;0.14467999999999986;0.12;0.16475999999999985
0.54;0.5434000000000012;0.34;0.33628000000000047;0.5;0.493639999999999
0.56;0.5629600000000011;0.34;0.350960000000001;0.12;0.12068000000000016
0.24;0.24224000000000093;0.68;0.6817999999999973;0.16;0.15663999999999995
0.16;0.15672;0.54;0.5578400000000011;0.28;0.29543999999999987
0.24;0.2393600000000013;0.58;0.5702000000000004;0.48;0.4603599999999986
0.28;0.28007999999999905;0.5;0.5042000000000019;0.42;0.42772000000000066
0.6;0.5999999999999975;0.36;0.35640000000000116;0.38;0.3795599999999979
0.48;0.47076000000000034;0.22;0.2260800000000001;0.12;0.12316000000000005
0.14;0.1351599999999999;0.38;0.40284000000000103;0.36;0.35875999999999936
0.58;0.5684400000000012;0.2;0.2419600000000007;0.16;0.14548000000000016
0.46;0.4581999999999975;0.3;0.30903999999999976;0.12;0.12012000000000014
0.36;0.3626000000000011;0.36;0.357600000000001;0.1;0.1038
0.44;0.44931999999999844;0.24;0.2309200000000007;0.2;0.21527999999999983
0.88;0.7913199999999972;0.1;0.1637200000000002;0.14;0.11312000000000004
0.42;0.42435999999999946;0.26;0.25052000000000035;0.26;0.28064000000000017
0.18;0.15719999999999998;0.28;0.3080800000000005;0.5;0.481439999999998
0.44;0.4420799999999975;0.46;0.46883999999999837;0.44;0.43784000000000134
0.3;0.30060000000000153;0.46;0.5007999999999991;0.1;0.11416000000000004
0.52;0.5211200000000021;0.22;0.2160000000000003;0.34;0.3781999999999989
0.58;0.5766000000000012;0.28;0.28048000000000045;0.38;0.3874799999999987
0.3;0.299800000000002;0.62;0.631199999999998;0.44;0.44412000000000057
0.18;0.18384000000000048;0.32;0.3213600000000002;0.24;0.23587999999999995
0.3;0.3040400000000016;0.42;0.41124;0.24;0.24303999999999976
0.32;0.31856000000000073;0.4;0.40156000000000036;0.36;0.3636000000000007
0.64;0.6538800000000017;0.16;0.14599999999999985;0.1;0.12788000000000008
0.42;0.41096000000000005;0.1;0.10671999999999997;0.46;0.45415999999999956
0.24;0.24156000000000052;0.32;0.3152800000000007;0.16;0.1659600000000001
0.38;0.384160000000002;0.18;0.17776;0.42;0.3948399999999999
0.18;0.1796000000000001;0.66;0.6569999999999978;0.28;0.27912000000000003
0.52;0.4965200000000003;0.16;0.17044000000000017;0.42;0.38087999999999933
0.2;0.19984000000000043;0.4;0.39440000000000136;0.38;0.37939999999999785
0.2;0.1976000000000005;0.38;0.38540000000000074;0.26;0.26016000000000067
0.26;0.2617599999999996;0.46;0.4546799999999979;0.42;0.4187600000000007
0.58;0.5779200000000009;0.1;0.10567999999999998;0.3;0.30179999999999907
0.28;0.2768799999999993;0.62;0.6168799999999995;0.34;0.3281600000000005
0.36;0.3713600000000016;0.46;0.4227200000000004;0.2;0.1830400000000004
0.14;0.14503999999999986;0.32;0.3111200000000004;0.14;0.14464000000000019
0.72;0.7189199999999956;0.18;0.19420000000000043;0.22;0.22163999999999984
0.58;0.5763600000000009;0.1;0.10655999999999999;0.32;0.3194799999999994
0.32;0.3208000000000007;0.22;0.22192000000000062;0.38;0.37471999999999994
0.16;0.15580000000000005;0.64;0.6350399999999978;0.5;0.47919999999999785
0.5;0.4870399999999988;0.1;0.11455999999999995;0.16;0.14112000000000008
0.1;0.10547999999999999;0.82;0.8372399999999995;0.34;0.3356400000000002
0.26;0.2526000000000003;0.22;0.24060000000000106;0.5;0.4566399999999987
0.22;0.22192000000000067;0.44;0.4439599999999989;0.26;0.26591999999999977
0.52;0.5078400000000024;0.1;0.11423999999999995;0.2;0.17168000000000033
0.68;0.6776799999999992;0.12;0.12639999999999993;0.28;0.23808000000000024
0.1;0.10599999999999998;0.48;0.4687999999999982;0.46;0.4589599999999992
0.62;0.6183600000000002;0.34;0.3465999999999999;0.42;0.4196800000000026
0.24;0.24560000000000104;0.48;0.45603999999999745;0.5;0.4595599999999984
0.14;0.12567999999999993;0.14;0.1681600000000002;0.48;0.4069600000000001
0.2;0.19856000000000087;0.48;0.4823999999999985;0.48;0.47651999999999906
0.22;0.22056000000000062;0.44;0.44523999999999814;0.44;0.4513599999999995
0.12;0.12383999999999992;0.66;0.6580399999999993;0.16;0.16396000000000027
0.56;0.5610400000000011;0.38;0.39276000000000066;0.44;0.43964000000000214
0.2;0.20736000000000035;0.12;0.11531999999999996;0.34;0.35340000000000027
0.22;0.2224400000000007;0.52;0.5222000000000011;0.12;0.12476000000000016
0.42;0.4295199999999988;0.18;0.17524;0.36;0.3521599999999999
0.14;0.1312799999999999;0.18;0.1961600000000004;0.42;0.3885199999999998
0.44;0.42671999999999893;0.22;0.22448000000000057;0.42;0.4197599999999987
0.1;0.10871999999999997;0.42;0.4126800000000002;0.34;0.3430000000000001
0.32;0.3198400000000005;0.38;0.3749600000000012;0.38;0.37903999999999965
0.2;0.1969600000000007;0.7;0.7047599999999963;0.34;0.33360000000000045
0.32;0.3213600000000004;0.5;0.5016799999999998;0.14;0.1442400000000001
0.5;0.5045600000000021;0.28;0.27560000000000073;0.26;0.2641999999999997
0.22;0.2214400000000006;0.52;0.5180000000000012;0.2;0.20244000000000012
0.52;0.5195200000000029;0.46;0.4326799999999982;0.42;0.42184000000000277
0.1;0.11083999999999997;0.24;0.22068000000000074;0.32;0.3392000000000002
0.72;0.714479999999996;0.26;0.23584000000000083;0.48;0.47379999999999833
0.34;0.3391200000000009;0.38;0.3807200000000013;0.3;0.3007599999999999
0.24;0.2404400000000003;0.28;0.2826400000000004;0.2;0.19916000000000006
0.18;0.1787600000000003;0.4;0.40116000000000074;0.42;0.4184400000000017
0.72;0.7136399999999976;0.12;0.12583999999999992;0.4;0.3841599999999994
0.6;0.5974399999999993;0.3;0.31628000000000017;0.34;0.34168000000000026
0.2;0.19520000000000023;0.24;0.24804000000000015;0.34;0.33156
0.1;0.10611999999999999;0.3;0.301640000000001;0.46;0.44312000000000173
0.48;0.48399999999999765;0.34;0.32644;0.48;0.48251999999999845
0.46;0.4595199999999978;0.48;0.48279999999999956;0.1;0.10116
0.18;0.18083999999999995;0.74;0.7544000000000006;0.28;0.28019999999999873
0.66;0.6540399999999998;0.16;0.1568800000000001;0.46;0.46315999999999846
0.44;0.4444399999999975;0.38;0.3709600000000013;0.3;0.30448000000000025
0.3;0.3002800000000019;0.36;0.36420000000000163;0.46;0.4641599999999994
0.18;0.17916000000000037;0.24;0.23656000000000066;0.36;0.37195999999999996
0.18;0.1816000000000003;0.46;0.4575999999999992;0.24;0.2422399999999997
0.36;0.3611200000000007;0.54;0.5600000000000007;0.32;0.3190400000000003
0.12;0.11831999999999994;0.86;0.8348800000000016;0.36;0.3605199999999992
0.64;0.639959999999995;0.32;0.32092000000000065;0.46;0.46047999999999717
0.32;0.3198800000000004;0.12;0.11903999999999995;0.32;0.3264399999999999
0.52;0.5061200000000023;0.1;0.11491999999999995;0.24;0.21016000000000012
0.36;0.3601200000000007;0.56;0.5693599999999998;0.38;0.3785999999999984
0.16;0.1619600000000001;0.66;0.6543999999999984;0.14;0.14028000000000024
0.42;0.420399999999999;0.42;0.4127199999999997;0.46;0.45000000000000073
0.22;0.23052000000000092;0.22;0.20424000000000053;0.1;0.13695999999999997
0.34;0.338800000000001;0.58;0.5782399999999996;0.32;0.3121600000000006
0.46;0.4637599999999975;0.34;0.33464000000000016;0.36;0.3613599999999992
0.28;0.2815999999999997;0.16;0.157;0.14;0.1525999999999998
0.14;0.14675999999999986;0.24;0.23028000000000085;0.46;0.4778399999999978
0.4;0.39864000000000127;0.3;0.3108399999999998;0.28;0.28823999999999916
0.32;0.3196000000000005;0.66;0.6204799999999994;0.5;0.48751999999999834
0.1;0.11171999999999997;0.22;0.20140000000000044;0.38;0.4037999999999998
0.28;0.27927999999999936;0.4;0.41587999999999975;0.12;0.12764000000000014
0.38;0.3850400000000022;0.46;0.45975999999999767;0.26;0.26119999999999993
0.1;0.12712;0.84;0.8185599999999987;0.1;0.11200000000000002
0.74;0.7450799999999995;0.24;0.20064000000000012;0.44;0.4538400000000008
0.2;0.20720000000000038;0.34;0.3182400000000004;0.4;0.4318400000000008
0.24;0.24364000000000088;0.56;0.5669600000000009;0.28;0.29200000000000015
0.36;0.3652800000000014;0.12;0.11643999999999996;0.26;0.25699999999999945
0.58;0.5803600000000014;0.36;0.36180000000000123;0.2;0.20048
0.22;0.22364000000000075;0.38;0.3652400000000013;0.5;0.49231999999999887
0.36;0.3677600000000013;0.16;0.15744000000000005;0.16;0.15424000000000015
0.1;0.11567999999999996;0.78;0.7859999999999994;0.2;0.1941200000000002
0.66;0.6573599999999982;0.18;0.19724000000000047;0.2;0.19612000000000013
0.32;0.3194800000000007;0.56;0.567800000000001;0.44;0.45016
0.48;0.4665999999999986;0.16;0.16676000000000007;0.28;0.28080000000000044
0.2;0.20608000000000026;0.3;0.29480000000000034;0.12;0.1258400000000001
0.78;0.777759999999998;0.14;0.15528000000000003;0.14;0.14043999999999995
0.3;0.3014000000000015;0.44;0.4387999999999987;0.32;0.3230399999999999
0.28;0.2798399999999993;0.46;0.4550799999999979;0.48;0.46728000000000086
0.18;0.18456000000000014;0.24;0.23344000000000056;0.22;0.23764000000000002
0.2;0.20096000000000058;0.36;0.379840000000002;0.3;0.30292000000000036
0.4;0.3992400000000014;0.56;0.553000000000001;0.24;0.23855999999999913
0.12;0.12739999999999993;0.34;0.3298000000000003;0.46;0.464679999999999
0.14;0.1281599999999999;0.38;0.4121200000000005;0.12;0.12252000000000018
0.36;0.3627200000000014;0.36;0.3504000000000003;0.2;0.2023999999999999
0.26;0.2602399999999996;0.5;0.4941200000000009;0.48;0.46807999999999994
0.28;0.2821599999999992;0.52;0.5100000000000011;0.14;0.13836000000000004
0.2;0.1979600000000002;0.18;0.17836000000000027;0.38;0.3919600000000001
0.58;0.5801200000000017;0.36;0.36892000000000197;0.44;0.44092000000000214
0.3;0.3069600000000007;0.12;0.11267999999999997;0.14;0.14339999999999986
0.3;0.29976000000000125;0.38;0.40320000000000067;0.1;0.10659999999999999
0.4;0.39980000000000127;0.44;0.439439999999999;0.32;0.3230400000000004
0.26;0.25656000000000023;0.14;0.14287999999999987;0.24;0.23760000000000012
0.12;0.11571999999999996;0.46;0.4769999999999992;0.22;0.22499999999999964
0.38;0.38280000000000225;0.12;0.11639999999999996;0.36;0.37267999999999923
0.26;0.25552;0.38;0.38928000000000157;0.48;0.4811599999999987
0.2;0.19624000000000022;0.26;0.2610400000000006;0.18;0.18532000000000015
0.24;0.22888000000000083;0.1;0.11367999999999995;0.42;0.35396000000000033
0.56;0.5620800000000008;0.36;0.36852000000000207;0.5;0.4977599999999997
0.24;0.23104000000000105;0.1;0.10568;0.14;0.1505999999999999
0.36;0.3604800000000007;0.56;0.5724400000000008;0.32;0.3147200000000008
0.12;0.11331999999999995;0.18;0.19544000000000036;0.46;0.4323999999999998
0.32;0.3191200000000005;0.6;0.61224;0.16;0.16012000000000007
0.28;0.28540000000000043;0.3;0.28703999999999974;0.44;0.45819999999999866
0.3;0.30088000000000203;0.58;0.5887999999999992;0.34;0.34112000000000026
0.1;0.11367999999999995;0.12;0.10491999999999999;0.14;0.1792000000000003
0.4;0.3997600000000013;0.42;0.4201599999999993;0.42;0.4255200000000013
0.34;0.33764000000000066;0.2;0.19800000000000054;0.1;0.11956000000000011
0.62;0.6257599999999995;0.24;0.23628000000000013;0.2;0.20799999999999982
0.28;0.2816799999999994;0.44;0.43259999999999926;0.26;0.2601599999999995
0.74;0.7285599999999974;0.1;0.11231999999999998;0.16;0.12740000000000012
0.44;0.4435199999999975;0.44;0.44911999999999913;0.14;0.13988000000000023
0.24;0.237000000000001;0.6;0.5968800000000003;0.22;0.21591999999999975
0.5;0.48655999999999955;0.14;0.14251999999999987;0.5;0.4885199999999987
0.2;0.19788000000000086;0.78;0.7332400000000018;0.3;0.2892399999999999
0.16;0.16120000000000018;0.78;0.7862800000000001;0.18;0.17928000000000063
0.7;0.6924399999999994;0.1;0.10979999999999998;0.5;0.4699999999999978
0.66;0.6538800000000007;0.22;0.2410400000000007;0.5;0.48975999999999853
0.3;0.30144000000000193;0.6;0.6052800000000004;0.14;0.13964000000000024
0.16;0.16116000000000008;0.52;0.5246800000000018;0.18;0.18452000000000052
0.5;0.48187999999999725;0.1;0.11923999999999994;0.18;0.1473600000000001
0.28;0.2820799999999996;0.44;0.43415999999999894;0.4;0.3982000000000005
0.28;0.2838;0.58;0.6028399999999995;0.1;0.10587999999999997
0.5;0.5000800000000035;0.4;0.4186799999999996;0.4;0.3997199999999999
0.62;0.6217600000000009;0.34;0.3398399999999998;0.12;0.12016000000000018
0.36;0.36280000000000107;0.4;0.3934799999999999;0.24;0.23876000000000017
0.56;0.5768800000000012;0.16;0.14343999999999987;0.1;0.13208000000000011
0.5;0.5048000000000025;0.3;0.29620000000000074;0.36;0.36159999999999914
0.56;0.5639200000000008;0.32;0.3169600000000006;0.5;0.49543999999999944
0.2;0.18011999999999995;0.24;0.26847999999999966;0.48;0.4382000000000021
0.6;0.5889599999999998;0.2;0.22912000000000052;0.12;0.11568000000000009
0.18;0.17064000000000018;0.1;0.10951999999999998;0.22;0.1946000000000001
0.46;0.46155999999999753;0.4;0.40160000000000096;0.3;0.3007599999999998
0.48;0.48143999999999676;0.42;0.42675999999999936;0.32;0.32048000000000154
0.32;0.3125600000000007;0.34;0.39052000000000087;0.12;0.13320000000000004
0.14;0.13739999999999988;0.84;0.8142399999999975;0.34;0.3388800000000002
0.5;0.48343999999999865;0.24;0.2868;0.3;0.2814799999999994
0.24;0.23968000000000128;0.72;0.6924399999999993;0.46;0.4352399999999982
0.86;0.8571999999999947;0.1;0.11619999999999996;0.3;0.2827199999999997
0.36;0.36116000000000115;0.18;0.18024000000000004;0.36;0.35043999999999953
0.68;0.6681599999999984;0.1;0.10947999999999998;0.24;0.22596000000000047
0.2;0.1953600000000006;0.4;0.40732000000000046;0.42;0.42536000000000185
0.88;0.873639999999998;0.1;0.10448;0.42;0.3860400000000004
0.26;0.2585599999999997;0.66;0.6595599999999979;0.22;0.21687999999999974
0.12;0.12391999999999992;0.78;0.7879599999999998;0.18;0.1789200000000006
0.1;0.11203999999999997;0.16;0.14359999999999987;0.32;0.37239999999999995
0.14;0.1339599999999999;0.18;0.1990400000000005;0.48;0.4461999999999998
0.34;0.3370000000000003;0.2;0.19868000000000055;0.4;0.4049199999999999
0.46;0.4630399999999977;0.14;0.14163999999999988;0.36;0.36195999999999995
0.42;0.40932;0.1;0.10911999999999998;0.24;0.2307200000000001
0.66;0.6503600000000043;0.1;0.107;0.38;0.3611999999999997
0.26;0.26659999999999984;0.16;0.14995999999999984;0.12;0.14155999999999996
0.3;0.3032000000000009;0.3;0.3143200000000005;0.46;0.44272000000000017
0.46;0.4605999999999978;0.48;0.47684000000000026;0.2;0.19932000000000002
0.12;0.10376;0.1;0.11627999999999995;0.34;0.2977999999999998
0.4;0.3992400000000014;0.46;0.45843999999999746;0.48;0.4799199999999991
0.28;0.28264;0.14;0.1383599999999999;0.3;0.3015999999999998
0.34;0.339440000000001;0.62;0.621839999999996;0.14;0.13820000000000027
0.62;0.6112400000000001;0.1;0.10839999999999998;0.12;0.12732000000000004
0.42;0.41815999999999925;0.5;0.5060400000000005;0.3;0.2996000000000002
0.2;0.19784000000000065;0.66;0.6514399999999988;0.4;0.38959999999999967
0.3;0.3022800000000018;0.66;0.6181600000000002;0.42;0.40436000000000105
0.14;0.1343199999999999;0.4;0.4028800000000009;0.24;0.2394799999999994
0.26;0.2589599999999998;0.58;0.5754399999999996;0.26;0.2544399999999999
0.76;0.7626800000000028;0.2;0.19755999999999987;0.14;0.14436000000000018
0.32;0.32160000000000044;0.42;0.4080400000000003;0.48;0.45939999999999975
0.4;0.40052000000000115;0.4;0.40356000000000053;0.38;0.3859599999999992
0.18;0.18588000000000054;0.32;0.31824000000000024;0.16;0.16031999999999993
0.52;0.5215600000000019;0.16;0.15728;0.12;0.13343999999999992
0.7;0.7107999999999988;0.14;0.12799999999999992;0.18;0.21807999999999989
0.64;0.641239999999998;0.26;0.2669200000000003;0.2;0.20403999999999992
0.48;0.48160000000000003;0.14;0.1415999999999999;0.48;0.4817599999999988
0.34;0.33640000000000075;0.4;0.41899999999999976;0.14;0.14368000000000003
0.72;0.724359999999996;0.12;0.11859999999999994;0.46;0.4530400000000004
0.38;0.38256000000000173;0.12;0.11767999999999994;0.26;0.2675599999999993
0.72;0.7099999999999976;0.14;0.17616000000000023;0.22;0.19984000000000007
0.56;0.5641600000000009;0.32;0.3157600000000003;0.24;0.24531999999999962
0.48;0.47291999999999856;0.18;0.1841200000000004;0.2;0.19900000000000015
0.68;0.6818799999999972;0.3;0.26891999999999944;0.22;0.22211999999999996
0.46;0.4396799999999984;0.1;0.12079999999999994;0.2;0.16944000000000012
0.32;0.32000000000000045;0.48;0.4823600000000006;0.38;0.38711999999999996
0.3;0.29972000000000093;0.16;0.17076000000000016;0.42;0.38284000000000024
0.6;0.5898399999999991;0.18;0.18884000000000004;0.48;0.44823999999999875
0.18;0.18768000000000054;0.32;0.30423999999999973;0.26;0.28136000000000044
0.22;0.2128400000000004;0.22;0.2283200000000005;0.28;0.2663200000000002
0.56;0.562400000000001;0.12;0.11791999999999994;0.34;0.3531599999999998
0.24;0.2416400000000008;0.5;0.5157199999999996;0.1;0.10764
0.88;0.8732799999999976;0.1;0.10467999999999998;0.38;0.34620000000000034
0.28;0.28211999999999915;0.62;0.6240799999999973;0.26;0.2571600000000003
0.7;0.7020400000000007;0.22;0.22304000000000068;0.42;0.42456000000000227
0.56;0.5562400000000007;0.22;0.2483200000000003;0.26;0.2461199999999995
0.1;0.10771999999999997;0.2;0.20588000000000017;0.5;0.458479999999999
0.2;0.19852000000000047;0.44;0.4380799999999988;0.26;0.26084000000000074
0.68;0.6801199999999972;0.3;0.26919999999999955;0.48;0.4795999999999971
0.14;0.1385999999999999;0.84;0.8121599999999978;0.26;0.25980000000000103
0.16;0.15011999999999984;0.38;0.3971600000000014;0.24;0.2299599999999998
0.1;0.11131999999999996;0.54;0.5399600000000013;0.34;0.34692000000000034
0.8;0.8018000000000008;0.16;0.15879999999999986;0.26;0.26984000000000075
0.32;0.3192400000000005;0.66;0.6289599999999969;0.28;0.2762399999999994
0.48;0.48015999999999615;0.46;0.47532000000000113;0.44;0.4420800000000016
0.4;0.3974000000000015;0.38;0.38968000000000125;0.44;0.45047999999999944
0.32;0.32436000000000037;0.14;0.1386399999999999;0.24;0.22888000000000033
0.6;0.5885999999999999;0.12;0.12259999999999995;0.36;0.33688000000000035
0.62;0.6200400000000005;0.32;0.3321200000000007;0.36;0.3599199999999993
0.24;0.23912000000000116;0.56;0.552520000000001;0.48;0.460079999999999
0.46;0.45443999999999773;0.26;0.3003599999999999;0.14;0.14043999999999987
0.38;0.374800000000002;0.2;0.20952000000000034;0.38;0.3351199999999999
0.38;0.3826400000000024;0.48;0.4836399999999995;0.46;0.4604399999999994
0.24;0.23952000000000043;0.32;0.3134400000000006;0.2;0.21271999999999985
0.32;0.32028000000000045;0.42;0.42431999999999914;0.28;0.28828000000000054
0.5;0.4871599999999999;0.2;0.2101600000000005;0.26;0.2427599999999998
0.14;0.14075999999999989;0.7;0.7014799999999979;0.3;0.30572000000000044
0.52;0.5174000000000021;0.12;0.12111999999999994;0.2;0.2016400000000002
0.24;0.24004000000000045;0.32;0.31364000000000086;0.14;0.14639999999999984
0.76;0.7655600000000018;0.2;0.1789600000000001;0.26;0.278920000000001
0.76;0.7604400000000041;0.2;0.19548;0.46;0.46683999999999737
0.4;0.40460000000000074;0.42;0.41472000000000003;0.1;0.10351999999999999
0.1;0.12852;0.86;0.8255599999999991;0.1;0.11268
0.2;0.19272000000000045;0.36;0.40500000000000164;0.12;0.12836000000000009
0.2;0.2176000000000005;0.34;0.3183600000000003;0.3;0.31800000000000006
0.16;0.15515999999999994;0.28;0.28112000000000015;0.3;0.30824000000000057
0.22;0.2236000000000006;0.34;0.32804000000000066;0.22;0.23327999999999963
0.2;0.1947600000000002;0.26;0.2680000000000005;0.36;0.35156000000000054
0.52;0.5053200000000029;0.24;0.2861200000000002;0.22;0.20531999999999986
0.58;0.5842400000000002;0.26;0.24600000000000044;0.18;0.18468000000000057
0.14;0.14119999999999985;0.34;0.3308000000000002;0.42;0.4322400000000021
0.54;0.5374000000000015;0.24;0.2582400000000005;0.32;0.3104800000000003
0.4;0.3982400000000014;0.48;0.49848000000000153;0.24;0.25208000000000014
0.28;0.280079999999999;0.66;0.6571599999999974;0.26;0.2557200000000005
0.36;0.36424000000000106;0.48;0.4661599999999995;0.24;0.22844000000000034
0.8;0.8054400000000005;0.18;0.14675999999999986;0.36;0.375719999999999
0.6;0.5967599999999994;0.26;0.2648400000000003;0.3;0.29799999999999977
0.1;0.11767999999999997;0.26;0.23652000000000073;0.14;0.16664000000000018
0.74;0.7419599999999985;0.24;0.20600000000000024;0.22;0.22624000000000005
0.6;0.5974799999999985;0.28;0.2819600000000003;0.48;0.4809999999999978
0.3;0.30012000000000094;0.28;0.2828800000000004;0.24;0.23479999999999998
0.36;0.36084000000000094;0.34;0.34192000000000045;0.28;0.28591999999999956
0.56;0.5589200000000011;0.42;0.39056000000000124;0.22;0.21952
0.36;0.349200000000001;0.2;0.20284000000000044;0.42;0.4038000000000004
0.42;0.42931999999999865;0.14;0.13559999999999992;0.48;0.48287999999999853
0.44;0.44083999999999746;0.46;0.48091999999999874;0.2;0.2018799999999999
0.28;0.27620000000000006;0.24;0.2502800000000005;0.46;0.4436800000000002
0.28;0.279359999999999;0.66;0.6643599999999986;0.28;0.2740799999999992
0.12;0.11835999999999995;0.48;0.4772799999999995;0.44;0.4423600000000013
0.32;0.32084000000000035;0.56;0.5720400000000002;0.26;0.26364
0.24;0.24132000000000114;0.46;0.4539999999999979;0.42;0.41935999999999984
0.12;0.11715999999999996;0.62;0.6102799999999978;0.46;0.4431600000000012
0.58;0.5860000000000004;0.14;0.1340799999999999;0.12;0.13716000000000003
0.7;0.7038000000000012;0.28;0.24676000000000006;0.34;0.34432000000000024
0.64;0.6331199999999981;0.18;0.2088000000000004;0.24;0.22719999999999993
0.5;0.5074800000000023;0.36;0.3552800000000011;0.3;0.3053200000000004
0.68;0.6786;0.18;0.1956000000000006;0.16;0.15864000000000011
0.1;0.11467999999999998;0.66;0.6546399999999988;0.32;0.31836000000000053
0.58;0.5769200000000002;0.14;0.14191999999999988;0.24;0.22843999999999998
0.1;0.11443999999999996;0.64;0.6280799999999997;0.3;0.29275999999999947
0.46;0.46555999999999736;0.22;0.2140800000000006;0.42;0.43295999999999957
0.4;0.39208000000000154;0.28;0.31736000000000075;0.12;0.11924000000000015
0.44;0.4329599999999983;0.32;0.3274800000000001;0.26;0.26375999999999955
0.62;0.6489600000000011;0.18;0.16096000000000008;0.28;0.2856000000000002
0.16;0.15527999999999997;0.4;0.41456000000000065;0.12;0.12412000000000019
0.26;0.2541200000000002;0.26;0.2730400000000004;0.46;0.43976000000000076
0.3;0.30056000000000055;0.3;0.2935200000000004;0.26;0.2705200000000002
0.16;0.15984000000000007;0.4;0.4067600000000008;0.16;0.16148000000000007
0.36;0.3608800000000007;0.46;0.4501999999999979;0.46;0.44108000000000136
0.42;0.4158799999999996;0.32;0.33340000000000025;0.4;0.4076800000000006
0.3;0.29512000000000127;0.1;0.10412;0.24;0.22508000000000022
0.5;0.5026400000000028;0.3;0.29860000000000064;0.48;0.4804799999999977
0.62;0.6189600000000002;0.36;0.3367600000000007;0.28;0.277999999999999
0.18;0.18212000000000028;0.7;0.7148399999999976;0.12;0.11996000000000015
0.22;0.2135600000000004;0.74;0.6896000000000003;0.16;0.1510399999999999
0.42;0.4189999999999991;0.56;0.5342400000000014;0.32;0.3173200000000015
0.6;0.5965199999999978;0.12;0.12223999999999993;0.5;0.4693999999999976
0.16;0.15555999999999998;0.38;0.39752000000000143;0.5;0.48647999999999814
0.46;0.459639999999998;0.52;0.4930400000000019;0.16;0.16000000000000006
0.2;0.19712000000000032;0.28;0.2873200000000009;0.38;0.3708400000000001
0.22;0.21556000000000072;0.28;0.28876000000000085;0.26;0.2523999999999997
0.64;0.6478800000000012;0.12;0.11095999999999999;0.1;0.11692000000000011
0.48;0.4684399999999996;0.18;0.18292000000000005;0.46;0.43796000000000035
0.54;0.539880000000001;0.4;0.41151999999999955;0.36;0.3608799999999994
0.74;0.7385599999999974;0.18;0.19156000000000056;0.18;0.18120000000000053
0.28;0.2775199999999993;0.5;0.5089200000000011;0.24;0.24456000000000017
0.48;0.4803599999999969;0.46;0.469199999999998;0.16;0.16064000000000006
0.32;0.32512000000000035;0.3;0.28588000000000013;0.28;0.3100400000000002
0.26;0.2563199999999999;0.58;0.5786400000000005;0.36;0.35199999999999987
0.46;0.46955999999999753;0.36;0.3387600000000009;0.22;0.2241999999999995
0.12;0.12451999999999992;0.72;0.7213999999999983;0.42;0.42808000000000207
0.14;0.14027999999999988;0.76;0.7750799999999971;0.1;0.1014
0.3;0.3115600000000007;0.32;0.2896400000000003;0.34;0.3909199999999999
0.5;0.48880000000000007;0.26;0.29884000000000077;0.12;0.11340000000000008
0.1;0.11475999999999996;0.66;0.6615999999999991;0.18;0.17884000000000055
0.68;0.6815599999999984;0.24;0.24976000000000015;0.26;0.2626800000000009
0.14;0.13919999999999988;0.58;0.5756000000000003;0.5;0.4801999999999981
0.5;0.500960000000002;0.28;0.2801200000000006;0.36;0.361199999999999
0.36;0.36300000000000104;0.36;0.349000000000001;0.46;0.4524
0.38;0.3795600000000022;0.26;0.27031999999999934;0.5;0.4632799999999988
0.64;0.6382799999999986;0.22;0.22904000000000013;0.2;0.2041599999999999
0.14;0.13079999999999992;0.1;0.11043999999999998;0.26;0.2189199999999994
0.1;0.11707999999999996;0.34;0.3280799999999999;0.24;0.23819999999999944
0.8;0.7994400000000002;0.14;0.15303999999999995;0.12;0.12084000000000014
0.1;0.11255999999999997;0.24;0.21648000000000062;0.36;0.3910799999999997
0.22;0.21192000000000044;0.12;0.1302399999999999;0.44;0.40339999999999965
0.3;0.3032400000000015;0.4;0.3940000000000009;0.22;0.22567999999999988
0.3;0.3020000000000017;0.46;0.45123999999999864;0.18;0.18100000000000024
0.34;0.33352000000000054;0.1;0.10431999999999998;0.3;0.2927599999999999
0.3;0.3056000000000008;0.12;0.11311999999999997;0.12;0.12624000000000002
0.44;0.4355999999999979;0.32;0.32316000000000067;0.44;0.4407600000000004
0.18;0.15591999999999995;0.3;0.3252;0.14;0.12596000000000013
0.18;0.17044000000000015;0.12;0.14683999999999986;0.5;0.39803999999999884
0.54;0.5452800000000008;0.14;0.1347199999999999;0.14;0.15612
0.56;0.5646400000000008;0.28;0.26364000000000054;0.18;0.18700000000000044
0.28;0.27935999999999916;0.7;0.6544799999999975;0.22;0.21439999999999976
0.44;0.4461599999999975;0.38;0.364560000000001;0.46;0.45264000000000026
0.68;0.6878400000000023;0.14;0.1298399999999999;0.12;0.14343999999999998
0.34;0.3397200000000011;0.46;0.45811999999999764;0.4;0.3925999999999993
0.54;0.5468800000000011;0.34;0.3342400000000004;0.4;0.4028800000000004
0.12;0.12199999999999994;0.5;0.5218400000000012;0.18;0.19092000000000048
0.4;0.3986400000000013;0.48;0.4900800000000013;0.42;0.4330800000000015
0.16;0.1606800000000002;0.52;0.5190800000000023;0.46;0.46152
0.22;0.21916000000000052;0.18;0.1788800000000003;0.26;0.2640799999999998
0.6;0.5995999999999994;0.24;0.23144000000000062;0.36;0.3649199999999988
0.18;0.18008000000000027;0.48;0.49380000000000135;0.1;0.10479999999999998
0.22;0.21908000000000058;0.72;0.7253999999999997;0.5;0.49299999999999944
0.36;0.3599600000000006;0.6;0.6026000000000006;0.5;0.49435999999999913
0.52;0.522160000000003;0.36;0.3678800000000016;0.38;0.381199999999998
0.48;0.4811199999999986;0.12;0.11891999999999994;0.12;0.12908000000000008
0.38;0.3731600000000019;0.3;0.32992000000000005;0.16;0.16224000000000016
0.24;0.24204000000000087;0.52;0.5228000000000014;0.26;0.2698799999999994
0.46;0.45803999999999767;0.26;0.2777599999999995;0.36;0.3690399999999988
0.16;0.16128000000000023;0.56;0.5591600000000005;0.42;0.427240000000001
0.14;0.1362799999999999;0.76;0.7657599999999982;0.24;0.24111999999999917
0.46;0.4569999999999979;0.12;0.12155999999999993;0.28;0.2875199999999998
0.74;0.7274399999999953;0.14;0.17776000000000014;0.5;0.4613199999999992
0.14;0.1376399999999999;0.82;0.8284000000000019;0.1;0.10128
0.44;0.4488799999999974;0.38;0.3592400000000003;0.14;0.14080000000000018
0.38;0.3838000000000022;0.52;0.530440000000001;0.18;0.18492000000000042
0.28;0.27911999999999926;0.54;0.5309200000000014;0.24;0.23087999999999997
0.24;0.24336000000000096;0.66;0.6827599999999975;0.36;0.3675999999999985
0.5;0.48972000000000065;0.1;0.10819999999999998;0.14;0.12264000000000012
0.16;0.16060000000000024;0.56;0.557240000000001;0.46;0.4627999999999998
0.5;0.5017600000000036;0.38;0.3833600000000014;0.5;0.4856799999999982
0.4;0.3914000000000017;0.36;0.4020400000000009;0.18;0.1939600000000003
0.74;0.7369599999999973;0.16;0.17568000000000003;0.46;0.4527199999999999
0.1;0.11059999999999996;0.72;0.7210799999999981;0.38;0.3743199999999987
0.68;0.6808799999999987;0.22;0.22428000000000062;0.3;0.30476000000000025
0.14;0.14679999999999988;0.28;0.27512000000000064;0.2;0.21099999999999977
0.3;0.3053600000000008;0.14;0.1361599999999999;0.22;0.22067999999999985
0.46;0.46247999999999917;0.22;0.2168000000000004;0.14;0.15307999999999983
0.28;0.2748799999999998;0.6;0.58584;0.14;0.13096000000000002
0.26;0.25731999999999994;0.1;0.11555999999999995;0.48;0.38491999999999993
0.16;0.16008000000000008;0.6;0.6131200000000004;0.16;0.16472000000000026
0.28;0.29608000000000145;0.32;0.2866400000000003;0.38;0.42828000000000055
0.58;0.5726400000000011;0.2;0.22788000000000067;0.32;0.3031200000000002
0.66;0.6575999999999997;0.16;0.1515199999999999;0.12;0.17127999999999982
0.28;0.2740799999999994;0.36;0.3771200000000017;0.44;0.43756000000000095
0.5;0.4897599999999994;0.1;0.11219999999999997;0.26;0.22887999999999967
0.76;0.765520000000001;0.2;0.1649200000000002;0.24;0.25880000000000025
0.32;0.3206000000000003;0.42;0.44115999999999966;0.1;0.11260000000000003
0.46;0.45879999999999793;0.28;0.2835999999999998;0.44;0.43696000000000074
0.58;0.5686800000000001;0.18;0.18068000000000037;0.22;0.2624799999999997
0.5;0.4908800000000007;0.26;0.31240000000000084;0.1;0.10156000000000001
0.22;0.20120000000000057;0.36;0.40088000000000135;0.16;0.16080000000000005
0.64;0.6394399999999987;0.24;0.2505600000000003;0.2;0.20459999999999984
0.28;0.27791999999999906;0.66;0.6647199999999978;0.32;0.31472000000000133
0.24;0.23908000000000068;0.14;0.14527999999999988;0.22;0.19379999999999994
0.12;0.11947999999999995;0.84;0.8383199999999945;0.48;0.4805999999999971
0.14;0.12923999999999994;0.38;0.40676000000000073;0.2;0.20031999999999997
0.34;0.34044000000000113;0.54;0.5492800000000012;0.42;0.4156000000000006
0.86;0.8588399999999972;0.12;0.10759999999999997;0.18;0.19007999999999972
0.52;0.5303200000000017;0.22;0.21000000000000044;0.32;0.37011999999999945
0.62;0.6357999999999998;0.14;0.12331999999999994;0.1;0.1176400000000001
0.24;0.24320000000000103;0.64;0.655;0.44;0.44892000000000004
0.22;0.21664000000000058;0.16;0.16260000000000005;0.3;0.29576
0.26;0.25300000000000017;0.34;0.3557200000000014;0.42;0.4306000000000014
0.42;0.3650400000000006;0.1;0.14315999999999987;0.1;0.11228000000000002
0.4;0.40224000000000104;0.36;0.3572000000000009;0.24;0.2453199999999997
0.62;0.6208399999999993;0.28;0.28128000000000064;0.26;0.26232000000000066
0.3;0.298520000000001;0.2;0.20484000000000044;0.22;0.21011999999999992
0.2;0.19892000000000057;0.48;0.4961600000000009;0.16;0.16720000000000018
0.24;0.24204000000000103;0.6;0.60712;0.1;0.10395999999999998
0.24;0.24236000000000077;0.26;0.24964000000000064;0.4;0.4208000000000004
0.22;0.22120000000000067;0.26;0.26884000000000025;0.34;0.32664000000000004
0.48;0.4808399999999966;0.44;0.4443999999999989;0.48;0.4824399999999981
0.14;0.14107999999999987;0.6;0.6038800000000001;0.16;0.1665200000000002
0.18;0.18112000000000028;0.42;0.41172000000000014;0.22;0.22067999999999985
0.8;0.8032800000000005;0.16;0.16087999999999986;0.14;0.1456800000000002
0.26;0.2662799999999999;0.14;0.1343999999999999;0.14;0.1457599999999998
0.26;0.2577999999999998;0.54;0.5388000000000023;0.32;0.31728000000000034
0.54;0.5439200000000012;0.26;0.2526400000000008;0.12;0.12360000000000018
0.26;0.25676;0.66;0.6409999999999983;0.18;0.1702000000000004
0.36;0.3602800000000006;0.48;0.47219999999999834;0.46;0.4509600000000004
0.24;0.2422400000000007;0.26;0.2604000000000001;0.14;0.13675999999999988
0.26;0.2587600000000001;0.2;0.19904000000000027;0.14;0.14895999999999984
0.5;0.4992800000000025;0.4;0.41987999999999964;0.12;0.11920000000000015
0.54;0.5422400000000016;0.32;0.31676000000000043;0.24;0.24535999999999963
0.52;0.5291200000000018;0.18;0.17164000000000018;0.14;0.15151999999999985
0.24;0.2392400000000012;0.68;0.6885199999999985;0.48;0.47279999999999767
0.6;0.602079999999999;0.3;0.3093599999999997;0.32;0.3220400000000013
0.16;0.15559999999999993;0.12;0.12307999999999994;0.14;0.1518399999999997
0.16;0.16264000000000017;0.7;0.7049999999999975;0.3;0.3038800000000003
0.1;0.12123999999999996;0.3;0.28156000000000014;0.12;0.12172000000000009
0.78;0.7833999999999959;0.2;0.16628000000000004;0.1;0.10459999999999998
0.26;0.26016000000000006;0.22;0.22460000000000063;0.2;0.18911999999999993
0.14;0.14483999999999986;0.48;0.48299999999999954;0.12;0.12360000000000015
0.36;0.35160000000000013;0.1;0.10559999999999999;0.3;0.2928399999999999
0.36;0.354320000000001;0.28;0.27259999999999973;0.1;0.1204000000000001
0.3;0.3032400000000008;0.22;0.21476000000000062;0.14;0.15471999999999994
0.54;0.5454000000000011;0.28;0.26100000000000045;0.34;0.3493200000000003
0.24;0.2389200000000013;0.74;0.6905599999999962;0.18;0.17444000000000054
0.34;0.3367200000000008;0.5;0.49656000000000106;0.2;0.1932000000000001
0.56;0.5597200000000009;0.4;0.4011600000000005;0.32;0.32028000000000195
0.84;0.8394800000000004;0.12;0.12419999999999992;0.14;0.14588000000000015
0.74;0.7248799999999955;0.14;0.19196000000000027;0.14;0.12000000000000015
0.4;0.3971200000000013;0.24;0.23576000000000089;0.34;0.3570799999999999
0.24;0.2407200000000009;0.5;0.5096400000000006;0.28;0.29724000000000006
0.62;0.6373199999999992;0.18;0.16476000000000027;0.36;0.36552
0.34;0.34036000000000083;0.38;0.38848000000000044;0.1;0.10679999999999998
0.3;0.3144000000000005;0.32;0.28700000000000037;0.32;0.3757999999999998
0.3;0.300080000000002;0.68;0.6482800000000021;0.3;0.29571999999999987
0.22;0.2202400000000006;0.46;0.4726799999999991;0.28;0.2919999999999997
0.52;0.5140800000000019;0.12;0.12451999999999992;0.42;0.4155999999999998
0.28;0.2759199999999998;0.24;0.24296000000000048;0.42;0.41895999999999944
0.3;0.297640000000001;0.1;0.10655999999999999;0.48;0.43647999999999926
0.28;0.27815999999999935;0.56;0.5384400000000007;0.14;0.13068000000000005
0.24;0.23828000000000113;0.44;0.4509199999999984;0.28;0.2891199999999998
0.26;0.2528400000000003;0.34;0.3641200000000011;0.38;0.3836399999999988
0.32;0.3197600000000005;0.5;0.5053200000000013;0.36;0.36683999999999917
0.74;0.7416399999999989;0.22;0.1829600000000003;0.14;0.14664
0.5;0.507000000000003;0.34;0.31876000000000065;0.28;0.28111999999999954
0.24;0.2440000000000004;0.12;0.11551999999999996;0.16;0.17400000000000002
0.38;0.38696000000000214;0.2;0.1978400000000008;0.3;0.2873999999999999
0.3;0.2996000000000007;0.16;0.1716800000000001;0.38;0.33412000000000025
0.16;0.1521199999999999;0.12;0.13523999999999992;0.34;0.27692000000000017
0.52;0.5210800000000027;0.42;0.42687999999999965;0.48;0.4790799999999976
0.46;0.44675999999999827;0.1;0.10859999999999997;0.46;0.44231999999999994
0.22;0.2138000000000004;0.28;0.2924400000000007;0.44;0.4241199999999993
0.38;0.38036000000000264;0.6;0.5646799999999998;0.48;0.46731999999999757
0.14;0.1401599999999999;0.16;0.1540799999999999;0.26;0.30204000000000014
0.54;0.5268400000000021;0.22;0.2620800000000007;0.36;0.33792000000000044
0.2;0.19916000000000048;0.4;0.39444000000000107;0.4;0.40036000000000005
0.16;0.14803999999999987;0.12;0.14335999999999988;0.5;0.41371999999999964
0.6;0.5964399999999984;0.16;0.17028000000000018;0.48;0.46131999999999945
0.1;0.10923999999999998;0.12;0.10744;0.46;0.47247999999999946
0.12;0.12107999999999994;0.76;0.7758399999999973;0.1;0.10103999999999999
0.2;0.20892000000000027;0.32;0.3120800000000002;0.24;0.24956000000000023
0.1;0.11703999999999996;0.68;0.6689200000000005;0.14;0.1378800000000001
0.1;0.10523999999999999;0.82;0.8383599999999999;0.14;0.13696000000000025
0.26;0.25963999999999954;0.7;0.703679999999995;0.48;0.4785599999999972
0.4;0.3941600000000017;0.3;0.31719999999999954;0.24;0.24671999999999975
0.86;0.8511999999999987;0.1;0.11419999999999995;0.18;0.16939999999999977
0.42;0.41567999999999977;0.22;0.22516000000000058;0.44;0.4274399999999986
0.44;0.4415999999999975;0.44;0.4469599999999991;0.42;0.4211200000000014
0.28;0.279599999999999;0.64;0.6496;0.44;0.43972000000000067
0.5;0.5033600000000025;0.34;0.32788000000000017;0.12;0.12184000000000017
0.3;0.29956000000000116;0.26;0.2587600000000004;0.16;0.1613600000000001
0.44;0.4417599999999976;0.48;0.48864000000000113;0.28;0.2774399999999997
0.62;0.637839999999998;0.18;0.16212000000000015;0.1;0.12944000000000006
0.12;0.12335999999999994;0.34;0.3354400000000006;0.36;0.3656399999999987
0.74;0.7381999999999976;0.22;0.22564000000000087;0.5;0.49447999999999953
0.5;0.49860000000000343;0.46;0.4586799999999972;0.26;0.263000000000001
0.5;0.4998000000000039;0.48;0.45147999999999816;0.2;0.19984000000000002
0.48;0.48043999999999654;0.42;0.42703999999999953;0.48;0.4828799999999983
0.18;0.1736800000000002;0.28;0.28420000000000073;0.4;0.3985199999999995
0.36;0.3540800000000008;0.3;0.3329200000000005;0.36;0.37423999999999885
0.32;0.31888000000000055;0.6;0.59968;0.14;0.1416000000000001
0.18;0.18060000000000032;0.7;0.7033599999999981;0.22;0.21751999999999985
0.78;0.7690400000000002;0.12;0.17268000000000008;0.18;0.15036000000000005
0.46;0.4419199999999978;0.1;0.11875999999999995;0.14;0.11732000000000009
0.56;0.5617200000000011;0.36;0.37756000000000167;0.1;0.10116
0.5;0.4960000000000012;0.26;0.2717200000000006;0.36;0.36123999999999923
0.7;0.7003599999999998;0.28;0.23372000000000087;0.4;0.40039999999999987
0.2;0.19792000000000062;0.46;0.465639999999998;0.3;0.3059600000000004
0.24;0.2398000000000013;0.6;0.5938799999999993;0.48;0.47171999999999886
0.26;0.2533200000000004;0.34;0.36140000000000116;0.4;0.40515999999999985
0.18;0.19640000000000038;0.36;0.3378000000000008;0.18;0.19768000000000013
0.3;0.2975200000000006;0.24;0.2455200000000005;0.4;0.39184000000000013
0.36;0.3679200000000012;0.46;0.4430399999999994;0.18;0.17152000000000042
0.38;0.3811200000000023;0.54;0.5497600000000008;0.1;0.10167999999999999
0.7;0.7023200000000003;0.28;0.23120000000000093;0.26;0.2636000000000007
0.76;0.7613600000000037;0.22;0.18440000000000054;0.38;0.38967999999999836
0.18;0.1772400000000003;0.38;0.3941600000000013;0.36;0.36299999999999905
0.28;0.2807599999999995;0.32;0.30328000000000127;0.44;0.4819599999999985
0.6;0.6020399999999975;0.32;0.32280000000000075;0.26;0.2630800000000006
0.72;0.712599999999999;0.12;0.1258799999999999;0.36;0.3613200000000002
0.32;0.3216400000000006;0.38;0.37692000000000075;0.28;0.28675999999999996
0.1;0.11127999999999996;0.52;0.5112000000000013;0.12;0.11924000000000015
0.56;0.5546800000000012;0.1;0.10392;0.36;0.35979999999999984
0.16;0.16116000000000003;0.42;0.4280400000000002;0.18;0.1836000000000006
0.74;0.7414399999999983;0.2;0.19808000000000003;0.38;0.3879599999999984
0.16;0.15844000000000014;0.4;0.40692000000000056;0.34;0.3416400000000004
0.32;0.32032000000000044;0.56;0.5720400000000003;0.38;0.38827999999999946
0.1;0.11367999999999995;0.14;0.12439999999999993;0.24;0.2604800000000005
0.26;0.2606399999999996;0.54;0.5176000000000024;0.5;0.456679999999999
0.42;0.43207999999999896;0.18;0.18176;0.48;0.4565599999999992
0.22;0.21988000000000052;0.56;0.5574400000000007;0.48;0.47055999999999953
0.62;0.624079999999999;0.22;0.22052000000000038;0.18;0.18024000000000046
0.1;0.10364;0.82;0.8371600000000008;0.24;0.23767999999999895
0.6;0.5935999999999982;0.1;0.10699999999999997;0.32;0.29575999999999963
0.68;0.6805599999999996;0.2;0.20696000000000048;0.16;0.1626400000000002
0.52;0.5213600000000028;0.4;0.4080399999999997;0.5;0.4956399999999993
0.46;0.4601599999999978;0.4;0.401320000000001;0.46;0.4646799999999988
0.4;0.40048000000000117;0.36;0.3621600000000013;0.34;0.3448400000000008
0.16;0.1611600000000001;0.44;0.4423199999999986;0.46;0.46911999999999915
0.2;0.19828000000000062;0.7;0.7030399999999969;0.18;0.1787200000000006
0.64;0.638919999999997;0.26;0.26800000000000035;0.22;0.22091999999999992
0.16;0.1616000000000001;0.68;0.6824800000000011;0.26;0.25812000000000046
0.38;0.38016000000000266;0.58;0.5775599999999987;0.46;0.4561199999999982
0.18;0.18092;0.52;0.5166000000000021;0.46;0.45596
0.62;0.6202799999999995;0.3;0.3048400000000002;0.48;0.4807999999999975
0.36;0.36220000000000163;0.28;0.2727600000000002;0.28;0.2967200000000004
0.26;0.2572799999999999;0.7;0.6683999999999969;0.18;0.17104000000000047
0.46;0.46883999999999815;0.14;0.1345199999999999;0.3;0.32547999999999994
0.36;0.36208000000000085;0.44;0.44291999999999876;0.3;0.30372
0.2;0.20080000000000006;0.18;0.17832000000000045;0.22;0.23164000000000015
0.68;0.6820799999999987;0.24;0.23951999999999998;0.44;0.4422800000000019
0.26;0.26275999999999994;0.3;0.2937600000000001;0.36;0.3714799999999999
0.62;0.6187199999999973;0.12;0.12071999999999995;0.22;0.20111999999999988
0.64;0.6331999999999974;0.18;0.2043200000000004;0.3;0.28619999999999907
0.16;0.15972000000000014;0.7;0.705719999999997;0.42;0.4232400000000018
0.1;0.10947999999999998;0.44;0.4252399999999995;0.32;0.3188000000000009
0.16;0.16263999999999995;0.2;0.20192000000000038;0.4;0.40387999999999985
0.68;0.6956400000000017;0.14;0.12207999999999994;0.1;0.12824000000000005
0.34;0.3394400000000011;0.58;0.5908399999999987;0.16;0.1586
0.38;0.38008000000000225;0.1;0.10212;0.48;0.4603999999999989
0.14;0.1402399999999999;0.3;0.3012000000000004;0.48;0.4797199999999987
0.42;0.4173199999999994;0.34;0.35136000000000084;0.44;0.45219999999999894
0.68;0.6815999999999978;0.26;0.2697600000000013;0.12;0.12088000000000017
0.14;0.14343999999999987;0.18;0.17272000000000035;0.14;0.1620399999999999
0.18;0.17236000000000018;0.1;0.11787999999999994;0.48;0.3927999999999998
0.32;0.3178400000000007;0.64;0.6091599999999998;0.14;0.13988000000000006
0.72;0.7202399999999949;0.24;0.21800000000000044;0.46;0.4612799999999986
0.82;0.8192399999999972;0.12;0.13519999999999988;0.28;0.28043999999999986
0.22;0.20980000000000043;0.22;0.23484000000000024;0.38;0.35760000000000025
0.32;0.3185200000000005;0.62;0.625959999999999;0.16;0.15924
0.18;0.18064000000000008;0.5;0.49944000000000077;0.44;0.44340000000000074
0.14;0.13567999999999988;0.2;0.21588000000000063;0.48;0.4531200000000002
0.46;0.45919999999999767;0.26;0.27899999999999936;0.26;0.26031999999999955
0.16;0.16656000000000007;0.26;0.2540000000000006;0.2;0.21291999999999983
0.38;0.38060000000000266;0.58;0.5610800000000001;0.48;0.4684799999999975
0.26;0.26035999999999976;0.46;0.46979999999999805;0.1;0.10507999999999999
0.18;0.18092000000000008;0.58;0.5834;0.22;0.2245199999999999
0.42;0.4221199999999992;0.14;0.1379999999999999;0.26;0.27143999999999935
0.18;0.18180000000000002;0.7;0.7014399999999984;0.48;0.479439999999998
0.2;0.1938400000000001;0.24;0.24688000000000018;0.4;0.3914399999999993
0.42;0.41839999999999933;0.4;0.40420000000000067;0.26;0.2620799999999999
0.32;0.31916000000000055;0.14;0.14811999999999984;0.38;0.3483600000000001
0.5;0.4949200000000012;0.14;0.14199999999999988;0.46;0.4577600000000004
0.56;0.5660800000000011;0.12;0.11575999999999996;0.32;0.3383999999999999
0.12;0.12287999999999993;0.26;0.25480000000000036;0.4;0.4141600000000009
0.36;0.3614400000000012;0.36;0.3534400000000011;0.16;0.16076000000000015
0.76;0.6986000000000013;0.1;0.14051999999999992;0.2;0.22044000000000014
0.58;0.5827199999999996;0.12;0.11679999999999996;0.12;0.13520000000000015
0.74;0.7326799999999971;0.16;0.19692000000000048;0.28;0.2634400000000001
0.18;0.1752;0.8;0.7384800000000027;0.22;0.21339999999999973
0.6;0.6091999999999997;0.16;0.15824000000000002;0.32;0.2793199999999997
0.46;0.46179999999999777;0.2;0.21860000000000052;0.5;0.44203999999999966
0.24;0.2383600000000012;0.68;0.6862400000000012;0.22;0.21923999999999982
0.24;0.23084000000000093;0.1;0.10835999999999998;0.16;0.15583999999999998
0.72;0.716559999999995;0.16;0.17375999999999997;0.28;0.27660000000000007
0.5;0.5036000000000026;0.36;0.35576000000000135;0.22;0.2218399999999999
0.14;0.14731999999999987;0.26;0.24596000000000082;0.44;0.46547999999999823
0.42;0.40652000000000044;0.28;0.3244400000000001;0.26;0.27395999999999976
0.28;0.28007999999999983;0.14;0.1410399999999999;0.36;0.34992000000000034
0.22;0.21488000000000046;0.16;0.16868000000000016;0.36;0.33059999999999995
0.32;0.31984000000000057;0.6;0.6077199999999989;0.28;0.27835999999999955
0.36;0.35888000000000064;0.62;0.590679999999998;0.1;0.1006
0.28;0.2746799999999995;0.64;0.6394400000000027;0.14;0.13460000000000014
0.34;0.34028000000000075;0.44;0.4528799999999993;0.12;0.12708000000000014
0.1;0.10943999999999998;0.18;0.17052000000000023;0.38;0.39411999999999936
0.48;0.4674399999999991;0.2;0.2100800000000002;0.2;0.19120000000000026
0.72;0.7218399999999943;0.22;0.22532000000000066;0.2;0.20547999999999994
0.4;0.3997200000000014;0.58;0.5507600000000008;0.16;0.15871999999999997
0.2;0.19792000000000023;0.18;0.1804000000000003;0.4;0.4061200000000003
0.24;0.24160000000000123;0.5;0.48459999999999953;0.5;0.46435999999999844
0.42;0.42051999999999934;0.12;0.12059999999999993;0.3;0.30835999999999975
0.24;0.2398400000000009;0.62;0.6235599999999993;0.24;0.23808000000000007
0.1;0.10479999999999999;0.82;0.8336000000000007;0.12;0.11912000000000016
0.1;0.10312;0.82;0.839480000000002;0.18;0.17884000000000064
0.3;0.3040800000000009;0.16;0.15880000000000008;0.2;0.18624000000000018
0.22;0.22368000000000088;0.3;0.29240000000000016;0.34;0.3515999999999995
0.48;0.4892800000000015;0.12;0.11007999999999998;0.1;0.12008000000000012
0.3;0.30684000000000033;0.14;0.12915999999999994;0.1;0.13372
0.78;0.7690000000000006;0.12;0.16928;0.2;0.16704000000000035
0.48;0.4829599999999979;0.38;0.39120000000000127;0.36;0.3646399999999987
0.36;0.359800000000001;0.34;0.3424000000000004;0.32;0.32728000000000035
0.44;0.4331599999999986;0.1;0.10643999999999999;0.32;0.31159999999999977
0.66;0.6539200000000003;0.2;0.21120000000000042;0.38;0.3764399999999987
0.2;0.20104000000000083;0.54;0.5393200000000018;0.36;0.3651999999999995
0.56;0.5612000000000011;0.38;0.3763200000000016;0.22;0.21995999999999993
0.26;0.2588799999999997;0.68;0.6805200000000009;0.2;0.19776000000000002
0.38;0.3797600000000021;0.36;0.37288000000000127;0.1;0.10528
0.26;0.26472;0.56;0.5678800000000003;0.1;0.10647999999999999
0.1;0.11003999999999999;0.72;0.7117199999999988;0.26;0.2535200000000003
0.6;0.59724;0.28;0.28972000000000053;0.34;0.3401200000000005
0.58;0.5782000000000014;0.28;0.2813200000000009;0.36;0.36355999999999955
0.54;0.5471600000000012;0.14;0.1330799999999999;0.12;0.13648
0.44;0.4403199999999986;0.24;0.24032000000000078;0.3;0.2998799999999998
0.1;0.11211999999999997;0.5;0.5093999999999999;0.2;0.21107999999999993
0.18;0.18992000000000037;0.34;0.32292000000000015;0.34;0.35940000000000005
0.38;0.3854800000000024;0.36;0.349680000000001;0.48;0.4692799999999989
0.24;0.24036000000000107;0.68;0.6912800000000012;0.1;0.10032
0.26;0.2602799999999996;0.54;0.5412000000000017;0.22;0.2234799999999996
0.14;0.13627999999999987;0.52;0.5338800000000012;0.28;0.28983999999999943
0.18;0.17580000000000018;0.1;0.11251999999999997;0.4;0.3201599999999997
0.42;0.43127999999999894;0.28;0.27908000000000005;0.5;0.4837599999999986
0.68;0.6790000000000007;0.14;0.13943999999999987;0.26;0.27591999999999983
0.48;0.4798799999999964;0.44;0.4534399999999985;0.28;0.28163999999999884
0.6;0.5999599999999973;0.38;0.35508000000000095;0.46;0.45963999999999733
0.36;0.3601200000000016;0.24;0.24832000000000082;0.38;0.35800000000000026
0.22;0.2198400000000006;0.16;0.15928;0.16;0.1675999999999999
0.36;0.36648000000000114;0.48;0.47228000000000037;0.26;0.25032000000000015
0.32;0.31368000000000035;0.12;0.12259999999999995;0.16;0.17939999999999978
0.48;0.48460000000000014;0.16;0.15584000000000003;0.42;0.42728000000000127
0.18;0.18384000000000048;0.2;0.19216000000000014;0.28;0.3050400000000003
0.36;0.3592000000000014;0.26;0.27151999999999976;0.46;0.4332400000000005
0.14;0.14039999999999989;0.68;0.6826400000000001;0.34;0.3435600000000006
0.32;0.3184400000000007;0.42;0.4282799999999986;0.4;0.409640000000001
0.16;0.14423999999999987;0.32;0.33480000000000054;0.12;0.1168400000000001
0.1;0.10779999999999998;0.32;0.31744000000000056;0.42;0.4115600000000006
0.24;0.2387600000000006;0.24;0.24316000000000054;0.3;0.2981999999999999
0.16;0.15720000000000006;0.38;0.39348000000000166;0.44;0.4406400000000007
0.34;0.3408000000000009;0.4;0.3991600000000004;0.12;0.12176000000000016
0.58;0.5728800000000013;0.12;0.12055999999999993;0.5;0.47235999999999745
0.3;0.3027200000000011;0.14;0.1392399999999999;0.34;0.33731999999999995
0.32;0.3199200000000005;0.5;0.48623999999999984;0.5;0.46747999999999756
0.42;0.4159599999999997;0.32;0.33444000000000024;0.28;0.2876799999999993
0.44;0.45135999999999754;0.34;0.3280000000000002;0.3;0.3031200000000004
0.32;0.3204800000000005;0.54;0.5380800000000012;0.18;0.18052000000000046
0.76;0.763000000000003;0.2;0.18531999999999996;0.18;0.18880000000000044
0.24;0.24276000000000103;0.58;0.5812;0.36;0.3655599999999993
0.22;0.2169200000000005;0.12;0.12283999999999994;0.2;0.19584000000000018
0.34;0.34108000000000044;0.26;0.2621200000000001;0.16;0.15400000000000008
0.26;0.2620799999999998;0.2;0.19632000000000022;0.22;0.23188000000000009
0.38;0.3872400000000019;0.2;0.19608000000000053;0.2;0.19560000000000013
0.46;0.4605599999999975;0.3;0.3004399999999999;0.28;0.27559999999999985
0.54;0.5368400000000015;0.18;0.18400000000000022;0.14;0.13495999999999989
0.1;0.11303999999999997;0.34;0.3334400000000003;0.28;0.27763999999999944
0.26;0.25932000000000005;0.12;0.11847999999999995;0.14;0.15131999999999976
0.2;0.19792000000000093;0.76;0.7480799999999963;0.38;0.36939999999999784
0.24;0.2390800000000012;0.38;0.38324000000000147;0.4;0.409520000000001
0.42;0.4225999999999995;0.12;0.11763999999999994;0.22;0.23283999999999988
0.4;0.40212000000000103;0.24;0.23284000000000094;0.16;0.16440000000000007
0.24;0.23460000000000086;0.12;0.12759999999999994;0.38;0.34720000000000006
0.16;0.16176000000000013;0.54;0.5448400000000014;0.2;0.20631999999999978
0.2;0.19900000000000087;0.74;0.7373999999999987;0.2;0.19692
0.76;0.7598800000000034;0.16;0.17184000000000002;0.44;0.44220000000000076
0.16;0.17136000000000023;0.16;0.14275999999999986;0.1;0.14699999999999983
0.28;0.28027999999999903;0.58;0.5752799999999993;0.48;0.46223999999999865
0.54;0.5384400000000016;0.42;0.4200799999999992;0.16;0.15951999999999997
0.42;0.4178799999999996;0.2;0.2057600000000004;0.46;0.44155999999999984
0.2;0.19524000000000008;0.16;0.1670400000000001;0.44;0.4285600000000002
0.32;0.31952000000000036;0.2;0.1989200000000004;0.28;0.28656000000000015
0.88;0.6629199999999992;0.1;0.25140000000000035;0.1;0.11616000000000004
0.24;0.24196000000000092;0.6;0.59268;0.28;0.27771999999999997
0.24;0.22264000000000075;0.12;0.14135999999999987;0.5;0.4238800000000003
0.6;0.598479999999998;0.3;0.30316000000000004;0.5;0.4970799999999995
0.6;0.6377199999999995;0.18;0.15552;0.3;0.28688000000000036
0.54;0.5356800000000012;0.12;0.12363999999999992;0.32;0.3135599999999999
0.48;0.48615999999999854;0.34;0.3244000000000003;0.3;0.30524000000000046
0.16;0.15351999999999996;0.1;0.11619999999999996;0.34;0.24172000000000002
0.32;0.3189200000000006;0.24;0.23784000000000075;0.14;0.1485999999999998
0.52;0.5246400000000024;0.34;0.3367200000000005;0.1;0.10284
0.12;0.12475999999999993;0.28;0.2757600000000006;0.18;0.1876400000000004
0.14;0.14839999999999984;0.3;0.2897200000000002;0.18;0.1909600000000003
0.3;0.3000000000000021;0.64;0.6508800000000022;0.16;0.15935999999999997
0.26;0.25864000000000004;0.28;0.27744000000000013;0.18;0.18772000000000003
0.38;0.3794800000000026;0.58;0.5791599999999988;0.2;0.2
0.16;0.1605200000000001;0.38;0.39996000000000115;0.3;0.2929199999999995
0.26;0.2585999999999998;0.56;0.5484400000000013;0.12;0.11568000000000009
0.3;0.3070000000000007;0.3;0.28744000000000014;0.32;0.3427599999999998
0.16;0.15695999999999996;0.3;0.2976000000000005;0.3;0.30996000000000057
0.14;0.13631999999999989;0.58;0.5832399999999992;0.2;0.20223999999999992
0.62;0.6028799999999989;0.12;0.1308799999999999;0.46;0.4262399999999989
0.3;0.301160000000002;0.5;0.5054000000000011;0.32;0.3261999999999999
0.14;0.1356399999999999;0.18;0.1784000000000003;0.2;0.22976000000000002
0.5;0.5001200000000037;0.42;0.43491999999999864;0.28;0.28151999999999877
0.78;0.7836799999999966;0.14;0.13667999999999988;0.1;0.10715999999999999
0.3;0.2962800000000013;0.38;0.3934000000000011;0.4;0.41396000000000105
0.1;0.11115999999999997;0.56;0.5601200000000014;0.32;0.3284800000000006
0.22;0.21912000000000065;0.38;0.387960000000001;0.12;0.12220000000000017
0.26;0.24888000000000043;0.34;0.4565600000000018;0.1;0.12019999999999997
0.24;0.23820000000000088;0.22;0.24304000000000042;0.44;0.38847999999999944
0.24;0.2421200000000008;0.6;0.5934399999999997;0.32;0.31992000000000004
0.34;0.34276000000000084;0.38;0.3703200000000003;0.22;0.2186799999999999
0.54;0.539560000000001;0.44;0.41247999999999985;0.26;0.25980000000000125
0.18;0.17703999999999992;0.62;0.6168399999999986;0.5;0.47575999999999824
0.32;0.3226800000000005;0.3;0.28900000000000015;0.1;0.12024000000000008
0.16;0.1701600000000001;0.22;0.2093200000000005;0.16;0.17532000000000023
0.6;0.5933999999999996;0.24;0.2536400000000005;0.5;0.4907999999999987
0.46;0.452719999999998;0.16;0.16336000000000012;0.32;0.3249600000000002
0.28;0.27243999999999924;0.34;0.3549600000000013;0.4;0.39191999999999944
0.64;0.6391599999999985;0.12;0.11867999999999995;0.18;0.20131999999999994
0.12;0.12115999999999993;0.8;0.8248000000000003;0.3;0.30016000000000004
0.62;0.6190400000000005;0.34;0.34496000000000004;0.48;0.4801599999999972
0.68;0.6816800000000005;0.16;0.18488000000000007;0.1;0.10107999999999999
0.32;0.31956000000000045;0.46;0.4760799999999995;0.14;0.14836
0.5;0.48720000000000047;0.16;0.1666400000000002;0.2;0.19296000000000008
0.56;0.5651600000000003;0.2;0.1851600000000003;0.16;0.21628000000000003
0.1;0.10923999999999998;0.26;0.24904000000000032;0.42;0.4215999999999996
0.58;0.57712;0.18;0.17516000000000023;0.2;0.24299999999999994
0.38;0.3833600000000021;0.5;0.514080000000001;0.18;0.18656000000000034
0.36;0.3612800000000009;0.56;0.5555199999999995;0.18;0.17480000000000057
0.32;0.3215600000000004;0.38;0.3795200000000007;0.16;0.16604000000000027
0.16;0.16267999999999996;0.26;0.2494000000000008;0.38;0.3986400000000002
0.1;0.10899999999999997;0.5;0.4953599999999993;0.24;0.24107999999999938
0.46;0.4765599999999984;0.22;0.20280000000000062;0.1;0.12292000000000006
0.2;0.1934000000000001;0.22;0.22324000000000047;0.42;0.4201599999999985
0.56;0.5591600000000008;0.24;0.25012000000000045;0.4;0.4001200000000001
0.28;0.28119999999999945;0.48;0.4681999999999997;0.18;0.1796400000000003
0.4;0.4048800000000007;0.44;0.43279999999999924;0.1;0.10404
0.12;0.11947999999999995;0.82;0.8187999999999981;0.12;0.12004000000000017
0.82;0.828199999999999;0.12;0.11923999999999994;0.1;0.11008000000000003
0.22;0.23028000000000082;0.2;0.1830800000000001;0.1;0.14475999999999994
0.12;0.11943999999999995;0.68;0.6825200000000011;0.1;0.10152000000000001
0.16;0.16156000000000012;0.46;0.45651999999999804;0.48;0.4796799999999985
0.3;0.29584000000000105;0.34;0.356160000000001;0.3;0.30043999999999993
0.16;0.1504799999999999;0.1;0.1258799999999999;0.5;0.3792799999999998
0.76;0.7612400000000037;0.22;0.17996000000000054;0.36;0.3731199999999989
0.7;0.7024799999999991;0.14;0.13551999999999992;0.44;0.43732000000000043
0.42;0.4029200000000004;0.1;0.11495999999999998;0.18;0.16308000000000003
0.5;0.5044400000000026;0.34;0.32263999999999987;0.18;0.1861200000000005
0.12;0.12215999999999994;0.48;0.4958000000000003;0.18;0.18924000000000057
0.14;0.14627999999999985;0.76;0.7729599999999976;0.38;0.38091999999999804
0.18;0.1850400000000005;0.2;0.1934400000000002;0.22;0.23263999999999996
0.36;0.35480000000000095;0.3;0.32408000000000053;0.44;0.45903999999999956
0.1;0.10947999999999998;0.62;0.6119999999999975;0.4;0.40104000000000006
0.36;0.36180000000000084;0.42;0.4201599999999993;0.28;0.28028
0.2;0.19952000000000017;0.22;0.2197600000000006;0.2;0.21087999999999996
0.18;0.1779600000000001;0.58;0.5816000000000002;0.48;0.47239999999999904
0.7;0.7014400000000003;0.2;0.20332000000000014;0.26;0.2659200000000005
0.24;0.2367600000000008;0.14;0.14803999999999987;0.34;0.3068000000000003
0.82;0.8258399999999988;0.16;0.1292799999999999;0.12;0.13375999999999996
0.34;0.3388800000000011;0.54;0.5286400000000009;0.3;0.2871599999999999
0.64;0.6399599999999994;0.22;0.2270000000000002;0.14;0.14308000000000015
0.18;0.17919999999999994;0.74;0.7471599999999997;0.3;0.29799999999999993
0.56;0.5512000000000007;0.22;0.2516400000000005;0.44;0.4235600000000021
0.32;0.31828000000000073;0.62;0.6066799999999997;0.14;0.14072000000000007
0.32;0.3167600000000008;0.36;0.36796000000000106;0.32;0.3297600000000004
0.58;0.5815200000000007;0.24;0.22928000000000084;0.3;0.31052000000000085
0.44;0.44011999999999746;0.54;0.5097600000000022;0.24;0.23971999999999882
0.3;0.3021600000000018;0.54;0.5298400000000018;0.4;0.3941600000000002
0.52;0.5254800000000026;0.28;0.2730400000000006;0.3;0.3015199999999998
0.68;0.6798399999999993;0.2;0.2022000000000003;0.24;0.24443999999999985
0.28;0.28123999999999955;0.44;0.43395999999999896;0.38;0.3741999999999997
0.14;0.15347999999999995;0.3;0.2843999999999999;0.1;0.10996000000000002
0.22;0.22240000000000076;0.58;0.5791999999999996;0.32;0.31919999999999965
0.26;0.26195999999999964;0.4;0.3979200000000008;0.32;0.3253200000000006
0.5;0.499480000000002;0.28;0.2868400000000008;0.28;0.28631999999999946
0.14;0.1285599999999999;0.16;0.1757200000000002;0.38;0.35092000000000045
0.2;0.20068000000000052;0.6;0.5975600000000001;0.16;0.15884000000000015
0.12;0.12467999999999993;0.26;0.25976000000000027;0.48;0.48163999999999874
0.56;0.5609600000000009;0.38;0.3932800000000008;0.42;0.41888000000000253
0.42;0.41907999999999956;0.12;0.12035999999999995;0.2;0.20363999999999996
0.14;0.12399999999999992;0.16;0.1918800000000004;0.5;0.42892000000000063
0.3;0.30236000000000185;0.68;0.6192400000000001;0.42;0.4038800000000009
0.1;0.10184;0.86;0.8588400000000003;0.2;0.19768000000000008
0.12;0.10487999999999999;0.1;0.11195999999999996;0.22;0.19616000000000033
0.52;0.5150400000000028;0.26;0.2769600000000005;0.5;0.4872399999999981
0.6;0.6071599999999991;0.14;0.1334399999999999;0.12;0.13416000000000008
0.8;0.7974400000000001;0.1;0.13379999999999992;0.26;0.22863999999999943
0.18;0.16764000000000018;0.1;0.10895999999999997;0.12;0.13932000000000005
0.12;0.12267999999999994;0.16;0.15679999999999997;0.3;0.31603999999999993
0.24;0.23696000000000098;0.34;0.3658800000000011;0.22;0.2274399999999997
0.22;0.21916000000000058;0.74;0.7304000000000003;0.22;0.21675999999999984
0.38;0.3826800000000023;0.38;0.38156000000000106;0.28;0.28532000000000013
0.24;0.235440000000001;0.1;0.1054;0.26;0.23319999999999955
0.46;0.4683599999999972;0.36;0.3410400000000004;0.3;0.30316000000000004
0.1;0.10608;0.1;0.10024000000000001;0.16;0.13788000000000017
0.44;0.4206799999999993;0.1;0.11575999999999996;0.2;0.17732000000000023
0.62;0.617959999999999;0.22;0.22196000000000046;0.42;0.415040000000001
0.44;0.44563999999999765;0.34;0.3306000000000006;0.46;0.46103999999999934
0.16;0.1614800000000002;0.52;0.510800000000002;0.5;0.4799599999999976
0.22;0.22016000000000052;0.28;0.2844400000000002;0.22;0.21908000000000025
0.1;0.11423999999999995;0.62;0.5994399999999978;0.36;0.3569599999999997
0.24;0.24288000000000093;0.68;0.6812000000000015;0.14;0.14060000000000025
0.2;0.19028000000000017;0.28;0.29376000000000096;0.42;0.4048799999999989
0.7;0.7020800000000003;0.22;0.21792000000000067;0.48;0.4874799999999981
0.22;0.22204000000000068;0.54;0.5365600000000018;0.18;0.18132000000000037
0.44;0.4507999999999977;0.16;0.15463999999999997;0.36;0.3711599999999992
0.64;0.6393999999999962;0.28;0.2964800000000014;0.14;0.14052000000000028
0.1;0.10048000000000001;0.1;0.10423999999999999;0.28;0.26848000000000055
0.34;0.3427600000000012;0.12;0.11895999999999994;0.28;0.27268000000000064
0.42;0.4075600000000003;0.28;0.3115600000000011;0.16;0.16208000000000009
0.28;0.2793199999999997;0.58;0.5563599999999996;0.14;0.12996000000000002
0.44;0.44295999999999747;0.42;0.4232799999999996;0.34;0.3420400000000004
0.2;0.20628000000000016;0.16;0.15119999999999986;0.14;0.16879999999999995
0.3;0.3129600000000011;0.3;0.3165999999999991;0.44;0.45787999999999884
0.44;0.44067999999999746;0.48;0.4903600000000013;0.42;0.42236000000000223
0.1;0.11215999999999997;0.58;0.5704000000000004;0.32;0.32180000000000036
0.48;0.48035999999999623;0.46;0.4719199999999993;0.42;0.42240000000000216
0.34;0.33972000000000113;0.48;0.4821200000000003;0.4;0.39604000000000034
0.22;0.21600000000000047;0.72;0.6910000000000003;0.16;0.1533199999999999
0.48;0.46431999999999846;0.16;0.16828000000000007;0.24;0.23388000000000025
0.24;0.24396000000000073;0.64;0.6465600000000008;0.14;0.1412400000000002
0.28;0.28039999999999937;0.52;0.5223600000000016;0.26;0.25968000000000013
0.34;0.33964000000000094;0.4;0.40823999999999994;0.26;0.27023999999999954
0.56;0.559840000000001;0.4;0.3998800000000007;0.3;0.30048
0.16;0.16500000000000017;0.18;0.1729600000000002;0.36;0.3784800000000006
0.52;0.5166000000000022;0.12;0.12307999999999994;0.22;0.22051999999999997
0.4;0.39960000000000134;0.54;0.5344800000000015;0.22;0.21811999999999987
0.1;0.11991999999999993;0.18;0.15627999999999997;0.18;0.22736000000000006
0.76;0.755440000000002;0.14;0.17464000000000057;0.14;0.12868000000000007
0.18;0.1819600000000005;0.26;0.2548400000000005;0.24;0.25076000000000037
0.38;0.38340000000000246;0.48;0.4736400000000001;0.32;0.3196000000000004
0.1;0.10915999999999998;0.44;0.43923999999999835;0.38;0.3792399999999987
0.38;0.4150800000000012;0.28;0.24592000000000006;0.12;0.13604000000000002
0.12;0.11795999999999994;0.44;0.44903999999999866;0.3;0.3002400000000001
0.1;0.10691999999999999;0.18;0.1770800000000002;0.5;0.4717599999999978
0.48;0.4745600000000006;0.18;0.17708000000000032;0.1;0.11688000000000003
0.54;0.5327200000000019;0.18;0.1864000000000002;0.32;0.28683999999999976
0.24;0.24620000000000042;0.24;0.22916000000000053;0.16;0.18820000000000014
0.74;0.7429999999999987;0.24;0.19916;0.38;0.39231999999999845
0.64;0.6566000000000022;0.14;0.12311999999999994;0.1;0.12756000000000006
0.1;0.11203999999999997;0.74;0.7388399999999978;0.1;0.10112000000000002
0.34;0.3414400000000009;0.12;0.11995999999999993;0.24;0.23744000000000037
0.14;0.14055999999999988;0.52;0.5168000000000023;0.26;0.26024000000000075
0.3;0.3067600000000007;0.14;0.1343999999999999;0.3;0.30688000000000026
0.76;0.7568000000000025;0.14;0.15344;0.18;0.17460000000000025
0.36;0.3627200000000014;0.22;0.22108000000000075;0.16;0.14776000000000006
0.16;0.15664;0.38;0.40504000000000057;0.32;0.3231200000000009
0.14;0.14339999999999986;0.42;0.4108400000000006;0.2;0.19832000000000005
0.48;0.4893999999999996;0.36;0.33532000000000073;0.28;0.2814399999999998
0.46;0.47091999999999756;0.34;0.31992000000000037;0.22;0.2263599999999996
0.16;0.16288;0.26;0.2545200000000003;0.26;0.27052000000000004
0.56;0.5622400000000012;0.42;0.3934000000000015;0.1;0.10056000000000001
0.72;0.7235599999999937;0.24;0.23428000000000018;0.1;0.10355999999999999
0.48;0.4979200000000024;0.24;0.22128000000000062;0.12;0.15076000000000006
0.2;0.19512000000000024;0.2;0.20120000000000018;0.44;0.44243999999999983
0.22;0.20960000000000037;0.14;0.1521599999999999;0.48;0.44211999999999996
0.28;0.27799999999999914;0.64;0.6382000000000014;0.18;0.17600000000000054
0.1;0.11391999999999995;0.34;0.3285600000000003;0.26;0.26160000000000083
0.36;0.3603200000000008;0.52;0.5260800000000014;0.32;0.32316
0.44;0.44151999999999736;0.44;0.45031999999999844;0.24;0.2414399999999996
0.32;0.3196400000000005;0.66;0.629999999999997;0.46;0.45299999999999885
0.16;0.16324000000000008;0.24;0.23260000000000072;0.4;0.41632000000000124
0.5;0.48163999999999707;0.1;0.11899999999999994;0.2;0.1591600000000001
0.54;0.5402800000000009;0.42;0.4236799999999989;0.38;0.3802399999999976
0.46;0.4598399999999978;0.46;0.4741599999999982;0.32;0.32016000000000144
0.36;0.3679600000000013;0.44;0.4158800000000001;0.18;0.17064000000000037
0.38;0.3594400000000013;0.1;0.11719999999999994;0.1;0.11408000000000004
0.26;0.25871999999999973;0.62;0.6241999999999985;0.46;0.4581599999999998
0.4;0.404080000000001;0.24;0.2408000000000008;0.26;0.2467199999999996
0.26;0.25923999999999997;0.2;0.19776;0.24;0.2560000000000004
0.26;0.25816000000000033;0.22;0.2276800000000008;0.28;0.2636400000000003
0.7;0.68716;0.1;0.11799999999999997;0.34;0.2751200000000008
0.8;0.8069600000000001;0.18;0.13567999999999988;0.18;0.19956000000000004
0.36;0.3572000000000009;0.32;0.33372000000000085;0.26;0.26640000000000014
0.2;0.20316000000000023;0.18;0.17176000000000038;0.34;0.37228000000000006
0.58;0.5757600000000012;0.2;0.2340800000000008;0.28;0.2613600000000004
0.4;0.4004800000000011;0.46;0.4573199999999984;0.22;0.22223999999999985
0.68;0.6885199999999979;0.14;0.1330799999999999;0.42;0.43664000000000075
0.34;0.3388800000000008;0.46;0.4603999999999997;0.16;0.15972000000000006
0.32;0.3190000000000007;0.36;0.3656400000000014;0.46;0.4660400000000003
0.38;0.38028000000000267;0.54;0.5457200000000011;0.42;0.4170800000000014
0.3;0.298960000000001;0.38;0.40124000000000054;0.12;0.1299200000000001
0.38;0.3839600000000018;0.14;0.13811999999999988;0.24;0.2438000000000004
0.16;0.16040000000000015;0.62;0.6267599999999981;0.42;0.43128000000000066
0.12;0.12687999999999994;0.3;0.2932800000000002;0.38;0.38659999999999917
0.5;0.5001600000000039;0.44;0.4474399999999983;0.48;0.4801999999999976
0.7;0.7018399999999997;0.18;0.1764000000000004;0.38;0.3880399999999995
0.26;0.2593600000000002;0.16;0.16076000000000001;0.2;0.20112000000000013
0.28;0.2761999999999996;0.16;0.1636800000000001;0.28;0.27288000000000046
0.18;0.18032000000000017;0.68;0.6861600000000003;0.34;0.3413200000000004
0.28;0.28055999999999914;0.54;0.5388000000000015;0.34;0.3393200000000002
0.44;0.44051999999999747;0.48;0.49080000000000196;0.14;0.13936000000000026
0.28;0.28011999999999904;0.48;0.4785199999999981;0.46;0.45456
0.42;0.4130799999999999;0.3;0.32512000000000013;0.1;0.10491999999999999
0.26;0.2602399999999998;0.46;0.45259999999999917;0.14;0.14360000000000003
0.56;0.566320000000001;0.14;0.1333999999999999;0.3;0.31160000000000043
0.42;0.4183199999999994;0.4;0.40403999999999995;0.16;0.1579600000000001
0.58;0.5754800000000011;0.22;0.2448800000000006;0.16;0.15439999999999995
0.26;0.2577999999999998;0.64;0.6527199999999993;0.44;0.4388800000000012
0.44;0.44131999999999744;0.48;0.4889199999999996;0.48;0.481959999999998
0.14;0.14071999999999987;0.72;0.7263599999999975;0.48;0.4879199999999987
0.3;0.30408000000000096;0.16;0.15564;0.12;0.12140000000000006
0.34;0.33696000000000026;0.32;0.3669200000000014;0.12;0.1288400000000001
0.1;0.11227999999999996;0.52;0.5024400000000027;0.3;0.2991600000000001
0.1;0.108;0.72;0.711799999999999;0.18;0.17640000000000056
0.56;0.5619200000000008;0.36;0.3759600000000019;0.48;0.4817599999999972
0.1;0.10555999999999999;0.16;0.16076000000000013;0.5;0.46779999999999855
0.46;0.46271999999999763;0.36;0.35224000000000116;0.44;0.4428800000000003
0.46;0.43947999999999804;0.1;0.12031999999999995;0.16;0.13168000000000007
0.12;0.12639999999999993;0.28;0.2760800000000005;0.2;0.20703999999999984
0.46;0.46415999999999813;0.2;0.19488000000000028;0.22;0.2340399999999998
0.32;0.3236800000000007;0.14;0.1374399999999999;0.16;0.16544000000000014
0.12;0.11807999999999995;0.22;0.2216000000000006;0.36;0.3614800000000003
0.38;0.3800400000000025;0.56;0.5678000000000005;0.16;0.16028000000000003
0.34;0.33980000000000116;0.62;0.6202799999999974;0.44;0.43364000000000197
0.16;0.15528;0.1;0.11195999999999996;0.28;0.20252000000000026
0.12;0.12135999999999994;0.76;0.7563999999999967;0.32;0.32012000000000096
0.26;0.2534000000000003;0.3;0.3032800000000009;0.48;0.48571999999999954
0.52;0.5082000000000028;0.12;0.1267999999999999;0.28;0.26763999999999977
0.74;0.740599999999998;0.24;0.20884000000000033;0.34;0.3457200000000001
0.34;0.33764000000000105;0.46;0.4597999999999995;0.18;0.17740000000000036
0.52;0.5196400000000029;0.42;0.4313199999999989;0.22;0.2203199999999999
0.26;0.25911999999999996;0.42;0.43251999999999946;0.18;0.18828000000000045
0.58;0.5719600000000016;0.2;0.23220000000000077;0.4;0.37699999999999834
0.56;0.5547600000000008;0.22;0.2498800000000004;0.18;0.17024000000000047
0.28;0.2743999999999998;0.22;0.22620000000000073;0.38;0.3709600000000003
0.1;0.11079999999999998;0.56;0.5504800000000006;0.42;0.4231600000000018
0.18;0.18000000000000024;0.42;0.42403999999999964;0.1;0.10188
0.14;0.14307999999999987;0.36;0.34988000000000113;0.48;0.48887999999999876
0.42;0.4171599999999993;0.42;0.43275999999999926;0.12;0.12064000000000012
0.1;0.10643999999999999;0.82;0.8241199999999976;0.5;0.48727999999999855
0.32;0.3188400000000007;0.42;0.42963999999999875;0.38;0.39336000000000015
0.72;0.7227999999999952;0.2;0.20640000000000056;0.2;0.2082799999999998
0.3;0.30052000000000184;0.48;0.4845999999999996;0.38;0.3881199999999999
0.22;0.2164800000000005;0.44;0.4503199999999986;0.38;0.38675999999999944
0.26;0.2594399999999997;0.36;0.36312000000000155;0.34;0.3455600000000004
0.1;0.11367999999999998;0.56;0.5485600000000005;0.12;0.11920000000000015
0.54;0.5455600000000014;0.16;0.15423999999999993;0.12;0.13156000000000004
0.3;0.29892000000000146;0.38;0.3869600000000008;0.26;0.2650400000000001
0.24;0.2415200000000011;0.7;0.698959999999996;0.16;0.15735999999999994
0.14;0.1365199999999999;0.84;0.774679999999998;0.5;0.46684000000000003
0.38;0.3819600000000024;0.54;0.5466800000000008;0.3;0.3
0.14;0.1349199999999999;0.42;0.4473599999999988;0.26;0.26400000000000035
0.66;0.6622000000000018;0.24;0.24091999999999994;0.34;0.34652000000000005
0.38;0.3844400000000018;0.24;0.2449600000000006;0.32;0.2982399999999997
0.24;0.22200000000000053;0.2;0.24580000000000057;0.5;0.4078400000000002
0.76;0.7616400000000038;0.2;0.19488000000000003;0.3;0.3076000000000002
0.52;0.5208800000000025;0.34;0.3428000000000005;0.4;0.40040000000000014
0.28;0.27703999999999923;0.64;0.6327599999999992;0.34;0.32344000000000017
0.82;0.8192799999999976;0.1;0.12775999999999993;0.2;0.1928800000000003
0.34;0.3383200000000009;0.36;0.36268000000000156;0.32;0.3192800000000001
0.18;0.18544000000000022;0.54;0.5528400000000008;0.34;0.36595999999999956
0.22;0.22456000000000073;0.32;0.32468000000000063;0.5;0.480919999999998
0.54;0.5281200000000021;0.22;0.25932000000000044;0.4;0.3788799999999988
0.86;0.845639999999995;0.1;0.12663999999999995;0.1;0.11076000000000004
0.44;0.44331999999999794;0.18;0.17592000000000027;0.2;0.2138799999999998
0.56;0.562160000000001;0.34;0.33943999999999996;0.26;0.26236000000000076
0.66;0.6785200000000008;0.16;0.1413999999999999;0.2;0.2342400000000003
0.24;0.23948000000000122;0.5;0.4981199999999998;0.38;0.3790400000000004
0.38;0.3817600000000025;0.52;0.5127600000000022;0.5;0.4874399999999984
0.54;0.5392000000000013;0.12;0.11947999999999995;0.16;0.16340000000000005
0.32;0.31852000000000064;0.34;0.3464400000000005;0.4;0.410280000000001
0.12;0.11859999999999994;0.82;0.820120000000001;0.38;0.37947999999999776
0.26;0.2583199999999999;0.46;0.4635599999999991;0.2;0.20539999999999994
0.6;0.5983599999999982;0.24;0.23460000000000064;0.38;0.3849599999999989
0.34;0.34024000000000093;0.12;0.12343999999999994;0.36;0.3413999999999998
0.28;0.27951999999999944;0.4;0.41224;0.2;0.20715999999999984
0.44;0.4258799999999993;0.32;0.3602800000000006;0.1;0.10608
0.56;0.5644800000000006;0.3;0.2934800000000004;0.16;0.16452000000000028
0.24;0.2351200000000005;0.22;0.22116000000000036;0.16;0.16368
0.66;0.6617200000000044;0.32;0.2888800000000013;0.3;0.29988
0.68;0.6576400000000022;0.1;0.12215999999999994;0.36;0.28383999999999954
0.44;0.43047999999999836;0.32;0.339480000000001;0.18;0.18036000000000058
0.28;0.2751999999999996;0.62;0.621200000000001;0.14;0.13376000000000005
0.1;0.10499999999999998;0.26;0.25420000000000015;0.46;0.46387999999999907
0.38;0.386840000000002;0.42;0.4128400000000006;0.16;0.16192000000000012
0.32;0.3224000000000005;0.42;0.41675999999999985;0.16;0.1675200000000002
0.14;0.1359199999999999;0.2;0.2030800000000003;0.14;0.13939999999999989
0.7;0.6941600000000014;0.1;0.10583999999999999;0.28;0.2554400000000007
0.2;0.1940000000000007;0.76;0.7079599999999974;0.34;0.32147999999999977
0.14;0.1405999999999999;0.7;0.7050799999999969;0.1;0.10164
0.42;0.4182799999999993;0.34;0.3449600000000003;0.3;0.3050800000000002
0.22;0.21956000000000064;0.56;0.563280000000001;0.42;0.41923999999999995
0.18;0.17755999999999986;0.8;0.7487599999999978;0.32;0.30760000000000154
0.7;0.7015599999999971;0.12;0.11939999999999995;0.38;0.4039599999999994
0.54;0.5413600000000013;0.34;0.3421600000000003;0.34;0.34024000000000026
0.12;0.1331199999999999;0.38;0.35684000000000093;0.22;0.22576000000000002
0.5;0.5056800000000022;0.3;0.2944800000000002;0.18;0.18260000000000054
0.2;0.20072000000000087;0.58;0.5784000000000006;0.42;0.4199599999999998
0.22;0.22048000000000076;0.28;0.28316000000000074;0.18;0.18024000000000015
0.12;0.12787999999999994;0.26;0.2499600000000007;0.46;0.47575999999999946
0.34;0.34000000000000113;0.5;0.49711999999999984;0.32;0.3157600000000004
0.36;0.3593600000000007;0.62;0.5887199999999982;0.14;0.1376800000000003
0.12;0.11643999999999996;0.5;0.510360000000002;0.42;0.42960000000000187
0.62;0.6241199999999996;0.22;0.21916000000000044;0.22;0.2235199999999998
0.68;0.6806399999999995;0.2;0.19548000000000024;0.22;0.2261999999999996
0.3;0.30324000000000184;0.52;0.5170400000000022;0.4;0.3982000000000002
0.14;0.13955999999999988;0.32;0.3151200000000007;0.32;0.3302800000000008
0.38;0.3860800000000019;0.38;0.36496000000000084;0.24;0.23520000000000016
0.4;0.39892000000000144;0.58;0.5525600000000006;0.2;0.19776000000000007
0.34;0.33884000000000103;0.54;0.5406400000000015;0.44;0.4338400000000009
0.16;0.15936000000000008;0.54;0.5388400000000013;0.34;0.34024000000000065
0.16;0.16612000000000007;0.52;0.5188000000000015;0.12;0.12608000000000014
0.12;0.10384;0.1;0.11579999999999996;0.3;0.26523999999999953
0.28;0.2755599999999999;0.22;0.22504000000000066;0.4;0.39060000000000006
0.36;0.35224000000000066;0.1;0.10444;0.34;0.3292800000000006
0.64;0.6400399999999946;0.32;0.3216800000000006;0.42;0.41840000000000244
0.16;0.16168000000000018;0.48;0.49864000000000075;0.14;0.1485600000000001
0.26;0.2612399999999999;0.16;0.16108000000000006;0.38;0.3745999999999997
0.2;0.2092400000000004;0.1;0.11239999999999997;0.5;0.4171599999999994
0.34;0.3390400000000011;0.44;0.44283999999999846;0.32;0.31495999999999963
0.44;0.4215199999999992;0.22;0.24424000000000082;0.48;0.4437199999999996
0.3;0.3144000000000004;0.32;0.29296000000000066;0.28;0.32356000000000007
0.48;0.46551999999999877;0.16;0.16044000000000025;0.48;0.4791599999999976
0.16;0.16308000000000003;0.24;0.23808000000000076;0.16;0.16332000000000013
0.36;0.3610400000000008;0.18;0.17804000000000006;0.26;0.2547599999999993
0.62;0.6220399999999994;0.24;0.23744000000000037;0.48;0.4848399999999982
0.34;0.33968000000000115;0.6;0.6109599999999987;0.44;0.4342400000000016
0.24;0.23976000000000097;0.38;0.3768000000000013;0.12;0.12184000000000017
0.7;0.67696;0.14;0.14947999999999984;0.48;0.41895999999999917
0.4;0.4004400000000012;0.34;0.3398000000000004;0.44;0.4455199999999994
0.8;0.8004400000000016;0.12;0.1331999999999999;0.46;0.46260000000000073
0.28;0.2801999999999996;0.16;0.15691999999999995;0.34;0.3561200000000003
0.28;0.2731599999999994;0.36;0.40012000000000164;0.1;0.1072
0.12;0.12255999999999993;0.78;0.791120000000001;0.22;0.2202799999999999
0.42;0.42155999999999905;0.12;0.11759999999999994;0.26;0.2665599999999997
0.22;0.22220000000000076;0.58;0.5763600000000001;0.3;0.2950399999999995
0.38;0.38112000000000196;0.36;0.35528000000000093;0.12;0.12104000000000015
0.46;0.45935999999999794;0.5;0.49376000000000037;0.1;0.10067999999999999
0.66;0.6541999999999997;0.14;0.14587999999999987;0.2;0.19127999999999998
0.58;0.5798000000000015;0.34;0.34868000000000043;0.26;0.261840000000001
0.46;0.45687999999999884;0.18;0.17592000000000005;0.44;0.45083999999999946
0.26;0.2645599999999995;0.46;0.4423999999999981;0.5;0.4637999999999983
0.8;0.7921599999999989;0.1;0.14771999999999985;0.14;0.11492000000000009
0.4;0.3997200000000013;0.52;0.527360000000001;0.28;0.28091999999999934
0.44;0.44263999999999754;0.42;0.42079999999999945;0.32;0.32096000000000063
0.16;0.16176000000000015;0.42;0.41431999999999974;0.42;0.4172800000000015
0.44;0.41675999999999974;0.3;0.3542400000000008;0.1;0.10559999999999999
0.2;0.19740000000000033;0.3;0.3042000000000004;0.2;0.20208000000000034
0.46;0.46103999999999745;0.3;0.2977600000000002;0.4;0.39996
0.28;0.28151999999999994;0.16;0.17812000000000017;0.5;0.42936000000000013
0.16;0.15027999999999986;0.16;0.17280000000000031;0.28;0.25392000000000026
0.22;0.233600000000001;0.34;0.31016000000000077;0.36;0.4011999999999995
0.1;0.10987999999999998;0.78;0.7806400000000006;0.16;0.15671999999999991
0.4;0.4102800000000002;0.16;0.15463999999999997;0.36;0.36699999999999927
0.46;0.4594399999999979;0.52;0.49260000000000165;0.5;0.4929999999999991
0.12;0.12263999999999993;0.74;0.740239999999999;0.26;0.25928000000000095
0.26;0.25532000000000016;0.4;0.4362399999999999;0.18;0.20108000000000043
0.18;0.18416000000000016;0.34;0.3272800000000004;0.28;0.2968
0.26;0.2575999999999998;0.66;0.6675599999999972;0.36;0.3577999999999995
0.36;0.35912000000000094;0.62;0.5708800000000012;0.16;0.15155999999999997
0.4;0.40064000000000116;0.42;0.4189199999999998;0.18;0.18444000000000052
0.16;0.15864000000000006;0.56;0.5503200000000006;0.36;0.35083999999999993
0.48;0.48039999999999705;0.4;0.4142000000000002;0.42;0.41916000000000136
0.12;0.12359999999999995;0.66;0.6471999999999978;0.12;0.11860000000000015
0.7;0.7020399999999981;0.12;0.11703999999999996;0.42;0.4388799999999998
0.46;0.4615599999999975;0.28;0.28048000000000006;0.2;0.2017199999999999
0.26;0.2578799999999997;0.68;0.6858800000000009;0.44;0.4372400000000024
0.4;0.39672000000000146;0.3;0.31127999999999995;0.34;0.35327999999999965
0.64;0.6379999999999976;0.26;0.2765600000000008;0.14;0.14316000000000023
0.72;0.7213599999999942;0.2;0.21428000000000047;0.38;0.38323999999999825
0.18;0.18112000000000048;0.3;0.2918400000000001;0.28;0.29452000000000056
0.36;0.3631200000000011;0.24;0.24560000000000068;0.42;0.4033199999999987
0.44;0.44143999999999795;0.22;0.23764000000000104;0.5;0.45215999999999995
0.52;0.513320000000002;0.2;0.2005200000000002;0.36;0.37212000000000034
0.12;0.12335999999999994;0.34;0.33604000000000017;0.12;0.12024000000000017
0.44;0.4413199999999975;0.5;0.47699999999999715;0.1;0.10047999999999999
0.5;0.5030000000000021;0.34;0.3278000000000002;0.3;0.3072000000000005
0.14;0.13587999999999992;0.48;0.4881200000000008;0.4;0.4044000000000003
0.2;0.1984800000000004;0.2;0.19756000000000037;0.18;0.19736000000000029
0.38;0.38516000000000233;0.46;0.4448799999999989;0.3;0.2931999999999998
0.28;0.2806000000000001;0.26;0.2748000000000003;0.48;0.44648000000000054
0.86;0.8533599999999941;0.1;0.12095999999999996;0.12;0.11644000000000007
0.36;0.36004000000000064;0.62;0.5878799999999985;0.3;0.2947199999999997
0.18;0.18640000000000048;0.16;0.15563999999999995;0.2;0.20532000000000003
0.16;0.16624000000000022;0.72;0.7235599999999978;0.2;0.20004
0.12;0.12103999999999994;0.36;0.35696000000000155;0.32;0.32424000000000086
0.66;0.6640000000000031;0.24;0.2394000000000003;0.42;0.42584000000000255
0.1;0.10899999999999997;0.76;0.7509999999999972;0.32;0.31136000000000064
0.16;0.14915999999999988;0.16;0.17848000000000033;0.38;0.3381599999999999
0.36;0.359280000000001;0.24;0.24200000000000102;0.14;0.13311999999999996
0.46;0.4660799999999973;0.36;0.34308000000000094;0.5;0.4846799999999981
0.3;0.30000000000000154;0.4;0.40508;0.16;0.16272000000000014
0.56;0.5632000000000005;0.34;0.34680000000000094;0.48;0.48227999999999743
0.8;0.8054000000000002;0.18;0.1386799999999999;0.2;0.21779999999999985
0.16;0.15884000000000006;0.4;0.4143999999999996;0.32;0.32488000000000133
0.28;0.27947999999999984;0.28;0.27744000000000013;0.18;0.18496000000000004
0.54;0.5453600000000012;0.28;0.2596400000000005;0.32;0.33204000000000056
0.54;0.5434800000000015;0.3;0.2904400000000006;0.32;0.32492000000000093
0.48;0.4855199999999985;0.34;0.32664000000000015;0.34;0.34284000000000064
0.24;0.2382800000000013;0.58;0.5655200000000004;0.5;0.4623599999999989
0.2;0.19736000000000006;0.22;0.22264000000000067;0.36;0.35996000000000083
0.24;0.24236000000000094;0.52;0.5319200000000012;0.3;0.32099999999999984
0.64;0.6377999999999955;0.32;0.32676000000000016;0.5;0.4954799999999994
0.24;0.24452000000000074;0.62;0.6228799999999981;0.32;0.3297200000000001
0.62;0.6190800000000004;0.34;0.34756;0.38;0.37895999999999785
0.26;0.26511999999999986;0.12;0.1333599999999999;0.5;0.41315999999999936
0.76;0.7619200000000036;0.22;0.18624000000000054;0.4;0.41048000000000046
0.28;0.27871999999999914;0.42;0.4157999999999998;0.48;0.46399999999999864
0.28;0.27943999999999913;0.46;0.4599599999999975;0.46;0.4577600000000011
0.46;0.45947999999999795;0.46;0.47083999999999865;0.16;0.15996000000000002
0.1;0.10719999999999999;0.76;0.7519199999999983;0.44;0.42772000000000227
0.12;0.1306799999999999;0.3;0.28792000000000006;0.3;0.30800000000000044
0.22;0.22192000000000067;0.68;0.6975600000000003;0.36;0.3621199999999993
0.3;0.29996000000000206;0.66;0.657559999999997;0.36;0.3575199999999995
0.26;0.25707999999999986;0.52;0.5296000000000016;0.34;0.3454799999999998
0.38;0.38172000000000245;0.48;0.47883999999999877;0.42;0.4227600000000008
0.44;0.4531999999999976;0.34;0.31812;0.14;0.14656000000000008
0.32;0.31892000000000076;0.46;0.4796799999999987;0.3;0.3195600000000007
0.74;0.7306799999999957;0.14;0.1708400000000002;0.32;0.29851999999999956
0.66;0.6580000000000013;0.2;0.20840000000000017;0.22;0.22215999999999986
0.4;0.3990400000000013;0.48;0.4852400000000011;0.4;0.40308000000000027
0.36;0.3609600000000007;0.5;0.5028800000000015;0.38;0.37967999999999974
0.66;0.5914400000000024;0.1;0.14075999999999997;0.46;0.3871200000000002
0.38;0.38012000000000257;0.6;0.5730400000000011;0.42;0.41640000000000194
0.6;0.5985199999999974;0.34;0.3495600000000004;0.18;0.17908000000000068
0.6;0.6001599999999977;0.34;0.3370400000000002;0.5;0.4977599999999997
0.38;0.3826000000000025;0.46;0.4545599999999979;0.34;0.33776000000000084
0.3;0.296000000000001;0.28;0.2779600000000006;0.34;0.3492799999999997
0.36;0.3528000000000009;0.24;0.24760000000000051;0.28;0.2582400000000002
0.14;0.1303999999999999;0.34;0.3466400000000011;0.3;0.30752000000000057
0.28;0.2781999999999991;0.7;0.6661999999999987;0.36;0.35187999999999964
0.36;0.36212000000000094;0.12;0.12035999999999993;0.48;0.4665199999999995
0.72;0.7222399999999951;0.26;0.2082800000000002;0.14;0.1442400000000001
0.68;0.6676000000000003;0.1;0.11175999999999997;0.12;0.11888000000000003
0.16;0.16376000000000004;0.26;0.2586400000000004;0.22;0.22527999999999965
0.14;0.14063999999999988;0.32;0.3131200000000005;0.28;0.28863999999999923
0.5;0.5004000000000032;0.42;0.43047999999999875;0.12;0.12016000000000018
0.32;0.32088000000000066;0.5;0.49559999999999965;0.24;0.23992000000000027
0.4;0.4056000000000009;0.18;0.17675999999999997;0.44;0.40780000000000066
0.36;0.34952000000000066;0.2;0.20420000000000055;0.38;0.3635999999999999
0.38;0.38408000000000225;0.44;0.43899999999999867;0.36;0.3573999999999996
0.86;0.8563599999999932;0.1;0.11783999999999994;0.48;0.4605999999999977
0.52;0.5128400000000025;0.24;0.26548000000000055;0.32;0.30512000000000017
0.3;0.29704000000000086;0.22;0.22104000000000082;0.24;0.24112000000000028
0.2;0.19964000000000032;0.12;0.12427999999999995;0.26;0.2373999999999996
0.68;0.6833999999999983;0.24;0.24548000000000006;0.22;0.22387999999999977
0.1;0.11279999999999997;0.54;0.5359200000000013;0.36;0.36863999999999886
0.48;0.4870799999999986;0.34;0.3237200000000001;0.24;0.24363999999999947
0.16;0.15587999999999994;0.32;0.31968000000000035;0.34;0.3468400000000002
0.68;0.681159999999998;0.24;0.25464000000000003;0.24;0.24047999999999914
0.24;0.24068000000000125;0.7;0.711319999999995;0.4;0.40032000000000006
0.78;0.7359599999999963;0.1;0.13276000000000002;0.42;0.4075600000000004
0.26;0.26035999999999965;0.42;0.42463999999999885;0.44;0.44983999999999946
0.38;0.38652000000000214;0.44;0.42343999999999965;0.2;0.19564000000000012
0.78;0.7814799999999956;0.18;0.17464000000000046;0.32;0.32828000000000124
0.52;0.511480000000002;0.1;0.10619999999999999;0.48;0.4405599999999989
0.8;0.799800000000002;0.12;0.14523999999999987;0.44;0.4306800000000012
0.5;0.4817999999999983;0.24;0.2778799999999998;0.24;0.22695999999999988
0.44;0.44471999999999906;0.22;0.2109200000000006;0.12;0.1295200000000001
0.2;0.2016800000000002;0.22;0.21856000000000056;0.18;0.18939999999999993
0.24;0.23284000000000118;0.36;0.39044000000000195;0.18;0.19500000000000065
0.46;0.45947999999999795;0.48;0.48604;0.22;0.22031999999999985
0.44;0.4413599999999975;0.54;0.5064800000000005;0.36;0.35743999999999954
0.32;0.3213600000000003;0.12;0.11767999999999994;0.28;0.29120000000000024
0.38;0.38416000000000217;0.46;0.4440799999999984;0.14;0.1390400000000002
0.2;0.1989600000000008;0.58;0.5836399999999993;0.28;0.28008000000000016
0.66;0.6603600000000024;0.22;0.2290800000000005;0.14;0.1406000000000002
0.24;0.23892000000000113;0.74;0.7117199999999962;0.1;0.1004
0.6;0.5982399999999988;0.24;0.24144000000000063;0.48;0.4813999999999978
0.4;0.39980000000000115;0.16;0.1600000000000001;0.18;0.1838400000000002
0.2;0.198520000000001;0.74;0.7531600000000002;0.26;0.2592800000000012
0.24;0.2501200000000005;0.18;0.16200000000000006;0.1;0.14967999999999992
0.14;0.12631999999999993;0.14;0.16444000000000017;0.46;0.3967600000000008
0.46;0.4603199999999977;0.26;0.2731199999999996;0.32;0.3133999999999995
0.36;0.3699600000000014;0.48;0.4463600000000005;0.2;0.18388000000000032
0.24;0.24164000000000077;0.32;0.31528000000000106;0.46;0.4666800000000003
0.38;0.37588000000000205;0.32;0.3353200000000008;0.12;0.12140000000000017
0.58;0.5796800000000016;0.38;0.37636000000000136;0.2;0.20027999999999996
0.14;0.13775999999999988;0.28;0.2830400000000009;0.18;0.1856400000000003
0.32;0.3189200000000007;0.6;0.6104800000000005;0.2;0.19876000000000002
0.22;0.21296000000000045;0.76;0.6898799999999998;0.16;0.1499999999999999
0.1;0.10795999999999997;0.4;0.4174400000000001;0.28;0.28340000000000004
0.68;0.6846400000000001;0.12;0.11535999999999995;0.2;0.2197599999999999
0.48;0.48191999999999935;0.16;0.15820000000000006;0.38;0.39671999999999985
0.3;0.30000000000000193;0.56;0.5606800000000003;0.38;0.37403999999999904
0.34;0.3387600000000004;0.18;0.1830000000000001;0.18;0.16800000000000007
0.32;0.31588000000000044;0.1;0.10244;0.4;0.39572000000000007
0.62;0.6330800000000001;0.18;0.16736000000000031;0.34;0.3612000000000002
0.54;0.531480000000002;0.24;0.27496000000000037;0.16;0.15359999999999996
0.38;0.3821600000000023;0.54;0.5495600000000012;0.18;0.18140000000000056
0.32;0.32120000000000026;0.26;0.2596400000000001;0.18;0.18243999999999988
0.34;0.33744000000000063;0.14;0.14339999999999986;0.36;0.3458399999999997
0.56;0.5630000000000007;0.34;0.3442000000000008;0.3;0.30456000000000044
0.7;0.6976399999999959;0.12;0.12059999999999996;0.34;0.3549200000000004
0.3;0.29800000000000076;0.22;0.22380000000000072;0.16;0.15904
0.58;0.5739200000000013;0.1;0.10659999999999999;0.38;0.3714799999999995
0.26;0.2669999999999998;0.32;0.3063200000000012;0.18;0.19871999999999995
0.26;0.2611200000000001;0.54;0.5478800000000014;0.1;0.10503999999999998
0.12;0.11343999999999997;0.58;0.5830799999999989;0.48;0.46863999999999884
0.18;0.18984000000000037;0.14;0.14271999999999987;0.3;0.257
0.64;0.6287199999999985;0.18;0.20296000000000036;0.38;0.3652799999999993
0.54;0.5413600000000012;0.38;0.3983600000000008;0.28;0.27995999999999877
0.36;0.3727600000000019;0.28;0.27052;0.2;0.2014000000000002
0.36;0.3604000000000006;0.54;0.5489600000000012;0.44;0.44220000000000076
0.18;0.18040000000000003;0.6;0.6078399999999995;0.3;0.3098800000000007
0.36;0.3598400000000006;0.62;0.5931599999999986;0.42;0.4170800000000022
0.12;0.11367999999999998;0.4;0.41591999999999957;0.22;0.22147999999999984
0.1;0.11051999999999998;0.12;0.10751999999999998;0.34;0.37487999999999866
0.12;0.12103999999999994;0.8;0.8107999999999971;0.26;0.259120000000001
0.22;0.22404000000000077;0.3;0.29108;0.28;0.29652
0.34;0.3400400000000013;0.52;0.5154000000000015;0.36;0.35503999999999947
0.1;0.11527999999999995;0.38;0.36188000000000137;0.5;0.47999999999999793
0.32;0.32588000000000006;0.16;0.15508000000000002;0.14;0.1409199999999998
0.64;0.6373999999999949;0.1;0.10132;0.4;0.3886399999999994
0.32;0.32124000000000036;0.44;0.47211999999999976;0.1;0.11592000000000005
0.26;0.25691999999999987;0.44;0.4589199999999984;0.24;0.2522800000000001
0.64;0.6361999999999977;0.24;0.24980000000000013;0.44;0.4406000000000011
0.3;0.2966400000000006;0.26;0.26148;0.36;0.3628000000000002
0.34;0.3401200000000011;0.64;0.6107200000000005;0.36;0.35723999999999945
0.7;0.6931599999999984;0.16;0.18540000000000023;0.32;0.3117199999999999
0.32;0.3536800000000006;0.3;0.2716400000000003;0.24;0.24440000000000053
0.46;0.4652799999999974;0.34;0.3260800000000006;0.5;0.48391999999999813
0.22;0.22308000000000064;0.46;0.46519999999999845;0.12;0.12668000000000015
0.32;0.311960000000001;0.32;0.3512000000000007;0.32;0.32440000000000013
0.2;0.20096000000000053;0.46;0.4706799999999991;0.1;0.10351999999999999
0.16;0.16276000000000024;0.76;0.778879999999997;0.38;0.3817199999999978
0.1;0.11275999999999997;0.68;0.6691600000000012;0.3;0.29455999999999966
0.38;0.3821600000000021;0.32;0.3164000000000005;0.44;0.44004000000000065
0.32;0.32096000000000063;0.14;0.14659999999999987;0.46;0.43048000000000003
0.22;0.21840000000000057;0.66;0.6649199999999996;0.2;0.19932
0.5;0.5075200000000023;0.36;0.3514000000000008;0.28;0.2818399999999993
0.1;0.11651999999999996;0.68;0.6837199999999992;0.22;0.21907999999999977
0.24;0.23944000000000093;0.42;0.41320000000000034;0.2;0.20211999999999994
0.34;0.33888000000000096;0.64;0.6068000000000002;0.22;0.21667999999999982
0.36;0.36016000000000076;0.56;0.5496400000000009;0.16;0.15099999999999997
0.16;0.17188000000000023;0.34;0.32480000000000003;0.22;0.22536000000000017
0.28;0.2791999999999991;0.66;0.6515199999999977;0.22;0.21527999999999975
0.46;0.46355999999999736;0.36;0.3518800000000011;0.48;0.4785599999999981
0.2;0.20116000000000042;0.12;0.11771999999999996;0.2;0.20924
0.14;0.14343999999999987;0.54;0.5496800000000006;0.1;0.10472
0.24;0.23992000000000122;0.7;0.7004399999999963;0.2;0.19888000000000003
0.52;0.5150000000000017;0.24;0.30060000000000014;0.1;0.10096000000000001
0.12;0.12151999999999993;0.54;0.5436400000000012;0.32;0.3238400000000011
0.14;0.13991999999999988;0.16;0.15439999999999993;0.24;0.28012
0.14;0.13891999999999988;0.52;0.5150800000000025;0.5;0.4820799999999979
0.72;0.7099199999999971;0.14;0.16448000000000018;0.38;0.35779999999999973
0.58;0.5689200000000011;0.16;0.16924000000000017;0.2;0.1646800000000002
0.16;0.15848000000000007;0.16;0.17316000000000026;0.44;0.4009599999999998
0.38;0.3841200000000023;0.46;0.46279999999999843;0.24;0.24372000000000008
0.52;0.5199600000000029;0.42;0.42587999999999937;0.4;0.4001200000000001
0.26;0.2640799999999999;0.18;0.1725200000000004;0.14;0.1656799999999999
0.16;0.16344000000000025;0.42;0.41884000000000005;0.26;0.2643600000000007
0.3;0.3045600000000006;0.14;0.1335599999999999;0.12;0.1401600000000001
0.18;0.1948400000000003;0.36;0.32600000000000007;0.3;0.3442400000000004
0.42;0.41651999999999956;0.3;0.30887999999999977;0.36;0.3669599999999989
0.36;0.35800000000000104;0.42;0.4502399999999993;0.1;0.10868000000000003
0.62;0.6214800000000001;0.34;0.3315200000000002;0.22;0.22123999999999988
0.2;0.20444000000000068;0.48;0.5002000000000008;0.26;0.2833599999999996
0.52;0.5197200000000026;0.28;0.2909200000000008;0.38;0.38199999999999856
0.62;0.6145999999999998;0.26;0.27344;0.5;0.4936799999999991
0.22;0.21900000000000072;0.26;0.2601200000000002;0.2;0.20756000000000005
0.1;0.11659999999999997;0.66;0.6420399999999978;0.12;0.11628000000000009
0.44;0.43831999999999866;0.16;0.16012;0.12;0.12884000000000012
0.5;0.5003200000000022;0.38;0.3848000000000011;0.14;0.14004000000000025
0.12;0.12171999999999994;0.6;0.6064799999999992;0.1;0.10232
0.14;0.1356399999999999;0.44;0.44931999999999844;0.28;0.2821999999999986
0.1;0.11223999999999996;0.56;0.5464800000000011;0.4;0.40280000000000005
0.3;0.2996800000000008;0.28;0.2834400000000005;0.18;0.17559999999999973
0.2;0.20144000000000042;0.44;0.42955999999999955;0.12;0.12032000000000016
0.24;0.23708000000000126;0.34;0.35712000000000127;0.4;0.41156000000000076
0.62;0.6157599999999973;0.16;0.16367999999999988;0.18;0.18588000000000005
0.46;0.4585999999999978;0.44;0.461599999999999;0.28;0.2823199999999991
0.1;0.10971999999999998;0.8;0.8119999999999994;0.2;0.19608000000000012
0.28;0.28147999999999945;0.42;0.4198399999999995;0.34;0.34684000000000015
0.32;0.3221200000000006;0.56;0.5743999999999994;0.12;0.12316000000000016
0.56;0.5612000000000009;0.32;0.3180400000000007;0.36;0.3619599999999992
0.12;0.11655999999999996;0.22;0.22284000000000054;0.26;0.26387999999999934
0.14;0.1378799999999999;0.66;0.6585599999999984;0.48;0.47539999999999855
0.12;0.11979999999999995;0.82;0.8355200000000013;0.14;0.13992000000000032
0.7;0.7002800000000009;0.26;0.2365600000000009;0.48;0.4817199999999975
0.28;0.28079999999999916;0.64;0.6455599999999994;0.28;0.27403999999999934
0.56;0.5627200000000013;0.36;0.36572000000000165;0.28;0.28059999999999874
0.3;0.3025600000000009;0.16;0.1675200000000001;0.36;0.3242799999999999
0.22;0.22216000000000077;0.44;0.43735999999999864;0.22;0.2235599999999997
0.28;0.28107999999999916;0.52;0.5220000000000018;0.34;0.3442400000000002
0.26;0.25995999999999964;0.52;0.5244400000000019;0.28;0.2852400000000002
0.1;0.11263999999999996;0.6;0.5801600000000008;0.32;0.3122800000000002
0.3;0.30240000000000133;0.42;0.4211999999999995;0.1;0.10564
0.1;0.10855999999999998;0.22;0.21220000000000028;0.46;0.45184000000000035
0.16;0.16028000000000006;0.2;0.20136000000000037;0.48;0.4903199999999989
0.28;0.27991999999999906;0.54;0.5346800000000018;0.44;0.43032000000000126
0.38;0.38292000000000187;0.24;0.24736000000000044;0.46;0.43268000000000023
0.76;0.761960000000003;0.2;0.19476000000000004;0.42;0.4320400000000021
0.6;0.5928799999999989;0.22;0.22880000000000042;0.22;0.2204399999999996
0.84;0.8353200000000016;0.12;0.13719999999999988;0.5;0.4819599999999992
0.34;0.33724000000000054;0.18;0.18292000000000005;0.3;0.28844
0.14;0.13975999999999988;0.52;0.5392400000000012;0.1;0.10611999999999999
0.22;0.2210000000000007;0.44;0.4513999999999987;0.18;0.1840000000000005
0.18;0.18252000000000032;0.44;0.43527999999999945;0.22;0.21975999999999987
0.28;0.2815199999999993;0.58;0.5742399999999989;0.16;0.15744000000000005
0.36;0.3570800000000011;0.26;0.2799199999999993;0.5;0.45795999999999903
0.5;0.5006800000000015;0.18;0.1780000000000003;0.12;0.12652000000000002
0.24;0.23968000000000128;0.74;0.7043599999999967;0.42;0.4144400000000024
0.22;0.2193200000000006;0.72;0.7304000000000003;0.38;0.3763999999999978
0.2;0.20836000000000027;0.56;0.5802799999999997;0.1;0.1102
0.1;0.11371999999999997;0.58;0.5779199999999995;0.18;0.17896000000000054
0.14;0.14219999999999988;0.14;0.1344399999999999;0.14;0.17335999999999996
0.2;0.18520000000000006;0.28;0.30372000000000093;0.44;0.409119999999999
0.12;0.11375999999999997;0.36;0.3619600000000018;0.3;0.3080000000000008
0.46;0.45991999999999794;0.52;0.4937200000000015;0.48;0.47627999999999737
0.82;0.8245199999999978;0.16;0.13071999999999992;0.38;0.401879999999999
0.16;0.14883999999999986;0.12;0.1406799999999999;0.42;0.3436799999999997
0.38;0.38240000000000235;0.4;0.39560000000000095;0.42;0.4128799999999999
0.72;0.7168399999999959;0.16;0.1703600000000001;0.38;0.3739199999999995
0.28;0.2802399999999991;0.56;0.5601600000000009;0.44;0.43723999999999996
0.38;0.3834800000000023;0.5;0.4994800000000005;0.14;0.1381600000000002
0.82;0.8204799999999984;0.14;0.12363999999999994;0.32;0.3375600000000002
0.32;0.31908000000000053;0.36;0.3604400000000015;0.36;0.3658399999999991
0.28;0.27771999999999936;0.4;0.41072000000000014;0.38;0.39587999999999984
0.12;0.12151999999999993;0.8;0.8156399999999975;0.32;0.3205600000000018
0.32;0.31960000000000055;0.62;0.6232799999999974;0.28;0.27695999999999943
0.14;0.14111999999999988;0.66;0.6556799999999986;0.28;0.2835999999999995
0.62;0.6106799999999988;0.14;0.15423999999999996;0.36;0.33843999999999985
0.56;0.5643200000000009;0.24;0.24716000000000052;0.26;0.2603600000000001
0.58;0.5754000000000015;0.14;0.13915999999999987;0.34;0.3532799999999999
0.1;0.11695999999999994;0.26;0.2369600000000006;0.2;0.22047999999999995
0.1;0.10875999999999998;0.76;0.7544399999999986;0.48;0.468759999999998
0.28;0.2804399999999992;0.58;0.5501999999999996;0.5;0.44607999999999937
0.44;0.44127999999999856;0.2;0.19404000000000016;0.14;0.15016000000000002
0.3;0.30108000000000157;0.36;0.3795200000000014;0.2;0.21323999999999987
0.2;0.18420000000000017;0.22;0.23968000000000084;0.46;0.4311600000000012
0.5;0.4999600000000035;0.42;0.4315599999999988;0.18;0.18020000000000067
0.56;0.5611200000000005;0.3;0.2981200000000006;0.28;0.2831599999999995
0.22;0.22116000000000052;0.66;0.6598799999999995;0.14;0.1389200000000002
0.12;0.11863999999999994;0.7;0.6992799999999978;0.46;0.46099999999999997
0.16;0.16024;0.24;0.23764000000000066;0.22;0.23067999999999964
0.14;0.1419599999999999;0.76;0.7614799999999993;0.42;0.4177600000000018
0.78;0.7818799999999962;0.18;0.17448000000000044;0.14;0.14688000000000015
0.14;0.14035999999999987;0.7;0.6977199999999989;0.48;0.48007999999999856
0.46;0.45963999999999783;0.44;0.45867999999999826;0.34;0.3413600000000002
0.38;0.3808000000000024;0.56;0.5688800000000008;0.1;0.10164
0.68;0.6802399999999976;0.3;0.2738799999999993;0.44;0.4392800000000026
0.14;0.14295999999999986;0.76;0.771719999999997;0.2;0.20056
0.56;0.551200000000001;0.18;0.18728000000000028;0.16;0.14180000000000004
0.16;0.1636400000000002;0.44;0.43087999999999876;0.4;0.40116000000000024
0.72;0.713279999999996;0.14;0.17204000000000033;0.5;0.46959999999999774
0.64;0.633079999999997;0.18;0.20132000000000058;0.42;0.40424000000000015
0.44;0.44123999999999747;0.5;0.5030400000000007;0.48;0.48223999999999767
0.16;0.16576;0.22;0.21652000000000032;0.36;0.37175999999999965
0.86;0.856479999999995;0.12;0.11071999999999999;0.2;0.19847999999999977
0.1;0.11187999999999997;0.56;0.5719600000000007;0.14;0.1426800000000002
0.68;0.6801999999999974;0.28;0.28260000000000113;0.28;0.28079999999999866
0.42;0.4208799999999994;0.14;0.13775999999999988;0.42;0.4323200000000007
0.18;0.18024000000000018;0.72;0.7307599999999981;0.12;0.11956000000000015
0.14;0.14303999999999986;0.36;0.34776000000000096;0.3;0.31276000000000087
0.12;0.12447999999999992;0.14;0.1378799999999999;0.22;0.21824000000000005
0.28;0.27871999999999936;0.62;0.6220799999999977;0.3;0.2912799999999998
0.5;0.4917200000000008;0.2;0.20848000000000036;0.2;0.18268000000000012
0.7;0.6901599999999966;0.12;0.12739999999999993;0.36;0.3532800000000009
0.74;0.7276399999999987;0.1;0.11363999999999999;0.42;0.3727999999999999
0.72;0.7154399999999973;0.12;0.12351999999999992;0.22;0.2244399999999999
0.2;0.19908000000000073;0.76;0.7385999999999977;0.12;0.11904000000000017
0.26;0.2613599999999999;0.24;0.23992000000000052;0.28;0.28395999999999993
0.68;0.6845999999999981;0.24;0.23539999999999997;0.34;0.34788000000000013
0.28;0.28023999999999977;0.18;0.17916000000000015;0.28;0.2860800000000005
0.16;0.15840000000000015;0.82;0.7932400000000004;0.14;0.1391600000000003
0.6;0.59176;0.16;0.16392000000000007;0.24;0.2566799999999998
0.26;0.2615999999999996;0.46;0.45295999999999864;0.34;0.33992000000000044
0.14;0.1374399999999999;0.46;0.45875999999999767;0.42;0.4198400000000014
0.16;0.1612400000000001;0.58;0.5774;0.28;0.28092000000000006
0.62;0.6253999999999974;0.12;0.11443999999999996;0.18;0.18360000000000015
0.24;0.2408000000000011;0.52;0.5197600000000023;0.34;0.34224000000000065
0.68;0.6803599999999981;0.28;0.2723200000000014;0.38;0.38027999999999784
0.54;0.547800000000001;0.3;0.27264000000000094;0.12;0.12636000000000017
0.54;0.539400000000001;0.38;0.39676000000000083;0.42;0.42132000000000264
0.5;0.5063600000000029;0.34;0.3221200000000001;0.16;0.1624800000000002
0.58;0.5785600000000011;0.26;0.2626400000000001;0.42;0.4228800000000021
0.16;0.16200000000000014;0.42;0.42635999999999963;0.24;0.24599999999999955
0.56;0.560080000000001;0.36;0.36952000000000185;0.24;0.24043999999999893
0.18;0.17276000000000027;0.26;0.2674400000000001;0.34;0.334640000000001
0.42;0.41124;0.1;0.10543999999999999;0.44;0.4275600000000009
0.36;0.36084000000000077;0.44;0.43887999999999866;0.38;0.37711999999999973
0.24;0.25032000000000043;0.24;0.22452000000000039;0.14;0.16815999999999987
0.58;0.5816800000000009;0.28;0.2754000000000005;0.16;0.16484000000000026
0.58;0.5775200000000001;0.12;0.12255999999999993;0.26;0.2574799999999994
0.64;0.6363199999999968;0.1;0.10555999999999999;0.1;0.12444000000000019
0.44;0.4308799999999988;0.12;0.12619999999999992;0.16;0.15820000000000004
0.62;0.6186799999999988;0.14;0.14107999999999987;0.22;0.22507999999999964
0.2;0.19712000000000085;0.74;0.7283199999999991;0.32;0.3114800000000016
0.42;0.43599999999999883;0.18;0.16892000000000013;0.26;0.2817599999999997
0.42;0.4190799999999992;0.42;0.4208799999999992;0.16;0.15668000000000007
0.14;0.1329199999999999;0.18;0.18876000000000048;0.38;0.37391999999999986
0.3;0.30360000000000154;0.56;0.5684400000000007;0.12;0.12372000000000014
0.24;0.24176000000000084;0.22;0.2241600000000006;0.4;0.3949199999999994
0.58;0.5826800000000005;0.22;0.21908000000000052;0.2;0.2023999999999999
0.26;0.2576799999999998;0.56;0.5596800000000007;0.28;0.2772000000000002
0.28;0.2869600000000001;0.18;0.1829600000000003;0.42;0.40503999999999996
0.46;0.4591199999999979;0.44;0.45883999999999836;0.26;0.2621200000000009
0.32;0.3202000000000005;0.52;0.5252800000000011;0.24;0.23976000000000014
0.5;0.5023600000000034;0.36;0.35924000000000117;0.5;0.4844399999999979
0.6;0.5948399999999978;0.3;0.31624000000000035;0.12;0.11920000000000015
0.14;0.1346799999999999;0.44;0.4589199999999986;0.26;0.26772000000000007
0.84;0.8370000000000016;0.12;0.1281599999999999;0.18;0.17560000000000048
0.24;0.24836000000000044;0.32;0.3023200000000004;0.38;0.40443999999999997
0.38;0.3839200000000018;0.12;0.11703999999999996;0.4;0.4077999999999996
0.22;0.21840000000000057;0.64;0.6303599999999991;0.5;0.47679999999999795
0.36;0.36036000000000085;0.56;0.5667200000000003;0.26;0.2556400000000002
0.46;0.46023999999999754;0.3;0.30464000000000035;0.32;0.33072000000000046
0.56;0.5653200000000009;0.28;0.2699200000000008;0.3;0.30620000000000036
0.12;0.12531999999999993;0.76;0.7594799999999995;0.18;0.1780800000000006
0.1;0.11023999999999998;0.3;0.29956000000000066;0.3;0.29139999999999955
0.44;0.4413999999999975;0.54;0.4775199999999972;0.1;0.10052000000000001
0.4;0.3991200000000013;0.48;0.49268000000000167;0.3;0.3048400000000004
0.1;0.10859999999999997;0.32;0.31824000000000047;0.38;0.36939999999999945
0.32;0.32132000000000094;0.24;0.2366000000000009;0.24;0.24936000000000016
0.2;0.20904000000000028;0.58;0.5942799999999987;0.1;0.10711999999999999
0.3;0.2994000000000007;0.16;0.1741600000000002;0.4;0.3468800000000001
0.12;0.12327999999999995;0.68;0.6784400000000012;0.26;0.2645600000000006
0.26;0.26779999999999965;0.32;0.30608000000000124;0.24;0.2574000000000002
0.54;0.5435200000000011;0.36;0.3648000000000014;0.34;0.3396800000000001
0.8;0.8016000000000011;0.18;0.14199999999999988;0.46;0.4723199999999975
0.48;0.479719999999996;0.5;0.47255999999999715;0.3;0.29972000000000004
0.6;0.5996799999999994;0.16;0.15936000000000006;0.14;0.14203999999999978
0.56;0.5615200000000011;0.36;0.3689200000000019;0.18;0.18100000000000066
0.48;0.47451999999999994;0.2;0.20404000000000028;0.18;0.17604000000000009
0.68;0.6798399999999997;0.22;0.2274000000000006;0.28;0.28419999999999934
0.42;0.4174799999999993;0.46;0.4736399999999984;0.12;0.12064000000000016
0.74;0.7469999999999999;0.12;0.11307999999999997;0.22;0.23915999999999937
0.64;0.6400799999999963;0.34;0.2982000000000011;0.12;0.11988000000000017
0.48;0.4851600000000003;0.14;0.14015999999999987;0.46;0.46843999999999986
0.1;0.10088000000000001;0.86;0.8614000000000004;0.16;0.15907999999999997
0.2;0.19388000000000066;0.78;0.7044399999999975;0.34;0.31915999999999967
0.58;0.5638800000000014;0.1;0.11447999999999996;0.14;0.12404000000000011
0.58;0.5797200000000019;0.4;0.37572000000000216;0.5;0.4971599999999995
0.38;0.3804400000000026;0.52;0.528880000000002;0.42;0.4183200000000009
0.3;0.3054800000000008;0.3;0.28443999999999986;0.38;0.4065600000000006
0.22;0.21948000000000067;0.66;0.6652400000000002;0.48;0.4779999999999983
0.48;0.48903999999999886;0.32;0.2998000000000008;0.26;0.26915999999999973
0.78;0.7803199999999971;0.16;0.16228000000000023;0.14;0.14608000000000004
0.6;0.5978399999999975;0.32;0.33596000000000054;0.2;0.19972000000000004
0.46;0.4643199999999977;0.38;0.36752000000000123;0.5;0.4859199999999982
0.32;0.3199600000000004;0.6;0.6106000000000008;0.42;0.4210000000000023
0.24;0.23612000000000088;0.18;0.1955600000000002;0.42;0.3765200000000005
0.16;0.16192000000000012;0.46;0.448599999999998;0.32;0.31900000000000117
0.2;0.19016000000000063;0.36;0.3810000000000015;0.42;0.4152000000000015
0.6;0.6209999999999996;0.18;0.15756000000000003;0.12;0.16827999999999985
0.5;0.48620000000000063;0.18;0.19244000000000014;0.24;0.21364000000000027
0.2;0.19884000000000093;0.76;0.7566799999999961;0.28;0.2780799999999988
0.52;0.5120800000000019;0.12;0.12575999999999993;0.38;0.3675599999999998
0.72;0.7207999999999953;0.18;0.17916000000000057;0.1;0.10291999999999998
0.14;0.1412399999999999;0.24;0.24012000000000053;0.38;0.3845199999999991
0.54;0.545840000000001;0.3;0.2779200000000003;0.22;0.22647999999999974
0.24;0.2356400000000009;0.22;0.2258800000000004;0.36;0.35248000000000046
0.16;0.16024;0.22;0.2210800000000004;0.34;0.34264
0.2;0.19884000000000046;0.12;0.1326799999999999;0.48;0.43899999999999934
0.3;0.30352000000000134;0.32;0.312920000000001;0.48;0.488839999999999
0.34;0.3389600000000011;0.64;0.5990799999999977;0.3;0.2914799999999995
0.28;0.28255999999999903;0.48;0.4869600000000004;0.24;0.2505200000000006
0.12;0.12123999999999993;0.4;0.40732000000000046;0.48;0.477239999999998
0.2;0.19916000000000095;0.6;0.6071599999999998;0.38;0.3875200000000001
0.28;0.27919999999999967;0.38;0.3912800000000006;0.14;0.1428000000000002
0.54;0.5400000000000013;0.36;0.36552000000000184;0.1;0.10064
0.5;0.5027200000000028;0.36;0.3639200000000016;0.38;0.3798399999999982
0.32;0.31984000000000046;0.6;0.6115600000000009;0.36;0.3596399999999992
0.26;0.2608799999999995;0.54;0.5337200000000021;0.48;0.4612399999999992
0.1;0.11995999999999993;0.62;0.6108799999999993;0.14;0.1374800000000001
0.68;0.6749999999999975;0.26;0.27532000000000045;0.5;0.4944799999999997
0.22;0.2238400000000007;0.54;0.5349600000000017;0.22;0.2218400000000001
0.42;0.42111999999999905;0.12;0.11851999999999994;0.44;0.4540399999999991
0.12;0.12375999999999994;0.72;0.7091199999999979;0.5;0.4896399999999989
0.48;0.4803599999999961;0.48;0.485480000000002;0.44;0.4398800000000017
0.4;0.3996000000000013;0.56;0.5576800000000018;0.44;0.43648000000000237
0.66;0.6602800000000039;0.28;0.28476000000000123;0.18;0.18028000000000066
0.1;0.10655999999999999;0.32;0.3196800000000003;0.46;0.4463200000000011
0.24;0.23700000000000088;0.3;0.3034800000000002;0.36;0.3605200000000001
0.74;0.7251599999999957;0.1;0.11427999999999995;0.24;0.20260000000000034
0.16;0.16004000000000018;0.7;0.6999999999999978;0.46;0.4606399999999994
0.1;0.10763999999999997;0.18;0.17332000000000017;0.44;0.44699999999999945
0.3;0.3006800000000019;0.46;0.4604799999999976;0.42;0.4197999999999997
0.22;0.2189600000000005;0.54;0.5354800000000018;0.46;0.4474800000000009
0.2;0.1860000000000002;0.28;0.3052800000000007;0.46;0.42788000000000004
0.28;0.27967999999999904;0.7;0.6624399999999978;0.26;0.2540400000000005
0.12;0.11991999999999993;0.72;0.7165599999999972;0.48;0.4788399999999985
0.64;0.6392399999999974;0.24;0.24448000000000025;0.28;0.28007999999999966
0.1;0.10075999999999999;0.88;0.8457599999999956;0.44;0.4340000000000022
0.36;0.36188000000000103;0.5;0.49580000000000085;0.24;0.23476000000000039
0.26;0.2571599999999999;0.4;0.41279999999999983;0.28;0.28711999999999954
0.68;0.6821999999999987;0.22;0.21884000000000028;0.44;0.44616000000000094
0.3;0.300560000000002;0.56;0.566760000000001;0.42;0.4325600000000014
0.52;0.5205600000000028;0.4;0.41295999999999966;0.16;0.16008000000000003
0.36;0.36288000000000126;0.52;0.4912799999999998;0.16;0.1484400000000001
0.12;0.11695999999999994;0.86;0.8244400000000004;0.44;0.4352400000000019
0.2;0.1816000000000001;0.26;0.28680000000000083;0.44;0.4020399999999995
0.42;0.4182399999999993;0.4;0.4096399999999997;0.34;0.3511999999999999
0.6;0.6011199999999971;0.38;0.35096000000000055;0.22;0.21919999999999992
0.18;0.17808000000000046;0.2;0.20016000000000017;0.24;0.24920000000000037
0.28;0.27859999999999907;0.64;0.6503600000000025;0.36;0.357559999999999
0.64;0.6451199999999988;0.22;0.22980000000000028;0.44;0.4371200000000014
0.22;0.2209200000000007;0.48;0.48864000000000146;0.34;0.35623999999999995
0.28;0.28503999999999957;0.46;0.4514799999999986;0.26;0.2614799999999994
0.1;0.11307999999999997;0.7;0.6842799999999988;0.32;0.3092000000000007
0.42;0.41859999999999925;0.42;0.4242399999999989;0.36;0.367559999999999
0.66;0.6257200000000039;0.1;0.12047999999999999;0.44;0.39668000000000136
0.12;0.12015999999999995;0.36;0.35816000000000187;0.28;0.2836399999999989
0.26;0.258;0.48;0.48908000000000007;0.2;0.20743999999999985
0.1;0.11439999999999997;0.38;0.3603200000000017;0.34;0.32980000000000104
0.4;0.40228000000000086;0.36;0.35956000000000093;0.14;0.14464000000000013
0.3;0.3103200000000009;0.32;0.3000000000000015;0.14;0.17160000000000034
0.54;0.5426000000000009;0.16;0.15940000000000018;0.24;0.2292000000000002
0.32;0.3157200000000006;0.28;0.28124000000000027;0.28;0.2790400000000005
0.34;0.33824000000000065;0.36;0.36760000000000104;0.1;0.10608
0.14;0.1379599999999999;0.72;0.7231199999999991;0.16;0.16012000000000012
0.6;0.5879599999999993;0.2;0.23652000000000076;0.16;0.14616000000000018
0.58;0.5835200000000008;0.16;0.15656000000000003;0.12;0.1303600000000001
0.34;0.339480000000001;0.44;0.4466799999999983;0.26;0.26203999999999966
0.34;0.33736000000000066;0.52;0.5165600000000021;0.18;0.17452000000000045
0.34;0.337360000000001;0.48;0.47371999999999964;0.2;0.19236000000000014
0.22;0.22104000000000054;0.14;0.1376399999999999;0.26;0.28119999999999984
0.58;0.5883599999999982;0.12;0.11075999999999998;0.1;0.1266000000000001
0.24;0.24276000000000025;0.3;0.29488000000000025;0.18;0.19068
0.36;0.3574000000000009;0.3;0.3160400000000008;0.48;0.49043999999999954
0.44;0.44419999999999754;0.42;0.4154399999999996;0.16;0.15900000000000006
0.34;0.3398800000000011;0.58;0.5897199999999987;0.38;0.37887999999999883
0.36;0.3600400000000006;0.58;0.5957999999999989;0.48;0.4790399999999975
0.56;0.5582800000000007;0.18;0.18020000000000028;0.4;0.4198399999999996
0.2;0.19616000000000045;0.64;0.6351600000000008;0.18;0.1764000000000006
0.38;0.3810400000000025;0.52;0.520440000000002;0.46;0.45795999999999903
0.86;0.8522799999999956;0.1;0.11847999999999995;0.4;0.36955999999999956
0.22;0.23384000000000094;0.3;0.2819199999999997;0.1;0.12072000000000008
0.78;0.783959999999996;0.2;0.16327999999999995;0.16;0.17060000000000045
0.36;0.3641600000000015;0.14;0.13603999999999988;0.14;0.14679999999999988
0.38;0.39568000000000125;0.28;0.2631599999999997;0.24;0.25740000000000024
0.24;0.23916000000000082;0.14;0.14523999999999987;0.3;0.2733999999999999
0.66;0.6868000000000006;0.16;0.14323999999999987;0.38;0.38187999999999983
0.72;0.7021199999999997;0.1;0.11603999999999996;0.34;0.30456
0.46;0.45991999999999794;0.48;0.4884400000000009;0.28;0.27867999999999904
0.46;0.4630799999999975;0.36;0.3507600000000009;0.38;0.37967999999999885
0.54;0.5408400000000012;0.32;0.3209600000000002;0.28;0.28135999999999906
0.26;0.2618800000000001;0.14;0.1409599999999999;0.22;0.20396000000000009
0.64;0.638679999999999;0.24;0.2578000000000004;0.14;0.14344000000000015
0.56;0.5508800000000008;0.1;0.10799999999999997;0.26;0.23803999999999953
0.42;0.4199599999999991;0.4;0.39252000000000103;0.4;0.39247999999999916
0.46;0.4603999999999975;0.28;0.28575999999999974;0.36;0.3685999999999986
0.52;0.5154800000000013;0.22;0.21432000000000037;0.18;0.20604000000000006
0.44;0.4468799999999981;0.12;0.11499999999999996;0.22;0.23551999999999987
0.48;0.4766399999999998;0.16;0.16008000000000014;0.44;0.438600000000001
0.82;0.8179599999999985;0.1;0.13187999999999991;0.18;0.1712000000000003
0.4;0.4040000000000009;0.16;0.1568000000000001;0.48;0.47319999999999834
0.2;0.19832000000000038;0.1;0.11415999999999996;0.36;0.27212000000000014
0.14;0.1374399999999999;0.44;0.4742799999999992;0.2;0.21471999999999988
0.16;0.17756000000000022;0.36;0.3300000000000001;0.24;0.26620000000000016
0.14;0.14231999999999986;0.72;0.7212399999999988;0.34;0.34064000000000033
0.32;0.3197200000000005;0.66;0.6296399999999964;0.12;0.11984000000000017
0.16;0.1595600000000001;0.66;0.6571599999999985;0.36;0.3599599999999993
0.44;0.44083999999999746;0.5;0.4961199999999996;0.38;0.37739999999999774
0.7;0.7040000000000006;0.28;0.2448800000000001;0.36;0.36567999999999895
0.18;0.1807200000000002;0.4;0.3981600000000011;0.34;0.34272000000000036
0.26;0.25672000000000017;0.4;0.4327199999999996;0.12;0.12996000000000002
0.6;0.5945199999999994;0.2;0.2194800000000005;0.34;0.3294000000000009
0.12;0.11547999999999996;0.22;0.24168000000000064;0.5;0.469679999999998
0.58;0.5818800000000007;0.24;0.23216000000000023;0.12;0.1257600000000002
0.84;0.840000000000002;0.14;0.11639999999999996;0.12;0.1258400000000002
0.54;0.5441600000000011;0.26;0.2572800000000005;0.24;0.2429999999999996
0.1;0.11223999999999996;0.54;0.5305600000000021;0.38;0.3879999999999987
0.28;0.28764000000000056;0.32;0.30660000000000137;0.16;0.17352000000000015
0.34;0.3400800000000011;0.48;0.47643999999999964;0.38;0.36815999999999954
0.62;0.6161600000000002;0.1;0.10444;0.28;0.2650800000000005
0.28;0.278999999999999;0.62;0.6249999999999984;0.42;0.41324000000000094
0.46;0.46511999999999865;0.24;0.23260000000000047;0.16;0.18327999999999997
0.24;0.23632000000000106;0.4;0.4070000000000004;0.34;0.3438800000000005
0.14;0.14063999999999988;0.7;0.6954799999999974;0.18;0.18020000000000064
0.22;0.21868000000000057;0.72;0.72828;0.48;0.47731999999999725
0.36;0.36960000000000115;0.4;0.3719600000000012;0.5;0.45647999999999866
0.36;0.3628400000000012;0.5;0.4683599999999991;0.16;0.1508000000000001
0.24;0.241000000000001;0.36;0.3569200000000015;0.46;0.46443999999999813
0.62;0.6222799999999993;0.26;0.25820000000000026;0.46;0.4656799999999981
0.82;0.8190799999999973;0.12;0.13255999999999993;0.24;0.24015999999999993
0.26;0.2585199999999998;0.64;0.6474400000000018;0.26;0.2551200000000005
0.14;0.12359999999999992;0.38;0.40440000000000076;0.3;0.29211999999999955
0.14;0.14083999999999988;0.32;0.3121600000000004;0.18;0.18656000000000042
0.62;0.6175600000000001;0.3;0.31116;0.5;0.4963599999999994
0.34;0.341960000000001;0.4;0.39420000000000016;0.24;0.23816000000000023
0.1;0.12119999999999993;0.54;0.5424800000000014;0.14;0.1505600000000002
0.14;0.13939999999999989;0.66;0.6610399999999981;0.18;0.1797200000000006
0.28;0.2706799999999997;0.1;0.10791999999999997;0.22;0.20956000000000002
0.46;0.45991999999999794;0.52;0.4928000000000012;0.34;0.3399200000000001
0.5;0.5007200000000039;0.48;0.45395999999999803;0.48;0.4755999999999972
0.14;0.14399999999999988;0.76;0.7657599999999982;0.32;0.3215600000000013
0.12;0.12243999999999994;0.78;0.7881599999999993;0.3;0.3019600000000001
0.26;0.2577999999999997;0.68;0.6797599999999991;0.4;0.3964399999999996
0.38;0.3840400000000021;0.48;0.4849999999999997;0.18;0.1841600000000004
0.14;0.13883999999999988;0.58;0.5843199999999988;0.42;0.4305600000000007
0.18;0.18232000000000012;0.2;0.1941200000000002;0.36;0.3787200000000004
0.3;0.29968000000000145;0.14;0.13935999999999987;0.4;0.4051999999999998
0.3;0.3005200000000019;0.56;0.535320000000001;0.5;0.45127999999999846
0.6;0.5912399999999982;0.1;0.10871999999999998;0.2;0.18188000000000004
0.36;0.3596400000000007;0.6;0.6017600000000014;0.36;0.35735999999999957
0.32;0.3210400000000004;0.52;0.5218400000000007;0.26;0.26603999999999967
0.42;0.4295599999999995;0.2;0.19004000000000035;0.12;0.13400000000000015
0.16;0.1635200000000001;0.18;0.18308000000000035;0.42;0.40963999999999984
0.34;0.33956000000000075;0.3;0.28932;0.44;0.4673999999999986
0.48;0.4804799999999963;0.44;0.45563999999999905;0.42;0.42348000000000213
0.44;0.44047999999999743;0.48;0.4924800000000013;0.18;0.17956000000000066
0.1;0.11027999999999996;0.78;0.775760000000001;0.24;0.23551999999999937
0.22;0.22064000000000067;0.62;0.6185999999999978;0.42;0.4161200000000009
0.2;0.19780000000000064;0.44;0.44343999999999845;0.36;0.3653199999999991
0.5;0.49964000000000386;0.48;0.453039999999998;0.32;0.3216000000000016
0.28;0.27735999999999966;0.1;0.10643999999999999;0.34;0.2911600000000007
0.12;0.11559999999999997;0.48;0.4926400000000013;0.22;0.22499999999999964
0.36;0.36024000000000067;0.62;0.5885999999999987;0.22;0.21683999999999984
0.12;0.11895999999999994;0.84;0.8408399999999955;0.12;0.12024000000000017
0.18;0.17728000000000005;0.44;0.444959999999998;0.46;0.4624400000000003
0.18;0.18128000000000005;0.72;0.7338799999999988;0.26;0.26008000000000076
0.4;0.40752000000000044;0.22;0.21140000000000042;0.2;0.20567999999999986
0.2;0.19976000000000071;0.46;0.4630399999999978;0.48;0.4787999999999985
0.36;0.35996000000000067;0.56;0.5702400000000002;0.1;0.10164
0.28;0.2795599999999992;0.38;0.38692000000000104;0.28;0.28735999999999945
0.32;0.3230800000000003;0.32;0.3261600000000003;0.5;0.4796399999999976
0.38;0.380400000000002;0.38;0.38108000000000103;0.14;0.14380000000000015
0.3;0.3008000000000018;0.4;0.3983200000000007;0.32;0.3250000000000002
0.5;0.48687999999999976;0.1;0.10879999999999998;0.5;0.45711999999999886
0.16;0.1698800000000001;0.34;0.33168000000000014;0.14;0.13792000000000007
0.52;0.5070000000000024;0.24;0.29440000000000055;0.14;0.12436000000000016
0.8;0.7974000000000007;0.1;0.13287999999999991;0.32;0.28759999999999974
0.12;0.11871999999999995;0.74;0.7388399999999986;0.2;0.2020799999999999
0.46;0.46335999999999755;0.36;0.35312000000000077;0.34;0.3433600000000005
0.2;0.20544000000000023;0.14;0.1353599999999999;0.32;0.34059999999999946
0.4;0.3975600000000014;0.4;0.40948;0.3;0.3082400000000004
0.34;0.33968000000000104;0.44;0.4427199999999984;0.42;0.4205600000000003
0.6;0.6018399999999972;0.38;0.3497200000000006;0.24;0.24035999999999885
0.26;0.28367999999999965;0.32;0.29032000000000086;0.34;0.3730799999999993
0.36;0.3581200000000009;0.32;0.3308400000000008;0.1;0.10344
0.4;0.402320000000001;0.46;0.45423999999999837;0.14;0.13924000000000014
0.28;0.2804399999999998;0.3;0.30084000000000105;0.12;0.11724000000000001
0.24;0.24208000000000093;0.48;0.4749600000000002;0.16;0.16468000000000024
0.2;0.19740000000000088;0.78;0.7362400000000018;0.22;0.21511999999999976
0.12;0.10167999999999999;0.1;0.11743999999999996;0.32;0.28063999999999983
0.66;0.656280000000001;0.12;0.12447999999999992;0.34;0.3286000000000012
0.56;0.5618800000000007;0.16;0.1508399999999999;0.32;0.3450400000000001
0.1;0.10655999999999999;0.24;0.2304000000000006;0.44;0.44231999999999927
0.54;0.5399600000000009;0.42;0.42311999999999905;0.32;0.31964000000000187
0.16;0.1726800000000002;0.36;0.33532000000000006;0.26;0.28059999999999974
0.48;0.485159999999999;0.38;0.3704800000000013;0.5;0.47995999999999805
0.24;0.23988000000000098;0.46;0.4601199999999986;0.26;0.26687999999999945
0.46;0.4631199999999981;0.16;0.15683999999999995;0.2;0.21707999999999977
0.28;0.27955999999999903;0.54;0.5337600000000018;0.46;0.4477200000000007
0.46;0.46003999999999795;0.52;0.49348000000000164;0.38;0.37963999999999776
0.4;0.4096800000000003;0.26;0.2526000000000002;0.26;0.2617999999999998
0.3;0.30576000000000075;0.14;0.13491999999999987;0.18;0.18992000000000017
0.78;0.7825199999999959;0.2;0.16751999999999992;0.24;0.24891999999999967
0.56;0.5692000000000008;0.16;0.15071999999999985;0.12;0.14192000000000013
0.28;0.27516;0.26;0.27252000000000004;0.46;0.4361200000000003
0.28;0.29376000000000047;0.22;0.20204000000000052;0.1;0.13355999999999998
0.52;0.5226800000000018;0.16;0.15683999999999995;0.14;0.15107999999999988
0.22;0.22904000000000077;0.32;0.3072800000000006;0.32;0.3365199999999998
0.22;0.21984000000000065;0.52;0.5124400000000022;0.36;0.3520800000000003
0.12;0.12639999999999993;0.76;0.7599200000000005;0.5;0.492799999999999
0.3;0.3078000000000007;0.22;0.20888000000000057;0.12;0.14272
0.54;0.544800000000001;0.26;0.25772000000000067;0.28;0.2861999999999996
0.54;0.5220800000000024;0.22;0.2812400000000004;0.16;0.14312000000000025
0.42;0.42387999999999915;0.12;0.11591999999999995;0.24;0.2542399999999997
0.6;0.590159999999999;0.2;0.23040000000000055;0.18;0.17148000000000035
0.48;0.48039999999999755;0.42;0.4374799999999996;0.16;0.1602400000000001
0.24;0.241520000000001;0.48;0.4821599999999994;0.2;0.20703999999999995
0.36;0.3652400000000013;0.14;0.13791999999999988;0.34;0.33092000000000016
0.32;0.32148000000000015;0.58;0.5984399999999981;0.1;0.10164
0.2;0.1968400000000004;0.42;0.42803999999999887;0.4;0.4023600000000003
0.84;0.8386000000000023;0.14;0.12195999999999993;0.46;0.45591999999999827
0.38;0.38812000000000196;0.42;0.4193599999999996;0.22;0.2221199999999997
0.42;0.41603999999999947;0.3;0.3117199999999999;0.4;0.4147600000000006
0.62;0.6244799999999998;0.26;0.2556800000000003;0.12;0.12176000000000016
0.28;0.27883999999999903;0.62;0.6246799999999989;0.44;0.43740000000000023
0.6;0.5957599999999978;0.32;0.3296400000000009;0.14;0.13860000000000028
0.54;0.5440000000000009;0.36;0.36976000000000114;0.4;0.4007200000000001
0.22;0.21948000000000067;0.68;0.6802800000000001;0.32;0.3116400000000005
0.46;0.46043999999999735;0.32;0.32188000000000044;0.2;0.20335999999999985
0.22;0.2145200000000006;0.28;0.291440000000001;0.2;0.1889600000000003
0.72;0.721959999999995;0.2;0.20396000000000036;0.18;0.18604000000000048
0.78;0.773719999999998;0.12;0.15744000000000002;0.3;0.2666
0.52;0.5230000000000029;0.36;0.36324000000000145;0.46;0.45975999999999856
0.58;0.5800000000000012;0.24;0.23684000000000033;0.1;0.1024
0.14;0.13911999999999988;0.54;0.542520000000002;0.38;0.38715999999999917
0.1;0.10943999999999998;0.3;0.2960000000000008;0.38;0.3739199999999997
0.54;0.5411200000000008;0.38;0.384720000000001;0.12;0.11972000000000019
0.32;0.3220400000000005;0.38;0.38052000000000064;0.1;0.10504
0.16;0.15884000000000018;0.78;0.7839200000000003;0.22;0.21819999999999995
0.12;0.12019999999999993;0.12;0.12347999999999994;0.34;0.3192000000000006
0.26;0.25827999999999973;0.6;0.5963599999999993;0.46;0.4518000000000004
0.38;0.37892000000000253;0.58;0.5811599999999986;0.14;0.1396800000000003
0.3;0.2974800000000009;0.28;0.2847200000000005;0.16;0.15276
0.44;0.44631999999999844;0.24;0.23428000000000074;0.28;0.2876400000000001
0.48;0.4669199999999991;0.18;0.18060000000000004;0.44;0.4266799999999996
0.56;0.5585600000000008;0.16;0.15892000000000014;0.26;0.2501599999999994
0.58;0.5963999999999983;0.18;0.16276000000000024;0.1;0.1170800000000001
0.28;0.2773999999999997;0.58;0.5727599999999999;0.12;0.11388000000000006
0.28;0.28063999999999945;0.42;0.41819999999999974;0.42;0.4224000000000002
0.26;0.26023999999999964;0.64;0.6619200000000011;0.32;0.32416000000000034
0.16;0.15928000000000006;0.74;0.7486399999999958;0.14;0.14028000000000027
0.12;0.12395999999999995;0.56;0.5635600000000007;0.18;0.1862400000000006
0.62;0.6205599999999988;0.26;0.2656400000000008;0.36;0.36331999999999925
0.14;0.14455999999999988;0.14;0.13035999999999992;0.2;0.24760000000000026
0.18;0.18180000000000043;0.22;0.21776000000000043;0.32;0.33080000000000015
0.38;0.38460000000000233;0.44;0.4309199999999989;0.4;0.39083999999999935
0.16;0.1606400000000001;0.56;0.556120000000001;0.14;0.14224000000000014
0.28;0.2882000000000003;0.3;0.2884800000000002;0.4;0.4156800000000006
0.68;0.6708799999999997;0.16;0.18548000000000037;0.34;0.32132000000000116
0.12;0.11867999999999994;0.84;0.8345199999999954;0.28;0.28019999999999873
0.4;0.4004800000000013;0.52;0.5252000000000018;0.1;0.10047999999999999
0.32;0.32056000000000034;0.52;0.5108000000000025;0.46;0.4423600000000011
0.28;0.2807199999999995;0.42;0.4184799999999998;0.38;0.3868799999999998
0.74;0.720439999999997;0.1;0.11943999999999995;0.18;0.14780000000000013
0.38;0.38232000000000216;0.34;0.3322000000000001;0.16;0.16184000000000015
0.4;0.39976000000000134;0.52;0.533120000000001;0.34;0.3425200000000005
0.42;0.4180799999999992;0.52;0.5310400000000008;0.3;0.2982799999999998
0.1;0.10895999999999997;0.56;0.5592800000000013;0.34;0.3465200000000002
0.18;0.18404000000000045;0.62;0.6265199999999993;0.1;0.10415999999999999
0.2;0.19592000000000054;0.1;0.11475999999999996;0.34;0.25344000000000033
0.32;0.3164800000000009;0.4;0.4032400000000002;0.38;0.3817600000000007
0.16;0.16124000000000016;0.64;0.6442800000000002;0.16;0.16256000000000023
0.32;0.3289600000000004;0.3;0.28744000000000025;0.26;0.27875999999999984
0.18;0.1791200000000001;0.72;0.7336799999999974;0.4;0.40024000000000015
0.7;0.7015600000000003;0.26;0.23260000000000086;0.4;0.40184
0.16;0.1590800000000001;0.6;0.6091999999999995;0.28;0.28903999999999985
0.4;0.403360000000001;0.26;0.25688;0.2;0.19927999999999985
0.62;0.6252399999999997;0.22;0.2166000000000005;0.12;0.12260000000000018
0.52;0.5129600000000016;0.2;0.2024400000000002;0.34;0.33984000000000003
0.72;0.7205599999999946;0.2;0.21188000000000037;0.12;0.12012000000000016
0.24;0.2441200000000009;0.62;0.6234799999999986;0.38;0.3900799999999994
0.44;0.46095999999999854;0.26;0.23804000000000072;0.12;0.14760000000000015
0.2;0.20252000000000037;0.32;0.30624000000000023;0.34;0.36619999999999997
0.3;0.3002800000000021;0.64;0.6480800000000024;0.18;0.17840000000000067
0.38;0.38232000000000227;0.4;0.3976000000000006;0.38;0.38063999999999976
0.28;0.2792399999999992;0.52;0.5188800000000015;0.28;0.28076000000000007
0.26;0.2571199999999998;0.7;0.6501599999999983;0.22;0.20863999999999958
0.16;0.1597200000000001;0.64;0.6291200000000002;0.24;0.2365199999999999
0.54;0.5414400000000014;0.32;0.31808000000000036;0.3;0.3060400000000005
0.24;0.24284000000000072;0.2;0.1943600000000002;0.3;0.3194800000000001
0.14;0.1363599999999999;0.46;0.47099999999999803;0.26;0.26344000000000023
0.16;0.16296000000000016;0.58;0.5738399999999994;0.18;0.17888000000000054
0.52;0.5192400000000028;0.46;0.4326399999999983;0.36;0.3606399999999992
0.68;0.6865599999999993;0.22;0.2080400000000004;0.34;0.3530799999999997
0.12;0.12019999999999993;0.56;0.560440000000001;0.34;0.3387600000000005
0.32;0.3209200000000003;0.12;0.11831999999999995;0.2;0.22367999999999988
0.88;0.8727199999999968;0.1;0.10467999999999998;0.32;0.28979999999999984
0.24;0.2420000000000008;0.38;0.37804000000000126;0.22;0.2244399999999998
0.4;0.39688000000000123;0.22;0.22996000000000089;0.48;0.4534000000000004
0.3;0.3029600000000008;0.2;0.2019200000000005;0.4;0.3929199999999998
0.14;0.1334799999999999;0.38;0.4091600000000006;0.18;0.1809600000000006
0.24;0.24044000000000124;0.7;0.7085599999999955;0.38;0.3802799999999977
0.32;0.32212000000000046;0.4;0.3937600000000006;0.28;0.2834400000000003
0.18;0.1988800000000005;0.36;0.3334800000000004;0.46;0.47879999999999845
0.46;0.46515999999999846;0.2;0.19524000000000039;0.26;0.27355999999999947
0.22;0.22376000000000063;0.24;0.22980000000000042;0.12;0.1421600000000001
0.76;0.7652800000000017;0.22;0.1799600000000006;0.22;0.23320000000000007
0.42;0.4190799999999992;0.48;0.4962400000000023;0.1;0.1018
0.12;0.12539999999999993;0.64;0.636279999999999;0.16;0.16224000000000016
0.3;0.2960000000000008;0.22;0.23676000000000105;0.5;0.463079999999999
0.34;0.33508000000000054;0.22;0.22036000000000058;0.3;0.3022400000000004
0.5;0.500120000000004;0.46;0.4603599999999974;0.38;0.38019999999999793
0.1;0.11367999999999995;0.78;0.7813599999999981;0.28;0.27308000000000016
0.3;0.299800000000002;0.66;0.6616399999999967;0.28;0.2780399999999989
0.36;0.3616000000000007;0.48;0.4708399999999985;0.38;0.3711599999999997
0.38;0.3846400000000022;0.32;0.30804000000000076;0.48;0.46431999999999835
0.12;0.12527999999999992;0.36;0.35032000000000113;0.46;0.46763999999999867
0.48;0.48332000000000014;0.2;0.19620000000000037;0.14;0.14895999999999993
0.5;0.4976800000000031;0.44;0.4496399999999982;0.1;0.10096000000000001
0.26;0.2576799999999998;0.72;0.6496000000000017;0.24;0.2225599999999992
0.48;0.4823599999999972;0.38;0.38300000000000145;0.42;0.42068000000000116
0.7;0.7011200000000017;0.28;0.24812000000000012;0.14;0.14188000000000028
0.18;0.1776;0.74;0.7437199999999982;0.5;0.4942799999999992
0.44;0.4516799999999976;0.34;0.3209599999999999;0.28;0.2804
0.18;0.20164000000000049;0.36;0.34092000000000083;0.5;0.4868799999999987
0.52;0.506440000000002;0.24;0.28860000000000013;0.2;0.18736000000000044
0.46;0.4601999999999975;0.4;0.4086400000000003;0.34;0.34008000000000044
0.14;0.1400399999999999;0.72;0.7147199999999972;0.22;0.21935999999999972
0.18;0.18024000000000004;0.62;0.624159999999998;0.16;0.16356000000000023
0.44;0.4472799999999977;0.36;0.34604000000000096;0.34;0.3397600000000006
0.58;0.5802400000000006;0.26;0.2564400000000004;0.3;0.3071600000000005
0.76;0.7506000000000009;0.12;0.17064000000000032;0.14;0.1160800000000001
0.34;0.33904000000000106;0.62;0.5985999999999978;0.3;0.29283999999999943
0.5;0.49164000000000097;0.24;0.2626000000000003;0.48;0.47039999999999793
0.22;0.22132000000000066;0.54;0.5419200000000014;0.38;0.38224000000000025
0.4;0.40420000000000084;0.3;0.28940000000000005;0.5;0.48467999999999806
0.34;0.33752000000000104;0.58;0.5831999999999989;0.18;0.17628000000000055
0.34;0.3368400000000005;0.2;0.20292000000000054;0.26;0.2523999999999996
0.62;0.6189999999999988;0.22;0.21904000000000043;0.4;0.4026800000000003
0.62;0.6198000000000005;0.36;0.33160000000000045;0.32;0.3210800000000017
0.58;0.5741200000000004;0.14;0.14363999999999988;0.26;0.24719999999999986
0.7;0.7011599999999997;0.2;0.20324000000000012;0.28;0.2834399999999994
0.46;0.4560399999999976;0.14;0.14155999999999988;0.12;0.12560000000000007
0.16;0.16008000000000006;0.48;0.48615999999999987;0.2;0.20523999999999995
0.46;0.4736399999999981;0.14;0.12415999999999992;0.1;0.12744000000000008
0.64;0.6310799999999993;0.12;0.13079999999999992;0.4;0.3650399999999998
0.18;0.18176000000000014;0.42;0.41999999999999943;0.28;0.283919999999999
0.12;0.11759999999999997;0.5;0.507080000000002;0.22;0.2244399999999998
0.36;0.36044000000000076;0.52;0.5218800000000019;0.48;0.4741999999999985
0.42;0.4296399999999992;0.18;0.17332000000000028;0.16;0.16968000000000028
0.44;0.4502799999999985;0.22;0.20608000000000054;0.14;0.15563999999999995
0.32;0.30964000000000114;0.26;0.27840000000000037;0.46;0.4267600000000008
0.74;0.7439599999999996;0.24;0.19992000000000013;0.2;0.20811999999999994
0.38;0.37936000000000264;0.58;0.5812799999999985;0.22;0.2196399999999999
0.48;0.4821999999999982;0.38;0.3828000000000013;0.1;0.10207999999999999
0.12;0.12223999999999995;0.56;0.5706399999999995;0.1;0.10415999999999999
0.14;0.13747999999999988;0.4;0.4037600000000007;0.5;0.4905199999999986
0.78;0.7803199999999954;0.16;0.1642;0.3;0.30464
0.42;0.41931999999999947;0.26;0.24452000000000065;0.34;0.38663999999999976
0.56;0.5591600000000002;0.28;0.2738000000000005;0.28;0.2863999999999996
0.22;0.2201600000000006;0.56;0.5650000000000004;0.38;0.3879199999999996
0.18;0.19728000000000054;0.36;0.3282800000000002;0.34;0.3744399999999991
0.44;0.4285999999999984;0.28;0.3064000000000006;0.34;0.34727999999999987
0.74;0.7339199999999967;0.16;0.18332000000000004;0.48;0.461159999999999
0.1;0.11071999999999999;0.28;0.27140000000000014;0.4;0.3976799999999997
0.44;0.4491999999999982;0.22;0.21444000000000046;0.26;0.2645199999999996
0.26;0.2581599999999999;0.5;0.5098800000000007;0.32;0.33036000000000004
0.52;0.5255200000000024;0.34;0.32436000000000026;0.12;0.12204000000000018
0.64;0.6397599999999956;0.28;0.2995200000000012;0.26;0.26000000000000084
0.52;0.5218800000000026;0.38;0.38212000000000135;0.32;0.31908000000000164
0.32;0.31896000000000085;0.38;0.3759200000000012;0.34;0.3438800000000004
0.28;0.27703999999999934;0.6;0.5914799999999985;0.3;0.28391999999999973
0.56;0.560280000000001;0.4;0.3776000000000013;0.2;0.19856000000000004
0.22;0.22120000000000067;0.58;0.5776799999999999;0.42;0.41364
0.24;0.23724000000000103;0.28;0.2850000000000009;0.44;0.4353999999999999
0.78;0.7727199999999979;0.12;0.16016000000000005;0.44;0.39924000000000015
0.3;0.3076400000000009;0.28;0.26559999999999984;0.1;0.11916000000000009
0.4;0.37840000000000173;0.1;0.11587999999999996;0.18;0.15291999999999997
0.1;0.11319999999999997;0.18;0.1678000000000002;0.28;0.3031600000000003
0.62;0.6085999999999994;0.1;0.10535999999999998;0.5;0.45963999999999816
0.56;0.5598800000000009;0.42;0.3948000000000016;0.5;0.49723999999999957
0.34;0.3398400000000011;0.6;0.6052400000000007;0.36;0.35683999999999955
0.74;0.7374399999999973;0.18;0.19876000000000077;0.12;0.11876000000000016
0.76;0.7482000000000005;0.12;0.17976000000000034;0.16;0.13252000000000003
0.18;0.17512000000000022;0.48;0.48204000000000136;0.24;0.24127999999999994
0.64;0.6341999999999968;0.2;0.2142800000000003;0.44;0.42732000000000153
0.38;0.36916000000000176;0.1;0.10927999999999997;0.18;0.1690000000000001
0.24;0.24184000000000078;0.64;0.6434399999999995;0.2;0.20095999999999997
0.34;0.3444800000000009;0.5;0.4976800000000002;0.1;0.10347999999999999
0.12;0.12371999999999994;0.74;0.7385999999999983;0.48;0.4792399999999981
0.52;0.519760000000003;0.28;0.28448000000000073;0.5;0.48759999999999815
0.38;0.3798800000000025;0.5;0.5042800000000011;0.42;0.41852000000000056
0.36;0.36128000000000116;0.14;0.13975999999999988;0.32;0.3012
0.26;0.25672;0.4;0.41555999999999976;0.14;0.14436000000000027
0.26;0.2567599999999998;0.7;0.6363599999999997;0.26;0.23964000000000046
0.22;0.21704000000000043;0.5;0.4942000000000013;0.46;0.44636000000000065
0.34;0.3402000000000009;0.12;0.12279999999999994;0.46;0.4417600000000002
0.56;0.553600000000001;0.22;0.25164000000000036;0.36;0.34084000000000014
0.26;0.25671999999999984;0.72;0.6503199999999983;0.22;0.20799999999999957
0.5;0.4989200000000018;0.14;0.1405999999999999;0.4;0.4116000000000005
0.3;0.299560000000002;0.62;0.6335999999999977;0.48;0.48027999999999826
0.34;0.3363200000000008;0.3;0.2990400000000014;0.48;0.4866399999999988
0.5;0.49728000000000105;0.28;0.3012000000000008;0.14;0.13844000000000017
0.22;0.2186800000000005;0.4;0.3932000000000009;0.24;0.2406399999999996
0.32;0.31944000000000056;0.52;0.5004000000000025;0.48;0.44248000000000004
0.66;0.6608400000000029;0.3;0.29864000000000107;0.32;0.31780000000000147
0.14;0.13775999999999988;0.52;0.526000000000002;0.34;0.3478800000000001
0.16;0.1816400000000003;0.36;0.33864000000000033;0.5;0.47831999999999847
0.54;0.5403600000000015;0.14;0.13943999999999987;0.26;0.2515599999999994
0.14;0.14091999999999985;0.7;0.7028399999999976;0.38;0.38403999999999877
0.2;0.1988800000000007;0.54;0.5404800000000017;0.2;0.20176
0.34;0.34024000000000065;0.28;0.2810800000000012;0.34;0.3403999999999999
0.52;0.5110400000000019;0.16;0.16676000000000027;0.32;0.29607999999999984
0.22;0.21928000000000053;0.46;0.46527999999999814;0.42;0.4305600000000007
0.58;0.5722400000000017;0.2;0.23076000000000074;0.38;0.3587599999999994
0.5;0.484439999999999;0.24;0.2774400000000001;0.22;0.21115999999999985
0.26;0.25856000000000023;0.2;0.19684000000000007;0.26;0.28092000000000034
0.48;0.47127999999999726;0.26;0.28167999999999993;0.42;0.40476000000000045
0.14;0.1382399999999999;0.7;0.6951199999999985;0.22;0.21867999999999968
0.28;0.279319999999999;0.68;0.6827200000000019;0.48;0.47739999999999705
0.64;0.6380799999999968;0.26;0.2710800000000003;0.3;0.2986799999999999
0.16;0.15844000000000005;0.34;0.3328000000000004;0.44;0.4576399999999995
0.44;0.4494799999999985;0.22;0.21384000000000047;0.24;0.2487600000000001
0.68;0.6832000000000014;0.14;0.13511999999999988;0.24;0.26452000000000003
0.36;0.36156000000000094;0.34;0.3377200000000002;0.24;0.2431999999999997
0.48;0.4860000000000004;0.24;0.2273600000000008;0.32;0.3570799999999996
0.14;0.1402399999999999;0.62;0.6290399999999973;0.44;0.45511999999999925
0.26;0.2604399999999997;0.38;0.38096000000000146;0.34;0.3466400000000004
0.5;0.5017200000000027;0.32;0.31648000000000026;0.42;0.4238800000000021
0.44;0.44271999999999906;0.24;0.23344000000000056;0.24;0.25868000000000013
0.12;0.11843999999999995;0.48;0.4773200000000001;0.38;0.3833199999999982
0.6;0.5965199999999986;0.24;0.2429200000000003;0.42;0.4203200000000013
0.74;0.7418399999999986;0.2;0.1811600000000002;0.14;0.14588000000000004
0.7;0.7048000000000001;0.22;0.21932000000000051;0.38;0.38683999999999863
0.52;0.5224800000000023;0.34;0.3407600000000004;0.42;0.42256000000000216
0.4;0.38536000000000176;0.1;0.11195999999999996;0.16;0.14052
0.3;0.301120000000001;0.22;0.21868000000000065;0.34;0.34364000000000006
0.66;0.6650400000000007;0.14;0.1337999999999999;0.38;0.3980400000000004
0.32;0.3181600000000006;0.66;0.6093199999999999;0.14;0.13984000000000005
0.36;0.3598000000000007;0.6;0.5940800000000003;0.26;0.2546400000000005
0.2;0.2123600000000003;0.34;0.3226400000000002;0.1;0.11564000000000003
0.16;0.1606000000000001;0.58;0.5792399999999991;0.2;0.20147999999999994
0.14;0.1382799999999999;0.74;0.7465999999999985;0.16;0.16064000000000012
0.7;0.6996399999999993;0.18;0.18716000000000044;0.32;0.3254400000000005
0.44;0.4452799999999974;0.38;0.36304000000000086;0.38;0.3763599999999988
0.7;0.6996000000000017;0.28;0.25136;0.46;0.4595999999999979
0.6;0.5991199999999991;0.26;0.2588800000000005;0.36;0.36147999999999925
0.28;0.2781999999999991;0.68;0.6825200000000026;0.14;0.13816000000000028
0.3;0.29504000000000136;0.1;0.10435999999999998;0.28;0.2591600000000008
0.1;0.11247999999999997;0.76;0.7481999999999985;0.2;0.19400000000000023
0.66;0.6558400000000008;0.2;0.2111600000000002;0.48;0.4793599999999982
0.22;0.22088000000000077;0.46;0.4657599999999986;0.26;0.2663599999999996
0.68;0.6817599999999988;0.22;0.22264000000000053;0.38;0.38403999999999855
0.26;0.26164;0.26;0.25788000000000033;0.18;0.18708
0.4;0.4004400000000012;0.5;0.5120000000000009;0.16;0.1604000000000001
0.42;0.42191999999999946;0.22;0.21936000000000067;0.34;0.3354000000000002
0.42;0.4145999999999997;0.3;0.30727999999999966;0.18;0.1816000000000006
0.3;0.3029600000000009;0.28;0.27636000000000016;0.12;0.12476000000000012
0.22;0.22008000000000066;0.56;0.5631200000000006;0.44;0.4469199999999988
0.16;0.16088000000000002;0.5;0.5026800000000008;0.2;0.20203999999999994
0.68;0.6819199999999978;0.28;0.2761200000000014;0.12;0.12100000000000018
0.26;0.2611199999999998;0.38;0.38396000000000174;0.2;0.21195999999999993
0.36;0.3627600000000012;0.54;0.5416400000000009;0.16;0.15212000000000012
0.6;0.5999999999999986;0.26;0.2619200000000006;0.38;0.382119999999999
0.3;0.296960000000001;0.1;0.103;0.36;0.34284000000000037
0.1;0.11459999999999995;0.18;0.16436000000000012;0.24;0.27740000000000015
0.18;0.18059999999999998;0.58;0.5784799999999998;0.42;0.4191600000000001
0.16;0.16072000000000009;0.4;0.40428000000000075;0.22;0.21887999999999988
0.32;0.3194000000000005;0.52;0.4990400000000022;0.5;0.45251999999999876
0.12;0.11631999999999997;0.58;0.5769199999999992;0.5;0.47979999999999806
0.2;0.19776000000000063;0.46;0.46551999999999816;0.4;0.40228000000000036
0.24;0.25648000000000004;0.26;0.23972000000000074;0.1;0.12608000000000005
0.16;0.15619999999999992;0.28;0.28196000000000054;0.38;0.38815999999999906
0.38;0.3826000000000025;0.38;0.37236000000000163;0.44;0.43260000000000004
0.24;0.23996000000000128;0.72;0.7129999999999993;0.32;0.31532000000000154
0.32;0.3183600000000007;0.4;0.39992000000000033;0.4;0.40008000000000055
0.34;0.3412400000000007;0.38;0.36592000000000136;0.48;0.4537599999999994
0.36;0.36372000000000093;0.46;0.445159999999998;0.26;0.2539199999999996
0.34;0.3398800000000012;0.62;0.6193999999999967;0.38;0.37755999999999823
0.14;0.13783999999999988;0.52;0.5348400000000014;0.3;0.3117200000000006
0.58;0.5797600000000019;0.38;0.38040000000000146;0.42;0.42024000000000283
0.12;0.12007999999999995;0.46;0.45927999999999775;0.38;0.38347999999999827
0.18;0.17804000000000017;0.4;0.3984000000000008;0.44;0.436880000000001
0.32;0.3195600000000005;0.54;0.5399200000000012;0.34;0.33804000000000034
0.12;0.12143999999999994;0.74;0.7444399999999975;0.32;0.3240000000000008
0.2;0.20124000000000036;0.38;0.4073600000000008;0.18;0.19264000000000064
0.26;0.25891999999999965;0.68;0.6929200000000008;0.12;0.11988000000000017
0.16;0.17088000000000023;0.22;0.2086800000000006;0.3;0.31928000000000034
0.14;0.14199999999999988;0.46;0.4529999999999982;0.16;0.16020000000000004
0.26;0.25128000000000034;0.34;0.3540000000000012;0.5;0.48699999999999843
0.34;0.33896000000000087;0.12;0.12583999999999992;0.4;0.3676399999999998
0.28;0.27927999999999903;0.68;0.6764000000000018;0.24;0.23791999999999894
0.24;0.24004000000000075;0.16;0.16696000000000022;0.32;0.28779999999999994
0.22;0.19532000000000035;0.2;0.2378400000000008;0.5;0.43008000000000024
0.12;0.11887999999999994;0.84;0.8390799999999949;0.1;0.1014
0.64;0.6405199999999955;0.3;0.30908000000000047;0.16;0.16024000000000002
0.52;0.5092000000000018;0.14;0.14499999999999988;0.16;0.15632000000000007
0.32;0.31392000000000075;0.26;0.26336000000000054;0.38;0.3773600000000001
0.54;0.5383200000000015;0.12;0.11975999999999995;0.48;0.46387999999999857
0.56;0.5651200000000014;0.12;0.11735999999999994;0.44;0.45091999999999877
0.16;0.16256000000000015;0.76;0.7733999999999998;0.18;0.18052000000000065
0.28;0.28415999999999997;0.14;0.1355199999999999;0.38;0.39248000000000016
0.14;0.14311999999999986;0.42;0.4165199999999999;0.4;0.4044800000000005
0.32;0.3256000000000004;0.3;0.2872000000000001;0.14;0.16628000000000015
0.28;0.28263999999999995;0.22;0.21736000000000058;0.3;0.30951999999999996
0.54;0.5404800000000012;0.38;0.3932400000000008;0.3;0.3015200000000001
0.1;0.10983999999999998;0.16;0.14843999999999985;0.38;0.40683999999999954
0.34;0.3342800000000007;0.18;0.1821200000000001;0.36;0.3564
0.34;0.33528000000000047;0.24;0.24264000000000058;0.28;0.27768000000000004
0.36;0.36052000000000123;0.18;0.17928000000000016;0.16;0.15820000000000012
0.28;0.27139999999999975;0.24;0.2664000000000001;0.5;0.4463599999999997
0.86;0.8610799999999988;0.12;0.11043999999999998;0.16;0.1679999999999997
0.32;0.3193600000000005;0.52;0.5225200000000013;0.22;0.22143999999999978
0.24;0.23996000000000092;0.6;0.5978799999999999;0.24;0.2359600000000003
0.4;0.4002800000000012;0.5;0.5068800000000004;0.18;0.18268000000000048
0.6;0.5914399999999979;0.1;0.10819999999999998;0.16;0.14580000000000026
0.44;0.422759999999999;0.1;0.11567999999999996;0.18;0.15539999999999998
0.7;0.7012800000000015;0.26;0.2588400000000001;0.3;0.30204000000000003
0.3;0.30024000000000195;0.54;0.5312000000000018;0.38;0.3682399999999993
0.46;0.46035999999999766;0.28;0.28935999999999984;0.32;0.3298
0.16;0.15756000000000006;0.66;0.6582399999999988;0.34;0.3392800000000007
0.18;0.17668000000000028;0.66;0.6610799999999982;0.12;0.11708000000000011
0.74;0.7379999999999973;0.2;0.20636000000000032;0.46;0.4561999999999989
0.1;0.11115999999999997;0.68;0.6637200000000008;0.28;0.26928000000000046
0.12;0.1331599999999999;0.3;0.29100000000000004;0.24;0.24483999999999942
0.32;0.3181200000000007;0.64;0.6168800000000004;0.22;0.21931999999999982
0.64;0.6507200000000017;0.14;0.12775999999999993;0.14;0.17184000000000027
0.42;0.41867999999999916;0.42;0.42019999999999913;0.4;0.39575999999999995
0.32;0.31952000000000047;0.62;0.6314399999999966;0.18;0.17924000000000065
0.3;0.3055600000000007;0.16;0.15936000000000008;0.22;0.20432000000000006
0.1;0.11911999999999995;0.64;0.6283599999999991;0.32;0.31752000000000014
0.5;0.4891599999999991;0.18;0.19140000000000038;0.46;0.42348000000000036
0.22;0.22180000000000066;0.26;0.2542400000000005;0.24;0.2578400000000001
0.62;0.6242799999999967;0.12;0.11527999999999995;0.2;0.19336000000000006
0.18;0.17236000000000035;0.28;0.28520000000000073;0.24;0.23544000000000018
0.52;0.5220800000000025;0.3;0.29808000000000046;0.4;0.4006800000000002
0.3;0.2998800000000021;0.64;0.6486800000000028;0.32;0.3171200000000017
0.56;0.5610400000000008;0.34;0.36880000000000146;0.1;0.10152000000000001
0.24;0.22976000000000082;0.12;0.1356399999999999;0.46;0.39579999999999943
0.66;0.6619600000000018;0.2;0.20788000000000023;0.1;0.10232
0.68;0.6754799999999996;0.16;0.18616000000000021;0.44;0.4227200000000023
0.36;0.361120000000001;0.34;0.33176000000000044;0.14;0.1419200000000002
0.18;0.18360000000000018;0.56;0.5630000000000014;0.36;0.37187999999999916
0.2;0.19484000000000057;0.68;0.675280000000001;0.5;0.4779999999999984
0.32;0.31952000000000047;0.48;0.4937600000000015;0.16;0.16720000000000024
0.48;0.4860799999999986;0.36;0.35272000000000114;0.26;0.2638000000000006
0.36;0.3644000000000011;0.48;0.4801599999999998;0.1;0.10247999999999999
0.5;0.4893999999999998;0.26;0.2986400000000007;0.14;0.13132000000000005
0.44;0.4448399999999977;0.42;0.40832000000000046;0.44;0.4344400000000018
0.16;0.1592;0.26;0.26088000000000056;0.18;0.1874000000000003
0.22;0.21804000000000043;0.72;0.7150799999999994;0.3;0.2913999999999999
0.3;0.3007200000000018;0.44;0.4424399999999984;0.36;0.3654399999999995
0.18;0.1888400000000004;0.16;0.15331999999999996;0.38;0.39816
0.24;0.24028000000000052;0.22;0.2165600000000004;0.2;0.20972000000000007
0.14;0.13903999999999989;0.48;0.4869200000000008;0.22;0.22467999999999969
0.16;0.15940000000000007;0.62;0.6273199999999978;0.34;0.34740000000000026
0.56;0.5598000000000011;0.4;0.4040000000000005;0.38;0.3801199999999977
0.22;0.22468000000000077;0.2;0.19276000000000007;0.12;0.14052000000000003
0.52;0.5128800000000022;0.14;0.14307999999999987;0.42;0.4088399999999998
0.14;0.13983999999999988;0.26;0.2619600000000005;0.22;0.22607999999999961
0.82;0.820879999999997;0.14;0.13935999999999987;0.34;0.35060000000000024
0.14;0.14027999999999988;0.5;0.515400000000001;0.14;0.14628000000000008
0.34;0.3382400000000009;0.34;0.3492400000000004;0.44;0.45535999999999976
0.54;0.5288000000000015;0.1;0.10923999999999998;0.28;0.25667999999999996
0.1;0.11539999999999996;0.7;0.6819599999999986;0.14;0.13444000000000011
0.26;0.25815999999999995;0.4;0.4052400000000004;0.4;0.40300000000000036
0.18;0.17952;0.62;0.622399999999997;0.28;0.2801200000000002
0.3;0.3012000000000019;0.6;0.6072400000000002;0.3;0.2997200000000002
0.14;0.14435999999999988;0.36;0.3486000000000014;0.32;0.327280000000001
0.22;0.2202000000000006;0.42;0.4171999999999999;0.18;0.18212000000000056
0.16;0.16076000000000018;0.76;0.7667199999999976;0.28;0.2791999999999989
0.6;0.6144399999999993;0.18;0.1668000000000002;0.26;0.2751999999999994
0.74;0.7404399999999984;0.22;0.21940000000000073;0.28;0.2827999999999989
0.18;0.18092000000000025;0.4;0.4004400000000005;0.4;0.39991999999999983
0.32;0.3200800000000009;0.26;0.2606000000000001;0.26;0.25824000000000025
0.28;0.27687999999999957;0.38;0.38816000000000117;0.34;0.3439200000000003
0.26;0.2580399999999997;0.7;0.6925999999999974;0.4;0.3957999999999995
0.34;0.3384800000000007;0.36;0.3642400000000008;0.22;0.22291999999999992
0.52;0.5116400000000029;0.24;0.26584000000000024;0.48;0.46799999999999786
0.2;0.1955600000000007;0.72;0.7227599999999988;0.16;0.15775999999999996
0.66;0.6601200000000031;0.26;0.2706400000000005;0.38;0.382799999999998
0.22;0.2185200000000006;0.38;0.41396000000000094;0.16;0.17284000000000027
0.46;0.4422399999999978;0.12;0.1267999999999999;0.5;0.47647999999999796
0.34;0.3390400000000009;0.54;0.5431600000000012;0.28;0.27403999999999984
0.42;0.4339999999999988;0.2;0.19596000000000052;0.36;0.3454399999999999
0.22;0.2256800000000008;0.6;0.59376;0.32;0.31495999999999985
0.5;0.4989200000000035;0.48;0.4531599999999979;0.22;0.22064
0.8;0.8028400000000008;0.16;0.1638799999999999;0.16;0.1657600000000003
0.32;0.31552000000000074;0.12;0.12535999999999994;0.44;0.4284799999999985
0.16;0.15924000000000021;0.8;0.8048799999999959;0.16;0.16008000000000003
0.4;0.401880000000001;0.16;0.1576400000000001;0.28;0.29176000000000035
0.12;0.12691999999999992;0.32;0.31168000000000073;0.44;0.4509600000000001
0.28;0.2776799999999995;0.48;0.4820399999999998;0.22;0.22096
