l1_test;l1_pred;l2_test;l2_pred;beta_test;beta_pred;
0.24;0.2347600000000011;0.1;0.11047999999999998;0.3;0.2482799999999997
0.2;0.19560000000000047;0.64;0.6531600000000011;0.22;0.21987999999999985
0.7;0.6969199999999985;0.12;0.12283999999999994;0.32;0.31311999999999973
0.66;0.6603200000000002;0.22;0.22800000000000034;0.34;0.3415600000000004
0.34;0.3399200000000011;0.62;0.6232799999999957;0.5;0.4951599999999992
0.3;0.2978400000000017;0.66;0.6591999999999968;0.12;0.11892000000000016
0.38;0.3742400000000022;0.1;0.10403999999999998;0.26;0.24051999999999935
0.24;0.23876000000000122;0.74;0.6905199999999965;0.26;0.249520000000001
0.46;0.4621599999999978;0.42;0.43039999999999906;0.32;0.32028000000000123
0.52;0.5207200000000026;0.28;0.2800000000000004;0.42;0.4180400000000016
0.68;0.6803599999999987;0.24;0.24948000000000028;0.4;0.40332000000000046
0.42;0.41815999999999925;0.52;0.5363600000000012;0.36;0.36023999999999934
0.68;0.6829199999999984;0.26;0.26675999999999983;0.32;0.32216000000000145
0.24;0.23988000000000106;0.68;0.6884799999999998;0.36;0.3577999999999993
0.36;0.3626800000000012;0.38;0.37472000000000055;0.2;0.2050399999999999
0.18;0.17136000000000018;0.18;0.18796000000000035;0.32;0.3081199999999994
0.1;0.12523999999999993;0.52;0.5750799999999998;0.1;0.11052
0.1;0.11323999999999998;0.7;0.6948799999999984;0.28;0.2756799999999998
0.58;0.5786800000000004;0.24;0.24092000000000052;0.4;0.40436000000000066
0.34;0.33684000000000075;0.32;0.33632000000000084;0.34;0.34744000000000047
0.3;0.30024000000000156;0.58;0.5687199999999994;0.18;0.1739600000000004
0.26;0.24344000000000046;0.34;0.4548800000000022;0.18;0.24103999999999975
0.5;0.49496000000000195;0.16;0.16280000000000022;0.32;0.3111999999999998
0.32;0.3215200000000006;0.38;0.3759200000000016;0.46;0.45508000000000076
0.1;0.11619999999999996;0.38;0.36096000000000095;0.2;0.20012
0.66;0.6577200000000034;0.32;0.29732000000000125;0.38;0.3792399999999978
0.46;0.45147999999999816;0.2;0.21212000000000045;0.46;0.4266399999999999
0.52;0.5199600000000028;0.36;0.3686400000000022;0.36;0.36243999999999915
0.36;0.35276000000000113;0.22;0.22568000000000085;0.4;0.38163999999999987
0.14;0.1399599999999999;0.76;0.7719599999999976;0.16;0.16104000000000007
0.12;0.12151999999999993;0.52;0.527440000000002;0.36;0.36759999999999865
0.24;0.23364000000000115;0.34;0.35564000000000123;0.48;0.48427999999999843
0.36;0.36044000000000065;0.56;0.5713600000000004;0.46;0.4594799999999985
0.18;0.17844000000000018;0.2;0.19964000000000048;0.34;0.33864000000000033
0.82;0.8165199999999971;0.1;0.12139999999999994;0.38;0.3524000000000001
0.16;0.15599999999999997;0.66;0.653399999999998;0.12;0.11752000000000014
0.24;0.23652000000000112;0.66;0.6664399999999986;0.2;0.19652000000000003
0.42;0.4304399999999986;0.24;0.23356000000000107;0.18;0.1831200000000001
0.4;0.4000000000000014;0.54;0.5563600000000012;0.48;0.48283999999999755
0.28;0.2878400000000006;0.32;0.3053600000000013;0.2;0.2213199999999998
0.22;0.21900000000000044;0.74;0.7379600000000002;0.32;0.3178800000000016
0.5;0.49968000000000357;0.48;0.4505199999999982;0.12;0.11932000000000016
0.76;0.7589200000000028;0.14;0.14235999999999988;0.24;0.2426000000000001
0.38;0.3922400000000018;0.18;0.1746800000000001;0.3;0.2933600000000009
0.1;0.10431999999999998;0.58;0.5729200000000007;0.5;0.483479999999998
0.86;0.8539199999999962;0.1;0.11735999999999994;0.14;0.12824000000000013
0.4;0.3993600000000013;0.58;0.5477600000000011;0.22;0.22024
0.12;0.11723999999999994;0.34;0.34600000000000053;0.5;0.4909599999999987
0.14;0.1379599999999999;0.52;0.5235200000000024;0.44;0.43908000000000086
0.34;0.3344800000000006;0.16;0.16264000000000017;0.36;0.34803999999999957
0.46;0.46659999999999724;0.34;0.3343200000000003;0.16;0.1613600000000001
0.2;0.19996000000000064;0.38;0.3879600000000012;0.22;0.22167999999999988
0.48;0.47939999999999594;0.48;0.4838800000000016;0.5;0.4945999999999991
0.16;0.16404000000000005;0.28;0.2744000000000005;0.24;0.2456800000000003
0.12;0.12055999999999993;0.64;0.6415600000000005;0.36;0.3651999999999994
0.2;0.20044000000000042;0.4;0.4067600000000001;0.26;0.2640400000000001
0.36;0.36108000000000096;0.4;0.40044000000000085;0.38;0.38375999999999977
0.64;0.6385599999999984;0.22;0.2300800000000006;0.12;0.11988000000000014
0.56;0.5630400000000008;0.26;0.24884000000000078;0.3;0.30692000000000064
0.24;0.2395600000000007;0.3;0.29760000000000036;0.12;0.12632000000000007
0.3;0.30140000000000144;0.5;0.49267999999999995;0.14;0.1378
0.6;0.5985999999999974;0.36;0.36716000000000215;0.26;0.2583200000000011
0.6;0.5955199999999983;0.28;0.29332000000000086;0.16;0.15948000000000007
0.18;0.1824000000000002;0.34;0.33612000000000025;0.24;0.24488000000000015
0.12;0.12323999999999995;0.56;0.568120000000001;0.16;0.16304000000000016
0.28;0.27871999999999914;0.54;0.5300000000000021;0.48;0.4602399999999999
0.52;0.5230000000000027;0.12;0.12191999999999993;0.4;0.40715999999999963
0.16;0.1592400000000002;0.8;0.801839999999997;0.24;0.23959999999999892
0.76;0.762840000000003;0.2;0.19651999999999994;0.16;0.1652000000000003
0.54;0.5383600000000013;0.42;0.4244799999999989;0.18;0.17984000000000067
0.14;0.14907999999999988;0.26;0.24624000000000057;0.14;0.15055999999999997
0.56;0.5658000000000007;0.3;0.29024000000000016;0.14;0.1459200000000001
0.24;0.2483600000000006;0.54;0.5363600000000011;0.12;0.12548000000000012
0.12;0.12999999999999992;0.2;0.19100000000000025;0.24;0.25144000000000005
0.4;0.40024000000000126;0.52;0.5253200000000017;0.36;0.3636399999999989
0.44;0.4375599999999985;0.24;0.2437600000000006;0.22;0.2070800000000002
0.28;0.280039999999999;0.66;0.6767999999999987;0.46;0.46007999999999755
0.38;0.3800800000000025;0.54;0.5499600000000013;0.24;0.24079999999999932
0.22;0.21880000000000066;0.46;0.47391999999999823;0.2;0.20711999999999992
0.6;0.6019999999999986;0.3;0.30680000000000046;0.48;0.4836399999999978
0.18;0.17948;0.58;0.5817200000000001;0.34;0.33936000000000044
0.48;0.48439999999999844;0.36;0.35424000000000105;0.34;0.33820000000000083
0.12;0.12079999999999994;0.58;0.5785199999999999;0.36;0.35943999999999937
0.4;0.3977200000000014;0.36;0.37528000000000133;0.3;0.31552000000000086
0.52;0.5080400000000023;0.1;0.11375999999999997;0.22;0.1919600000000005
0.6;0.5993199999999976;0.34;0.350560000000001;0.38;0.3806399999999979
0.1;0.11003999999999999;0.16;0.14639999999999986;0.4;0.43556000000000117
0.52;0.5200800000000029;0.44;0.43947999999999854;0.44;0.4406400000000022
0.46;0.4639599999999978;0.38;0.3794400000000017;0.26;0.26156000000000024
0.3;0.30168000000000067;0.18;0.17660000000000023;0.12;0.13064000000000003
0.18;0.1652400000000002;0.14;0.15864000000000011;0.5;0.45735999999999866
0.5;0.4945600000000015;0.12;0.12275999999999994;0.32;0.31059999999999965
0.18;0.1802800000000001;0.5;0.49659999999999965;0.28;0.28031999999999996
0.12;0.11915999999999995;0.16;0.15999999999999998;0.18;0.1888800000000002
0.5;0.500160000000004;0.46;0.46119999999999706;0.5;0.49583999999999956
0.34;0.3404400000000011;0.56;0.5686800000000007;0.34;0.34032000000000046
0.26;0.2695999999999999;0.32;0.3012000000000006;0.28;0.3084799999999999
0.44;0.422639999999999;0.32;0.35188000000000086;0.12;0.12004000000000015
0.3;0.2979600000000005;0.24;0.23680000000000073;0.22;0.23332000000000014
0.62;0.6231199999999998;0.28;0.2769600000000007;0.24;0.24271999999999921
0.52;0.5186400000000029;0.44;0.4385599999999987;0.3;0.29975999999999997
0.44;0.44687999999999756;0.36;0.34628000000000125;0.24;0.23859999999999965
0.16;0.1585200000000002;0.78;0.787440000000001;0.42;0.4190000000000024
0.2;0.20256000000000074;0.52;0.5135200000000018;0.32;0.3203999999999995
0.8;0.8020400000000002;0.16;0.1586799999999999;0.44;0.44936000000000165
0.16;0.1726000000000002;0.36;0.3416400000000008;0.18;0.19124000000000024
0.36;0.36400000000000093;0.46;0.444399999999999;0.32;0.30367999999999984
0.26;0.2605199999999996;0.66;0.6633599999999985;0.46;0.4557999999999984
0.26;0.2588399999999996;0.72;0.6917600000000013;0.14;0.13880000000000028
0.12;0.12583999999999992;0.3;0.29360000000000025;0.34;0.3470400000000002
0.12;0.12147999999999994;0.7;0.6943999999999974;0.24;0.24087999999999923
0.16;0.15908000000000008;0.5;0.5020800000000001;0.28;0.28319999999999956
0.1;0.12095999999999993;0.38;0.3566400000000011;0.24;0.23603999999999958
0.22;0.2152800000000004;0.74;0.7412399999999998;0.1;0.10024
0.54;0.5404000000000014;0.2;0.2102800000000005;0.5;0.48211999999999816
0.16;0.16648000000000007;0.24;0.23976000000000044;0.32;0.3235199999999997
0.4;0.3955200000000016;0.3;0.31615999999999955;0.26;0.26775999999999966
0.14;0.12703999999999993;0.1;0.11383999999999997;0.22;0.19348000000000024
0.38;0.38408000000000236;0.4;0.3931600000000013;0.44;0.43535999999999986
0.18;0.1843200000000003;0.6;0.6049999999999994;0.1;0.10447999999999999
0.36;0.3598000000000013;0.4;0.41096000000000027;0.1;0.10608
0.18;0.17759999999999998;0.62;0.6237999999999974;0.38;0.3799599999999992
0.2;0.20188000000000023;0.22;0.2148000000000006;0.34;0.35304000000000035
0.38;0.39044000000000156;0.22;0.2139600000000004;0.16;0.15140000000000015
0.1;0.11267999999999997;0.8;0.8038399999999971;0.3;0.28603999999999974
0.12;0.12211999999999994;0.14;0.1337199999999999;0.4;0.43295999999999957
0.12;0.12115999999999993;0.12;0.11911999999999995;0.12;0.12424000000000009
0.32;0.3128400000000009;0.34;0.3655600000000005;0.2;0.2031200000000002
0.66;0.6636400000000015;0.2;0.2076000000000003;0.46;0.46143999999999946
0.2;0.2000000000000007;0.66;0.6538799999999986;0.34;0.33540000000000053
0.26;0.2605599999999995;0.56;0.5611200000000006;0.38;0.38207999999999986
0.56;0.5590400000000008;0.38;0.37072000000000094;0.2;0.19848000000000007
0.34;0.33492000000000094;0.24;0.2390000000000009;0.1;0.11976000000000012
0.36;0.35348000000000074;0.3;0.3387200000000002;0.22;0.22151999999999986
0.3;0.299640000000002;0.66;0.6618799999999965;0.34;0.33708000000000016
0.28;0.28075999999999995;0.14;0.13819999999999988;0.26;0.2747599999999995
0.12;0.11247999999999997;0.1;0.11095999999999996;0.42;0.3863599999999997
0.16;0.16776000000000005;0.26;0.2455200000000009;0.44;0.4626399999999983
0.62;0.6205999999999988;0.22;0.22124000000000055;0.36;0.36291999999999913
0.6;0.5992799999999973;0.36;0.36628000000000205;0.36;0.3595199999999993
0.24;0.2386400000000013;0.7;0.700879999999996;0.24;0.23671999999999907
0.1;0.10471999999999998;0.56;0.5496800000000011;0.5;0.4829999999999979
0.2;0.19880000000000073;0.38;0.3861600000000015;0.44;0.450879999999999
0.22;0.21728000000000047;0.76;0.7095199999999959;0.18;0.1779200000000006
0.28;0.27924000000000004;0.28;0.2770000000000004;0.14;0.15039999999999992
0.6;0.5947999999999988;0.24;0.2442400000000001;0.12;0.12080000000000016
0.1;0.11259999999999996;0.64;0.6302800000000003;0.24;0.23603999999999967
0.62;0.6212000000000004;0.32;0.3207200000000003;0.22;0.2203199999999999
0.26;0.2596800000000001;0.16;0.15811999999999996;0.14;0.14971999999999994
0.38;0.3835200000000023;0.46;0.46263999999999905;0.4;0.39499999999999985
0.2;0.19904000000000066;0.68;0.6921599999999999;0.36;0.361919999999999
0.22;0.21828000000000056;0.66;0.6675999999999989;0.24;0.23583999999999988
0.72;0.7148399999999959;0.26;0.22776000000000057;0.46;0.45215999999999956
0.66;0.6604800000000012;0.22;0.2251600000000005;0.4;0.40420000000000034
0.32;0.3201200000000004;0.56;0.5652800000000011;0.42;0.4195200000000011
0.5;0.49884000000000095;0.28;0.2915600000000007;0.1;0.10419999999999999
0.32;0.3203600000000004;0.6;0.6265600000000002;0.4;0.40656000000000114
0.28;0.27915999999999935;0.36;0.368480000000002;0.24;0.24319999999999964
0.16;0.1574399999999999;0.14;0.14355999999999988;0.16;0.15819999999999998
0.34;0.33456000000000047;0.32;0.34244000000000124;0.3;0.30199999999999994
0.38;0.3808800000000025;0.5;0.5104400000000009;0.28;0.2865999999999997
0.36;0.3613200000000011;0.4;0.3949200000000002;0.26;0.25356000000000023
0.4;0.40052000000000126;0.44;0.4439999999999983;0.36;0.37067999999999884
0.64;0.6385599999999954;0.3;0.3110000000000002;0.44;0.4413200000000021
0.12;0.12107999999999994;0.24;0.23700000000000065;0.26;0.2736399999999997
0.3;0.29928000000000154;0.52;0.5196400000000015;0.28;0.28408000000000033
0.68;0.6812799999999984;0.22;0.2207200000000007;0.18;0.18276000000000056
0.2;0.20060000000000075;0.5;0.49711999999999984;0.32;0.3216399999999999
0.14;0.14943999999999988;0.3;0.2896800000000003;0.16;0.1658800000000002
0.66;0.6567600000000005;0.12;0.12403999999999994;0.24;0.2245200000000001
0.78;0.7800399999999954;0.18;0.1835200000000007;0.46;0.4627999999999979
0.38;0.3846800000000023;0.44;0.4293599999999991;0.28;0.2749600000000002
0.44;0.4485199999999977;0.4;0.3910800000000011;0.28;0.27583999999999964
0.72;0.7245599999999944;0.18;0.17360000000000034;0.42;0.431480000000001
0.32;0.3197600000000007;0.5;0.49816000000000016;0.3;0.3058400000000004
0.28;0.27623999999999926;0.1;0.10504000000000001;0.2;0.1796400000000004
0.34;0.33956000000000025;0.26;0.27412000000000064;0.38;0.3494399999999998
0.12;0.12155999999999993;0.7;0.7003599999999977;0.38;0.3842399999999985
0.44;0.43135999999999863;0.24;0.24064000000000052;0.36;0.36808
0.44;0.4413599999999975;0.54;0.5064000000000011;0.38;0.37767999999999774
0.28;0.28956000000000076;0.26;0.24572000000000072;0.1;0.12260000000000013
0.2;0.18864000000000034;0.36;0.3904400000000021;0.16;0.16032000000000007
0.1;0.11343999999999997;0.14;0.12379999999999992;0.4;0.4366400000000007
0.34;0.3357600000000005;0.28;0.27944000000000013;0.24;0.24308000000000032
0.84;0.8398800000000021;0.1;0.12071999999999995;0.44;0.42740000000000117
0.34;0.3385200000000008;0.34;0.3440000000000001;0.42;0.42240000000000133
0.54;0.5423600000000011;0.32;0.31988000000000044;0.2;0.20123999999999995
0.32;0.31704000000000077;0.18;0.18136000000000016;0.42;0.41675999999999985
0.74;0.7331999999999971;0.1;0.10676;0.1;0.11760000000000011
0.28;0.2784399999999993;0.56;0.5352800000000008;0.48;0.4401599999999995
0.1;0.10344;0.84;0.8519999999999951;0.28;0.2749599999999992
0.14;0.1393199999999999;0.84;0.8153999999999971;0.44;0.44184000000000206
0.44;0.44063999999999737;0.5;0.5119200000000008;0.26;0.2594400000000013
0.36;0.3600000000000006;0.58;0.5873999999999985;0.28;0.27791999999999883
0.28;0.28051999999999916;0.7;0.6683999999999971;0.2;0.2002
0.4;0.4000400000000013;0.56;0.5521600000000016;0.5;0.49119999999999886
0.16;0.15900000000000009;0.76;0.7689599999999978;0.14;0.14068000000000028
0.26;0.26787999999999995;0.28;0.2631199999999999;0.1;0.12372000000000014
0.1;0.10971999999999998;0.8;0.799199999999997;0.28;0.2682000000000001
0.46;0.4687999999999979;0.14;0.1302399999999999;0.18;0.20664
0.32;0.32600000000000023;0.14;0.1362399999999999;0.2;0.20251999999999998
0.4;0.3878000000000017;0.22;0.2259200000000007;0.28;0.25576000000000015
0.26;0.25744000000000017;0.14;0.15415999999999996;0.44;0.37612000000000034
0.34;0.34036000000000094;0.38;0.3806400000000017;0.44;0.44323999999999986
0.6;0.5987999999999977;0.32;0.33320000000000066;0.28;0.28059999999999896
0.16;0.15535999999999997;0.26;0.2615200000000001;0.34;0.34184000000000053
0.1;0.11463999999999995;0.24;0.2297600000000009;0.22;0.22359999999999974
0.16;0.14655999999999986;0.12;0.1416799999999999;0.28;0.21528000000000028
0.14;0.1375999999999999;0.82;0.8242800000000021;0.12;0.12072000000000016
0.3;0.30036000000000124;0.1;0.10171999999999999;0.38;0.3666
0.34;0.33756000000000064;0.28;0.27900000000000025;0.16;0.16540000000000002
0.28;0.28159999999999974;0.3;0.2952400000000004;0.3;0.31120000000000003
0.32;0.31796000000000063;0.26;0.26443999999999995;0.28;0.2715999999999999
0.28;0.28043999999999913;0.66;0.671959999999998;0.34;0.33864
0.72;0.7202799999999938;0.26;0.234880000000001;0.36;0.3631599999999993
0.1;0.11523999999999995;0.3;0.28255999999999987;0.26;0.26164000000000043
0.14;0.14415999999999987;0.68;0.6726;0.22;0.22291999999999978
0.2;0.20632000000000014;0.32;0.30796000000000046;0.36;0.3775199999999995
0.12;0.1311199999999999;0.32;0.30712000000000045;0.14;0.14892000000000008
0.8;0.7985600000000005;0.12;0.1372399999999999;0.16;0.15655999999999998
0.2;0.19820000000000065;0.72;0.7295599999999983;0.24;0.24019999999999914
0.32;0.3187600000000006;0.18;0.18272000000000013;0.26;0.25399999999999967
0.32;0.3219600000000006;0.4;0.3937600000000013;0.48;0.47083999999999976
0.16;0.1624000000000001;0.44;0.4286399999999991;0.36;0.35931999999999953
0.62;0.6222799999999993;0.28;0.28060000000000074;0.36;0.36407999999999874
0.12;0.12635999999999992;0.34;0.3378399999999999;0.24;0.2399199999999997
0.52;0.5206800000000026;0.46;0.4333199999999982;0.5;0.49535999999999947
0.18;0.1762;0.78;0.758240000000002;0.22;0.2186799999999999
0.42;0.4175599999999993;0.38;0.3832000000000012;0.4;0.4008399999999998
0.4;0.4038000000000009;0.32;0.3112400000000004;0.44;0.4406800000000004
0.24;0.24360000000000087;0.46;0.4591999999999983;0.14;0.14324000000000017
0.44;0.4335199999999981;0.3;0.30776000000000014;0.26;0.26212000000000013
0.4;0.39792000000000144;0.1;0.10271999999999999;0.4;0.39043999999999957
0.56;0.5632000000000011;0.34;0.3461200000000002;0.4;0.40168000000000015
0.58;0.575800000000001;0.28;0.28392000000000095;0.34;0.3388800000000004
0.86;0.8535199999999991;0.1;0.11335999999999997;0.16;0.14732000000000006
0.3;0.29860000000000053;0.2;0.19712000000000018;0.3;0.31439999999999996
0.4;0.40212000000000103;0.4;0.39816000000000096;0.2;0.2017999999999999
0.62;0.6226799999999997;0.18;0.17468000000000014;0.42;0.42308000000000023
0.26;0.25947999999999993;0.56;0.5472000000000004;0.14;0.13367999999999997
0.12;0.11903999999999995;0.7;0.6975999999999977;0.16;0.16152000000000016
0.14;0.1378799999999999;0.62;0.6308799999999969;0.42;0.43112000000000056
0.42;0.41851999999999917;0.56;0.5298400000000015;0.2;0.1978800000000001
0.54;0.5450000000000015;0.32;0.3147200000000001;0.22;0.22339999999999977
0.72;0.7202399999999981;0.12;0.12003999999999995;0.12;0.12152000000000007
0.36;0.36240000000000117;0.38;0.3742800000000006;0.22;0.21939999999999987
0.22;0.2194400000000006;0.68;0.6866400000000007;0.18;0.1787600000000006
0.2;0.2094800000000002;0.34;0.32016000000000033;0.38;0.4014400000000002
0.48;0.4717200000000001;0.16;0.16312;0.14;0.13987999999999987
0.14;0.14491999999999988;0.22;0.21300000000000038;0.26;0.2731199999999993
0.4;0.41124000000000016;0.26;0.25156000000000045;0.14;0.14035999999999993
0.44;0.4345999999999983;0.2;0.19320000000000054;0.24;0.24996000000000018
0.18;0.17668000000000023;0.68;0.6808000000000007;0.22;0.21887999999999974
0.52;0.5201200000000026;0.12;0.11955999999999994;0.34;0.34728000000000014
0.26;0.26216000000000006;0.3;0.29864000000000046;0.26;0.26019999999999965
0.72;0.7206799999999957;0.18;0.19476000000000035;0.18;0.18148000000000047
0.62;0.6316799999999988;0.16;0.1409199999999999;0.1;0.16311999999999977
0.22;0.21300000000000055;0.22;0.23740000000000072;0.44;0.40684000000000003
0.16;0.14967999999999984;0.2;0.20652000000000018;0.36;0.35868
0.72;0.7201199999999941;0.22;0.2324800000000008;0.34;0.34208000000000016
0.2;0.19680000000000078;0.74;0.7311999999999973;0.18;0.1771200000000006
0.18;0.1778800000000003;0.14;0.14243999999999987;0.14;0.15059999999999987
0.22;0.2155200000000005;0.44;0.4498799999999983;0.32;0.3220000000000005
0.22;0.21792000000000056;0.7;0.707959999999997;0.32;0.3174000000000011
0.7;0.7020000000000014;0.28;0.25424;0.22;0.2221999999999999
0.54;0.5426800000000012;0.12;0.11723999999999994;0.42;0.41703999999999974
0.1;0.10196;0.86;0.8632000000000006;0.18;0.1784800000000007
0.34;0.34064000000000105;0.52;0.518080000000002;0.24;0.23719999999999986
0.54;0.5340000000000016;0.18;0.1854000000000003;0.34;0.31152000000000013
0.34;0.339880000000001;0.58;0.5661200000000003;0.5;0.4862799999999984
0.6;0.6066399999999996;0.14;0.13387999999999992;0.1;0.13076000000000007
0.26;0.26383999999999996;0.3;0.29632000000000047;0.3;0.30459999999999987
0.16;0.15351999999999996;0.44;0.45007999999999815;0.48;0.4796799999999989
0.18;0.1799200000000001;0.46;0.4740399999999984;0.12;0.12324000000000017
0.18;0.17531999999999995;0.5;0.5026800000000011;0.5;0.48099999999999776
0.26;0.2561199999999999;0.1;0.10711999999999999;0.32;0.2758399999999998
0.48;0.48243999999999737;0.34;0.3384000000000004;0.46;0.4633999999999993
0.38;0.3808400000000024;0.34;0.33304000000000045;0.42;0.4159600000000001
0.12;0.12055999999999993;0.46;0.4693999999999988;0.18;0.1861200000000005
0.38;0.3928400000000003;0.14;0.13283999999999993;0.1;0.11444000000000006
0.72;0.7149599999999972;0.14;0.16764000000000032;0.1;0.10132000000000001
0.34;0.3409200000000009;0.54;0.5517600000000007;0.2;0.20483999999999983
0.22;0.22132000000000068;0.56;0.5632000000000005;0.34;0.34680000000000033
0.1;0.10643999999999999;0.12;0.11279999999999997;0.2;0.23720000000000044
0.24;0.23876000000000075;0.28;0.2763600000000004;0.36;0.37096000000000007
0.46;0.4593199999999977;0.42;0.4309599999999986;0.2;0.2015599999999999
0.36;0.3622800000000009;0.46;0.45111999999999847;0.24;0.2290799999999999
0.38;0.3806400000000025;0.54;0.5404800000000011;0.22;0.22127999999999984
0.72;0.7225599999999944;0.2;0.19448000000000015;0.28;0.2885999999999992
0.84;0.8409200000000026;0.12;0.12315999999999994;0.34;0.34876000000000024
0.14;0.13567999999999988;0.6;0.5904799999999986;0.46;0.4437200000000005
0.38;0.3803600000000026;0.6;0.5709600000000007;0.34;0.33740000000000014
0.68;0.679479999999998;0.3;0.27459999999999957;0.36;0.3578399999999994
0.66;0.6554799999999998;0.2;0.21004000000000028;0.16;0.1605600000000001
0.22;0.21164000000000036;0.22;0.24804000000000076;0.5;0.446719999999999
0.42;0.4177999999999993;0.48;0.48160000000000003;0.44;0.4345200000000009
0.1;0.10915999999999998;0.52;0.5062000000000021;0.36;0.35995999999999945
0.26;0.2588799999999998;0.36;0.36784000000000183;0.28;0.2826799999999993
0.38;0.3810000000000023;0.52;0.5483200000000005;0.1;0.10307999999999999
0.4;0.402520000000001;0.32;0.31392;0.4;0.39871999999999913
0.24;0.24960000000000052;0.62;0.6236799999999983;0.12;0.12352000000000016
0.52;0.5211600000000031;0.42;0.398080000000001;0.1;0.10088
0.2;0.18628000000000028;0.24;0.25740000000000035;0.46;0.4335600000000014
0.18;0.17776000000000022;0.7;0.7095599999999984;0.4;0.3979999999999998
0.38;0.37944000000000205;0.24;0.26124000000000014;0.48;0.4364800000000001
0.18;0.17532000000000011;0.1;0.11335999999999997;0.34;0.28952000000000055
0.14;0.13935999999999987;0.68;0.6824400000000014;0.32;0.32160000000000083
0.16;0.15780000000000005;0.42;0.41675999999999963;0.44;0.44376000000000076
0.28;0.27752000000000027;0.3;0.29672000000000054;0.42;0.4299600000000007
0.5;0.497080000000001;0.12;0.12095999999999993;0.22;0.2269999999999997
0.16;0.15852000000000013;0.66;0.6517999999999992;0.5;0.4811599999999979
0.38;0.38592000000000215;0.44;0.42911999999999906;0.38;0.3673199999999994
0.14;0.14839999999999984;0.18;0.17028000000000018;0.1;0.12452000000000012
0.34;0.3487200000000008;0.16;0.15860000000000016;0.24;0.22836000000000006
0.16;0.16128000000000023;0.54;0.5438000000000014;0.38;0.38811999999999947
0.12;0.1317599999999999;0.38;0.3610400000000013;0.26;0.2632800000000005
0.6;0.5999599999999975;0.38;0.3530400000000008;0.32;0.3200000000000017
0.24;0.24176000000000078;0.62;0.6203199999999979;0.34;0.3414400000000002
0.8;0.7976000000000008;0.12;0.1374399999999999;0.26;0.2497999999999993
0.72;0.7103599999999965;0.1;0.11011999999999998;0.3;0.27640000000000003
0.46;0.4658;0.18;0.17052000000000025;0.1;0.12100000000000004
0.2;0.20120000000000052;0.48;0.4819999999999999;0.14;0.1422400000000002
0.16;0.14343999999999987;0.1;0.11739999999999996;0.22;0.1737200000000001
0.22;0.22932000000000083;0.26;0.24376000000000078;0.1;0.12392000000000007
0.68;0.6828399999999983;0.2;0.19200000000000023;0.46;0.4688799999999979
0.12;0.11751999999999994;0.42;0.42679999999999924;0.1;0.10211999999999999
0.12;0.11763999999999994;0.58;0.5795999999999999;0.46;0.4572799999999999
0.58;0.5756400000000007;0.26;0.26304000000000066;0.34;0.3393200000000004
0.5;0.482039999999998;0.1;0.11447999999999996;0.22;0.1866400000000002
0.46;0.4591599999999973;0.12;0.12079999999999994;0.48;0.47307999999999845
0.46;0.46239999999999765;0.36;0.35748000000000163;0.46;0.4644399999999987
0.34;0.34100000000000075;0.48;0.4760000000000009;0.18;0.17656000000000033
0.24;0.23928000000000124;0.58;0.5792800000000004;0.42;0.41456000000000015
0.64;0.6408399999999966;0.32;0.300200000000001;0.12;0.12024000000000017
0.1;0.10811999999999998;0.42;0.41435999999999984;0.5;0.48751999999999834
0.44;0.44807999999999765;0.42;0.4209199999999993;0.26;0.25155999999999956
0.32;0.3194000000000005;0.62;0.6285199999999975;0.34;0.33640000000000014
0.3;0.2981200000000015;0.3;0.31000000000000094;0.48;0.46607999999999983
0.18;0.1785599999999999;0.78;0.7833600000000015;0.48;0.47895999999999717
0.28;0.2796400000000001;0.28;0.27740000000000037;0.12;0.12784000000000004
0.1;0.11871999999999995;0.16;0.14119999999999985;0.16;0.18424000000000035
0.2;0.19776000000000094;0.74;0.7440799999999994;0.48;0.4751599999999973
0.32;0.3194400000000007;0.24;0.2364400000000009;0.36;0.36695999999999984
0.52;0.5215600000000029;0.46;0.4018400000000008;0.1;0.10124
0.58;0.5803200000000006;0.22;0.22540000000000054;0.28;0.28151999999999966
0.7;0.6901199999999982;0.16;0.17752000000000015;0.3;0.2832399999999997
0.68;0.6811199999999976;0.26;0.2588800000000005;0.46;0.4606399999999974
0.22;0.22300000000000078;0.64;0.6393999999999995;0.38;0.38087999999999905
0.4;0.39908000000000127;0.32;0.32456000000000007;0.26;0.26256
0.4;0.40172000000000097;0.22;0.21148000000000028;0.18;0.1982
0.14;0.1382799999999999;0.58;0.5775199999999994;0.36;0.36099999999999954
0.1;0.10103999999999999;0.88;0.8510399999999949;0.46;0.4559599999999982
0.26;0.2588800000000001;0.16;0.15991999999999998;0.16;0.16548000000000002
0.5;0.49484000000000117;0.12;0.12007999999999995;0.42;0.40795999999999977
0.16;0.1586800000000001;0.6;0.6031199999999989;0.32;0.3215200000000003
0.6;0.602399999999998;0.32;0.3305200000000004;0.32;0.3197600000000016
0.26;0.25831999999999994;0.48;0.48912000000000116;0.14;0.14308000000000004
0.74;0.7308799999999961;0.14;0.1682800000000001;0.28;0.25728000000000034
0.1;0.10947999999999998;0.6;0.5892399999999995;0.36;0.35687999999999964
0.8;0.8004000000000007;0.12;0.12499999999999993;0.2;0.20031999999999997
0.32;0.3181200000000008;0.12;0.12663999999999992;0.42;0.3884799999999998
0.28;0.2713599999999996;0.34;0.35868000000000144;0.34;0.3398000000000009
0.34;0.3430800000000004;0.26;0.2605600000000007;0.4;0.40151999999999965
0.16;0.15908000000000008;0.26;0.2690799999999998;0.5;0.480279999999998
0.6;0.6000799999999982;0.32;0.3393200000000005;0.34;0.34028000000000025
0.32;0.3184400000000005;0.16;0.16084000000000015;0.44;0.4367200000000004
0.44;0.4425999999999975;0.48;0.4806800000000008;0.12;0.11880000000000016
0.48;0.4824399999999983;0.3;0.2980400000000005;0.46;0.4655999999999981
0.44;0.43843999999999805;0.12;0.11995999999999993;0.42;0.4300000000000006
0.1;0.11163999999999996;0.72;0.7077999999999993;0.2;0.19336000000000025
0.2;0.19836000000000065;0.14;0.14603999999999986;0.26;0.23075999999999958
0.74;0.740439999999999;0.24;0.1872800000000001;0.14;0.14660000000000004
0.56;0.5623200000000009;0.34;0.3514800000000007;0.14;0.14096000000000025
0.64;0.6395599999999961;0.28;0.29544000000000065;0.16;0.1610000000000001
0.2;0.19720000000000049;0.64;0.6420400000000007;0.24;0.24027999999999983
0.1;0.11595999999999997;0.68;0.663959999999999;0.12;0.11480000000000008
0.8;0.8047200000000002;0.16;0.1382399999999999;0.18;0.19300000000000023
0.52;0.5119200000000029;0.24;0.26268000000000025;0.44;0.43188000000000215
0.14;0.14375999999999986;0.74;0.7440399999999969;0.2;0.20227999999999988
0.12;0.11847999999999995;0.48;0.47884;0.34;0.34076000000000023
0.14;0.14111999999999988;0.46;0.4684799999999996;0.22;0.2227599999999999
0.24;0.2374000000000011;0.36;0.3662400000000018;0.42;0.427040000000002
0.24;0.2411600000000011;0.38;0.37532000000000193;0.46;0.45855999999999986
0.22;0.2182000000000006;0.36;0.3730400000000018;0.44;0.44939999999999963
0.36;0.3569600000000012;0.26;0.2592000000000004;0.42;0.42443999999999915
0.58;0.5761200000000014;0.1;0.10899999999999997;0.16;0.17751999999999998
0.18;0.17900000000000016;0.66;0.655439999999998;0.32;0.3158000000000007
0.14;0.13963999999999988;0.44;0.4344799999999985;0.46;0.45543999999999996
0.28;0.28155999999999926;0.58;0.5784399999999991;0.22;0.22015999999999974
0.42;0.4186799999999993;0.32;0.32340000000000035;0.44;0.4472399999999995
0.48;0.476559999999998;0.28;0.28800000000000037;0.3;0.30292000000000024
0.18;0.17808;0.78;0.7786000000000001;0.14;0.1404400000000003
0.2;0.20392000000000038;0.22;0.21288000000000046;0.24;0.2583600000000001
0.34;0.33964000000000066;0.38;0.38848000000000077;0.24;0.2607600000000003
0.2;0.19856000000000074;0.66;0.653559999999999;0.38;0.37067999999999907
0.6;0.5977199999999971;0.36;0.3625200000000016;0.16;0.15896
0.7;0.698840000000001;0.24;0.2472400000000002;0.5;0.4949599999999995
0.56;0.564480000000001;0.32;0.3253200000000006;0.28;0.2807599999999991
0.56;0.5596000000000011;0.4;0.4047600000000001;0.28;0.27963999999999867
0.22;0.2189200000000006;0.2;0.2009200000000005;0.38;0.38023999999999963
0.3;0.2983600000000018;0.68;0.6468400000000015;0.2;0.19680000000000009
0.72;0.7225599999999939;0.26;0.2314400000000011;0.26;0.26344000000000084
0.52;0.5168000000000024;0.2;0.19908000000000034;0.4;0.41983999999999977
0.22;0.22008000000000058;0.54;0.5448800000000009;0.26;0.2659199999999993
0.5;0.503080000000002;0.36;0.35724000000000133;0.2;0.20084
0.44;0.4383199999999987;0.18;0.17556000000000024;0.12;0.12812000000000007
0.22;0.2178000000000005;0.7;0.7098799999999958;0.26;0.25920000000000076
0.12;0.11907999999999995;0.68;0.6820399999999989;0.16;0.16280000000000022
0.44;0.4524399999999979;0.18;0.17328000000000005;0.4;0.40776000000000084
0.12;0.1375199999999999;0.16;0.1403199999999999;0.1;0.12936
0.38;0.39052000000000187;0.18;0.17508000000000012;0.28;0.27164000000000044
0.36;0.36192000000000085;0.14;0.14015999999999987;0.46;0.4529200000000004
0.1;0.10611999999999999;0.42;0.4191999999999996;0.44;0.44832
0.26;0.2532000000000003;0.34;0.36032000000000125;0.36;0.3628799999999993
0.22;0.21892000000000056;0.7;0.7133199999999962;0.12;0.12020000000000017
0.18;0.1737200000000002;0.12;0.12423999999999992;0.36;0.36752000000000057
0.42;0.41947999999999913;0.42;0.41619999999999957;0.48;0.4730399999999989
0.34;0.33796000000000015;0.24;0.25652000000000075;0.44;0.40763999999999917
0.24;0.2413600000000011;0.48;0.48179999999999923;0.38;0.3929999999999997
0.76;0.7590800000000034;0.18;0.18908000000000047;0.36;0.3604799999999997
0.3;0.2983200000000015;0.46;0.47395999999999827;0.26;0.27063999999999977
0.18;0.1731200000000001;0.46;0.4696399999999977;0.46;0.4595999999999993
0.64;0.6399199999999953;0.34;0.31380000000000075;0.2;0.19916000000000006
0.2;0.19548000000000043;0.1;0.10715999999999999;0.2;0.17020000000000018
0.14;0.1391599999999999;0.48;0.4851200000000006;0.24;0.2423999999999996
0.48;0.47427999999999776;0.3;0.3198800000000005;0.1;0.1032
0.34;0.34240000000000087;0.48;0.4802800000000011;0.16;0.16032000000000016
0.36;0.3594800000000009;0.58;0.5822799999999987;0.18;0.17620000000000058
0.18;0.17748000000000028;0.22;0.2230400000000006;0.38;0.38116
0.64;0.6292799999999971;0.14;0.15211999999999987;0.2;0.18356000000000003
0.22;0.21836000000000058;0.68;0.69244;0.14;0.13960000000000022
0.3;0.29888000000000087;0.14;0.14471999999999988;0.36;0.34928000000000015
0.5;0.4904000000000007;0.16;0.16176000000000018;0.4;0.3883199999999992
0.26;0.26003999999999966;0.64;0.6577599999999991;0.18;0.17932000000000045
0.26;0.2567999999999999;0.34;0.35996000000000145;0.3;0.3028000000000003
0.14;0.1349999999999999;0.28;0.2855200000000009;0.16;0.16032000000000007
0.14;0.1313999999999999;0.12;0.1299599999999999;0.42;0.3876400000000001
0.5;0.4998800000000022;0.38;0.38552000000000075;0.16;0.16284000000000015
0.52;0.5227200000000024;0.32;0.31996000000000036;0.34;0.3433600000000002
0.68;0.6621200000000022;0.1;0.11895999999999994;0.34;0.2703600000000003
0.4;0.40112000000000103;0.32;0.31892000000000026;0.12;0.12140000000000017
0.18;0.1820400000000002;0.46;0.454559999999998;0.48;0.47847999999999874
0.2;0.1944400000000002;0.26;0.26468000000000047;0.14;0.1410399999999999
0.14;0.14287999999999987;0.14;0.13647999999999988;0.16;0.16692000000000004
0.54;0.5428800000000013;0.26;0.2562800000000007;0.5;0.4897199999999984
0.72;0.7208399999999977;0.12;0.11967999999999995;0.34;0.3451199999999999
0.24;0.2378800000000012;0.52;0.5346800000000013;0.28;0.29188000000000014
0.18;0.17892000000000016;0.66;0.6561599999999981;0.16;0.15920000000000006
0.2;0.1931600000000002;0.24;0.2458000000000005;0.2;0.20116000000000017
0.42;0.4189199999999993;0.34;0.34160000000000046;0.2;0.2016399999999999
0.5;0.5040000000000029;0.34;0.3369600000000005;0.32;0.3213200000000011
0.28;0.27919999999999934;0.62;0.6335999999999976;0.16;0.16008000000000006
0.14;0.1367999999999999;0.5;0.5062000000000008;0.32;0.3213200000000011
0.86;0.855919999999995;0.12;0.11263999999999996;0.4;0.3939199999999998
0.68;0.6810399999999971;0.26;0.26584000000000046;0.16;0.16068000000000005
0.1;0.11587999999999996;0.32;0.31444000000000033;0.3;0.2880799999999996
0.16;0.15267999999999987;0.3;0.30704000000000037;0.48;0.47815999999999814
0.42;0.41547999999999957;0.36;0.3727200000000014;0.26;0.2681599999999996
0.22;0.21072000000000038;0.38;0.3904000000000012;0.32;0.3142400000000008
0.46;0.4691599999999981;0.16;0.15311999999999995;0.4;0.41572000000000137
0.26;0.2588800000000002;0.22;0.22824000000000058;0.24;0.22124000000000005
0.28;0.28183999999999954;0.62;0.6467999999999974;0.32;0.3232400000000002
0.44;0.44067999999999735;0.5;0.5075200000000006;0.34;0.33828000000000025
0.64;0.6421999999999985;0.2;0.2008400000000001;0.2;0.20623999999999984
0.22;0.2212800000000007;0.6;0.60084;0.36;0.36051999999999934
0.28;0.27808;0.26;0.2591200000000002;0.28;0.2856000000000002
0.32;0.31968000000000074;0.36;0.3667200000000011;0.2;0.19940000000000022
0.22;0.21812000000000065;0.26;0.2605600000000003;0.32;0.3226399999999997
0.56;0.5473600000000008;0.18;0.18588000000000038;0.32;0.3192399999999995
0.22;0.22076000000000065;0.38;0.37700000000000083;0.22;0.22139999999999996
0.36;0.3658800000000016;0.28;0.2694;0.3;0.32120000000000004
0.48;0.4797999999999961;0.46;0.46851999999999755;0.24;0.24115999999999901
0.34;0.3328400000000005;0.2;0.2028800000000005;0.16;0.16612000000000005
0.42;0.4165999999999994;0.42;0.42499999999999916;0.26;0.25919999999999993
0.64;0.6353999999999976;0.2;0.21328000000000036;0.36;0.35479999999999967
0.1;0.10771999999999997;0.44;0.43563999999999914;0.3;0.29891999999999996
0.56;0.5659600000000008;0.3;0.2922800000000001;0.2;0.20387999999999984
0.44;0.43239999999999806;0.32;0.33128000000000063;0.36;0.3673999999999994
0.28;0.2859200000000001;0.24;0.22776000000000074;0.1;0.131
0.4;0.4002800000000013;0.54;0.5438800000000017;0.42;0.42008000000000223
0.64;0.6389599999999961;0.12;0.12091999999999993;0.26;0.2537199999999993
0.12;0.11787999999999994;0.14;0.1382799999999999;0.42;0.44144000000000067
0.18;0.17476000000000003;0.44;0.44575999999999794;0.42;0.4170000000000014
0.28;0.27927999999999903;0.7;0.6690399999999985;0.3;0.2958399999999998
0.5;0.5030800000000023;0.3;0.29848000000000063;0.1;0.10435999999999998
0.36;0.36116000000000087;0.42;0.41967999999999944;0.38;0.38468000000000024
0.66;0.6639200000000004;0.14;0.1350399999999999;0.24;0.26336000000000076
0.48;0.4715599999999971;0.26;0.28536;0.44;0.44384000000000007
0.58;0.5732400000000006;0.18;0.19164000000000042;0.5;0.48171999999999804
0.2;0.20020000000000066;0.4;0.39968000000000087;0.46;0.4660799999999977
0.42;0.4182399999999993;0.4;0.39968000000000053;0.42;0.41680000000000117
0.4;0.3972000000000014;0.2;0.20936000000000063;0.48;0.4526799999999997
0.18;0.17968000000000015;0.48;0.47743999999999936;0.38;0.3791599999999988
0.3;0.30820000000000075;0.3;0.28632;0.36;0.38023999999999947
0.54;0.5400400000000012;0.38;0.40052000000000065;0.46;0.4605599999999976
0.58;0.5915199999999998;0.16;0.14671999999999985;0.34;0.3729999999999999
0.64;0.6379199999999977;0.2;0.21132000000000029;0.32;0.3125200000000005
0.18;0.17875999999999995;0.76;0.7649999999999969;0.16;0.1598
0.28;0.2823599999999998;0.18;0.20256000000000066;0.5;0.4365200000000006
0.82;0.8226799999999976;0.16;0.12803999999999993;0.1;0.10739999999999998
0.3;0.2964000000000007;0.24;0.24288000000000085;0.32;0.31440000000000046
0.4;0.4001200000000013;0.54;0.528400000000002;0.5;0.4903199999999986
0.76;0.7588000000000027;0.16;0.16424000000000005;0.36;0.36507999999999935
0.24;0.2350800000000008;0.26;0.26736000000000043;0.44;0.4287999999999995
0.48;0.48067999999999855;0.2;0.2090000000000005;0.48;0.44904000000000044
0.26;0.26039999999999996;0.2;0.20460000000000017;0.28;0.26632000000000017
0.14;0.12783999999999993;0.12;0.1321999999999999;0.24;0.22464000000000012
0.14;0.1409599999999999;0.66;0.6665599999999987;0.24;0.24355999999999947
0.24;0.22428000000000053;0.34;0.41460000000000125;0.16;0.17028000000000013
0.46;0.4594399999999979;0.5;0.4971599999999992;0.42;0.41896000000000233
0.62;0.6179999999999999;0.12;0.12099999999999993;0.32;0.29675999999999975
0.14;0.15379999999999996;0.14;0.12423999999999995;0.1;0.1296
0.34;0.33696000000000054;0.36;0.36380000000000107;0.24;0.2514400000000002
0.14;0.14063999999999988;0.42;0.4199999999999995;0.38;0.38135999999999787
0.82;0.8191599999999963;0.16;0.13851999999999987;0.48;0.48015999999999776
0.76;0.7617200000000015;0.22;0.17772000000000032;0.24;0.2518400000000004
0.38;0.38492000000000204;0.38;0.3596000000000009;0.2;0.19680000000000014
0.6;0.5995999999999976;0.34;0.3467200000000002;0.4;0.40092000000000017
0.38;0.3814400000000022;0.5;0.5148800000000006;0.12;0.12004000000000015
0.58;0.5794000000000019;0.4;0.374200000000002;0.46;0.4604799999999972
0.1;0.11155999999999996;0.68;0.6714000000000004;0.36;0.35487999999999975
0.2;0.20004000000000066;0.6;0.6042799999999996;0.24;0.24140000000000045
0.24;0.24148000000000078;0.12;0.11711999999999996;0.24;0.2562800000000002
0.34;0.3402400000000008;0.4;0.39312000000000136;0.5;0.46851999999999805
0.14;0.14687999999999987;0.18;0.1725200000000003;0.36;0.3792000000000008
0.18;0.17340000000000036;0.28;0.28496000000000055;0.18;0.18016000000000035
0.56;0.5610000000000013;0.26;0.2582400000000005;0.32;0.3256800000000009
0.14;0.1282399999999999;0.1;0.11247999999999997;0.36;0.32728
0.18;0.1796400000000003;0.66;0.663279999999998;0.3;0.30124000000000006
0.48;0.48227999999999877;0.36;0.35004000000000096;0.12;0.12272000000000019
0.82;0.8199999999999965;0.14;0.1389599999999999;0.4;0.4104800000000012
0.84;0.839960000000001;0.1;0.12323999999999992;0.48;0.46579999999999855
0.14;0.1298399999999999;0.16;0.17500000000000013;0.18;0.15431999999999996
0.28;0.2813999999999993;0.56;0.5630000000000002;0.3;0.3037200000000001
0.64;0.6380799999999962;0.3;0.3097199999999997;0.5;0.49611999999999945
0.42;0.40984000000000004;0.1;0.11207999999999997;0.14;0.1358399999999999
0.1;0.10823999999999998;0.54;0.5301600000000019;0.44;0.44360000000000055
0.14;0.1377999999999999;0.58;0.5782399999999992;0.38;0.37855999999999906
0.48;0.4856799999999985;0.34;0.32508000000000037;0.28;0.28047999999999923
0.34;0.3416800000000011;0.5;0.5137600000000003;0.34;0.3502399999999997
0.52;0.5211600000000028;0.26;0.2675200000000004;0.2;0.20211999999999994
0.38;0.3856800000000019;0.44;0.4237599999999999;0.16;0.15239999999999998
0.36;0.36092000000000085;0.16;0.15692000000000011;0.4;0.39848000000000044
0.52;0.5213600000000026;0.26;0.2602400000000009;0.24;0.24364000000000008
0.38;0.3812800000000021;0.32;0.31436000000000053;0.5;0.47703999999999824
0.2;0.19744000000000086;0.78;0.7457200000000013;0.36;0.3543199999999995
0.26;0.25756000000000007;0.36;0.36300000000000177;0.44;0.44452000000000125
0.18;0.1778;0.6;0.5944399999999989;0.5;0.4702799999999976
0.44;0.43979999999999764;0.26;0.2576799999999998;0.48;0.4873199999999991
0.4;0.4024800000000009;0.12;0.11819999999999994;0.32;0.32864000000000015
0.2;0.19912000000000063;0.72;0.7341999999999984;0.1;0.10067999999999999
0.18;0.19300000000000048;0.36;0.3366800000000005;0.12;0.1376400000000002
0.1;0.10899999999999997;0.44;0.4311199999999989;0.24;0.2396399999999992
0.62;0.6217999999999988;0.24;0.2386800000000003;0.38;0.3835599999999986
0.18;0.18648000000000023;0.34;0.32968000000000036;0.4;0.4046399999999998
0.66;0.6608000000000035;0.26;0.2657200000000003;0.16;0.16180000000000017
0.18;0.17840000000000006;0.76;0.7703199999999992;0.14;0.14064000000000026
0.18;0.17968;0.74;0.75148;0.32;0.3199600000000015
0.42;0.4183599999999993;0.42;0.4226399999999992;0.22;0.21935999999999983
0.12;0.11971999999999995;0.64;0.6505200000000003;0.46;0.47819999999999824
0.34;0.3400400000000012;0.6;0.60932;0.42;0.4169200000000021
0.24;0.23912000000000122;0.74;0.7114399999999957;0.36;0.3573999999999994
0.16;0.1601200000000002;0.58;0.5696000000000002;0.46;0.44656000000000057
0.34;0.3348400000000005;0.32;0.3417600000000012;0.26;0.26320000000000016
0.58;0.5811600000000015;0.32;0.32952000000000087;0.12;0.12048000000000017
0.14;0.13847999999999988;0.78;0.7913600000000011;0.36;0.3625999999999989
0.22;0.21860000000000052;0.76;0.7272399999999968;0.24;0.23695999999999895
0.12;0.12059999999999996;0.7;0.6931599999999986;0.48;0.4797199999999984
0.7;0.7243199999999949;0.14;0.11679999999999996;0.12;0.16692000000000004
0.46;0.45903999999999795;0.26;0.2967999999999996;0.12;0.11732000000000009
0.32;0.31908000000000053;0.38;0.3787600000000014;0.32;0.3189600000000001
0.62;0.6215600000000002;0.32;0.3155200000000005;0.26;0.2610000000000009
0.52;0.5217200000000024;0.32;0.3188000000000003;0.3;0.30532000000000026
0.46;0.4511599999999979;0.2;0.2029200000000002;0.12;0.11788000000000005
0.14;0.1377199999999999;0.84;0.8164799999999979;0.46;0.4607199999999974
0.54;0.5408000000000012;0.12;0.11791999999999994;0.44;0.43119999999999925
0.12;0.12759999999999994;0.38;0.3621600000000013;0.42;0.4386000000000017
0.54;0.5382800000000015;0.14;0.13851999999999987;0.4;0.39051999999999915
0.16;0.15948000000000012;0.58;0.5833199999999994;0.24;0.24448000000000017
0.48;0.48023999999999734;0.38;0.382920000000001;0.16;0.16276000000000018
0.5;0.49936000000000275;0.4;0.41223999999999966;0.16;0.1612400000000001
0.38;0.3805200000000024;0.52;0.531040000000001;0.3;0.3026400000000002
0.18;0.1721200000000002;0.38;0.3940000000000014;0.4;0.39271999999999896
0.26;0.26603999999999983;0.3;0.2928000000000001;0.32;0.3296399999999998
0.56;0.5680800000000013;0.2;0.18948000000000018;0.2;0.24683999999999956
0.54;0.534760000000002;0.12;0.12183999999999993;0.5;0.48047999999999796
0.22;0.21564000000000041;0.42;0.42287999999999937;0.3;0.2960399999999995
0.12;0.12051999999999993;0.82;0.8318000000000011;0.16;0.15996000000000002
0.16;0.14975999999999984;0.3;0.3166800000000004;0.5;0.48711999999999855
0.52;0.5187600000000028;0.46;0.4343599999999981;0.18;0.1792800000000007
0.2;0.20364000000000038;0.32;0.3110800000000002;0.26;0.2773999999999998
0.36;0.3611600000000013;0.4;0.3973200000000005;0.12;0.12092000000000014
0.26;0.2607600000000001;0.58;0.5742399999999993;0.14;0.13603999999999997
0.2;0.20132000000000067;0.4;0.3919200000000012;0.5;0.48747999999999825
0.2;0.18760000000000032;0.1;0.11607999999999996;0.38;0.3236799999999997
0.5;0.48615999999999926;0.24;0.27775999999999995;0.28;0.26516000000000034
0.1;0.11095999999999996;0.74;0.7346799999999964;0.48;0.468559999999998
0.12;0.12087999999999996;0.3;0.2999200000000008;0.14;0.14152000000000012
0.62;0.6191600000000003;0.32;0.3306000000000003;0.3;0.29979999999999996
0.18;0.17792000000000036;0.32;0.31712000000000073;0.22;0.2263999999999998
0.48;0.48311999999999766;0.4;0.3989600000000007;0.5;0.48483999999999805
0.56;0.5609600000000009;0.36;0.3704000000000013;0.38;0.3812799999999979
0.44;0.43767999999999824;0.14;0.1408799999999999;0.4;0.39895999999999915
0.3;0.3043600000000012;0.54;0.5400800000000017;0.1;0.1036
0.1;0.10851999999999998;0.62;0.6151199999999979;0.48;0.4849599999999986
0.34;0.33616000000000057;0.16;0.16220000000000018;0.32;0.3114799999999996
0.82;0.8159999999999968;0.1;0.1261599999999999;0.46;0.43028000000000155
0.6;0.5981999999999983;0.14;0.14107999999999987;0.24;0.21723999999999996
0.32;0.3165200000000009;0.24;0.23932000000000062;0.12;0.12643999999999997
0.14;0.14363999999999988;0.2;0.19448000000000026;0.32;0.3330399999999999
0.66;0.6572000000000041;0.1;0.10272;0.34;0.31520000000000115
0.42;0.41355999999999976;0.3;0.3196800000000002;0.26;0.26632000000000006
0.14;0.1388799999999999;0.62;0.6237199999999978;0.36;0.3644799999999996
0.7;0.7005200000000003;0.2;0.21084000000000036;0.3;0.3032399999999999
0.32;0.3206800000000005;0.5;0.4888799999999989;0.26;0.24875999999999956
0.4;0.402080000000001;0.34;0.33200000000000024;0.14;0.14212000000000022
0.14;0.14071999999999987;0.4;0.39820000000000116;0.44;0.43804000000000165
0.32;0.32540000000000047;0.12;0.11783999999999994;0.18;0.1861199999999996
0.56;0.5606000000000011;0.26;0.26148000000000043;0.46;0.4637999999999982
0.6;0.5930399999999985;0.22;0.23360000000000064;0.2;0.19456000000000023
0.42;0.4171199999999996;0.22;0.22544000000000078;0.42;0.4043599999999993
0.46;0.46075999999999767;0.5;0.505040000000001;0.44;0.43996000000000246
0.28;0.28568000000000016;0.3;0.2801999999999998;0.36;0.3950400000000001
0.26;0.26031999999999955;0.68;0.6880800000000007;0.16;0.15899999999999997
0.12;0.12619999999999992;0.32;0.31336000000000064;0.3;0.30772000000000055
0.34;0.34068000000000087;0.4;0.40152000000000065;0.4;0.40820000000000045
0.66;0.6585200000000038;0.28;0.28872000000000114;0.36;0.3606399999999992
0.3;0.2980800000000018;0.42;0.42295999999999917;0.48;0.47027999999999875
0.66;0.6601600000000034;0.26;0.2664800000000005;0.2;0.20107999999999998
0.44;0.44303999999999766;0.26;0.25140000000000035;0.4;0.43452000000000046
0.58;0.5746000000000006;0.16;0.16560000000000016;0.44;0.44163999999999926
0.64;0.6495600000000001;0.16;0.14951999999999985;0.24;0.26312000000000046
0.12;0.12423999999999992;0.28;0.27320000000000033;0.38;0.3909599999999994
0.26;0.27088000000000023;0.6;0.6134799999999991;0.1;0.10868000000000003
0.26;0.24860000000000052;0.36;0.37404000000000187;0.2;0.20456000000000002
0.12;0.12535999999999994;0.28;0.26868000000000064;0.14;0.1483200000000001
0.42;0.41883999999999916;0.5;0.49731999999999904;0.34;0.3347600000000003
0.82;0.8167999999999979;0.1;0.1296799999999999;0.28;0.25368000000000085
0.28;0.27943999999999936;0.4;0.400640000000001;0.44;0.44359999999999983
0.36;0.3505200000000007;0.1;0.10815999999999998;0.16;0.15240000000000015
0.44;0.4437199999999975;0.42;0.4187999999999996;0.36;0.3585199999999997
0.8;0.8004400000000008;0.14;0.1375599999999999;0.46;0.46819999999999967
0.38;0.3813600000000026;0.46;0.4473999999999977;0.5;0.47631999999999797
0.36;0.3620000000000013;0.38;0.37136000000000036;0.24;0.23608000000000007
0.6;0.6044399999999983;0.12;0.11583999999999996;0.26;0.26219999999999966
0.34;0.33516000000000085;0.1;0.10388;0.22;0.22023999999999963
0.34;0.32980000000000037;0.14;0.14783999999999986;0.46;0.4246800000000002
0.52;0.5178000000000027;0.2;0.20728000000000057;0.48;0.46311999999999864
0.42;0.4076400000000003;0.28;0.31228000000000083;0.14;0.14072000000000023
0.3;0.30004000000000186;0.52;0.5174800000000019;0.32;0.31655999999999973
0.74;0.33144000000000046;0.12;0.5103999999999999;0.5;0.18728000000000009
0.18;0.18468000000000018;0.48;0.5112400000000005;0.18;0.20176000000000047
0.16;0.16044000000000008;0.46;0.45379999999999776;0.28;0.280719999999999
0.66;0.6592000000000028;0.18;0.2095200000000004;0.46;0.44380000000000164
0.24;0.23948000000000083;0.24;0.24552000000000057;0.2;0.19012000000000012
0.58;0.5810800000000006;0.24;0.23524000000000034;0.38;0.38539999999999897
0.1;0.1038;0.12;0.10999999999999996;0.32;0.3683999999999994
0.34;0.3444000000000008;0.12;0.11839999999999995;0.32;0.31775999999999976
0.48;0.4804399999999964;0.46;0.4669199999999979;0.4;0.3985999999999998
0.1;0.11443999999999996;0.2;0.18500000000000014;0.28;0.28848000000000046
0.36;0.36008000000000073;0.52;0.5277600000000016;0.34;0.3407600000000004
0.34;0.3406000000000009;0.46;0.4617999999999974;0.32;0.3256800000000001
0.28;0.2790399999999991;0.66;0.6720399999999979;0.12;0.11952000000000015
0.26;0.2569599999999999;0.2;0.20800000000000046;0.4;0.37708000000000075
0.56;0.5564000000000009;0.16;0.15828000000000012;0.34;0.34547999999999945
0.56;0.560080000000001;0.18;0.1808800000000001;0.44;0.4482399999999996
0.4;0.40440000000000076;0.14;0.1359599999999999;0.36;0.3739999999999991
0.46;0.4601599999999978;0.5;0.500320000000001;0.22;0.21859999999999982
0.56;0.564960000000001;0.32;0.3264000000000002;0.14;0.14228000000000016
0.42;0.4225199999999989;0.34;0.3324000000000003;0.28;0.28191999999999934
0.7;0.6682799999999992;0.14;0.16988000000000023;0.5;0.32424
0.28;0.2761199999999996;0.36;0.36972000000000155;0.36;0.3642399999999991
0.2;0.20440000000000053;0.46;0.45203999999999867;0.24;0.24287999999999962
0.12;0.12935999999999992;0.26;0.24872000000000044;0.1;0.10992000000000002
0.34;0.3335600000000003;0.32;0.3540800000000008;0.22;0.23947999999999975
0.16;0.1713200000000001;0.36;0.33792000000000055;0.36;0.3765999999999985
0.46;0.4552399999999979;0.22;0.22868000000000083;0.36;0.33200000000000035
0.52;0.5198800000000029;0.38;0.3880400000000014;0.24;0.24111999999999903
0.16;0.1596400000000001;0.7;0.6978799999999968;0.12;0.11832000000000013
0.2;0.2062000000000005;0.46;0.5123599999999993;0.18;0.21548000000000017
0.62;0.6216400000000001;0.32;0.32944000000000057;0.46;0.45943999999999763
0.14;0.1402399999999999;0.7;0.6915999999999979;0.24;0.24099999999999938
0.26;0.26107999999999965;0.5;0.5022800000000023;0.36;0.36759999999999915
0.4;0.4074400000000006;0.18;0.17404000000000025;0.16;0.16836000000000034
0.4;0.4051200000000007;0.2;0.1957600000000007;0.28;0.2872800000000004
0.72;0.7217199999999937;0.22;0.22436000000000056;0.4;0.4028000000000002
0.48;0.482439999999998;0.38;0.3759600000000017;0.48;0.47163999999999734
0.48;0.46951999999999744;0.2;0.20176000000000058;0.32;0.3205599999999998
0.6;0.6013999999999995;0.26;0.2598000000000007;0.34;0.3422400000000005
0.22;0.21748000000000048;0.74;0.7099199999999958;0.18;0.17820000000000064
0.24;0.23068000000000086;0.14;0.15599999999999997;0.44;0.39083999999999974
0.52;0.5186000000000027;0.14;0.14035999999999987;0.36;0.3535199999999997
0.7;0.6952;0.12;0.12367999999999994;0.46;0.44548000000000043
0.1;0.10024000000000001;0.1;0.10043999999999999;0.4;0.37927999999999873
0.3;0.2970400000000017;0.62;0.6231999999999975;0.22;0.2154799999999998
0.2;0.19484000000000068;0.38;0.3863600000000012;0.36;0.3578399999999992
0.42;0.42103999999999914;0.12;0.11823999999999994;0.4;0.4132000000000004
0.34;0.3354400000000001;0.16;0.1685600000000002;0.5;0.46539999999999904
0.16;0.15784000000000012;0.62;0.6255599999999982;0.38;0.38399999999999934
0.44;0.4439999999999976;0.42;0.4123600000000003;0.46;0.44312000000000057
0.28;0.28031999999999985;0.26;0.26404000000000016;0.42;0.41271999999999903
0.32;0.31444000000000105;0.26;0.27403999999999995;0.48;0.45267999999999997
0.44;0.4270399999999985;0.28;0.3110800000000007;0.2;0.19804000000000008
0.66;0.6555200000000004;0.2;0.21264000000000036;0.12;0.11784000000000013
0.36;0.36168000000000083;0.16;0.1587600000000001;0.24;0.23624000000000053
0.22;0.22220000000000067;0.56;0.5608000000000003;0.24;0.2430000000000004
0.44;0.4443199999999978;0.44;0.444559999999999;0.46;0.4454400000000004
0.56;0.5588000000000009;0.42;0.37708000000000086;0.2;0.1973200000000001
0.16;0.16152000000000014;0.48;0.47795999999999933;0.4;0.40024000000000015
0.6;0.6011999999999995;0.26;0.2582400000000007;0.32;0.3194000000000006
0.34;0.34076000000000106;0.54;0.5492400000000008;0.36;0.36727999999999905
0.18;0.18320000000000025;0.44;0.43523999999999957;0.14;0.14444000000000018
0.48;0.4799999999999961;0.44;0.45639999999999836;0.46;0.46631999999999757
0.58;0.5834800000000008;0.32;0.33548000000000067;0.1;0.10112000000000002
0.52;0.5212800000000026;0.44;0.436999999999999;0.48;0.47735999999999734
0.22;0.22632000000000066;0.32;0.30992000000000064;0.12;0.13364000000000006
0.26;0.2579599999999998;0.66;0.6673999999999984;0.42;0.41552000000000183
0.18;0.18316000000000032;0.34;0.3286000000000004;0.32;0.3298000000000003
0.2;0.2023200000000003;0.16;0.15831999999999996;0.16;0.15576
0.38;0.38052000000000175;0.24;0.24056000000000063;0.4;0.40155999999999936
0.54;0.5291200000000021;0.22;0.2630800000000007;0.12;0.11100000000000003
0.56;0.5646000000000011;0.32;0.3240000000000003;0.2;0.20187999999999998
0.18;0.17872000000000002;0.6;0.6032799999999996;0.42;0.4237200000000005
0.12;0.12519999999999992;0.62;0.6224399999999981;0.28;0.28547999999999957
0.44;0.44875999999999766;0.4;0.38644000000000134;0.26;0.2533599999999998
0.66;0.6580400000000021;0.26;0.2654400000000006;0.24;0.23979999999999943
0.66;0.6562000000000009;0.2;0.20940000000000034;0.24;0.23807999999999968
0.54;0.5418000000000016;0.34;0.34592000000000034;0.44;0.441880000000001
0.26;0.25728000000000006;0.14;0.14379999999999987;0.18;0.16872000000000015
0.3;0.2986000000000019;0.68;0.6483200000000012;0.26;0.25704000000000093
0.54;0.5419600000000013;0.14;0.1355199999999999;0.44;0.4361200000000002
0.54;0.5379200000000017;0.4;0.4095200000000003;0.16;0.16011999999999998
0.38;0.38020000000000215;0.4;0.4043600000000002;0.12;0.12220000000000016
0.22;0.2225200000000007;0.3;0.2861999999999999;0.26;0.2885200000000001
0.28;0.2791599999999999;0.26;0.25856000000000035;0.26;0.26436
0.24;0.23592000000000105;0.66;0.6587199999999968;0.16;0.15515999999999996
0.1;0.10759999999999997;0.7;0.680639999999999;0.5;0.48319999999999774
0.86;0.8550399999999945;0.1;0.11663999999999994;0.34;0.3198400000000007
0.82;0.8209999999999975;0.14;0.1384399999999999;0.14;0.1473600000000001
0.48;0.48027999999999765;0.4;0.4045600000000007;0.2;0.20111999999999997
0.14;0.1319199999999999;0.38;0.40384000000000075;0.32;0.3200000000000011
0.3;0.30008000000000185;0.52;0.5184400000000017;0.3;0.29715999999999987
0.4;0.39748000000000144;0.24;0.25492000000000015;0.5;0.4592399999999993
0.24;0.24076000000000114;0.5;0.4984000000000014;0.42;0.42464000000000046
0.32;0.3210000000000005;0.52;0.5261600000000012;0.3;0.30375999999999936
0.52;0.521000000000003;0.44;0.4019600000000008;0.1;0.10107999999999999
0.82;0.8212799999999967;0.14;0.1369599999999999;0.24;0.24995999999999996
0.3;0.294080000000001;0.36;0.3841200000000009;0.12;0.1253600000000002
0.3;0.30004000000000186;0.58;0.5827600000000001;0.42;0.4232400000000009
0.46;0.4667199999999975;0.34;0.3281200000000004;0.3;0.2982399999999998
0.32;0.3190400000000005;0.64;0.6188799999999993;0.5;0.48747999999999847
0.7;0.6978800000000015;0.26;0.26551999999999987;0.42;0.4180400000000022
0.58;0.579400000000002;0.4;0.37252000000000207;0.22;0.21911999999999993
0.5;0.4876400000000014;0.22;0.308120000000001;0.46;0.4730800000000001
0.4;0.39528000000000113;0.26;0.25456000000000034;0.1;0.11900000000000008
0.36;0.3644000000000011;0.44;0.4335199999999993;0.2;0.20139999999999994
0.52;0.5192400000000025;0.14;0.14011999999999988;0.28;0.2965200000000003
0.36;0.36244000000000115;0.48;0.45699999999999974;0.14;0.1310000000000001
0.64;0.6405599999999948;0.34;0.3115600000000009;0.18;0.1801200000000007
0.22;0.22920000000000068;0.18;0.16816000000000028;0.12;0.15415999999999994
0.14;0.13935999999999987;0.6;0.6040799999999985;0.24;0.24472
0.16;0.16268000000000007;0.2;0.1997600000000002;0.44;0.44592
0.2;0.20100000000000043;0.3;0.30952000000000063;0.5;0.4724799999999977
0.34;0.33676000000000067;0.24;0.2431200000000009;0.2;0.19403999999999996
0.2;0.20264000000000054;0.58;0.5757599999999996;0.24;0.2401200000000006
0.12;0.11923999999999994;0.82;0.8296400000000013;0.22;0.22039999999999998
0.36;0.3598800000000006;0.6;0.6000800000000008;0.32;0.3170400000000016
0.2;0.18768;0.22;0.23508000000000062;0.44;0.42159999999999986
0.1;0.11323999999999997;0.54;0.5226800000000019;0.3;0.2938799999999994
0.24;0.24680000000000074;0.56;0.5543600000000004;0.12;0.1208800000000001
0.14;0.1385999999999999;0.8;0.8149599999999977;0.2;0.20059999999999997
0.42;0.43787999999999805;0.18;0.17748000000000008;0.46;0.44815999999999956
0.12;0.12447999999999992;0.14;0.1349199999999999;0.14;0.1599600000000001
0.54;0.5376400000000013;0.1;0.10676;0.5;0.47439999999999766
0.62;0.6232800000000001;0.26;0.25636000000000037;0.16;0.16164000000000017
0.2;0.2049200000000004;0.32;0.31380000000000047;0.22;0.22623999999999972
0.14;0.1373599999999999;0.58;0.5823999999999993;0.44;0.44204000000000043
0.44;0.4416799999999984;0.12;0.11899999999999994;0.26;0.26831999999999945
0.28;0.27943999999999913;0.44;0.43275999999999837;0.5;0.47203999999999785
0.14;0.14043999999999987;0.68;0.6859999999999995;0.28;0.2839199999999994
0.26;0.2602399999999996;0.72;0.6715199999999985;0.26;0.2564800000000004
0.2;0.19560000000000063;0.66;0.6460799999999991;0.5;0.4743199999999977
0.32;0.3202400000000006;0.54;0.5526000000000011;0.32;0.32371999999999973
0.46;0.4599999999999977;0.46;0.4740799999999982;0.24;0.23995999999999915
0.3;0.2997200000000008;0.24;0.23624000000000075;0.18;0.19451999999999992
0.72;0.7123999999999959;0.14;0.16480000000000017;0.48;0.45551999999999887
0.34;0.3380400000000006;0.28;0.2775200000000002;0.14;0.1468399999999999
0.44;0.44315999999999856;0.26;0.2457200000000006;0.28;0.31432000000000004
0.5;0.4824800000000022;0.16;0.1692800000000003;0.12;0.12000000000000008
0.68;0.6920800000000024;0.12;0.10851999999999998;0.1;0.12612000000000012
0.12;0.10463999999999998;0.1;0.11471999999999995;0.24;0.19352000000000033
0.36;0.3653600000000013;0.14;0.1375199999999999;0.22;0.2176799999999998
0.26;0.2604399999999995;0.68;0.6724000000000019;0.24;0.2373999999999991
0.32;0.3170000000000008;0.36;0.36620000000000175;0.48;0.475599999999999
0.38;0.3757600000000023;0.1;0.10367999999999998;0.34;0.326640000000001
0.44;0.4401199999999981;0.16;0.15968000000000013;0.28;0.2865199999999998
0.14;0.1379599999999999;0.82;0.8224400000000018;0.36;0.36039999999999917
0.52;0.5201200000000029;0.42;0.4242799999999992;0.12;0.11968000000000016
0.44;0.44075999999999743;0.5;0.49851999999999996;0.36;0.3577599999999995
0.1;0.11811999999999995;0.62;0.6136799999999987;0.32;0.3226000000000005
0.28;0.2751199999999994;0.1;0.10451999999999999;0.14;0.1415999999999998
0.46;0.46023999999999754;0.4;0.41132000000000013;0.44;0.45352
0.22;0.22800000000000087;0.18;0.17044000000000037;0.22;0.24811999999999995
0.16;0.1616800000000001;0.46;0.4501599999999979;0.3;0.30063999999999996
0.2;0.20652000000000031;0.28;0.2677600000000006;0.1;0.11876000000000006
0.1;0.11139999999999997;0.2;0.19224000000000022;0.3;0.30372000000000055
0.3;0.2976400000000008;0.28;0.2814800000000003;0.28;0.28160000000000024
0.5;0.4980800000000031;0.46;0.4583999999999976;0.1;0.10028
0.56;0.5596000000000007;0.14;0.13847999999999988;0.12;0.11572000000000002
0.2;0.19032000000000054;0.42;0.4362799999999987;0.36;0.3662399999999988
0.24;0.2380800000000012;0.54;0.5494400000000013;0.32;0.32604
0.4;0.39680000000000126;0.22;0.22360000000000077;0.42;0.41219999999999957
0.42;0.42123999999999945;0.16;0.15647999999999987;0.1;0.10736000000000001
0.56;0.556600000000001;0.1;0.10352;0.4;0.4039200000000003
0.1;0.11687999999999996;0.38;0.3586400000000011;0.36;0.3483199999999999
0.2;0.21080000000000026;0.34;0.31984000000000046;0.32;0.34624
0.34;0.34016000000000113;0.56;0.5739200000000009;0.42;0.4232400000000009
0.48;0.4777199999999992;0.12;0.12247999999999994;0.26;0.2577599999999999
0.4;0.39312000000000175;0.28;0.30780000000000063;0.32;0.3303200000000007
0.3;0.3005200000000016;0.46;0.4586799999999981;0.44;0.44103999999999954
0.14;0.1396799999999999;0.82;0.8188800000000016;0.18;0.1800400000000007
0.24;0.23896000000000092;0.2;0.2097200000000004;0.34;0.31116000000000044
0.38;0.3674400000000014;0.18;0.18368000000000004;0.44;0.42600000000000005
0.44;0.44067999999999746;0.54;0.510000000000002;0.5;0.4971599999999997
0.52;0.5189600000000026;0.4;0.41084000000000004;0.18;0.18020000000000064
0.12;0.12655999999999992;0.52;0.5367200000000013;0.1;0.10524
0.54;0.5361200000000015;0.44;0.41835999999999945;0.3;0.30008
0.26;0.26187999999999967;0.56;0.5461200000000012;0.2;0.19468000000000008
0.12;0.12235999999999994;0.62;0.628839999999997;0.38;0.3942799999999996
0.38;0.384760000000002;0.14;0.1366399999999999;0.4;0.41136000000000034
0.26;0.2615599999999999;0.12;0.12187999999999993;0.3;0.2872399999999999
0.68;0.6792000000000012;0.12;0.12171999999999994;0.14;0.13463999999999993
0.14;0.1400399999999999;0.5;0.4980800000000004;0.44;0.44256000000000056
0.4;0.39468000000000125;0.1;0.10328;0.34;0.33880000000000077
0.18;0.17744000000000046;0.22;0.2232400000000004;0.14;0.13623999999999992
0.18;0.16988000000000023;0.3;0.30908000000000013;0.12;0.11716000000000004
0.26;0.25532000000000016;0.36;0.37064000000000186;0.42;0.4222800000000014
0.14;0.1397999999999999;0.54;0.5352800000000014;0.2;0.20063999999999999
0.12;0.11831999999999995;0.16;0.15984;0.24;0.24536000000000055
0.66;0.6554800000000034;0.1;0.10431999999999998;0.28;0.2685600000000006
0.26;0.2631999999999996;0.62;0.6247199999999983;0.24;0.24307999999999996
0.22;0.2182400000000005;0.46;0.46799999999999786;0.3;0.3080800000000004
0.34;0.33968000000000065;0.28;0.27448000000000033;0.38;0.39268000000000064
0.26;0.26295999999999997;0.14;0.15611999999999998;0.46;0.3847199999999999
0.1;0.11527999999999995;0.64;0.6332;0.14;0.13720000000000013
0.36;0.3590400000000013;0.14;0.14203999999999986;0.12;0.13139999999999996
0.38;0.3836800000000023;0.48;0.4769999999999998;0.16;0.15912000000000007
0.46;0.4627599999999975;0.38;0.37812000000000134;0.4;0.40388000000000057
0.38;0.3816000000000023;0.36;0.35352000000000067;0.44;0.4325599999999996
0.5;0.5157600000000025;0.14;0.12395999999999992;0.1;0.12216000000000016
0.22;0.2209200000000005;0.26;0.2582800000000003;0.14;0.1453199999999999
0.16;0.1641600000000001;0.74;0.7569999999999995;0.26;0.2605600000000006
0.78;0.7812399999999959;0.16;0.16119999999999993;0.2;0.20555999999999988
0.22;0.22988000000000083;0.18;0.16888000000000036;0.2;0.2298399999999999
0.28;0.2869200000000001;0.6;0.6138799999999993;0.1;0.10484
0.34;0.3398800000000011;0.6;0.6089199999999994;0.32;0.31800000000000145
0.48;0.47199999999999803;0.1;0.10591999999999999;0.3;0.2821199999999996
0.54;0.5422800000000014;0.32;0.3162800000000006;0.44;0.4424400000000007
0.22;0.22176000000000068;0.52;0.49792000000000186;0.5;0.4599199999999987
0.12;0.12071999999999995;0.62;0.6321599999999963;0.4;0.416480000000001
0.34;0.3344000000000007;0.32;0.34164000000000105;0.32;0.32048000000000065
0.6;0.5998399999999993;0.12;0.11959999999999996;0.1;0.11812000000000007
0.16;0.15988000000000016;0.6;0.6042399999999991;0.42;0.42916000000000026
0.14;0.14359999999999987;0.26;0.2528000000000005;0.16;0.17088000000000028
0.8;0.8026000000000008;0.16;0.13811999999999988;0.2;0.21071999999999985
0.56;0.561800000000001;0.14;0.1367999999999999;0.4;0.39087999999999906
0.38;0.3862400000000017;0.2;0.19108000000000047;0.14;0.14251999999999998
0.28;0.2804799999999992;0.62;0.6306799999999972;0.48;0.4854799999999987
0.2;0.1968400000000006;0.78;0.7423999999999986;0.12;0.11948000000000017
0.4;0.40080000000000116;0.46;0.4720799999999979;0.42;0.43692000000000136
0.22;0.2170400000000005;0.68;0.685400000000001;0.1;0.10112000000000002
0.38;0.38120000000000176;0.26;0.2567600000000001;0.12;0.1218400000000001
0.52;0.5218800000000026;0.16;0.1578000000000001;0.18;0.17696000000000017
0.28;0.27483999999999986;0.28;0.28436;0.46;0.45720000000000016
0.34;0.34308000000000055;0.28;0.2796000000000007;0.32;0.3206000000000001
0.7;0.7020400000000018;0.26;0.2586400000000001;0.38;0.3808799999999978
0.38;0.3860800000000018;0.14;0.13755999999999988;0.22;0.21607999999999988
0.26;0.26335999999999954;0.38;0.3779600000000013;0.24;0.24531999999999984
0.16;0.15624000000000002;0.48;0.4882800000000013;0.24;0.24327999999999994
0.22;0.293600000000001;0.34;0.28612000000000115;0.4;0.38304000000000077
0.56;0.5648800000000006;0.28;0.27456000000000036;0.22;0.22583999999999974
0.22;0.2207200000000007;0.5;0.5020399999999998;0.24;0.2440400000000002
0.26;0.25867999999999997;0.6;0.5595999999999993;0.2;0.1806799999999999
0.24;0.23884000000000075;0.16;0.15936000000000008;0.14;0.15163999999999986
0.58;0.5815600000000014;0.34;0.35252000000000117;0.1;0.10088
0.28;0.27879999999999966;0.4;0.40528000000000014;0.32;0.3235600000000007
0.38;0.3736800000000021;0.3;0.33132000000000017;0.22;0.22491999999999993
0.3;0.2990800000000019;0.66;0.6559999999999968;0.14;0.13864000000000026
0.48;0.4677599999999985;0.18;0.1790000000000001;0.42;0.4155200000000006
0.38;0.39232000000000106;0.2;0.18724000000000032;0.1;0.11128000000000002
0.72;0.7220399999999949;0.24;0.2131200000000004;0.14;0.14400000000000016
0.1;0.10951999999999998;0.16;0.14691999999999986;0.46;0.46159999999999946
0.54;0.5409600000000012;0.14;0.14107999999999987;0.34;0.3299600000000009
0.52;0.5225600000000022;0.32;0.31684000000000045;0.38;0.38295999999999825
0.46;0.4533599999999979;0.18;0.17803999999999995;0.42;0.4197200000000011
0.16;0.15960000000000016;0.78;0.7913200000000009;0.1;0.10047999999999999
0.2;0.20132000000000044;0.3;0.29623999999999984;0.28;0.28856000000000004
0.14;0.1419599999999999;0.24;0.23632000000000072;0.4;0.41340000000000127
0.1;0.10935999999999997;0.36;0.3485600000000012;0.46;0.45719999999999905
0.16;0.16355999999999993;0.2;0.19348000000000012;0.1;0.1169200000000001
0.78;0.7807199999999953;0.2;0.17584000000000005;0.38;0.38491999999999826
0.46;0.4621999999999975;0.28;0.29052000000000017;0.14;0.13951999999999998
0.1;0.11655999999999996;0.62;0.6004399999999983;0.3;0.2926799999999993
0.4;0.40360000000000085;0.14;0.1341199999999999;0.34;0.35468000000000005
0.34;0.3394000000000011;0.62;0.619399999999996;0.24;0.23811999999999892
0.14;0.14191999999999988;0.78;0.7958799999999993;0.42;0.41964000000000234
0.88;0.867639999999998;0.1;0.10875999999999998;0.18;0.15015999999999977
0.38;0.3900000000000017;0.22;0.21760000000000052;0.18;0.16140000000000007
0.34;0.34128000000000114;0.52;0.5178000000000014;0.3;0.3001200000000001
0.38;0.3816400000000026;0.58;0.5823999999999984;0.5;0.49455999999999933
0.4;0.4010000000000012;0.46;0.4642399999999979;0.46;0.47079999999999933
0.64;0.6397199999999953;0.34;0.3144800000000008;0.48;0.47987999999999714
0.68;0.6837599999999986;0.2;0.18932000000000024;0.34;0.34956
0.36;0.3580000000000007;0.32;0.3311200000000004;0.46;0.47383999999999915
0.32;0.31908000000000053;0.54;0.545720000000001;0.3;0.29899999999999977
0.14;0.1418799999999999;0.24;0.23528000000000063;0.22;0.22999999999999962
0.48;0.47827999999999776;0.44;0.4509999999999983;0.16;0.1622400000000001
0.1;0.10895999999999997;0.36;0.34996000000000116;0.38;0.37575999999999904
0.56;0.5556400000000012;0.16;0.16376000000000024;0.22;0.20479999999999993
0.2;0.2005200000000008;0.54;0.5443600000000011;0.3;0.30576000000000025
0.18;0.1802400000000001;0.72;0.7347599999999985;0.38;0.3804799999999981
0.16;0.16224000000000016;0.48;0.4777599999999997;0.34;0.3428000000000005
0.26;0.2549600000000002;0.1;0.10855999999999998;0.4;0.3570000000000001
0.18;0.17864000000000038;0.32;0.3240400000000006;0.2;0.1979200000000001
0.24;0.2383600000000012;0.68;0.6809600000000016;0.26;0.2550400000000009
0.58;0.5698400000000008;0.16;0.15836;0.3;0.27183999999999975
0.34;0.34048000000000106;0.5;0.49948000000000137;0.38;0.3800799999999994
0.1;0.11619999999999996;0.72;0.706079999999999;0.22;0.21079999999999974
0.68;0.6674000000000001;0.1;0.11019999999999998;0.16;0.14744000000000018
0.56;0.5613200000000012;0.36;0.37244000000000155;0.12;0.12064000000000016
0.52;0.5124800000000026;0.16;0.1583600000000001;0.46;0.46447999999999895
0.44;0.44351999999999797;0.2;0.19772000000000048;0.32;0.3184399999999997
0.44;0.44167999999999746;0.46;0.4856400000000006;0.28;0.2797599999999994
0.52;0.5202400000000023;0.38;0.3879200000000013;0.22;0.2194799999999999
0.66;0.6418000000000027;0.1;0.11755999999999997;0.2;0.18916000000000008
0.62;0.611639999999999;0.12;0.12439999999999993;0.42;0.39327999999999996
0.54;0.5406800000000015;0.34;0.34580000000000055;0.3;0.3040400000000004
0.26;0.27092000000000005;0.58;0.5868000000000002;0.1;0.10920000000000003
0.12;0.11971999999999995;0.5;0.49544000000000166;0.36;0.362719999999999
0.44;0.4462799999999975;0.42;0.4161200000000003;0.12;0.11836000000000013
0.32;0.3167200000000008;0.36;0.36056000000000155;0.5;0.47919999999999857
0.2;0.19392000000000062;0.14;0.14615999999999987;0.18;0.16964000000000007
0.12;0.11863999999999994;0.24;0.2375600000000004;0.36;0.37287999999999905
0.84;0.8373600000000018;0.1;0.1327599999999999;0.5;0.47483999999999826
0.32;0.32084000000000057;0.48;0.47771999999999964;0.4;0.40192000000000033
0.42;0.4184799999999992;0.5;0.498;0.5;0.4922799999999989
0.18;0.1772400000000002;0.68;0.6832400000000012;0.2;0.19932000000000002
0.4;0.3996800000000014;0.52;0.5366800000000012;0.38;0.38843999999999884
0.44;0.4359999999999978;0.3;0.31304000000000026;0.38;0.38315999999999883
0.14;0.12719999999999992;0.12;0.1298399999999999;0.48;0.45511999999999897
0.48;0.48103999999999686;0.44;0.44911999999999863;0.14;0.14004000000000033
0.48;0.468919999999998;0.22;0.22424000000000072;0.18;0.18368000000000007
0.62;0.628199999999999;0.12;0.11367999999999998;0.1;0.12280000000000016
0.26;0.2675599999999995;0.46;0.44567999999999863;0.18;0.18220000000000053
0.36;0.3597600000000006;0.62;0.5885599999999988;0.24;0.23727999999999896
0.32;0.32120000000000043;0.58;0.61144;0.38;0.3900399999999997
0.6;0.600999999999998;0.14;0.13587999999999992;0.36;0.3728399999999993
0.36;0.3552000000000013;0.24;0.2434400000000008;0.32;0.3080400000000001
0.22;0.22052000000000058;0.24;0.2464800000000006;0.24;0.22684000000000032
0.22;0.2278400000000008;0.16;0.15295999999999993;0.24;0.26048000000000027
0.14;0.13819999999999988;0.58;0.5818399999999991;0.4;0.40424000000000004
0.54;0.5397600000000015;0.16;0.16152000000000022;0.28;0.28720000000000023
0.14;0.14111999999999988;0.74;0.7445199999999977;0.38;0.3831999999999982
0.42;0.41943999999999915;0.52;0.5323600000000016;0.1;0.1016
0.82;0.8172399999999966;0.14;0.14983999999999983;0.5;0.4903199999999993
0.2;0.19988000000000086;0.56;0.5627200000000008;0.42;0.41955999999999943
0.24;0.23688000000000098;0.38;0.3812000000000011;0.24;0.24019999999999953
0.36;0.361640000000001;0.42;0.41280000000000006;0.14;0.13824000000000006
0.58;0.5724400000000013;0.1;0.1042;0.5;0.4744399999999974
0.68;0.6840799999999997;0.24;0.2305600000000002;0.32;0.32772000000000073
0.14;0.1381599999999999;0.22;0.2177600000000006;0.3;0.3088000000000003
0.12;0.11987999999999994;0.48;0.47367999999999943;0.36;0.3581599999999996
0.16;0.15876;0.4;0.39980000000000127;0.42;0.41772000000000153
0.1;0.11111999999999997;0.56;0.546240000000001;0.28;0.2744400000000001
0.46;0.46503999999999834;0.22;0.21496000000000068;0.12;0.13395999999999994
0.18;0.1702000000000002;0.14;0.15263999999999991;0.48;0.44667999999999897
0.54;0.5406800000000014;0.3;0.2976400000000004;0.14;0.14356000000000022
0.46;0.4594399999999979;0.5;0.4996399999999998;0.36;0.36067999999999933
0.12;0.11935999999999995;0.8;0.8113199999999963;0.1;0.10136
0.54;0.5428000000000011;0.36;0.3644800000000018;0.14;0.1410000000000003
0.1;0.10471999999999998;0.82;0.8260399999999994;0.46;0.4511599999999999
0.32;0.31948000000000065;0.58;0.5955999999999986;0.12;0.12040000000000015
0.3;0.2992800000000017;0.46;0.48171999999999876;0.24;0.26256000000000074
0.52;0.5234000000000024;0.3;0.29208000000000034;0.34;0.3440800000000003
0.74;0.7463200000000005;0.12;0.11331999999999995;0.12;0.16163999999999995
0.5;0.5036000000000019;0.28;0.27404000000000067;0.38;0.38027999999999873
0.78;0.7803999999999962;0.16;0.16512000000000002;0.22;0.22431999999999971
0.34;0.3397600000000009;0.4;0.4044400000000003;0.34;0.34536000000000017
0.14;0.1386399999999999;0.62;0.6308399999999981;0.46;0.4728399999999985
0.14;0.1398799999999999;0.8;0.8104799999999986;0.42;0.4192000000000024
0.28;0.2810399999999992;0.66;0.6584799999999968;0.2;0.20095999999999994
0.4;0.39960000000000134;0.58;0.5553600000000006;0.38;0.3806799999999979
0.14;0.14427999999999988;0.74;0.7434799999999988;0.18;0.17972000000000066
0.54;0.5377600000000015;0.24;0.24916000000000044;0.38;0.3754799999999983
0.2;0.19432000000000035;0.16;0.17360000000000025;0.48;0.4481599999999998
0.32;0.31964000000000053;0.66;0.6117200000000003;0.22;0.21611999999999973
0.14;0.1398799999999999;0.44;0.44179999999999936;0.22;0.2211599999999998
0.14;0.14739999999999986;0.2;0.19012000000000032;0.16;0.17812000000000033
0.14;0.13755999999999988;0.82;0.8191200000000016;0.14;0.1409600000000003
0.28;0.28107999999999933;0.54;0.5378800000000007;0.3;0.30312000000000017
0.48;0.4780399999999963;0.48;0.45959999999999807;0.18;0.17996000000000065
0.16;0.155;0.48;0.48363999999999924;0.5;0.4845599999999983
0.76;0.7626800000000029;0.18;0.18504000000000073;0.12;0.12420000000000017
0.52;0.5207600000000024;0.36;0.3542000000000009;0.14;0.14028000000000027
0.3;0.2999600000000018;0.48;0.49288000000000054;0.22;0.22751999999999978
0.74;0.7379999999999981;0.18;0.1790800000000004;0.22;0.2243599999999998
0.16;0.15872000000000008;0.4;0.4066400000000003;0.28;0.2826399999999988
0.24;0.24108000000000093;0.62;0.6210799999999982;0.3;0.2991999999999999
0.62;0.6237200000000005;0.3;0.30008000000000035;0.12;0.12016000000000018
0.12;0.11947999999999995;0.46;0.4569199999999981;0.36;0.3590799999999994
0.1;0.11099999999999999;0.34;0.3342000000000001;0.3;0.2971599999999997
0.22;0.2198000000000006;0.46;0.4605999999999981;0.24;0.24811999999999976
0.2;0.1970400000000007;0.68;0.6816800000000004;0.48;0.4723199999999982
0.7;0.7016399999999999;0.2;0.20124000000000042;0.48;0.4875599999999986
0.62;0.623559999999999;0.26;0.2532400000000005;0.22;0.22463999999999967
0.52;0.5214800000000024;0.3;0.2969600000000008;0.3;0.3046400000000003
0.1;0.10515999999999999;0.84;0.8434399999999949;0.5;0.4899999999999987
0.34;0.34124000000000093;0.44;0.43895999999999824;0.46;0.46172
0.34;0.34012000000000114;0.6;0.6106799999999978;0.38;0.37743999999999833
0.22;0.2179600000000005;0.7;0.7078799999999961;0.24;0.23747999999999916
0.62;0.6175599999999978;0.16;0.163;0.16;0.16236
0.32;0.3166000000000005;0.22;0.22292000000000084;0.18;0.17928000000000005
0.12;0.11935999999999995;0.64;0.6426800000000003;0.38;0.38599999999999896
0.46;0.46263999999999705;0.12;0.11471999999999996;0.1;0.11588000000000005
0.46;0.4669999999999971;0.12;0.11443999999999996;0.16;0.17396000000000017
0.64;0.6422799999999977;0.14;0.13955999999999988;0.32;0.31867999999999935
0.1;0.11919999999999994;0.14;0.12163999999999993;0.14;0.1519199999999999
0.52;0.5025600000000026;0.1;0.11219999999999997;0.26;0.2221999999999998
0.18;0.1787199999999999;0.78;0.7802000000000023;0.12;0.11976000000000017
0.54;0.547560000000001;0.28;0.2634000000000009;0.12;0.1252000000000002
0.5;0.5013200000000035;0.44;0.4517599999999977;0.38;0.381919999999998
0.48;0.4839199999999999;0.14;0.13555999999999988;0.2;0.2162799999999999
0.24;0.23596000000000095;0.44;0.44355999999999884;0.26;0.2639199999999997
0.28;0.2828799999999997;0.44;0.45015999999999906;0.12;0.12880000000000008
0.12;0.11863999999999994;0.46;0.46291999999999794;0.32;0.32248000000000143
0.22;0.21776000000000056;0.64;0.6475599999999996;0.24;0.23444000000000004
0.6;0.6265600000000001;0.18;0.15892000000000014;0.24;0.2624400000000002
0.78;0.7789599999999955;0.14;0.14247999999999986;0.48;0.4799999999999981
0.1;0.10252;0.88;0.8405599999999945;0.5;0.48423999999999906
0.46;0.4639199999999975;0.34;0.33212000000000036;0.34;0.34488000000000063
0.18;0.17184000000000033;0.22;0.2273200000000004;0.12;0.11960000000000004
0.42;0.4179199999999993;0.46;0.4585199999999972;0.34;0.3358400000000005
0.52;0.5023600000000024;0.12;0.12743999999999991;0.26;0.24395999999999973
0.3;0.2990000000000018;0.64;0.6207599999999998;0.42;0.4094800000000012
0.26;0.26207999999999954;0.54;0.5323200000000019;0.4;0.3950399999999995
0.44;0.44027999999999734;0.52;0.5213200000000016;0.22;0.21951999999999988
0.26;0.26416;0.62;0.635519999999998;0.1;0.10355999999999999
0.12;0.12439999999999993;0.7;0.7012399999999975;0.22;0.21915999999999974
0.56;0.5631200000000006;0.32;0.32496000000000075;0.42;0.42104000000000213
0.44;0.4206399999999991;0.1;0.12123999999999996;0.12;0.1126
0.1;0.10767999999999997;0.8;0.8014399999999977;0.46;0.4484800000000007
0.14;0.13999999999999987;0.66;0.6634399999999994;0.38;0.3847999999999992
0.36;0.36448000000000175;0.26;0.26792000000000027;0.32;0.2966400000000001
0.4;0.4002800000000013;0.56;0.5577600000000008;0.28;0.27887999999999885
0.52;0.5234400000000023;0.32;0.3031600000000012;0.12;0.12168000000000016
0.36;0.3563200000000008;0.6;0.5760400000000004;0.16;0.15239999999999995
0.74;0.7300399999999954;0.14;0.17192000000000035;0.12;0.10711999999999999
0.52;0.5207200000000027;0.4;0.4119600000000002;0.48;0.4812399999999979
0.7;0.6993600000000002;0.28;0.24196000000000084;0.48;0.4776399999999974
0.22;0.2182000000000005;0.36;0.37404000000000204;0.42;0.42844000000000176
0.3;0.29900000000000193;0.68;0.6517200000000021;0.48;0.4730799999999974
0.58;0.5788000000000009;0.32;0.33120000000000055;0.46;0.46087999999999774
0.24;0.24080000000000107;0.5;0.508560000000001;0.22;0.2302399999999997
0.56;0.5604400000000013;0.34;0.34884000000000076;0.38;0.381999999999998
0.48;0.4708399999999987;0.26;0.2952400000000008;0.1;0.10455999999999999
0.64;0.625359999999998;0.18;0.2127200000000003;0.34;0.31700000000000095
0.14;0.1349599999999999;0.38;0.3942800000000017;0.48;0.4791199999999982
0.36;0.36296000000000084;0.16;0.1585600000000001;0.36;0.3547199999999997
0.26;0.2713199999999998;0.26;0.24256000000000089;0.1;0.12976000000000004
0.1;0.11375999999999997;0.74;0.7257599999999991;0.22;0.21071999999999974
0.28;0.2880000000000003;0.22;0.21500000000000047;0.32;0.33155999999999985
0.64;0.6332399999999985;0.18;0.21000000000000058;0.14;0.13084000000000012
0.44;0.41843999999999915;0.1;0.12435999999999993;0.1;0.11076000000000001
0.44;0.4421199999999979;0.14;0.13911999999999988;0.3;0.30312
0.16;0.1521599999999999;0.3;0.3057600000000006;0.2;0.2032799999999999
0.3;0.3005200000000019;0.48;0.477559999999998;0.48;0.4729999999999988
0.48;0.4720799999999973;0.1;0.10779999999999998;0.42;0.3989600000000001
0.46;0.46819999999999745;0.32;0.30792;0.16;0.16540000000000027
0.12;0.11731999999999997;0.66;0.6666399999999989;0.46;0.46711999999999876
0.26;0.2528000000000005;0.1;0.10927999999999997;0.46;0.41547999999999974
0.28;0.27247999999999933;0.36;0.375280000000002;0.46;0.45787999999999957
0.38;0.37680000000000174;0.12;0.12351999999999992;0.14;0.1354799999999999
0.18;0.18376000000000045;0.14;0.1331999999999999;0.18;0.219
0.48;0.4850000000000003;0.16;0.15275999999999992;0.12;0.13155999999999995
0.58;0.5772000000000003;0.12;0.12123999999999993;0.16;0.16308000000000017
0.56;0.5610400000000008;0.24;0.24344000000000035;0.24;0.24059999999999962
0.18;0.1739200000000002;0.12;0.12427999999999992;0.32;0.3234399999999996
0.4;0.3952800000000015;0.3;0.3137599999999998;0.3;0.31016000000000055
0.54;0.5289600000000019;0.1;0.11067999999999999;0.1;0.11780000000000009
0.6;0.5923199999999988;0.28;0.29148000000000035;0.12;0.12020000000000015
0.76;0.757760000000003;0.14;0.14343999999999987;0.26;0.25943999999999956
0.2;0.2024800000000003;0.28;0.2816400000000003;0.16;0.15768000000000004
0.3;0.3001200000000008;0.2;0.1936800000000003;0.32;0.34655999999999965
0.4;0.4169999999999999;0.26;0.24984000000000037;0.16;0.15924
0.82;0.8175599999999963;0.12;0.1335599999999999;0.48;0.47259999999999813
0.46;0.4598799999999978;0.52;0.493560000000002;0.32;0.31964000000000165
0.56;0.5619600000000008;0.34;0.34888000000000036;0.44;0.4415600000000013
0.1;0.10547999999999999;0.82;0.8278000000000004;0.26;0.25512000000000074
0.32;0.3192400000000005;0.22;0.21724000000000057;0.3;0.31028
0.68;0.677119999999999;0.18;0.18712000000000067;0.2;0.20088
0.34;0.34140000000000076;0.46;0.4559999999999984;0.22;0.21587999999999977
0.12;0.11871999999999994;0.86;0.8386000000000017;0.38;0.38107999999999786
0.68;0.6815599999999974;0.3;0.2765199999999993;0.3;0.3019200000000002
0.12;0.12303999999999994;0.32;0.3160000000000008;0.32;0.326560000000001
0.16;0.17456000000000002;0.14;0.12371999999999994;0.1;0.13471999999999995
0.5;0.4932000000000001;0.2;0.2052800000000004;0.36;0.33820000000000017
0.58;0.59364;0.18;0.1690000000000002;0.32;0.3457599999999996
0.44;0.43699999999999833;0.14;0.14219999999999985;0.42;0.4150400000000003
0.48;0.47091999999999756;0.1;0.10783999999999998;0.38;0.35963999999999985
0.66;0.6602800000000048;0.3;0.3033200000000004;0.26;0.26020000000000126
0.42;0.3930400000000003;0.16;0.1513199999999999;0.5;0.4631999999999993
0.44;0.4114799999999999;0.28;0.34800000000000014;0.1;0.1072
0.38;0.3848800000000021;0.12;0.11887999999999994;0.42;0.41504000000000013
0.1;0.11471999999999995;0.3;0.2842799999999998;0.22;0.2210799999999999
0.1;0.11439999999999997;0.7;0.6885199999999994;0.22;0.20995999999999979
0.58;0.5814;0.22;0.21988000000000052;0.24;0.24179999999999974
0.52;0.5201600000000027;0.38;0.38636000000000115;0.34;0.3403600000000001
0.38;0.388000000000002;0.46;0.4541199999999984;0.44;0.43292000000000064
0.28;0.2807199999999999;0.3;0.29252000000000006;0.28;0.29496000000000056
0.1;0.10971999999999998;0.8;0.8103599999999996;0.14;0.13464000000000018
0.14;0.14207999999999987;0.72;0.7219999999999972;0.3;0.29999999999999993
0.44;0.43611999999999834;0.16;0.16076000000000001;0.2;0.20615999999999984
0.7;0.7016800000000007;0.22;0.2186800000000005;0.32;0.324160000000001
0.6;0.6003999999999974;0.34;0.3448000000000004;0.44;0.4402400000000023
0.12;0.12399999999999994;0.76;0.7466399999999977;0.28;0.28023999999999943
0.3;0.300320000000002;0.6;0.5937200000000005;0.5;0.4842399999999981
0.1;0.1074;0.4;0.4206799999999998;0.26;0.2512399999999996
0.7;0.7163999999999959;0.14;0.12351999999999992;0.14;0.17888000000000037
0.44;0.44219999999999765;0.46;0.4718399999999985;0.46;0.46055999999999886
0.6;0.6001599999999992;0.24;0.23372000000000073;0.32;0.32416000000000056
0.56;0.5606000000000012;0.36;0.3759600000000011;0.42;0.4202800000000025
0.14;0.13871999999999987;0.46;0.4624399999999977;0.46;0.4632399999999996
0.66;0.6610000000000038;0.26;0.26588000000000034;0.3;0.3018000000000002
0.82;0.8215199999999978;0.16;0.12695999999999993;0.32;0.34180000000000016
0.36;0.360680000000001;0.34;0.3377200000000003;0.2;0.2071599999999998
0.24;0.237480000000001;0.58;0.5784399999999996;0.24;0.24032000000000017
0.54;0.537880000000001;0.18;0.1923600000000002;0.46;0.4627199999999997
0.3;0.29804000000000086;0.16;0.1638400000000001;0.28;0.2736800000000003
0.22;0.2306800000000009;0.14;0.12475999999999993;0.1;0.13995999999999995
0.14;0.1405999999999999;0.4;0.39968000000000103;0.42;0.4229200000000022
0.4;0.40400000000000075;0.46;0.47063999999999817;0.1;0.10303999999999999
0.12;0.11943999999999995;0.82;0.8329999999999957;0.1;0.10132000000000001
0.44;0.4502799999999977;0.34;0.32312000000000013;0.34;0.3389600000000005
0.1;0.10543999999999999;0.42;0.4211599999999996;0.4;0.40572000000000064
0.68;0.6819999999999988;0.22;0.23000000000000068;0.12;0.12148000000000017
0.66;0.6614800000000018;0.22;0.2260400000000004;0.32;0.31928000000000045
0.24;0.23896000000000114;0.42;0.4258399999999989;0.42;0.42564000000000146
0.18;0.1790399999999999;0.78;0.777840000000002;0.4;0.3979999999999998
0.24;0.23584000000000074;0.14;0.14451999999999987;0.24;0.24032000000000017
0.66;0.6597599999999997;0.2;0.20284000000000027;0.2;0.20455999999999994
0.18;0.17940000000000003;0.66;0.6581199999999976;0.36;0.3572399999999995
0.28;0.2825599999999995;0.48;0.5038400000000014;0.16;0.17528000000000027
0.24;0.24564000000000083;0.52;0.5166800000000016;0.38;0.39108000000000026
0.2;0.19592000000000045;0.42;0.43119999999999953;0.16;0.16480000000000022
0.24;0.23872000000000124;0.7;0.7097599999999963;0.48;0.47859999999999764
0.46;0.4639599999999973;0.38;0.3729600000000013;0.14;0.14064000000000026
0.6;0.6027599999999986;0.26;0.25716000000000017;0.46;0.4637599999999985
0.1;0.10919999999999998;0.62;0.6129199999999974;0.44;0.4423200000000003
0.24;0.24008000000000107;0.42;0.4231999999999993;0.46;0.4683599999999988
0.14;0.1416799999999999;0.48;0.4753199999999992;0.36;0.3614399999999992
0.42;0.4184799999999994;0.38;0.38332000000000127;0.3;0.2990399999999997
0.12;0.1344799999999999;0.2;0.1859600000000002;0.16;0.1751200000000003
0.36;0.35560000000000064;0.18;0.1826800000000001;0.34;0.31652000000000047
0.26;0.2561999999999999;0.62;0.6211199999999988;0.32;0.31412000000000023
0.44;0.4449599999999977;0.38;0.36688000000000165;0.42;0.4142400000000011
0.44;0.4497599999999982;0.14;0.1311999999999999;0.14;0.15744000000000002
0.2;0.20056000000000035;0.2;0.20768000000000042;0.32;0.30428
0.48;0.4714799999999984;0.28;0.31008000000000097;0.1;0.10364
0.16;0.16736000000000004;0.24;0.23400000000000062;0.3;0.30951999999999946
0.74;0.7387199999999975;0.2;0.20268000000000005;0.2;0.20099999999999998
0.34;0.3412400000000011;0.48;0.4829199999999995;0.26;0.26515999999999984
0.14;0.14099999999999988;0.24;0.2410800000000004;0.34;0.35051999999999967
0.28;0.2790799999999995;0.36;0.36936000000000196;0.22;0.22567999999999994
0.66;0.6624400000000026;0.26;0.2558800000000007;0.32;0.3210400000000012
0.22;0.2200800000000006;0.64;0.6377999999999993;0.2;0.19756000000000004
0.38;0.37676000000000204;0.22;0.22228000000000078;0.26;0.2472799999999998
0.3;0.2989200000000008;0.26;0.26256000000000007;0.34;0.33532
0.18;0.17692;0.76;0.769159999999998;0.46;0.45879999999999777
0.32;0.3208000000000005;0.44;0.44719999999999804;0.38;0.3921999999999998
0.12;0.1337199999999999;0.38;0.356800000000001;0.34;0.34484000000000037
0.38;0.38600000000000206;0.16;0.15636000000000005;0.38;0.38307999999999953
0.16;0.16188000000000016;0.46;0.4611999999999976;0.4;0.40700000000000075
0.2;0.1975200000000004;0.16;0.16996000000000025;0.24;0.20511999999999997
0.2;0.20012000000000052;0.6;0.6027200000000005;0.2;0.19672000000000014
0.42;0.41747999999999946;0.38;0.38388000000000083;0.32;0.3187600000000004
0.26;0.25983999999999974;0.48;0.47679999999999784;0.46;0.4543200000000002
0.18;0.1798800000000002;0.48;0.47840000000000016;0.22;0.22003999999999985
0.62;0.6073999999999986;0.12;0.12711999999999993;0.44;0.40095999999999965
0.46;0.46311999999999753;0.36;0.35152000000000133;0.42;0.4213600000000013
0.24;0.24504000000000095;0.52;0.5163600000000017;0.4;0.4078400000000008
0.38;0.3800400000000026;0.58;0.5806399999999987;0.32;0.31860000000000166
0.1;0.11631999999999997;0.62;0.6084799999999986;0.2;0.19880000000000003
0.58;0.5941200000000002;0.18;0.1774800000000005;0.3;0.2747999999999998
0.36;0.36324000000000123;0.22;0.21768000000000048;0.12;0.11696000000000004
0.6;0.5969599999999972;0.36;0.3660000000000021;0.14;0.13860000000000028
0.3;0.29980000000000173;0.56;0.5629600000000011;0.26;0.2585999999999998
0.26;0.25715999999999994;0.38;0.38848000000000166;0.46;0.46363999999999966
0.78;0.7798799999999956;0.16;0.17140000000000002;0.42;0.42068000000000155
0.12;0.11939999999999995;0.62;0.602039999999998;0.42;0.4004800000000005
0.16;0.16112000000000018;0.54;0.5378000000000017;0.48;0.47535999999999906
0.4;0.4090400000000004;0.18;0.17615999999999996;0.32;0.3138399999999998
0.22;0.22096000000000066;0.48;0.4759599999999983;0.48;0.476039999999999
0.12;0.11723999999999994;0.46;0.45939999999999764;0.42;0.42324000000000195
0.34;0.34052000000000066;0.18;0.18084000000000008;0.42;0.41440000000000027
0.62;0.6215600000000008;0.34;0.33064000000000004;0.1;0.1006
0.12;0.11807999999999995;0.52;0.5200400000000021;0.2;0.20212
0.64;0.6403599999999968;0.24;0.24404000000000026;0.46;0.4650799999999983
0.54;0.5398800000000009;0.4;0.41887999999999903;0.48;0.48371999999999743
0.3;0.3020000000000014;0.48;0.48247999999999985;0.12;0.12364000000000015
0.36;0.36004000000000075;0.58;0.5818799999999998;0.26;0.25588000000000044
0.56;0.5605600000000011;0.2;0.19316000000000014;0.22;0.25784000000000007
0.76;0.7616800000000021;0.18;0.1706400000000004;0.24;0.24960000000000004
0.28;0.2803599999999998;0.42;0.45063999999999926;0.1;0.11172000000000001
0.28;0.2814399999999993;0.5;0.5136000000000019;0.18;0.1904000000000002
0.38;0.37920000000000215;0.3;0.3050000000000012;0.48;0.4758799999999991
0.44;0.44391999999999765;0.44;0.44443999999999895;0.44;0.4332000000000015
0.3;0.3082800000000009;0.22;0.20628000000000063;0.1;0.1294800000000001
0.18;0.17872;0.62;0.6206399999999972;0.34;0.33856000000000086
0.34;0.34012000000000114;0.62;0.6184399999999959;0.34;0.3387200000000002
0.44;0.4475199999999977;0.14;0.1365999999999999;0.26;0.27415999999999957
0.2;0.1988400000000008;0.6;0.60528;0.34;0.34184000000000053
0.2;0.1974000000000008;0.74;0.734519999999999;0.46;0.4468799999999982
0.6;0.5975599999999981;0.38;0.3548800000000004;0.5;0.49671999999999955
0.58;0.5776400000000007;0.14;0.14247999999999986;0.2;0.18836000000000017
0.24;0.23440000000000094;0.26;0.27004000000000034;0.46;0.44879999999999975
0.6;0.601719999999998;0.3;0.3080400000000007;0.44;0.4407600000000017
0.24;0.23660000000000098;0.2;0.2072800000000002;0.44;0.4239199999999995
0.18;0.1814000000000003;0.64;0.6496800000000011;0.1;0.10196000000000001
0.26;0.26131999999999966;0.62;0.6241999999999988;0.42;0.4201600000000001
0.12;0.12155999999999993;0.58;0.5957999999999999;0.1;0.10551999999999999
0.16;0.1556799999999999;0.24;0.24764000000000067;0.2;0.1897600000000003
0.12;0.11611999999999996;0.14;0.14299999999999988;0.28;0.2875200000000005
0.3;0.2919200000000008;0.1;0.10663999999999998;0.12;0.12676000000000007
0.54;0.5379200000000014;0.18;0.17748000000000003;0.26;0.27703999999999923
0.56;0.5586000000000011;0.38;0.3955600000000011;0.26;0.2601200000000013
0.24;0.24976000000000068;0.52;0.54532;0.1;0.11444000000000003
0.5;0.5004800000000011;0.14;0.1386799999999999;0.14;0.14467999999999986
0.4;0.3961600000000013;0.16;0.15851999999999997;0.1;0.10551999999999999
0.56;0.5605200000000009;0.34;0.34852000000000083;0.36;0.36175999999999886
0.72;0.7218399999999937;0.26;0.23196000000000108;0.28;0.287199999999999
0.64;0.6542799999999996;0.16;0.1519599999999999;0.36;0.37251999999999963
0.28;0.2812799999999995;0.38;0.3788400000000016;0.16;0.16220000000000015
0.5;0.5020400000000033;0.4;0.40652000000000044;0.44;0.4391200000000014
0.3;0.2953600000000009;0.36;0.38868000000000136;0.1;0.10868
0.74;0.7389999999999979;0.16;0.1713600000000001;0.32;0.31824000000000024
0.54;0.540160000000001;0.36;0.37168000000000195;0.36;0.36307999999999907
0.72;0.711599999999998;0.14;0.16672000000000028;0.2;0.18632000000000046
0.48;0.4817599999999977;0.42;0.42611999999999906;0.22;0.22123999999999988
0.38;0.38380000000000225;0.14;0.1379599999999999;0.46;0.4630400000000002
0.78;0.7805599999999957;0.16;0.16459999999999994;0.24;0.24343999999999974
0.32;0.32368000000000025;0.56;0.5835600000000004;0.36;0.3729199999999998
0.14;0.13963999999999988;0.62;0.6195599999999977;0.26;0.2614000000000002
0.56;0.5615200000000009;0.32;0.32608000000000054;0.34;0.3385600000000003
0.56;0.5615200000000008;0.36;0.3740800000000016;0.3;0.3007600000000001
0.4;0.39976000000000134;0.58;0.5536800000000011;0.46;0.4596399999999976
0.26;0.26147999999999966;0.48;0.4763599999999989;0.36;0.35923999999999967
0.3;0.299280000000002;0.66;0.6625599999999964;0.24;0.239399999999999
0.16;0.1583199999999999;0.26;0.2620400000000003;0.36;0.3619599999999997
0.54;0.5386000000000014;0.24;0.24368000000000065;0.44;0.43904000000000076
0.36;0.35608000000000145;0.28;0.27511999999999986;0.16;0.17772000000000004
0.8;0.7991600000000011;0.16;0.16407999999999995;0.48;0.480039999999998
0.1;0.11223999999999996;0.7;0.6915999999999976;0.34;0.33252000000000087
0.64;0.6270799999999976;0.12;0.1314799999999999;0.38;0.32760000000000006
0.52;0.5208000000000028;0.28;0.27688000000000057;0.32;0.32600000000000084
0.24;0.2482800000000007;0.5;0.5003999999999993;0.12;0.1274000000000001
0.58;0.5842400000000005;0.14;0.13567999999999988;0.3;0.2755599999999994
0.28;0.2804799999999992;0.58;0.5739599999999995;0.3;0.3014000000000002
0.22;0.2200400000000006;0.54;0.555640000000001;0.12;0.12668000000000015
0.26;0.25568;0.5;0.5192800000000017;0.22;0.23243999999999962
0.5;0.5040800000000024;0.34;0.3345600000000002;0.24;0.24299999999999936
0.4;0.401640000000001;0.36;0.354600000000001;0.28;0.28088000000000013
0.16;0.16324000000000008;0.18;0.17388000000000026;0.1;0.12428000000000008
0.5;0.501880000000003;0.4;0.4086000000000003;0.38;0.38067999999999824
0.72;0.7243999999999968;0.12;0.11555999999999995;0.28;0.3001600000000004
0.12;0.12507999999999994;0.58;0.5950399999999992;0.28;0.2926799999999995
0.42;0.4175999999999993;0.46;0.4601999999999984;0.44;0.43564000000000114
0.8;0.7978000000000013;0.12;0.13691999999999988;0.28;0.27124000000000015
0.36;0.3598800000000006;0.58;0.5897999999999983;0.38;0.3769199999999979
0.28;0.28011999999999926;0.56;0.5612400000000015;0.32;0.32068000000000024
0.68;0.6838799999999994;0.22;0.21332000000000045;0.32;0.3260800000000009
0.44;0.4422399999999975;0.52;0.4777999999999975;0.1;0.10092000000000001
0.1;0.10427999999999998;0.82;0.8334800000000007;0.22;0.21703999999999984
0.22;0.21652000000000057;0.12;0.12207999999999994;0.14;0.13935999999999987
0.34;0.3391200000000005;0.34;0.3431200000000003;0.46;0.4665199999999993
0.24;0.23188000000000106;0.34;0.37168000000000134;0.3;0.2989199999999996
0.54;0.540680000000001;0.38;0.39672000000000085;0.44;0.44008000000000197
0.72;0.7089599999999977;0.1;0.11035999999999996;0.18;0.14995999999999993
0.54;0.5380000000000016;0.24;0.24492000000000066;0.28;0.28092000000000006
0.66;0.6611200000000043;0.32;0.29208000000000117;0.28;0.28071999999999864
0.34;0.33732000000000056;0.36;0.3787600000000013;0.12;0.1278800000000001
0.36;0.3636400000000009;0.42;0.4158799999999993;0.46;0.4575599999999998
0.2;0.1963600000000004;0.4;0.4150799999999997;0.18;0.18456000000000058
0.36;0.3611200000000012;0.52;0.5412800000000008;0.1;0.10479999999999998
0.18;0.1749600000000002;0.14;0.14715999999999987;0.4;0.3769999999999994
0.2;0.19468000000000066;0.48;0.4882000000000005;0.38;0.3826799999999993
0.12;0.12107999999999994;0.16;0.15627999999999995;0.34;0.34248000000000045
0.32;0.3198800000000006;0.22;0.21912000000000065;0.42;0.4213599999999994
0.34;0.3398800000000012;0.58;0.5865599999999985;0.3;0.29863999999999996
0.24;0.23532000000000117;0.48;0.49459999999999965;0.26;0.2714799999999998
0.62;0.6210799999999995;0.2;0.21812000000000042;0.26;0.2488799999999995
0.54;0.545280000000001;0.34;0.3425600000000003;0.22;0.22159999999999988
0.16;0.1513999999999999;0.18;0.18876000000000054;0.44;0.43383999999999984
0.42;0.4377199999999982;0.2;0.19304000000000038;0.38;0.3811599999999993
0.18;0.18016000000000007;0.58;0.5833199999999991;0.26;0.26331999999999983
0.54;0.5395200000000012;0.34;0.3401200000000002;0.26;0.26268000000000064
0.28;0.28159999999999996;0.56;0.5527200000000003;0.12;0.11708000000000007
0.74;0.7409199999999986;0.24;0.2115200000000002;0.36;0.3652399999999989
0.4;0.40016000000000096;0.26;0.25252000000000047;0.3;0.32264000000000037
0.1;0.11147999999999997;0.76;0.7401999999999976;0.28;0.27004
0.14;0.1425199999999999;0.66;0.6620399999999986;0.16;0.16240000000000016
0.64;0.6391599999999962;0.28;0.284440000000001;0.24;0.24131999999999917
0.66;0.6567600000000012;0.22;0.2299600000000006;0.16;0.16140000000000015
0.6;0.5879599999999999;0.16;0.16468000000000013;0.26;0.2558000000000001
0.26;0.2632399999999999;0.18;0.1788000000000003;0.28;0.2753200000000004
0.12;0.11951999999999995;0.5;0.4825599999999989;0.12;0.11852000000000014
0.3;0.29572000000000154;0.36;0.36612000000000144;0.38;0.3884799999999994
0.5;0.5011600000000035;0.42;0.42751999999999896;0.36;0.3614799999999991
0.16;0.16280000000000008;0.74;0.75132;0.36;0.36083999999999944
0.1;0.1016;0.88;0.8542399999999947;0.24;0.2372799999999991
0.56;0.5585200000000008;0.42;0.39448000000000144;0.36;0.3611999999999992
0.5;0.5014400000000007;0.12;0.11951999999999995;0.14;0.14527999999999985
0.22;0.22388000000000077;0.38;0.3730800000000013;0.26;0.26384000000000063
0.52;0.5171200000000025;0.1;0.11139999999999997;0.5;0.45595999999999914
0.12;0.12483999999999992;0.68;0.6796400000000008;0.14;0.1410000000000002
0.36;0.35796000000000083;0.32;0.3266000000000005;0.48;0.4864399999999992
0.1;0.11007999999999998;0.72;0.7041199999999984;0.5;0.48319999999999813
0.36;0.36064000000000074;0.48;0.4775199999999996;0.36;0.34804000000000024
0.1;0.10939999999999998;0.7;0.6870399999999979;0.46;0.44816000000000045
0.3;0.29616000000000087;0.24;0.24860000000000052;0.42;0.406479999999999
0.36;0.3590800000000009;0.16;0.1604000000000001;0.44;0.42128000000000015
0.1;0.10416;0.88;0.8519199999999956;0.12;0.11900000000000015
0.12;0.11807999999999995;0.22;0.22608000000000064;0.46;0.4633999999999984
0.82;0.8188799999999975;0.12;0.1407999999999999;0.16;0.1553199999999999
0.7;0.7019200000000011;0.22;0.22456000000000056;0.36;0.36347999999999897
0.46;0.45875999999999784;0.44;0.4516799999999981;0.48;0.4842399999999983
0.52;0.5247600000000026;0.32;0.3200000000000004;0.1;0.10288
0.12;0.11991999999999993;0.18;0.18288000000000026;0.36;0.35488000000000025
0.54;0.5401600000000011;0.2;0.20096000000000072;0.44;0.448959999999999
0.66;0.6627600000000018;0.22;0.21892000000000042;0.46;0.46463999999999855
0.34;0.3434400000000009;0.46;0.44775999999999894;0.12;0.12020000000000013
0.68;0.6855199999999989;0.22;0.2079600000000007;0.1;0.10543999999999998
0.66;0.663080000000003;0.32;0.2908400000000009;0.22;0.22367999999999988
0.32;0.3199200000000005;0.46;0.4693199999999987;0.18;0.18468000000000037
0.58;0.5812800000000005;0.24;0.2374400000000002;0.22;0.22543999999999959
0.18;0.1784;0.6;0.6073199999999993;0.4;0.40624000000000005
0.36;0.3602800000000007;0.52;0.5270400000000018;0.22;0.21659999999999974
0.18;0.1738400000000001;0.46;0.4695199999999978;0.44;0.43640000000000134
0.12;0.12147999999999994;0.22;0.21616000000000057;0.42;0.42836000000000096
0.72;0.7191599999999942;0.2;0.2038000000000003;0.48;0.48483999999999805
0.48;0.4795199999999969;0.4;0.40720000000000056;0.46;0.4632399999999991
0.5;0.49079999999999996;0.18;0.19596000000000047;0.48;0.43248000000000053
0.6;0.5902799999999997;0.2;0.22328000000000056;0.1;0.10128
0.16;0.16384000000000007;0.54;0.5482400000000014;0.1;0.10428
0.18;0.17876000000000025;0.12;0.12087999999999993;0.26;0.2706399999999999
0.28;0.27791999999999945;0.36;0.366480000000002;0.26;0.2622400000000007
0.18;0.19612000000000032;0.36;0.33175999999999994;0.4;0.42412000000000133
0.2;0.19820000000000076;0.54;0.547760000000001;0.42;0.4304800000000003
0.38;0.3825600000000025;0.5;0.5062000000000008;0.36;0.361919999999999
0.66;0.6631200000000029;0.28;0.27568000000000087;0.32;0.31920000000000115
0.1;0.11115999999999997;0.78;0.7785200000000019;0.22;0.21459999999999982
0.12;0.12923999999999994;0.2;0.1914000000000002;0.1;0.11664000000000008
0.36;0.3528800000000011;0.26;0.27919999999999967;0.48;0.44008000000000075
0.48;0.47795999999999644;0.5;0.4598399999999981;0.18;0.17996000000000065
0.52;0.5228800000000025;0.28;0.2761200000000007;0.22;0.22335999999999992
0.2;0.20004000000000058;0.42;0.41623999999999955;0.24;0.24043999999999932
0.46;0.4511599999999982;0.24;0.2418000000000005;0.1;0.11388000000000002
0.68;0.6789199999999987;0.26;0.268000000000001;0.38;0.378359999999998
0.26;0.27427999999999975;0.32;0.2974400000000007;0.38;0.41124000000000116
0.12;0.11959999999999994;0.82;0.8385600000000007;0.3;0.3002
0.1;0.10867999999999998;0.72;0.7169999999999991;0.12;0.11776000000000013
0.7;0.7024400000000006;0.26;0.23676000000000097;0.26;0.26172000000000073
0.18;0.19032000000000027;0.38;0.38216000000000183;0.5;0.48227999999999815
0.48;0.4727599999999965;0.22;0.23180000000000114;0.5;0.4593199999999988
0.44;0.4370399999999977;0.3;0.3105200000000004;0.4;0.3981200000000001
0.5;0.5002800000000033;0.42;0.4328399999999988;0.42;0.42240000000000266
0.74;0.7413599999999986;0.24;0.20936000000000035;0.16;0.16384000000000015
0.78;0.7839599999999967;0.2;0.17292;0.12;0.12576000000000018
0.34;0.34056000000000114;0.5;0.5034400000000013;0.28;0.28379999999999966
0.72;0.7059999999999987;0.1;0.11355999999999997;0.2;0.1647999999999999
0.22;0.22064000000000059;0.66;0.6700799999999989;0.42;0.4222800000000018
0.48;0.4805200000000001;0.18;0.18072000000000032;0.16;0.16544000000000011
0.68;0.6729199999999994;0.2;0.21064000000000044;0.28;0.2730800000000001
0.76;0.764920000000002;0.22;0.18836000000000075;0.12;0.1271600000000001
0.1;0.10755999999999998;0.8;0.7988799999999979;0.36;0.35491999999999957
0.1;0.11055999999999996;0.58;0.5647600000000005;0.22;0.21427999999999975
0.22;0.2192800000000005;0.3;0.30048000000000025;0.18;0.18539999999999995
0.42;0.4190799999999991;0.52;0.5311600000000013;0.4;0.4002800000000001
0.1;0.11359999999999995;0.38;0.3645200000000017;0.42;0.40564000000000033
0.2;0.1889200000000004;0.1;0.11363999999999995;0.48;0.42739999999999984
0.5;0.4984400000000031;0.48;0.4556799999999978;0.28;0.2817199999999988
0.62;0.6213599999999994;0.2;0.21820000000000042;0.2;0.18744000000000036
0.24;0.24088000000000062;0.4;0.4694000000000005;0.18;0.22619999999999996
0.18;0.18176000000000028;0.42;0.4095200000000001;0.34;0.34647999999999995
0.38;0.3695600000000016;0.24;0.24308000000000085;0.28;0.2747200000000003
0.3;0.3008800000000016;0.48;0.49112000000000133;0.24;0.2559600000000006
0.24;0.23540000000000125;0.34;0.3590800000000012;0.36;0.36115999999999915
0.56;0.5601600000000007;0.32;0.33356000000000097;0.1;0.1022
0.62;0.6208000000000001;0.3;0.3097200000000002;0.32;0.32152000000000164
0.32;0.3148000000000007;0.1;0.10384;0.22;0.20851999999999987
0.26;0.25943999999999967;0.68;0.6825599999999965;0.18;0.1748400000000005
0.36;0.36072000000000104;0.5;0.5066800000000012;0.12;0.11904000000000012
0.18;0.17836000000000019;0.16;0.15964000000000006;0.12;0.13556000000000004
0.54;0.5433200000000012;0.34;0.3421600000000005;0.5;0.49475999999999914
0.56;0.5624800000000011;0.34;0.3509600000000008;0.12;0.12120000000000017
0.24;0.23568000000000106;0.68;0.6796399999999966;0.16;0.15487999999999996
0.16;0.1613200000000001;0.54;0.5561600000000011;0.28;0.2950399999999997
0.24;0.24096000000000115;0.58;0.5443600000000002;0.48;0.4290399999999991
0.28;0.279479999999999;0.5;0.5018400000000012;0.42;0.42151999999999995
0.6;0.5985599999999975;0.36;0.3616000000000014;0.38;0.37959999999999805
0.48;0.4748799999999987;0.22;0.22108000000000066;0.12;0.12804000000000007
0.14;0.13915999999999987;0.38;0.39736000000000143;0.36;0.3619999999999991
0.58;0.5687600000000007;0.2;0.2391200000000006;0.16;0.14808000000000013
0.46;0.4605599999999979;0.3;0.30383999999999983;0.12;0.12012000000000014
0.36;0.3607200000000012;0.36;0.36284000000000144;0.1;0.10455999999999999
0.44;0.43855999999999834;0.24;0.24176000000000084;0.2;0.19028000000000028
0.88;0.8433999999999959;0.1;0.1266;0.14;0.11584000000000005
0.42;0.41599999999999987;0.26;0.25424000000000013;0.26;0.2814399999999999
0.18;0.16396000000000005;0.28;0.3035600000000005;0.5;0.4837999999999981
0.44;0.44207999999999736;0.46;0.4671199999999982;0.44;0.4340400000000015
0.3;0.29564000000000107;0.46;0.49139999999999917;0.1;0.10868
0.52;0.5256800000000021;0.22;0.21820000000000034;0.34;0.3734799999999992
0.58;0.5780800000000006;0.28;0.27992000000000045;0.38;0.3837199999999984
0.3;0.29920000000000196;0.62;0.6291599999999975;0.44;0.4388000000000014
0.18;0.17564000000000027;0.32;0.3255600000000003;0.24;0.2382800000000002
0.3;0.3015200000000014;0.42;0.41511999999999977;0.24;0.24135999999999988
0.32;0.3164000000000007;0.4;0.41171999999999986;0.36;0.3692800000000004
0.64;0.6696800000000029;0.16;0.1319599999999999;0.1;0.11820000000000004
0.42;0.4126;0.1;0.10527999999999998;0.46;0.4548399999999992
0.24;0.23656000000000058;0.32;0.31784000000000073;0.16;0.1644400000000002
0.38;0.3844000000000019;0.18;0.17892;0.42;0.385
0.18;0.17988000000000018;0.66;0.6658399999999987;0.28;0.28255999999999964
0.52;0.5167600000000027;0.16;0.1587600000000001;0.42;0.42152000000000067
0.2;0.19496000000000055;0.4;0.4070000000000003;0.38;0.37975999999999827
0.2;0.1958000000000004;0.38;0.39100000000000074;0.26;0.26152000000000025
0.26;0.2593199999999997;0.46;0.46051999999999765;0.42;0.424640000000001
0.58;0.5775600000000015;0.1;0.1036;0.3;0.3042799999999993
0.28;0.28019999999999906;0.62;0.614839999999999;0.34;0.34048000000000034
0.36;0.36416000000000115;0.46;0.45519999999999994;0.2;0.19456000000000007
0.14;0.14667999999999987;0.32;0.3128800000000004;0.14;0.1460800000000001
0.72;0.7216399999999952;0.18;0.17660000000000042;0.22;0.22819999999999974
0.58;0.5810000000000017;0.1;0.102;0.32;0.33355999999999975
0.32;0.3177200000000008;0.22;0.22504000000000085;0.38;0.3673999999999998
0.16;0.15828000000000012;0.64;0.6309199999999986;0.5;0.4791999999999973
0.5;0.4861599999999988;0.1;0.11279999999999997;0.16;0.13660000000000005
0.1;0.10608;0.82;0.8204;0.34;0.3352400000000003
0.26;0.24984000000000048;0.22;0.24220000000000091;0.5;0.4561199999999988
0.22;0.21928000000000045;0.44;0.43547999999999887;0.26;0.2615999999999999
0.52;0.5102400000000026;0.1;0.11095999999999996;0.2;0.17548000000000039
0.68;0.67612;0.12;0.12315999999999994;0.28;0.282240000000001
0.1;0.10659999999999999;0.48;0.4722799999999981;0.46;0.4632399999999988
0.62;0.6184400000000005;0.34;0.3426800000000004;0.42;0.4205200000000026
0.24;0.24128000000000116;0.48;0.4689199999999979;0.5;0.47087999999999786
0.14;0.1349599999999999;0.14;0.15460000000000002;0.48;0.4427199999999997
0.2;0.20216000000000076;0.48;0.4745599999999982;0.48;0.48119999999999885
0.22;0.21844000000000063;0.44;0.44303999999999816;0.44;0.44640000000000013
0.12;0.12055999999999993;0.66;0.665239999999999;0.16;0.1654800000000003
0.56;0.560360000000001;0.38;0.3965600000000009;0.44;0.44004000000000226
0.2;0.1919200000000005;0.12;0.12871999999999992;0.34;0.3149600000000007
0.22;0.21912000000000048;0.52;0.5386800000000007;0.12;0.1282000000000001
0.42;0.42299999999999904;0.18;0.17679999999999993;0.36;0.3607599999999998
0.14;0.1373199999999999;0.18;0.18368000000000043;0.42;0.41815999999999953
0.44;0.42903999999999876;0.22;0.22712000000000057;0.42;0.4099599999999989
0.1;0.10611999999999999;0.42;0.42599999999999905;0.34;0.3414400000000002
0.32;0.3159200000000009;0.38;0.3834000000000013;0.38;0.3775199999999997
0.2;0.20040000000000072;0.7;0.7144399999999966;0.34;0.33972000000000013
0.32;0.3210800000000006;0.5;0.48687999999999926;0.14;0.13752000000000006
0.5;0.5042000000000021;0.28;0.27580000000000054;0.26;0.26512
0.22;0.22244000000000078;0.52;0.5279200000000008;0.2;0.20911999999999997
0.52;0.5188000000000027;0.46;0.43639999999999807;0.42;0.4216400000000025
0.1;0.11047999999999998;0.24;0.23244000000000078;0.32;0.32492000000000043
0.72;0.7161599999999951;0.26;0.23748000000000097;0.48;0.4756399999999978
0.34;0.3406000000000009;0.38;0.3790400000000012;0.3;0.30204000000000014
0.24;0.23880000000000068;0.28;0.2824800000000002;0.2;0.19995999999999992
0.18;0.17264000000000018;0.4;0.40844000000000014;0.42;0.41548000000000124
0.72;0.7249599999999958;0.12;0.11635999999999996;0.4;0.4166799999999995
0.6;0.5997199999999994;0.3;0.3179200000000003;0.34;0.3414800000000003
0.2;0.19892000000000032;0.24;0.2416400000000003;0.34;0.3385600000000003
0.1;0.10647999999999999;0.3;0.29856000000000077;0.46;0.44264000000000153
0.48;0.48163999999999735;0.34;0.3382400000000003;0.48;0.48051999999999817
0.46;0.46035999999999777;0.48;0.4881599999999997;0.1;0.10052000000000001
0.18;0.17720000000000014;0.74;0.740319999999998;0.28;0.2813999999999991
0.66;0.6485599999999999;0.16;0.1592000000000002;0.46;0.4583999999999994
0.44;0.44599999999999757;0.38;0.3691600000000012;0.3;0.29967999999999995
0.3;0.3004400000000017;0.36;0.3593600000000014;0.46;0.4671599999999989
0.18;0.1759200000000003;0.24;0.24336000000000066;0.36;0.35975999999999997
0.18;0.18216000000000024;0.46;0.4577199999999987;0.24;0.24195999999999968
0.36;0.3607200000000007;0.54;0.554000000000001;0.32;0.3193600000000002
0.12;0.11755999999999994;0.86;0.8268800000000013;0.36;0.3567599999999991
0.64;0.6393599999999953;0.32;0.3218000000000006;0.46;0.4600399999999974
0.32;0.32216000000000045;0.12;0.11923999999999994;0.32;0.3159999999999997
0.52;0.5034800000000027;0.1;0.11511999999999996;0.24;0.2004000000000003
0.36;0.35976000000000063;0.56;0.571559999999999;0.38;0.3794399999999985
0.16;0.15880000000000005;0.66;0.6558799999999976;0.14;0.13932000000000025
0.42;0.41895999999999917;0.42;0.42199999999999904;0.46;0.4584399999999992
0.22;0.22720000000000082;0.22;0.2088400000000005;0.1;0.1262800000000001
0.34;0.34016000000000113;0.58;0.5942799999999993;0.32;0.31984000000000107
0.46;0.4630399999999974;0.34;0.33420000000000016;0.36;0.36099999999999915
0.28;0.2777599999999997;0.16;0.16272000000000006;0.14;0.1367599999999999
0.14;0.14559999999999987;0.24;0.2297600000000009;0.46;0.47831999999999814
0.4;0.3990400000000011;0.3;0.3150399999999995;0.28;0.29551999999999917
0.32;0.3193600000000005;0.66;0.6215999999999996;0.5;0.4866399999999983
0.1;0.11087999999999996;0.22;0.20724000000000034;0.38;0.3983600000000002
0.28;0.2791999999999994;0.4;0.4152800000000002;0.12;0.12896000000000005
0.38;0.3831600000000023;0.46;0.4634799999999975;0.26;0.26231999999999983
0.1;0.10423999999999999;0.84;0.8403599999999983;0.1;0.10116
0.74;0.7419199999999986;0.24;0.21132000000000029;0.44;0.44576000000000116
0.2;0.20912000000000033;0.34;0.31868000000000063;0.4;0.4267200000000015
0.24;0.23900000000000116;0.56;0.5580400000000006;0.28;0.2746000000000001
0.36;0.36332000000000114;0.12;0.11855999999999994;0.26;0.2589199999999995
0.58;0.5802400000000012;0.36;0.3706800000000017;0.2;0.19956000000000002
0.22;0.22424000000000086;0.38;0.36824000000000146;0.5;0.49107999999999874
0.36;0.3614400000000013;0.16;0.16108000000000022;0.16;0.1575200000000002
0.1;0.11839999999999995;0.78;0.7714799999999995;0.2;0.18852000000000038
0.66;0.6593199999999995;0.18;0.19396000000000035;0.2;0.20044
0.32;0.31972000000000045;0.56;0.5642000000000007;0.44;0.4426000000000004
0.48;0.4784799999999991;0.16;0.15904000000000007;0.28;0.29432000000000025
0.2;0.2063200000000004;0.3;0.2950000000000002;0.12;0.12624000000000007
0.78;0.7783199999999975;0.14;0.1513599999999999;0.14;0.14143999999999995
0.3;0.30032000000000153;0.44;0.4443599999999985;0.32;0.3281600000000001
0.28;0.2801199999999992;0.46;0.45579999999999826;0.48;0.47276000000000035
0.18;0.18464000000000017;0.24;0.2369200000000008;0.22;0.23272000000000012
0.2;0.19432000000000044;0.36;0.3826400000000018;0.3;0.30140000000000006
0.4;0.3994400000000014;0.56;0.5582400000000012;0.24;0.240559999999999
0.12;0.12335999999999994;0.34;0.33220000000000033;0.46;0.4683999999999983
0.14;0.1311999999999999;0.38;0.4094800000000006;0.12;0.12076000000000016
0.36;0.36200000000000127;0.36;0.3561600000000004;0.2;0.20755999999999974
0.26;0.25979999999999964;0.5;0.501640000000002;0.48;0.4808799999999994
0.28;0.28091999999999956;0.52;0.5154000000000011;0.14;0.14072
0.2;0.20616000000000032;0.18;0.17336000000000026;0.38;0.4025600000000001
0.58;0.579240000000002;0.36;0.36880000000000207;0.44;0.4411600000000021
0.3;0.3021200000000007;0.12;0.11787999999999994;0.14;0.14263999999999988
0.3;0.2985600000000011;0.38;0.40160000000000057;0.1;0.10892000000000002
0.4;0.40100000000000113;0.44;0.4428399999999983;0.32;0.3229600000000006
0.26;0.25256000000000045;0.14;0.14911999999999984;0.24;0.2167600000000002
0.12;0.11931999999999995;0.46;0.45679999999999865;0.22;0.2202399999999999
0.38;0.3830400000000022;0.12;0.11779999999999995;0.36;0.36071999999999954
0.26;0.25703999999999994;0.38;0.3872800000000016;0.48;0.4800399999999989
0.2;0.19152000000000025;0.26;0.26808000000000026;0.18;0.17176000000000008
0.24;0.231720000000001;0.1;0.11047999999999998;0.42;0.37620000000000026
0.56;0.562160000000001;0.36;0.3651200000000019;0.5;0.49819999999999975
0.24;0.23492000000000124;0.1;0.1036;0.14;0.13203999999999996
0.36;0.3604800000000007;0.56;0.5726000000000012;0.32;0.3196800000000007
0.12;0.11527999999999995;0.18;0.1908400000000003;0.46;0.44232000000000105
0.32;0.3181200000000006;0.6;0.6074799999999997;0.16;0.15663999999999997
0.28;0.27928000000000025;0.3;0.2916000000000001;0.44;0.4525999999999993
0.3;0.2992000000000017;0.58;0.5745999999999999;0.34;0.3339200000000007
0.1;0.11371999999999995;0.12;0.10567999999999998;0.14;0.17664000000000019
0.4;0.40196000000000115;0.42;0.4171599999999995;0.42;0.42240000000000144
0.34;0.34592000000000056;0.2;0.19200000000000045;0.1;0.11548000000000007
0.62;0.625759999999999;0.24;0.23096000000000017;0.2;0.20783999999999986
0.28;0.2809999999999994;0.44;0.4361199999999988;0.26;0.2625599999999995
0.74;0.7267999999999974;0.1;0.11347999999999997;0.16;0.12680000000000016
0.44;0.44347999999999754;0.44;0.4527599999999991;0.14;0.1403200000000002
0.24;0.2364400000000012;0.6;0.5913600000000006;0.22;0.2095999999999998
0.5;0.4950800000000017;0.14;0.1422399999999999;0.5;0.4821999999999987
0.2;0.20088000000000059;0.78;0.7523600000000012;0.3;0.2903599999999995
0.16;0.16040000000000018;0.78;0.7895200000000003;0.18;0.17936000000000069
0.7;0.6903599999999998;0.1;0.11011999999999998;0.5;0.46951999999999794
0.66;0.6557200000000017;0.22;0.23304000000000064;0.5;0.4927999999999989
0.3;0.29948000000000186;0.6;0.6101200000000002;0.14;0.1396800000000002
0.16;0.15940000000000004;0.52;0.5399600000000006;0.18;0.1894400000000005
0.5;0.4831999999999978;0.1;0.11579999999999996;0.18;0.14944000000000002
0.28;0.28295999999999966;0.44;0.42975999999999936;0.4;0.38871999999999945
0.28;0.2876800000000003;0.58;0.5950399999999998;0.1;0.10724
0.5;0.5012000000000032;0.4;0.4092800000000003;0.4;0.39947999999999995
0.62;0.6220800000000009;0.34;0.3353599999999998;0.12;0.12072000000000019
0.36;0.361120000000001;0.4;0.39704000000000017;0.24;0.23664000000000004
0.56;0.5733600000000012;0.16;0.14575999999999986;0.1;0.12224000000000004
0.5;0.5040400000000023;0.3;0.29416000000000053;0.36;0.3619599999999993
0.56;0.5623600000000014;0.32;0.32512000000000035;0.5;0.49467999999999906
0.2;0.18496000000000015;0.24;0.26367999999999997;0.48;0.4448400000000013
0.6;0.5885599999999996;0.2;0.22524000000000063;0.12;0.11512000000000008
0.18;0.1710400000000001;0.1;0.10971999999999998;0.22;0.19124000000000022
0.46;0.4623599999999974;0.4;0.401640000000001;0.3;0.30484000000000033
0.48;0.4831999999999977;0.42;0.4256799999999992;0.32;0.3202800000000015
0.32;0.31828000000000056;0.34;0.3592000000000003;0.12;0.12668000000000018
0.14;0.1372399999999999;0.84;0.8146399999999975;0.34;0.33972000000000013
0.5;0.4821599999999984;0.24;0.2869599999999998;0.3;0.28263999999999956
0.24;0.23928000000000124;0.72;0.7155999999999992;0.46;0.4531199999999977
0.86;0.8564399999999948;0.1;0.11523999999999995;0.3;0.28563999999999945
0.36;0.3541200000000008;0.18;0.18616000000000024;0.36;0.32659999999999995
0.68;0.6745999999999986;0.1;0.10575999999999999;0.24;0.22904000000000044
0.2;0.20168000000000072;0.4;0.40452000000000043;0.42;0.4318400000000017
0.88;0.8417999999999983;0.1;0.13183999999999996;0.42;0.3456400000000005
0.26;0.2620399999999996;0.66;0.6593999999999981;0.22;0.21995999999999977
0.12;0.12627999999999992;0.78;0.7872399999999994;0.18;0.17760000000000065
0.1;0.11127999999999996;0.16;0.14683999999999986;0.32;0.3433200000000001
0.14;0.13683999999999988;0.18;0.18620000000000023;0.48;0.4708399999999995
0.34;0.33792000000000016;0.2;0.1983600000000007;0.4;0.40204000000000006
0.46;0.4644399999999975;0.14;0.13767999999999989;0.36;0.3647199999999995
0.42;0.4173999999999997;0.1;0.1054;0.24;0.2327200000000004
0.66;0.6571200000000044;0.1;0.1028;0.38;0.3596799999999997
0.26;0.26396;0.16;0.1519999999999999;0.12;0.14703999999999995
0.3;0.30196000000000134;0.3;0.3005600000000005;0.46;0.46423999999999965
0.46;0.4601199999999978;0.48;0.4899600000000015;0.2;0.19976
0.12;0.10919999999999998;0.1;0.11335999999999995;0.34;0.2939599999999999
0.4;0.40084000000000114;0.46;0.45843999999999774;0.48;0.4812399999999991
0.28;0.2812399999999999;0.14;0.13667999999999988;0.3;0.3151999999999999
0.34;0.33880000000000116;0.62;0.621679999999996;0.14;0.13880000000000026
0.62;0.6073199999999997;0.1;0.11223999999999996;0.12;0.11940000000000003
0.42;0.4180399999999993;0.5;0.5111600000000003;0.3;0.29803999999999997
0.2;0.1989600000000008;0.66;0.6549999999999986;0.4;0.39459999999999973
0.3;0.2986800000000018;0.66;0.5905999999999992;0.42;0.37496000000000057
0.14;0.13783999999999988;0.4;0.40592000000000045;0.24;0.24035999999999919
0.26;0.2547200000000001;0.58;0.5789199999999997;0.26;0.255
0.76;0.7620800000000033;0.2;0.19771999999999992;0.14;0.14320000000000022
0.32;0.32208000000000053;0.42;0.4117199999999998;0.48;0.4644399999999992
0.4;0.402600000000001;0.4;0.395520000000001;0.38;0.37871999999999945
0.18;0.18252000000000043;0.32;0.3191600000000002;0.16;0.1656000000000001
0.52;0.5275200000000019;0.16;0.15427999999999994;0.12;0.12699999999999992
0.7;0.711879999999999;0.14;0.12731999999999993;0.18;0.22735999999999984
0.64;0.6393199999999974;0.26;0.2747600000000001;0.2;0.20099999999999998
0.48;0.4741599999999987;0.14;0.14695999999999987;0.48;0.477719999999999
0.34;0.34008000000000066;0.4;0.4134000000000004;0.14;0.14808000000000007
0.72;0.7227999999999953;0.12;0.12011999999999995;0.46;0.4514800000000002
0.38;0.3832800000000019;0.12;0.11851999999999994;0.26;0.26135999999999926
0.72;0.714119999999997;0.14;0.1702800000000003;0.22;0.20371999999999996
0.56;0.5640400000000012;0.32;0.3177600000000005;0.24;0.2416799999999994
0.48;0.48303999999999925;0.18;0.17984000000000022;0.2;0.20751999999999987
0.68;0.6824799999999975;0.3;0.2739599999999994;0.22;0.2222799999999999
0.46;0.44367999999999824;0.1;0.11475999999999996;0.2;0.17012000000000022
0.32;0.32116000000000045;0.48;0.4791599999999998;0.38;0.38528000000000023
0.3;0.29856000000000066;0.16;0.1603600000000001;0.42;0.42548000000000086
0.6;0.5949599999999984;0.18;0.18488;0.48;0.4652399999999995
0.18;0.1791200000000004;0.32;0.3212;0.26;0.25892000000000037
0.22;0.21364000000000052;0.22;0.23008000000000076;0.28;0.26068000000000036
0.56;0.5572800000000013;0.12;0.12187999999999993;0.34;0.32284000000000007
0.24;0.2500800000000006;0.5;0.5093199999999986;0.1;0.11172000000000001
0.88;0.8649199999999982;0.1;0.11199999999999997;0.38;0.3293600000000003
0.28;0.2791599999999993;0.62;0.6342799999999975;0.26;0.2592000000000003
0.7;0.7004000000000009;0.22;0.22708000000000075;0.42;0.4232000000000021
0.56;0.5555600000000006;0.22;0.23828000000000057;0.26;0.25383999999999995
0.1;0.10823999999999998;0.2;0.19808000000000053;0.5;0.47127999999999837
0.2;0.20008000000000048;0.44;0.4387599999999988;0.26;0.26084000000000074
0.68;0.6771999999999978;0.3;0.2735999999999996;0.48;0.4775599999999972
0.14;0.1360799999999999;0.84;0.8177599999999972;0.26;0.261360000000001
0.16;0.15703999999999999;0.38;0.39496000000000153;0.24;0.2408799999999994
0.1;0.11131999999999996;0.54;0.5288000000000019;0.34;0.3346000000000008
0.8;0.8005600000000013;0.16;0.1594799999999999;0.26;0.2680000000000004
0.32;0.3199600000000006;0.66;0.6199999999999976;0.28;0.27219999999999966
0.48;0.48063999999999646;0.46;0.4744000000000004;0.44;0.4396400000000017
0.4;0.40136000000000116;0.38;0.3793200000000018;0.44;0.4481199999999994
0.32;0.32512000000000046;0.14;0.1363599999999999;0.24;0.2386800000000005
0.6;0.5984399999999981;0.12;0.11891999999999994;0.36;0.3715999999999992
0.62;0.6210000000000003;0.32;0.33136000000000065;0.36;0.35995999999999934
0.24;0.24224000000000123;0.56;0.5379600000000015;0.48;0.44919999999999966
0.46;0.4587199999999975;0.26;0.2947999999999998;0.14;0.13427999999999995
0.38;0.3775200000000017;0.2;0.2007600000000008;0.38;0.3777199999999993
0.38;0.38452000000000236;0.48;0.4812399999999992;0.46;0.44972
0.24;0.23856000000000088;0.32;0.31496000000000085;0.2;0.20364
0.32;0.3207200000000007;0.42;0.4216799999999993;0.28;0.2860400000000003
0.5;0.4987600000000023;0.2;0.2026000000000006;0.26;0.24459999999999954
0.14;0.13927999999999988;0.7;0.7011199999999975;0.3;0.3016400000000001
0.52;0.518720000000002;0.12;0.11891999999999994;0.2;0.19888000000000017
0.24;0.2384800000000005;0.32;0.31392000000000075;0.14;0.1484399999999999
0.76;0.7610800000000039;0.2;0.20047999999999988;0.26;0.26484000000000096
0.76;0.7595600000000037;0.2;0.20212;0.46;0.4638399999999973
0.4;0.40084000000000103;0.42;0.4283599999999994;0.1;0.10344
0.1;0.10468000000000001;0.86;0.8501599999999987;0.1;0.1012
0.2;0.19192000000000037;0.36;0.385240000000002;0.12;0.12044000000000017
0.2;0.21092000000000027;0.34;0.3196800000000002;0.3;0.3217199999999998
0.16;0.1581199999999999;0.28;0.28052000000000016;0.3;0.3052400000000005
0.22;0.2204400000000008;0.34;0.3305600000000006;0.22;0.2211199999999997
0.2;0.1951600000000003;0.26;0.2682800000000002;0.36;0.3476
0.52;0.5097200000000032;0.24;0.27272000000000024;0.22;0.21019999999999978
0.58;0.5814000000000008;0.26;0.25192000000000064;0.18;0.18328000000000058
0.14;0.1385999999999999;0.34;0.33632;0.42;0.43064000000000213
0.54;0.540040000000001;0.24;0.24248000000000064;0.32;0.3185600000000005
0.4;0.3990000000000014;0.48;0.5036400000000016;0.24;0.25248000000000037
0.28;0.27863999999999906;0.66;0.6568399999999976;0.26;0.25500000000000067
0.36;0.36316000000000087;0.48;0.4777999999999992;0.24;0.2309200000000001
0.8;0.8016800000000007;0.18;0.15308;0.36;0.36991999999999897
0.6;0.6010799999999993;0.26;0.2619600000000006;0.3;0.30199999999999994
0.1;0.11783999999999994;0.26;0.24308000000000102;0.14;0.1455200000000001
0.74;0.7389199999999978;0.24;0.21500000000000047;0.22;0.22304000000000004
0.6;0.6001199999999988;0.28;0.28123999999999993;0.48;0.48263999999999785
0.3;0.29948000000000075;0.28;0.2811200000000001;0.24;0.24052000000000007
0.36;0.3591200000000009;0.34;0.3476000000000006;0.28;0.2872399999999994
0.56;0.559360000000001;0.42;0.3912800000000012;0.22;0.21967999999999993
0.36;0.35940000000000144;0.2;0.19888000000000078;0.42;0.42116000000000114
0.42;0.42095999999999917;0.14;0.13927999999999988;0.48;0.4785999999999985
0.44;0.4413999999999975;0.46;0.47727999999999815;0.2;0.20072
0.28;0.28152;0.24;0.2549200000000003;0.46;0.4257999999999992
0.28;0.27927999999999914;0.66;0.6689599999999984;0.28;0.27907999999999894
0.12;0.11799999999999994;0.48;0.4828000000000001;0.44;0.44480000000000147
0.32;0.32148000000000043;0.56;0.5658400000000006;0.26;0.26175999999999994
0.24;0.2398800000000011;0.46;0.46023999999999776;0.42;0.4236400000000008
0.12;0.11843999999999995;0.62;0.6061999999999976;0.46;0.44076000000000093
0.58;0.5887200000000002;0.14;0.1315599999999999;0.12;0.1350800000000001
0.7;0.7008000000000012;0.28;0.2556;0.34;0.34160000000000007
0.64;0.632959999999998;0.18;0.2070800000000004;0.24;0.22567999999999983
0.5;0.5054400000000019;0.36;0.3586800000000014;0.3;0.30268000000000034
0.68;0.6764399999999993;0.18;0.19596000000000055;0.16;0.15784000000000004
0.1;0.11771999999999994;0.66;0.6493999999999995;0.32;0.31760000000000066
0.58;0.5759200000000012;0.14;0.14455999999999988;0.24;0.21647999999999987
0.1;0.11839999999999995;0.64;0.6308399999999992;0.3;0.2972799999999997
0.46;0.46527999999999786;0.22;0.21792000000000072;0.42;0.42159999999999903
0.4;0.39204000000000166;0.28;0.31576000000000076;0.12;0.12000000000000013
0.44;0.4297599999999983;0.32;0.3355600000000002;0.26;0.2635599999999996
0.62;0.6381599999999993;0.18;0.16580000000000014;0.28;0.2905600000000003
0.16;0.1613200000000001;0.4;0.400480000000001;0.12;0.11952000000000015
0.26;0.2532400000000002;0.26;0.27288000000000023;0.46;0.4396800000000008
0.3;0.29856000000000105;0.3;0.29480000000000034;0.26;0.27408
0.16;0.16092000000000015;0.4;0.4030000000000007;0.16;0.15891999999999998
0.36;0.3605600000000007;0.46;0.45435999999999804;0.46;0.4513600000000002
0.42;0.41435999999999973;0.32;0.3329600000000004;0.4;0.4107600000000005
0.3;0.29524000000000106;0.1;0.10412;0.24;0.22340000000000018
0.5;0.501040000000003;0.3;0.2999200000000008;0.48;0.478839999999998
0.62;0.6188399999999998;0.36;0.3348400000000004;0.28;0.2773199999999991
0.18;0.18624000000000043;0.7;0.7105599999999981;0.12;0.11956000000000015
0.22;0.21188000000000037;0.74;0.6904399999999999;0.16;0.1505599999999999
0.42;0.41843999999999926;0.56;0.5344400000000014;0.32;0.3139200000000014
0.6;0.594799999999998;0.12;0.12051999999999993;0.5;0.4737199999999982
0.16;0.1678800000000003;0.38;0.3931200000000016;0.5;0.4850399999999981
0.46;0.45975999999999784;0.52;0.495000000000002;0.16;0.16072000000000006
0.2;0.1999200000000005;0.28;0.2832800000000006;0.38;0.37376000000000015
0.22;0.21832000000000074;0.28;0.2782800000000005;0.26;0.2707599999999997
0.64;0.6465600000000006;0.12;0.11223999999999996;0.1;0.11964000000000012
0.48;0.47215999999999864;0.18;0.17944;0.46;0.46219999999999856
0.54;0.5395200000000011;0.4;0.4105999999999997;0.36;0.36095999999999917
0.74;0.7392799999999976;0.18;0.18784000000000048;0.18;0.18112000000000053
0.28;0.28191999999999945;0.5;0.5155600000000019;0.24;0.2615600000000003
0.48;0.47931999999999675;0.46;0.4735199999999982;0.16;0.16112000000000007
0.32;0.3374000000000007;0.3;0.2826400000000004;0.28;0.28936000000000006
0.26;0.26187999999999945;0.58;0.5788800000000003;0.36;0.3650799999999991
0.46;0.4695999999999974;0.36;0.3463600000000007;0.22;0.22111999999999984
0.12;0.12339999999999994;0.72;0.719719999999998;0.42;0.42356000000000193
0.14;0.1403199999999999;0.76;0.7705599999999978;0.1;0.1016
0.3;0.3114000000000006;0.32;0.2932400000000005;0.34;0.3838799999999998
0.5;0.4918800000000008;0.26;0.28256000000000053;0.12;0.1164400000000001
0.1;0.11379999999999997;0.66;0.6483199999999987;0.18;0.17596000000000062
0.68;0.6813199999999983;0.24;0.2554000000000002;0.26;0.2645600000000006
0.14;0.1375999999999999;0.58;0.5762400000000003;0.5;0.48283999999999827
0.5;0.5029600000000024;0.28;0.27700000000000047;0.36;0.36003999999999914
0.36;0.3599200000000008;0.36;0.35792000000000135;0.46;0.4614799999999997
0.38;0.3803600000000023;0.26;0.27143999999999946;0.5;0.4651599999999984
0.64;0.6418399999999985;0.22;0.21468000000000018;0.2;0.20895999999999987
0.14;0.12495999999999993;0.1;0.11583999999999996;0.26;0.22679999999999959
0.1;0.11447999999999996;0.34;0.3253599999999999;0.24;0.23431999999999978
0.8;0.7977599999999998;0.14;0.14991999999999986;0.12;0.11964000000000011
0.1;0.11311999999999997;0.24;0.22648000000000065;0.36;0.3711199999999995
0.22;0.21860000000000057;0.12;0.12671999999999992;0.44;0.4179599999999997
0.3;0.29888000000000126;0.4;0.40484000000000026;0.22;0.22339999999999988
0.3;0.2992400000000016;0.46;0.4807199999999998;0.18;0.19400000000000012
0.34;0.33536000000000094;0.1;0.10308;0.3;0.2903599999999997
0.3;0.3023200000000008;0.12;0.11731999999999997;0.12;0.12503999999999996
0.44;0.4359999999999977;0.32;0.32728000000000035;0.44;0.4348400000000006
0.18;0.15928;0.3;0.32056000000000034;0.14;0.12996000000000002
0.18;0.16764000000000015;0.12;0.1365999999999999;0.5;0.4561999999999985
0.54;0.5423200000000012;0.14;0.1386399999999999;0.14;0.14303999999999986
0.56;0.563120000000001;0.28;0.2728800000000006;0.18;0.1848400000000005
0.28;0.2790799999999991;0.7;0.6616799999999975;0.22;0.21683999999999976
0.44;0.4450799999999975;0.38;0.36536000000000124;0.46;0.4525600000000001
0.68;0.6906800000000015;0.14;0.12859999999999994;0.12;0.1450799999999999
0.34;0.340080000000001;0.46;0.4548399999999981;0.4;0.3900399999999999
0.54;0.5415200000000013;0.34;0.3459600000000005;0.4;0.4022400000000002
0.12;0.12039999999999995;0.5;0.5092400000000012;0.18;0.18732000000000054
0.4;0.3999600000000013;0.48;0.4899200000000001;0.42;0.4308800000000016
0.16;0.16216000000000017;0.52;0.518440000000002;0.46;0.46091999999999905
0.22;0.2182000000000006;0.18;0.18088000000000024;0.26;0.2680399999999995
0.6;0.5988399999999994;0.24;0.23888000000000054;0.36;0.3633599999999988
0.18;0.17992000000000016;0.48;0.4836400000000007;0.1;0.10291999999999998
0.22;0.21928000000000053;0.72;0.7015199999999996;0.5;0.48071999999999926
0.36;0.3599200000000006;0.6;0.602320000000001;0.5;0.49599999999999955
0.52;0.5214400000000027;0.36;0.36624000000000173;0.38;0.37999999999999795
0.48;0.4827999999999988;0.12;0.11563999999999995;0.12;0.1290400000000001
0.38;0.3733200000000019;0.3;0.3360000000000001;0.16;0.1642800000000002
0.24;0.23816000000000123;0.52;0.5302400000000012;0.26;0.2685199999999992
0.46;0.45819999999999794;0.26;0.2808799999999995;0.36;0.3582399999999992
0.16;0.16368000000000027;0.56;0.5574400000000008;0.42;0.4301200000000014
0.14;0.14011999999999988;0.76;0.7657599999999979;0.24;0.2418799999999992
0.46;0.4639599999999978;0.12;0.11915999999999995;0.28;0.2914799999999998
0.74;0.7337599999999967;0.14;0.17476000000000003;0.5;0.4653999999999986
0.14;0.1378799999999999;0.82;0.8273200000000015;0.1;0.101
0.44;0.44567999999999763;0.38;0.367440000000001;0.14;0.14028000000000013
0.38;0.3828000000000022;0.52;0.5359200000000006;0.18;0.18244000000000044
0.28;0.2815199999999995;0.54;0.5346000000000019;0.24;0.2359200000000002
0.24;0.2431200000000008;0.66;0.679279999999999;0.36;0.3666399999999988
0.5;0.4895600000000004;0.1;0.11003999999999999;0.14;0.12860000000000005
0.16;0.16192000000000026;0.56;0.5590800000000014;0.46;0.4682399999999992
0.5;0.5028800000000032;0.38;0.3786800000000016;0.5;0.484799999999998
0.4;0.3972400000000014;0.36;0.37960000000000094;0.18;0.1879600000000004
0.74;0.7387599999999981;0.16;0.17227999999999996;0.46;0.4560399999999996
0.1;0.10831999999999997;0.72;0.7171199999999988;0.38;0.37443999999999844
0.68;0.6809599999999981;0.22;0.2274000000000005;0.3;0.3046000000000002
0.14;0.14627999999999985;0.28;0.27728000000000075;0.2;0.20356000000000002
0.3;0.3028800000000008;0.14;0.14047999999999988;0.22;0.2105999999999999
0.46;0.4647599999999981;0.22;0.21684000000000056;0.14;0.14795999999999981
0.28;0.2821200000000001;0.6;0.61404;0.14;0.1421999999999999
0.26;0.25328000000000034;0.1;0.11083999999999997;0.48;0.43307999999999963
0.16;0.16244000000000008;0.6;0.6037999999999998;0.16;0.16332000000000013
0.28;0.2844800000000004;0.32;0.30036000000000074;0.38;0.41360000000000063
0.58;0.5736800000000015;0.2;0.22208000000000067;0.32;0.3075600000000004
0.66;0.6800399999999991;0.16;0.1392399999999999;0.12;0.15352000000000016
0.28;0.2748399999999994;0.36;0.3723600000000018;0.44;0.4362000000000014
0.5;0.48740000000000017;0.1;0.10955999999999998;0.26;0.2425599999999995
0.76;0.7615600000000017;0.2;0.17604000000000036;0.24;0.2512800000000003
0.32;0.3219200000000004;0.42;0.4330799999999999;0.1;0.11100000000000003
0.46;0.45935999999999794;0.28;0.28387999999999997;0.44;0.4427599999999998
0.58;0.5648000000000005;0.18;0.18624000000000043;0.22;0.21671999999999986
0.5;0.49240000000000117;0.26;0.29012000000000093;0.1;0.10332
0.22;0.20644000000000037;0.36;0.40256000000000103;0.16;0.1616400000000001
0.64;0.6397199999999986;0.24;0.24884000000000037;0.2;0.2024399999999999
0.28;0.2791999999999991;0.66;0.6691599999999971;0.32;0.3184400000000014
0.24;0.2445200000000005;0.14;0.13387999999999992;0.22;0.2516399999999999
0.12;0.11903999999999995;0.84;0.8440399999999946;0.48;0.4811999999999972
0.14;0.1311199999999999;0.38;0.403840000000001;0.2;0.20347999999999988
0.34;0.3401200000000009;0.54;0.5368000000000015;0.42;0.4219200000000004
0.86;0.8538399999999996;0.12;0.11003999999999999;0.18;0.17903999999999975
0.52;0.5289600000000014;0.22;0.2090000000000004;0.32;0.3643999999999991
0.62;0.6316399999999975;0.14;0.12759999999999994;0.1;0.12392000000000017
0.24;0.24036000000000116;0.64;0.6461999999999999;0.44;0.4430800000000003
0.22;0.22860000000000089;0.16;0.14911999999999984;0.3;0.33611999999999964
0.26;0.25276000000000026;0.34;0.35600000000000126;0.42;0.4251200000000012
0.42;0.3581600000000004;0.1;0.1515199999999999;0.1;0.11012000000000002
0.4;0.40420000000000084;0.36;0.35188000000000064;0.24;0.2438799999999998
0.62;0.6228399999999997;0.28;0.2753600000000009;0.26;0.2635600000000008
0.3;0.2977600000000008;0.2;0.20240000000000039;0.22;0.21815999999999997
0.2;0.20028000000000043;0.48;0.48264;0.16;0.16011999999999998
0.24;0.2555600000000008;0.6;0.60132;0.1;0.10772
0.24;0.23856000000000083;0.26;0.2555600000000005;0.4;0.4084800000000004
0.22;0.21820000000000056;0.26;0.26380000000000015;0.34;0.33784
0.48;0.4803599999999966;0.44;0.4467199999999988;0.48;0.48279999999999823
0.14;0.13943999999999987;0.6;0.6026000000000004;0.16;0.16228000000000015
0.18;0.1807600000000002;0.42;0.42015999999999964;0.22;0.22239999999999985
0.8;0.8000800000000005;0.16;0.16391999999999993;0.14;0.14236000000000018
0.26;0.2621599999999999;0.14;0.13747999999999988;0.14;0.14395999999999987
0.26;0.26171999999999956;0.54;0.5428400000000012;0.32;0.32736000000000004
0.54;0.5432400000000012;0.26;0.25508000000000086;0.12;0.12308000000000019
0.26;0.25983999999999974;0.66;0.6715999999999975;0.18;0.17652000000000045
0.36;0.36056000000000077;0.48;0.47323999999999833;0.46;0.4512400000000006
0.24;0.24176000000000064;0.26;0.26036000000000026;0.14;0.1392399999999999
0.26;0.2600399999999998;0.2;0.19820000000000032;0.14;0.14591999999999988
0.5;0.49852000000000274;0.4;0.4156;0.12;0.11964000000000016
0.54;0.5429600000000014;0.32;0.3152000000000004;0.24;0.24459999999999948
0.52;0.5218000000000023;0.18;0.17668000000000023;0.14;0.1370399999999999
0.24;0.23888000000000123;0.68;0.6965199999999987;0.48;0.4811199999999981
0.6;0.6022799999999989;0.3;0.31015999999999994;0.32;0.32016000000000155
0.16;0.1643600000000001;0.12;0.11503999999999996;0.14;0.1537999999999998
0.16;0.1629600000000002;0.7;0.7027599999999973;0.3;0.3023200000000002
0.1;0.11847999999999995;0.3;0.28372000000000014;0.12;0.12080000000000013
0.78;0.7835199999999959;0.2;0.16748;0.1;0.10543999999999998
0.26;0.26216000000000006;0.22;0.22180000000000047;0.2;0.19503999999999994
0.14;0.14539999999999986;0.48;0.45875999999999856;0.12;0.11820000000000012
0.36;0.3536800000000006;0.1;0.10431999999999998;0.3;0.2902399999999997
0.36;0.3639200000000012;0.28;0.2669999999999998;0.1;0.12312000000000012
0.3;0.2989600000000006;0.22;0.2198400000000006;0.14;0.15056
0.54;0.5434000000000008;0.28;0.2729200000000005;0.34;0.34664000000000017
0.24;0.23796000000000123;0.74;0.6983199999999964;0.18;0.1758400000000006
0.34;0.34052000000000104;0.5;0.49144000000000176;0.2;0.19424000000000002
0.56;0.559840000000001;0.4;0.40040000000000053;0.32;0.3204400000000019
0.84;0.8380000000000016;0.12;0.12823999999999994;0.14;0.14140000000000014
0.74;0.7284399999999954;0.14;0.17988000000000026;0.14;0.12420000000000017
0.4;0.39904000000000117;0.24;0.23916000000000084;0.34;0.34296
0.24;0.23572000000000118;0.5;0.5108000000000011;0.28;0.2897200000000001
0.62;0.6395999999999995;0.18;0.1610000000000001;0.36;0.3597200000000002
0.34;0.3420000000000008;0.38;0.38632000000000083;0.1;0.10744000000000001
0.3;0.3133200000000002;0.32;0.29564000000000074;0.32;0.3528399999999998
0.3;0.299640000000002;0.68;0.6510400000000025;0.3;0.29739999999999983
0.22;0.2173600000000005;0.46;0.4747999999999983;0.28;0.2939199999999999
0.52;0.5208000000000026;0.12;0.12331999999999994;0.42;0.42059999999999986
0.28;0.2807599999999997;0.24;0.24292000000000039;0.42;0.412399999999999
0.3;0.2960400000000009;0.1;0.10687999999999999;0.48;0.43983999999999934
0.28;0.28303999999999996;0.56;0.5476800000000005;0.14;0.1398399999999999
0.24;0.2415600000000009;0.44;0.4382399999999987;0.28;0.2877999999999997
0.26;0.25200000000000033;0.34;0.3622800000000011;0.38;0.3793999999999985
0.32;0.31968000000000046;0.5;0.503680000000001;0.36;0.3626799999999991
0.74;0.7387599999999985;0.22;0.18772000000000008;0.14;0.14492000000000008
0.5;0.5056000000000027;0.34;0.32876000000000016;0.28;0.2801599999999995
0.24;0.2410000000000007;0.12;0.11743999999999996;0.16;0.17663999999999988
0.38;0.37992000000000214;0.2;0.20048000000000082;0.3;0.28995999999999994
0.3;0.2962000000000003;0.16;0.16172000000000003;0.38;0.37832000000000016
0.16;0.16428000000000018;0.12;0.12215999999999994;0.34;0.3175600000000004
0.52;0.5216000000000026;0.42;0.42567999999999956;0.48;0.4775599999999976
0.46;0.4509999999999979;0.1;0.10663999999999998;0.46;0.44596000000000036
0.22;0.21848000000000042;0.28;0.28484000000000065;0.44;0.43527999999999994
0.38;0.3823200000000025;0.6;0.5603200000000006;0.48;0.4724799999999975
0.14;0.14519999999999986;0.16;0.16176000000000001;0.26;0.2476000000000001
0.54;0.5328000000000017;0.22;0.24736000000000075;0.36;0.34384000000000003
0.2;0.19932000000000066;0.4;0.4047200000000004;0.4;0.41028000000000076
0.16;0.15243999999999994;0.12;0.1379199999999999;0.5;0.44243999999999917
0.6;0.5959199999999983;0.16;0.16960000000000022;0.48;0.47091999999999956
0.1;0.11179999999999997;0.12;0.11439999999999997;0.46;0.4571599999999991
0.12;0.12159999999999993;0.76;0.764559999999998;0.1;0.10176
0.2;0.20140000000000027;0.32;0.3092799999999998;0.24;0.25768000000000013
0.1;0.11411999999999997;0.68;0.6649200000000006;0.14;0.13516000000000009
0.1;0.10559999999999999;0.82;0.8346800000000001;0.14;0.13732000000000025
0.26;0.2591199999999996;0.7;0.6976799999999954;0.48;0.4727599999999974
0.4;0.3986800000000013;0.3;0.3045199999999995;0.24;0.24363999999999927
0.86;0.8515200000000005;0.1;0.11163999999999999;0.18;0.1711599999999998
0.42;0.4133999999999999;0.22;0.22308000000000064;0.44;0.43695999999999857
0.44;0.4421599999999975;0.44;0.445239999999999;0.42;0.42072000000000187
0.28;0.28019999999999906;0.64;0.66332;0.44;0.4442800000000003
0.5;0.5029600000000024;0.34;0.32788000000000045;0.12;0.12272000000000019
0.3;0.299080000000001;0.26;0.2604000000000004;0.16;0.1633200000000001
0.44;0.44079999999999736;0.48;0.49748000000000225;0.28;0.2797599999999991
0.62;0.6580800000000001;0.18;0.14399999999999988;0.1;0.12588000000000008
0.12;0.12255999999999993;0.34;0.3368400000000003;0.36;0.36743999999999877
0.74;0.7370399999999978;0.22;0.22728000000000087;0.5;0.49275999999999964
0.5;0.5001600000000038;0.46;0.457559999999997;0.26;0.26028000000000134
0.5;0.49984000000000384;0.48;0.4521199999999981;0.2;0.19960000000000006
0.48;0.4804799999999972;0.42;0.4267199999999992;0.48;0.4845199999999984
0.18;0.1716400000000001;0.28;0.2857600000000006;0.4;0.3965199999999995
0.36;0.3539200000000008;0.3;0.32288000000000067;0.36;0.36855999999999856
0.32;0.3177600000000006;0.6;0.6004000000000005;0.14;0.13852000000000006
0.18;0.17876000000000022;0.7;0.7070399999999972;0.22;0.21931999999999982
0.78;0.7756799999999974;0.12;0.14459999999999987;0.18;0.1651200000000002
0.46;0.4389199999999982;0.1;0.12027999999999993;0.14;0.11504000000000006
0.56;0.5613600000000011;0.36;0.37916000000000183;0.1;0.1012
0.5;0.4969600000000022;0.26;0.2681600000000005;0.36;0.3597599999999991
0.7;0.6990400000000004;0.28;0.24236000000000085;0.4;0.39739999999999986
0.2;0.20104000000000058;0.46;0.45939999999999775;0.3;0.30232000000000003
0.24;0.24080000000000118;0.6;0.5912799999999995;0.48;0.4653999999999988
0.26;0.2508400000000005;0.34;0.36096000000000117;0.4;0.4003199999999996
0.18;0.19244000000000036;0.36;0.3380000000000008;0.18;0.19700000000000012
0.3;0.2931200000000002;0.24;0.24884000000000045;0.4;0.3842799999999999
0.36;0.3618000000000011;0.46;0.4578399999999995;0.18;0.17596000000000028
0.38;0.3798400000000023;0.54;0.5605600000000006;0.1;0.1016
0.7;0.70252;0.28;0.23848000000000089;0.26;0.2619200000000005
0.76;0.7604400000000039;0.22;0.1925200000000006;0.38;0.3851999999999984
0.18;0.17624000000000029;0.38;0.3942000000000012;0.36;0.36211999999999905
0.28;0.28528000000000003;0.32;0.30520000000000086;0.44;0.4774799999999983
0.6;0.5984399999999976;0.32;0.32752000000000053;0.26;0.25892000000000087
0.72;0.7185999999999986;0.12;0.12275999999999994;0.36;0.3569599999999995
0.32;0.32116000000000045;0.38;0.37604000000000115;0.28;0.28391999999999984
0.1;0.10832;0.52;0.4904400000000008;0.12;0.11652000000000011
0.56;0.5519600000000012;0.1;0.10887999999999998;0.36;0.36871999999999955
0.16;0.16004000000000007;0.42;0.4218399999999995;0.18;0.1812400000000006
0.74;0.7391999999999983;0.2;0.20488000000000006;0.38;0.3819199999999984
0.16;0.15876000000000012;0.4;0.4032400000000007;0.34;0.3431999999999999
0.32;0.3205200000000004;0.56;0.5581200000000007;0.38;0.38215999999999967
0.1;0.11439999999999997;0.14;0.12411999999999992;0.24;0.27480000000000054
0.26;0.25975999999999966;0.54;0.5246000000000022;0.5;0.46003999999999917
0.42;0.4333999999999985;0.18;0.18196;0.48;0.46611999999999865
0.22;0.21956000000000045;0.56;0.5615200000000012;0.48;0.4713599999999998
0.62;0.6225199999999994;0.22;0.21984000000000053;0.18;0.17772000000000052
0.1;0.1044;0.82;0.8286400000000009;0.24;0.23531999999999914
0.6;0.5981599999999975;0.1;0.10248;0.32;0.3308399999999997
0.68;0.6779199999999993;0.2;0.21176000000000053;0.16;0.16060000000000013
0.52;0.5210400000000027;0.4;0.40448000000000045;0.5;0.4957199999999995
0.46;0.46079999999999754;0.4;0.4062400000000006;0.46;0.4675599999999983
0.4;0.4058000000000006;0.36;0.3467200000000009;0.34;0.33272000000000096
0.16;0.15456;0.44;0.448839999999998;0.46;0.4597999999999999
0.2;0.19928000000000062;0.7;0.7019199999999971;0.18;0.17852000000000062
0.64;0.6395199999999962;0.26;0.2693600000000001;0.22;0.22051999999999997
0.16;0.15796000000000007;0.68;0.6862400000000011;0.26;0.26088000000000067
0.38;0.38120000000000254;0.58;0.5771199999999985;0.46;0.4561199999999985
0.18;0.17928000000000008;0.52;0.5223600000000023;0.46;0.46223999999999954
0.62;0.6222799999999995;0.3;0.3090400000000003;0.48;0.4799999999999973
0.36;0.36524000000000173;0.28;0.27332000000000023;0.28;0.29148000000000046
0.26;0.2595599999999996;0.7;0.6894399999999961;0.18;0.17524000000000056
0.46;0.4638799999999977;0.14;0.13907999999999987;0.3;0.30740000000000006
0.36;0.3619600000000009;0.44;0.4326799999999994;0.3;0.28939999999999977
0.2;0.20780000000000054;0.18;0.17616000000000032;0.22;0.21904000000000004
0.68;0.6819999999999992;0.24;0.23836000000000016;0.44;0.4430000000000013
0.26;0.26787999999999956;0.3;0.28968000000000016;0.36;0.3726399999999996
0.62;0.6182399999999976;0.12;0.12127999999999993;0.22;0.2073199999999998
0.64;0.6336799999999977;0.18;0.20748000000000041;0.3;0.2831999999999992
0.16;0.15920000000000012;0.7;0.703359999999997;0.42;0.42140000000000183
0.1;0.10727999999999997;0.44;0.436199999999999;0.32;0.31520000000000115
0.16;0.16596000000000005;0.2;0.2003600000000003;0.4;0.4008799999999998
0.68;0.6953600000000022;0.14;0.12451999999999992;0.1;0.11988000000000007
0.34;0.339200000000001;0.58;0.5872799999999986;0.16;0.15908000000000005
0.38;0.3804800000000021;0.1;0.10348;0.48;0.45683999999999936
0.14;0.13791999999999988;0.3;0.3035200000000004;0.48;0.47491999999999795
0.42;0.41651999999999945;0.34;0.34832000000000113;0.44;0.454519999999999
0.68;0.6812399999999983;0.26;0.26240000000000113;0.12;0.12068000000000016
0.14;0.15043999999999985;0.18;0.16880000000000023;0.14;0.16360000000000002
0.18;0.1752800000000001;0.1;0.11107999999999998;0.48;0.43747999999999954
0.32;0.31548000000000076;0.64;0.6099199999999999;0.14;0.13596000000000003
0.72;0.7151999999999957;0.24;0.2267600000000005;0.46;0.4529599999999995
0.82;0.8203599999999969;0.12;0.1293199999999999;0.28;0.28084000000000037
0.22;0.2180800000000005;0.22;0.22404000000000057;0.38;0.3763200000000002
0.32;0.3180800000000007;0.62;0.6227599999999984;0.16;0.15691999999999995
0.18;0.17948000000000003;0.5;0.500440000000001;0.44;0.4424800000000005
0.14;0.13575999999999988;0.2;0.20996000000000042;0.48;0.47067999999999904
0.46;0.4580799999999978;0.26;0.28015999999999947;0.26;0.25607999999999964
0.16;0.16448000000000013;0.26;0.2607200000000006;0.2;0.20260000000000006
0.38;0.3821600000000025;0.58;0.5601200000000006;0.48;0.4733199999999974
0.26;0.2612799999999999;0.46;0.4797199999999977;0.1;0.10888000000000002
0.18;0.1798400000000001;0.58;0.581479999999999;0.22;0.22087999999999983
0.42;0.42443999999999893;0.14;0.1366399999999999;0.26;0.2771199999999993
0.18;0.18072000000000008;0.7;0.7037199999999981;0.48;0.4834399999999981
0.2;0.19232000000000019;0.24;0.2507600000000002;0.4;0.38587999999999933
0.42;0.4157599999999996;0.4;0.41024000000000016;0.26;0.26111999999999974
0.32;0.3161200000000007;0.14;0.14547999999999986;0.38;0.36019999999999985
0.5;0.49376000000000175;0.14;0.14207999999999987;0.46;0.44732000000000144
0.56;0.5578800000000013;0.12;0.12019999999999993;0.32;0.30755999999999994
0.12;0.12239999999999994;0.26;0.2570400000000004;0.4;0.40952000000000083
0.36;0.3561200000000008;0.36;0.3736400000000015;0.16;0.16288000000000022
0.76;0.7158800000000024;0.1;0.12856;0.2;0.19652000000000042
0.58;0.5743599999999994;0.12;0.12279999999999994;0.12;0.11468000000000003
0.74;0.739199999999998;0.16;0.17152000000000003;0.28;0.2840399999999999
0.18;0.1748800000000001;0.8;0.7602400000000016;0.22;0.21867999999999985
0.6;0.5788000000000009;0.16;0.18572000000000008;0.32;0.32031999999999894
0.46;0.4633199999999975;0.2;0.21308000000000044;0.5;0.44791999999999943
0.24;0.23828000000000127;0.68;0.6884800000000009;0.22;0.2181999999999998
0.24;0.23608000000000112;0.1;0.10483999999999999;0.16;0.13459999999999991
0.72;0.7166799999999954;0.16;0.17724000000000006;0.28;0.27248000000000044
0.5;0.5025600000000023;0.36;0.3534800000000015;0.22;0.22135999999999986
0.14;0.1519599999999999;0.26;0.24452000000000074;0.44;0.458719999999999
0.42;0.4079200000000004;0.28;0.31776;0.26;0.26643999999999957
0.28;0.2803999999999997;0.14;0.14611999999999986;0.36;0.3282800000000004
0.22;0.2212000000000006;0.16;0.1675200000000001;0.36;0.3394799999999997
0.32;0.3206000000000005;0.6;0.6008799999999993;0.28;0.27471999999999924
0.36;0.3600000000000006;0.62;0.5901199999999981;0.1;0.10076
0.28;0.2804799999999997;0.64;0.6562400000000017;0.14;0.14016000000000017
0.34;0.3426400000000008;0.44;0.441799999999999;0.12;0.12532000000000015
0.1;0.10907999999999998;0.18;0.1690400000000001;0.38;0.3991199999999998
0.48;0.4728799999999979;0.2;0.20404000000000047;0.2;0.19776
0.72;0.7208399999999952;0.22;0.2166400000000007;0.2;0.20563999999999982
0.4;0.3997200000000013;0.58;0.5498000000000012;0.16;0.15819999999999995
0.2;0.20384000000000022;0.18;0.1780000000000002;0.4;0.4076000000000001
0.24;0.24016000000000115;0.5;0.4900000000000005;0.5;0.46847999999999823
0.42;0.4168799999999994;0.12;0.12111999999999994;0.3;0.3106000000000002
0.24;0.2355600000000011;0.62;0.611999999999999;0.24;0.22519999999999993
0.1;0.10551999999999999;0.82;0.8343600000000007;0.12;0.11668000000000012
0.1;0.10459999999999998;0.82;0.834520000000001;0.18;0.1768000000000006
0.3;0.3017200000000009;0.16;0.15928000000000006;0.2;0.1954800000000003
0.22;0.2202800000000006;0.3;0.29280000000000017;0.34;0.3527199999999997
0.48;0.4894400000000015;0.12;0.10971999999999998;0.1;0.1165200000000001
0.3;0.3110000000000005;0.14;0.1295599999999999;0.1;0.1276000000000001
0.78;0.7754399999999981;0.12;0.14735999999999985;0.2;0.1852000000000003
0.48;0.4833999999999981;0.38;0.3866800000000014;0.36;0.36067999999999933
0.36;0.36184000000000105;0.34;0.3390000000000007;0.32;0.3237600000000004
0.44;0.4312399999999985;0.1;0.10695999999999997;0.32;0.3101999999999997
0.66;0.657480000000001;0.2;0.21108000000000027;0.38;0.3794799999999986
0.2;0.20052000000000075;0.54;0.5312400000000012;0.36;0.3498399999999996
0.56;0.5595600000000011;0.38;0.38044000000000117;0.22;0.21999999999999992
0.26;0.2593199999999996;0.68;0.6812800000000007;0.2;0.19520000000000004
0.38;0.38192000000000226;0.36;0.3664000000000011;0.1;0.10515999999999999
0.26;0.2666400000000001;0.56;0.5606800000000011;0.1;0.10635999999999998
0.1;0.10732;0.72;0.7107999999999982;0.26;0.2534400000000002
0.6;0.6023199999999994;0.28;0.2809200000000004;0.34;0.34424000000000005
0.58;0.5803200000000008;0.28;0.28144000000000075;0.36;0.3616799999999995
0.54;0.5439200000000014;0.14;0.13675999999999988;0.12;0.12679999999999994
0.44;0.43271999999999894;0.24;0.24512000000000056;0.3;0.29228
0.1;0.10867999999999998;0.5;0.4959999999999994;0.2;0.20171999999999998
0.18;0.18372000000000027;0.34;0.32868000000000036;0.34;0.35396
0.38;0.38344000000000233;0.36;0.35076000000000074;0.48;0.4690799999999989
0.24;0.24240000000000103;0.68;0.6967200000000008;0.1;0.101
0.26;0.26507999999999965;0.54;0.5393600000000015;0.22;0.22383999999999987
0.14;0.13603999999999988;0.52;0.5208000000000014;0.28;0.2845199999999992
0.18;0.17524000000000012;0.1;0.11203999999999997;0.4;0.3431599999999998
0.42;0.4167599999999994;0.28;0.29116;0.5;0.4826399999999979
0.68;0.6838000000000011;0.14;0.1370799999999999;0.26;0.27171999999999985
0.48;0.48115999999999703;0.44;0.4446799999999986;0.28;0.2805999999999991
0.6;0.5985999999999974;0.38;0.35636000000000095;0.46;0.4600799999999974
0.36;0.35972000000000126;0.24;0.24836000000000052;0.38;0.35583999999999993
0.22;0.22696000000000058;0.16;0.15275999999999992;0.16;0.17931999999999998
0.36;0.3624800000000009;0.48;0.4722399999999993;0.26;0.24512000000000006
0.32;0.3222800000000005;0.12;0.11879999999999995;0.16;0.15923999999999996
0.48;0.4764799999999989;0.16;0.15908000000000008;0.42;0.4182000000000013
0.18;0.1704000000000003;0.2;0.20940000000000042;0.28;0.26807999999999993
0.36;0.3546000000000011;0.26;0.2715599999999999;0.46;0.4405600000000004
0.14;0.1380799999999999;0.68;0.6846800000000003;0.34;0.3419200000000002
0.32;0.3172000000000007;0.42;0.4308799999999985;0.4;0.41120000000000106
0.16;0.14227999999999988;0.32;0.3369600000000007;0.12;0.11732000000000012
0.1;0.10759999999999997;0.32;0.3161600000000004;0.42;0.41400000000000114
0.24;0.23364000000000087;0.24;0.2525600000000003;0.3;0.27640000000000003
0.16;0.1542;0.38;0.39320000000000166;0.44;0.4358000000000016
0.34;0.33936000000000044;0.4;0.40236000000000055;0.12;0.12296000000000015
0.58;0.5724800000000012;0.12;0.11827999999999994;0.5;0.4773999999999975
0.3;0.30068000000000084;0.14;0.14479999999999987;0.34;0.32360000000000044
0.32;0.3184800000000007;0.5;0.48843999999999954;0.5;0.4694399999999976
0.42;0.42083999999999905;0.32;0.31536000000000036;0.28;0.2819599999999992
0.44;0.45199999999999757;0.34;0.32108;0.3;0.3017200000000002
0.32;0.31972000000000045;0.54;0.5345200000000015;0.18;0.17708000000000043
0.76;0.7615600000000035;0.2;0.18984000000000006;0.18;0.18600000000000047
0.24;0.23860000000000123;0.58;0.5775199999999996;0.36;0.3543999999999997
0.22;0.2221200000000007;0.12;0.11683999999999996;0.2;0.20699999999999993
0.34;0.33820000000000083;0.26;0.26080000000000014;0.16;0.16192
0.26;0.27027999999999974;0.2;0.1932400000000002;0.22;0.22356000000000015
0.38;0.3866800000000021;0.2;0.19492000000000062;0.2;0.20519999999999988
0.46;0.46387999999999735;0.3;0.2968;0.28;0.2831599999999995
0.54;0.5447200000000011;0.18;0.17616000000000015;0.14;0.15143999999999985
0.1;0.11567999999999996;0.34;0.3321200000000001;0.28;0.27611999999999953
0.26;0.25828000000000007;0.12;0.12071999999999995;0.14;0.13959999999999984
0.2;0.19868000000000088;0.76;0.758799999999996;0.38;0.37667999999999774
0.24;0.23660000000000111;0.38;0.3863600000000014;0.4;0.40468000000000026
0.42;0.42187999999999937;0.12;0.11919999999999994;0.22;0.2255999999999998
0.4;0.3912800000000017;0.24;0.24220000000000094;0.16;0.1527200000000001
0.24;0.23836000000000096;0.12;0.12027999999999993;0.38;0.3870399999999998
0.16;0.15872000000000006;0.54;0.5555600000000007;0.2;0.2079999999999998
0.2;0.19868000000000088;0.74;0.7393599999999999;0.2;0.19788
0.76;0.7594800000000033;0.16;0.15707999999999991;0.44;0.45
0.16;0.16732000000000008;0.16;0.1508399999999999;0.1;0.13211999999999996
0.28;0.28007999999999933;0.58;0.5724400000000005;0.48;0.45835999999999866
0.54;0.5369200000000016;0.42;0.42215999999999915;0.16;0.1602
0.42;0.41795999999999955;0.2;0.20436000000000062;0.46;0.4414399999999997
0.2;0.20152000000000028;0.16;0.1667200000000002;0.44;0.4244800000000003
0.32;0.3164000000000007;0.2;0.20068000000000033;0.28;0.28344
0.88;0.7799199999999986;0.1;0.16272000000000003;0.1;0.11252000000000004
0.24;0.24088000000000087;0.6;0.6012399999999994;0.28;0.2814399999999998
0.24;0.22532000000000077;0.12;0.1454799999999999;0.5;0.42683999999999944
0.6;0.6013199999999986;0.3;0.3071200000000002;0.5;0.4958399999999994
0.6;0.6157999999999982;0.18;0.16756000000000004;0.3;0.30060000000000026
0.54;0.5356000000000011;0.12;0.12439999999999993;0.32;0.32944
0.48;0.4831599999999983;0.34;0.3320000000000005;0.3;0.30176000000000014
0.16;0.15219999999999992;0.1;0.11091999999999996;0.34;0.29648000000000085
0.32;0.31512000000000084;0.24;0.24292000000000055;0.14;0.13967999999999986
0.52;0.5241200000000025;0.34;0.34608000000000066;0.1;0.1024
0.12;0.11931999999999995;0.28;0.2814000000000007;0.18;0.18196000000000048
0.14;0.14347999999999986;0.3;0.2962800000000004;0.18;0.18516000000000044
0.3;0.2990400000000018;0.64;0.6474000000000024;0.16;0.15899999999999997
0.26;0.25620000000000026;0.28;0.2812000000000001;0.18;0.18036000000000013
0.38;0.3799200000000025;0.58;0.5797599999999983;0.2;0.19856000000000004
0.16;0.15499999999999997;0.38;0.4043600000000009;0.3;0.29891999999999996
0.26;0.25892;0.56;0.5511200000000007;0.12;0.11720000000000011
0.3;0.30100000000000093;0.3;0.28435999999999995;0.32;0.3527199999999998
0.16;0.15835999999999995;0.3;0.30044000000000043;0.3;0.30536000000000046
0.14;0.1367199999999999;0.58;0.5839599999999995;0.2;0.20367999999999986
0.62;0.6057599999999987;0.12;0.12971999999999992;0.46;0.42247999999999897
0.3;0.30080000000000184;0.5;0.49996000000000057;0.32;0.3172799999999995
0.14;0.14743999999999988;0.18;0.17272000000000023;0.2;0.20943999999999985
0.5;0.5006000000000032;0.42;0.42751999999999896;0.28;0.28159999999999885
0.78;0.7853599999999982;0.14;0.1339199999999999;0.1;0.10751999999999999
0.3;0.2970400000000015;0.38;0.38976000000000155;0.4;0.4111200000000011
0.1;0.11363999999999995;0.56;0.5457600000000012;0.32;0.3202800000000009
0.22;0.21548000000000062;0.38;0.4250000000000009;0.12;0.13052000000000002
0.26;0.2520400000000002;0.34;0.42408000000000184;0.1;0.11112
0.24;0.23464000000000104;0.22;0.2336800000000006;0.44;0.4132799999999994
0.24;0.24124000000000087;0.6;0.5951599999999994;0.32;0.31704
0.34;0.3425600000000008;0.38;0.39356000000000035;0.22;0.2390800000000001
0.54;0.5380400000000012;0.44;0.4153999999999997;0.26;0.25980000000000125
0.18;0.17807999999999996;0.62;0.6147199999999989;0.5;0.4771999999999975
0.32;0.32132000000000055;0.3;0.29000000000000015;0.1;0.1188800000000001
0.16;0.15935999999999992;0.22;0.21828000000000045;0.16;0.16548000000000013
0.6;0.5960399999999995;0.24;0.2514800000000001;0.5;0.49323999999999907
0.46;0.4604799999999976;0.16;0.15568000000000007;0.32;0.33340000000000025
0.28;0.2718799999999994;0.34;0.3554000000000015;0.4;0.3928799999999991
0.64;0.6375999999999988;0.12;0.12219999999999993;0.18;0.1900000000000001
0.12;0.12335999999999994;0.8;0.7990399999999999;0.3;0.3016400000000001
0.62;0.6192400000000007;0.34;0.3442;0.48;0.4793199999999972
0.68;0.68104;0.16;0.1833200000000001;0.1;0.1018
0.32;0.32108000000000075;0.46;0.45715999999999885;0.14;0.14032000000000006
0.5;0.49592000000000214;0.16;0.16232000000000024;0.2;0.19624000000000008
0.56;0.5610000000000012;0.2;0.1919600000000004;0.16;0.17872000000000007
0.1;0.11059999999999996;0.26;0.2579600000000004;0.42;0.4065200000000001
0.58;0.5771600000000001;0.18;0.1767600000000003;0.2;0.21112000000000006
0.38;0.3838400000000021;0.5;0.5180800000000009;0.18;0.1838400000000004
0.36;0.3602000000000008;0.56;0.5627199999999996;0.18;0.17828000000000052
0.32;0.3193200000000007;0.38;0.38736000000000065;0.16;0.16452000000000028
0.16;0.16127999999999992;0.26;0.2582400000000006;0.38;0.38991999999999954
0.1;0.11015999999999998;0.5;0.4887999999999987;0.24;0.23979999999999943
0.46;0.4787999999999976;0.22;0.2039600000000007;0.1;0.11740000000000006
0.2;0.19316000000000022;0.22;0.2290000000000005;0.42;0.4089599999999985
0.56;0.5562400000000008;0.24;0.24780000000000038;0.4;0.40392000000000045
0.28;0.2806799999999994;0.48;0.49660000000000043;0.18;0.1945200000000002
0.4;0.4054000000000006;0.44;0.4427199999999986;0.1;0.10307999999999999
0.12;0.12019999999999993;0.82;0.8318799999999982;0.12;0.12016000000000018
0.82;0.8247199999999986;0.12;0.11959999999999996;0.1;0.10728
0.22;0.23408000000000095;0.2;0.18059999999999998;0.1;0.14055999999999996
0.12;0.11795999999999994;0.68;0.6860400000000008;0.1;0.10196000000000001
0.16;0.15488000000000002;0.46;0.46463999999999755;0.48;0.47447999999999857
0.3;0.2948800000000011;0.34;0.3577200000000011;0.3;0.30424000000000023
0.16;0.15288;0.1;0.11123999999999996;0.5;0.442799999999998
0.76;0.7606000000000037;0.22;0.19376000000000068;0.36;0.365279999999999
0.7;0.7008400000000002;0.14;0.1373599999999999;0.44;0.4391199999999996
0.42;0.40936000000000017;0.1;0.11239999999999997;0.18;0.15824
0.5;0.5054800000000026;0.34;0.32920000000000005;0.18;0.18352000000000057
0.12;0.12031999999999995;0.48;0.4952400000000006;0.18;0.19008000000000053
0.14;0.14091999999999985;0.76;0.7711999999999982;0.38;0.3837999999999985
0.18;0.1766800000000003;0.2;0.2070400000000005;0.22;0.20160000000000028
0.36;0.3547600000000006;0.3;0.31724000000000085;0.44;0.45499999999999946
0.1;0.10939999999999998;0.62;0.6072399999999976;0.4;0.39159999999999895
0.36;0.36200000000000093;0.42;0.4152799999999997;0.28;0.2771199999999999
0.2;0.2009200000000002;0.22;0.21724000000000065;0.2;0.2135199999999998
0.18;0.1796;0.58;0.5782400000000008;0.48;0.471879999999999
0.7;0.7011600000000006;0.2;0.2050800000000001;0.26;0.26528000000000046
0.24;0.24116000000000087;0.14;0.1370799999999999;0.34;0.35760000000000003
0.82;0.8208799999999972;0.16;0.1325599999999999;0.12;0.12764000000000011
0.34;0.34024000000000115;0.54;0.5490800000000009;0.3;0.3018000000000002
0.64;0.6401199999999995;0.22;0.2158400000000003;0.14;0.14532000000000006
0.18;0.17820000000000008;0.74;0.7487599999999999;0.3;0.30052
0.56;0.5567200000000005;0.22;0.23528000000000063;0.44;0.42848000000000186
0.32;0.3159200000000007;0.62;0.6093200000000002;0.14;0.137
0.32;0.3192000000000008;0.36;0.3563200000000014;0.32;0.31996000000000036
0.58;0.5814800000000008;0.24;0.23280000000000078;0.3;0.30756000000000067
0.44;0.44055999999999745;0.54;0.5109600000000026;0.24;0.2394399999999989
0.3;0.2990800000000018;0.54;0.5371200000000018;0.4;0.39447999999999983
0.52;0.5220000000000024;0.28;0.2717600000000005;0.3;0.3018399999999999
0.68;0.6797199999999993;0.2;0.19616000000000017;0.24;0.24455999999999997
0.28;0.28103999999999935;0.44;0.4336399999999988;0.38;0.3764799999999992
0.14;0.15011999999999984;0.3;0.29024;0.1;0.10791999999999999
0.22;0.22036000000000067;0.58;0.5817599999999997;0.32;0.32059999999999966
0.26;0.25939999999999985;0.4;0.39836000000000094;0.32;0.31872000000000067
0.5;0.5018800000000024;0.28;0.2786800000000006;0.28;0.2852399999999992
0.14;0.14399999999999988;0.16;0.1618000000000001;0.38;0.37151999999999996
0.2;0.20124000000000059;0.6;0.6019200000000003;0.16;0.1607200000000001
0.12;0.12207999999999994;0.26;0.2587600000000002;0.48;0.48751999999999873
0.56;0.5600800000000011;0.38;0.3957200000000008;0.42;0.41940000000000255
0.42;0.4217199999999993;0.12;0.11839999999999995;0.2;0.20443999999999996
0.14;0.1319199999999999;0.16;0.1756400000000002;0.5;0.46983999999999915
0.3;0.29744000000000126;0.68;0.5104000000000005;0.42;0.29275999999999985
0.1;0.10139999999999999;0.86;0.8599600000000001;0.2;0.19752000000000006
0.12;0.10611999999999999;0.1;0.11371999999999995;0.22;0.1816400000000004
0.52;0.5211200000000026;0.26;0.25864000000000087;0.5;0.49119999999999886
0.6;0.601879999999999;0.14;0.13819999999999988;0.12;0.1362800000000001
0.8;0.7951599999999999;0.1;0.12907999999999992;0.26;0.23191999999999952
0.18;0.1732000000000001;0.1;0.10687999999999999;0.12;0.11536000000000002
0.12;0.12199999999999993;0.16;0.15507999999999994;0.3;0.3139600000000005
0.24;0.2322800000000011;0.34;0.36384000000000105;0.22;0.22151999999999994
0.22;0.2194800000000006;0.74;0.7367600000000011;0.22;0.21759999999999985
0.38;0.3853200000000022;0.38;0.36472000000000093;0.28;0.2713600000000004
0.24;0.23836000000000113;0.1;0.10444;0.26;0.2245199999999993
0.46;0.4684399999999977;0.36;0.3462000000000007;0.3;0.30164000000000013
0.1;0.11343999999999999;0.1;0.10235999999999999;0.16;0.1479200000000002
0.44;0.42187999999999914;0.1;0.11579999999999996;0.2;0.17520000000000022
0.62;0.6189199999999988;0.22;0.22792000000000037;0.42;0.413840000000001
0.44;0.44651999999999753;0.34;0.3308000000000002;0.46;0.45883999999999936
0.16;0.15876000000000012;0.52;0.5172800000000023;0.5;0.480359999999998
0.22;0.2175600000000006;0.28;0.2842400000000003;0.22;0.22060000000000007
0.1;0.11419999999999995;0.62;0.6044399999999978;0.36;0.3619999999999993
0.24;0.23876000000000105;0.68;0.6824000000000012;0.14;0.13904000000000022
0.2;0.1978000000000003;0.28;0.2879600000000007;0.42;0.4080799999999991
0.7;0.7026400000000005;0.22;0.2146800000000004;0.48;0.48895999999999856
0.22;0.2215200000000006;0.54;0.5396000000000013;0.18;0.1809200000000004
0.44;0.4397999999999978;0.16;0.15900000000000009;0.36;0.35587999999999964
0.64;0.6393999999999967;0.28;0.2943200000000014;0.14;0.14108000000000026
0.1;0.10060000000000001;0.1;0.10184;0.28;0.2548800000000007
0.34;0.34152000000000055;0.12;0.11839999999999995;0.28;0.28212000000000065
0.42;0.40988000000000013;0.28;0.3117600000000012;0.16;0.16048000000000007
0.28;0.2816400000000003;0.58;0.5802799999999997;0.14;0.13959999999999986
0.44;0.4447199999999977;0.42;0.41931999999999975;0.34;0.33784000000000036
0.2;0.2021200000000003;0.16;0.15611999999999998;0.14;0.14739999999999992
0.3;0.3048800000000014;0.3;0.2920400000000001;0.44;0.46411999999999914
0.44;0.4407999999999973;0.48;0.49396000000000134;0.42;0.4221600000000022
0.1;0.11275999999999997;0.58;0.5648000000000006;0.32;0.3184400000000003
0.48;0.4802399999999964;0.46;0.47491999999999857;0.42;0.4223600000000026
0.34;0.34012000000000103;0.48;0.48504000000000014;0.4;0.40104000000000095
0.22;0.21344000000000038;0.72;0.6893599999999999;0.16;0.15235999999999988
0.48;0.4673599999999983;0.16;0.16168000000000007;0.24;0.24624000000000038
0.24;0.2387600000000009;0.64;0.6412400000000001;0.14;0.13876000000000016
0.28;0.2811599999999994;0.52;0.5273200000000016;0.26;0.2699200000000001
0.34;0.3410000000000008;0.4;0.40344000000000035;0.26;0.2774799999999995
0.56;0.560000000000001;0.4;0.4048000000000002;0.3;0.30024000000000006
0.16;0.16172000000000003;0.18;0.17504000000000042;0.36;0.38044000000000067
0.52;0.5146800000000024;0.12;0.12007999999999995;0.22;0.20868000000000012
0.4;0.4004800000000013;0.54;0.5367600000000016;0.22;0.21963999999999997
0.1;0.11411999999999997;0.18;0.16548000000000013;0.18;0.19736000000000004
0.76;0.7604800000000024;0.14;0.16660000000000036;0.14;0.13612000000000007
0.18;0.18120000000000044;0.26;0.25588000000000055;0.24;0.2462400000000004
0.38;0.3828000000000023;0.48;0.4877600000000005;0.32;0.32292000000000043
0.1;0.10735999999999997;0.44;0.4366399999999987;0.38;0.3808399999999984
0.38;0.40304000000000106;0.28;0.25636;0.12;0.13464
0.12;0.12031999999999995;0.44;0.44355999999999884;0.3;0.30152000000000007
0.1;0.10555999999999999;0.18;0.17956000000000022;0.5;0.46903999999999846
0.48;0.46520000000000095;0.18;0.18520000000000048;0.1;0.11476000000000001
0.54;0.5330800000000019;0.18;0.18308000000000008;0.32;0.30668000000000006
0.24;0.2458000000000003;0.24;0.2379200000000007;0.16;0.16080000000000005
0.74;0.7407999999999985;0.24;0.21104000000000028;0.38;0.38415999999999845
0.64;0.6370400000000024;0.14;0.1339199999999999;0.1;0.15028
0.1;0.10787999999999998;0.74;0.7414799999999989;0.1;0.10144
0.34;0.3419600000000008;0.12;0.11887999999999994;0.24;0.24180000000000046
0.14;0.1378799999999999;0.52;0.522840000000002;0.26;0.26188000000000045
0.3;0.30492000000000075;0.14;0.1410399999999999;0.3;0.2809599999999999
0.76;0.7585200000000035;0.14;0.15143999999999994;0.18;0.18020000000000042
0.36;0.36416000000000126;0.22;0.22048000000000068;0.16;0.14760000000000018
0.16;0.15451999999999994;0.38;0.40600000000000047;0.32;0.321960000000001
0.14;0.13971999999999987;0.42;0.4255999999999998;0.2;0.20012000000000002
0.48;0.4862399999999986;0.36;0.35140000000000077;0.28;0.2787599999999994
0.46;0.47015999999999775;0.34;0.3259200000000004;0.22;0.22247999999999973
0.16;0.16592000000000004;0.26;0.24944000000000052;0.26;0.2737599999999997
0.56;0.5616800000000011;0.42;0.39148000000000166;0.1;0.10072
0.72;0.7236799999999944;0.24;0.23924;0.1;0.10415999999999999
0.48;0.49292000000000175;0.24;0.22368000000000077;0.12;0.14496000000000014
0.2;0.19660000000000033;0.2;0.20572000000000024;0.44;0.4307599999999999
0.22;0.21812000000000056;0.14;0.15099999999999986;0.48;0.44879999999999926
0.28;0.28035999999999917;0.64;0.6545600000000015;0.18;0.1809600000000006
0.1;0.11743999999999996;0.34;0.31744000000000033;0.26;0.25640000000000024
0.36;0.36044000000000065;0.52;0.5280000000000014;0.32;0.3189600000000004
0.44;0.44327999999999734;0.44;0.4465999999999986;0.24;0.23639999999999955
0.32;0.32032000000000044;0.66;0.6363999999999966;0.46;0.45551999999999887
0.16;0.16116000000000008;0.24;0.23696000000000075;0.4;0.40940000000000065
0.5;0.48067999999999717;0.1;0.11695999999999994;0.2;0.16816000000000014
0.54;0.5402400000000008;0.42;0.42119999999999913;0.38;0.3801599999999976
0.46;0.4598799999999977;0.46;0.47523999999999766;0.32;0.3219200000000013
0.36;0.36080000000000123;0.44;0.43876000000000026;0.18;0.17676000000000022
0.38;0.3501600000000005;0.1;0.12491999999999993;0.1;0.11096000000000002
0.26;0.2619599999999995;0.62;0.6255999999999982;0.46;0.46699999999999947
0.4;0.41036000000000034;0.24;0.2390400000000009;0.26;0.24419999999999945
0.26;0.26412000000000013;0.2;0.1990000000000001;0.24;0.23832000000000014
0.26;0.25856000000000007;0.22;0.22652000000000075;0.28;0.2631600000000002
0.7;0.6867600000000007;0.1;0.11239999999999997;0.34;0.30160000000000114
0.8;0.8046400000000007;0.18;0.1392399999999999;0.18;0.19448000000000015
0.36;0.3561600000000008;0.32;0.32788000000000106;0.26;0.2663600000000001
0.2;0.1983200000000005;0.18;0.18592000000000022;0.34;0.3307600000000003
0.58;0.5747200000000011;0.2;0.22628000000000073;0.28;0.26700000000000046
0.4;0.402320000000001;0.46;0.46347999999999845;0.22;0.22403999999999974
0.68;0.6826399999999986;0.14;0.1376399999999999;0.42;0.42872000000000055
0.34;0.3412400000000008;0.46;0.4579199999999998;0.16;0.16028000000000014
0.32;0.3180000000000008;0.36;0.3677600000000018;0.46;0.46843999999999986
0.38;0.3808000000000025;0.54;0.5420000000000014;0.42;0.4156400000000013
0.3;0.2983200000000014;0.38;0.39420000000000066;0.12;0.1253600000000002
0.38;0.3875200000000017;0.14;0.1378799999999999;0.24;0.24076000000000003
0.16;0.15864000000000014;0.62;0.6238799999999985;0.42;0.4232400000000007
0.12;0.12443999999999993;0.3;0.2948800000000004;0.38;0.387159999999999
0.5;0.500360000000004;0.44;0.44439999999999824;0.48;0.47739999999999744
0.7;0.6993600000000008;0.18;0.1798400000000005;0.38;0.38051999999999925
0.26;0.25580000000000014;0.16;0.16116000000000008;0.2;0.20824000000000006
0.28;0.28051999999999966;0.16;0.1614000000000001;0.28;0.2686800000000003
0.18;0.17892000000000016;0.68;0.6867599999999997;0.34;0.3427600000000004
0.28;0.27999999999999914;0.54;0.5410400000000013;0.34;0.3430800000000004
0.44;0.4414799999999973;0.48;0.4947600000000019;0.14;0.1400800000000003
0.28;0.2801599999999992;0.48;0.4811199999999989;0.46;0.46028000000000036
0.42;0.41203999999999985;0.3;0.3278;0.1;0.10384
0.26;0.25879999999999986;0.46;0.4595199999999984;0.14;0.1410400000000001
0.56;0.5559200000000012;0.14;0.14135999999999987;0.3;0.28471999999999964
0.42;0.41607999999999956;0.4;0.41319999999999973;0.16;0.16292000000000023
0.58;0.5752000000000007;0.22;0.2409200000000007;0.16;0.15688
0.26;0.26155999999999957;0.64;0.6476399999999999;0.44;0.4392800000000001
0.44;0.44119999999999737;0.48;0.4848399999999998;0.48;0.48159999999999786
0.14;0.14191999999999988;0.72;0.7261599999999968;0.48;0.4882799999999987
0.3;0.30152000000000134;0.16;0.15844000000000008;0.12;0.12308000000000005
0.34;0.3357200000000007;0.32;0.3764400000000012;0.12;0.13667999999999997
0.1;0.11279999999999997;0.52;0.5006800000000023;0.3;0.2977999999999998
0.1;0.10827999999999997;0.72;0.7075199999999989;0.18;0.17472000000000057
0.56;0.5618000000000007;0.36;0.373600000000002;0.48;0.4826799999999974
0.1;0.10747999999999999;0.16;0.16244000000000008;0.5;0.4548799999999993
0.46;0.4637599999999975;0.36;0.3542800000000015;0.44;0.4426800000000011
0.46;0.4397999999999979;0.1;0.11815999999999995;0.16;0.13500000000000006
0.12;0.11699999999999997;0.28;0.28196000000000054;0.2;0.20303999999999994
0.46;0.4650399999999975;0.2;0.1973200000000004;0.22;0.2206399999999998
0.32;0.3266400000000004;0.14;0.1357199999999999;0.16;0.16008000000000017
0.12;0.12683999999999993;0.22;0.21248000000000045;0.36;0.37519999999999903
0.38;0.38020000000000265;0.56;0.5653200000000005;0.16;0.15916
0.34;0.3394400000000011;0.62;0.6211199999999971;0.44;0.4338000000000021
0.16;0.15015999999999985;0.1;0.11083999999999997;0.28;0.24444000000000074
0.12;0.12135999999999994;0.76;0.7640399999999964;0.32;0.3212800000000012
0.26;0.2521600000000005;0.3;0.3065600000000009;0.48;0.4817199999999996
0.52;0.5050400000000023;0.12;0.12603999999999993;0.28;0.2676800000000001
0.74;0.7398399999999979;0.24;0.21512000000000048;0.34;0.34320000000000045
0.34;0.34136000000000066;0.46;0.45235999999999954;0.18;0.17748000000000036
0.52;0.5196400000000028;0.42;0.42403999999999936;0.22;0.21967999999999993
0.26;0.2546400000000003;0.42;0.42983999999999906;0.18;0.1873200000000005
0.58;0.5711200000000017;0.2;0.22680000000000072;0.4;0.3819999999999986
0.56;0.556200000000001;0.22;0.24096000000000056;0.18;0.17420000000000052
0.28;0.2806799999999998;0.22;0.2236800000000008;0.38;0.3744000000000002
0.1;0.11111999999999997;0.56;0.549080000000001;0.42;0.4237600000000021
0.18;0.17784000000000036;0.42;0.45579999999999943;0.1;0.10588
0.14;0.14715999999999987;0.36;0.3476400000000009;0.48;0.482519999999998
0.42;0.41727999999999943;0.42;0.4280399999999994;0.12;0.12032000000000014
0.1;0.10776;0.82;0.8189999999999975;0.5;0.4872799999999982
0.32;0.31760000000000066;0.42;0.4300399999999986;0.38;0.3885200000000003
0.72;0.7214799999999953;0.2;0.19544000000000045;0.2;0.20787999999999984
0.3;0.30084000000000194;0.48;0.4814799999999996;0.38;0.38571999999999984
0.22;0.2233200000000008;0.44;0.4371599999999985;0.38;0.3835999999999991
0.26;0.25651999999999997;0.36;0.36480000000000185;0.34;0.3426400000000005
0.1;0.11295999999999996;0.56;0.5553200000000011;0.12;0.11944000000000017
0.54;0.5435200000000009;0.16;0.15411999999999995;0.12;0.11776000000000002
0.3;0.29788000000000137;0.38;0.3880000000000012;0.26;0.26348000000000005
0.24;0.2368000000000012;0.7;0.6949999999999956;0.16;0.15623999999999993
0.14;0.1376399999999999;0.84;0.757439999999998;0.5;0.45464000000000004
0.38;0.3810400000000025;0.54;0.5512400000000007;0.3;0.30080000000000007
0.14;0.1401599999999999;0.42;0.42335999999999996;0.26;0.2612000000000007
0.66;0.6604800000000012;0.24;0.2425600000000001;0.34;0.3433600000000001
0.38;0.3876000000000014;0.24;0.24236000000000063;0.32;0.30247999999999975
0.24;0.23336000000000096;0.2;0.22472000000000078;0.5;0.4479599999999991
0.76;0.7602000000000039;0.2;0.20447999999999994;0.3;0.30508000000000024
0.52;0.5190000000000026;0.34;0.34208000000000016;0.4;0.4029600000000002
0.28;0.28103999999999923;0.64;0.6632399999999982;0.34;0.34004000000000034
0.82;0.8145999999999983;0.1;0.1339199999999999;0.2;0.17936000000000038
0.34;0.3386400000000007;0.36;0.36612000000000144;0.32;0.3233600000000002
0.18;0.1818800000000001;0.54;0.5470800000000015;0.34;0.35136
0.22;0.22400000000000073;0.32;0.3232400000000005;0.5;0.4834799999999982
0.54;0.5304400000000024;0.22;0.24964000000000064;0.4;0.38211999999999846
0.86;0.8555599999999948;0.1;0.11799999999999997;0.1;0.11204000000000006
0.44;0.4293599999999988;0.18;0.1820000000000002;0.2;0.20959999999999984
0.56;0.5592800000000012;0.34;0.34364000000000045;0.26;0.26264000000000093
0.66;0.6760400000000018;0.16;0.14439999999999986;0.2;0.22636000000000017
0.24;0.24136000000000116;0.5;0.4911599999999995;0.38;0.3738799999999999
0.38;0.38212000000000257;0.52;0.5157200000000024;0.5;0.49179999999999885
0.54;0.5412400000000016;0.12;0.11779999999999995;0.16;0.16540000000000007
0.32;0.3187200000000006;0.34;0.34376000000000034;0.4;0.41044000000000125
0.12;0.11907999999999995;0.82;0.8279600000000016;0.38;0.3801599999999979
0.26;0.2539600000000001;0.46;0.487999999999999;0.2;0.22051999999999988
0.6;0.5993999999999986;0.24;0.23560000000000034;0.38;0.38467999999999897
0.34;0.34388000000000074;0.12;0.12107999999999994;0.36;0.3476399999999996
0.28;0.27995999999999943;0.4;0.4088400000000006;0.2;0.21359999999999993
0.44;0.4374399999999995;0.32;0.35920000000000113;0.1;0.1286
0.56;0.5649600000000008;0.3;0.2952000000000006;0.16;0.1643200000000002
0.24;0.23612000000000075;0.22;0.2225200000000007;0.16;0.1568000000000001
0.66;0.663080000000004;0.32;0.2913200000000013;0.3;0.30032000000000003
0.68;0.6344000000000025;0.1;0.1355599999999999;0.36;0.3287599999999997
0.44;0.42431999999999886;0.32;0.35220000000000073;0.18;0.18244000000000052
0.28;0.28136000000000005;0.62;0.645480000000001;0.14;0.14252000000000006
0.1;0.10895999999999997;0.26;0.2532400000000003;0.46;0.45532000000000056
0.38;0.3856800000000021;0.42;0.4001200000000007;0.16;0.15552000000000002
0.32;0.3202000000000006;0.42;0.42695999999999984;0.16;0.1653200000000002
0.14;0.14259999999999987;0.2;0.19652000000000025;0.14;0.14423999999999995
0.7;0.6904800000000009;0.1;0.10895999999999997;0.28;0.2545600000000007
0.2;0.1959600000000006;0.76;0.7381599999999983;0.34;0.3346800000000004
0.14;0.14099999999999988;0.7;0.7028399999999974;0.1;0.10152000000000001
0.42;0.4234799999999989;0.34;0.33008000000000004;0.3;0.30075999999999997
0.22;0.21928000000000053;0.56;0.5592800000000008;0.42;0.41692
0.18;0.17839999999999992;0.8;0.7728799999999978;0.32;0.3184800000000018
0.7;0.6877999999999984;0.12;0.1337599999999999;0.38;0.3434000000000004
0.54;0.5421200000000014;0.34;0.34352000000000077;0.34;0.3395200000000003
0.12;0.1364399999999999;0.38;0.3574400000000012;0.22;0.22639999999999977
0.5;0.5043600000000026;0.3;0.29580000000000023;0.18;0.18364000000000058
0.2;0.1999600000000008;0.58;0.5780000000000003;0.42;0.4137999999999997
0.22;0.2142800000000006;0.28;0.2907200000000009;0.18;0.17100000000000004
0.12;0.12867999999999993;0.26;0.24912000000000062;0.46;0.47615999999999836
0.34;0.34108000000000105;0.5;0.5020399999999999;0.32;0.3198
0.36;0.3586800000000006;0.62;0.5871199999999985;0.14;0.13756000000000024
0.12;0.11683999999999996;0.5;0.5063200000000017;0.42;0.4238400000000018
0.62;0.623479999999999;0.22;0.21660000000000054;0.22;0.22291999999999978
0.68;0.6789599999999992;0.2;0.20212000000000027;0.22;0.2216399999999997
0.3;0.3007600000000018;0.52;0.5218800000000021;0.4;0.40008
0.14;0.1413199999999999;0.32;0.31628000000000056;0.32;0.3283200000000006
0.38;0.38192000000000204;0.38;0.3734400000000007;0.24;0.23664000000000024
0.4;0.39916000000000146;0.58;0.5512400000000008;0.2;0.19844000000000006
0.34;0.33924000000000093;0.54;0.5289600000000018;0.44;0.43116000000000054
0.16;0.15912000000000012;0.54;0.5399600000000015;0.34;0.34280000000000055
0.16;0.16088000000000008;0.52;0.5213200000000017;0.12;0.12272000000000016
0.12;0.10959999999999998;0.1;0.11159999999999996;0.3;0.26467999999999947
0.28;0.2837999999999999;0.22;0.2182000000000005;0.4;0.40472000000000036
0.36;0.3527600000000005;0.1;0.10435999999999998;0.34;0.32240000000000074
0.64;0.638999999999995;0.32;0.32088000000000033;0.42;0.41868000000000255
0.16;0.16132000000000013;0.48;0.4778799999999997;0.14;0.14212000000000008
0.26;0.2639599999999997;0.16;0.16560000000000014;0.38;0.3476400000000004
0.2;0.18460000000000013;0.1;0.11967999999999993;0.5;0.4287200000000004
0.34;0.3401200000000008;0.44;0.44675999999999827;0.32;0.32708
0.44;0.4321599999999986;0.22;0.24012000000000092;0.48;0.4382000000000005
0.3;0.32888000000000034;0.32;0.2905600000000011;0.28;0.31336
0.48;0.4645599999999977;0.16;0.16144000000000022;0.48;0.479519999999998
0.16;0.16312000000000013;0.24;0.23484000000000074;0.16;0.16576000000000005
0.36;0.36120000000000085;0.18;0.17847999999999992;0.26;0.25719999999999943
0.62;0.6216799999999993;0.24;0.24124000000000057;0.48;0.481799999999998
0.34;0.33980000000000116;0.6;0.6109599999999982;0.44;0.43612000000000145
0.24;0.24248000000000103;0.38;0.3774000000000012;0.12;0.12152000000000016
0.7;0.6637199999999995;0.14;0.1727200000000002;0.48;0.31832
0.4;0.40212000000000103;0.34;0.3342000000000004;0.44;0.4423199999999996
0.8;0.7983200000000005;0.12;0.13099999999999992;0.46;0.45752000000000076
0.28;0.28539999999999993;0.16;0.15575999999999998;0.34;0.3523600000000004
0.28;0.27531999999999957;0.36;0.39148000000000216;0.1;0.10728
0.12;0.12391999999999992;0.78;0.7837600000000012;0.22;0.21959999999999988
0.42;0.4117600000000003;0.12;0.12555999999999992;0.26;0.2599199999999998
0.22;0.22064000000000059;0.58;0.5763199999999995;0.3;0.2951999999999996
0.38;0.3808800000000022;0.36;0.35580000000000117;0.12;0.12056000000000015
0.46;0.4597199999999978;0.5;0.4972000000000005;0.1;0.10052000000000001
0.66;0.6549599999999997;0.14;0.14459999999999987;0.2;0.2003600000000001
0.58;0.5802400000000019;0.34;0.3499600000000003;0.26;0.26160000000000105
0.46;0.450119999999998;0.18;0.17892;0.44;0.44052000000000024
0.26;0.2607199999999997;0.46;0.45155999999999774;0.5;0.47311999999999754
0.8;0.7923599999999987;0.1;0.13871999999999987;0.14;0.11872000000000013
0.4;0.40068000000000126;0.52;0.5316000000000016;0.28;0.28263999999999917
0.44;0.44519999999999754;0.42;0.4195199999999997;0.32;0.31872000000000095
0.16;0.1597600000000001;0.42;0.4149599999999999;0.42;0.41464000000000123
0.44;0.41899999999999993;0.3;0.3540800000000008;0.1;0.11188000000000002
0.2;0.1955200000000004;0.3;0.30420000000000036;0.2;0.19952000000000022
0.46;0.4631999999999975;0.3;0.29087999999999986;0.4;0.39795999999999976
0.28;0.2853600000000001;0.16;0.1778;0.5;0.4391600000000004
0.16;0.16128;0.16;0.15515999999999996;0.28;0.30512000000000045
0.22;0.2271200000000008;0.34;0.31500000000000067;0.36;0.3961199999999999
0.1;0.11003999999999999;0.78;0.7741200000000014;0.16;0.1552399999999999
0.4;0.40640000000000054;0.16;0.15496000000000004;0.36;0.36619999999999925
0.46;0.45963999999999783;0.52;0.4917200000000015;0.5;0.49631999999999954
0.12;0.12439999999999993;0.74;0.7293999999999969;0.26;0.25864000000000076
0.26;0.25384000000000023;0.4;0.42671999999999966;0.18;0.19356000000000048
0.18;0.18620000000000023;0.34;0.3269200000000003;0.28;0.29404000000000013
0.26;0.2563199999999998;0.66;0.6639599999999971;0.36;0.3542799999999997
0.36;0.3561600000000008;0.62;0.5756800000000003;0.16;0.15131999999999998
0.4;0.402080000000001;0.42;0.4191999999999998;0.18;0.1852800000000005
0.16;0.15972000000000017;0.56;0.5580800000000004;0.36;0.36451999999999946
0.48;0.48007999999999723;0.4;0.41528000000000004;0.42;0.431040000000002
0.12;0.12451999999999992;0.66;0.6575999999999984;0.12;0.11996000000000015
0.7;0.6964799999999993;0.12;0.12327999999999992;0.42;0.4187199999999997
0.46;0.4616799999999977;0.28;0.2779599999999998;0.2;0.19792000000000007
0.26;0.2588799999999996;0.68;0.6862399999999999;0.44;0.4329600000000017
0.4;0.3970800000000013;0.3;0.3084400000000001;0.34;0.35111999999999993
0.64;0.6390399999999985;0.26;0.280240000000001;0.14;0.14188000000000023
0.72;0.7223599999999941;0.2;0.19760000000000016;0.38;0.3887199999999988
0.18;0.1762000000000003;0.3;0.302;0.28;0.27952000000000005
0.36;0.3644800000000013;0.24;0.2400400000000007;0.42;0.41991999999999835
0.44;0.4360399999999982;0.22;0.240040000000001;0.5;0.4455200000000004
0.52;0.5164400000000023;0.2;0.19896000000000025;0.36;0.37248000000000026
0.12;0.12675999999999993;0.34;0.33204000000000006;0.12;0.12328000000000017
0.44;0.44151999999999736;0.5;0.47735999999999734;0.1;0.10092000000000001
0.5;0.5032000000000021;0.34;0.3350400000000004;0.3;0.30564000000000036
0.14;0.13619999999999988;0.48;0.4842800000000003;0.4;0.3993199999999998
0.2;0.21012000000000058;0.2;0.19072000000000028;0.18;0.1915600000000001
0.38;0.3851200000000023;0.46;0.4502399999999988;0.3;0.29276
0.28;0.2792000000000002;0.26;0.2736800000000003;0.48;0.4406400000000009
0.86;0.8569999999999939;0.1;0.11823999999999994;0.12;0.11664000000000008
0.36;0.3601200000000008;0.62;0.5885199999999988;0.3;0.29615999999999976
0.18;0.17236000000000012;0.16;0.1657600000000002;0.2;0.19656000000000012
0.16;0.16356000000000018;0.72;0.7291599999999984;0.2;0.20187999999999992
0.12;0.12135999999999994;0.36;0.3575600000000016;0.32;0.32372000000000123
0.66;0.6615200000000031;0.24;0.2435600000000002;0.42;0.42224000000000234
0.1;0.10736;0.76;0.7520399999999972;0.32;0.31108000000000063
0.16;0.16036000000000006;0.16;0.15872;0.38;0.3908400000000005
0.36;0.3658800000000013;0.24;0.240600000000001;0.14;0.12879999999999997
0.46;0.46467999999999754;0.36;0.3458400000000007;0.5;0.4837999999999981
0.3;0.29876000000000114;0.4;0.41563999999999973;0.16;0.1663600000000002
0.56;0.5611600000000008;0.34;0.3490400000000008;0.48;0.4840399999999976
0.8;0.8030000000000002;0.18;0.14183999999999986;0.2;0.2137199999999999
0.16;0.15696;0.4;0.41391999999999973;0.32;0.3244400000000011
0.28;0.2845600000000002;0.28;0.27280000000000004;0.18;0.19439999999999988
0.54;0.5420000000000014;0.28;0.2728800000000008;0.32;0.3274000000000007
0.54;0.5447200000000009;0.3;0.29764000000000085;0.32;0.3243600000000011
0.48;0.484479999999998;0.34;0.3281200000000005;0.34;0.33780000000000077
0.24;0.24032000000000114;0.58;0.5318800000000002;0.5;0.41947999999999946
0.2;0.2026400000000003;0.22;0.21628000000000072;0.36;0.3709200000000007
0.24;0.23688000000000115;0.52;0.5362400000000013;0.3;0.3143200000000002
0.64;0.6381199999999958;0.32;0.3268000000000003;0.5;0.4965199999999995
0.24;0.24020000000000086;0.62;0.6219599999999977;0.32;0.3199600000000003
0.62;0.6197600000000003;0.34;0.34191999999999995;0.38;0.3788799999999977
0.26;0.25476000000000015;0.12;0.1366399999999999;0.5;0.4208799999999998
0.76;0.7613200000000029;0.22;0.19280000000000053;0.4;0.40680000000000066
0.28;0.27819999999999917;0.42;0.42007999999999934;0.48;0.4727199999999982
0.28;0.2799199999999992;0.46;0.45935999999999777;0.46;0.45912000000000086
0.46;0.4603999999999978;0.46;0.47499999999999837;0.16;0.16056000000000004
0.1;0.10947999999999998;0.76;0.7496399999999983;0.44;0.42868000000000206
0.12;0.12807999999999992;0.3;0.29124000000000033;0.3;0.30504000000000053
0.22;0.22028000000000061;0.68;0.6956800000000013;0.36;0.36163999999999913
0.3;0.29968000000000206;0.66;0.6613599999999971;0.36;0.3574399999999996
0.26;0.2630399999999996;0.52;0.5186400000000021;0.34;0.3488799999999999
0.38;0.38192000000000237;0.48;0.4883999999999997;0.42;0.41876000000000085
0.44;0.45215999999999756;0.34;0.32204000000000005;0.14;0.14528000000000002
0.32;0.31964000000000053;0.46;0.47383999999999826;0.3;0.3140000000000006
0.74;0.7354399999999967;0.14;0.16720000000000015;0.32;0.30175999999999964
0.66;0.6572400000000008;0.2;0.20520000000000013;0.22;0.22171999999999983
0.4;0.40040000000000125;0.48;0.4863600000000006;0.4;0.4010399999999999
0.36;0.3590800000000007;0.5;0.5086000000000018;0.38;0.3745599999999992
0.66;0.6435200000000021;0.1;0.11375999999999997;0.46;0.38620000000000027
0.38;0.37976000000000265;0.6;0.5750800000000013;0.42;0.417320000000002
0.6;0.5975199999999972;0.34;0.3526800000000007;0.18;0.17844000000000065
0.6;0.598239999999998;0.34;0.3413600000000001;0.5;0.49631999999999954
0.38;0.3836800000000025;0.46;0.4630399999999978;0.34;0.3473200000000002
0.3;0.2982000000000009;0.28;0.27780000000000055;0.34;0.3489600000000001
0.36;0.3563200000000011;0.24;0.23864000000000107;0.28;0.2854800000000003
0.14;0.13519999999999988;0.34;0.3422000000000012;0.3;0.3084400000000005
0.28;0.27995999999999904;0.7;0.6710399999999984;0.36;0.3547999999999992
0.36;0.3599200000000008;0.12;0.12027999999999993;0.48;0.4700399999999993
0.72;0.7222799999999954;0.26;0.21400000000000038;0.14;0.1450000000000001
0.68;0.6648000000000012;0.1;0.11299999999999998;0.12;0.11720000000000001
0.16;0.16892000000000007;0.26;0.25628000000000056;0.22;0.2254399999999997
0.14;0.1382399999999999;0.32;0.31960000000000055;0.28;0.2845999999999993
0.5;0.4998400000000028;0.42;0.42779999999999907;0.12;0.11928000000000016
0.32;0.3209200000000005;0.5;0.4857999999999987;0.24;0.23048000000000002
0.4;0.3946000000000012;0.18;0.18056000000000008;0.44;0.3896000000000007
0.36;0.35896000000000144;0.2;0.19888000000000078;0.38;0.3825999999999992
0.38;0.38476000000000227;0.44;0.43771999999999855;0.36;0.35471999999999954
0.86;0.8522799999999949;0.1;0.11859999999999996;0.48;0.4481599999999986
0.52;0.5150400000000025;0.24;0.25780000000000053;0.32;0.30796000000000034
0.3;0.29584000000000044;0.22;0.2212400000000006;0.24;0.24376000000000012
0.2;0.19480000000000045;0.12;0.12423999999999992;0.26;0.2590399999999994
0.68;0.6821599999999981;0.24;0.23528000000000024;0.22;0.22303999999999985
0.1;0.11235999999999996;0.54;0.5365600000000017;0.36;0.36863999999999886
0.48;0.48723999999999834;0.34;0.32776000000000033;0.24;0.2411599999999993
0.16;0.15823999999999996;0.32;0.3177600000000004;0.34;0.34828000000000015
0.68;0.6818399999999989;0.24;0.2413200000000004;0.24;0.2437599999999996
0.24;0.23952000000000123;0.7;0.7037999999999963;0.4;0.3983599999999999
0.78;0.593439999999998;0.1;0.25748000000000004;0.42;0.36136000000000035
0.26;0.2617199999999998;0.42;0.4136799999999998;0.44;0.43480000000000063
0.38;0.3845600000000023;0.44;0.43247999999999914;0.2;0.19900000000000004
0.78;0.7803199999999956;0.18;0.18276000000000067;0.32;0.32352000000000125
0.52;0.5162800000000028;0.1;0.10619999999999999;0.48;0.4462799999999989
0.8;0.798800000000001;0.12;0.1316799999999999;0.44;0.43584000000000067
0.5;0.480559999999998;0.24;0.28296;0.24;0.22319999999999984
0.44;0.4327599999999988;0.22;0.2231200000000007;0.12;0.11656000000000007
0.2;0.20664000000000038;0.22;0.21148000000000036;0.18;0.1969999999999998
0.24;0.23504000000000116;0.36;0.4021600000000025;0.18;0.20356000000000055
0.46;0.4599999999999977;0.48;0.4793999999999998;0.22;0.21935999999999983
0.44;0.4407599999999975;0.54;0.5090400000000014;0.36;0.35667999999999955
0.32;0.32268000000000036;0.12;0.11863999999999994;0.28;0.27980000000000044
0.38;0.384200000000002;0.46;0.44571999999999834;0.14;0.13772000000000015
0.2;0.19972000000000079;0.58;0.5806799999999991;0.28;0.2811600000000002
0.66;0.6579200000000024;0.22;0.23844000000000073;0.14;0.14020000000000019
0.24;0.2420000000000011;0.74;0.7048799999999966;0.1;0.101
0.6;0.5994799999999992;0.24;0.2412800000000004;0.48;0.4820799999999982
0.4;0.4030400000000009;0.16;0.15467999999999996;0.18;0.19028000000000028
0.2;0.19856000000000087;0.74;0.7515600000000002;0.26;0.2602000000000012
0.24;0.24608000000000066;0.18;0.16756000000000004;0.1;0.14211999999999989
0.14;0.1353599999999999;0.14;0.1537199999999999;0.46;0.41452000000000055
0.46;0.4587199999999978;0.26;0.2837599999999994;0.32;0.3153199999999995
0.36;0.36320000000000124;0.48;0.477040000000001;0.2;0.19632
0.24;0.2377600000000009;0.32;0.3173200000000007;0.46;0.46991999999999995
0.38;0.37776000000000215;0.32;0.3304800000000007;0.12;0.12216000000000016
0.58;0.5797600000000013;0.38;0.38060000000000155;0.2;0.19948000000000005
0.14;0.14075999999999989;0.28;0.2814800000000008;0.18;0.18060000000000037
0.32;0.3204000000000004;0.6;0.5940000000000002;0.2;0.19671999999999992
0.22;0.2114800000000003;0.76;0.6900799999999997;0.16;0.14975999999999995
0.1;0.11019999999999998;0.4;0.4168799999999999;0.28;0.2682400000000006
0.68;0.6778800000000001;0.12;0.12207999999999994;0.2;0.20492
0.48;0.47555999999999765;0.16;0.1612000000000001;0.38;0.3877599999999996
0.3;0.29960000000000186;0.56;0.5587600000000006;0.38;0.37679999999999936
0.34;0.3432400000000009;0.18;0.17956000000000008;0.18;0.17060000000000017
0.32;0.3166400000000008;0.1;0.10167999999999999;0.4;0.3899999999999998
0.62;0.63756;0.18;0.16304000000000007;0.34;0.34512000000000065
0.54;0.5352400000000016;0.24;0.25852000000000025;0.16;0.16016000000000008
0.38;0.38220000000000237;0.54;0.5469200000000006;0.18;0.1797600000000005
0.32;0.3184800000000003;0.26;0.26348000000000016;0.18;0.17199999999999988
0.34;0.33648000000000095;0.14;0.14307999999999987;0.36;0.34799999999999953
0.56;0.5626000000000008;0.34;0.3528800000000008;0.3;0.3019600000000002
0.7;0.6938399999999971;0.12;0.12579999999999994;0.34;0.32652
0.3;0.2980400000000007;0.22;0.22188000000000066;0.16;0.16292000000000012
0.58;0.5802000000000018;0.1;0.1034;0.38;0.3761199999999994
0.26;0.27439999999999976;0.32;0.3040400000000013;0.18;0.19736000000000004
0.26;0.26299999999999996;0.54;0.5417200000000015;0.1;0.10495999999999998
0.12;0.11607999999999996;0.58;0.5793999999999991;0.48;0.4708399999999985
0.18;0.17400000000000027;0.14;0.14399999999999988;0.3;0.30716000000000043
0.64;0.6294799999999977;0.18;0.2038800000000003;0.38;0.36387999999999915
0.54;0.5387600000000012;0.38;0.390560000000001;0.28;0.2806799999999988
0.36;0.3518800000000012;0.28;0.27716000000000035;0.2;0.213
0.36;0.3607600000000008;0.54;0.5504800000000012;0.44;0.4439600000000007
0.18;0.18072000000000005;0.6;0.6019599999999999;0.3;0.3043200000000005
0.36;0.35988000000000053;0.62;0.5904399999999987;0.42;0.4162400000000021
0.12;0.11367999999999998;0.4;0.4172799999999996;0.22;0.2194799999999999
0.1;0.10831999999999997;0.12;0.10795999999999997;0.34;0.390159999999999
0.12;0.12163999999999993;0.8;0.8036399999999971;0.26;0.25988000000000083
0.22;0.22372000000000078;0.3;0.28696000000000005;0.28;0.30528000000000016
0.34;0.3412400000000011;0.52;0.533680000000001;0.36;0.3715199999999992
0.1;0.11155999999999996;0.38;0.3630000000000012;0.5;0.4859199999999982
0.32;0.32796000000000036;0.16;0.15428;0.14;0.1391599999999999
0.64;0.6388799999999943;0.1;0.10048000000000001;0.4;0.37495999999999896
0.32;0.3180000000000005;0.44;0.4781999999999995;0.1;0.11480000000000005
0.26;0.2637599999999996;0.44;0.4390399999999987;0.24;0.2469199999999999
0.64;0.6392799999999982;0.24;0.24984000000000015;0.44;0.44020000000000126
0.3;0.2958000000000004;0.26;0.2656399999999998;0.36;0.35268000000000066
0.34;0.34008000000000116;0.64;0.6111200000000002;0.36;0.35883999999999944
0.7;0.6901199999999984;0.16;0.18772000000000016;0.32;0.3031199999999999
0.32;0.3187200000000005;0.3;0.29040000000000016;0.24;0.26048000000000027
0.46;0.46503999999999757;0.34;0.3238000000000004;0.5;0.484999999999998
0.22;0.21940000000000057;0.46;0.4775999999999984;0.12;0.12940000000000007
0.32;0.3086000000000012;0.32;0.3479200000000006;0.32;0.32072000000000034
0.2;0.2012800000000006;0.46;0.4695199999999985;0.1;0.10488
0.16;0.15940000000000015;0.76;0.7734399999999981;0.38;0.382119999999998
0.1;0.11111999999999997;0.68;0.6685200000000009;0.3;0.2920399999999994
0.38;0.3794000000000023;0.32;0.3240000000000004;0.44;0.44756
0.32;0.31528000000000067;0.14;0.14539999999999986;0.46;0.4346000000000002
0.22;0.2194800000000006;0.66;0.6708799999999994;0.2;0.19924
0.5;0.5074800000000024;0.36;0.35160000000000086;0.28;0.2792399999999997
0.1;0.12067999999999995;0.68;0.6611999999999996;0.22;0.21411999999999978
0.24;0.2379200000000009;0.42;0.4548799999999991;0.2;0.22292000000000006
0.34;0.33908000000000105;0.64;0.6080800000000001;0.22;0.21699999999999992
0.36;0.35964000000000074;0.56;0.5614800000000011;0.16;0.15528000000000003
0.16;0.15667999999999999;0.34;0.3400000000000006;0.22;0.22523999999999983
0.28;0.2799599999999991;0.66;0.6593599999999973;0.22;0.21783999999999976
0.46;0.46171999999999763;0.36;0.35384000000000126;0.48;0.4791999999999981
0.2;0.19600000000000053;0.12;0.12331999999999994;0.2;0.1977600000000003
0.14;0.14107999999999987;0.54;0.551280000000001;0.1;0.10543999999999998
0.24;0.23776000000000122;0.7;0.7029199999999958;0.2;0.19760000000000005
0.52;0.5178400000000022;0.24;0.27328000000000047;0.1;0.1022
0.12;0.12219999999999993;0.54;0.5347600000000018;0.32;0.32080000000000103
0.14;0.14563999999999985;0.16;0.16144000000000003;0.24;0.22644000000000014
0.14;0.14135999999999987;0.52;0.5132800000000026;0.5;0.48547999999999814
0.72;0.714879999999996;0.14;0.1612800000000001;0.38;0.36163999999999963
0.58;0.5769600000000012;0.16;0.16264000000000023;0.2;0.1788800000000001
0.16;0.15960000000000008;0.16;0.1614000000000001;0.44;0.43707999999999914
0.38;0.3830000000000021;0.46;0.45891999999999844;0.24;0.23971999999999988
0.52;0.5205200000000025;0.42;0.42287999999999976;0.4;0.3994799999999999
0.26;0.2550000000000002;0.18;0.18452000000000035;0.14;0.13727999999999987
0.16;0.1622800000000002;0.42;0.41727999999999976;0.26;0.2682800000000001
0.3;0.3066800000000008;0.14;0.1346399999999999;0.12;0.1341200000000001
0.18;0.19096000000000019;0.36;0.3360400000000004;0.3;0.3262000000000003
0.42;0.41276;0.3;0.3199200000000002;0.36;0.37207999999999886
0.36;0.35868000000000105;0.42;0.4429999999999986;0.1;0.10668
0.62;0.6218800000000002;0.34;0.33412000000000014;0.22;0.2203199999999999
0.2;0.20192000000000074;0.48;0.48592000000000046;0.26;0.2713199999999998
0.52;0.5208000000000026;0.28;0.28060000000000035;0.38;0.3873999999999988
0.62;0.6187599999999994;0.26;0.26755999999999996;0.5;0.4944799999999992
0.22;0.21864000000000058;0.26;0.2637600000000004;0.2;0.19724000000000017
0.1;0.11763999999999994;0.66;0.6484799999999978;0.12;0.11744000000000013
0.44;0.44319999999999843;0.16;0.15511999999999995;0.12;0.13204000000000007
0.5;0.5001200000000022;0.38;0.3840000000000014;0.14;0.13880000000000026
0.12;0.11999999999999995;0.6;0.6083599999999995;0.1;0.10311999999999999
0.14;0.13815999999999987;0.44;0.4469599999999984;0.28;0.2834799999999989
0.1;0.11335999999999997;0.56;0.5475200000000006;0.4;0.40340000000000026
0.3;0.2983600000000007;0.28;0.2792400000000001;0.18;0.18603999999999984
0.2;0.20220000000000057;0.44;0.44847999999999905;0.12;0.12324000000000017
0.24;0.23404000000000116;0.34;0.36200000000000115;0.4;0.4052800000000004
0.62;0.6120799999999971;0.16;0.16683999999999993;0.18;0.17899999999999996
0.46;0.4585999999999978;0.44;0.453919999999999;0.28;0.28187999999999913
0.1;0.11411999999999997;0.8;0.8031599999999992;0.2;0.19056000000000034
0.28;0.2802799999999995;0.42;0.4226799999999992;0.34;0.34648000000000023
0.32;0.3221200000000005;0.56;0.5747199999999997;0.12;0.12312000000000016
0.56;0.5600800000000008;0.32;0.3253200000000006;0.36;0.36123999999999895
0.12;0.12719999999999992;0.22;0.21084000000000042;0.26;0.27295999999999965
0.14;0.13647999999999988;0.66;0.6599599999999983;0.48;0.4770799999999985
0.12;0.12011999999999995;0.82;0.8350800000000007;0.14;0.14048000000000033
0.7;0.7007600000000005;0.26;0.2381600000000009;0.48;0.4814799999999976
0.28;0.2789599999999992;0.64;0.6544399999999992;0.28;0.27975999999999923
0.56;0.5611200000000011;0.36;0.36648000000000164;0.28;0.28135999999999867
0.3;0.2999600000000008;0.16;0.15688;0.36;0.3739200000000006
0.22;0.22212000000000068;0.44;0.4502799999999989;0.22;0.23852000000000012
0.28;0.28027999999999914;0.52;0.5241600000000021;0.34;0.34636000000000033
0.26;0.2638399999999995;0.52;0.525640000000002;0.28;0.29556000000000027
0.1;0.11351999999999997;0.6;0.5820000000000008;0.32;0.3144000000000004
0.3;0.29900000000000126;0.42;0.43867999999999935;0.1;0.10944000000000001
0.1;0.10899999999999997;0.22;0.21020000000000044;0.46;0.46263999999999933
0.16;0.15772;0.2;0.20556000000000033;0.48;0.48487999999999865
0.28;0.28035999999999917;0.54;0.5329200000000015;0.44;0.427640000000001
0.38;0.3783600000000017;0.24;0.24900000000000044;0.46;0.4356799999999999
0.76;0.760960000000004;0.2;0.20332000000000006;0.42;0.4235200000000024
0.6;0.5937999999999986;0.22;0.22912000000000043;0.22;0.21699999999999964
0.84;0.8372000000000024;0.12;0.13783999999999988;0.5;0.4841199999999987
0.34;0.33336000000000043;0.18;0.18508000000000008;0.3;0.28300000000000003
0.14;0.1411599999999999;0.52;0.5286000000000014;0.1;0.10488
0.22;0.22264000000000067;0.44;0.49603999999999887;0.18;0.2119600000000002
0.18;0.18132000000000026;0.44;0.4418399999999989;0.22;0.22183999999999976
0.28;0.2828799999999998;0.58;0.5832399999999988;0.16;0.16216000000000017
0.36;0.35212000000000093;0.26;0.27999999999999936;0.5;0.4554799999999995
0.5;0.5012000000000015;0.18;0.1810400000000002;0.12;0.12036000000000005
0.24;0.2396400000000013;0.74;0.7089599999999964;0.42;0.4172400000000023
0.22;0.21964000000000058;0.72;0.7311999999999997;0.38;0.37919999999999765
0.2;0.2030400000000003;0.56;0.5735600000000003;0.1;0.10588
0.1;0.1320399999999999;0.58;0.5856399999999999;0.18;0.18236000000000052
0.14;0.14827999999999986;0.14;0.12999999999999992;0.14;0.16340000000000002
0.2;0.19488000000000028;0.28;0.29680000000000106;0.44;0.4158399999999992
0.12;0.11711999999999996;0.36;0.3600400000000017;0.3;0.30776000000000053
0.46;0.4595999999999978;0.52;0.49400000000000194;0.48;0.4771999999999972
0.82;0.8211199999999972;0.16;0.1323199999999999;0.38;0.39747999999999956
0.16;0.1619200000000001;0.12;0.12443999999999993;0.42;0.40372000000000013
0.38;0.3820800000000024;0.4;0.39728000000000085;0.42;0.4199200000000001
0.72;0.7185599999999951;0.16;0.16752000000000006;0.38;0.3772399999999993
0.28;0.2805999999999992;0.56;0.5592800000000009;0.44;0.4372799999999997
0.38;0.3815600000000023;0.5;0.5093200000000003;0.14;0.14040000000000014
0.82;0.8198799999999975;0.14;0.12499999999999993;0.32;0.3346000000000001
0.32;0.3178000000000007;0.36;0.3616800000000013;0.36;0.36023999999999934
0.28;0.2790799999999993;0.4;0.40400000000000075;0.38;0.3913599999999996
0.12;0.12079999999999994;0.8;0.8040799999999979;0.32;0.32068000000000174
0.32;0.3203600000000004;0.62;0.6136399999999979;0.28;0.27471999999999913
0.14;0.14127999999999988;0.66;0.6567599999999981;0.28;0.28075999999999957
0.62;0.5877199999999986;0.14;0.16848000000000032;0.36;0.32131999999999994
0.56;0.5615600000000007;0.24;0.24432000000000043;0.26;0.26108000000000026
0.58;0.5843600000000003;0.14;0.1308799999999999;0.34;0.33988000000000057
0.1;0.11519999999999996;0.26;0.2495200000000007;0.2;0.19935999999999995
0.1;0.10915999999999998;0.76;0.7517999999999985;0.48;0.46607999999999733
0.28;0.27919999999999934;0.58;0.5645600000000006;0.5;0.4579599999999987
0.44;0.4317999999999989;0.2;0.20028000000000018;0.14;0.14256000000000008
0.3;0.2984400000000015;0.36;0.36992000000000197;0.2;0.2123199999999999
0.2;0.18784000000000023;0.22;0.2351600000000008;0.46;0.4405200000000006
0.5;0.4990000000000034;0.42;0.4295199999999989;0.18;0.18016000000000068
0.56;0.5658400000000009;0.3;0.3015600000000006;0.28;0.28195999999999954
0.22;0.2183200000000005;0.66;0.6603199999999996;0.14;0.1393200000000001
0.12;0.12339999999999994;0.7;0.6956399999999971;0.46;0.4609599999999995
0.16;0.15231999999999987;0.24;0.2535200000000005;0.22;0.20772000000000004
0.14;0.14351999999999987;0.76;0.7611599999999991;0.42;0.417520000000002
0.78;0.7817999999999968;0.18;0.1809200000000005;0.14;0.14564000000000016
0.14;0.1415999999999999;0.7;0.6974799999999983;0.48;0.48047999999999835
0.46;0.46027999999999764;0.44;0.4549599999999982;0.34;0.3397600000000001
0.38;0.3800400000000024;0.56;0.5683200000000003;0.1;0.10144
0.68;0.6795199999999977;0.3;0.2741199999999994;0.44;0.4382400000000028
0.14;0.14255999999999988;0.76;0.7718799999999973;0.2;0.20139999999999994
0.56;0.5511600000000009;0.18;0.18824000000000024;0.16;0.13876000000000013
0.16;0.16328000000000006;0.44;0.4309599999999988;0.4;0.3987599999999998
0.72;0.7114799999999967;0.14;0.16980000000000028;0.5;0.4759999999999975
0.64;0.6347999999999967;0.18;0.20112000000000052;0.42;0.403
0.44;0.44103999999999743;0.5;0.502920000000001;0.48;0.48031999999999747
0.16;0.16556;0.22;0.21764000000000033;0.36;0.3689199999999997
0.86;0.8589599999999941;0.12;0.106;0.2;0.20571999999999982
0.1;0.11299999999999996;0.56;0.567520000000001;0.14;0.14220000000000016
0.68;0.6809999999999974;0.28;0.27876000000000084;0.28;0.28067999999999865
0.42;0.4192799999999993;0.14;0.13903999999999989;0.42;0.43000000000000094
0.18;0.18256000000000036;0.72;0.7310399999999974;0.12;0.12000000000000015
0.14;0.14207999999999987;0.36;0.35084000000000154;0.3;0.313360000000001
0.12;0.11783999999999994;0.14;0.1413199999999999;0.22;0.23104000000000005
0.28;0.28015999999999947;0.62;0.6285599999999982;0.3;0.29535999999999984
0.5;0.4955600000000023;0.2;0.20260000000000067;0.2;0.18900000000000014
0.7;0.689519999999997;0.12;0.13043999999999992;0.36;0.33100000000000046
0.74;0.7302399999999971;0.1;0.11031999999999999;0.42;0.3717600000000002
0.72;0.7220399999999971;0.12;0.11751999999999994;0.22;0.24439999999999967
0.2;0.19776000000000063;0.76;0.7407199999999986;0.12;0.11948000000000017
0.26;0.25748;0.24;0.2516800000000002;0.28;0.2568799999999998
0.68;0.6841199999999988;0.24;0.24220000000000025;0.34;0.34320000000000034
0.28;0.2840800000000001;0.18;0.1764800000000002;0.28;0.29176000000000046
0.16;0.15828000000000014;0.82;0.7940000000000002;0.14;0.1396800000000003
0.6;0.5967199999999994;0.16;0.15860000000000007;0.24;0.25100000000000006
0.26;0.26007999999999964;0.46;0.4551199999999978;0.34;0.33668000000000087
0.14;0.1407999999999999;0.46;0.4556399999999975;0.42;0.4196400000000014
0.16;0.16024000000000013;0.58;0.5872399999999999;0.28;0.28744000000000003
0.62;0.6214399999999978;0.12;0.11839999999999995;0.18;0.17636000000000002
0.24;0.24016000000000115;0.52;0.5268800000000017;0.34;0.3490800000000002
0.68;0.6785199999999985;0.28;0.2801600000000013;0.38;0.377119999999998
0.54;0.5478800000000008;0.3;0.28424000000000094;0.12;0.12396000000000018
0.54;0.539280000000001;0.38;0.3970800000000008;0.42;0.4209600000000025
0.5;0.5025200000000023;0.34;0.3380800000000001;0.16;0.16168000000000013
0.58;0.5838800000000004;0.26;0.2564800000000004;0.42;0.425200000000002
0.16;0.16368000000000016;0.42;0.4118400000000002;0.24;0.2435199999999993
0.56;0.560000000000001;0.36;0.373480000000002;0.24;0.24007999999999888
0.18;0.17392000000000035;0.26;0.26560000000000017;0.34;0.33768000000000087
0.42;0.4096000000000004;0.1;0.10579999999999999;0.44;0.4327600000000006
0.36;0.3601200000000009;0.44;0.44227999999999856;0.38;0.379
0.24;0.2516800000000003;0.24;0.22900000000000073;0.14;0.15187999999999988
0.58;0.5838800000000005;0.28;0.27048000000000055;0.16;0.16532000000000033
0.58;0.5800800000000006;0.12;0.11979999999999995;0.26;0.2545999999999994
0.64;0.6314399999999974;0.1;0.11067999999999999;0.1;0.12072000000000013
0.44;0.4300399999999989;0.12;0.12559999999999993;0.16;0.1570000000000002
0.62;0.6192399999999989;0.14;0.1406799999999999;0.22;0.21903999999999976
0.2;0.1979200000000008;0.74;0.7469199999999997;0.32;0.31920000000000154
0.42;0.423959999999999;0.18;0.17476000000000014;0.26;0.27255999999999964
0.42;0.4164399999999994;0.42;0.4312399999999985;0.16;0.1615600000000002
0.14;0.14827999999999986;0.18;0.16980000000000026;0.38;0.4075600000000003
0.3;0.30140000000000133;0.56;0.5652000000000007;0.12;0.12048000000000011
0.24;0.23784000000000083;0.22;0.2213200000000006;0.4;0.40103999999999945
0.58;0.5782800000000006;0.22;0.22656000000000043;0.2;0.1996
0.26;0.2565199999999999;0.56;0.5584800000000001;0.28;0.2722000000000003
0.28;0.2885600000000003;0.18;0.1838800000000001;0.42;0.40376000000000045
0.46;0.46051999999999765;0.44;0.45499999999999824;0.26;0.2619200000000007
0.32;0.3222000000000002;0.52;0.5096000000000017;0.24;0.23220000000000002
0.5;0.5033600000000032;0.36;0.35076000000000096;0.5;0.4838399999999979
0.6;0.5956399999999984;0.3;0.3176800000000006;0.12;0.11980000000000016
0.14;0.1397199999999999;0.44;0.44123999999999886;0.26;0.26116000000000056
0.84;0.839440000000002;0.12;0.1257999999999999;0.18;0.18400000000000044
0.24;0.24412000000000064;0.32;0.2999600000000007;0.38;0.41312000000000076
0.38;0.3849200000000019;0.12;0.11763999999999994;0.4;0.3993199999999993
0.22;0.22080000000000066;0.64;0.6353999999999992;0.5;0.4818799999999984
0.36;0.3600400000000007;0.56;0.5642000000000001;0.26;0.2566000000000003
0.46;0.46159999999999746;0.3;0.30040000000000033;0.32;0.32672000000000023
0.56;0.5652400000000013;0.28;0.27400000000000074;0.3;0.3042400000000004
0.12;0.12551999999999994;0.76;0.759359999999999;0.18;0.17744000000000063
0.1;0.11411999999999997;0.3;0.28148;0.3;0.2953199999999997
0.44;0.4421999999999976;0.54;0.47771999999999754;0.1;0.10096000000000001
0.4;0.4003200000000012;0.48;0.49536000000000147;0.3;0.3075600000000006
0.1;0.10791999999999997;0.32;0.3176000000000004;0.38;0.3672399999999994
0.32;0.31600000000000056;0.24;0.24340000000000078;0.24;0.2376800000000002
0.2;0.20468000000000044;0.58;0.5937599999999992;0.1;0.10495999999999998
0.3;0.29652000000000023;0.16;0.16148;0.4;0.39844000000000007
0.12;0.12307999999999994;0.68;0.6823600000000003;0.26;0.2624800000000006
0.26;0.26723999999999987;0.32;0.3057200000000012;0.24;0.25727999999999995
0.54;0.5416400000000013;0.36;0.36888000000000176;0.34;0.33872000000000024
0.8;0.8008000000000005;0.18;0.15443999999999997;0.46;0.467879999999998
0.48;0.47955999999999616;0.5;0.47483999999999726;0.3;0.30028000000000005
0.6;0.6106399999999989;0.16;0.14887999999999987;0.14;0.1667200000000002
0.56;0.5600400000000011;0.36;0.36880000000000174;0.18;0.1804000000000007
0.48;0.4739199999999978;0.2;0.20264000000000038;0.18;0.17948000000000017
0.68;0.6789199999999992;0.22;0.2358000000000007;0.28;0.2826799999999993
0.42;0.41851999999999917;0.46;0.4727199999999984;0.12;0.12124000000000017
0.74;0.7428799999999993;0.12;0.11623999999999995;0.22;0.2330799999999998
0.64;0.6410399999999968;0.34;0.30100000000000104;0.12;0.12024000000000017
0.48;0.4789199999999989;0.14;0.14391999999999988;0.46;0.4562800000000008
0.1;0.10244;0.86;0.8612000000000006;0.16;0.15835999999999997
0.2;0.19552000000000055;0.78;0.738879999999998;0.34;0.33404000000000045
0.58;0.571680000000001;0.1;0.11115999999999997;0.14;0.14139999999999997
0.58;0.5791600000000021;0.4;0.37444000000000205;0.5;0.4977199999999996
0.38;0.38028000000000245;0.52;0.5244000000000019;0.42;0.41680000000000084
0.3;0.3072000000000007;0.3;0.28547999999999996;0.38;0.40460000000000046
0.22;0.2216400000000007;0.66;0.6648;0.48;0.4820399999999985
0.48;0.48575999999999864;0.32;0.3116800000000009;0.26;0.2630000000000002
0.78;0.7815999999999977;0.16;0.16280000000000025;0.14;0.14676000000000006
0.6;0.597119999999998;0.32;0.33380000000000076;0.2;0.19896000000000008
0.46;0.46323999999999754;0.38;0.36900000000000155;0.5;0.4836799999999982
0.32;0.3204400000000004;0.6;0.62704;0.42;0.42860000000000226
0.24;0.2361600000000009;0.18;0.18276000000000028;0.42;0.41319999999999996
0.16;0.1638000000000001;0.46;0.44859999999999767;0.32;0.3197600000000015
0.2;0.2002800000000008;0.36;0.37456000000000156;0.42;0.4285200000000013
0.6;0.621199999999999;0.18;0.15872000000000008;0.12;0.14828000000000027
0.5;0.49412000000000256;0.18;0.18351999999999996;0.24;0.22300000000000023
0.2;0.19896000000000086;0.76;0.7629999999999968;0.28;0.27855999999999886
0.52;0.5238000000000022;0.12;0.12251999999999993;0.38;0.3809999999999998
0.72;0.7230399999999947;0.18;0.17732000000000048;0.1;0.10404
0.14;0.1366399999999999;0.24;0.24332000000000056;0.38;0.3827999999999986
0.54;0.5423600000000015;0.3;0.2922800000000002;0.22;0.2243199999999998
0.24;0.23796000000000092;0.22;0.2174800000000006;0.36;0.3661200000000005
0.16;0.16456000000000004;0.22;0.21812000000000056;0.34;0.34863999999999995
0.2;0.1918400000000006;0.12;0.1322399999999999;0.48;0.4393199999999998
0.3;0.3019600000000014;0.32;0.3140000000000009;0.48;0.487079999999999
0.34;0.33856000000000097;0.64;0.5937199999999986;0.3;0.2869599999999993
0.28;0.28175999999999923;0.48;0.49236000000000085;0.24;0.2571600000000006
0.12;0.11903999999999995;0.4;0.40732000000000046;0.48;0.4810799999999983
0.2;0.19900000000000082;0.6;0.6016399999999997;0.38;0.37983999999999984
0.28;0.28175999999999946;0.38;0.3869600000000011;0.14;0.14928000000000013
0.54;0.5390400000000013;0.36;0.3720800000000018;0.1;0.10064
0.5;0.5024800000000027;0.36;0.35624000000000167;0.38;0.3793199999999982
0.32;0.31872000000000056;0.6;0.6144400000000002;0.36;0.3574399999999993
0.26;0.2599999999999996;0.54;0.530160000000002;0.48;0.45715999999999946
0.1;0.11811999999999995;0.62;0.611479999999999;0.14;0.13904000000000014
0.68;0.6761599999999982;0.26;0.27232000000000023;0.5;0.49391999999999925
0.22;0.22160000000000077;0.54;0.5434400000000009;0.22;0.22656
0.42;0.4188399999999993;0.12;0.12003999999999995;0.44;0.4452399999999999
0.12;0.12475999999999993;0.72;0.7100799999999993;0.5;0.4911199999999992
0.48;0.4807199999999963;0.48;0.48616000000000203;0.44;0.4386800000000021
0.4;0.39932000000000134;0.56;0.5622400000000016;0.44;0.43892000000000203
0.66;0.6602800000000034;0.28;0.2859200000000013;0.18;0.18056000000000066
0.1;0.10927999999999997;0.32;0.3139600000000009;0.46;0.4563600000000001
0.24;0.23692000000000096;0.3;0.3000000000000006;0.36;0.3635200000000003
0.74;0.7257999999999952;0.1;0.11427999999999995;0.24;0.19724000000000017
0.16;0.16208000000000017;0.7;0.7017199999999977;0.46;0.4646399999999984
0.1;0.10891999999999998;0.18;0.17592000000000027;0.44;0.4264000000000003
0.3;0.3005200000000016;0.46;0.45835999999999805;0.42;0.41972
0.22;0.21960000000000052;0.54;0.5406800000000014;0.46;0.45432000000000033
0.2;0.19068000000000032;0.28;0.29740000000000066;0.46;0.43868
0.28;0.27807999999999905;0.7;0.6631599999999981;0.26;0.2542400000000006
0.12;0.12231999999999994;0.72;0.7181599999999981;0.48;0.4835999999999987
0.64;0.6397199999999975;0.24;0.24048000000000017;0.28;0.28195999999999943
0.1;0.10092;0.88;0.8499599999999954;0.44;0.4374000000000022
0.36;0.36164000000000085;0.5;0.5067200000000015;0.24;0.2392800000000001
0.26;0.2593199999999997;0.4;0.40184000000000086;0.28;0.28667999999999955
0.68;0.6814399999999993;0.22;0.21772000000000027;0.44;0.4459600000000009
0.3;0.30000000000000193;0.56;0.5602000000000003;0.42;0.42252000000000123
0.52;0.5204000000000027;0.4;0.4133199999999996;0.16;0.16024000000000002
0.36;0.36308000000000124;0.52;0.5154400000000005;0.16;0.15652000000000013
0.12;0.11779999999999995;0.86;0.8346000000000007;0.44;0.4408800000000018
0.2;0.18956000000000023;0.26;0.2766800000000004;0.44;0.41744000000000003
0.42;0.4154399999999996;0.4;0.41235999999999984;0.34;0.34724000000000016
0.6;0.5955199999999977;0.38;0.35824000000000095;0.22;0.2162799999999999
0.18;0.17880000000000032;0.2;0.2074400000000004;0.24;0.2176400000000001
0.28;0.27979999999999916;0.64;0.631240000000001;0.36;0.35587999999999964
0.64;0.6383599999999993;0.22;0.2327600000000003;0.44;0.43744000000000094
0.22;0.21788000000000063;0.48;0.4869200000000002;0.34;0.3432000000000005
0.28;0.28323999999999955;0.46;0.4561999999999978;0.26;0.26419999999999927
0.1;0.11279999999999997;0.7;0.6906399999999987;0.32;0.3104400000000005
0.42;0.4167599999999994;0.42;0.4271199999999989;0.36;0.3617199999999992
0.66;0.6501600000000028;0.1;0.10755999999999998;0.44;0.3945200000000012
0.12;0.11843999999999995;0.36;0.3587200000000018;0.28;0.2825999999999991
0.26;0.2572400000000001;0.48;0.5054400000000003;0.2;0.2228799999999998
0.1;0.11527999999999995;0.38;0.3601200000000014;0.34;0.3303200000000011
0.4;0.40472000000000075;0.36;0.3522400000000005;0.14;0.1423600000000002
0.3;0.3105200000000012;0.32;0.30012000000000133;0.14;0.17072000000000034
0.54;0.5428000000000011;0.16;0.15756000000000003;0.24;0.2448400000000003
0.32;0.31884000000000035;0.28;0.2746799999999999;0.28;0.29424000000000056
0.34;0.33900000000000075;0.36;0.36416000000000115;0.1;0.10515999999999999
0.14;0.1385599999999999;0.72;0.7236399999999983;0.16;0.16064000000000012
0.6;0.5885599999999995;0.2;0.23488000000000073;0.16;0.14696000000000017
0.58;0.5822800000000012;0.16;0.15796000000000007;0.12;0.12248000000000006
0.34;0.34056000000000086;0.44;0.44571999999999856;0.26;0.2650399999999999
0.34;0.34128000000000097;0.52;0.5206000000000025;0.18;0.18020000000000042
0.34;0.3399600000000008;0.48;0.47548000000000024;0.2;0.19424000000000008
0.22;0.23432000000000103;0.14;0.12707999999999992;0.26;0.29879999999999973
0.58;0.5804399999999986;0.12;0.11763999999999997;0.1;0.10996000000000002
0.24;0.23644000000000073;0.3;0.30040000000000033;0.18;0.18448000000000014
0.36;0.3548400000000008;0.3;0.31768000000000063;0.48;0.4864399999999991
0.44;0.4457999999999978;0.42;0.40948;0.16;0.15819999999999998
0.34;0.34040000000000115;0.58;0.5941599999999988;0.38;0.38207999999999864
0.36;0.3599200000000006;0.58;0.5939199999999992;0.48;0.4809199999999974
0.56;0.5582800000000004;0.18;0.1812800000000002;0.4;0.41459999999999997
0.2;0.19824000000000055;0.64;0.6363600000000008;0.18;0.17568000000000053
0.38;0.3825600000000025;0.52;0.5188000000000021;0.46;0.45695999999999903
0.86;0.8577999999999938;0.1;0.11407999999999997;0.4;0.38299999999999856
0.22;0.23040000000000085;0.3;0.2848799999999996;0.1;0.11708000000000007
0.78;0.781319999999996;0.2;0.16883999999999993;0.16;0.16700000000000031
0.36;0.36120000000000146;0.14;0.14127999999999988;0.14;0.14795999999999984
0.38;0.3842800000000014;0.28;0.26687999999999973;0.24;0.26804000000000006
0.24;0.23964000000000082;0.14;0.14199999999999988;0.3;0.2997600000000002
0.66;0.6618000000000006;0.16;0.15255999999999995;0.38;0.3963599999999997
0.72;0.7077599999999982;0.1;0.11295999999999996;0.34;0.30028000000000055
0.46;0.4599999999999978;0.48;0.49516000000000215;0.28;0.2784399999999989
0.46;0.46267999999999737;0.36;0.3531200000000009;0.38;0.3847599999999989
0.54;0.5436800000000009;0.32;0.31988000000000033;0.28;0.28143999999999914
0.26;0.25540000000000024;0.14;0.14659999999999987;0.22;0.19548000000000026
0.64;0.6381599999999996;0.24;0.2559200000000005;0.14;0.14260000000000014
0.56;0.556880000000001;0.1;0.10503999999999998;0.26;0.25083999999999934
0.42;0.4186399999999992;0.4;0.3975600000000005;0.4;0.39279999999999926
0.46;0.4609999999999975;0.28;0.28447999999999973;0.36;0.365039999999999
0.52;0.5174800000000016;0.22;0.21248000000000045;0.18;0.19876000000000002
0.44;0.44395999999999797;0.12;0.11643999999999996;0.22;0.23103999999999977
0.48;0.46971999999999864;0.16;0.1619200000000001;0.44;0.4346000000000011
0.82;0.8163599999999984;0.1;0.1337199999999999;0.18;0.16344000000000009
0.4;0.403000000000001;0.16;0.15748000000000015;0.48;0.4651599999999988
0.2;0.18564000000000022;0.1;0.11587999999999996;0.36;0.31099999999999967
0.14;0.1388799999999999;0.44;0.44675999999999877;0.2;0.19920000000000007
0.16;0.1698000000000001;0.36;0.3446000000000004;0.24;0.24676000000000017
0.14;0.1422399999999999;0.72;0.7187999999999987;0.34;0.3406000000000003
0.32;0.3190400000000005;0.66;0.6298399999999967;0.12;0.11904000000000017
0.16;0.15960000000000005;0.66;0.6618799999999984;0.36;0.36099999999999943
0.44;0.44131999999999744;0.5;0.49935999999999997;0.38;0.37783999999999784
0.7;0.701680000000001;0.28;0.2520800000000002;0.36;0.36095999999999945
0.18;0.18088000000000024;0.4;0.3969600000000008;0.34;0.3458799999999997
0.26;0.25799999999999995;0.4;0.4111600000000002;0.12;0.12300000000000018
0.6;0.5923999999999995;0.2;0.21836000000000058;0.34;0.3295600000000011
0.12;0.11587999999999996;0.22;0.23504000000000072;0.5;0.47527999999999826
0.58;0.5823600000000002;0.24;0.2365600000000004;0.12;0.12368000000000019
0.84;0.841600000000002;0.14;0.11707999999999996;0.12;0.12732000000000016
0.54;0.5406000000000015;0.26;0.2615600000000004;0.24;0.2420399999999996
0.1;0.11275999999999997;0.54;0.5291600000000014;0.38;0.38451999999999853
0.28;0.29016000000000025;0.32;0.30272000000000154;0.16;0.1823600000000004
0.34;0.34064000000000116;0.48;0.48260000000000014;0.38;0.3819199999999998
0.62;0.6158799999999998;0.1;0.10495999999999998;0.28;0.2659600000000003
0.28;0.2802399999999991;0.62;0.635199999999998;0.42;0.41952000000000106
0.46;0.45743999999999774;0.24;0.23716000000000081;0.16;0.17528000000000016
0.24;0.23848000000000114;0.4;0.4050000000000005;0.34;0.3453200000000003
0.14;0.13975999999999988;0.7;0.6945999999999976;0.18;0.17944000000000063
0.22;0.2189200000000006;0.72;0.7258399999999994;0.48;0.4760799999999974
0.36;0.3621600000000009;0.4;0.38676000000000155;0.5;0.4697999999999983
0.36;0.36040000000000105;0.5;0.4890799999999994;0.16;0.1589200000000001
0.24;0.24132000000000087;0.36;0.35780000000000173;0.46;0.46859999999999824
0.62;0.6219999999999996;0.26;0.26096000000000014;0.46;0.46207999999999794
0.82;0.8193199999999968;0.12;0.13343999999999992;0.24;0.2378400000000002
0.26;0.26123999999999964;0.64;0.6601199999999999;0.26;0.26492000000000004
0.14;0.13427999999999987;0.38;0.4030800000000008;0.3;0.2987199999999999
0.14;0.1353199999999999;0.32;0.32344000000000045;0.18;0.18312000000000053
0.62;0.6200399999999998;0.3;0.30984000000000006;0.5;0.4965999999999994
0.34;0.3416400000000011;0.4;0.4153199999999999;0.24;0.2564800000000003
0.1;0.10863999999999997;0.54;0.5057200000000008;0.14;0.1333200000000001
0.14;0.14071999999999987;0.66;0.6623199999999985;0.18;0.18232000000000054
0.28;0.2771599999999994;0.1;0.10519999999999999;0.22;0.19856000000000024
0.46;0.459839999999998;0.52;0.4928000000000013;0.34;0.33928000000000014
0.5;0.5007200000000039;0.48;0.4528799999999979;0.48;0.4733599999999972
0.14;0.1418799999999999;0.76;0.7712799999999983;0.32;0.32300000000000123
0.12;0.12255999999999993;0.78;0.7736400000000002;0.3;0.30216000000000015
0.26;0.2571599999999998;0.68;0.6838799999999979;0.4;0.39307999999999954
0.38;0.385320000000002;0.48;0.48551999999999945;0.18;0.17976000000000042
0.14;0.1365999999999999;0.58;0.5844799999999988;0.42;0.4262800000000011
0.18;0.18500000000000014;0.2;0.1939600000000003;0.36;0.37764000000000053
0.3;0.3000000000000011;0.14;0.13883999999999988;0.4;0.41379999999999983
0.3;0.30004000000000186;0.56;0.548200000000001;0.5;0.4673199999999976
0.6;0.5933999999999987;0.1;0.10751999999999998;0.2;0.20052000000000011
0.36;0.3598400000000006;0.6;0.6006400000000013;0.36;0.3583999999999993
0.32;0.3220800000000003;0.52;0.5009600000000006;0.26;0.2427200000000001
0.42;0.41575999999999985;0.2;0.19972000000000048;0.12;0.12948000000000018
0.16;0.15423999999999996;0.18;0.1832000000000005;0.42;0.4220399999999995
0.34;0.3399200000000006;0.3;0.2895600000000002;0.44;0.46535999999999883
0.48;0.47995999999999656;0.44;0.4608799999999986;0.42;0.4249200000000023
0.44;0.44099999999999745;0.48;0.5010400000000027;0.18;0.17908000000000066
0.1;0.11119999999999997;0.78;0.772400000000002;0.24;0.23159999999999945
0.22;0.2204400000000007;0.62;0.6201599999999984;0.42;0.4161600000000011
0.2;0.19228000000000056;0.44;0.45307999999999804;0.36;0.3616799999999992
0.5;0.49968000000000384;0.48;0.45295999999999803;0.32;0.3202800000000018
0.28;0.28039999999999954;0.1;0.10459999999999998;0.34;0.3047600000000011
0.12;0.11807999999999995;0.48;0.48620000000000047;0.22;0.2199199999999999
0.36;0.35956000000000077;0.62;0.5885199999999986;0.22;0.21671999999999988
0.12;0.12059999999999993;0.84;0.8397999999999964;0.12;0.12000000000000018
0.18;0.17924000000000007;0.44;0.43991999999999826;0.46;0.46639999999999926
0.18;0.1840000000000001;0.72;0.7369599999999988;0.26;0.2595600000000008
0.4;0.40104000000000095;0.22;0.21660000000000043;0.2;0.20923999999999982
0.2;0.20104000000000075;0.46;0.4586399999999975;0.48;0.4814399999999985
0.36;0.35992000000000074;0.56;0.5722800000000005;0.1;0.10136
0.28;0.2802399999999995;0.38;0.38032000000000155;0.28;0.2805599999999996
0.32;0.32692000000000043;0.32;0.3254800000000004;0.5;0.480439999999998
0.38;0.3841600000000023;0.38;0.37236000000000086;0.14;0.14164000000000018
0.3;0.3002400000000016;0.4;0.3949200000000008;0.32;0.3172400000000001
0.5;0.491600000000001;0.1;0.10579999999999999;0.5;0.45983999999999836
0.16;0.16924000000000008;0.34;0.33056000000000024;0.14;0.14048
0.52;0.5125600000000022;0.24;0.27564000000000055;0.14;0.1305200000000001
0.8;0.7939599999999998;0.1;0.12651999999999994;0.32;0.2887999999999999
0.12;0.12299999999999994;0.74;0.7416399999999984;0.2;0.2023999999999999
0.46;0.46299999999999736;0.36;0.35676000000000124;0.34;0.34384000000000037
0.2;0.19744000000000053;0.14;0.14983999999999983;0.32;0.28632
0.4;0.39968000000000126;0.4;0.4041600000000004;0.3;0.30552000000000035
0.34;0.3417600000000009;0.44;0.44043999999999844;0.42;0.4237200000000005
0.6;0.5982399999999971;0.38;0.35372000000000087;0.24;0.23939999999999895
0.26;0.26771999999999957;0.32;0.2981600000000009;0.34;0.37527999999999906
0.36;0.35696000000000083;0.32;0.33604000000000095;0.1;0.10400000000000001
0.4;0.4035200000000008;0.46;0.46531999999999835;0.14;0.14220000000000016
0.28;0.28268000000000026;0.3;0.2959200000000006;0.12;0.12708000000000005
0.24;0.24224000000000095;0.48;0.47455999999999965;0.16;0.16088000000000013
0.2;0.19812000000000096;0.78;0.7511600000000023;0.22;0.21855999999999992
0.12;0.10999999999999996;0.1;0.11351999999999997;0.32;0.26547999999999955
0.66;0.6620400000000006;0.12;0.11819999999999994;0.34;0.3561600000000006
0.56;0.5534800000000012;0.16;0.15792000000000006;0.32;0.3200399999999999
0.1;0.11243999999999997;0.24;0.22320000000000076;0.44;0.4442800000000001
0.54;0.5398400000000011;0.42;0.422919999999999;0.32;0.32068000000000185
0.16;0.16820000000000013;0.36;0.3424400000000004;0.26;0.2704799999999999
0.48;0.4835199999999983;0.38;0.36624000000000106;0.5;0.48171999999999804
0.24;0.23588000000000117;0.46;0.4878799999999983;0.26;0.28363999999999934
0.46;0.46963999999999745;0.16;0.1521199999999999;0.2;0.21719999999999978
0.28;0.2796799999999992;0.54;0.528400000000002;0.46;0.44264000000000064
0.46;0.4600799999999978;0.52;0.49284000000000205;0.38;0.38031999999999766
0.4;0.4034800000000007;0.26;0.25460000000000016;0.26;0.26999999999999974
0.3;0.30196000000000084;0.14;0.13947999999999988;0.18;0.17656000000000013
0.78;0.780359999999996;0.2;0.17323999999999995;0.24;0.2502399999999998
0.56;0.5698400000000009;0.16;0.15031999999999984;0.12;0.13764000000000015
0.28;0.282;0.26;0.2693600000000002;0.46;0.43400000000000016
0.28;0.30356000000000116;0.22;0.1975600000000008;0.1;0.1209200000000001
0.52;0.524240000000002;0.16;0.15696;0.14;0.14767999999999987
0.22;0.22316000000000077;0.32;0.3126000000000004;0.32;0.3334399999999996
0.22;0.21908000000000066;0.52;0.525400000000002;0.36;0.3696
0.12;0.12767999999999993;0.76;0.7569199999999994;0.5;0.4935599999999991
0.3;0.30264000000000096;0.22;0.2149200000000006;0.12;0.14055999999999993
0.54;0.5403600000000015;0.26;0.25892000000000054;0.28;0.28639999999999965
0.54;0.5268400000000025;0.22;0.2654400000000002;0.16;0.14724000000000012
0.42;0.41799999999999976;0.12;0.12199999999999994;0.24;0.24515999999999974
0.6;0.5894399999999995;0.2;0.23044000000000067;0.18;0.16992000000000038
0.48;0.47715999999999775;0.42;0.43391999999999925;0.16;0.16264000000000017
0.24;0.239800000000001;0.48;0.4866799999999997;0.2;0.20783999999999986
0.36;0.3633200000000012;0.14;0.13719999999999988;0.34;0.3401599999999999
0.32;0.3208400000000005;0.58;0.5981999999999983;0.1;0.1016
0.2;0.20148000000000052;0.42;0.4224399999999992;0.4;0.4076800000000008
0.84;0.8413200000000021;0.14;0.12247999999999994;0.46;0.4692399999999979
0.38;0.3847200000000022;0.42;0.41611999999999977;0.22;0.22039999999999976
0.42;0.4147999999999997;0.3;0.31288000000000027;0.4;0.4152800000000007
0.62;0.6238399999999998;0.26;0.2607200000000004;0.12;0.12064000000000016
0.28;0.28043999999999913;0.62;0.636999999999998;0.44;0.4494799999999991
0.6;0.5971599999999974;0.32;0.3277600000000007;0.14;0.13908000000000026
0.54;0.5419600000000008;0.36;0.3734800000000014;0.4;0.4008000000000001
0.22;0.21860000000000057;0.68;0.6904399999999989;0.32;0.3183600000000008
0.46;0.4632399999999972;0.32;0.31436000000000014;0.2;0.20323999999999992
0.22;0.21912000000000068;0.28;0.28140000000000054;0.2;0.20428000000000016
0.72;0.7208799999999945;0.2;0.21048000000000036;0.18;0.18244000000000055
0.78;0.7761999999999972;0.12;0.14331999999999986;0.3;0.28175999999999923
0.52;0.5217200000000027;0.36;0.3653600000000017;0.46;0.45991999999999844
0.58;0.580080000000001;0.24;0.24324000000000034;0.1;0.10200000000000001
0.14;0.1375599999999999;0.54;0.5398000000000021;0.38;0.38111999999999857
0.1;0.10859999999999997;0.3;0.29576000000000086;0.38;0.3695599999999996
0.54;0.540560000000001;0.38;0.3879600000000013;0.12;0.11992000000000017
0.32;0.3204400000000004;0.38;0.38764000000000093;0.1;0.10628
0.16;0.15884000000000012;0.78;0.7836000000000005;0.22;0.21959999999999988
0.12;0.11819999999999994;0.12;0.12183999999999993;0.34;0.3421600000000002
0.26;0.2611199999999995;0.6;0.6028399999999985;0.46;0.4668799999999992
0.38;0.3796800000000025;0.58;0.5842399999999981;0.14;0.13928000000000026
0.3;0.2994800000000007;0.28;0.2790000000000005;0.16;0.16607999999999984
0.44;0.4353599999999985;0.24;0.24424000000000057;0.28;0.26724000000000026
0.48;0.4665999999999991;0.18;0.17812000000000008;0.44;0.43416000000000043
0.56;0.551720000000001;0.16;0.16540000000000019;0.26;0.23563999999999963
0.58;0.5981999999999986;0.18;0.16132000000000016;0.1;0.1163600000000001
0.28;0.28192000000000006;0.58;0.5840799999999993;0.12;0.11940000000000013
0.28;0.2802399999999993;0.42;0.42151999999999934;0.42;0.4277200000000011
0.26;0.25436;0.64;0.63804;0.32;0.3127200000000004
0.16;0.15820000000000006;0.74;0.7485999999999973;0.14;0.14060000000000022
0.12;0.13619999999999988;0.56;0.5969600000000003;0.18;0.2076400000000002
0.62;0.6216399999999987;0.26;0.2653200000000007;0.36;0.36347999999999886
0.14;0.1335999999999999;0.14;0.14703999999999987;0.2;0.19371999999999998
0.18;0.19088000000000035;0.22;0.2085200000000004;0.32;0.3431599999999999
0.38;0.387920000000002;0.44;0.4213199999999996;0.4;0.3751999999999997
0.16;0.16084000000000007;0.56;0.55996;0.14;0.14288000000000017
0.28;0.28659999999999997;0.3;0.2903199999999999;0.4;0.41364000000000073
0.68;0.6708799999999999;0.16;0.18004000000000026;0.34;0.322080000000001
0.12;0.11919999999999994;0.84;0.8407999999999949;0.28;0.2807999999999987
0.4;0.3996400000000013;0.52;0.5323200000000015;0.1;0.10092000000000001
0.32;0.32004000000000044;0.52;0.5190400000000023;0.46;0.4490800000000002
0.28;0.2819199999999996;0.42;0.4150400000000001;0.38;0.3770799999999991
0.74;0.7241199999999961;0.1;0.11647999999999996;0.18;0.13884000000000019
0.38;0.3805600000000022;0.34;0.34252000000000044;0.16;0.1622400000000001
0.4;0.4002800000000013;0.52;0.5440400000000011;0.34;0.3474000000000005
0.42;0.41887999999999914;0.52;0.5300400000000006;0.3;0.29791999999999996
0.1;0.11075999999999998;0.56;0.5463200000000014;0.34;0.336320000000001
0.18;0.18344000000000044;0.62;0.6189999999999988;0.1;0.1028
0.2;0.18652000000000027;0.1;0.11583999999999996;0.34;0.2889599999999998
0.32;0.31592000000000076;0.4;0.41299999999999976;0.38;0.3913600000000007
0.16;0.16008000000000008;0.64;0.6452400000000007;0.16;0.16256000000000012
0.32;0.3148400000000007;0.3;0.28864000000000006;0.26;0.28828000000000004
0.18;0.1775200000000002;0.72;0.7347599999999981;0.4;0.3986799999999998
0.7;0.6993200000000006;0.26;0.24076000000000086;0.4;0.3979599999999999
0.16;0.15880000000000005;0.6;0.60724;0.28;0.2845599999999998
0.4;0.40332000000000084;0.26;0.25767999999999996;0.2;0.20068000000000005
0.62;0.6247999999999996;0.22;0.22016000000000052;0.12;0.12200000000000015
0.52;0.5135200000000015;0.2;0.2002000000000002;0.34;0.3483599999999997
0.72;0.720039999999995;0.2;0.21352000000000032;0.12;0.12112000000000016
0.24;0.2406800000000011;0.62;0.6186399999999981;0.38;0.37835999999999903
0.44;0.4405599999999987;0.26;0.2504000000000003;0.12;0.14464000000000019
0.2;0.2054400000000003;0.32;0.3040800000000006;0.34;0.3641599999999995
0.3;0.29888000000000176;0.64;0.6404400000000019;0.18;0.17656000000000063
0.38;0.38072000000000256;0.4;0.4002400000000009;0.38;0.38827999999999957
0.28;0.2805999999999995;0.52;0.5200400000000015;0.28;0.28476000000000024
0.26;0.2614799999999996;0.7;0.6609199999999978;0.22;0.21547999999999973
0.16;0.15968000000000016;0.64;0.6391999999999999;0.24;0.2401999999999999
0.54;0.543400000000001;0.32;0.3219200000000004;0.3;0.3034000000000004
0.24;0.24372000000000074;0.2;0.20324000000000023;0.3;0.2852400000000004
0.14;0.1392399999999999;0.46;0.46075999999999795;0.26;0.25996000000000075
0.16;0.16436000000000012;0.58;0.5784399999999991;0.18;0.18648000000000048
0.52;0.5186000000000027;0.46;0.4356799999999982;0.36;0.3608799999999991
0.68;0.6844799999999991;0.22;0.20424000000000037;0.34;0.3509599999999999
0.12;0.12207999999999994;0.56;0.5570800000000011;0.34;0.3400000000000004
0.32;0.32572000000000045;0.12;0.11755999999999994;0.2;0.2067599999999996
0.88;0.8650399999999976;0.1;0.11091999999999999;0.32;0.27252
0.24;0.23804000000000092;0.38;0.3833200000000011;0.22;0.22171999999999992
0.4;0.39436000000000127;0.22;0.23196000000000094;0.48;0.45160000000000033
0.3;0.30128000000000066;0.2;0.19596000000000052;0.4;0.4119999999999996
0.14;0.1299199999999999;0.38;0.41956000000000065;0.18;0.19584000000000035
0.24;0.24004000000000122;0.7;0.7081199999999959;0.38;0.38019999999999793
0.32;0.3202400000000006;0.4;0.4022800000000004;0.28;0.2844000000000005
0.18;0.19928000000000018;0.36;0.3355600000000006;0.46;0.4748799999999984
0.46;0.4620399999999978;0.2;0.19520000000000046;0.26;0.2795199999999993
0.22;0.21972000000000058;0.24;0.23544000000000048;0.12;0.13240000000000007
0.76;0.7633600000000026;0.22;0.18740000000000057;0.22;0.23032000000000022
0.42;0.42039999999999933;0.48;0.49552000000000224;0.1;0.1048
0.12;0.12247999999999994;0.64;0.6395199999999993;0.16;0.1633200000000002
0.3;0.29636000000000084;0.22;0.23552000000000095;0.5;0.4633599999999996
0.34;0.34076000000000045;0.22;0.21900000000000064;0.3;0.30420000000000014
0.5;0.5004000000000036;0.46;0.46087999999999735;0.38;0.3809199999999979
0.1;0.11383999999999997;0.78;0.7733599999999996;0.28;0.2645600000000006
0.3;0.2999200000000022;0.66;0.6603199999999969;0.28;0.2785199999999988
0.36;0.35912000000000077;0.48;0.49104000000000103;0.38;0.37472000000000005
0.38;0.38012000000000223;0.32;0.3206000000000006;0.48;0.4725599999999984
0.12;0.12323999999999992;0.36;0.3536000000000011;0.46;0.4686399999999983
0.48;0.4813199999999992;0.2;0.1972400000000006;0.14;0.14547999999999986
0.5;0.4965200000000026;0.44;0.44107999999999853;0.1;0.10047999999999999
0.26;0.2605199999999996;0.72;0.6758000000000024;0.24;0.2355999999999991
0.48;0.48287999999999764;0.38;0.3755600000000015;0.42;0.4194400000000014
0.7;0.7013600000000012;0.28;0.24676000000000012;0.14;0.14296000000000025
0.18;0.17672000000000004;0.74;0.7419999999999987;0.5;0.49395999999999923
0.44;0.4532399999999976;0.34;0.3184399999999998;0.28;0.2815999999999999
0.18;0.20912000000000036;0.36;0.33624000000000076;0.5;0.4820799999999984
0.52;0.5103200000000028;0.24;0.27472;0.2;0.19220000000000032
0.46;0.45979999999999777;0.4;0.40680000000000055;0.34;0.3392400000000007
0.14;0.1399599999999999;0.72;0.726079999999997;0.22;0.22287999999999983
0.18;0.17896000000000004;0.62;0.6216799999999986;0.16;0.16104000000000016
0.44;0.44707999999999753;0.36;0.34600000000000086;0.34;0.3383200000000009
0.58;0.5831600000000008;0.26;0.2522800000000005;0.3;0.30740000000000045
0.76;0.7480800000000001;0.12;0.16696000000000025;0.14;0.11456000000000006
0.34;0.33904000000000106;0.62;0.5925999999999984;0.3;0.2899999999999994
0.5;0.4905200000000011;0.24;0.26608000000000026;0.48;0.4711199999999981
0.22;0.2195200000000006;0.54;0.547480000000001;0.38;0.38979999999999954
0.4;0.4015600000000012;0.3;0.2942400000000005;0.5;0.48227999999999777
0.34;0.33920000000000095;0.58;0.5882799999999985;0.18;0.1777200000000006
0.34;0.3348400000000008;0.2;0.2055600000000004;0.26;0.24535999999999972
0.62;0.621519999999999;0.22;0.2200800000000003;0.4;0.4014400000000002
0.62;0.6202400000000003;0.36;0.33052000000000054;0.32;0.3212800000000016
0.58;0.5800400000000008;0.14;0.14091999999999988;0.26;0.23271999999999998
0.7;0.7018;0.2;0.20668000000000017;0.28;0.2834399999999995
0.46;0.46655999999999737;0.14;0.1327199999999999;0.12;0.13356
0.16;0.15724;0.48;0.4822799999999999;0.2;0.20195999999999997
0.46;0.47815999999999825;0.14;0.12299999999999994;0.1;0.1274800000000001
0.64;0.6157599999999989;0.12;0.1378799999999999;0.4;0.3376799999999999
0.18;0.18044000000000016;0.42;0.41403999999999985;0.28;0.28203999999999896
0.12;0.11763999999999994;0.5;0.503040000000001;0.22;0.2208399999999998
0.36;0.35972000000000065;0.52;0.5112000000000024;0.48;0.46455999999999875
0.42;0.4249199999999989;0.18;0.1762000000000003;0.16;0.16896000000000036
0.44;0.44775999999999827;0.22;0.21548000000000053;0.14;0.14083999999999994
0.32;0.31364000000000064;0.26;0.2717999999999999;0.46;0.43980000000000086
0.74;0.7403199999999983;0.24;0.21144000000000057;0.2;0.20707999999999985
0.38;0.3798800000000026;0.58;0.5778399999999984;0.22;0.21735999999999991
0.48;0.47927999999999793;0.38;0.3920400000000012;0.1;0.10211999999999999
0.12;0.12047999999999993;0.56;0.5679999999999997;0.1;0.10539999999999998
0.14;0.13547999999999988;0.4;0.40740000000000043;0.5;0.4892799999999983
0.78;0.7803999999999959;0.16;0.16692000000000004;0.3;0.30215999999999993
0.42;0.4139599999999997;0.26;0.24716000000000052;0.34;0.38655999999999946
0.56;0.5639600000000007;0.28;0.2749200000000003;0.28;0.2846799999999995
0.22;0.21968000000000057;0.56;0.5633600000000003;0.38;0.38335999999999965
0.18;0.19216000000000033;0.36;0.3355200000000004;0.34;0.3628799999999991
0.44;0.4301999999999983;0.28;0.3061600000000004;0.34;0.34604000000000046
0.74;0.7353199999999972;0.16;0.18288000000000001;0.48;0.46355999999999886
0.1;0.10855999999999998;0.28;0.2769200000000002;0.4;0.3889199999999996
0.44;0.44043999999999867;0.22;0.22332000000000068;0.26;0.2465199999999998
0.26;0.2629199999999996;0.5;0.4980800000000011;0.32;0.3290800000000001
0.52;0.525640000000002;0.34;0.33068000000000036;0.12;0.12192000000000017
0.64;0.639479999999997;0.28;0.2818400000000007;0.26;0.2626800000000006
0.52;0.5216800000000027;0.38;0.38408000000000136;0.32;0.3206400000000014
0.32;0.31804000000000066;0.38;0.3793200000000014;0.34;0.3400800000000001
0.28;0.28171999999999947;0.6;0.6159199999999985;0.3;0.3000399999999997
0.56;0.559320000000001;0.4;0.3747600000000008;0.2;0.19760000000000008
0.22;0.21968000000000065;0.58;0.5768800000000003;0.42;0.41232000000000024
0.24;0.2354400000000009;0.28;0.2853200000000008;0.44;0.43664000000000003
0.78;0.7787199999999979;0.12;0.1364399999999999;0.44;0.42544000000000076
0.3;0.3076400000000008;0.28;0.26587999999999984;0.1;0.11736000000000006
0.4;0.3856000000000016;0.1;0.11195999999999996;0.18;0.1548799999999999
0.1;0.10903999999999998;0.18;0.1676800000000001;0.28;0.2908400000000004
0.62;0.6100399999999989;0.1;0.10403999999999998;0.5;0.47063999999999806
0.56;0.5592800000000011;0.42;0.3963200000000014;0.5;0.49699999999999955
0.34;0.3400400000000011;0.6;0.6042800000000004;0.36;0.3593999999999994
0.74;0.7360799999999974;0.18;0.20576000000000055;0.12;0.11696000000000013
0.76;0.7468400000000001;0.12;0.17948000000000044;0.16;0.13132000000000005
0.18;0.17984000000000022;0.48;0.4805200000000007;0.24;0.24311999999999964
0.64;0.6371999999999971;0.2;0.21396000000000023;0.44;0.4287600000000019
0.38;0.3700400000000019;0.1;0.10883999999999998;0.18;0.15631999999999993
0.24;0.23772000000000107;0.64;0.6329200000000001;0.2;0.19564
0.34;0.3442000000000008;0.5;0.5075200000000015;0.1;0.10488
0.12;0.12215999999999994;0.74;0.7396799999999986;0.48;0.47927999999999804
0.52;0.5240400000000026;0.28;0.27284000000000086;0.5;0.48959999999999837
0.38;0.3801200000000024;0.5;0.5120800000000013;0.42;0.42180000000000106
0.36;0.3611600000000008;0.14;0.13827999999999988;0.32;0.3123599999999999
0.26;0.25843999999999995;0.4;0.4047200000000003;0.14;0.14204000000000022
0.26;0.2601999999999996;0.7;0.6730799999999983;0.26;0.25716000000000044
0.22;0.2234800000000008;0.5;0.4927200000000012;0.46;0.4530799999999995
0.34;0.3391200000000008;0.12;0.12115999999999993;0.46;0.45196000000000025
0.56;0.5549200000000007;0.22;0.24032000000000053;0.36;0.3485999999999998
0.26;0.2614399999999996;0.72;0.6593999999999981;0.22;0.2147999999999997
0.5;0.49548000000000164;0.14;0.14539999999999986;0.4;0.3996800000000003
0.3;0.2996400000000018;0.62;0.6205599999999978;0.48;0.4745999999999981
0.34;0.33948000000000056;0.3;0.29712000000000127;0.48;0.48759999999999903
0.5;0.49968000000000157;0.28;0.29372000000000065;0.14;0.14116000000000015
0.22;0.22116000000000058;0.4;0.3948000000000006;0.24;0.2424399999999995
0.32;0.3196000000000005;0.52;0.4956800000000024;0.48;0.4335599999999996
0.66;0.6642000000000036;0.3;0.29692000000000096;0.32;0.31912000000000124
0.14;0.1334799999999999;0.52;0.5280400000000018;0.34;0.33844000000000063
0.16;0.21488000000000002;0.36;0.33004000000000044;0.5;0.46523999999999893
0.54;0.5400800000000017;0.14;0.1379599999999999;0.26;0.25863999999999965
0.14;0.14163999999999988;0.7;0.7009199999999981;0.38;0.3822399999999984
0.2;0.20008000000000073;0.54;0.5430800000000013;0.2;0.20407999999999998
0.34;0.3423600000000006;0.28;0.28128000000000075;0.34;0.3361599999999999
0.52;0.5258800000000025;0.16;0.15680000000000005;0.32;0.3114000000000002
0.22;0.2229600000000007;0.46;0.45671999999999763;0.42;0.42352000000000095
0.58;0.5711200000000014;0.2;0.22672000000000067;0.38;0.361399999999999
0.5;0.48379999999999873;0.24;0.27652000000000004;0.22;0.20823999999999981
0.26;0.2630000000000003;0.2;0.1996000000000001;0.26;0.25568000000000024
0.48;0.4719999999999971;0.26;0.2825999999999999;0.42;0.4140400000000003
0.14;0.1392399999999999;0.7;0.7087199999999979;0.22;0.22367999999999974
0.28;0.279599999999999;0.68;0.6771200000000016;0.48;0.4761999999999972
0.64;0.6405599999999971;0.26;0.26664000000000027;0.3;0.29715999999999976
0.16;0.15944000000000003;0.34;0.33184000000000047;0.44;0.45739999999999875
0.44;0.44171999999999856;0.22;0.22040000000000065;0.24;0.23375999999999988
0.68;0.6816000000000013;0.14;0.1382399999999999;0.24;0.24764000000000036
0.36;0.35956000000000105;0.34;0.34688000000000013;0.24;0.24091999999999975
0.48;0.48684000000000033;0.24;0.2265600000000006;0.32;0.3594
0.14;0.13871999999999987;0.62;0.6319199999999966;0.44;0.45215999999999906
0.26;0.2584799999999998;0.38;0.3858000000000015;0.34;0.3474400000000002
0.5;0.5001600000000029;0.32;0.3211600000000005;0.42;0.423680000000002
0.44;0.4362399999999984;0.24;0.24376000000000064;0.24;0.2312800000000002
0.12;0.11771999999999996;0.48;0.47791999999999996;0.38;0.3820799999999981
0.6;0.5984799999999987;0.24;0.24400000000000036;0.42;0.4215600000000017
0.74;0.7390399999999981;0.2;0.18412000000000012;0.14;0.14436000000000007
0.7;0.7046399999999998;0.22;0.21744000000000055;0.38;0.38523999999999853
0.52;0.5207600000000028;0.34;0.3402800000000004;0.42;0.42404000000000214
0.4;0.39052000000000164;0.1;0.10899999999999997;0.16;0.1368000000000001
0.3;0.2966400000000005;0.22;0.22316000000000072;0.34;0.3372400000000001
0.66;0.6681200000000006;0.14;0.1353199999999999;0.38;0.39843999999999974
0.32;0.3150000000000007;0.66;0.6107999999999999;0.14;0.13552000000000003
0.36;0.35996000000000067;0.6;0.5910000000000003;0.26;0.2562000000000006
0.2;0.21168000000000037;0.34;0.3226400000000003;0.1;0.11404000000000006
0.16;0.16164000000000014;0.58;0.5801199999999993;0.2;0.20235999999999993
0.14;0.1399599999999999;0.74;0.7441999999999979;0.16;0.1611200000000001
0.7;0.6971999999999996;0.18;0.19504000000000063;0.32;0.3206000000000005
0.44;0.4453199999999975;0.38;0.3704400000000014;0.38;0.3735999999999987
0.7;0.6997600000000018;0.28;0.25188;0.46;0.4603199999999978
0.6;0.599239999999999;0.26;0.2626400000000005;0.36;0.3607199999999992
0.28;0.2790399999999993;0.68;0.6830000000000024;0.14;0.1395600000000003
0.3;0.29568000000000105;0.1;0.1042;0.28;0.26316000000000045
0.1;0.11443999999999996;0.76;0.7474799999999985;0.2;0.19000000000000034
0.66;0.6606400000000012;0.2;0.2100400000000002;0.48;0.48019999999999835
0.22;0.21888000000000057;0.46;0.46699999999999814;0.26;0.2690399999999994
0.68;0.6811199999999988;0.22;0.22528000000000054;0.38;0.38099999999999856
0.26;0.2586000000000001;0.26;0.26096000000000014;0.18;0.18027999999999994
0.4;0.40136000000000116;0.5;0.5156400000000012;0.16;0.16164000000000014
0.42;0.4247199999999992;0.22;0.2169200000000005;0.34;0.33780000000000066
0.42;0.4176399999999994;0.3;0.30539999999999984;0.18;0.1816000000000006
0.3;0.30192000000000085;0.28;0.27716000000000024;0.12;0.13012
0.22;0.21980000000000066;0.56;0.5589600000000005;0.44;0.4373199999999997
0.16;0.15767999999999996;0.5;0.4989200000000004;0.2;0.20044
0.68;0.6817599999999979;0.28;0.27620000000000133;0.12;0.12024000000000017
0.26;0.2513200000000002;0.38;0.46972000000000125;0.2;0.2633200000000002
0.36;0.3614000000000011;0.54;0.5496400000000007;0.16;0.1555200000000001
0.6;0.6000799999999988;0.26;0.26000000000000045;0.38;0.38303999999999894
0.3;0.2953600000000008;0.1;0.10203999999999999;0.36;0.3514800000000002
0.1;0.11271999999999997;0.18;0.16484000000000015;0.24;0.2577200000000007
0.18;0.18104;0.58;0.5818800000000001;0.42;0.4282000000000002
0.16;0.15812000000000004;0.4;0.3986000000000014;0.22;0.21987999999999985
0.32;0.3192000000000006;0.52;0.49380000000000257;0.5;0.44251999999999897
0.12;0.11775999999999995;0.58;0.5741199999999996;0.5;0.48251999999999856
0.2;0.1928800000000006;0.46;0.4722799999999981;0.4;0.4015600000000001
0.24;0.2554000000000002;0.26;0.24252000000000085;0.1;0.12312000000000008
0.16;0.15875999999999998;0.28;0.2795600000000004;0.38;0.38679999999999937
0.38;0.3808000000000025;0.38;0.37988000000000177;0.44;0.4357199999999999
0.24;0.2378000000000013;0.72;0.7133199999999991;0.32;0.30796000000000123
0.32;0.31528000000000084;0.4;0.4130399999999997;0.4;0.40928000000000087
0.34;0.3392400000000009;0.38;0.37552000000000174;0.48;0.46095999999999887
0.36;0.3615200000000009;0.46;0.44879999999999814;0.26;0.24851999999999955
0.34;0.34016000000000113;0.62;0.6207599999999965;0.38;0.3784399999999982
0.14;0.1401599999999999;0.52;0.5212800000000016;0.3;0.30572000000000055
0.58;0.579800000000002;0.38;0.3806800000000014;0.42;0.4199200000000028
0.12;0.11667999999999996;0.46;0.46315999999999796;0.38;0.38235999999999815
0.18;0.17376000000000005;0.4;0.40880000000000033;0.44;0.4427600000000004
0.32;0.3187200000000006;0.54;0.5362000000000015;0.34;0.3405600000000006
0.12;0.12467999999999993;0.74;0.7373999999999964;0.32;0.32116000000000094
0.2;0.19324000000000036;0.38;0.4132400000000005;0.18;0.1936000000000006
0.26;0.26007999999999964;0.68;0.6839200000000014;0.12;0.11880000000000016
0.16;0.14991999999999986;0.22;0.22792000000000065;0.3;0.2968799999999996
0.14;0.14451999999999987;0.46;0.44623999999999797;0.16;0.15831999999999996
0.26;0.2504800000000004;0.34;0.35552000000000145;0.5;0.4851999999999982
0.34;0.3398400000000008;0.12;0.12111999999999994;0.4;0.39948
0.28;0.279279999999999;0.68;0.6804800000000021;0.24;0.2377999999999989
0.24;0.23124000000000078;0.16;0.1721200000000001;0.32;0.2926799999999995
0.22;0.20684000000000033;0.2;0.2295200000000007;0.5;0.44595999999999947
0.12;0.11947999999999995;0.84;0.8452799999999949;0.1;0.10144
0.64;0.6402399999999957;0.3;0.30772000000000055;0.16;0.16108000000000008
0.52;0.5100800000000026;0.14;0.14515999999999987;0.16;0.14976000000000017
0.32;0.31864000000000053;0.26;0.2566000000000005;0.38;0.3885200000000008
0.54;0.5387200000000016;0.12;0.11671999999999993;0.48;0.47407999999999806
0.56;0.5648800000000012;0.12;0.11531999999999995;0.44;0.44955999999999874
0.16;0.16224000000000016;0.76;0.7753599999999994;0.18;0.18068000000000067
0.28;0.28243999999999997;0.14;0.14379999999999987;0.38;0.35576000000000035
0.14;0.14379999999999987;0.42;0.41444000000000003;0.4;0.4014800000000003
0.32;0.3177200000000008;0.3;0.29596000000000083;0.14;0.15035999999999988
0.28;0.2888800000000005;0.22;0.2156000000000004;0.3;0.3094399999999995
0.54;0.5394800000000015;0.38;0.3888800000000009;0.3;0.3020400000000002
0.1;0.11043999999999998;0.16;0.14431999999999987;0.38;0.42260000000000064
0.34;0.33524000000000065;0.18;0.18472000000000013;0.36;0.3429199999999997
0.34;0.34352000000000077;0.24;0.23712000000000102;0.28;0.28624000000000027
0.36;0.35720000000000096;0.18;0.1810800000000001;0.16;0.1636000000000002
0.28;0.28123999999999977;0.24;0.2611200000000003;0.5;0.44476000000000016
0.86;0.8567199999999991;0.12;0.11343999999999997;0.16;0.15739999999999987
0.32;0.32200000000000034;0.52;0.517160000000002;0.22;0.21859999999999982
0.24;0.2351200000000011;0.6;0.5923999999999996;0.24;0.23232000000000022
0.4;0.4008400000000012;0.5;0.5129600000000009;0.18;0.18336000000000055
0.6;0.5875199999999985;0.1;0.11151999999999997;0.16;0.14864000000000024
0.44;0.42559999999999887;0.1;0.11263999999999996;0.18;0.15696
0.7;0.7014800000000013;0.26;0.2622799999999999;0.3;0.30200000000000005
0.3;0.2996000000000019;0.54;0.5355200000000018;0.38;0.37491999999999964
0.46;0.4612799999999975;0.28;0.28543999999999986;0.32;0.3279199999999998
0.16;0.1570800000000001;0.66;0.6635999999999985;0.34;0.3388800000000006
0.18;0.18168000000000029;0.66;0.6546799999999979;0.12;0.11696000000000013
0.74;0.7411599999999986;0.2;0.2015600000000001;0.46;0.46439999999999804
0.1;0.11207999999999997;0.68;0.6645600000000011;0.28;0.2701600000000003
0.12;0.12491999999999992;0.3;0.2934000000000004;0.24;0.24627999999999992
0.32;0.31988000000000055;0.64;0.6103200000000004;0.22;0.21667999999999976
0.64;0.6466400000000009;0.14;0.13099999999999992;0.14;0.16784000000000004
0.42;0.41831999999999925;0.42;0.424559999999999;0.4;0.39355999999999935
0.32;0.31976000000000054;0.62;0.6283999999999974;0.18;0.17848000000000064
0.3;0.3115200000000006;0.16;0.15800000000000003;0.22;0.20980000000000015
0.1;0.11887999999999994;0.64;0.6290799999999996;0.32;0.3176800000000003
0.5;0.49748000000000087;0.18;0.18264000000000027;0.46;0.4370800000000011
0.22;0.2129600000000006;0.26;0.2703600000000002;0.24;0.2301600000000002
0.62;0.6205999999999968;0.12;0.11911999999999995;0.2;0.19379999999999992
0.18;0.17884000000000033;0.28;0.2793600000000002;0.24;0.24752000000000046
0.52;0.5214800000000025;0.3;0.30144000000000043;0.4;0.40040000000000003
0.3;0.29972000000000204;0.64;0.6510400000000016;0.32;0.3192800000000017
0.56;0.5626000000000005;0.34;0.3651200000000016;0.1;0.10188
0.24;0.23684000000000102;0.12;0.1290399999999999;0.46;0.41963999999999996
0.66;0.6591200000000019;0.2;0.20772000000000024;0.1;0.10244
0.68;0.6748799999999987;0.16;0.18432000000000026;0.44;0.4241600000000023
0.36;0.3563600000000009;0.34;0.34884000000000037;0.14;0.1424800000000002
0.18;0.17840000000000006;0.56;0.5654000000000008;0.36;0.3635199999999993
0.2;0.19408000000000053;0.68;0.6744400000000004;0.5;0.4798399999999985
0.32;0.31940000000000063;0.48;0.4814000000000009;0.16;0.15924000000000013
0.48;0.482679999999998;0.36;0.3632800000000013;0.26;0.2616800000000005
0.36;0.36472000000000115;0.48;0.48720000000000036;0.1;0.10400000000000001
0.5;0.4932000000000005;0.26;0.28760000000000074;0.14;0.1347200000000001
0.44;0.4435599999999977;0.42;0.41384000000000015;0.44;0.4302000000000019
0.16;0.15832;0.26;0.2649600000000005;0.18;0.18060000000000026
0.22;0.21684000000000048;0.72;0.7175199999999999;0.3;0.29731999999999986
0.3;0.2990000000000016;0.44;0.4416799999999983;0.36;0.36275999999999936
0.18;0.17288000000000026;0.16;0.1674800000000001;0.38;0.3642400000000007
0.24;0.2376400000000006;0.22;0.22640000000000055;0.2;0.18376
0.14;0.1413999999999999;0.48;0.4830400000000003;0.22;0.22171999999999975
0.16;0.1596400000000001;0.62;0.6221599999999977;0.34;0.3389600000000005
0.56;0.5602400000000011;0.4;0.4038800000000003;0.38;0.38051999999999764
0.22;0.23200000000000087;0.2;0.18480000000000005;0.12;0.15228000000000005
0.52;0.5158800000000027;0.14;0.1409599999999999;0.42;0.4136000000000001
0.14;0.13719999999999988;0.26;0.2596800000000005;0.22;0.22903999999999983
0.82;0.8211599999999966;0.14;0.13547999999999988;0.34;0.3530000000000002
0.14;0.13647999999999988;0.5;0.49743999999999966;0.14;0.14216000000000015
0.34;0.3354400000000006;0.34;0.3488400000000004;0.44;0.4410000000000006
0.54;0.5263600000000016;0.1;0.10879999999999998;0.28;0.2373600000000004
0.1;0.11435999999999998;0.7;0.6883199999999986;0.14;0.13596000000000008
0.26;0.2628399999999997;0.4;0.39672000000000096;0.4;0.4052000000000005
0.18;0.17840000000000011;0.62;0.6217199999999966;0.28;0.28139999999999993
0.3;0.3003200000000019;0.6;0.6155200000000006;0.3;0.30328000000000027
0.14;0.14559999999999987;0.36;0.34720000000000123;0.32;0.33004000000000094
0.22;0.22096000000000052;0.42;0.4647199999999998;0.18;0.20892000000000027
0.16;0.15856000000000006;0.76;0.7606799999999991;0.28;0.2826399999999991
0.6;0.6169999999999989;0.18;0.1656800000000001;0.26;0.2825599999999994
0.74;0.7392799999999978;0.22;0.22396000000000094;0.28;0.2808799999999989
0.18;0.17492000000000013;0.4;0.40432000000000057;0.4;0.39383999999999914
0.32;0.31936000000000064;0.26;0.2616800000000001;0.26;0.25696000000000013
0.28;0.28043999999999986;0.38;0.3787600000000013;0.34;0.3408000000000003
0.26;0.25763999999999976;0.7;0.6952399999999967;0.4;0.39331999999999934
0.34;0.3398000000000008;0.36;0.38716000000000084;0.22;0.24668000000000045
0.52;0.513760000000003;0.24;0.2610400000000001;0.48;0.47327999999999726
0.2;0.19540000000000074;0.72;0.7194399999999987;0.16;0.15703999999999996
0.66;0.6607200000000027;0.26;0.26716000000000034;0.38;0.38315999999999795
0.22;0.21324000000000032;0.38;0.4091600000000009;0.16;0.1642400000000001
0.46;0.45367999999999725;0.12;0.12287999999999993;0.5;0.48119999999999824
0.34;0.3403200000000011;0.54;0.549760000000001;0.28;0.28323999999999955
0.42;0.4373599999999985;0.2;0.1937600000000002;0.36;0.35255999999999943
0.22;0.22036000000000053;0.6;0.5993599999999992;0.32;0.31679999999999986
0.5;0.4983600000000036;0.48;0.454719999999998;0.22;0.22108
0.8;0.8012000000000011;0.16;0.16463999999999993;0.16;0.16316000000000014
0.32;0.3160800000000008;0.12;0.1303199999999999;0.44;0.4005199999999995
0.16;0.15908000000000022;0.8;0.804439999999996;0.16;0.16020000000000004
0.4;0.4058000000000007;0.16;0.15580000000000005;0.28;0.28780000000000056
0.12;0.12739999999999993;0.32;0.3107200000000008;0.44;0.4498800000000001
0.28;0.28147999999999973;0.48;0.501640000000001;0.22;0.24624000000000032
