l1_test;l1_pred;l2_test;l2_pred;beta_test;beta_pred;
0.24;0.22332896671126032;0.1;0.11877228964652416;0.3;0.24897401855127432
0.2;0.19649333333333377;0.64;0.6565733333333339;0.22;0.22211999999999982
0.7;0.6968399999999992;0.12;0.12455999999999992;0.32;0.2982000000000001
0.66;0.6550000000000004;0.22;0.25116000000000027;0.34;0.34148000000000023
0.34;0.3398800000000008;0.62;0.5680799999999991;0.5;0.4701599999999993
0.3;0.30730285714285804;0.66;0.5730228571428572;0.12;0.11520000000000005
0.38;0.35438178346257015;0.1;0.12404215226043792;0.26;0.1977706949082661
0.24;0.22976000000000077;0.74;0.647239999999999;0.26;0.23039999999999994
0.46;0.46259985714285534;0.42;0.45231980952380957;0.32;0.34560380952380987
0.52;0.5177333333333358;0.28;0.2886000000000005;0.42;0.4133599999999998
0.68;0.6792099999999985;0.24;0.23402000000000034;0.4;0.4081600000000005
0.42;0.4296814285714272;0.52;0.4788057142857145;0.36;0.3843323809523812
0.68;0.6790399999999998;0.26;0.23532000000000025;0.32;0.32632000000000033
0.24;0.24194666666666748;0.68;0.5978044444444437;0.36;0.3249288888888889
0.36;0.579399999999999;0.38;0.26768000000000003;0.2;0.31615999999999966
0.18;0.16807200000000022;0.18;0.193266666666667;0.32;0.3027586666666665
0.1;0.13013333333333327;0.52;0.6202999999999995;0.1;0.12360000000000011
0.1;0.1199333333333333;0.7;0.7726199999999985;0.28;0.2891599999999998
0.58;0.57768;0.24;0.25304000000000065;0.4;0.41296
0.34;0.34002133333333384;0.32;0.34610000000000046;0.34;0.37224000000000007
0.3;0.2954466666666674;0.58;0.5672399999999996;0.18;0.1664000000000002
0.26;0.2530933333333334;0.34;0.5378600000000012;0.18;0.3381599999999993
0.5;0.4905200000000005;0.16;0.16604000000000022;0.32;0.30875999999999987
0.32;0.3177000000000007;0.38;0.38242000000000087;0.46;0.46355999999999986
0.1;0.12273714285714278;0.38;0.3517314285714294;0.2;0.19164000000000012
0.66;0.6627700000000011;0.32;0.25926000000000043;0.38;0.4020400000000001
0.46;0.45217923809523625;0.2;0.2120255238095242;0.46;0.43017333333333274
0.52;0.5136808095238119;0.36;0.4119473650793648;0.36;0.3527009523809529
0.36;0.3596000000000013;0.22;0.2241600000000006;0.4;0.3834399999999997
0.14;0.13811999999999988;0.76;0.7781999999999981;0.16;0.16040000000000015
0.12;0.12923999999999994;0.52;0.5230400000000015;0.36;0.3682800000000002
0.24;0.2366400000000011;0.34;0.3586000000000014;0.48;0.47223999999999877
0.36;0.3710000000000015;0.56;0.52984;0.46;0.44267999999999946
0.18;0.17080000000000006;0.2;0.2178400000000005;0.34;0.3028400000000001
0.82;0.7998799999999996;0.1;0.14707999999999988;0.38;0.30800000000000016
0.16;0.16044000000000005;0.66;0.6270399999999993;0.12;0.11520000000000005
0.24;0.2363600000000006;0.66;0.5092933333333342;0.2;0.15016
0.42;0.4195199999999997;0.24;0.23296000000000086;0.18;0.19636000000000003
0.4;0.4134971428571428;0.54;0.5100080952380955;0.48;0.4611542857142851
0.28;0.28811714285714324;0.32;0.30537214285714404;0.2;0.22219999999999995
0.22;0.22012000000000073;0.74;0.6854399999999993;0.32;0.31552000000000013
0.5;0.5180469047619066;0.48;0.35131666666666694;0.12;0.11531000000000005
0.76;0.7787399999999991;0.14;0.1536599999999999;0.24;0.26148000000000027
0.38;0.3849733333333348;0.18;0.1782266666666669;0.3;0.2825733333333336
0.1;0.10863999999999997;0.58;0.5643200000000004;0.5;0.4740799999999984
0.86;0.7496399999999982;0.1;0.18841400000000003;0.14;0.1525599999999999
0.4;0.40609666666666727;0.58;0.4948800000000006;0.22;0.2343599999999996
0.12;0.12039999999999995;0.34;0.3489600000000012;0.5;0.4781599999999985
0.14;0.1349399999999999;0.52;0.5192400000000015;0.44;0.4151199999999996
0.34;0.33710409523809587;0.16;0.1636142857142858;0.36;0.3374799999999997
0.46;0.4556457142857125;0.34;0.35237714285714317;0.16;0.16332761904761917
0.2;0.1966800000000004;0.38;0.401060000000001;0.22;0.22687999999999997
0.48;0.48171733333333244;0.48;0.4212106666666673;0.5;0.47579999999999867
0.16;0.15824;0.28;0.28212000000000026;0.24;0.24284000000000008
0.12;0.13132999999999992;0.64;0.6528399999999996;0.36;0.38815999999999995
0.2;0.2010400000000004;0.4;0.39484000000000063;0.26;0.2599599999999998
0.36;0.3597600000000013;0.4;0.4105200000000003;0.38;0.3823199999999997
0.64;0.6417799999999995;0.22;0.2602533333333339;0.12;0.1188000000000001
0.56;0.5654133333333347;0.26;0.2889866666666672;0.3;0.28911999999999993
0.24;0.23488666666666733;0.3;0.30004666666666724;0.12;0.13748
0.3;0.30625952380952476;0.5;0.5116326190476193;0.14;0.13836499999999993
0.6;0.6054799999999981;0.36;0.31104000000000065;0.26;0.25512000000000035
0.6;0.5958399999999991;0.28;0.31612000000000084;0.16;0.17024000000000034
0.18;0.18712000000000037;0.34;0.3177600000000003;0.24;0.2671200000000004
0.12;0.12747999999999993;0.56;0.55604;0.16;0.16184000000000012
0.28;0.27487999999999974;0.54;0.5196000000000014;0.48;0.4313199999999998
0.52;0.5206000000000024;0.12;0.12471999999999993;0.4;0.4140799999999999
0.16;0.15606000000000003;0.8;0.749739999999999;0.24;0.2391679999999996
0.76;0.7367899999999987;0.2;0.1936800000000003;0.16;0.14619999999999983
0.54;0.5594000000000005;0.42;0.34313333333333385;0.18;0.17956000000000033
0.14;0.14775882539682525;0.26;0.24397798412698452;0.14;0.15382377777777778
0.56;0.5611000000000008;0.3;0.31625000000000036;0.14;0.14392666666666667
0.24;0.2528400000000004;0.54;0.5389866666666668;0.12;0.13612000000000002
0.12;0.139295238095238;0.2;0.17765523809523825;0.24;0.29031999999999997
0.4;0.40572000000000075;0.52;0.5044400000000004;0.36;0.34396000000000015
0.44;0.4366399999999988;0.24;0.24256000000000047;0.22;0.21475999999999998
0.28;0.2811369523809519;0.66;0.6230041904761902;0.46;0.4472999999999999
0.38;0.39204000000000166;0.54;0.5221200000000001;0.24;0.26092000000000004
0.22;0.21156000000000058;0.46;0.4982626666666666;0.2;0.23383999999999996
0.6;0.598639999999999;0.3;0.3385300000000003;0.48;0.4758799999999986
0.18;0.16684800000000014;0.58;0.6082959999999995;0.34;0.34003999999999984
0.48;0.47551390476190253;0.36;0.4168322857142859;0.34;0.3623898571428571
0.12;0.12403999999999994;0.58;0.5698000000000001;0.36;0.37891999999999965
0.4;0.4028000000000009;0.36;0.3650400000000007;0.3;0.3606799999999999
0.52;0.4974237729638792;0.1;0.11915141130799022;0.22;0.14867058700948182
0.6;0.5944666666666658;0.34;0.3379600000000003;0.38;0.4000399999999999
0.1;0.11591999999999995;0.16;0.13639999999999988;0.4;0.44935999999999965
0.52;0.5171940000000025;0.44;0.4051340000000003;0.44;0.4145200000000003
0.46;0.4623199999999982;0.38;0.3961200000000002;0.26;0.22268
0.3;0.33092465253005227;0.18;0.14915627126208866;0.12;0.1718012193863864
0.18;0.1640000000000001;0.14;0.16956000000000032;0.5;0.4154000000000001
0.5;0.48393733333333355;0.12;0.12607399999999994;0.32;0.27802333333333323
0.18;0.18108000000000027;0.5;0.5212799999999999;0.28;0.30232000000000003
0.12;0.14157551681440234;0.16;0.14287955549320558;0.18;0.16562520470443184
0.5;0.5074533333333359;0.46;0.41769333333333303;0.5;0.46755999999999903
0.34;0.3346800000000003;0.56;0.5584799999999986;0.34;0.31931999999999994
0.26;0.26792000000000016;0.32;0.29740000000000055;0.28;0.3123199999999999
0.44;0.418449333333333;0.32;0.4300380000000004;0.12;0.14761000000000002
0.3;0.2950746666666672;0.24;0.24015400000000078;0.22;0.22200999999999999
0.62;0.6280799999999984;0.28;0.26536000000000043;0.24;0.24495999999999976
0.52;0.5140590476190494;0.44;0.404944761904762;0.3;0.29875999999999997
0.44;0.4378628571428557;0.36;0.3533257142857145;0.24;0.20435999999999996
0.16;0.15645952380952385;0.78;0.7588719047619035;0.42;0.4208800000000016
0.2;0.2006000000000005;0.52;0.5434800000000009;0.32;0.3816399999999997
0.8;0.7955999999999992;0.16;0.14739999999999986;0.44;0.45500000000000024
0.16;0.18620000000000037;0.36;0.33380000000000054;0.18;0.17872000000000016
0.36;0.3618000000000014;0.46;0.46732;0.32;0.34711999999999976
0.26;0.2590999999999999;0.66;0.6366182222222213;0.46;0.43032866666666647
0.26;0.24335333333333373;0.72;0.6118399999999993;0.14;0.12200000000000011
0.12;0.1377199999999999;0.3;0.27656000000000036;0.34;0.38023999999999947
0.12;0.12430999999999992;0.7;0.6820616666666656;0.24;0.23659999999999962
0.16;0.16088000000000008;0.5;0.5180000000000007;0.28;0.31980000000000025
0.1;0.12707999999999992;0.38;0.32972000000000035;0.24;0.25256000000000006
0.22;0.22000000000000058;0.74;0.698339999999999;0.1;0.10591999999999999
0.54;0.5384400000000014;0.2;0.2049200000000004;0.5;0.4746799999999981
0.16;0.1461199999999999;0.24;0.25940000000000024;0.32;0.30683999999999995
0.4;0.38880000000000176;0.3;0.35324000000000055;0.26;0.27316
0.14;0.12756819736942795;0.1;0.11847332801995683;0.22;0.1524133096272009
0.38;0.3806400000000021;0.4;0.3967600000000005;0.44;0.4452799999999989
0.18;0.19965600000000033;0.6;0.6104159999999997;0.1;0.11108000000000003
0.36;0.3623960000000014;0.4;0.4726322222222221;0.1;0.12392000000000007
0.18;0.17503666666666684;0.62;0.6426699999999989;0.38;0.38312
0.2;0.20188000000000042;0.22;0.2097200000000005;0.34;0.37512000000000023
0.38;0.3887044920634934;0.22;0.21341496825396877;0.16;0.16790055555555544
0.1;0.11455999999999995;0.8;0.8057199999999983;0.3;0.2903999999999999
0.12;0.11897999999999995;0.14;0.14747999999999986;0.4;0.34936000000000006
0.12;0.1172628689131338;0.12;0.11322711521428588;0.12;0.18513852653418872
0.32;0.3168000000000007;0.34;0.3950800000000008;0.2;0.23932000000000003
0.66;0.6567600000000007;0.2;0.23424000000000025;0.46;0.45564
0.2;0.19384000000000043;0.66;0.6260699999999988;0.34;0.3019
0.26;0.2655199999999997;0.56;0.5348400000000008;0.38;0.38304000000000016
0.56;0.5530400000000006;0.38;0.34810000000000035;0.2;0.2230799999999999
0.34;0.34543609523809604;0.24;0.2318532380952387;0.1;0.12912800000000002
0.36;0.3413600000000001;0.3;0.3650400000000004;0.22;0.26175999999999994
0.3;0.30452000000000146;0.66;0.6133200000000003;0.34;0.33264000000000055
0.28;0.26519784313725525;0.14;0.15861336983278165;0.26;0.22878248425430775
0.12;0.11727999999999994;0.1;0.11187999999999997;0.42;0.3599999999999996
0.16;0.15916000000000005;0.26;0.26084000000000024;0.44;0.4422799999999992
0.62;0.6217599999999993;0.22;0.24652000000000038;0.36;0.3449999999999999
0.6;0.6007999999999994;0.36;0.3282000000000007;0.36;0.3644399999999994
0.24;0.23538000000000098;0.7;0.6221159999999997;0.24;0.22015199999999985
0.1;0.10811999999999998;0.56;0.5481200000000012;0.5;0.48147999999999813
0.2;0.20014000000000073;0.38;0.38120000000000126;0.44;0.4664799999999989
0.22;0.20858833333333382;0.76;0.6290999999999994;0.18;0.16328000000000017
0.28;0.27724766666666667;0.28;0.2698953809523814;0.14;0.17123499999999997
0.6;0.5952346666666658;0.24;0.3047246666666672;0.12;0.11948666666666674
0.1;0.11745999999999997;0.64;0.6331466666666672;0.24;0.23659999999999978
0.62;0.6316399999999986;0.32;0.2832800000000005;0.22;0.22407999999999992
0.26;0.2818478945431864;0.16;0.13702453219913274;0.14;0.19210269943874853
0.38;0.380400000000002;0.46;0.4721399999999996;0.4;0.36815999999999993
0.2;0.1996673333333339;0.68;0.7123839999999979;0.36;0.3693999999999994
0.22;0.2062960000000004;0.66;0.688679999999999;0.24;0.24436000000000008
0.72;0.7166799999999965;0.26;0.2198400000000005;0.46;0.45184000000000013
0.66;0.6607600000000015;0.22;0.23796000000000034;0.4;0.4137600000000008
0.32;0.3248240000000004;0.56;0.5756399999999998;0.42;0.4213599999999998
0.5;0.4900845238095235;0.28;0.3691733333333335;0.1;0.12018666666666675
0.32;0.31900000000000045;0.6;0.5669533333333334;0.4;0.38380000000000003
0.28;0.27500466666666645;0.36;0.38644766666666774;0.24;0.25095433333333333
0.16;0.17248828821154216;0.14;0.12805670625291452;0.16;0.17838306525763659
0.34;0.32406000000000035;0.32;0.3501800000000006;0.3;0.2936599999999998
0.38;0.37876000000000176;0.5;0.5080533333333336;0.28;0.25839999999999985
0.36;0.3686000000000017;0.4;0.42396000000000045;0.26;0.33900000000000025
0.4;0.40617428571428643;0.44;0.48881809523809444;0.36;0.39876666666666594
0.64;0.6431199999999981;0.3;0.27814000000000016;0.44;0.44807999999999987
0.12;0.1290399999999999;0.24;0.22960000000000044;0.26;0.2886000000000001
0.3;0.30316000000000143;0.52;0.5819200000000003;0.28;0.29984000000000016
0.68;0.6609919999999995;0.22;0.23880000000000054;0.18;0.1726400000000004
0.2;0.2021600000000006;0.5;0.5258133333333348;0.32;0.3681999999999998
0.14;0.13179333333333323;0.3;0.3100933333333338;0.16;0.14927999999999994
0.66;0.6340799999999991;0.12;0.14595999999999992;0.24;0.22599999999999984
0.78;0.7794399999999986;0.18;0.1525999999999999;0.46;0.46847999999999973
0.38;0.37620000000000187;0.44;0.43896000000000013;0.28;0.25279999999999997
0.44;0.4336799999999987;0.4;0.4213600000000001;0.28;0.2460799999999998
0.72;0.7123199999999973;0.18;0.21204000000000037;0.42;0.4313199999999995
0.32;0.31646000000000063;0.5;0.48352999999999946;0.3;0.2814399999999999
0.28;0.26077664055810046;0.1;0.12193335263815987;0.2;0.1540390011650715
0.34;0.34251954545454594;0.26;0.27809045454545517;0.38;0.33420454545454525
0.12;0.12637999999999994;0.7;0.698506666666666;0.38;0.3748399999999996
0.44;0.43361155555555403;0.24;0.24206511111111154;0.36;0.3592488888888886
0.44;0.4521040692640671;0.54;0.45409870129870117;0.38;0.38442380952380967
0.28;0.29681783333333356;0.26;0.23519816666666735;0.1;0.13795999999999994
0.2;0.18328000000000036;0.36;0.41796000000000116;0.16;0.18176000000000025
0.1;0.11415999999999996;0.14;0.1279199999999999;0.4;0.4367599999999994
0.34;0.34014000000000066;0.28;0.2756800000000001;0.24;0.24752000000000027
0.84;0.8336399999999985;0.1;0.1319599999999999;0.44;0.41875999999999963
0.34;0.33004000000000033;0.34;0.3542000000000007;0.42;0.4548799999999987
0.54;0.5424266666666684;0.32;0.3265333333333335;0.2;0.18644000000000022
0.32;0.32484000000000024;0.18;0.1822400000000003;0.42;0.40995999999999955
0.74;0.729039999999998;0.1;0.11355999999999997;0.1;0.14836000000000002
0.28;0.2844000000000001;0.56;0.526490666666668;0.48;0.4388799999999996
0.1;0.11087999999999996;0.84;0.8272399999999975;0.28;0.27531999999999984
0.14;0.1416599999999999;0.84;0.7786946666666655;0.44;0.4324560000000018
0.44;0.44265333333333146;0.5;0.4653666666666672;0.26;0.2535600000000002
0.36;0.3572400000000013;0.58;0.5208000000000002;0.28;0.2581200000000005
0.28;0.2811973333333333;0.7;0.6002960317460317;0.2;0.19439580952380958
0.4;0.40456000000000086;0.56;0.5166233333333339;0.5;0.44911999999999946
0.16;0.14383999999999988;0.76;0.7378799999999983;0.14;0.13868000000000008
0.26;0.2848586190476192;0.28;0.24919280952380995;0.1;0.1445273809523809
0.1;0.11503999999999996;0.8;0.8163199999999973;0.28;0.2730000000000001
0.46;0.4569086045842692;0.14;0.13571407339272346;0.18;0.19132846885622112
0.32;0.3271858284377388;0.14;0.13476949789180817;0.2;0.22470467552151652
0.4;0.3995200000000008;0.22;0.21836000000000041;0.28;0.2779200000000003
0.26;0.2555400000000003;0.14;0.14865399999999984;0.44;0.406869333333333
0.34;0.3427600000000007;0.38;0.36668000000000095;0.44;0.4061200000000003
0.6;0.5968266666666663;0.32;0.2967200000000002;0.28;0.2873599999999998
0.16;0.16452000000000008;0.26;0.24628000000000072;0.34;0.3761999999999993
0.1;0.12643199999999993;0.24;0.21265600000000054;0.22;0.25851999999999986
0.16;0.14165504761904749;0.12;0.1288544761904761;0.28;0.3323479999999997
0.14;0.13333333333333325;0.82;0.7505199999999989;0.12;0.11712000000000009
0.3;0.2852092380952382;0.1;0.1207867301587301;0.38;0.2674342222222222
0.34;0.3379752380952389;0.28;0.27614285714285747;0.16;0.16619999999999993
0.28;0.28512;0.3;0.2933600000000005;0.3;0.3091999999999997
0.32;0.31608000000000064;0.26;0.2645600000000003;0.28;0.27264
0.28;0.2767279999999998;0.66;0.5970159999999987;0.34;0.32166399999999984
0.72;0.7245199999999958;0.26;0.2108400000000005;0.36;0.38491999999999926
0.1;0.11515999999999996;0.3;0.27760000000000024;0.26;0.26912
0.14;0.1409359999999999;0.68;0.7374879999999977;0.22;0.23391999999999982
0.2;0.2063200000000003;0.32;0.30636000000000047;0.36;0.3786799999999998
0.12;0.13476728571428562;0.32;0.30192900000000045;0.14;0.15616785714285714
0.8;0.800596019536019;0.12;0.14253468864468852;0.16;0.19550118437118455
0.2;0.1940400000000004;0.72;0.661693333333333;0.24;0.21403999999999979
0.32;0.33551696969697;0.18;0.16400309090909101;0.26;0.2771160606060606
0.32;0.3165600000000008;0.4;0.39152000000000065;0.48;0.45967999999999976
0.16;0.1522999999999999;0.44;0.44127999999999906;0.36;0.3631599999999991
0.62;0.616279999999999;0.28;0.2712000000000005;0.36;0.37363999999999964
0.12;0.1323199999999999;0.34;0.3228800000000004;0.24;0.26380000000000026
0.52;0.5216266666666691;0.46;0.40738733333333327;0.5;0.477119999999999
0.18;0.1659028571428573;0.78;0.6473942857142853;0.22;0.1908399999999997
0.42;0.4224799999999989;0.38;0.35492000000000035;0.4;0.37632
0.4;0.4045200000000007;0.32;0.31616000000000044;0.44;0.44719999999999976
0.24;0.23380000000000065;0.46;0.49767599999999995;0.14;0.14999199999999996
0.44;0.43351999999999846;0.3;0.3267999999999999;0.26;0.2728
0.4;0.3906400000000014;0.1;0.11567999999999996;0.4;0.35899999999999976
0.56;0.5624666666666669;0.34;0.35497000000000023;0.4;0.39323999999999987
0.58;0.58364;0.28;0.2878800000000005;0.34;0.3529200000000002
0.86;0.8320633333333336;0.1;0.11861333333333329;0.16;0.1471733333333332
0.3;0.29936000000000046;0.2;0.19342000000000037;0.3;0.3259199999999998
0.4;0.40422000000000075;0.4;0.3728800000000009;0.2;0.2065599999999998
0.62;0.6263999999999992;0.18;0.1674400000000002;0.42;0.4451200000000002
0.26;0.24805000000000021;0.56;0.6297449999999994;0.14;0.138875
0.12;0.1264399999999999;0.7;0.7305599999999987;0.16;0.1608800000000002
0.14;0.1324799999999999;0.62;0.6329999999999987;0.42;0.43804000000000054
0.42;0.4243238095238083;0.56;0.48026285714285777;0.2;0.1929200000000001
0.54;0.5313700000000017;0.32;0.3689400000000002;0.22;0.23076000000000008
0.72;0.721919999999997;0.12;0.11701999999999996;0.12;0.1358
0.36;0.3697600000000017;0.38;0.3790400000000002;0.22;0.23775999999999983
0.22;0.21576000000000042;0.68;0.6515399999999993;0.18;0.1735200000000003
0.2;0.20604000000000025;0.34;0.3172400000000003;0.38;0.42035999999999996
0.48;0.47939695238095176;0.16;0.15958390476190484;0.14;0.14951819047619047
0.14;0.13661184126984116;0.22;0.24391409523809587;0.26;0.19759333333333337
0.4;0.44949999999999923;0.26;0.2315800000000004;0.14;0.13115999999999997
0.44;0.44559333333333195;0.2;0.1969866666666671;0.24;0.23308000000000018
0.18;0.17641333333333345;0.68;0.6514266666666669;0.22;0.21563999999999975
0.52;0.5138400000000016;0.12;0.12103999999999994;0.34;0.29874000000000017
0.26;0.2647199999999998;0.3;0.2964800000000009;0.26;0.25427999999999995
0.72;0.7235799999999979;0.18;0.19814666666666703;0.18;0.18719333333333354
0.62;0.6453599999999997;0.16;0.13451999999999992;0.1;0.1427599999999999
0.22;0.21216000000000051;0.22;0.22800000000000056;0.44;0.42659999999999954
0.16;0.1694400000000001;0.2;0.20180000000000045;0.36;0.3593599999999998
0.72;0.7223399999999964;0.22;0.20441000000000048;0.34;0.35032
0.2;0.18780000000000033;0.74;0.6566799999999989;0.18;0.15668000000000007
0.18;0.17410307129561914;0.14;0.13504411670918662;0.14;0.2283235143647203
0.22;0.22596000000000072;0.44;0.4475599999999991;0.32;0.3534799999999998
0.22;0.21172000000000046;0.7;0.6971599999999998;0.32;0.32148000000000027
0.7;0.7050799999999986;0.28;0.20720000000000038;0.22;0.22955999999999976
0.54;0.5346800000000017;0.12;0.12127999999999993;0.42;0.4129999999999988
0.1;0.11223999999999996;0.86;0.8072799999999989;0.18;0.16972000000000048
0.34;0.3366400000000006;0.52;0.49629333333333353;0.24;0.2187599999999998
0.54;0.5325200000000017;0.18;0.1882000000000003;0.34;0.30356
0.34;0.3385200000000008;0.58;0.5700399999999995;0.5;0.47663999999999884
0.6;0.5931907010767006;0.14;0.14525494227994218;0.1;0.14303241125541125
0.26;0.2604800000000002;0.3;0.29044000000000036;0.3;0.3133999999999998
0.16;0.16025333333333347;0.44;0.4387199999999985;0.48;0.47207999999999917
0.18;0.18454000000000026;0.46;0.47897999999999946;0.12;0.13068000000000007
0.18;0.1846100000000003;0.5;0.4759799999999996;0.5;0.45799999999999963
0.26;0.24046012044852325;0.1;0.12421443872527535;0.32;0.21405143003874344
0.48;0.4852866666666662;0.34;0.34460000000000035;0.46;0.46403999999999923
0.38;0.37424000000000174;0.34;0.3612000000000003;0.42;0.43879999999999947
0.12;0.12111999999999994;0.46;0.46459999999999957;0.18;0.18144000000000055
0.38;0.3617734697524707;0.14;0.14347306349206337;0.1;0.20421016849816845
0.72;0.7408666666666659;0.14;0.18140333333333364;0.1;0.12016000000000004
0.34;0.3408880000000003;0.54;0.5138439999999997;0.2;0.18735999999999992
0.22;0.22196000000000074;0.56;0.5347600000000013;0.34;0.33888
0.1;0.1147067636026487;0.12;0.1129852300783376;0.2;0.19894221707642312
0.24;0.24356000000000064;0.28;0.26156000000000057;0.36;0.40028000000000025
0.46;0.46958666666666515;0.42;0.38768;0.2;0.20596000000000006
0.36;0.3380800000000004;0.46;0.5185599999999999;0.24;0.21695999999999982
0.38;0.38068000000000174;0.54;0.503;0.22;0.22127999999999998
0.72;0.7207599999999962;0.2;0.22116000000000052;0.28;0.2882399999999998
0.84;0.8308799999999985;0.12;0.12311999999999994;0.34;0.35823999999999984
0.14;0.1399599999999999;0.6;0.5866799999999995;0.46;0.43915999999999966
0.38;0.37816000000000205;0.6;0.54552;0.34;0.3361200000000001
0.68;0.6885999999999994;0.3;0.24500000000000005;0.36;0.35743999999999954
0.66;0.6508799999999996;0.2;0.2565333333333338;0.16;0.15328000000000003
0.22;0.21096000000000034;0.22;0.2567600000000009;0.5;0.43619999999999914
0.42;0.4289999999999989;0.48;0.4580000000000005;0.44;0.38119999999999965
0.1;0.11643999999999996;0.52;0.5239600000000012;0.36;0.3849199999999996
0.26;0.2573913015873017;0.36;0.37592425396825513;0.28;0.28049599999999997
0.38;0.3800400000000017;0.52;0.524237333333333;0.1;0.11104000000000003
0.4;0.402040000000001;0.32;0.32184;0.4;0.4138399999999998
0.24;0.228933333333334;0.62;0.6460799999999987;0.12;0.11828000000000012
0.52;0.5241994545454566;0.42;0.37523751515151527;0.1;0.11488000000000005
0.2;0.18852000000000024;0.24;0.27196000000000053;0.46;0.4141999999999994
0.18;0.16989666666666683;0.7;0.6992599999999985;0.4;0.3966000000000004
0.38;0.37964706349206534;0.24;0.25545698412698414;0.48;0.435114126984128
0.18;0.16960753717493188;0.1;0.12257978540536724;0.34;0.21926488450546283
0.14;0.14645833333333322;0.68;0.7128749999999986;0.32;0.3326066666666667
0.16;0.1700000000000002;0.42;0.4126600000000002;0.44;0.44660000000000066
0.28;0.26720000000000016;0.3;0.30684000000000067;0.42;0.4253600000000005
0.5;0.45290400865800867;0.12;0.16075313419913423;0.22;0.164944178932179
0.16;0.15756000000000006;0.66;0.6443199999999997;0.5;0.47059999999999835
0.38;0.37364000000000197;0.44;0.4936800000000003;0.38;0.4031600000000001
0.14;0.15532712785855024;0.18;0.15682371773399015;0.1;0.17305058349882857
0.34;0.3439454978354985;0.16;0.1664135144300146;0.24;0.20441204617604605
0.16;0.15483999999999995;0.54;0.534400000000001;0.38;0.3862399999999997
0.12;0.14803999999999987;0.38;0.33924000000000065;0.26;0.28387999999999974
0.6;0.5990399999999995;0.38;0.29688000000000053;0.32;0.3448000000000003
0.24;0.23697333333333445;0.62;0.635264444444444;0.34;0.34696888888888855
0.8;0.7937828571428571;0.12;0.1471542857142856;0.26;0.2571600000000001
0.72;0.7064399999999978;0.1;0.11691999999999994;0.3;0.22324000000000005
0.46;0.46918595238095223;0.18;0.16459747619047635;0.1;0.13678666666666667
0.2;0.21228000000000039;0.48;0.48807999999999985;0.14;0.15119999999999997
0.16;0.13761778784346823;0.1;0.12335481459826397;0.22;0.18419688051618377
0.22;0.21349288673418132;0.26;0.24977812646177414;0.1;0.143203113435584
0.68;0.6747999999999994;0.2;0.23292000000000054;0.46;0.45811999999999964
0.12;0.12891999999999992;0.42;0.5119999999999993;0.1;0.122
0.12;0.1262999999999999;0.58;0.5720266666666665;0.46;0.4622199999999991
0.58;0.5796800000000005;0.26;0.2833200000000007;0.34;0.34612000000000026
0.5;0.4774053137254892;0.1;0.12005181699346401;0.22;0.21887337254901934
0.46;0.4589599999999975;0.12;0.12407999999999993;0.48;0.44791999999999915
0.46;0.4567777142857127;0.36;0.3884180952380962;0.46;0.4604262857142848
0.34;0.3298400000000003;0.48;0.5332399999999997;0.18;0.17552000000000006
0.24;0.24652000000000068;0.58;0.5407866666666667;0.42;0.37306666666666644
0.64;0.6417119999999994;0.32;0.28364800000000046;0.12;0.12604000000000015
0.1;0.10371999999999998;0.42;0.41304;0.5;0.4825599999999981
0.44;0.43622933333333164;0.42;0.48458666666666694;0.26;0.25188000000000016
0.32;0.32140000000000063;0.62;0.5454799999999991;0.34;0.2918799999999998
0.3;0.29624000000000106;0.3;0.3118000000000008;0.48;0.46168000000000015
0.18;0.1745093333333336;0.78;0.7424919999999988;0.48;0.46975066666666476
0.28;0.27172066666666667;0.28;0.2848997142857149;0.12;0.13004000000000007
0.1;0.12762724379324372;0.16;0.12456734398934391;0.16;0.25780257401857415
0.2;0.19851263636363686;0.74;0.7374049740259735;0.48;0.465407424242423
0.32;0.3144000000000008;0.24;0.24444000000000043;0.36;0.3576800000000003
0.52;0.5308871688311708;0.46;0.37783975324675345;0.1;0.10970666666666669
0.58;0.5739200000000005;0.22;0.26184000000000085;0.28;0.26108000000000037
0.7;0.6970799999999995;0.16;0.2006400000000003;0.3;0.28879999999999983
0.68;0.6772399999999991;0.26;0.24416000000000043;0.46;0.4726799999999983
0.22;0.22384000000000076;0.64;0.6819199999999993;0.38;0.3981200000000004
0.4;0.3958800000000014;0.32;0.34776000000000057;0.26;0.28580000000000017
0.4;0.40446000000000076;0.22;0.2117660000000005;0.18;0.20248399999999997
0.14;0.14063999999999988;0.58;0.5799599999999993;0.36;0.3649199999999996
0.1;0.10823999999999998;0.88;0.8171999999999994;0.46;0.43544000000000144
0.26;0.25061343645243694;0.16;0.16342882661782668;0.16;0.17482987012987009
0.5;0.4766799999999992;0.12;0.12907999999999992;0.42;0.39783999999999986
0.16;0.15904000000000007;0.6;0.5967199999999998;0.32;0.31616000000000016
0.6;0.5993799999999994;0.32;0.3257333333333333;0.32;0.31528000000000017
0.26;0.2606480000000001;0.48;0.49090857142857136;0.14;0.14886323809523802
0.74;0.7248399999999972;0.14;0.21020000000000044;0.28;0.2395199999999999
0.1;0.11787999999999994;0.6;0.6163199999999984;0.36;0.40800000000000064
0.8;0.8011232380952379;0.12;0.1390615238095237;0.2;0.18615999999999983
0.32;0.31489070175438666;0.12;0.12042473684210521;0.42;0.4060352631578944
0.28;0.27371999999999974;0.34;0.3653140000000012;0.34;0.3355200000000002
0.34;0.34300000000000086;0.26;0.2724800000000006;0.4;0.36883999999999983
0.16;0.15283999999999992;0.26;0.2750800000000001;0.5;0.47099999999999864
0.6;0.597599999999999;0.32;0.3115200000000004;0.34;0.35699999999999954
0.32;0.32393333333333396;0.16;0.15936000000000006;0.44;0.4295199999999998
0.44;0.4521673333333313;0.48;0.4622066666666669;0.12;0.131832
0.48;0.4831866666666658;0.3;0.2972400000000005;0.46;0.4747199999999987
0.44;0.444479999999998;0.12;0.11571999999999996;0.42;0.4373199999999994
0.1;0.12863999999999992;0.72;0.7048799999999984;0.2;0.17468000000000028
0.2;0.1765013809523812;0.14;0.15786895238095242;0.26;0.2652517619047617
0.74;0.7630423809523807;0.24;0.15819952380952387;0.14;0.19648571428571432
0.56;0.562626666666667;0.34;0.32430000000000037;0.14;0.15324
0.64;0.6431533333333319;0.28;0.2775400000000006;0.16;0.1643200000000002
0.2;0.19903272727272764;0.64;0.6524799999999998;0.24;0.24555999999999986
0.1;0.12063999999999996;0.68;0.6900399999999992;0.12;0.1176400000000001
0.8;0.8038128571428563;0.16;0.14371571428571414;0.18;0.18777571428571418
0.52;0.5081600000000017;0.24;0.2739600000000008;0.44;0.39791999999999933
0.14;0.14225599999999985;0.74;0.7484719999999996;0.2;0.19747999999999988
0.12;0.12199999999999994;0.48;0.47257333333333235;0.34;0.34200000000000036
0.14;0.13551999999999992;0.46;0.4572399999999995;0.22;0.22583999999999968
0.24;0.23824000000000076;0.36;0.3712400000000015;0.42;0.43660000000000004
0.24;0.2360400000000009;0.38;0.39172000000000096;0.46;0.44664000000000004
0.22;0.21778000000000064;0.36;0.3720200000000018;0.44;0.46735999999999817
0.36;0.3543092267732278;0.26;0.25419439227439294;0.42;0.4443929557109554
0.58;0.5454240000000011;0.1;0.12797333333333327;0.16;0.15292
0.18;0.1811333333333335;0.66;0.6287093333333323;0.32;0.28515999999999975
0.14;0.1364399999999999;0.44;0.4469799999999986;0.46;0.45727999999999974
0.28;0.27576399999999957;0.58;0.5963654603174596;0.22;0.2228520634920633
0.42;0.41379999999999983;0.32;0.3291200000000002;0.44;0.42383999999999933
0.48;0.47863999999999823;0.28;0.2984800000000004;0.3;0.30831999999999987
0.18;0.18283200000000024;0.78;0.7095279999999986;0.14;0.14000000000000012
0.2;0.2008542857142861;0.22;0.2316982222222226;0.24;0.2075521904761904
0.34;0.33456000000000075;0.38;0.4696000000000005;0.24;0.33292
0.2;0.19938666666666718;0.66;0.6827433333333317;0.38;0.38194
0.6;0.6022399999999987;0.36;0.30892000000000064;0.16;0.16060000000000005
0.7;0.6909199999999998;0.24;0.23440000000000033;0.5;0.4805199999999994
0.56;0.5709200000000005;0.32;0.3178100000000007;0.28;0.29468000000000016
0.56;0.5750400000000007;0.4;0.3293600000000005;0.28;0.2847599999999999
0.22;0.21204000000000062;0.2;0.20052000000000042;0.38;0.39915999999999985
0.3;0.28832285714285755;0.68;0.606322380952382;0.2;0.17663428571428588
0.72;0.7207999999999973;0.26;0.1989200000000004;0.26;0.2688799999999999
0.52;0.5184072307692337;0.2;0.1990398461538466;0.4;0.4167569230769234
0.22;0.21880000000000052;0.54;0.5780999999999996;0.26;0.2947999999999998
0.5;0.4993066666666683;0.36;0.4006533333333333;0.2;0.20383999999999994
0.44;0.4312987399267397;0.18;0.18282957875457906;0.12;0.14173376556776554
0.22;0.21256000000000047;0.7;0.6845999999999991;0.26;0.2572800000000003
0.12;0.12895999999999994;0.68;0.7029199999999992;0.16;0.15652000000000013
0.44;0.452839999999998;0.18;0.17492000000000005;0.4;0.39419999999999955
0.12;0.13514291379947466;0.16;0.13123872266280437;0.1;0.20866929680689045
0.38;0.38476133333333473;0.18;0.17269866666666683;0.28;0.29457333333333346
0.36;0.3723200000000015;0.14;0.13899999999999987;0.46;0.4525999999999993
0.1;0.10635999999999998;0.42;0.41803999999999975;0.44;0.44216000000000133
0.26;0.24364000000000036;0.34;0.3773200000000013;0.36;0.37576000000000015
0.22;0.21358000000000046;0.7;0.6754399999999993;0.12;0.1163600000000001
0.18;0.17801600000000017;0.12;0.12083999999999993;0.36;0.38968800000000037
0.42;0.42391999999999946;0.42;0.41488000000000064;0.48;0.39936000000000016
0.34;0.33798121212121246;0.24;0.2660454545454552;0.44;0.3821845454545454
0.24;0.24296000000000081;0.48;0.48127999999999965;0.38;0.42044000000000004
0.76;0.7528800000000001;0.18;0.18316000000000035;0.36;0.34004000000000034
0.3;0.29948000000000136;0.46;0.5153200000000004;0.26;0.2977599999999998
0.18;0.18308000000000021;0.46;0.4615199999999983;0.46;0.4574399999999995
0.64;0.6431199999999988;0.34;0.27956000000000075;0.2;0.20935999999999982
0.2;0.1626101910015345;0.1;0.13452670490411553;0.2;0.1797242212303692
0.14;0.1415999999999999;0.48;0.4698399999999991;0.24;0.24287999999999968
0.48;0.4736251428571412;0.3;0.3861550476190476;0.1;0.11554700000000007
0.34;0.33158400000000027;0.48;0.5086666666666674;0.16;0.1634799999999999
0.36;0.3596426666666682;0.58;0.5140893333333325;0.18;0.160188
0.18;0.17824000000000023;0.22;0.22712000000000043;0.38;0.37616000000000016
0.64;0.5998399999999984;0.14;0.1792000000000001;0.2;0.19699999999999976
0.22;0.21320000000000047;0.68;0.6298;0.14;0.13296000000000005
0.3;0.30434304761904796;0.14;0.14877049299719872;0.36;0.3219870476190477
0.5;0.49672000000000166;0.16;0.1599600000000001;0.4;0.3851599999999998
0.26;0.25866884848484845;0.64;0.6135672727272715;0.18;0.1671757575757578
0.26;0.2501917777777781;0.34;0.36922777777777926;0.3;0.279776
0.14;0.13148561904761896;0.28;0.29339800000000077;0.16;0.15079085714285706
0.14;0.12091999999999993;0.12;0.1344399999999999;0.42;0.4155199999999999
0.5;0.5047200000000023;0.38;0.41388666666666635;0.16;0.17478666666666684
0.52;0.5104644444444469;0.32;0.35196444444444436;0.34;0.35023555555555563
0.68;0.6638000000000007;0.1;0.12175999999999994;0.34;0.2662399999999998
0.4;0.3849600000000013;0.32;0.38352000000000025;0.12;0.14004
0.18;0.1822800000000002;0.46;0.45975999999999784;0.48;0.48019999999999835
0.2;0.23622791970121435;0.26;0.23812765826330576;0.14;0.16095093183940237
0.14;0.1591232914186425;0.14;0.12807887476626592;0.16;0.16667393596930025
0.54;0.5508000000000012;0.26;0.2600400000000005;0.5;0.4861199999999986
0.72;0.7238399999999984;0.12;0.11791999999999994;0.34;0.35219999999999957
0.24;0.2397000000000007;0.52;0.5449600000000007;0.28;0.2927200000000001
0.18;0.17445777777777796;0.66;0.696236666666665;0.16;0.16104000000000016
0.2;0.1967513333333336;0.24;0.24047479365079408;0.2;0.20625661904761908
0.42;0.4189999999999996;0.34;0.35544000000000064;0.2;0.23027999999999998
0.5;0.5002800000000012;0.34;0.3862600000000004;0.32;0.2935199999999999
0.28;0.2789533333333332;0.62;0.6230833333333338;0.16;0.16504000000000013
0.14;0.1393199999999999;0.5;0.49463999999999947;0.32;0.32604000000000083
0.86;0.8234399999999994;0.12;0.13089333333333325;0.4;0.28432
0.68;0.674679999999999;0.26;0.24096000000000067;0.16;0.16632000000000025
0.1;0.11815999999999995;0.32;0.2822400000000006;0.3;0.31743999999999983
0.16;0.15363999999999992;0.3;0.32100000000000034;0.48;0.45348000000000016
0.42;0.42167999999999944;0.36;0.3335000000000001;0.26;0.2294799999999999
0.22;0.21772000000000064;0.38;0.39328000000000124;0.32;0.3327600000000002
0.46;0.4628799999999977;0.16;0.16188000000000013;0.4;0.36631999999999987
0.26;0.26536000000000015;0.22;0.21341333333333376;0.24;0.2549400000000002
0.28;0.2896800000000004;0.62;0.6260799999999993;0.32;0.3478399999999998
0.44;0.43337333333333183;0.5;0.48596666666666694;0.34;0.3389066666666666
0.64;0.6367599999999988;0.2;0.26148000000000043;0.2;0.19340000000000024
0.22;0.2251600000000007;0.6;0.5899999999999994;0.36;0.3586399999999998
0.28;0.28443999999999997;0.26;0.25800000000000034;0.28;0.27940000000000015
0.32;0.31760000000000066;0.36;0.3740800000000004;0.2;0.21412
0.22;0.23140000000000094;0.26;0.2450800000000004;0.32;0.34787999999999997
0.56;0.5366000000000009;0.18;0.19560000000000052;0.32;0.3032399999999996
0.22;0.2263400000000008;0.38;0.4195200000000013;0.22;0.2659599999999999
0.36;0.36251987878787983;0.28;0.26497178787878806;0.3;0.33712354545454526
0.48;0.4819637142857128;0.46;0.4477930476190473;0.24;0.2508673809523806
0.34;0.3675378641358651;0.2;0.186075535742036;0.16;0.13756228149628144
0.42;0.4163328571428569;0.42;0.4841228571428576;0.26;0.26239999999999997
0.64;0.6348399999999985;0.2;0.2633600000000003;0.36;0.34552000000000016
0.1;0.11155999999999996;0.44;0.4472399999999988;0.3;0.31172000000000033
0.56;0.5632400000000005;0.3;0.2768800000000004;0.2;0.21875999999999993
0.44;0.43923999999999797;0.32;0.3179600000000003;0.36;0.3321600000000003
0.28;0.27356341614906843;0.24;0.21804015734989696;0.1;0.1786631304347825
0.4;0.4047600000000007;0.54;0.5196253333333334;0.42;0.38366
0.64;0.6363757142857139;0.12;0.12126514285714281;0.26;0.2587835714285713
0.12;0.12079999999999994;0.14;0.12979999999999994;0.42;0.44719999999999993
0.18;0.18088000000000024;0.44;0.4488799999999986;0.42;0.42540000000000083
0.28;0.2829999999999997;0.7;0.6288766666666656;0.3;0.29524000000000034
0.5;0.5344386666666673;0.3;0.30163790476190533;0.1;0.12132800000000007
0.36;0.3577200000000013;0.42;0.4187999999999992;0.38;0.37927999999999945
0.66;0.6629999999999991;0.14;0.1339199999999999;0.24;0.2737200000000005
0.48;0.46531999999999774;0.26;0.30284000000000033;0.44;0.4517599999999993
0.58;0.5728000000000009;0.18;0.20216000000000034;0.5;0.4713599999999987
0.2;0.20280000000000045;0.4;0.39482000000000106;0.46;0.46923999999999866
0.42;0.43217333333333174;0.4;0.3836533333333339;0.42;0.40111999999999987
0.4;0.39641844444444563;0.2;0.20816355555555602;0.48;0.4605395555555553
0.18;0.17960000000000023;0.48;0.4714799999999991;0.38;0.37015999999999905
0.3;0.31324500000000066;0.3;0.2783150000000001;0.36;0.39269000000000054
0.54;0.542410000000001;0.38;0.3843200000000004;0.46;0.47253999999999896
0.58;0.5880799999999995;0.16;0.14755999999999986;0.34;0.37803999999999965
0.64;0.6329599999999992;0.2;0.24991999999999998;0.32;0.31488000000000044
0.18;0.16960000000000014;0.76;0.6970099999999981;0.16;0.14816
0.28;0.28503999999999996;0.18;0.20280000000000054;0.5;0.4350399999999994
0.82;0.8294400000000001;0.16;0.12528499999999995;0.1;0.18412
0.3;0.30184000000000055;0.24;0.2355200000000007;0.32;0.3294800000000001
0.4;0.4003133333333345;0.54;0.5148806666666671;0.5;0.45805599999999985
0.76;0.7505199999999996;0.16;0.19020000000000042;0.36;0.34716000000000014
0.24;0.23204000000000063;0.26;0.2764800000000005;0.44;0.41996
0.48;0.4807742857142837;0.2;0.209311428571429;0.48;0.44994285714285737
0.26;0.26568000000000025;0.2;0.20272000000000023;0.28;0.27232000000000023
0.14;0.13244097435897426;0.12;0.12605402930402923;0.24;0.2644601098901101
0.14;0.14275999999999986;0.66;0.7093199999999993;0.24;0.25500000000000006
0.24;0.2214600000000006;0.34;0.45162000000000113;0.16;0.18131999999999998
0.46;0.45894585714285485;0.5;0.44334876190476186;0.42;0.40695866666666625
0.62;0.6102293333333317;0.12;0.1275466666666666;0.32;0.266114
0.14;0.1319753831994859;0.14;0.1315971948354019;0.1;0.20562013359682396
0.34;0.33572000000000074;0.36;0.3932800000000008;0.24;0.2707999999999998
0.14;0.12879999999999991;0.42;0.44475999999999843;0.38;0.40484000000000053
0.82;0.8189999999999985;0.16;0.1326399999999999;0.48;0.44811999999999996
0.76;0.7587200000000002;0.22;0.17184000000000027;0.24;0.2734399999999999
0.38;0.37828000000000195;0.38;0.40432000000000057;0.2;0.22151999999999977
0.6;0.5960399999999991;0.34;0.3346800000000008;0.4;0.4211200000000016
0.38;0.3789601904761923;0.5;0.5308647619047614;0.12;0.1216417142857144
0.58;0.5811600000000005;0.4;0.3593600000000009;0.46;0.44664000000000037
0.1;0.12121999999999994;0.68;0.6773599999999999;0.36;0.3561599999999998
0.2;0.20824666666666694;0.6;0.6419799999999984;0.24;0.2666000000000004
0.24;0.23496258193268763;0.12;0.12498247114289214;0.24;0.23429621110468474
0.34;0.33040000000000097;0.4;0.39812000000000086;0.5;0.45660000000000034
0.14;0.1412399999999999;0.18;0.1958800000000003;0.36;0.3049599999999998
0.18;0.16774000000000022;0.28;0.30342000000000047;0.18;0.14753833333333327
0.56;0.5694000000000005;0.26;0.2692800000000008;0.32;0.3180399999999999
0.14;0.13181223036752254;0.1;0.12663370723569511;0.36;0.20157721764397724
0.18;0.18060100000000023;0.66;0.6536733333333323;0.3;0.2867866666666665
0.48;0.48455433333333225;0.36;0.3831903333333333;0.12;0.1256800000000001
0.82;0.8309599999999979;0.14;0.12719999999999992;0.4;0.4541199999999989
0.84;0.8268799999999985;0.1;0.13191999999999993;0.48;0.43799999999999956
0.14;0.16453298269098288;0.16;0.13488910843844232;0.18;0.22409635377361764
0.28;0.28227999999999964;0.56;0.5193599999999995;0.3;0.2612000000000001
0.64;0.6426399999999982;0.3;0.29928000000000043;0.5;0.47691999999999846
0.42;0.38271236301958195;0.1;0.12677811089050542;0.14;0.17645793883973926
0.1;0.11259999999999998;0.54;0.5245600000000017;0.44;0.41144000000000036
0.14;0.13579999999999992;0.58;0.5686799999999997;0.38;0.3753599999999998
0.48;0.47491333333333113;0.34;0.41493000000000013;0.28;0.27008
0.34;0.3334800000000005;0.5;0.5367199999999995;0.34;0.3318
0.52;0.5149600000000022;0.26;0.2941200000000007;0.2;0.1956800000000002
0.38;0.39412000000000125;0.44;0.40928333333333344;0.16;0.1658000000000001
0.36;0.35858000000000106;0.16;0.1695166666666669;0.4;0.35212000000000054
0.52;0.5142000000000022;0.26;0.33112000000000036;0.24;0.20668000000000006
0.38;0.3840800000000023;0.32;0.3248400000000006;0.5;0.43731999999999954
0.2;0.19822000000000062;0.78;0.704399999999999;0.36;0.3484999999999999
0.26;0.2492000000000004;0.36;0.3844000000000015;0.44;0.44475999999999977
0.18;0.1745300000000002;0.6;0.5928499999999991;0.5;0.46211999999999887
0.44;0.4404580952380931;0.26;0.2561809523809524;0.48;0.4761599999999994
0.4;0.3917649816849827;0.12;0.12111948717948713;0.32;0.31673494505494487
0.2;0.20464000000000038;0.72;0.6640000000000001;0.1;0.10288
0.18;0.20927000000000048;0.36;0.32280666666666696;0.12;0.14284
0.1;0.11239999999999997;0.44;0.43927999999999934;0.24;0.23023999999999986
0.62;0.614999999999998;0.24;0.2648000000000003;0.38;0.3912399999999994
0.18;0.18440000000000034;0.34;0.3230400000000003;0.4;0.4300799999999999
0.66;0.6675999999999994;0.26;0.23687000000000058;0.16;0.1691600000000003
0.18;0.17060000000000022;0.76;0.7100099999999987;0.14;0.1355600000000001
0.18;0.1707360000000001;0.74;0.6937059999999986;0.32;0.3049219999999999
0.42;0.4280095238095226;0.42;0.40568952380952483;0.22;0.20595333333333327
0.12;0.1293999999999999;0.64;0.6277599999999987;0.46;0.44743999999999967
0.34;0.3400400000000005;0.6;0.5369199999999988;0.42;0.3422000000000001
0.24;0.22940000000000096;0.74;0.6414133333333327;0.36;0.3193999999999998
0.16;0.16008000000000008;0.58;0.5673600000000004;0.46;0.44603999999999955
0.34;0.3176600000000005;0.32;0.3700200000000008;0.26;0.27771999999999997
0.58;0.5823102222222225;0.32;0.2894013333333337;0.12;0.12216000000000012
0.14;0.13561733333333323;0.78;0.7619779999999993;0.36;0.3566799999999993
0.22;0.1964000000000003;0.76;0.6621199999999992;0.24;0.21699999999999992
0.12;0.12047999999999993;0.7;0.6977199999999981;0.48;0.47979999999999856
0.7;0.7219599999999982;0.14;0.11783999999999994;0.12;0.19940000000000008
0.46;0.43324619047618945;0.26;0.3346890476190477;0.12;0.15514666666666663
0.32;0.3212400000000004;0.38;0.39426666666666693;0.32;0.34012000000000014
0.62;0.6282799999999983;0.32;0.2838400000000005;0.26;0.26691999999999994
0.52;0.5174860000000024;0.32;0.37148066666666746;0.3;0.2854999999999999
0.46;0.48090566666666557;0.2;0.1761753333333336;0.12;0.14069300000000004
0.14;0.13678380952380942;0.84;0.7999038095238078;0.46;0.4592799999999985
0.54;0.5442000000000008;0.12;0.11687999999999996;0.44;0.43419999999999853
0.12;0.1297599999999999;0.38;0.35356000000000154;0.42;0.4449200000000008
0.54;0.5402000000000015;0.14;0.1382799999999999;0.4;0.37503999999999943
0.16;0.1657633333333335;0.58;0.5745733333333334;0.24;0.24392000000000014
0.48;0.4931040000000004;0.38;0.3811200000000004;0.16;0.16904000000000008
0.5;0.503474666666668;0.4;0.3773213333333334;0.16;0.14688
0.38;0.3832000000000017;0.52;0.5108000000000001;0.3;0.31248
0.18;0.17268000000000025;0.38;0.39488000000000123;0.4;0.3844399999999988
0.26;0.27143999999999974;0.3;0.2855200000000001;0.32;0.34248
0.56;0.6122000000000014;0.2;0.15799999999999997;0.2;0.19099999999999961
0.54;0.538720000000002;0.12;0.12007999999999995;0.5;0.4677199999999986
0.22;0.22504000000000066;0.42;0.4300799999999995;0.3;0.33872
0.12;0.12375999999999994;0.82;0.7730799999999988;0.16;0.15776000000000007
0.16;0.15171999999999988;0.3;0.31452000000000047;0.5;0.4861199999999988
0.52;0.5286700000000023;0.46;0.39356999999999975;0.18;0.1717700000000002
0.2;0.20272000000000046;0.32;0.3191199999999999;0.26;0.2593199999999999
0.36;0.36092000000000063;0.4;0.4823600000000001;0.12;0.13579999999999998
0.26;0.27088952380952336;0.58;0.6116257142857132;0.14;0.15047428571428567
0.2;0.2060000000000004;0.4;0.38412000000000135;0.5;0.48491999999999863
0.2;0.16992000000000018;0.1;0.12459999999999995;0.38;0.40679999999999994
0.5;0.48591999999999835;0.24;0.3055200000000001;0.28;0.2737200000000001
0.1;0.11683999999999996;0.74;0.7188399999999987;0.48;0.4558399999999988
0.12;0.1314841904761904;0.3;0.28453895238095317;0.14;0.17274514285714285
0.62;0.619959999999999;0.32;0.29816;0.3;0.3101600000000002
0.18;0.1765600000000003;0.32;0.30504000000000026;0.22;0.26468000000000047
0.48;0.4816422857142839;0.4;0.4462076190476183;0.5;0.4626719999999992
0.56;0.5635600000000006;0.36;0.3574000000000003;0.38;0.39495999999999987
0.44;0.44505999999999785;0.14;0.13983999999999988;0.4;0.39079999999999976
0.3;0.3131066666666674;0.54;0.5930933333333333;0.1;0.11108000000000003
0.1;0.11619999999999996;0.62;0.5733199999999992;0.48;0.4314800000000002
0.34;0.3356650000000006;0.16;0.1684550000000002;0.32;0.2895649999999999
0.82;0.8201599999999987;0.1;0.1330399999999999;0.46;0.45671999999999924
0.6;0.6008860854700847;0.14;0.1372805982905982;0.24;0.2286352820512823
0.32;0.3170809696969702;0.24;0.23345175757575815;0.12;0.13864606060606055
0.14;0.1365999999999999;0.2;0.2059200000000003;0.32;0.3154
0.66;0.6509466666666691;0.1;0.10779999999999998;0.34;0.32996000000000036
0.42;0.4152799999999996;0.3;0.3152933333333339;0.26;0.2770399999999996
0.14;0.14271999999999987;0.62;0.65376;0.36;0.39076000000000033
0.7;0.7066399999999979;0.2;0.20848000000000041;0.3;0.3106399999999998
0.32;0.3226000000000005;0.5;0.5713999999999994;0.26;0.29955999999999977
0.4;0.40022400000000086;0.34;0.34920000000000034;0.14;0.13515999999999995
0.14;0.14427999999999988;0.4;0.39948000000000117;0.44;0.4433599999999999
0.32;0.3122552796288021;0.12;0.1289218846443003;0.18;0.16653910043044987
0.56;0.5628800000000009;0.26;0.2794400000000004;0.46;0.4514799999999998
0.6;0.5767600000000005;0.22;0.3033200000000004;0.2;0.18960000000000027
0.42;0.4171542857142852;0.22;0.22954857142857213;0.42;0.3904799999999996
0.46;0.4678799999999974;0.5;0.4658866666666665;0.44;0.4365200000000005
0.28;0.2854800000000002;0.3;0.28216000000000047;0.36;0.3929599999999997
0.26;0.26654019047619043;0.68;0.6339923809523801;0.16;0.16327428571428587
0.12;0.12607999999999991;0.32;0.31583999999999995;0.3;0.3022800000000001
0.34;0.33944000000000074;0.4;0.4079900000000002;0.4;0.42883999999999955
0.66;0.6581999999999992;0.28;0.2677600000000006;0.36;0.3675999999999996
0.3;0.2963800000000011;0.42;0.4091933333333335;0.48;0.4471199999999998
0.66;0.6590400000000017;0.26;0.25920000000000054;0.2;0.20599999999999988
0.44;0.4412799999999979;0.26;0.250941666666667;0.4;0.4317800000000007
0.58;0.5820800000000005;0.16;0.15768000000000004;0.44;0.4629599999999986
0.64;0.648399999999999;0.16;0.14679999999999988;0.24;0.28100000000000047
0.12;0.11835999999999995;0.28;0.2665600000000004;0.38;0.41452000000000017
0.26;0.26193333333333363;0.6;0.64264;0.1;0.10684
0.26;0.25700000000000006;0.36;0.4227200000000013;0.2;0.22700000000000015
0.12;0.12846066666666658;0.28;0.2777840000000004;0.14;0.14321
0.42;0.42845399999999856;0.5;0.48093066666666634;0.34;0.3534700000000003
0.82;0.821013333333332;0.1;0.13551999999999992;0.28;0.29202666666666677
0.28;0.2824199999999997;0.4;0.38968000000000114;0.44;0.44348000000000065
0.36;0.3336549539866836;0.1;0.12595075945310882;0.16;0.1500655644587789
0.44;0.44546999999999853;0.42;0.40832944444444486;0.36;0.3952994444444443
0.8;0.7930799999999995;0.14;0.1413999999999999;0.46;0.44163999999999975
0.38;0.3861600000000017;0.46;0.41236000000000017;0.5;0.42955999999999905
0.36;0.353700000000001;0.38;0.4434200000000006;0.24;0.28175999999999995
0.6;0.5975959999999999;0.12;0.12072499999999996;0.26;0.24747499999999997
0.34;0.3308214358974361;0.1;0.1133454725274725;0.22;0.2946812600732601
0.34;0.3353200000000006;0.14;0.1517999999999999;0.46;0.40736000000000006
0.52;0.5170244529914555;0.2;0.20727206837606874;0.48;0.4536052564102562
0.42;0.40637200000000046;0.28;0.33661600000000014;0.14;0.15619199999999997
0.3;0.3038800000000014;0.52;0.5200933333333326;0.32;0.3278
0.74;0.8229799999999986;0.12;0.12577999999999995;0.5;0.17747999999999986
0.18;0.1790600000000003;0.48;0.5034800000000003;0.18;0.19896000000000014
0.16;0.16044000000000008;0.46;0.45155999999999913;0.28;0.27915999999999996
0.66;0.6609200000000004;0.18;0.21048000000000036;0.46;0.44316000000000083
0.24;0.24965123809523862;0.24;0.24526314285714337;0.2;0.17029999999999998
0.58;0.5777199999999999;0.24;0.24860000000000032;0.38;0.4033600000000005
0.1;0.11948999999999994;0.12;0.11486999999999996;0.32;0.3021599999999998
0.34;0.34385714285714364;0.12;0.11638419047619043;0.32;0.3240588571428572
0.48;0.47215176190476;0.46;0.4504072857142848;0.4;0.38191880952380935
0.1;0.12911999999999993;0.2;0.18356000000000022;0.28;0.3009199999999997
0.36;0.3598800000000013;0.52;0.5122799999999995;0.34;0.33404000000000034
0.34;0.33388000000000045;0.46;0.5054399999999998;0.32;0.31911999999999957
0.28;0.28075333333333347;0.66;0.6142400000000001;0.12;0.1174400000000001
0.26;0.2651999999999998;0.2;0.20628000000000024;0.4;0.37807999999999986
0.56;0.5640000000000012;0.16;0.15063999999999986;0.34;0.3628399999999991
0.56;0.553720000000001;0.18;0.1849066666666668;0.44;0.43615999999999977
0.4;0.39633333333333437;0.14;0.14770666666666651;0.36;0.3415199999999997
0.46;0.4646426666666645;0.5;0.4415953333333336;0.22;0.25597600000000015
0.56;0.5682340000000003;0.32;0.3170946666666673;0.14;0.1279760000000001
0.42;0.42211999999999916;0.34;0.3298800000000001;0.28;0.25851999999999986
0.7;0.6947999999999978;0.14;0.1900000000000004;0.5;0.24307999999999996
0.28;0.2736099999999998;0.36;0.3782400000000013;0.36;0.36667999999999934
0.2;0.20864000000000033;0.46;0.4972399999999998;0.24;0.2973999999999998
0.12;0.1485495238095237;0.26;0.21689761405261448;0.1;0.1812095135975137
0.34;0.32776000000000033;0.32;0.35924000000000067;0.22;0.22355999999999976
0.16;0.16264;0.36;0.3410400000000003;0.36;0.3755999999999992
0.46;0.4604899999999979;0.22;0.22302000000000072;0.36;0.3434400000000002
0.52;0.5309200000000018;0.38;0.39327999999999996;0.24;0.22395999999999994
0.16;0.15295999999999993;0.7;0.7274999999999983;0.12;0.12008000000000012
0.2;0.2078800000000004;0.46;0.47564000000000006;0.18;0.18928000000000028
0.62;0.6234799999999991;0.32;0.29700000000000043;0.46;0.47091999999999856
0.14;0.14334761904761892;0.7;0.684011428571428;0.24;0.24259999999999998
0.26;0.24328000000000058;0.5;0.5306000000000005;0.36;0.34847999999999985
0.4;0.39486015873015945;0.18;0.18177771428571451;0.16;0.16131325396825388
0.4;0.40156000000000097;0.2;0.2008720000000004;0.28;0.2727599999999999
0.72;0.732159999999996;0.22;0.20648000000000055;0.4;0.423920000000001
0.48;0.46887999999999785;0.38;0.4438866666666665;0.48;0.46887999999999896
0.48;0.47667999999999844;0.2;0.2013200000000005;0.32;0.30879999999999974
0.6;0.5917600000000004;0.26;0.3132400000000005;0.34;0.3428400000000004
0.22;0.19364000000000045;0.74;0.7045399999999986;0.18;0.16684000000000015
0.24;0.2206266666666673;0.14;0.15954400000000005;0.44;0.3862400000000001
0.52;0.5232800000000022;0.14;0.1333199999999999;0.36;0.37711999999999946
0.7;0.7000799999999986;0.12;0.1265199999999999;0.46;0.4237999999999996
0.1;0.10800655848595847;0.1;0.10766983125763124;0.4;0.2734717765567766
0.3;0.30088961904762;0.62;0.5610395238095236;0.22;0.19679238095238108
0.2;0.19382400000000052;0.38;0.38981333333333457;0.36;0.3787599999999992
0.42;0.41619999999999957;0.12;0.11775999999999995;0.4;0.4150799999999991
0.34;0.3327200000000007;0.16;0.16312000000000018;0.5;0.4646799999999988
0.16;0.1545066666666666;0.62;0.6361799999999991;0.38;0.3873199999999998
0.44;0.4354944444444424;0.42;0.4506000000000002;0.46;0.4471288888888886
0.28;0.2829199999999998;0.26;0.2628800000000003;0.42;0.4148399999999999
0.32;0.30688000000000126;0.26;0.2873999999999998;0.48;0.4436000000000001
0.44;0.4208799999999994;0.28;0.3355599999999997;0.2;0.21192000000000016
0.66;0.6563266666666677;0.2;0.24976000000000054;0.12;0.12048000000000014
0.36;0.35244292640692726;0.16;0.17473415295815314;0.24;0.2056030678210678
0.22;0.21045272727272774;0.56;0.5989800000000004;0.24;0.2534399999999998
0.44;0.44035666666666445;0.44;0.47589599999999976;0.46;0.45795999999999937
0.56;0.5647600000000007;0.42;0.31916000000000033;0.2;0.19540000000000016
0.16;0.15147999999999986;0.48;0.49768000000000107;0.4;0.4166800000000004
0.6;0.6016399999999994;0.26;0.27032000000000045;0.32;0.33544000000000024
0.34;0.3328000000000007;0.54;0.5428799999999995;0.36;0.3194399999999999
0.18;0.18480000000000035;0.44;0.48000000000000026;0.14;0.1533599999999999
0.48;0.4833199999999988;0.44;0.43272000000000016;0.46;0.4699199999999992
0.58;0.5706771428571433;0.32;0.33599428571428624;0.1;0.11570428571428577
0.52;0.5238200000000024;0.44;0.40282333333333337;0.48;0.46403999999999934
0.22;0.22991000000000059;0.32;0.31044000000000027;0.12;0.13776000000000005
0.26;0.2572196103896103;0.66;0.6227507792207784;0.42;0.3830981818181817
0.18;0.18192000000000022;0.34;0.32588000000000045;0.32;0.3343199999999999
0.2;0.21292139907592803;0.16;0.15067080707040278;0.16;0.15712098573434571
0.38;0.3783688888888906;0.24;0.2408777777777783;0.4;0.40376999999999974
0.54;0.5489480000000012;0.22;0.2600240000000005;0.12;0.11692000000000005
0.56;0.5533866666666672;0.32;0.3447733333333336;0.2;0.21981333333333347
0.18;0.1777600000000002;0.6;0.6291999999999996;0.42;0.43072000000000016
0.12;0.13002533333333324;0.62;0.6278999999999988;0.28;0.2920400000000001
0.44;0.4379999999999985;0.4;0.38168000000000085;0.26;0.23491999999999963
0.66;0.6646000000000001;0.26;0.26032000000000044;0.24;0.2500799999999997
0.66;0.657600000000001;0.2;0.2337600000000005;0.24;0.23691999999999994
0.54;0.547150000000001;0.34;0.306088;0.44;0.4482799999999999
0.26;0.24955335730935777;0.14;0.14312453188478177;0.18;0.19329047161172158
0.3;0.29957238095238214;0.68;0.5930271428571421;0.26;0.23431904761904754
0.54;0.5410800000000013;0.14;0.13555999999999988;0.44;0.43623999999999974
0.54;0.5491716666666674;0.4;0.3487500000000004;0.16;0.1650800000000002
0.38;0.3611595555555567;0.4;0.4833484444444448;0.12;0.13109111111111113
0.22;0.2105200000000005;0.3;0.30983999999999995;0.26;0.2563599999999999
0.28;0.27753333333333335;0.26;0.2734200000000002;0.26;0.23260000000000006
0.24;0.2360800000000006;0.66;0.6367466666666661;0.16;0.15096000000000004
0.1;0.12267999999999994;0.7;0.6604800000000001;0.5;0.4471999999999999
0.86;0.8285666666666655;0.1;0.1282766666666666;0.34;0.25200000000000017
0.82;0.8118039999999997;0.14;0.13485333333333324;0.14;0.1739199999999999
0.48;0.47687999999999836;0.4;0.4181600000000007;0.2;0.2233999999999999
0.14;0.14011999999999988;0.38;0.404360000000001;0.32;0.32208000000000025
0.3;0.2927600000000006;0.52;0.5527279999999993;0.3;0.28576800000000036
0.4;0.4085633333333337;0.24;0.255026666666667;0.5;0.4566399999999998
0.24;0.2385600000000009;0.5;0.49988000000000093;0.42;0.42635999999999996
0.32;0.3163000000000003;0.52;0.48323142857142853;0.3;0.21408571428571416
0.52;0.5332526666666686;0.44;0.35220733333333376;0.1;0.11050133333333334
0.82;0.8066479999999987;0.14;0.1422813333333332;0.24;0.2271500000000005
0.3;0.3030400000000008;0.36;0.5237999999999996;0.12;0.20115999999999987
0.3;0.30086000000000157;0.58;0.5808433333333338;0.42;0.4176066666666663
0.46;0.4663314285714264;0.34;0.33842285714285725;0.3;0.3126742857142858
0.32;0.3205120000000005;0.64;0.5618330000000004;0.5;0.4546899999999994
0.7;0.7046799999999982;0.26;0.21496000000000054;0.42;0.4123200000000004
0.58;0.5803600000000002;0.4;0.33236000000000077;0.22;0.21799999999999983
0.5;0.500376564102566;0.22;0.2205711794871801;0.46;0.4573302564102567
0.4;0.41871519047619066;0.26;0.23197647619047673;0.1;0.12391300000000009
0.36;0.3622800000000012;0.44;0.4568400000000001;0.2;0.20792000000000002
0.52;0.5259200000000022;0.14;0.1377799999999999;0.28;0.26844000000000035
0.36;0.36652000000000173;0.48;0.4824633333333336;0.14;0.13468000000000008
0.64;0.6497599999999989;0.34;0.25941333333333366;0.18;0.18604000000000032
0.22;0.2323539890109895;0.18;0.15867699023199036;0.12;0.21713932234432248
0.14;0.14281999999999986;0.6;0.6025200000000004;0.24;0.2459600000000001
0.16;0.15487999999999993;0.2;0.20624000000000034;0.44;0.44488000000000005
0.2;0.18168000000000017;0.3;0.3286000000000003;0.5;0.46783999999999926
0.34;0.3403800000000006;0.24;0.24314000000000072;0.2;0.20307999999999993
0.2;0.19542857142857184;0.58;0.6067895238095237;0.24;0.24293142857142858
0.12;0.12375999999999994;0.82;0.777679999999999;0.22;0.2133199999999998
0.36;0.3686600000000015;0.6;0.49512;0.32;0.26795999999999986
0.2;0.18252000000000013;0.22;0.2352800000000008;0.44;0.41267999999999994
0.1;0.12099999999999995;0.54;0.519160000000002;0.3;0.31203999999999993
0.24;0.2485100000000005;0.56;0.6153999999999994;0.12;0.12928000000000003
0.14;0.14239999999999986;0.8;0.779939999999999;0.2;0.20203999999999994
0.42;0.4308799999999988;0.18;0.18768000000000024;0.46;0.4248800000000007
0.12;0.13483197046788115;0.14;0.12570510138159866;0.14;0.15762930246680823
0.54;0.5431200000000009;0.1;0.10907999999999998;0.5;0.470839999999998
0.62;0.6014906666666656;0.26;0.2900106666666669;0.16;0.14731999999999998
0.2;0.18924000000000027;0.32;0.3137599999999999;0.22;0.2508000000000001
0.14;0.1326799999999999;0.58;0.5906399999999996;0.44;0.4512399999999994
0.44;0.43117324098123994;0.12;0.11946944259132675;0.26;0.22112644514316077
0.28;0.28373333333333334;0.44;0.41736333333333286;0.5;0.4480400000000001
0.14;0.14344771428571418;0.68;0.7198952380952373;0.28;0.29400533333333323
0.26;0.24399000000000065;0.72;0.5299800000000007;0.26;0.18183999999999964
0.2;0.18675200000000036;0.66;0.6245759999999995;0.5;0.42467999999999967
0.32;0.3206640000000005;0.54;0.5388800000000007;0.32;0.3341599999999998
0.46;0.46683999999999815;0.46;0.4266700000000009;0.24;0.24807999999999977
0.3;0.28091500000000014;0.24;0.25678833333333395;0.18;0.17455499999999996
0.72;0.722319999999995;0.14;0.18460000000000032;0.48;0.44396
0.34;0.33472000000000024;0.28;0.2728200000000002;0.14;0.15851999999999994
0.44;0.4378399999999984;0.26;0.24756000000000059;0.28;0.3185600000000003
0.5;0.5059340000000001;0.16;0.15115933333333323;0.12;0.14466
0.68;0.6955600000000021;0.12;0.10507999999999999;0.1;0.13879999999999998
0.12;0.11469251675004948;0.1;0.11240589468287686;0.24;0.2055471713582396
0.36;0.3466482427280325;0.14;0.14134074922153858;0.22;0.2560486487430699
0.26;0.2636160000000001;0.68;0.5908933333333333;0.24;0.21859999999999982
0.32;0.31440000000000057;0.36;0.3968800000000002;0.48;0.4557200000000002
0.38;0.36088099229006565;0.1;0.11880657487901614;0.34;0.244960378126037
0.44;0.43399999999999866;0.16;0.16145000000000007;0.28;0.28535999999999995
0.14;0.1371639999999999;0.82;0.7762739999999989;0.36;0.3594439999999991
0.52;0.5205378989899014;0.42;0.39882840404040387;0.12;0.1315855555555556
0.44;0.43776133333333134;0.5;0.48909266666666734;0.36;0.33418666666666696
0.1;0.11763999999999994;0.62;0.59384;0.32;0.30463999999999974
0.28;0.2444053399026009;0.1;0.11449412146016064;0.14;0.22278769843345575
0.46;0.45787999999999773;0.4;0.44756000000000046;0.44;0.42140000000000005
0.22;0.23260909226721063;0.18;0.16928016263475112;0.22;0.23128851014345136
0.16;0.15732000000000004;0.46;0.46115999999999846;0.3;0.30056000000000005
0.2;0.21284064985994444;0.28;0.2531775154061631;0.1;0.13807558263305325
0.1;0.11779999999999995;0.2;0.16918133333333352;0.3;0.3158400000000002
0.3;0.29433714285714335;0.28;0.28645714285714347;0.28;0.26768000000000025
0.5;0.4992351428571442;0.46;0.3897219047619047;0.1;0.11514476190476197
0.56;0.5626664343434346;0.14;0.13689357575757566;0.12;0.1635361818181818
0.2;0.19476000000000038;0.42;0.43472000000000033;0.36;0.32872
0.24;0.25061833333333366;0.54;0.5748300000000002;0.32;0.37204000000000004
0.4;0.40512822222222267;0.22;0.22125111111111181;0.42;0.4095788888888886
0.42;0.4281484635232626;0.16;0.14678455153229822;0.1;0.13733989691467952
0.56;0.5607200000000006;0.1;0.10795999999999997;0.4;0.39916
0.1;0.12339999999999994;0.38;0.35856000000000143;0.36;0.32924000000000053
0.2;0.2150800000000005;0.34;0.3112000000000004;0.32;0.3487600000000001
0.34;0.33964000000000105;0.56;0.5709199999999995;0.42;0.4285600000000002
0.48;0.48080299999999926;0.12;0.11966299999999995;0.26;0.25870699999999996
0.4;0.386840000000002;0.28;0.3349600000000003;0.32;0.33320000000000066
0.3;0.3030000000000014;0.46;0.4443999999999995;0.44;0.4553199999999995
0.14;0.13899333333333322;0.82;0.7556266666666659;0.18;0.1839200000000004
0.24;0.23118666666666732;0.2;0.22032000000000043;0.34;0.2855600000000003
0.38;0.3795600000000015;0.18;0.1818000000000001;0.44;0.43027999999999966
0.44;0.4510599999999976;0.54;0.475786666666667;0.5;0.4533199999999999
0.52;0.5239800000000026;0.4;0.35896000000000033;0.18;0.17824000000000023
0.12;0.1309599999999999;0.52;0.5930000000000001;0.1;0.1270400000000001
0.54;0.5327300000000016;0.44;0.39010000000000045;0.3;0.30000000000000016
0.26;0.2563333333333334;0.56;0.5877600000000005;0.2;0.2055333333333332
0.12;0.1312399999999999;0.62;0.6119999999999989;0.38;0.38287999999999967
0.38;0.3811533333333348;0.14;0.1426133333333332;0.4;0.35292
0.26;0.2648189072771057;0.12;0.11889598381649306;0.3;0.27257283535040805
0.68;0.6794400000000025;0.12;0.12163999999999993;0.14;0.14339999999999992
0.14;0.1362399999999999;0.5;0.5045200000000014;0.44;0.43004000000000087
0.4;0.39210110282953836;0.1;0.11161698826777085;0.34;0.26628580262249857
0.18;0.1906730923520928;0.22;0.21314992640692684;0.14;0.1388815281385281
0.18;0.18243200000000032;0.3;0.2884720000000007;0.12;0.13518666666666665
0.26;0.2515600000000002;0.36;0.3782500000000018;0.42;0.44292000000000054
0.14;0.15027999999999986;0.54;0.6105600000000002;0.2;0.24191999999999983
0.12;0.12614142857142852;0.16;0.14426999999999987;0.24;0.28093745098039224
0.66;0.6447157142857164;0.1;0.11234914285714284;0.28;0.24852857142857127
0.26;0.25883523809523823;0.62;0.5660325714285713;0.24;0.2038485714285712
0.22;0.20892000000000036;0.46;0.4796199999999992;0.3;0.3067599999999999
0.34;0.3492800000000008;0.28;0.28232000000000057;0.38;0.3586800000000004
0.26;0.25004000000000026;0.14;0.15672000000000005;0.46;0.41275999999999946
0.1;0.3337600000000005;0.64;0.41423999999999983;0.14;0.14751999999999993
0.36;0.35104248627786516;0.14;0.1422717877363013;0.12;0.1580640286905317
0.38;0.37918800000000197;0.48;0.5271879999999998;0.16;0.164448
0.46;0.4638093823953803;0.38;0.41800832323232323;0.4;0.4159736796536797
0.38;0.3912800000000018;0.36;0.34732000000000035;0.44;0.4538799999999997
0.5;0.5029932866658636;0.14;0.13708242474553303;0.1;0.1292073025096679
0.22;0.2163033333333338;0.26;0.25402666666666707;0.14;0.16774333333333336
0.16;0.16144266666666676;0.74;0.6744586666666652;0.26;0.24147466666666678
0.78;0.7838799999999996;0.16;0.1542933333333333;0.2;0.2437999999999998
0.22;0.22698761701044123;0.18;0.15922898599439783;0.2;0.2863553246753249
0.28;0.28476000000000035;0.6;0.6041533333333342;0.1;0.10715999999999999
0.34;0.33540000000000086;0.6;0.5510799999999991;0.32;0.2953999999999998
0.48;0.4642991111111091;0.1;0.11452111111111107;0.3;0.24590444444444448
0.54;0.5397466666666679;0.32;0.3653266666666666;0.44;0.453619999999999
0.22;0.2216600000000007;0.52;0.5055600000000008;0.5;0.4606799999999989
0.12;0.12703999999999993;0.62;0.5884399999999997;0.4;0.3676800000000004
0.34;0.32548000000000016;0.32;0.34536000000000056;0.32;0.3055866666666664
0.6;0.5836369999999994;0.12;0.12904933333333327;0.1;0.14903433333333346
0.16;0.16072000000000009;0.6;0.6121599999999994;0.42;0.4414799999999996
0.14;0.15465723809523804;0.26;0.24421495238095298;0.16;0.17127228571428582
0.8;0.8018899999999985;0.16;0.14188714285714274;0.2;0.24907999999999997
0.56;0.5653200000000009;0.14;0.1307599999999999;0.4;0.4294400000000005
0.38;0.4356140763333002;0.2;0.15962908309990667;0.14;0.1320835625823452
0.28;0.27808761904761853;0.62;0.5923123809523804;0.48;0.4432733333333328
0.2;0.1920000000000004;0.78;0.712066666666665;0.12;0.11672000000000012
0.4;0.4045893333333341;0.46;0.4281546666666672;0.42;0.4088399999999998
0.22;0.20060000000000033;0.68;0.6880799999999994;0.1;0.1072
0.38;0.37953800000000154;0.26;0.25597400000000026;0.12;0.1318
0.52;0.5324025714285728;0.16;0.14971599999999985;0.18;0.19142
0.28;0.26764000000000027;0.28;0.30192000000000074;0.46;0.43364000000000064
0.34;0.3452518787878796;0.28;0.2802587878787887;0.32;0.31671454545454514
0.7;0.6984399999999992;0.26;0.21928000000000036;0.38;0.41547999999999996
0.38;0.37341658403361494;0.14;0.14824404229691862;0.22;0.22548924369747905
0.26;0.2593213333333335;0.38;0.38321933333333463;0.24;0.24817600000000004
0.16;0.15908000000000008;0.48;0.4603999999999999;0.24;0.24004000000000025
0.22;0.23816000000000098;0.34;0.3164000000000007;0.4;0.42316000000000126
0.56;0.5579120000000009;0.28;0.3111413333333336;0.22;0.22928000000000007
0.22;0.22777600000000067;0.5;0.496300666666667;0.24;0.2679800000000001
0.26;0.2540613333333337;0.6;0.5393600000000003;0.2;0.1777280000000001
0.24;0.23760821680541722;0.16;0.1588506067210567;0.14;0.15234367596292592
0.58;0.582607111111111;0.34;0.31045400000000056;0.1;0.10844000000000001
0.28;0.27799999999999986;0.4;0.40644666666666707;0.32;0.31936000000000003
0.38;0.3798100000000022;0.3;0.3316100000000005;0.22;0.24368000000000012
0.3;0.3018800000000006;0.66;0.5761600000000002;0.14;0.13996
0.48;0.46978666666666524;0.18;0.17624400000000012;0.42;0.42532
0.38;0.4203557672665504;0.2;0.16274643101343106;0.1;0.1323813496841323
0.72;0.7270766666666647;0.24;0.19709000000000038;0.14;0.16360000000000002
0.1;0.11619999999999996;0.16;0.14287999999999987;0.46;0.4541999999999996
0.54;0.5333200000000018;0.14;0.1425199999999999;0.34;0.34032000000000007
0.52;0.5170114285714309;0.32;0.3522742857142858;0.38;0.3747171428571424
0.46;0.45889999999999764;0.18;0.1761600000000001;0.42;0.4257199999999995
0.16;0.1518799999999999;0.78;0.7484433333333325;0.1;0.1032
0.2;0.19436000000000048;0.3;0.2922800000000001;0.28;0.3015200000000002
0.14;0.14619999999999986;0.24;0.24284000000000056;0.4;0.3912799999999994
0.1;0.12271999999999994;0.36;0.3406400000000008;0.46;0.4512400000000002
0.16;0.191232541395099;0.2;0.16185893764495748;0.1;0.1548744486007203
0.78;0.7825599999999985;0.2;0.16184000000000007;0.38;0.37704000000000004
0.46;0.4489653333333314;0.28;0.33583200000000046;0.14;0.15680000000000008
0.1;0.12083999999999993;0.62;0.6092799999999997;0.3;0.3074000000000001
0.4;0.3992222222222231;0.14;0.13087555555555547;0.34;0.3737199999999994
0.34;0.34128000000000075;0.62;0.5607199999999994;0.24;0.23571999999999999
0.14;0.1325599999999999;0.78;0.7720799999999993;0.42;0.41980000000000156
0.88;0.8222399999999993;0.1;0.13101999999999994;0.18;0.18063999999999983
0.38;0.38718077777777943;0.22;0.20864811111111167;0.18;0.20490484126984118
0.34;0.36776000000000136;0.52;0.5018799999999999;0.3;0.36828
0.38;0.377600000000002;0.58;0.5390799999999993;0.5;0.4643999999999993
0.4;0.4066170000000007;0.46;0.4794156666666655;0.46;0.4554066666666662
0.64;0.643119999999998;0.34;0.28604000000000024;0.48;0.47335999999999867
0.68;0.6789599999999991;0.2;0.25000000000000017;0.34;0.3438399999999996
0.36;0.3412400000000006;0.32;0.356280000000001;0.46;0.47151999999999916
0.32;0.3226400000000002;0.54;0.5532799999999994;0.3;0.30216000000000015
0.14;0.13297717460317451;0.24;0.25732747985348037;0.22;0.17144589743589755
0.48;0.483973809523808;0.44;0.43446714285714244;0.16;0.1559666666666667
0.1;0.11871999999999995;0.36;0.3398800000000009;0.38;0.37743999999999983
0.56;0.5527405238095252;0.16;0.16328733333333342;0.22;0.20676928571428582
0.2;0.20792000000000047;0.54;0.5869600000000003;0.3;0.34787999999999986
0.18;0.1763663809523811;0.72;0.7352555238095219;0.38;0.37562999999999913
0.16;0.1618400000000001;0.48;0.4743599999999998;0.34;0.3423200000000002
0.26;0.2551445238095242;0.1;0.11361666666666663;0.4;0.33030761904761896
0.18;0.19404000000000046;0.32;0.2976800000000003;0.2;0.22203999999999988
0.24;0.23652000000000076;0.68;0.6122399999999997;0.26;0.22652
0.58;0.5673066666666675;0.16;0.15867600000000007;0.3;0.2722959999999997
0.34;0.354290000000001;0.5;0.4655399999999995;0.38;0.3657599999999997
0.1;0.11483999999999996;0.72;0.7614;0.22;0.22291999999999973
0.68;0.6662799999999999;0.1;0.11339999999999997;0.16;0.14632000000000006
0.56;0.5885433333333335;0.36;0.33561333333333415;0.12;0.12124000000000008
0.52;0.5144900000000027;0.16;0.15685000000000007;0.46;0.4605999999999989
0.44;0.44439999999999824;0.2;0.1996000000000005;0.32;0.31015999999999966
0.44;0.4436039999999981;0.46;0.4589400000000001;0.28;0.30764000000000025
0.52;0.5263666666666685;0.38;0.35065599999999986;0.22;0.20671999999999996
0.66;0.646013489177489;0.1;0.11307061338661337;0.2;0.17851698101898092
0.62;0.6160399999999978;0.12;0.12007999999999995;0.42;0.40455999999999986
0.54;0.5397033333333346;0.34;0.3572806666666672;0.3;0.2746399999999998
0.26;0.27196000000000037;0.58;0.6080114285714286;0.1;0.11256000000000004
0.12;0.12587999999999994;0.5;0.5044400000000014;0.36;0.3889199999999992
0.44;0.4353806666666651;0.42;0.4744696666666674;0.12;0.13171500000000003
0.32;0.32276000000000055;0.36;0.349320000000001;0.5;0.4689199999999996
0.2;0.2075288596918183;0.14;0.13176275833771284;0.18;0.17661447625537763
0.12;0.12371999999999994;0.24;0.22780000000000045;0.36;0.3755199999999999
0.84;0.8267999999999984;0.1;0.13155999999999993;0.5;0.4532399999999992
0.32;0.3205800000000008;0.48;0.4839999999999994;0.4;0.4067599999999999
0.42;0.42122333333333234;0.5;0.4806433333333334;0.5;0.43334
0.18;0.162056;0.68;0.7168479999999994;0.2;0.20183999999999988
0.4;0.4020700000000009;0.52;0.44277000000000016;0.38;0.27127999999999963
0.44;0.43747999999999837;0.3;0.31036;0.38;0.3904000000000003
0.14;0.13214399999999993;0.12;0.14545799999999987;0.48;0.3570520000000001
0.48;0.4851973333333325;0.44;0.4146466666666665;0.14;0.13856933333333338
0.48;0.47435999999999934;0.22;0.22142666666666727;0.18;0.18944000000000014
0.62;0.6172918441493133;0.12;0.12349763824410877;0.1;0.14246412843365774
0.26;0.2579600000000002;0.46;0.5160000000000001;0.18;0.20332000000000003
0.36;0.3582400000000011;0.62;0.5526000000000001;0.24;0.22359999999999997
0.32;0.3223600000000006;0.58;0.49451999999999874;0.38;0.28964
0.6;0.6034577777777754;0.14;0.1322799999999999;0.36;0.37292444444444406
0.36;0.3609600000000013;0.24;0.23736000000000068;0.32;0.32711999999999974
0.22;0.21974000000000066;0.24;0.2324600000000006;0.24;0.27546000000000015
0.22;0.22012295815295865;0.16;0.15933096392496393;0.24;0.2689315324675327
0.14;0.1337359999999999;0.58;0.5639199999999999;0.4;0.3905599999999997
0.54;0.5368400000000018;0.16;0.15732000000000004;0.28;0.2912000000000003
0.14;0.1371445714285713;0.74;0.7878502857142837;0.38;0.3916742857142851
0.42;0.42265580952380905;0.52;0.4446157142857146;0.1;0.10959166666666668
0.82;0.8186399999999988;0.14;0.1334799999999999;0.5;0.45919999999999905
0.2;0.20488000000000056;0.56;0.5542200000000007;0.42;0.4337199999999998
0.24;0.22764000000000081;0.38;0.4005600000000007;0.24;0.2465600000000001
0.36;0.358320000000001;0.42;0.4410000000000001;0.14;0.1406
0.58;0.564240000000001;0.1;0.11147999999999997;0.5;0.45499999999999935
0.68;0.6847000000000004;0.24;0.26429000000000025;0.32;0.32659999999999967
0.14;0.1342799999999999;0.22;0.22780000000000045;0.3;0.28863999999999984
0.12;0.12035999999999995;0.48;0.4690399999999996;0.36;0.3510399999999999
0.16;0.16204000000000007;0.4;0.39272000000000157;0.42;0.4294400000000003
0.1;0.11659999999999997;0.56;0.5313200000000015;0.28;0.2770800000000001
0.46;0.48160033333333263;0.22;0.2055880000000006;0.12;0.12492100000000003
0.18;0.17296000000000034;0.14;0.15399999999999994;0.48;0.4402799999999997
0.54;0.5433500000000011;0.3;0.3044600000000004;0.14;0.1282000000000001
0.46;0.46431999999999785;0.5;0.4633;0.36;0.3220400000000002
0.12;0.12507199999999993;0.8;0.7814559999999984;0.1;0.10643999999999998
0.54;0.5435688571428585;0.36;0.3560918095238097;0.14;0.14579238095238095
0.1;0.10895999999999997;0.82;0.8126959999999974;0.46;0.4435200000000007
0.32;0.31485000000000085;0.58;0.581778333333333;0.12;0.1198533333333334
0.3;0.30780000000000113;0.46;0.5031599999999997;0.24;0.2832400000000003
0.52;0.5168666666666688;0.3;0.3244933333333333;0.34;0.35421333333333316
0.74;0.7493200000000017;0.12;0.10879999999999998;0.12;0.1326
0.5;0.5004400000000018;0.28;0.2867600000000006;0.38;0.37535999999999947
0.78;0.778129999999999;0.16;0.15313933333333324;0.22;0.22606
0.34;0.33952000000000077;0.4;0.4029200000000002;0.34;0.35868000000000017
0.14;0.13803999999999989;0.62;0.6175199999999983;0.46;0.45847999999999994
0.14;0.14080171428571417;0.8;0.7750577142857135;0.42;0.40624571428571554
0.28;0.28046847619047593;0.66;0.5954097142857133;0.2;0.19477066666666654
0.4;0.402400000000001;0.58;0.5068000000000006;0.38;0.3734399999999999
0.14;0.14439999999999986;0.74;0.767739999999999;0.18;0.18632000000000035
0.54;0.5282000000000019;0.24;0.29620000000000035;0.38;0.3595199999999995
0.2;0.19076000000000032;0.16;0.18332000000000026;0.48;0.4324399999999996
0.32;0.3167733333333339;0.66;0.5674733333333334;0.22;0.19716000000000006
0.14;0.1323999999999999;0.44;0.44879999999999876;0.22;0.2293199999999996
0.14;0.1585044010829213;0.2;0.1799620883023069;0.16;0.1978601098669132
0.14;0.1344399999999999;0.82;0.7265599999999979;0.14;0.12896000000000013
0.28;0.2783359999999998;0.54;0.5576426666666664;0.3;0.3047733333333332
0.48;0.4863706666666668;0.48;0.42168800000000006;0.18;0.16788000000000003
0.16;0.14867999999999984;0.48;0.482866666666666;0.5;0.4781199999999986
0.76;0.6583999999999982;0.18;0.2697199999999997;0.12;0.2024399999999999
0.52;0.5281937777777799;0.36;0.37311755555555587;0.14;0.14115555555555565
0.3;0.3041200000000014;0.48;0.5339199999999997;0.22;0.2516399999999999
0.74;0.7368599999999981;0.18;0.1879400000000004;0.22;0.2141599999999999
0.16;0.15043999999999985;0.4;0.4222399999999996;0.28;0.2916799999999995
0.24;0.25020000000000053;0.62;0.6341599999999994;0.3;0.31967999999999996
0.62;0.6169100000000004;0.3;0.30280000000000035;0.12;0.12736000000000014
0.12;0.11489999999999996;0.46;0.46951999999999894;0.36;0.36235999999999974
0.1;0.11263999999999996;0.34;0.3398400000000001;0.3;0.2756400000000001
0.22;0.2172400000000005;0.46;0.4834799999999989;0.24;0.25436000000000025
0.2;0.19633866666666713;0.68;0.7002513333333323;0.48;0.4667066666666656
0.7;0.7029999999999985;0.2;0.21564000000000041;0.48;0.47179999999999955
0.62;0.5903599999999998;0.26;0.31572000000000017;0.22;0.25456
0.52;0.5192100000000023;0.3;0.3247800000000003;0.3;0.2952399999999999
0.1;0.11043999999999998;0.84;0.808079999999998;0.5;0.47963999999999807
0.34;0.38192000000000154;0.44;0.3969199999999992;0.46;0.4205199999999992
0.34;0.344480000000001;0.6;0.5695599999999997;0.38;0.38888000000000006
0.22;0.2129600000000005;0.7;0.6685266666666657;0.24;0.22483999999999985
0.62;0.6009199999999985;0.16;0.1773200000000001;0.16;0.1805599999999998
0.32;0.321503636363637;0.22;0.19852909090909132;0.18;0.23039272727272744
0.12;0.12391999999999992;0.64;0.6488399999999996;0.38;0.3967600000000001
0.46;0.43591073560357707;0.12;0.138458079403053;0.1;0.15862094246104771
0.46;0.4523530737019434;0.12;0.12862628618113905;0.16;0.1768008136645962
0.64;0.6431999999999986;0.14;0.14083999999999988;0.32;0.3011999999999998
0.1;0.24830669350867335;0.14;0.13265087306232798;0.14;0.2713956980804766
0.52;0.47570985714285746;0.1;0.13778328571428564;0.26;0.16825915873015881
0.18;0.1847200000000003;0.78;0.681279999999999;0.12;0.11352000000000007
0.54;0.5436839047619055;0.28;0.3302789523809526;0.12;0.12020333333333341
0.5;0.5040400000000015;0.44;0.3945066666666672;0.38;0.32976000000000016
0.48;0.45425960173160174;0.14;0.1597074199134199;0.2;0.18190262337662338
0.24;0.24867266666666732;0.44;0.41458333333333364;0.26;0.25687999999999966
0.28;0.29446000000000067;0.44;0.4494799999999997;0.12;0.14615999999999998
0.12;0.12335999999999994;0.46;0.4650199999999985;0.32;0.32508000000000054
0.22;0.2201200000000006;0.64;0.6429599999999985;0.24;0.2299199999999999
0.6;0.6257599999999993;0.18;0.1626400000000001;0.24;0.23831999999999978
0.78;0.7752799999999994;0.14;0.1607600000000001;0.48;0.4485199999999997
0.1;0.11079999999999998;0.88;0.8345799999999962;0.5;0.4803199999999981
0.46;0.46883999999999815;0.34;0.33960000000000007;0.34;0.39111999999999947
0.18;0.19587031722525888;0.22;0.20140812137862177;0.12;0.14197069290513403
0.42;0.41908733333333276;0.46;0.4947413333333335;0.34;0.34204000000000023
0.52;0.5231178398268416;0.12;0.11704505627705623;0.26;0.2509707142857141
0.3;0.29872000000000143;0.64;0.6392800000000004;0.42;0.39899999999999924
0.26;0.2620399999999998;0.54;0.5220400000000003;0.4;0.38052
0.44;0.45270666666666465;0.52;0.45406000000000035;0.22;0.20296000000000008
0.26;0.2781466666666673;0.62;0.6346599999999996;0.1;0.10884
0.12;0.1301199999999999;0.7;0.7267399999999995;0.22;0.22575999999999974
0.56;0.5585466666666676;0.32;0.36362666666666693;0.42;0.4155600000000005
0.44;0.38962394504188663;0.1;0.14072683112965456;0.12;0.16759612021312012
0.1;0.10967999999999999;0.8;0.8053999999999987;0.46;0.4466800000000005
0.14;0.14906646153846137;0.66;0.6853214358974348;0.38;0.4028092307692314
0.36;0.3633440000000017;0.26;0.27057600000000004;0.32;0.29344000000000003
0.4;0.4005100000000011;0.56;0.4492100000000006;0.28;0.2412799999999998
0.52;0.5133898253968274;0.32;0.3687504603174603;0.12;0.11784831746031751
0.36;0.34592000000000084;0.6;0.5495200000000002;0.16;0.12902666666666673
0.74;0.7423866666666651;0.14;0.1901866666666671;0.12;0.1211866666666667
0.52;0.5227400000000024;0.4;0.3785066666666667;0.48;0.4657399999999992
0.7;0.7025599999999985;0.28;0.23344000000000034;0.48;0.47875999999999885
0.22;0.2085600000000004;0.36;0.3868800000000014;0.42;0.4136000000000002
0.3;0.29858888888889024;0.68;0.6104066666666667;0.48;0.441364444444444
0.58;0.5809200000000003;0.32;0.32796000000000036;0.46;0.46699999999999964
0.24;0.2560800000000002;0.5;0.5008799999999997;0.22;0.23976000000000014
0.56;0.5554666666666676;0.34;0.3721400000000001;0.38;0.38384000000000007
0.48;0.4686933333333314;0.26;0.322546666666667;0.1;0.14970999999999993
0.64;0.6374799999999974;0.18;0.23888000000000037;0.34;0.3028000000000002
0.14;0.1335999999999999;0.38;0.3949600000000016;0.48;0.4675599999999984
0.36;0.36006533333333435;0.16;0.16727400000000014;0.36;0.3186133333333333
0.26;0.2796845873015876;0.26;0.22348200721500763;0.1;0.14705080952380944
0.1;0.11255999999999997;0.74;0.7924799999999995;0.22;0.22083999999999965
0.28;0.27808000000000005;0.22;0.23268000000000053;0.32;0.3025200000000002
0.64;0.632319999999999;0.18;0.27081333333333374;0.14;0.12604000000000015
0.44;0.39306240696450506;0.1;0.13759774450034187;0.1;0.14838392145921708
0.44;0.43533066666666526;0.14;0.1388983333333332;0.3;0.3085150000000003
0.16;0.14194666666666655;0.3;0.3368366666666672;0.2;0.15471999999999994
0.3;0.4109599999999989;0.48;0.3802999999999991;0.48;0.3860799999999998
0.48;0.46914499999999804;0.1;0.11993999999999995;0.42;0.3691199999999994
0.46;0.46054999999999824;0.32;0.389373333333333;0.16;0.20139999999999997
0.12;0.12375999999999994;0.66;0.657599999999999;0.46;0.46727999999999953
0.26;0.24080142857142905;0.1;0.1227723809523809;0.46;0.3669999999999997
0.28;0.27643999999999963;0.36;0.36277000000000137;0.46;0.4509599999999997
0.38;0.36334070071461927;0.12;0.13028490649938174;0.14;0.16194111274953082
0.18;0.1741838590584165;0.14;0.14159840257821357;0.18;0.18902897809927777
0.48;0.49795192481203;0.16;0.14342468170426054;0.12;0.15829702756892233
0.58;0.5805647878787874;0.12;0.12178219047619042;0.16;0.18694648484848475
0.56;0.56336;0.24;0.26144000000000045;0.24;0.23899999999999996
0.18;0.1787211522220812;0.12;0.13866507595780955;0.32;0.1928430195940746
0.4;0.38792000000000204;0.3;0.3480400000000005;0.3;0.3312000000000006
0.54;0.4925217343358411;0.1;0.1390484436090225;0.1;0.13100626566416046
0.6;0.6110699999999987;0.28;0.297736666666667;0.12;0.1235200000000001
0.76;0.7638399999999996;0.14;0.1636000000000001;0.26;0.2694
0.2;0.1913700000000003;0.28;0.2958566666666671;0.16;0.14623999999999998
0.3;0.3065800000000004;0.2;0.18896000000000032;0.32;0.33460000000000023
0.4;0.43571999999999944;0.26;0.2324800000000006;0.16;0.17391999999999985
0.82;0.8137199999999984;0.12;0.1333199999999999;0.48;0.47091999999999956
0.46;0.46043921212121003;0.52;0.44875860606060597;0.32;0.3344346666666666
0.56;0.5607733333333343;0.34;0.34368000000000054;0.44;0.44864
0.1;0.11257999999999997;0.82;0.8015699999999989;0.26;0.2437999999999998
0.32;0.32000000000000056;0.22;0.22498000000000065;0.3;0.2847999999999999
0.68;0.6788866666666655;0.18;0.21885333333333387;0.2;0.1982000000000001
0.34;0.3309600000000002;0.46;0.43945999999999996;0.22;0.18812000000000006
0.12;0.12024999999999995;0.86;0.7900795238095233;0.38;0.3605599999999989
0.68;0.6796799999999992;0.3;0.2248800000000005;0.3;0.30008
0.12;0.11815999999999995;0.32;0.31576;0.32;0.3162399999999995
0.16;0.16479324591964584;0.14;0.12100739638190924;0.1;0.22263003248266902
0.5;0.48996666666666633;0.2;0.20488000000000053;0.36;0.35131999999999963
0.58;0.5780799999999998;0.18;0.18292000000000055;0.32;0.30775999999999926
0.44;0.4402599999999982;0.14;0.1323199999999999;0.42;0.44243999999999967
0.48;0.47174666666666487;0.1;0.10875999999999998;0.38;0.36572
0.66;0.6626800000000007;0.3;0.24036000000000046;0.26;0.2759599999999998
0.42;0.41227999999999954;0.16;0.15536000000000005;0.5;0.47751999999999856
0.44;0.4408799999999995;0.28;0.33584000000000025;0.1;0.12436000000000007
0.38;0.38258666666666785;0.12;0.12447999999999992;0.42;0.39031999999999967
0.1;0.11882999999999995;0.3;0.2914700000000002;0.22;0.22076
0.1;0.12367999999999994;0.7;0.7187599999999981;0.22;0.22731999999999997
0.58;0.5804400000000006;0.22;0.25792000000000037;0.24;0.2684000000000001
0.52;0.5186800000000025;0.38;0.37264000000000064;0.34;0.3187200000000002
0.38;0.37604000000000204;0.46;0.4845999999999997;0.44;0.42635999999999985
0.28;0.28247999999999984;0.3;0.2923066666666667;0.28;0.29852000000000034
0.1;0.11307999999999997;0.8;0.761539999999998;0.14;0.12696000000000013
0.14;0.14305799999999988;0.72;0.7356033333333319;0.3;0.3004666666666667
0.44;0.4444957901438077;0.16;0.1502006041887248;0.2;0.2008310809108333
0.7;0.7010399999999989;0.22;0.24240000000000048;0.32;0.32692000000000054
0.6;0.6005199999999985;0.34;0.3233600000000005;0.44;0.43584000000000056
0.12;0.12881333333333325;0.76;0.7281899999999993;0.28;0.26455999999999996
0.3;0.29867555555555686;0.6;0.5820200000000005;0.5;0.4643377777777772
0.1;0.10871999999999998;0.4;0.41416000000000003;0.26;0.2460400000000001
0.7;0.7198399999999975;0.14;0.12027999999999993;0.14;0.18440000000000017
0.44;0.4500465454545432;0.46;0.4156607272727277;0.46;0.43482000000000004
0.6;0.5848;0.24;0.30944000000000055;0.32;0.30580000000000007
0.56;0.5656533333333342;0.36;0.35444000000000025;0.42;0.4286
0.14;0.1343599999999999;0.46;0.4678799999999985;0.46;0.4453200000000006
0.66;0.6656800000000008;0.26;0.28312000000000054;0.3;0.30248000000000014
0.82;0.7971199999999994;0.16;0.15392;0.32;0.3187600000000004
0.36;0.3493100000000009;0.34;0.37161000000000016;0.2;0.20987999999999998
0.24;0.23628000000000074;0.58;0.5573333333333333;0.24;0.20860000000000012
0.54;0.5395493333333347;0.18;0.18361333333333352;0.46;0.4661599999999996
0.3;0.30666214285714366;0.16;0.1576204761904762;0.28;0.29033000000000053
0.22;0.20598746685379674;0.14;0.143522931561373;0.1;0.15925113744614763
0.14;0.1386399999999999;0.4;0.4092800000000004;0.42;0.42308000000000145
0.4;0.4017898095238102;0.46;0.5204185714285721;0.1;0.11696000000000006
0.12;0.11879999999999995;0.82;0.7744399999999974;0.1;0.10532
0.44;0.4390399999999981;0.34;0.32427999999999985;0.34;0.2977599999999999
0.1;0.10831999999999997;0.42;0.42251999999999945;0.4;0.4067600000000008
0.68;0.6774066666666672;0.22;0.22070000000000042;0.12;0.11728000000000008
0.66;0.6568799999999996;0.22;0.24280000000000065;0.32;0.3181600000000003
0.24;0.23970666666666768;0.42;0.4278399999999991;0.42;0.45507999999999943
0.18;0.17272000000000023;0.78;0.5597199999999998;0.4;0.26651999999999987
0.24;0.23438396725204666;0.14;0.15412389966466283;0.24;0.17910980422501477
0.66;0.6571600000000006;0.2;0.24068000000000067;0.2;0.19784000000000015
0.18;0.1715140952380954;0.66;0.7035093333333312;0.36;0.3629519999999994
0.28;0.3327399047619044;0.48;0.46737371428571456;0.16;0.21405999999999997
0.24;0.24434363636363707;0.52;0.5215557575757584;0.38;0.3924872727272729
0.2;0.19808000000000048;0.42;0.4586799999999999;0.16;0.16839999999999997
0.24;0.24545000000000064;0.7;0.645766555555555;0.48;0.4408903333333324
0.46;0.45785866666666436;0.38;0.4376033333333342;0.14;0.14521166666666666
0.6;0.6002799999999989;0.26;0.24564000000000044;0.46;0.4629999999999992
0.1;0.11432999999999997;0.62;0.6132099999999988;0.44;0.45755999999999963
0.24;0.24092000000000083;0.42;0.4195999999999998;0.46;0.45783999999999947
0.14;0.14083999999999988;0.48;0.47095999999999955;0.36;0.3582799999999995
0.42;0.41287999999999997;0.38;0.38514285714285795;0.3;0.26359999999999956
0.12;0.15291832765926877;0.2;0.17633032699490075;0.16;0.15858782686920914
0.36;0.3643600000000014;0.18;0.17743000000000028;0.34;0.3298000000000004
0.26;0.26091200000000014;0.62;0.5953399999999991;0.32;0.29578400000000016
0.44;0.4447499999999982;0.38;0.3627000000000005;0.42;0.4229199999999995
0.44;0.4510179421668118;0.14;0.13347150590585877;0.14;0.14346035345813607
0.2;0.20252000000000037;0.2;0.1954800000000003;0.32;0.35404
0.48;0.4698754285714272;0.28;0.32450685714285743;0.1;0.11559142857142864
0.16;0.16920000000000016;0.24;0.22276000000000032;0.3;0.3572000000000006
0.74;0.7475599999999986;0.2;0.18405333333333357;0.2;0.22328000000000015
0.34;0.356400000000001;0.48;0.5015999999999993;0.26;0.2943999999999999
0.14;0.1408799999999999;0.24;0.24160000000000045;0.34;0.34691999999999956
0.28;0.28041999999999995;0.36;0.422086666666668;0.22;0.25612
0.66;0.6578799999999984;0.26;0.24512000000000064;0.32;0.32864000000000076
0.22;0.21808000000000058;0.64;0.6699599999999986;0.2;0.2044399999999998
0.38;0.3785428571428589;0.22;0.22037714285714352;0.26;0.2611199999999998
0.3;0.29640000000000066;0.26;0.26406666666666706;0.34;0.3353199999999999
0.18;0.17189133333333348;0.76;0.7157906666666651;0.46;0.4466800000000001
0.32;0.31953333333333406;0.44;0.4467766666666662;0.38;0.38854666666666693
0.12;0.13519999999999988;0.38;0.3523600000000012;0.34;0.3507199999999999
0.38;0.38736000000000165;0.16;0.14775999999999986;0.38;0.41876000000000013
0.16;0.15267999999999993;0.46;0.47157999999999917;0.4;0.41392000000000095
0.2;0.19261853494513778;0.16;0.1805862364378315;0.24;0.16293632337889144
0.2;0.19577333333333374;0.6;0.59024;0.2;0.19392000000000004
0.42;0.41859999999999964;0.38;0.40052000000000065;0.32;0.32504
0.26;0.25903999999999994;0.48;0.4739999999999996;0.46;0.4506399999999998
0.18;0.17718666666666694;0.48;0.5126800000000004;0.22;0.2412
0.62;0.6066799999999979;0.12;0.12535999999999994;0.44;0.40927999999999926
0.46;0.4623999999999983;0.36;0.3784400000000006;0.42;0.4353199999999994
0.24;0.2534800000000005;0.52;0.5100000000000012;0.4;0.41851999999999984
0.38;0.39456533333333477;0.58;0.5241973333333331;0.32;0.3678800000000001
0.1;0.12715999999999994;0.62;0.6313599999999995;0.2;0.20551999999999992
0.58;0.5787600000000005;0.18;0.1825200000000005;0.3;0.28883999999999915
0.36;0.3786871428571441;0.22;0.2019649047619051;0.12;0.14979580952380947
0.6;0.5935933333333329;0.36;0.28408000000000044;0.14;0.14232000000000003
0.3;0.29162400000000055;0.56;0.5687759999999997;0.26;0.2436399999999998
0.26;0.2552000000000001;0.38;0.39316000000000123;0.46;0.47555999999999904
0.78;0.7838799999999987;0.16;0.15319999999999992;0.42;0.45591999999999977
0.12;0.12223999999999995;0.62;0.6161599999999989;0.42;0.4134000000000005
0.16;0.1605600000000001;0.54;0.5288400000000014;0.48;0.44083999999999984
0.4;0.40428000000000025;0.18;0.18347200000000036;0.32;0.30331999999999976
0.22;0.21316000000000038;0.48;0.47664000000000006;0.48;0.4600399999999995
0.12;0.11479999999999996;0.46;0.47131999999999824;0.42;0.42624000000000156
0.34;0.3372400000000005;0.18;0.1796400000000003;0.42;0.4128399999999993
0.62;0.6372386666666663;0.34;0.28182933333333404;0.1;0.10844000000000001
0.12;0.12247999999999994;0.52;0.5309600000000011;0.2;0.20871999999999988
0.64;0.6396799999999987;0.24;0.27964000000000044;0.46;0.4529199999999996
0.54;0.541326666666668;0.4;0.38708000000000015;0.48;0.46945999999999855
0.3;0.3231200000000004;0.48;0.5045199999999995;0.12;0.14127999999999996
0.36;0.34328000000000086;0.58;0.5486799999999993;0.26;0.23671999999999996
0.56;0.5921600000000007;0.2;0.1739200000000001;0.22;0.2210399999999999
0.76;0.7660399999999997;0.18;0.15856000000000003;0.24;0.2636399999999998
0.28;0.2854980000000001;0.42;0.501068666666667;0.1;0.13408800000000004
0.28;0.2874966666666672;0.5;0.5071119047619054;0.18;0.18305523809523802
0.38;0.379800000000002;0.3;0.32315000000000094;0.48;0.43888
0.44;0.44204930158729966;0.44;0.4556372698412702;0.44;0.42066914285714285
0.3;0.2936985476190477;0.22;0.21484221428571484;0.1;0.16022166666666662
0.18;0.17820500000000006;0.62;0.6575749999999991;0.34;0.3599199999999997
0.34;0.34732000000000096;0.62;0.5497599999999996;0.34;0.3029999999999999
0.44;0.4469097619047603;0.14;0.13468380952380943;0.26;0.27946928571428564
0.2;0.2023600000000003;0.6;0.6190799999999993;0.34;0.3533199999999999
0.2;0.19983400000000065;0.74;0.6600679999999992;0.46;0.43169666666666684
0.6;0.6019999999999993;0.38;0.31648000000000026;0.5;0.48635999999999857
0.58;0.5803928888888895;0.14;0.13745649206349198;0.2;0.19503533333333328
0.24;0.23388000000000086;0.26;0.2694000000000006;0.46;0.452599999999999
0.6;0.6015199999999985;0.3;0.32064000000000065;0.44;0.4362800000000012
0.24;0.23312000000000094;0.2;0.20780000000000026;0.44;0.42723999999999923
0.18;0.19108000000000033;0.64;0.6917199999999988;0.1;0.10704
0.26;0.2623066666666665;0.62;0.5978666666666668;0.42;0.4046399999999998
0.12;0.13215999999999992;0.58;0.6115999999999999;0.1;0.11396000000000003
0.16;0.15409599999999993;0.24;0.23219600000000054;0.2;0.241336
0.12;0.12226999999999995;0.14;0.13040999999999991;0.28;0.35514000000000007
0.3;0.25582971164462454;0.1;0.12857737978159045;0.12;0.17769963641300307
0.54;0.5358000000000017;0.18;0.1777200000000001;0.26;0.2818399999999993
0.56;0.5698000000000008;0.38;0.33492000000000016;0.26;0.2732800000000001
0.24;0.262226666666667;0.52;0.5674999999999999;0.1;0.11724000000000005
0.5;0.4861921125541135;0.14;0.1442246406926406;0.14;0.1379398095238095
0.4;0.39854634415508217;0.16;0.15356987868399075;0.1;0.12634427123169237
0.56;0.553712000000001;0.34;0.3723420000000003;0.36;0.3919200000000001
0.72;0.7251999999999975;0.26;0.2194400000000005;0.28;0.3052800000000001
0.64;0.6570400000000012;0.16;0.14903999999999984;0.36;0.37672000000000055
0.28;0.2774299999999998;0.38;0.39396500000000106;0.16;0.16436000000000003
0.5;0.49526000000000087;0.4;0.42632666666666663;0.44;0.43442000000000025
0.3;0.2967133333333339;0.36;0.4314000000000005;0.1;0.13208000000000003
0.74;0.7431299999999986;0.16;0.1688300000000002;0.32;0.32684000000000013
0.54;0.5468800000000013;0.36;0.36572000000000027;0.36;0.3443200000000003
0.72;0.7252199999999979;0.14;0.19228000000000045;0.2;0.19576000000000018
0.48;0.4869239999999993;0.42;0.42968666666666605;0.22;0.2133199999999999
0.38;0.383280000000002;0.14;0.13783999999999988;0.46;0.46575999999999934
0.78;0.7764799999999994;0.16;0.16472000000000012;0.24;0.2607600000000004
0.32;0.3198000000000005;0.56;0.5942;0.36;0.3656000000000001
0.14;0.1437072222222221;0.62;0.6229622222222218;0.26;0.25622
0.56;0.5684800000000004;0.32;0.3216933333333339;0.34;0.33468000000000037
0.56;0.5633700000000008;0.36;0.34920500000000054;0.3;0.31492000000000037
0.4;0.40445000000000075;0.58;0.5152600000000007;0.46;0.4464800000000002
0.26;0.2647599999999998;0.48;0.4999600000000009;0.36;0.4245600000000003
0.3;0.3030000000000013;0.66;0.6053199999999989;0.24;0.24432000000000018
0.16;0.15687999999999994;0.26;0.25828000000000023;0.36;0.37895999999999985
0.54;0.545200000000001;0.24;0.2560000000000005;0.44;0.42776
0.36;0.36302000000000123;0.28;0.27171999999999985;0.16;0.16543999999999998
0.8;0.7935999999999991;0.16;0.1424399999999999;0.48;0.47403999999999924
0.1;0.11783999999999994;0.7;0.7379466666666651;0.34;0.3592
0.64;0.6197199999999974;0.12;0.13351999999999992;0.38;0.3408399999999999
0.52;0.5119600000000021;0.28;0.29508000000000045;0.32;0.3350799999999999
0.24;0.23757818181818247;0.5;0.5215512727272726;0.12;0.12982909090909095
0.58;0.5847533333333337;0.14;0.1300159999999999;0.3;0.2685759999999995
0.28;0.2767999999999996;0.58;0.5841199999999999;0.3;0.28475999999999974
0.22;0.22435200000000063;0.54;0.5837680000000001;0.12;0.1384
0.26;0.2607200000000001;0.5;0.5234400000000002;0.22;0.24267999999999984
0.5;0.503250666666668;0.34;0.37388133333333406;0.24;0.2440799999999998
0.4;0.40268000000000087;0.36;0.36492000000000047;0.28;0.2705599999999998
0.16;0.19291511273905362;0.18;0.13793357700291176;0.1;0.15686181834446486
0.5;0.49516477777777873;0.4;0.4336367777777775;0.38;0.37742588888888784
0.72;0.7218399999999984;0.12;0.11687999999999997;0.28;0.31219999999999964
0.12;0.12535999999999994;0.58;0.5825999999999995;0.28;0.2893200000000002
0.42;0.41983599999999927;0.46;0.4718466666666664;0.44;0.41704000000000063
0.8;0.7980099999999988;0.12;0.14578999999999986;0.28;0.2787
0.36;0.36688000000000165;0.58;0.5444400000000009;0.38;0.4066399999999998
0.28;0.2826000000000002;0.56;0.5467866666666663;0.32;0.3074933333333334
0.68;0.6789399999999993;0.22;0.22749000000000036;0.32;0.3291200000000004
0.44;0.4344769094304378;0.52;0.4486727815126054;0.1;0.1099557843137255
0.1;0.11383999999999997;0.82;0.8141599999999984;0.22;0.21487999999999988
0.22;0.2215497484645179;0.12;0.11591588462983561;0.14;0.19294444356830115
0.34;0.33548000000000083;0.34;0.35100000000000087;0.46;0.48287999999999887
0.24;0.2086800000000005;0.34;0.38940000000000125;0.3;0.2709999999999999
0.54;0.5465600000000009;0.38;0.3752266666666672;0.44;0.4468
0.72;0.7079999999999977;0.1;0.11249999999999998;0.18;0.14099999999999996
0.54;0.5259600000000019;0.24;0.27830000000000066;0.28;0.2748400000000001
0.66;0.6665599999999999;0.32;0.2765200000000008;0.28;0.2979999999999999
0.34;0.3592400000000013;0.36;0.4219200000000007;0.12;0.18083999999999997
0.36;0.3722400000000016;0.42;0.3887200000000004;0.46;0.4417999999999994
0.2;0.1862400000000003;0.4;0.46277599999999963;0.18;0.21116000000000018
0.36;0.36066333333333384;0.52;0.5483433333333326;0.1;0.11732000000000005
0.18;0.18196000000000034;0.14;0.14815999999999988;0.4;0.3592400000000001
0.2;0.19844800000000046;0.48;0.48836000000000007;0.38;0.4204399999999996
0.12;0.12289999999999994;0.16;0.15693;0.34;0.3404800000000002
0.32;0.3137600000000008;0.22;0.22452000000000055;0.42;0.4123599999999996
0.34;0.33956000000000053;0.58;0.5801199999999987;0.3;0.31804000000000027
0.24;0.25337333333333356;0.48;0.5196533333333334;0.26;0.3204400000000001
0.62;0.6189599999999985;0.2;0.2563600000000002;0.26;0.24579999999999985
0.54;0.5426933333333345;0.34;0.3668533333333336;0.22;0.22423999999999986
0.16;0.14559999999999987;0.18;0.20284000000000052;0.44;0.4101999999999997
0.42;0.4375799999999985;0.2;0.19588000000000047;0.38;0.36847999999999975
0.18;0.1819040000000003;0.58;0.5642073333333336;0.26;0.2513599999999999
0.54;0.5543600000000004;0.34;0.30252000000000046;0.26;0.26028
0.28;0.2746666666666668;0.56;0.6127380952380955;0.12;0.1184000000000001
0.74;0.7529600000000003;0.24;0.17316000000000029;0.36;0.38728000000000024
0.4;0.40111000000000074;0.26;0.2532400000000005;0.3;0.32252000000000014
0.1;0.11615999999999996;0.76;0.7654799999999976;0.28;0.2622
0.14;0.14183999999999986;0.66;0.6909999999999988;0.16;0.15672000000000005
0.64;0.6453599999999992;0.28;0.28872000000000075;0.24;0.2485999999999998
0.66;0.6625199999999999;0.22;0.2355600000000005;0.16;0.16340000000000016
0.6;0.57032;0.16;0.1751000000000002;0.26;0.24500000000000002
0.26;0.25632446031746053;0.18;0.18474315873015906;0.28;0.26527780952380964
0.12;0.12387999999999995;0.5;0.4972;0.12;0.12312000000000015
0.3;0.29664000000000085;0.36;0.3733200000000008;0.38;0.3784799999999997
0.5;0.501464960372962;0.42;0.42394997047397;0.36;0.37613893939393955
0.16;0.1577732380952382;0.74;0.7642316190476178;0.36;0.3624342857142846
0.1;0.11043999999999998;0.88;0.8205199999999991;0.24;0.24267999999999973
0.56;0.5635400000000003;0.42;0.36356000000000055;0.36;0.3623600000000002
0.5;0.46036672222222247;0.12;0.15518992307692303;0.14;0.12540716849816858
0.22;0.2113200000000006;0.38;0.39972000000000063;0.26;0.25959999999999994
0.52;0.4666630303030302;0.1;0.11688797448165865;0.5;0.3375756618819778
0.12;0.12667999999999993;0.68;0.7495199999999983;0.14;0.15164000000000002
0.36;0.35124000000000083;0.32;0.3320800000000007;0.48;0.4370400000000002
0.1;0.12269999999999993;0.72;0.7080399999999978;0.5;0.47363999999999973
0.36;0.36280000000000134;0.48;0.4612399999999998;0.36;0.3535199999999997
0.1;0.12558999999999992;0.7;0.7063599999999983;0.46;0.4535599999999998
0.3;0.29620000000000074;0.24;0.24060000000000045;0.42;0.42343999999999865
0.36;0.36772000000000155;0.16;0.16116000000000014;0.44;0.41667999999999933
0.1;0.11689866666666662;0.88;0.7769013333333316;0.12;0.11624000000000008
0.12;0.12027999999999993;0.22;0.2313600000000006;0.46;0.4345999999999993
0.82;0.8104973333333327;0.12;0.1351369999999999;0.16;0.16859666666666667
0.7;0.7020399999999991;0.22;0.2397200000000003;0.36;0.3569599999999997
0.46;0.4647257142857123;0.44;0.43038476190476205;0.48;0.45315428571428507
0.52;0.5356107878787895;0.32;0.33213618181818244;0.1;0.10731333333333333
0.12;0.12718857142857135;0.18;0.18618857142857168;0.36;0.33003999999999956
0.54;0.537410000000001;0.2;0.20281000000000035;0.44;0.4502399999999991
0.66;0.6548000000000019;0.22;0.26824000000000037;0.46;0.44912000000000046
0.34;0.3455320000000008;0.46;0.5247660000000004;0.12;0.13223200000000007
0.68;0.6985199999999993;0.22;0.21277733333333382;0.1;0.11460000000000006
0.66;0.6613600000000012;0.32;0.2611200000000007;0.22;0.22883999999999993
0.32;0.31186476190476264;0.46;0.5338847619047614;0.18;0.18556000000000009
0.58;0.5718400000000005;0.24;0.2658800000000003;0.22;0.2293599999999998
0.18;0.18366285714285738;0.6;0.5955542857142849;0.4;0.39996
0.36;0.3506400000000009;0.52;0.49189333333333346;0.22;0.19592
0.18;0.18144000000000027;0.46;0.4623999999999987;0.44;0.4657599999999992
0.12;0.11983999999999995;0.22;0.21276000000000045;0.42;0.44947999999999944
0.72;0.7166799999999965;0.2;0.2086400000000005;0.48;0.4770399999999981
0.48;0.47990399999999855;0.4;0.42937333333333383;0.46;0.4491599999999999
0.5;0.4929400000000004;0.18;0.1986000000000005;0.48;0.4240800000000009
0.6;0.5892742857142846;0.2;0.2601766666666673;0.1;0.10505142857142857
0.16;0.16980000000000017;0.54;0.5675199999999999;0.1;0.11056000000000002
0.18;0.17731374445391468;0.12;0.12844905967075926;0.26;0.22511432494036526
0.28;0.27468466666666647;0.36;0.3797826666666681;0.26;0.2720693333333334
0.18;0.1989600000000004;0.36;0.3278800000000003;0.4;0.42768000000000084
0.2;0.1984400000000007;0.54;0.5391600000000012;0.42;0.42403999999999964
0.38;0.38457600000000214;0.5;0.489308;0.36;0.3675199999999999
0.66;0.6543999999999998;0.28;0.2624800000000004;0.32;0.3316000000000003
0.1;0.11031999999999996;0.78;0.8113199999999998;0.22;0.21587999999999977
0.12;0.1577249277582321;0.2;0.15409605106367058;0.1;0.1946485308314873
0.36;0.3542400000000015;0.26;0.27807999999999966;0.48;0.4429600000000004
0.48;0.48147999999999846;0.5;0.42052000000000006;0.18;0.20195999999999978
0.52;0.5222177777777798;0.28;0.29600222222222267;0.22;0.20708000000000001
0.2;0.19060000000000035;0.42;0.42575999999999947;0.24;0.2509999999999999
0.46;0.45878666666666545;0.24;0.2359500000000002;0.1;0.11916000000000004
0.68;0.6808799999999987;0.26;0.24324000000000057;0.38;0.39039999999999947
0.26;0.2988399999999998;0.32;0.2847200000000008;0.38;0.3938400000000014
0.12;0.12547333333333327;0.82;0.7579299999999989;0.3;0.29579999999999984
0.1;0.11457999999999996;0.72;0.7402799999999977;0.12;0.1184800000000001
0.7;0.6992799999999987;0.26;0.21360000000000037;0.26;0.2803199999999998
0.18;0.18653333333333375;0.38;0.37924000000000163;0.5;0.47599999999999787
0.48;0.4759609523809501;0.22;0.2287752380952391;0.5;0.4664809523809515
0.44;0.43675999999999904;0.3;0.3024533333333339;0.4;0.3046399999999997
0.5;0.5023966666666685;0.42;0.41743333333333343;0.42;0.41425333333333353
0.74;0.767489365079364;0.24;0.16275050793650805;0.16;0.1975990476190476
0.78;0.7653999999999972;0.2;0.17592000000000035;0.12;0.20823999999999984
0.34;0.3300000000000005;0.5;0.5345199999999999;0.28;0.25588
0.72;0.697639999999999;0.1;0.12151999999999993;0.2;0.18264000000000014
0.22;0.22006400000000073;0.66;0.6367359999999994;0.42;0.38824000000000003
0.48;0.45663366666666566;0.18;0.19320828571428603;0.16;0.16066500000000006
0.68;0.67964;0.2;0.2216800000000003;0.28;0.2811199999999999
0.76;0.7853713333333333;0.22;0.15626666666666664;0.12;0.158608
0.1;0.10895599999999998;0.8;0.7887159999999989;0.36;0.3570799999999993
0.1;0.12232999999999994;0.58;0.5742499999999998;0.22;0.2247999999999999
0.22;0.2075600000000005;0.3;0.316426666666667;0.18;0.16016000000000008
0.42;0.4230148571428562;0.52;0.4979300952380958;0.4;0.37029999999999996
0.1;0.11795999999999994;0.38;0.36036000000000135;0.42;0.3981999999999998
0.2;0.18933000000000033;0.1;0.12574999999999995;0.48;0.3649
0.5;0.5022306666666687;0.48;0.4223679999999998;0.28;0.2653999999999998
0.62;0.6156399999999991;0.2;0.2815200000000004;0.2;0.18676000000000031
0.24;0.2405700000000007;0.4;0.45943666666666727;0.18;0.21856000000000017
0.18;0.18160000000000034;0.42;0.4231999999999999;0.34;0.33272000000000074
0.38;0.3812400000000017;0.24;0.23092000000000085;0.28;0.29828000000000027
0.3;0.2926966666666673;0.48;0.5082663333333336;0.24;0.23132800000000003
0.24;0.229760000000001;0.34;0.3708000000000013;0.36;0.3595199999999998
0.56;0.5743387878787873;0.32;0.2933798484848492;0.1;0.10719999999999999
0.62;0.6197199999999996;0.3;0.2688400000000002;0.32;0.3339600000000002
0.32;0.2901201641512826;0.1;0.12388668030667521;0.22;0.1630378608383734
0.26;0.2585595151515154;0.68;0.6278426060606054;0.18;0.16558909090909107
0.36;0.36352619047619195;0.5;0.5363090476190471;0.12;0.12269666666666679
0.18;0.18406858789928746;0.16;0.15141091408379703;0.12;0.16346489416706683
0.54;0.5420000000000014;0.34;0.3446400000000002;0.5;0.4656799999999989
0.56;0.5504618095238103;0.34;0.3436729523809527;0.12;0.13987428571428573
0.24;0.23460151515151598;0.68;0.6476589393939389;0.16;0.15286409090909087
0.16;0.15255999999999992;0.54;0.5537200000000012;0.28;0.2868400000000001
0.24;0.2397413333333343;0.58;0.546768666666667;0.48;0.3973599999999997
0.28;0.28532;0.5;0.47348999999999924;0.42;0.3956799999999999
0.6;0.5990399999999994;0.36;0.3255600000000005;0.38;0.3705999999999997
0.48;0.4778109523809523;0.22;0.21737714285714343;0.12;0.1289657142857143
0.14;0.15407999999999994;0.38;0.39421600000000157;0.36;0.3553999999999997
0.58;0.5704400000000003;0.2;0.25844000000000067;0.16;0.15303999999999998
0.46;0.4565919999999981;0.3;0.3407119999999999;0.12;0.13787999999999997
0.36;0.3623800000000014;0.36;0.47440333333333295;0.1;0.1406
0.44;0.4453199999999986;0.24;0.23612000000000058;0.2;0.19872000000000023
0.88;0.8302033333333321;0.1;0.1228266666666666;0.14;0.1408533333333333
0.42;0.41759999999999964;0.26;0.2523200000000002;0.26;0.2866399999999998
0.18;0.1744000000000002;0.28;0.29688000000000025;0.5;0.48067999999999883
0.44;0.4496799999999982;0.46;0.4689533333333337;0.44;0.45775999999999895
0.3;0.30010000000000053;0.46;0.5680000000000001;0.1;0.12056000000000008
0.52;0.5172957142857159;0.22;0.22177571428571466;0.34;0.3810742857142847
0.58;0.571620000000001;0.28;0.34910000000000035;0.38;0.40252
0.3;0.2980800000000011;0.62;0.61108;0.44;0.41039999999999976
0.18;0.17684000000000039;0.32;0.33276000000000044;0.24;0.22379999999999994
0.3;0.29484000000000055;0.42;0.4577599999999996;0.24;0.27175999999999967
0.32;0.32052666666666696;0.4;0.3936500000000003;0.36;0.3489300000000002
0.64;0.6679600000000028;0.16;0.1337599999999999;0.1;0.12864
0.42;0.4082600000000003;0.1;0.10829999999999998;0.46;0.41291999999999973
0.24;0.2436000000000005;0.32;0.3043600000000006;0.16;0.18596000000000013
0.38;0.3815933333333347;0.18;0.17862666666666677;0.42;0.41028000000000003
0.18;0.17356000000000021;0.66;0.6717893333333318;0.28;0.2691199999999999
0.52;0.5191600000000025;0.16;0.15435999999999997;0.42;0.43256000000000067
0.2;0.1964000000000003;0.4;0.4166133333333333;0.38;0.38675999999999916
0.2;0.1990000000000005;0.38;0.39412000000000064;0.26;0.2777599999999998
0.26;0.26055999999999996;0.46;0.4408133333333327;0.42;0.39363999999999966
0.58;0.578340000000001;0.1;0.10768285714285714;0.3;0.29052380952380924
0.28;0.28920000000000007;0.62;0.62612;0.34;0.3592399999999995
0.36;0.35524000000000094;0.46;0.4693866666666665;0.2;0.20850666666666667
0.14;0.13184399999999993;0.32;0.3323806666666672;0.14;0.12936
0.72;0.7173222222222192;0.18;0.2160133333333338;0.22;0.2267599999999998
0.58;0.576820000000001;0.1;0.10733999999999999;0.32;0.32813999999999977
0.32;0.31748000000000076;0.22;0.21292000000000053;0.38;0.40172000000000063
0.16;0.15379999999999996;0.64;0.6274133333333327;0.5;0.47031999999999885
0.5;0.46139746080441685;0.1;0.13286905400980162;0.16;0.15609847341839447
0.1;0.10768;0.82;0.831879999999998;0.34;0.3358400000000004
0.26;0.25008000000000036;0.22;0.24584000000000072;0.5;0.45031999999999933
0.22;0.21964000000000058;0.44;0.4721599999999998;0.26;0.30603999999999976
0.52;0.5105379976472819;0.1;0.11335057964257962;0.2;0.19529137898816143
0.68;0.6706799999999994;0.12;0.12583999999999992;0.28;0.29156000000000065
0.1;0.10915999999999998;0.48;0.4720399999999985;0.46;0.4824399999999983
0.62;0.6221066666666663;0.34;0.3114800000000001;0.42;0.4214000000000012
0.24;0.2384400000000009;0.48;0.4668399999999982;0.5;0.4570799999999994
0.14;0.13415999999999992;0.14;0.1635200000000002;0.48;0.42864000000000024
0.2;0.19632000000000047;0.48;0.47386666666666544;0.48;0.4448800000000001
0.22;0.22152000000000055;0.44;0.4457866666666655;0.44;0.46811999999999915
0.12;0.1383733333333332;0.66;0.7154199999999984;0.16;0.17092000000000027
0.56;0.5624133333333342;0.38;0.3186480000000002;0.44;0.4570399999999998
0.2;0.19523323529411796;0.12;0.13384882352941166;0.34;0.29641911764705875
0.22;0.2210881818181824;0.52;0.5360372727272729;0.12;0.12838909090909095
0.42;0.41667999999999955;0.18;0.18005600000000024;0.36;0.36180000000000023
0.14;0.1277999999999999;0.18;0.19888000000000025;0.42;0.3823600000000001
0.44;0.42450133333333245;0.22;0.22638933333333386;0.42;0.417439999999999
0.1;0.11147999999999997;0.42;0.4213599999999996;0.34;0.3379600000000006
0.32;0.32176800000000033;0.38;0.3889866666666673;0.38;0.3971199999999998
0.2;0.19060266666666686;0.7;0.6866866666666654;0.34;0.31824000000000024
0.32;0.321816666666667;0.5;0.49105500000000013;0.14;0.13545499999999994
0.5;0.49530000000000024;0.28;0.30492000000000063;0.26;0.26392000000000015
0.22;0.21132000000000054;0.52;0.5200400000000001;0.2;0.18332000000000018
0.52;0.5093450000000016;0.46;0.4209849999999997;0.42;0.4040650000000003
0.1;0.11615999999999996;0.24;0.20752000000000043;0.32;0.3759200000000002
0.72;0.717919999999997;0.26;0.22040000000000054;0.48;0.47923999999999883
0.34;0.3430266666666674;0.38;0.3947600000000005;0.3;0.3670800000000001
0.24;0.2456100000000004;0.28;0.2876466666666671;0.2;0.17395999999999998
0.18;0.1794700000000003;0.4;0.40492000000000045;0.42;0.4274000000000003
0.72;0.7260799999999971;0.12;0.11323999999999997;0.4;0.4365200000000005
0.6;0.5961199999999997;0.3;0.3375600000000008;0.34;0.3530000000000003
0.2;0.1992000000000004;0.24;0.24104000000000056;0.34;0.34476000000000007
0.1;0.10903999999999998;0.3;0.3135200000000001;0.46;0.42436000000000096
0.48;0.48835999999999957;0.34;0.3143666666666669;0.48;0.4845199999999993
0.46;0.5425779999999987;0.48;0.3706183333333335;0.1;0.12155500000000005
0.18;0.16991333333333344;0.74;0.7268799999999979;0.28;0.27247999999999994
0.66;0.6528400000000001;0.16;0.15612000000000006;0.46;0.4695199999999996
0.44;0.4387999999999984;0.38;0.4186133333333336;0.3;0.28655999999999976
0.3;0.29268000000000083;0.36;0.3741600000000015;0.46;0.45179999999999987
0.18;0.16952000000000017;0.24;0.25900000000000023;0.36;0.3377600000000005
0.18;0.18940000000000043;0.46;0.44045999999999935;0.24;0.2450799999999999
0.36;0.3616400000000011;0.54;0.5236800000000003;0.32;0.2759199999999997
0.12;0.11964333333333327;0.86;0.7990961904761902;0.36;0.3564399999999995
0.64;0.6410799999999985;0.32;0.2813200000000004;0.46;0.46343999999999924
0.32;0.30611975348043763;0.12;0.13769871952608784;0.32;0.2879960898867217
0.52;0.47127474862719004;0.1;0.1397356789485024;0.24;0.15860093206793208
0.36;0.3661600000000014;0.56;0.5261200000000006;0.38;0.4021599999999996
0.16;0.15547999999999998;0.66;0.7143699999999985;0.14;0.13936000000000012
0.42;0.4284099999999991;0.42;0.386663333333334;0.46;0.4391200000000003
0.22;0.22444338345641351;0.22;0.19757015189712285;0.1;0.1962813057040998
0.34;0.3518800000000008;0.58;0.5447199999999995;0.32;0.31531999999999993
0.46;0.4651599999999989;0.34;0.32004000000000044;0.36;0.27907999999999994
0.28;0.29345621504855185;0.16;0.14803584849248472;0.14;0.1723401127156811
0.14;0.1331199999999999;0.24;0.2503600000000005;0.46;0.4511200000000004
0.4;0.39513000000000137;0.3;0.3204899999999998;0.28;0.2616400000000002
0.32;0.31244000000000105;0.66;0.6009599999999992;0.5;0.4219199999999989
0.1;0.11643999999999996;0.22;0.18856000000000045;0.38;0.4158400000000002
0.28;0.28200171428571436;0.4;0.4482542857142865;0.12;0.15205999999999992
0.38;0.37972000000000194;0.46;0.4771599999999995;0.26;0.2484399999999999
0.1;0.11531999999999996;0.84;0.7765999999999986;0.1;0.1106
0.74;0.7505600000000007;0.24;0.18580000000000035;0.44;0.47123999999999916
0.2;0.21280000000000035;0.34;0.31864000000000064;0.4;0.41940000000000077
0.24;0.25130084848484874;0.56;0.6063436363636351;0.28;0.31704484848484826
0.36;0.3370059444295857;0.12;0.14468410401585213;0.26;0.2265663565451838
0.58;0.5780000000000003;0.36;0.3258000000000006;0.2;0.20887999999999987
0.22;0.2183200000000005;0.38;0.3745600000000014;0.5;0.48111999999999855
0.36;0.38243617552399545;0.16;0.14760403723881885;0.16;0.18499843002577063
0.1;0.12159999999999994;0.78;0.7534399999999987;0.2;0.17596000000000028
0.66;0.6578800000000007;0.18;0.22932000000000038;0.2;0.19696000000000008
0.32;0.3165493333333342;0.56;0.5627919999999998;0.44;0.42035999999999996
0.48;0.47599999999999837;0.16;0.15423999999999993;0.28;0.2877200000000005
0.2;0.20257333333333358;0.3;0.28572000000000014;0.12;0.14655999999999997
0.78;0.7797761941391947;0.14;0.1505240695970695;0.14;0.15728269230769226
0.3;0.30152666666666794;0.44;0.45716666666666544;0.32;0.40533333333333277
0.28;0.28459999999999996;0.46;0.44869333333333233;0.48;0.4503600000000005
0.18;0.15999133333333335;0.24;0.26166066666666726;0.22;0.21860000000000018
0.2;0.18948000000000026;0.36;0.3927600000000012;0.3;0.29003999999999974
0.4;0.40630000000000055;0.56;0.49046000000000023;0.24;0.22619999999999996
0.12;0.11911999999999995;0.34;0.3322800000000003;0.46;0.47927999999999854
0.14;0.13619999999999988;0.38;0.5553599999999989;0.12;0.1699599999999996
0.36;0.3651600000000013;0.36;0.4309199999999996;0.2;0.27676
0.26;0.2638399999999998;0.5;0.48524000000000006;0.48;0.4570800000000002
0.28;0.28341809523809564;0.52;0.5406209523809519;0.14;0.1470609523809523
0.2;0.2048800000000004;0.18;0.1783600000000003;0.38;0.38851999999999987
0.58;0.5757500000000007;0.36;0.35345600000000077;0.44;0.4475600000000002
0.3;0.29435306419689733;0.12;0.12679301866485762;0.14;0.16619020386665267
0.3;0.2913733333333337;0.38;0.4100000000000006;0.1;0.11856000000000007
0.4;0.40160000000000085;0.44;0.46528;0.32;0.30276
0.26;0.27679023675052183;0.14;0.13489187252668206;0.24;0.20226754130424104
0.12;0.12707999999999994;0.46;0.4663599999999991;0.22;0.21656000000000003
0.38;0.3711200000000012;0.12;0.13822177777777767;0.36;0.25682666666666687
0.26;0.2566800000000002;0.38;0.3825200000000014;0.48;0.4632799999999996
0.2;0.20010000000000033;0.26;0.2567546666666674;0.18;0.1988
0.24;0.2369032194211025;0.1;0.1136478394024276;0.42;0.3397731652661062
0.56;0.5642800000000008;0.36;0.3739200000000004;0.5;0.47463999999999834
0.24;0.21336695975818226;0.1;0.12207166471430596;0.14;0.17012029468903228
0.36;0.35916000000000076;0.56;0.5439999999999997;0.32;0.32344
0.12;0.11759999999999997;0.18;0.19116000000000033;0.46;0.4123200000000001
0.32;0.31374142857142945;0.6;0.5405850000000013;0.16;0.14992499999999995
0.28;0.2772133333333335;0.3;0.29836000000000046;0.44;0.44483999999999996
0.3;0.33348000000000044;0.58;0.50888;0.34;0.3248000000000001
0.1;0.10630560317460315;0.12;0.10694546031746029;0.14;0.24905061904761908
0.4;0.4089733333333337;0.42;0.3751466666666674;0.42;0.3749199999999998
0.34;0.331958783549784;0.2;0.1962895259740264;0.1;0.15583595670995673
0.62;0.6187999999999985;0.24;0.2723200000000002;0.2;0.20579999999999998
0.28;0.2827899999999999;0.44;0.4701166666666664;0.26;0.3221233333333334
0.74;0.7348399999999988;0.1;0.11167999999999997;0.16;0.1464
0.44;0.4392311111111092;0.44;0.4714572222222227;0.14;0.15406666666666666
0.24;0.2369200000000009;0.6;0.6129200000000005;0.22;0.2151599999999998
0.5;0.5008800000000021;0.14;0.14151999999999987;0.5;0.472759999999999
0.2;0.20231333333333368;0.78;0.6895199999999988;0.3;0.30004000000000003
0.16;0.15429999999999994;0.78;0.7528999999999991;0.18;0.1814000000000004
0.7;0.6909199999999993;0.1;0.11035999999999996;0.5;0.47419999999999823
0.66;0.6562000000000001;0.22;0.25996000000000025;0.5;0.4821999999999985
0.3;0.29234666666666753;0.6;0.5553866666666668;0.14;0.12404000000000008
0.16;0.15375999999999992;0.52;0.5304400000000008;0.18;0.17280000000000023
0.5;0.462569867165513;0.1;0.1327186019601313;0.18;0.14484970263070265
0.28;0.2839079999999998;0.44;0.4500559999999989;0.4;0.4145599999999998
0.28;0.33316000000000023;0.58;0.5692999999999989;0.1;0.11636000000000002
0.5;0.49747700000000145;0.4;0.43000433333333254;0.4;0.3934549999999998
0.62;0.6259566666666652;0.34;0.27159000000000033;0.12;0.13004000000000004
0.36;0.356960000000001;0.4;0.41136;0.24;0.24360000000000004
0.56;0.5889168531468528;0.16;0.13492977855477847;0.1;0.1625354397824398
0.5;0.5020000000000011;0.3;0.3068800000000005;0.36;0.34776000000000035
0.56;0.5638000000000006;0.32;0.2944800000000002;0.5;0.4785599999999988
0.2;0.1861200000000003;0.24;0.26880000000000015;0.48;0.4408800000000004
0.6;0.5895488888888887;0.2;0.27802400000000055;0.12;0.1200800000000001
0.18;0.1686307771945972;0.1;0.11828658270707358;0.22;0.19622144691859433
0.46;0.46119047619047426;0.4;0.4061447619047626;0.3;0.2729199999999998
0.48;0.48724352380952274;0.42;0.43513561904761855;0.32;0.33359366666666745
0.32;0.31584000000000056;0.34;0.3656100000000006;0.12;0.13972000000000004
0.14;0.13455999999999987;0.84;0.802079999999998;0.34;0.34284000000000037
0.5;0.49283999999999945;0.24;0.3125600000000006;0.3;0.28587999999999997
0.24;0.23828800000000105;0.72;0.6510519999999997;0.46;0.42372
0.86;0.8154933333333328;0.1;0.13360499999999992;0.3;0.1795999999999999
0.36;0.36883333333333485;0.18;0.17074666666666688;0.36;0.3697199999999993
0.68;0.6572799999999995;0.1;0.12263999999999993;0.24;0.18336000000000033
0.2;0.1919200000000004;0.4;0.4206799999999998;0.42;0.4305600000000007
0.88;0.8250199999999989;0.1;0.12649999999999992;0.42;0.21495999999999996
0.26;0.25899333333333346;0.66;0.5810933333333334;0.22;0.19202666666666657
0.12;0.12623333333333325;0.78;0.7585066666666657;0.18;0.17976000000000036
0.1;0.11898571428571422;0.16;0.14637714285714273;0.32;0.29650000000000015
0.14;0.12663999999999992;0.18;0.19496000000000044;0.48;0.45719999999999955
0.34;0.3328400000000003;0.2;0.20956000000000044;0.4;0.37344000000000005
0.46;0.4631599999999975;0.14;0.13767999999999989;0.36;0.36252
0.42;0.4052933968253967;0.1;0.11389019017094014;0.24;0.25320566819291823
0.66;0.6514000000000028;0.1;0.1074;0.38;0.3556000000000002
0.26;0.26246319480519503;0.16;0.15274926540126535;0.12;0.15527591608391605
0.3;0.30384000000000144;0.3;0.3071200000000006;0.46;0.43708000000000097
0.46;0.46411999999999787;0.48;0.43524000000000024;0.2;0.19968000000000002
0.12;0.12659599999999993;0.1;0.11594799999999995;0.34;0.264528
0.4;0.3947381818181834;0.46;0.506336727272728;0.48;0.4356559999999997
0.28;0.28331987878787873;0.14;0.12758842424242417;0.3;0.3668631515151518
0.34;0.3418400000000007;0.62;0.5366366666666663;0.14;0.13023
0.62;0.6023069195249199;0.1;0.11758921145521141;0.12;0.15771123054723057
0.42;0.4318971428571414;0.5;0.48644285714285757;0.3;0.3402971428571432
0.2;0.20013000000000059;0.66;0.725327142857141;0.4;0.4178142857142869
0.3;0.30157000000000145;0.66;0.5922299999999997;0.42;0.40608000000000055
0.14;0.1367999999999999;0.4;0.43076000000000036;0.24;0.25972000000000023
0.26;0.25923999999999997;0.58;0.5853299999999997;0.26;0.24648000000000003
0.76;0.7385233333333318;0.2;0.18491333333333365;0.14;0.13084
0.32;0.3264800000000002;0.42;0.39828000000000036;0.48;0.44508000000000025
0.4;0.402400000000001;0.4;0.3816600000000007;0.38;0.36987999999999976
0.18;0.18326000000000042;0.32;0.31994666666666677;0.16;0.16548000000000013
0.52;0.5379028571428588;0.16;0.14507399999999987;0.12;0.14487999999999995
0.7;0.7213199999999989;0.14;0.12119999999999993;0.18;0.21536000000000016
0.64;0.6451999999999984;0.26;0.26686666666666725;0.2;0.2046799999999999
0.48;0.46971999999999803;0.14;0.14847999999999983;0.48;0.4596399999999994
0.34;0.34124000000000076;0.4;0.40920000000000045;0.14;0.15635999999999997
0.72;0.7176399999999974;0.12;0.12375999999999994;0.46;0.4337599999999998
0.38;0.3763937159796734;0.12;0.12240941714436454;0.26;0.22747867886227163
0.72;0.7117599999999982;0.14;0.20102000000000037;0.22;0.19615999999999995
0.56;0.566453333333334;0.32;0.310666666666667;0.24;0.25463999999999987
0.48;0.49052000000000096;0.18;0.17734000000000028;0.2;0.2049599999999998
0.68;0.7020399999999987;0.3;0.23000000000000054;0.22;0.25904000000000016
0.46;0.43850807326007196;0.1;0.11459973626373623;0.2;0.24726296703296707
0.32;0.3383600000000005;0.48;0.4472399999999983;0.38;0.4233599999999992
0.3;0.3058800000000006;0.16;0.16052;0.42;0.41527999999999976
0.6;0.5968799999999981;0.18;0.1824400000000001;0.48;0.44891999999999993
0.18;0.18512000000000048;0.32;0.30424000000000034;0.26;0.2782400000000004
0.22;0.2201600000000007;0.22;0.21442666666666715;0.28;0.29192000000000035
0.56;0.5606000000000009;0.12;0.11931999999999995;0.34;0.3364800000000003
0.24;0.2483200000000005;0.5;0.5641999999999995;0.1;0.11748000000000007
0.88;0.83540222222222;0.1;0.12212055555555548;0.38;0.27512
0.28;0.2802039999999998;0.62;0.5429899999999998;0.26;0.2249199999999998
0.7;0.6969599999999988;0.22;0.2339600000000003;0.42;0.43288000000000065
0.56;0.5538700000000002;0.22;0.2896900000000007;0.26;0.2564400000000001
0.1;0.11043999999999998;0.2;0.1990000000000004;0.5;0.4587599999999993
0.2;0.19416000000000044;0.44;0.43799999999999945;0.26;0.2677999999999998
0.68;0.6767199999999989;0.3;0.26044000000000056;0.48;0.4800399999999991
0.14;0.13992095238095226;0.84;0.7217047619047606;0.26;0.26183999999999974
0.16;0.15119999999999992;0.38;0.40660000000000074;0.24;0.24123999999999973
0.1;0.12487999999999995;0.54;0.5057600000000009;0.34;0.35551999999999995
0.8;0.7895899999999996;0.16;0.1509733333333332;0.26;0.22543999999999992
0.32;0.307845333333334;0.66;0.5445066666666663;0.28;0.21527733333333324
0.48;0.48131685714285544;0.46;0.4462491428571426;0.44;0.4327571428571432
0.4;0.40460000000000046;0.38;0.36924000000000057;0.44;0.4432399999999993
0.32;0.3267604873949584;0.14;0.12385993277310918;0.24;0.33091898039215684
0.6;0.6069999999999991;0.12;0.11095999999999996;0.36;0.38056
0.62;0.621519999999999;0.32;0.32032000000000027;0.36;0.3587999999999996
0.24;0.24437696969697054;0.56;0.5178690909090913;0.48;0.40544727272727277
0.46;0.4428239999999982;0.26;0.32319733333333367;0.14;0.14663999999999994
0.38;0.3799200000000017;0.2;0.2035200000000004;0.38;0.3594800000000007
0.38;0.3884000000000018;0.48;0.42180000000000006;0.46;0.39063999999999993
0.24;0.24723428571428646;0.32;0.3018200000000008;0.2;0.23236999999999997
0.32;0.32405142857142905;0.42;0.4333028571428571;0.28;0.33235999999999966
0.5;0.4835199999999994;0.2;0.20920000000000044;0.26;0.24307999999999996
0.14;0.13973714285714275;0.7;0.7678266666666654;0.3;0.3125733333333339
0.52;0.516039833333335;0.12;0.12076819047619043;0.2;0.19014852380952368
0.24;0.24652000000000038;0.32;0.3068800000000006;0.14;0.15555999999999992
0.76;0.7474799999999988;0.2;0.1796400000000003;0.26;0.2524799999999999
0.76;0.7494000000000013;0.2;0.18660000000000052;0.46;0.45143999999999884
0.4;0.4061533333333338;0.42;0.4686833333333337;0.1;0.11212000000000003
0.1;0.1661333333333333;0.86;0.7018933333333318;0.1;0.11348000000000003
0.2;0.19528000000000031;0.36;0.6283199999999991;0.12;0.21960000000000002
0.2;0.20936000000000035;0.34;0.3112400000000004;0.3;0.3380799999999996
0.16;0.15519999999999992;0.28;0.27868;0.3;0.32044000000000056
0.22;0.22116000000000052;0.34;0.3218400000000005;0.22;0.2519199999999998
0.2;0.19104000000000018;0.26;0.2669200000000001;0.36;0.35248
0.52;0.515030000000002;0.24;0.27371000000000056;0.22;0.19460000000000025
0.58;0.5797599999999999;0.26;0.26552000000000026;0.18;0.19164000000000017
0.14;0.14211999999999986;0.34;0.3303600000000006;0.42;0.43436000000000163
0.54;0.524080000000002;0.24;0.27808000000000044;0.32;0.34263999999999983
0.4;0.41064666666666705;0.48;0.44175999999999993;0.24;0.22607999999999978
0.28;0.2822499999999999;0.66;0.5956199999999997;0.26;0.24801000000000012
0.36;0.3491600000000009;0.48;0.51224;0.24;0.22348000000000007
0.8;0.7961199999999989;0.18;0.14991999999999986;0.36;0.3675599999999997
0.6;0.6006799999999981;0.26;0.25884000000000057;0.3;0.30624000000000007
0.1;0.13242319769119762;0.26;0.23111047330447382;0.14;0.1501046002886002
0.74;0.7541999999999984;0.24;0.17200000000000015;0.22;0.2535999999999999
0.6;0.6001199999999991;0.28;0.2669600000000005;0.48;0.47479999999999867
0.3;0.2970520000000006;0.28;0.28037500000000004;0.24;0.24308000000000024
0.36;0.35588000000000136;0.34;0.35748000000000035;0.28;0.33808000000000016
0.56;0.571080000000001;0.42;0.291453333333334;0.22;0.2332
0.36;0.36716000000000143;0.2;0.18484000000000003;0.42;0.45043999999999984
0.42;0.4171599999999997;0.14;0.1413199999999999;0.48;0.46859999999999946
0.44;0.44233099999999803;0.46;0.4167900000000003;0.2;0.20107499999999995
0.28;0.28223999999999977;0.24;0.2516000000000004;0.46;0.4265599999999994
0.28;0.2764899999999996;0.66;0.6100233333333331;0.28;0.2609666666666667
0.12;0.12051999999999993;0.48;0.47915999999999964;0.44;0.44804000000000055
0.32;0.3271200000000007;0.56;0.5420799999999991;0.26;0.26183999999999996
0.24;0.2394400000000009;0.46;0.46843999999999864;0.42;0.44615999999999933
0.12;0.12286999999999994;0.62;0.6104899999999982;0.46;0.46007999999999927
0.58;0.5972003520923519;0.14;0.1233094415584415;0.12;0.15380540404040402
0.7;0.6998999999999989;0.28;0.23465000000000033;0.34;0.3540000000000001
0.64;0.6389199999999987;0.18;0.2528000000000005;0.24;0.22235999999999984
0.5;0.5022500000000014;0.36;0.3650000000000004;0.3;0.29663999999999996
0.68;0.6787519999999999;0.18;0.23889600000000047;0.16;0.1498080000000001
0.1;0.12231999999999994;0.66;0.6559599999999994;0.32;0.3091200000000003
0.58;0.5792069365079369;0.14;0.1377629523809523;0.24;0.22264455555555554
0.1;0.12394399999999994;0.64;0.6304319999999993;0.3;0.30141599999999996
0.46;0.4658399999999978;0.22;0.22040000000000065;0.42;0.4173199999999998
0.4;0.39384400000000125;0.28;0.3694186666666667;0.12;0.16716000000000011
0.44;0.4343999999999986;0.32;0.3297200000000002;0.26;0.2468399999999998
0.62;0.6358799999999984;0.18;0.1638800000000001;0.28;0.30688000000000076
0.16;0.15431999999999993;0.4;0.5041199999999992;0.12;0.15055999999999986
0.26;0.2527200000000002;0.26;0.2691600000000003;0.46;0.4480800000000002
0.3;0.2978800000000008;0.3;0.292266666666667;0.26;0.27784000000000014
0.16;0.16064000000000014;0.4;0.42124000000000067;0.16;0.17380000000000032
0.36;0.352440000000001;0.46;0.5268799999999999;0.46;0.44084000000000023
0.42;0.41823999999999945;0.32;0.32587999999999995;0.4;0.3884000000000002
0.3;0.28221567715617735;0.1;0.1108152913197913;0.24;0.215116442335442
0.5;0.5052066666666691;0.3;0.2956933333333341;0.48;0.46047999999999895
0.62;0.6190799999999994;0.36;0.28371999999999997;0.28;0.30032000000000025
0.18;0.1797600000000003;0.7;0.679439999999999;0.12;0.1180000000000001
0.22;0.2128281818181823;0.74;0.6984772727272728;0.16;0.1526290909090909
0.42;0.41868666666666593;0.56;0.5048600000000006;0.32;0.3082400000000002
0.6;0.5968399999999988;0.12;0.12179999999999994;0.5;0.4650399999999987
0.16;0.16044000000000017;0.38;0.397680000000001;0.5;0.48487999999999865
0.46;0.4653552380952358;0.52;0.39350571428571424;0.16;0.15716000000000002
0.2;0.19256000000000045;0.28;0.29960000000000103;0.38;0.3556800000000002
0.22;0.2224200000000006;0.28;0.2915200000000008;0.26;0.2348799999999998
0.64;0.6416266796536797;0.12;0.11627599977799974;0.1;0.14107650993450987
0.48;0.4668899999999986;0.18;0.18798000000000037;0.46;0.4361800000000004
0.54;0.543266666666668;0.4;0.3787566666666669;0.36;0.36027666666666697
0.74;0.7458319999999994;0.18;0.179698666666667;0.18;0.20339200000000002
0.28;0.2854800000000002;0.5;0.5186400000000004;0.24;0.2677599999999999
0.48;0.48778666666666587;0.46;0.41739999999999955;0.16;0.15856
0.32;0.31951333333333415;0.3;0.28691333333333374;0.28;0.3033600000000003
0.26;0.26374941991341955;0.58;0.5753872554112551;0.36;0.36669818181818165
0.46;0.4566333333333313;0.36;0.416826666666667;0.22;0.1823333333333335
0.12;0.12993777777777768;0.72;0.7128799999999992;0.42;0.41040000000000026
0.14;0.1372919999999999;0.76;0.7607159999999987;0.1;0.10724
0.3;0.31598666666666714;0.32;0.28540666666666725;0.34;0.3917466666666666
0.5;0.4885646666666663;0.26;0.33556200000000025;0.12;0.13575999999999994
0.1;0.1257866666666666;0.66;0.6313999999999996;0.18;0.1671200000000003
0.68;0.6917199999999992;0.24;0.24336000000000058;0.26;0.2714400000000003
0.14;0.1375799999999999;0.58;0.5664399999999998;0.5;0.4548
0.5;0.4998400000000015;0.28;0.28616000000000047;0.36;0.3589599999999999
0.36;0.360240000000001;0.36;0.35776000000000097;0.46;0.43579999999999985
0.38;0.375480000000002;0.26;0.2761199999999993;0.5;0.4683999999999992
0.64;0.6448399999999993;0.22;0.2554000000000005;0.2;0.2000000000000001
0.14;0.12923779761719753;0.1;0.11852364182484176;0.26;0.20560099335479337
0.1;0.12811999999999996;0.34;0.31979999999999986;0.24;0.22895999999999997
0.8;0.8075579999999999;0.14;0.13753280952380942;0.12;0.1658479999999999
0.1;0.11599999999999996;0.24;0.23736000000000052;0.36;0.3170000000000001
0.22;0.21986000000000058;0.12;0.1412033333333332;0.44;0.3488000000000002
0.3;0.29712000000000044;0.4;0.4417866666666662;0.22;0.24919999999999992
0.3;0.4183199999999988;0.46;0.4277200000000001;0.18;0.2957599999999994
0.34;0.3369221654815779;0.1;0.11232956302521005;0.3;0.2879012559074912
0.3;0.2935789165220751;0.12;0.11554410426853844;0.12;0.17294331792622583
0.44;0.43799999999999867;0.32;0.3625500000000004;0.44;0.44947999999999944
0.18;0.17651200000000014;0.3;0.27662800000000054;0.14;0.20524
0.18;0.16564000000000012;0.12;0.15247999999999992;0.5;0.419639999999999
0.54;0.5268342222222234;0.14;0.14184488888888877;0.14;0.14693000000000006
0.56;0.5675200000000009;0.28;0.2976000000000005;0.18;0.17004000000000014
0.28;0.28265399999999985;0.7;0.6209218095238084;0.22;0.21714247619047602
0.44;0.45846666666666486;0.38;0.3312200000000004;0.46;0.4701199999999992
0.68;0.7021199999999985;0.14;0.11973999999999996;0.12;0.12216000000000002
0.34;0.33241000000000037;0.46;0.5021990000000003;0.4;0.405343333333333
0.54;0.5461866666666678;0.34;0.35407333333333346;0.4;0.39767999999999987
0.12;0.12747999999999993;0.5;0.5154400000000007;0.18;0.19876000000000021
0.4;0.4018333333333344;0.48;0.5133;0.42;0.43352
0.16;0.16298000000000004;0.52;0.5167800000000015;0.46;0.44315999999999967
0.22;0.22222072727272763;0.18;0.1751980000000003;0.26;0.2737597575757575
0.6;0.5883200000000001;0.24;0.26956000000000047;0.36;0.3027600000000005
0.18;0.18514666666666696;0.48;0.5437266666666671;0.1;0.12382666666666678
0.22;0.21435218181818227;0.72;0.7145042424242424;0.5;0.4773163636363623
0.36;0.3646800000000011;0.6;0.5649199999999999;0.5;0.4593599999999993
0.52;0.5073870000000024;0.36;0.4157970000000002;0.38;0.4153650000000006
0.48;0.4633129252185713;0.12;0.1305241547406841;0.12;0.14555332756132758
0.38;0.37404000000000176;0.3;0.3390266666666667;0.16;0.15687999999999994
0.24;0.2388200000000007;0.52;0.5544400000000007;0.26;0.27432
0.46;0.45567999999999803;0.26;0.29244000000000003;0.36;0.3626400000000002
0.16;0.16168000000000016;0.56;0.5699200000000009;0.42;0.45355999999999935
0.14;0.13662333333333324;0.76;0.7325789999999976;0.24;0.23536799999999952
0.46;0.4580617518037502;0.12;0.1264546363636363;0.28;0.2392478860028858
0.74;0.7388799999999979;0.14;0.18416000000000027;0.5;0.4609999999999993
0.14;0.13751466666666656;0.82;0.7760159999999985;0.1;0.10575999999999999
0.44;0.43507066666666516;0.38;0.4356213333333339;0.14;0.15498666666666666
0.38;0.37928000000000184;0.52;0.5148933333333329;0.18;0.16819999999999996
0.28;0.27671999999999974;0.54;0.5341200000000004;0.24;0.25256000000000006
0.24;0.23819333333333428;0.66;0.6402764444444436;0.36;0.3437688888888885
0.5;0.46570703813884695;0.1;0.1342129013226195;0.14;0.1493527756161967
0.16;0.15291999999999992;0.56;0.54712;0.46;0.44351999999999975
0.5;0.4928266666666681;0.38;0.4099346666666668;0.5;0.4681679999999995
0.4;0.3772400000000015;0.36;0.40328000000000025;0.18;0.16324
0.74;0.7119999999999982;0.16;0.22348000000000048;0.46;0.43535999999999914
0.1;0.11553999999999996;0.72;0.7309533333333327;0.38;0.3788799999999993
0.68;0.6778600000000002;0.22;0.2703700000000004;0.3;0.29587999999999975
0.14;0.14046999999999987;0.28;0.28014333333333385;0.2;0.21104000000000003
0.3;0.32676447989077356;0.14;0.12363016954404561;0.22;0.2254576584411218
0.46;0.45643999999999824;0.22;0.2236866666666673;0.14;0.14963999999999983
0.28;0.25737000000000015;0.6;0.6114699999999997;0.14;0.12540000000000012
0.26;0.2544500000000004;0.1;0.11760833333333329;0.48;0.3754072222222219
0.16;0.16389333333333347;0.6;0.6447866666666662;0.16;0.17440000000000028
0.28;0.2776200000000004;0.32;0.30620000000000075;0.38;0.4173600000000004
0.58;0.5764000000000002;0.2;0.23504000000000058;0.32;0.31392000000000003
0.66;0.6861499999999995;0.16;0.1333999999999999;0.12;0.16704000000000002
0.28;0.2757999999999995;0.36;0.3693200000000016;0.44;0.4403200000000004
0.5;0.46400222882459874;0.1;0.12813537348272638;0.26;0.1911437213125039
0.76;0.7680799999999988;0.2;0.16460000000000005;0.24;0.2652
0.32;0.3194000000000007;0.42;0.5217599999999997;0.1;0.13336
0.46;0.46039999999999776;0.28;0.29768000000000033;0.44;0.4223599999999994
0.58;0.5443733333333337;0.18;0.19868000000000055;0.22;0.2184000000000001
0.5;0.49077523809523815;0.26;0.30029142857142893;0.1;0.13117142857142855
0.22;0.23528000000000054;0.36;0.5030400000000012;0.16;0.27971999999999975
0.64;0.6411999999999983;0.24;0.26577333333333386;0.2;0.20383999999999994
0.28;0.28372;0.66;0.6028000000000003;0.32;0.31587999999999994
0.24;0.24408156262626296;0.14;0.1425813990120989;0.22;0.17666646908646919
0.12;0.11815999999999995;0.84;0.8190799999999969;0.48;0.47107999999999794
0.14;0.13099999999999992;0.38;0.4239600000000002;0.2;0.2153199999999999
0.34;0.3356480000000006;0.54;0.5360960000000004;0.42;0.38315999999999995
0.86;0.831090666666666;0.12;0.12102499999999994;0.18;0.17181333333333315
0.52;0.5274640000000016;0.22;0.20980000000000043;0.32;0.3594319999999993
0.62;0.6382410424020405;0.14;0.12009118270618267;0.1;0.1426944795204795
0.24;0.24717619047619102;0.64;0.5497771428571435;0.44;0.36231999999999986
0.22;0.23210057575757645;0.16;0.15932087878787884;0.3;0.2984420909090909
0.26;0.25182666666666725;0.34;0.3754266666666681;0.42;0.40003999999999956
0.42;0.3558685515749269;0.1;0.14398089288519536;0.1;0.1477133461559565
0.4;0.3974400000000014;0.36;0.37843333333333395;0.24;0.25324
0.62;0.6284399999999978;0.28;0.26364000000000043;0.26;0.2715599999999996
0.3;0.30387246376811633;0.2;0.18822034782608732;0.22;0.2527497971014491
0.2;0.20552000000000054;0.48;0.5280000000000007;0.16;0.18276000000000017
0.24;0.23376000000000047;0.6;0.6622799999999996;0.1;0.11044000000000002
0.24;0.2422000000000006;0.26;0.25104000000000043;0.4;0.4144
0.22;0.2165200000000005;0.26;0.26636000000000043;0.34;0.33487999999999996
0.48;0.485178666666666;0.44;0.4223400000000004;0.48;0.4621999999999993
0.14;0.14787999999999987;0.6;0.6091599999999998;0.16;0.16300000000000014
0.18;0.1854000000000003;0.42;0.4060400000000004;0.22;0.22963999999999962
0.8;0.7551199999999962;0.16;0.1828800000000005;0.14;0.20092
0.26;0.2574696822853794;0.14;0.13712561206732712;0.14;0.1910871041483458
0.26;0.2632799999999998;0.54;0.549258666666667;0.32;0.3166559999999997
0.54;0.5323566984127001;0.26;0.3186420634920641;0.12;0.11676317460317467
0.26;0.257018181818182;0.66;0.6275672727272719;0.18;0.17051575757575774
0.36;0.363120000000001;0.48;0.50692;0.46;0.4234400000000001
0.24;0.2591337142857146;0.26;0.2431516190476196;0.14;0.1668533333333333
0.26;0.26853439505523746;0.2;0.19127977830941015;0.14;0.16435533860875956
0.5;0.5139340000000016;0.4;0.3743696666666667;0.12;0.11988800000000008
0.54;0.5478800000000007;0.32;0.29856000000000055;0.24;0.23883999999999989
0.52;0.5461418888888901;0.18;0.15771023809523815;0.14;0.16093460317460312
0.24;0.2358626666666678;0.68;0.6553346666666662;0.48;0.44515999999999956
0.6;0.596146666666666;0.3;0.3194000000000003;0.32;0.3223600000000004
0.16;0.1465521380439808;0.12;0.13008052139551102;0.14;0.1698500805974954
0.16;0.16134633333333342;0.7;0.6967233333333317;0.3;0.2999166666666664
0.1;0.1192953333333333;0.3;0.28217266666666724;0.12;0.13123333333333337
0.78;0.8047419999999996;0.2;0.13596066666666656;0.1;0.14124799999999996
0.26;0.25712466666666695;0.22;0.22062923809523846;0.2;0.20095714285714283
0.14;0.14691999999999986;0.48;0.4948399999999992;0.12;0.13084000000000004
0.36;0.34780676190476284;0.1;0.11348728571428568;0.3;0.27767023809523816
0.36;0.37916866666666804;0.28;0.2514700000000003;0.1;0.13244
0.3;0.2861448888888891;0.22;0.22890022222222267;0.14;0.16458844444444445
0.54;0.5332000000000015;0.28;0.3393600000000001;0.34;0.32408
0.24;0.24018600000000068;0.74;0.5929860000000003;0.18;0.1640466666666668
0.34;0.33359142857142904;0.5;0.5236142857142858;0.2;0.18831428571428568
0.56;0.5640000000000004;0.4;0.3617600000000008;0.32;0.33452000000000043
0.84;0.8300399999999988;0.12;0.12295999999999994;0.14;0.20400000000000001
0.74;0.7561893333333322;0.14;0.1778433333333336;0.14;0.16331666666666653
0.4;0.4006922222222231;0.24;0.23495111111111203;0.34;0.3553688888888886
0.24;0.2592000000000002;0.5;0.4974800000000006;0.28;0.3353600000000001
0.62;0.6245599999999984;0.18;0.16848000000000016;0.36;0.41376000000000046
0.34;0.33826000000000045;0.38;0.4208266666666673;0.1;0.12454666666666678
0.3;0.3171412121212126;0.32;0.2788987878787879;0.32;0.3917012121212127
0.3;0.29367095238095303;0.68;0.6160828571428568;0.3;0.2667423809523809
0.22;0.2211200000000006;0.46;0.4693599999999993;0.28;0.2946399999999998
0.52;0.522520000000002;0.12;0.1264399999999999;0.42;0.4008399999999991
0.28;0.2811599999999995;0.24;0.24780000000000027;0.42;0.4029199999999988
0.3;0.29668057142857185;0.1;0.11290895238095233;0.48;0.4021866666666668
0.28;0.28080000000000016;0.56;0.5783866666666673;0.14;0.12876000000000004
0.24;0.24142333333333432;0.44;0.4486366666666666;0.28;0.29334000000000005
0.26;0.2466000000000006;0.34;0.36452000000000134;0.38;0.3803199999999997
0.32;0.3197500000000003;0.5;0.5068190000000002;0.36;0.36064999999999964
0.74;0.7627148571428556;0.22;0.16971057142857163;0.14;0.18240438095238112
0.5;0.5034306666666685;0.34;0.3181760000000003;0.28;0.321310666666667
0.24;0.2207218800047509;0.12;0.12181463579946968;0.16;0.23328286400320786
0.38;0.3833828571428585;0.2;0.19821714285714342;0.3;0.3012799999999998
0.3;0.29390666666666726;0.16;0.16412000000000004;0.38;0.3781600000000003
0.16;0.17020309685636026;0.12;0.12645449568852193;0.34;0.26998924030939825
0.52;0.5189490476190498;0.42;0.4000942857142861;0.48;0.4466266666666664
0.46;0.44667999999999847;0.1;0.11115999999999997;0.46;0.4435599999999999
0.22;0.22236000000000067;0.28;0.2764000000000003;0.44;0.45083999999999885
0.38;0.39332000000000156;0.6;0.460159999999999;0.48;0.45835999999999927
0.14;0.14409177150798969;0.16;0.16042365442864673;0.26;0.22045958445699462
0.54;0.5210000000000024;0.22;0.26208000000000053;0.36;0.36227999999999944
0.2;0.19768000000000047;0.4;0.3973200000000007;0.4;0.40876
0.16;0.1605600000000001;0.12;0.14643999999999985;0.5;0.38912000000000024
0.6;0.5958399999999987;0.16;0.1690800000000002;0.48;0.45492000000000077
0.1;0.11315999999999997;0.12;0.12659999999999993;0.46;0.40723999999999994
0.12;0.12831999999999993;0.76;0.767879999999997;0.1;0.10524
0.2;0.2024800000000005;0.32;0.29516000000000014;0.24;0.28696000000000027
0.1;0.12179999999999994;0.68;0.6944799999999992;0.14;0.1406
0.1;0.13272;0.82;0.7443999999999971;0.14;0.1287200000000001
0.26;0.2582499999999998;0.7;0.6384965555555547;0.48;0.4400973333333328
0.4;0.3924000000000015;0.3;0.32437999999999995;0.24;0.22959999999999994
0.86;0.8328000000000001;0.1;0.11771999999999996;0.18;0.1548799999999999
0.42;0.407911666666667;0.22;0.22969333333333392;0.44;0.4219699999999989
0.44;0.4499346666666646;0.44;0.44799923809523845;0.42;0.42164000000000057
0.28;0.28400484848484825;0.64;0.6226464848484853;0.44;0.4452733333333329
0.5;0.49750119047619146;0.34;0.3534488095238098;0.12;0.13476
0.3;0.2896000000000005;0.26;0.2601200000000005;0.16;0.18011999999999992
0.44;0.44211999999999796;0.48;0.4657499999999998;0.28;0.29183999999999993
0.62;0.6562800000000009;0.18;0.14571999999999985;0.1;0.12760000000000007
0.12;0.11895999999999995;0.34;0.3257200000000005;0.36;0.3694399999999996
0.74;0.7269199999999971;0.22;0.21788000000000063;0.5;0.47687999999999847
0.5;0.5014481825951838;0.46;0.4261834149184146;0.26;0.3176436060606063
0.5;0.5151400000000016;0.48;0.3930733333333331;0.2;0.2089599999999998
0.48;0.484866666666666;0.42;0.4280933333333334;0.48;0.4531599999999999
0.18;0.16984000000000013;0.28;0.3076400000000003;0.4;0.36403999999999964
0.36;0.35217300000000074;0.3;0.33021500000000037;0.36;0.3927199999999996
0.32;0.30839666666666743;0.6;0.5566433333333329;0.14;0.13129333333333332
0.18;0.18100000000000027;0.7;0.651560000000001;0.22;0.21635999999999975
0.78;0.7881799999999995;0.12;0.14818999999999988;0.18;0.21955999999999998
0.46;0.42766435797195046;0.1;0.13071632560136645;0.14;0.15052847911026163
0.56;0.6502500000000005;0.36;0.26147000000000054;0.1;0.11748000000000003
0.5;0.4952400000000006;0.26;0.2803600000000003;0.36;0.35948000000000013
0.7;0.6972399999999989;0.28;0.2257600000000005;0.4;0.41976000000000074
0.2;0.20200000000000043;0.46;0.4562799999999992;0.3;0.32392000000000015
0.24;0.23883400000000105;0.6;0.5702386666666664;0.48;0.41751999999999967
0.26;0.24744000000000052;0.34;0.3682000000000012;0.4;0.4216400000000002
0.18;0.21152000000000037;0.36;0.3237900000000002;0.18;0.205
0.3;0.29988000000000087;0.24;0.23948000000000044;0.4;0.4053599999999995
0.36;0.3612800000000016;0.46;0.54236;0.18;0.19303999999999993
0.38;0.398164000000001;0.54;0.5084533333333332;0.1;0.11739600000000006
0.7;0.7075199999999975;0.28;0.19312000000000024;0.26;0.29371999999999987
0.76;0.7676399999999995;0.22;0.1714000000000002;0.38;0.43271999999999966
0.18;0.18366400000000022;0.38;0.39388000000000123;0.36;0.35735999999999934
0.28;0.28068000000000015;0.32;0.31208000000000086;0.44;0.465639999999999
0.6;0.59328;0.32;0.2960400000000001;0.26;0.25907999999999987
0.72;0.7112799999999982;0.12;0.12007999999999995;0.36;0.3960400000000003
0.32;0.3203200000000004;0.38;0.3829666666666672;0.28;0.29500000000000004
0.1;0.12067999999999995;0.52;0.49619999999999903;0.12;0.11904000000000008
0.56;0.5431900000000008;0.1;0.11159999999999999;0.36;0.2992933333333331
0.16;0.15835999999999997;0.42;0.47935999999999906;0.18;0.22188000000000008
0.74;0.7541600000000006;0.2;0.1794400000000003;0.38;0.4073599999999999
0.16;0.1609766666666667;0.4;0.4063493333333337;0.34;0.34112000000000026
0.32;0.31560000000000066;0.56;0.5857199999999999;0.38;0.3490000000000001
0.1;0.12515036998667586;0.14;0.1237939043003403;0.24;0.23109208717109514
0.26;0.2586133333333332;0.54;0.5142000000000013;0.5;0.45084
0.42;0.42683764705882266;0.18;0.18913647058823552;0.48;0.4464541176470588
0.22;0.21568000000000045;0.56;0.5483600000000013;0.48;0.4440000000000004
0.62;0.6193599999999992;0.22;0.2822800000000004;0.18;0.17148000000000035
0.1;0.10847999999999998;0.82;0.8231599999999986;0.24;0.24251999999999985
0.6;0.5973599999999992;0.1;0.10531999999999998;0.32;0.33872
0.68;0.6680800000000011;0.2;0.2495133333333337;0.16;0.14956000000000005
0.52;0.5197600000000023;0.4;0.39966400000000024;0.5;0.4771066666666659
0.46;0.4638799999999978;0.4;0.43012;0.46;0.4605999999999993
0.4;0.40348000000000084;0.36;0.3949999999999995;0.34;0.4252399999999996
0.16;0.1464133333333332;0.44;0.4575799999999982;0.46;0.4565600000000001
0.2;0.19076000000000037;0.7;0.6603799999999989;0.18;0.16632000000000025
0.64;0.6433999999999978;0.26;0.26408000000000054;0.22;0.22291999999999987
0.16;0.15366666666666662;0.68;0.6831219047619028;0.26;0.2626266666666668
0.38;0.38107200000000224;0.58;0.5316233333333332;0.46;0.42542399999999975
0.18;0.1742100000000002;0.52;0.5085800000000017;0.46;0.43183999999999917
0.62;0.6231199999999989;0.3;0.2976800000000001;0.48;0.4782799999999991
0.36;0.3653533333333349;0.28;0.2737133333333335;0.28;0.2924400000000002
0.26;0.2567633333333335;0.7;0.6171233333333322;0.18;0.17004000000000016
0.46;0.4623866666666649;0.14;0.13843999999999987;0.3;0.33059999999999984
0.36;0.35640000000000116;0.44;0.43599999999999955;0.3;0.2643200000000002
0.2;0.2130461688311694;0.18;0.17597944227994244;0.22;0.21280780519480533
0.68;0.6875599999999993;0.24;0.23324000000000042;0.44;0.44656000000000073
0.26;0.26115428571428567;0.3;0.29514285714285754;0.36;0.36552000000000057
0.62;0.6080647362637351;0.12;0.1281830512820512;0.22;0.19933934310134313
0.64;0.6375199999999983;0.18;0.2326400000000003;0.3;0.2807599999999995
0.16;0.15669179487179485;0.7;0.6926774358974349;0.42;0.41700923076923113
0.1;0.11363999999999995;0.44;0.4401599999999992;0.32;0.33224000000000037
0.16;0.14607999999999988;0.2;0.2237200000000004;0.4;0.35619999999999946
0.68;0.7008799999999992;0.14;0.11981999999999995;0.1;0.14515999999999996
0.34;0.3464400000000009;0.58;0.5543599999999982;0.16;0.15976
0.38;0.37076266666666824;0.1;0.11211499999999996;0.48;0.43516799999999967
0.14;0.14171999999999987;0.3;0.3055600000000005;0.48;0.4664399999999988
0.42;0.41415999999999986;0.34;0.3601600000000009;0.44;0.4494799999999996
0.68;0.6743866666666662;0.26;0.2245840000000004;0.12;0.1290800000000001
0.14;0.15637367820414882;0.18;0.15828869083041147;0.14;0.19561790346581515
0.18;0.17308000000000018;0.1;0.12032999999999995;0.48;0.3883600000000006
0.32;0.32450000000000045;0.64;0.5398199999999997;0.14;0.12808666666666674
0.72;0.720479999999996;0.24;0.2109600000000005;0.46;0.44652000000000047
0.82;0.8005315873015862;0.12;0.14062990476190465;0.28;0.23114444444444446
0.22;0.20860000000000042;0.22;0.2332800000000005;0.38;0.3638399999999999
0.32;0.3194400000000005;0.62;0.5912366666666675;0.16;0.13943
0.18;0.17197666666666686;0.5;0.5075000000000014;0.44;0.44427999999999945
0.14;0.12979999999999994;0.2;0.2202000000000005;0.48;0.4285599999999999
0.46;0.4512799999999982;0.26;0.31177999999999984;0.26;0.28139999999999976
0.16;0.15948000000000007;0.26;0.26102666666666735;0.2;0.20646999999999988
0.38;0.3779200000000019;0.58;0.51722;0.48;0.40987999999999997
0.26;0.2790561904761906;0.46;0.5248823809523809;0.1;0.14100428571428567
0.18;0.16970400000000016;0.58;0.6039706666666664;0.22;0.22655999999999993
0.42;0.41007332587879963;0.14;0.14949421650279532;0.26;0.2418958690315529
0.18;0.17442666666666676;0.7;0.672369999999999;0.48;0.42996000000000006
0.2;0.19860000000000042;0.24;0.24528000000000044;0.4;0.3943199999999998
0.42;0.4184466666666662;0.4;0.45486000000000004;0.26;0.2907999999999997
0.32;0.31360000000000027;0.14;0.14463999999999988;0.38;0.36895999999999984
0.5;0.5035600000000022;0.14;0.13855999999999988;0.46;0.4496800000000002
0.56;0.5561600000000005;0.12;0.12159999999999994;0.32;0.30892
0.12;0.12535999999999994;0.26;0.2512000000000006;0.4;0.4240400000000008
0.36;0.35492000000000135;0.36;0.40392000000000056;0.16;0.18724000000000016
0.76;0.7454799999999996;0.1;0.11079999999999998;0.2;0.19112
0.58;0.5751420476190473;0.12;0.12389752380952374;0.12;0.14801333333333344
0.74;0.7283199999999977;0.16;0.18704000000000023;0.28;0.24463999999999989
0.18;0.1724000000000002;0.8;0.699159999999999;0.22;0.2025599999999997
0.6;0.5873999999999997;0.16;0.1737200000000003;0.32;0.2907599999999995
0.46;0.4625599999999977;0.2;0.21616000000000046;0.5;0.4458800000000004
0.24;0.22276000000000085;0.68;0.6449999999999999;0.22;0.20531999999999978
0.24;0.21391379801942254;0.1;0.12403548430118509;0.16;0.19320599250623885
0.72;0.7148399999999967;0.16;0.19688000000000033;0.28;0.2760399999999998
0.5;0.49939047619047805;0.36;0.3872842857142855;0.22;0.22035999999999994
0.14;0.1395999999999999;0.26;0.2726800000000001;0.44;0.4152400000000004
0.42;0.46233000000000085;0.28;0.3003300000000002;0.26;0.3304000000000003
0.28;0.2860703174603174;0.14;0.13146022222222215;0.36;0.3810125714285717
0.22;0.2261200000000007;0.16;0.16322000000000006;0.36;0.33848000000000006
0.32;0.32292000000000043;0.6;0.5141866666666662;0.28;0.2292
0.36;0.3680796078431392;0.62;0.548339019607842;0.1;0.11621411764705888
0.28;0.28470285714285753;0.64;0.5937276190476194;0.14;0.13376
0.34;0.32996000000000064;0.44;0.5259999999999996;0.12;0.12996000000000002
0.1;0.11791999999999994;0.18;0.14319999999999986;0.38;0.4375199999999994
0.48;0.47355999999999904;0.2;0.20444000000000032;0.2;0.19783999999999993
0.72;0.7176266666666644;0.22;0.20342000000000038;0.2;0.20207999999999998
0.4;0.40976133333333353;0.58;0.4834433333333338;0.16;0.14956000000000003
0.2;0.19772000000000034;0.18;0.1840800000000003;0.4;0.4022400000000004
0.24;0.2356000000000009;0.5;0.4916400000000005;0.5;0.43908
0.42;0.4072501480872075;0.12;0.12945016630943867;0.3;0.27376190759704677
0.24;0.2259560000000007;0.62;0.6323479999999994;0.24;0.21547999999999995
0.1;0.11759999999999997;0.82;0.7729599999999993;0.12;0.1182800000000001
0.1;0.11207999999999997;0.82;0.8196799999999997;0.18;0.17572000000000038
0.3;0.30616605252140405;0.16;0.1495311110935104;0.2;0.22379792580734303
0.22;0.2216000000000006;0.3;0.2883200000000005;0.34;0.37008000000000024
0.48;0.45308870428745673;0.12;0.143404967758076;0.1;0.127208163211058
0.3;0.3159322958709927;0.14;0.12571198480760723;0.1;0.1630762433477882
0.78;0.7595106666666654;0.12;0.17691085714285737;0.2;0.16001999999999997
0.48;0.47861366666666466;0.38;0.42047490476190447;0.36;0.3933249999999998
0.36;0.355520000000001;0.34;0.34588000000000074;0.32;0.3482400000000002
0.44;0.42686490714840614;0.1;0.11087293006463779;0.32;0.28332473427559696
0.66;0.6561200000000008;0.2;0.23552000000000026;0.38;0.3742799999999996
0.2;0.19216000000000052;0.54;0.5561200000000007;0.36;0.36067999999999967
0.56;0.5721600000000006;0.38;0.3227200000000006;0.22;0.22359999999999972
0.26;0.24948133333333367;0.68;0.5563833333333336;0.2;0.15825799999999998
0.38;0.3860766666666686;0.36;0.3919200000000001;0.1;0.14056000000000002
0.26;0.2611700000000002;0.56;0.6292699999999997;0.1;0.11113000000000003
0.1;0.1184233333333333;0.72;0.6948083333333327;0.26;0.24719999999999986
0.6;0.595266666666666;0.28;0.3119600000000008;0.34;0.3504400000000001
0.58;0.5782800000000007;0.28;0.3183600000000007;0.36;0.3561599999999998
0.54;0.5551485714285725;0.14;0.13149352380952373;0.12;0.17405714285714285
0.44;0.43525333333333205;0.24;0.2413600000000006;0.3;0.3031600000000001
0.1;0.12679999999999994;0.5;0.5536400000000004;0.2;0.2651200000000001
0.18;0.18424000000000018;0.34;0.32624000000000014;0.34;0.3631999999999995
0.38;0.37820000000000215;0.36;0.35976000000000086;0.48;0.4544799999999995
0.24;0.23971333333333383;0.68;0.661413333333333;0.1;0.10784
0.26;0.26491999999999993;0.54;0.5260800000000007;0.22;0.23224
0.14;0.14039999999999989;0.52;0.520680000000001;0.28;0.29256000000000004
0.18;0.18121892642977958;0.1;0.12558782404026772;0.4;0.21611319018875408
0.42;0.4177783333333328;0.28;0.30853999999999965;0.5;0.46416999999999947
0.68;0.682120000000001;0.14;0.13907999999999987;0.26;0.2620800000000001
0.48;0.48257255411255345;0.44;0.4187362770562775;0.28;0.28609090909090895
0.6;0.5959199999999988;0.38;0.3422000000000006;0.46;0.4703999999999988
0.36;0.34758800000000095;0.24;0.24121600000000062;0.38;0.3813200000000001
0.22;0.2507407099436515;0.16;0.1317431491270167;0.16;0.18738574742414443
0.36;0.3668800000000016;0.48;0.4966400000000001;0.26;0.30768
0.32;0.3181392747919486;0.12;0.12032478233121155;0.16;0.2061609343384773
0.48;0.4746799999999982;0.16;0.15904000000000004;0.42;0.4217200000000002
0.18;0.1920734083694088;0.2;0.20562569119769167;0.28;0.24347957575757584
0.36;0.3481600000000012;0.26;0.28011999999999976;0.46;0.43180000000000085
0.14;0.14391066666666655;0.68;0.7064239999999985;0.34;0.3610959999999996
0.32;0.3216920000000002;0.42;0.41926266666666623;0.4;0.4368479999999996
0.16;0.15677999999999997;0.32;0.3155400000000004;0.12;0.1367199999999999
0.1;0.11039999999999998;0.32;0.30224000000000034;0.42;0.42980000000000124
0.24;0.24126666666666738;0.24;0.25296000000000046;0.3;0.27828000000000014
0.16;0.16220000000000012;0.38;0.3926800000000016;0.44;0.45147999999999955
0.34;0.3364800000000004;0.4;0.44616000000000033;0.12;0.13907999999999995
0.58;0.5652800000000009;0.12;0.12043999999999995;0.5;0.47123999999999766
0.3;0.2985457777777781;0.14;0.1505714444444443;0.34;0.31812477777777826
0.32;0.3115920000000008;0.5;0.5337373333333338;0.5;0.4693599999999997
0.42;0.41052000000000016;0.32;0.32504000000000016;0.28;0.2534399999999998
0.44;0.4301199999999988;0.34;0.36852000000000085;0.3;0.3317600000000003
0.32;0.3214400000000005;0.54;0.5469600000000001;0.18;0.20012000000000013
0.76;0.7559980512820506;0.2;0.17064830769230788;0.18;0.17624769230769213
0.24;0.24571600000000066;0.58;0.6214439999999996;0.36;0.3949200000000003
0.22;0.2131778143450822;0.12;0.121007642283425;0.2;0.22524322942170177
0.34;0.33734666666666724;0.26;0.2524800000000006;0.16;0.1793200000000001
0.26;0.2637000000000001;0.2;0.18946000000000035;0.22;0.2455633333333334
0.38;0.38950714285714416;0.2;0.1953208095238099;0.2;0.21411428571428592
0.46;0.45423999999999776;0.3;0.3499200000000003;0.28;0.3093599999999999
0.54;0.542821174603176;0.18;0.17682541269841287;0.14;0.1517262222222222
0.1;0.11819999999999994;0.34;0.32532000000000005;0.28;0.2838400000000001
0.26;0.2514754029582391;0.12;0.12088933755846831;0.14;0.18515998057403552
0.2;0.19716000000000056;0.76;0.7216299999999972;0.38;0.3794699999999992
0.24;0.23636000000000096;0.38;0.39326666666666765;0.4;0.40796000000000054
0.42;0.40338192008645013;0.12;0.1370027738209502;0.22;0.19208519463543
0.4;0.40408666666666737;0.24;0.23583866666666736;0.16;0.16195999999999997
0.24;0.23203871428571493;0.12;0.12932351282051274;0.38;0.3451240604395606
0.16;0.1594386666666667;0.54;0.5484933333333342;0.2;0.21127999999999983
0.2;0.19434666666666706;0.74;0.6647999999999996;0.2;0.18948000000000004
0.76;0.7652800000000014;0.16;0.16848000000000007;0.44;0.44687999999999983
0.16;0.17600895134140043;0.16;0.13159197593789074;0.1;0.19613522108850884
0.28;0.2762533333333331;0.58;0.5350333333333338;0.48;0.40279999999999994
0.54;0.5430380000000011;0.42;0.38105533333333336;0.16;0.1512
0.42;0.423639999999999;0.2;0.20604000000000056;0.46;0.43528
0.2;0.2024400000000003;0.16;0.1730800000000002;0.44;0.4180799999999998
0.32;0.31709333333333367;0.2;0.19184000000000026;0.28;0.3066400000000002
0.88;0.7684999999999991;0.1;0.18274;0.1;0.16839999999999988
0.24;0.24432000000000081;0.6;0.6192199999999991;0.28;0.28432000000000024
0.24;0.21388000000000038;0.12;0.16156000000000004;0.5;0.41635999999999945
0.6;0.5984799999999995;0.3;0.3313600000000005;0.5;0.4828799999999984
0.6;0.6251999999999983;0.18;0.16044000000000005;0.3;0.29195999999999994
0.54;0.5350400000000016;0.12;0.12823999999999994;0.32;0.31392000000000025
0.48;0.48391999999999924;0.34;0.3258000000000001;0.3;0.24895999999999985
0.16;0.1392857883286647;0.1;0.12493695581869105;0.34;0.2533382381546558
0.32;0.32095600000000024;0.24;0.23596766666666733;0.14;0.16005333333333333
0.52;0.5365000952380964;0.34;0.30458242857142925;0.1;0.11429333333333336
0.12;0.12408857142857135;0.28;0.2815942857142863;0.18;0.17369428571428575
0.14;0.13983999999999988;0.3;0.2890000000000007;0.18;0.21051999999999998
0.3;0.30059000000000125;0.64;0.5985033333333347;0.16;0.14303333333333323
0.26;0.2551333333333336;0.28;0.2850466666666669;0.18;0.17738666666666666
0.38;0.3797400000000019;0.58;0.5114;0.2;0.18472000000000002
0.16;0.15319999999999992;0.38;0.40624000000000055;0.3;0.30163999999999974
0.26;0.2673366666666669;0.56;0.5632333333333336;0.12;0.1199200000000001
0.3;0.29892000000000096;0.3;0.28172000000000047;0.32;0.3621599999999999
0.16;0.16072;0.3;0.29168000000000005;0.3;0.3155200000000007
0.14;0.14523999999999987;0.58;0.5672400000000003;0.2;0.19812000000000013
0.62;0.6038399999999986;0.12;0.12871999999999992;0.46;0.42855999999999905
0.3;0.2933200000000007;0.5;0.5159600000000006;0.32;0.3120400000000001
0.14;0.14701184615384602;0.18;0.17056271794871813;0.2;0.23888792307692305
0.5;0.4951933333333338;0.42;0.4223200000000001;0.28;0.29296400000000017
0.78;0.7955333333333331;0.14;0.14194999999999988;0.1;0.13543999999999995
0.3;0.296856000000001;0.38;0.4042560000000007;0.4;0.44440000000000046
0.1;0.11967999999999995;0.56;0.5463600000000015;0.32;0.31760000000000005
0.22;0.22515333333333387;0.38;0.495000000000001;0.12;0.16491999999999982
0.26;0.2683946666666667;0.34;0.5201093333333334;0.1;0.17098666666666656
0.24;0.23724000000000084;0.22;0.23744000000000057;0.44;0.40327999999999936
0.24;0.23618000000000086;0.6;0.6189566666666666;0.32;0.3194899999999998
0.34;0.3410700000000006;0.38;0.3755700000000008;0.22;0.2065200000000001
0.54;0.5360957142857157;0.44;0.3790214285714291;0.26;0.26574000000000003
0.18;0.17388000000000026;0.62;0.5747999999999992;0.5;0.41583999999999943
0.32;0.3157400000000007;0.3;0.2864500000000006;0.1;0.13684
0.16;0.1534668425564803;0.22;0.22159240836459765;0.16;0.15255279505427488
0.6;0.5999199999999992;0.24;0.2516800000000004;0.5;0.47959999999999886
0.46;0.4609999999999978;0.16;0.16076000000000004;0.32;0.30223999999999984
0.28;0.27679999999999966;0.34;0.3599200000000016;0.4;0.4083200000000008
0.64;0.6365811612831612;0.12;0.1228356454656454;0.18;0.17272310334110313
0.12;0.1223786666666666;0.8;0.7698666666666651;0.3;0.2983733333333332
0.62;0.6229199999999997;0.34;0.30048000000000014;0.48;0.4788399999999983
0.68;0.69892;0.16;0.20531000000000038;0.1;0.11092000000000002
0.32;0.32804000000000044;0.46;0.5371599999999999;0.14;0.19336000000000003
0.5;0.48486999999999936;0.16;0.17241666666666694;0.2;0.17816
0.56;0.5386000000000003;0.2;0.20424000000000045;0.16;0.18964000000000025
0.1;0.11643999999999996;0.26;0.2396400000000006;0.42;0.4259599999999997
0.58;0.5582685714285719;0.18;0.18994857142857172;0.2;0.20392000000000024
0.38;0.37891900000000195;0.5;0.532928333333333;0.18;0.1687400000000001
0.36;0.3536766666666679;0.56;0.49304000000000087;0.18;0.15280999999999995
0.32;0.32124000000000047;0.38;0.4455199999999998;0.16;0.2154800000000002
0.16;0.16568000000000008;0.26;0.24760000000000068;0.38;0.40420000000000006
0.1;0.11163999999999996;0.5;0.4818399999999991;0.24;0.2429599999999999
0.46;0.4806899999999993;0.22;0.2057416666666672;0.1;0.12238000000000007
0.2;0.19552000000000036;0.22;0.22676000000000043;0.42;0.41379999999999895
0.56;0.5626400000000004;0.24;0.2501200000000005;0.4;0.40239999999999976
0.28;0.2813879999999999;0.48;0.5196608658008659;0.18;0.1951727272727272
0.4;0.4150211633986927;0.44;0.4557092418300658;0.1;0.11216611764705886
0.12;0.12710199999999994;0.82;0.7329493333333319;0.12;0.11380000000000005
0.82;0.8260773333333326;0.12;0.12381833333333327;0.1;0.14829833333333323
0.22;0.2041709597069602;0.2;0.20469026739926774;0.1;0.1492439194139194
0.12;0.12039999999999995;0.68;0.7385999999999975;0.1;0.11292000000000005
0.16;0.1634133333333335;0.46;0.46019999999999855;0.48;0.4834399999999993
0.3;0.28818666666666715;0.34;0.3672700000000008;0.3;0.30852000000000007
0.16;0.14809999999999987;0.1;0.12788999999999992;0.5;0.41679999999999967
0.76;0.7755999999999995;0.22;0.1662400000000002;0.36;0.4279600000000003
0.7;0.7150399999999988;0.14;0.12935999999999992;0.44;0.4241599999999999
0.42;0.3908529775086017;0.1;0.1291996875962304;0.18;0.17590081881237274
0.5;0.5032040000000012;0.34;0.3174160000000003;0.18;0.17096000000000014
0.12;0.1291999999999999;0.48;0.4987699999999999;0.18;0.19888000000000053
0.14;0.1394599999999999;0.76;0.7008399999999991;0.38;0.3379199999999996
0.18;0.15858875986758345;0.2;0.23890810287751504;0.22;0.14822713852813857
0.36;0.3304;0.3;0.34888000000000013;0.44;0.43067999999999945
0.1;0.11155999999999996;0.62;0.6175999999999985;0.4;0.4151600000000002
0.36;0.3581200000000011;0.42;0.42187999999999937;0.28;0.34684
0.2;0.21393289682539732;0.22;0.21419034126984166;0.2;0.19086142063492054
0.18;0.16800000000000012;0.58;0.5795199999999996;0.48;0.43539999999999923
0.7;0.6977199999999991;0.2;0.22376000000000024;0.26;0.2647999999999997
0.24;0.23145476037687865;0.14;0.17098584950343793;0.34;0.23035222587216703
0.82;0.8324566666666656;0.16;0.12147399999999994;0.12;0.18034999999999987
0.34;0.33564000000000055;0.54;0.5659999999999996;0.3;0.2935199999999999
0.64;0.609519999999998;0.22;0.27092000000000016;0.14;0.12588000000000013
0.18;0.17044000000000015;0.74;0.698719999999999;0.3;0.27032
0.56;0.5568400000000006;0.22;0.24296000000000065;0.44;0.4221199999999998
0.32;0.31777333333333385;0.62;0.5666826666666663;0.14;0.12101333333333342
0.32;0.3172800000000006;0.36;0.3700000000000009;0.32;0.33816000000000024
0.58;0.5815999999999997;0.24;0.25976000000000055;0.3;0.3043600000000003
0.44;0.4466079999999983;0.54;0.4545806666666668;0.24;0.22503999999999982
0.3;0.30194733333333473;0.54;0.532962222222223;0.4;0.40054888888888895
0.52;0.512300000000002;0.28;0.32196666666666685;0.3;0.31904
0.68;0.6730000000000005;0.2;0.23688000000000065;0.24;0.2302799999999999
0.28;0.27735830303030284;0.44;0.4432984242424235;0.38;0.37260727272727284
0.14;0.1753309365079367;0.3;0.26051468253968285;0.1;0.13399080952380954
0.22;0.22040000000000073;0.58;0.5886199999999996;0.32;0.3318399999999998
0.26;0.26546533333333355;0.4;0.395913333333334;0.32;0.3298533333333332
0.5;0.4985600000000001;0.28;0.2875200000000007;0.28;0.2887599999999998
0.14;0.1395999999999999;0.16;0.16216000000000017;0.38;0.3763600000000002
0.2;0.20544000000000046;0.6;0.5898799999999992;0.16;0.15808
0.12;0.12515999999999994;0.26;0.2594800000000001;0.48;0.4828799999999987
0.56;0.5565600000000005;0.38;0.37492000000000014;0.42;0.4180400000000003
0.42;0.40186973521795133;0.12;0.12793120255724885;0.2;0.21341304661648158
0.14;0.12755999999999992;0.16;0.18464000000000041;0.5;0.44808000000000003
0.3;0.29776000000000147;0.68;0.6414719999999999;0.42;0.3989999999999993
0.1;0.11535999999999996;0.86;0.8046199999999993;0.2;0.18736000000000036
0.12;0.11923883931259419;0.1;0.11166203345456177;0.22;0.17184581908343005
0.52;0.5178600000000022;0.26;0.27365333333333386;0.5;0.46939999999999904
0.6;0.6210929462694149;0.14;0.11851212664459719;0.12;0.16460563237416176
0.8;0.7844195238095237;0.1;0.1574557142857143;0.26;0.2133823809523811
0.18;0.14846790171521787;0.1;0.13372325660924994;0.12;0.13960672795784906
0.12;0.12746914285714278;0.16;0.15463790476190467;0.3;0.278296
0.24;0.23408000000000087;0.34;0.39140333333333455;0.22;0.231
0.22;0.21854666666666725;0.74;0.6733199999999987;0.22;0.21195999999999984
0.38;0.37408000000000186;0.38;0.4136000000000011;0.28;0.31996000000000013
0.24;0.21980512011030762;0.1;0.12168674182841435;0.26;0.20242867238424161
0.46;0.46031999999999784;0.36;0.4057200000000003;0.3;0.28123999999999977
0.1;0.10809420634920634;0.1;0.10376523809523809;0.16;0.20928349206349192
0.44;0.40337962928858584;0.1;0.13219849196986583;0.2;0.15878534978644537
0.62;0.6103599999999987;0.22;0.26724000000000053;0.42;0.4128000000000004
0.44;0.44379999999999814;0.34;0.36802000000000046;0.46;0.4639999999999995
0.16;0.16320000000000012;0.52;0.5091600000000014;0.5;0.4694799999999992
0.22;0.2256400000000008;0.28;0.2828400000000004;0.22;0.22799999999999984
0.1;0.12047999999999993;0.62;0.619;0.36;0.37512000000000023
0.24;0.23437000000000086;0.68;0.6659599999999991;0.14;0.13688000000000017
0.2;0.19712000000000038;0.28;0.29124000000000094;0.42;0.40527999999999853
0.7;0.7145599999999969;0.22;0.2148800000000007;0.48;0.44376000000000104
0.22;0.2328400000000008;0.54;0.5486800000000007;0.18;0.1914000000000001
0.44;0.4295999999999989;0.16;0.16402666666666685;0.36;0.34935999999999984
0.64;0.6314399999999996;0.28;0.2909100000000008;0.14;0.1444000000000001
0.1;0.11309658719129567;0.1;0.10611201874508468;0.28;0.18260751085085108
0.34;0.3411944462759471;0.12;0.12398085184945766;0.28;0.2543179084249087
0.42;0.4075400000000004;0.28;0.3301200000000002;0.16;0.17820000000000005
0.28;0.2872100000000004;0.58;0.5560199999999997;0.14;0.13491999999999993
0.44;0.4386733333333314;0.42;0.46630666666666726;0.34;0.3306266666666671
0.2;0.20102866579614098;0.16;0.1503858430009073;0.14;0.181020550968712
0.3;0.30200000000000143;0.3;0.29544000000000037;0.44;0.45047999999999994
0.44;0.4370776190476171;0.48;0.47960857142857133;0.42;0.4218876190476191
0.1;0.12231999999999994;0.58;0.5701199999999997;0.32;0.33491999999999983
0.48;0.48245199999999866;0.46;0.44506266666666616;0.42;0.4243720000000005
0.34;0.34390800000000077;0.48;0.47763933333333297;0.4;0.3932799999999999
0.22;0.21357500000000051;0.72;0.6887999999999991;0.16;0.15263999999999997
0.48;0.47305999999999904;0.16;0.16026;0.24;0.25870000000000015
0.24;0.2506400000000004;0.64;0.6441033333333324;0.14;0.14220000000000008
0.28;0.3026400000000011;0.52;0.5234800000000004;0.26;0.31444000000000033
0.34;0.3348000000000003;0.4;0.45999999999999946;0.26;0.31979999999999964
0.56;0.566920000000001;0.4;0.3242400000000004;0.3;0.3186000000000001
0.16;0.15736000000000003;0.18;0.1956400000000003;0.36;0.33236000000000004
0.52;0.529115855208433;0.12;0.11431213947524779;0.22;0.1977764038527691
0.4;0.4022666666666676;0.54;0.5024066666666672;0.22;0.20427999999999988
0.1;0.12190009523809518;0.18;0.14890793650793638;0.18;0.2629245620915034
0.76;0.7680399999999988;0.14;0.16519200000000017;0.14;0.16007999999999994
0.18;0.17724000000000023;0.26;0.26296000000000036;0.24;0.24948000000000023
0.38;0.38389333333333525;0.48;0.48752000000000034;0.32;0.3296400000000005
0.1;0.11355999999999997;0.44;0.4275599999999994;0.38;0.38251999999999897
0.38;0.3870533333333348;0.28;0.2590000000000001;0.12;0.15300000000000002
0.12;0.12283999999999994;0.44;0.4400799999999984;0.3;0.2954399999999995
0.1;0.10751999999999998;0.18;0.18916000000000047;0.5;0.43163999999999964
0.48;0.506133333333334;0.18;0.15316666666666662;0.1;0.13221333333333338
0.54;0.5338000000000019;0.18;0.18424000000000018;0.32;0.30191999999999986
0.24;0.2500648932178937;0.24;0.22185813636363685;0.16;0.1789811464646464
0.74;0.7530000000000006;0.24;0.18192000000000036;0.38;0.42276000000000036
0.64;0.6595200000000018;0.14;0.12043999999999995;0.1;0.13136000000000006
0.1;0.11967999999999995;0.74;0.7711999999999982;0.1;0.10595999999999998
0.34;0.33654530650830733;0.12;0.11657347508047504;0.24;0.24316190535390536
0.14;0.14415999999999987;0.52;0.533960000000001;0.26;0.29623999999999995
0.3;0.3089049529065004;0.14;0.14858356320377808;0.3;0.20922726769676975
0.76;0.764732527472527;0.14;0.1685027362637364;0.18;0.18478769230769232
0.36;0.3847363223443238;0.22;0.20257129670329718;0.16;0.17129951648351646
0.16;0.14435999999999988;0.38;0.4100000000000005;0.32;0.31244000000000016
0.14;0.1329599999999999;0.42;0.43675999999999915;0.2;0.20647999999999986
0.48;0.4742142857142841;0.36;0.4341201904761902;0.28;0.31807199999999997
0.46;0.4610699999999982;0.34;0.3554300000000004;0.22;0.21579999999999985
0.16;0.15051999999999985;0.26;0.2562400000000004;0.26;0.29104
0.56;0.5925080000000008;0.42;0.30524866666666706;0.1;0.12120000000000009
0.72;0.7355799999999982;0.24;0.18712000000000029;0.1;0.12436000000000007
0.48;0.49118600000000134;0.24;0.22353333333333403;0.12;0.1416000000000001
0.2;0.19592000000000037;0.2;0.20760000000000048;0.44;0.4322799999999992
0.22;0.20540000000000044;0.14;0.16360000000000008;0.48;0.40799999999999964
0.28;0.2818566666666667;0.64;0.6259288888888902;0.18;0.17408000000000032
0.1;0.12447999999999992;0.34;0.3217200000000003;0.26;0.2666000000000001
0.36;0.35528000000000093;0.52;0.5570799999999994;0.32;0.3230400000000002
0.44;0.4376199999999982;0.44;0.48217333333333384;0.24;0.2747200000000001
0.32;0.31308000000000097;0.66;0.5998799999999991;0.46;0.4044799999999995
0.16;0.15771999999999997;0.24;0.2375200000000006;0.4;0.41248000000000007
0.5;0.47053411747729357;0.1;0.12549638697903398;0.2;0.16132588192852895
0.54;0.5448800000000008;0.42;0.37388000000000016;0.38;0.36847999999999986
0.46;0.46782142857142645;0.46;0.4509719047619047;0.32;0.3356766666666669
0.36;0.3666000000000018;0.44;0.4933199999999998;0.18;0.21156000000000005
0.38;0.33579277839337;0.1;0.12817808409723025;0.1;0.17214942387837606
0.26;0.2637009999999996;0.62;0.6369528888888882;0.46;0.46813333333333296
0.4;0.3853866666666682;0.24;0.24602000000000057;0.26;0.24460000000000023
0.26;0.2786117908757912;0.2;0.18876647552447587;0.24;0.23319555755355745
0.26;0.25496000000000046;0.22;0.22082000000000046;0.28;0.30236000000000035
0.7;0.68552;0.1;0.11471999999999996;0.34;0.28692000000000073
0.8;0.7960340512820506;0.18;0.14429897435897424;0.18;0.18001435897435902
0.36;0.348333333333334;0.32;0.346693333333334;0.26;0.3018266666666668
0.2;0.20891666666666706;0.18;0.19307866666666695;0.34;0.2811613333333332
0.58;0.5777999999999999;0.2;0.24764000000000067;0.28;0.2546800000000006
0.4;0.40801500000000035;0.46;0.48598500000000044;0.22;0.23919999999999986
0.68;0.6782400000000011;0.14;0.14039999999999989;0.42;0.4033599999999996
0.34;0.3308000000000001;0.46;0.4862000000000007;0.16;0.15703999999999999
0.32;0.3202000000000006;0.36;0.36160000000000087;0.46;0.44408000000000014
0.38;0.37736000000000214;0.54;0.5421200000000004;0.42;0.37340000000000023
0.3;0.3049866666666677;0.38;0.46355999999999964;0.12;0.16976
0.38;0.3713777745098051;0.14;0.1429526232492996;0.24;0.24579805322128875
0.16;0.15007999999999985;0.62;0.6249999999999989;0.42;0.4119999999999999
0.12;0.12971999999999992;0.3;0.28760000000000036;0.38;0.3975199999999999
0.5;0.5026733333333352;0.44;0.41959333333333326;0.48;0.45957999999999977
0.7;0.6889599999999988;0.18;0.20384000000000024;0.38;0.3882800000000005
0.26;0.258167461760462;0.16;0.15998015079365088;0.2;0.23904732251082236
0.28;0.29017611904761903;0.16;0.1605448650793652;0.28;0.2599792777777781
0.18;0.17024500000000017;0.68;0.6718649999999988;0.34;0.3304640000000005
0.28;0.27587608658008606;0.54;0.5761265887445889;0.34;0.36240351515151514
0.44;0.4513013333333314;0.48;0.46496285714285757;0.14;0.1408133333333333
0.28;0.27967999999999976;0.48;0.47823999999999905;0.46;0.41728000000000004
0.42;0.41677933333333333;0.3;0.35571000000000064;0.1;0.11996000000000007
0.26;0.2680866666666666;0.46;0.49696000000000023;0.14;0.16775999999999985
0.56;0.5475200000000013;0.14;0.14515999999999987;0.3;0.2751199999999999
0.42;0.4148773333333331;0.4;0.4794346666666674;0.16;0.15177600000000005
0.58;0.5748600000000004;0.22;0.2671400000000006;0.16;0.1596000000000001
0.26;0.258693333333333;0.64;0.6184399999999992;0.44;0.41262000000000043
0.44;0.44474766666666454;0.48;0.47758400000000045;0.48;0.4347999999999999
0.14;0.14147999999999986;0.72;0.7252799999999976;0.48;0.4770799999999988
0.3;0.3235317988676188;0.16;0.13176066591069627;0.12;0.21096716253200015
0.34;0.31722571428571483;0.32;0.3958285714285723;0.12;0.13848
0.1;0.11271999999999997;0.52;0.49792000000000153;0.3;0.2833599999999996
0.1;0.12435999999999993;0.72;0.7017999999999992;0.18;0.17036000000000023
0.56;0.5656533333333345;0.36;0.34229000000000015;0.48;0.4633599999999986
0.1;0.11711999999999997;0.16;0.15087999999999985;0.5;0.4372799999999998
0.46;0.46457999999999816;0.36;0.3710000000000002;0.44;0.4292599999999995
0.46;0.40732089665889704;0.1;0.14690845865245852;0.16;0.1486436911976911
0.12;0.12332190476190469;0.28;0.26559095238095276;0.2;0.23107428571428573
0.46;0.47651999999999883;0.2;0.18102666666666686;0.22;0.26680000000000004
0.32;0.3227865082096903;0.14;0.1410104507177791;0.16;0.14822355996260164
0.12;0.1300399999999999;0.22;0.2002000000000005;0.36;0.42196000000000017
0.38;0.3822960000000016;0.56;0.44437200000000016;0.16;0.13292
0.34;0.33816000000000057;0.62;0.5914799999999991;0.44;0.4197199999999996
0.16;0.1481963446226238;0.1;0.12358672539161579;0.28;0.22865018124937997
0.12;0.12696199999999994;0.76;0.7292806666666654;0.32;0.30531866666666685
0.26;0.26327999999999985;0.3;0.2969600000000004;0.48;0.48012
0.52;0.5284430303030321;0.12;0.11304181818181815;0.28;0.25882
0.74;0.75484;0.24;0.1745600000000003;0.34;0.38768000000000014
0.34;0.350360000000001;0.46;0.5299599999999998;0.18;0.20120000000000005
0.52;0.5321200000000019;0.42;0.36691666666666706;0.22;0.20148000000000002
0.26;0.26282666666666654;0.42;0.4722666666666661;0.18;0.23081333333333315
0.58;0.5765199999999996;0.2;0.2368400000000005;0.4;0.3777199999999996
0.56;0.5512200000000009;0.22;0.2684200000000005;0.18;0.17548000000000022
0.28;0.28023999999999977;0.22;0.22816000000000058;0.38;0.35875999999999975
0.1;0.11467999999999998;0.56;0.5574400000000008;0.42;0.430040000000001
0.18;0.1649600000000002;0.42;0.44871999999999984;0.1;0.10844000000000001
0.14;0.14707999999999985;0.36;0.3459200000000007;0.48;0.49011999999999867
0.42;0.42084383006535864;0.42;0.4769366704014946;0.12;0.11693183193277316
0.1;0.11159999999999996;0.82;0.7928866666666643;0.5;0.47563999999999834
0.32;0.3164600000000006;0.42;0.4241799999999996;0.38;0.41248000000000024
0.72;0.7187599999999976;0.2;0.21040000000000034;0.2;0.20651999999999995
0.3;0.3025733333333346;0.48;0.4676133333333328;0.38;0.3652400000000001
0.22;0.22408800000000076;0.44;0.4450399999999989;0.38;0.4157999999999994
0.26;0.2548000000000002;0.36;0.38752000000000114;0.34;0.3663199999999996
0.1;0.12999999999999992;0.56;0.5613999999999997;0.12;0.12872000000000006
0.54;0.5519931111111118;0.16;0.1467772222222221;0.12;0.15878255555555562
0.3;0.2998171929824573;0.38;0.38702684210526384;0.26;0.2747701754385964
0.24;0.2367281818181824;0.7;0.6199656060606057;0.16;0.14850409090909084
0.14;0.14304999999999987;0.84;0.7769199999999975;0.5;0.4872399999999992
0.38;0.3779800000000018;0.54;0.5231800000000001;0.3;0.2828399999999999
0.14;0.1323199999999999;0.42;0.4249600000000001;0.26;0.26412000000000047
0.66;0.6586800000000005;0.24;0.24884000000000062;0.34;0.34676000000000023
0.38;0.3860400000000013;0.24;0.23712000000000058;0.32;0.31628
0.24;0.23080000000000098;0.2;0.22700000000000067;0.5;0.44343999999999895
0.76;0.7633100000000003;0.2;0.17840000000000023;0.3;0.3099200000000002
0.52;0.5114391111111128;0.34;0.408001111111111;0.4;0.38231555555555474
0.28;0.27734666666666624;0.64;0.6165066666666658;0.34;0.3193599999999999
0.82;0.8144499999999996;0.1;0.1325399999999999;0.2;0.20798999999999981
0.34;0.3350066666666668;0.36;0.3612400000000009;0.32;0.3060666666666666
0.18;0.17728000000000016;0.54;0.5612800000000004;0.34;0.36172
0.22;0.21728000000000064;0.32;0.33504000000000067;0.5;0.4807599999999982
0.54;0.5236400000000023;0.22;0.27872000000000047;0.4;0.35399999999999976
0.86;0.7769133333333325;0.1;0.17097733333333337;0.1;0.17391999999999985
0.44;0.4530514285714274;0.18;0.16369285714285722;0.2;0.2300880000000002
0.56;0.5692800000000009;0.34;0.34305333333333377;0.26;0.27808
0.66;0.6764000000000027;0.16;0.14499999999999988;0.2;0.22452000000000005
0.24;0.24656000000000075;0.5;0.5065200000000007;0.38;0.43948000000000054
0.38;0.382859142857145;0.52;0.5214728571428573;0.5;0.46610399999999946
0.54;0.5546165079365086;0.12;0.11953079365079361;0.16;0.2388723809523811
0.32;0.3161200000000005;0.34;0.3549200000000009;0.4;0.39660000000000023
0.12;0.12079161904761898;0.82;0.7994868571428562;0.38;0.3781919999999988
0.26;0.2487900000000005;0.46;0.48071999999999987;0.2;0.18824000000000016
0.6;0.5977599999999995;0.24;0.2587333333333334;0.38;0.3844399999999997
0.34;0.3412993333333339;0.12;0.12501333333333325;0.36;0.35411999999999966
0.28;0.2723666666666665;0.4;0.4759866666666669;0.2;0.2646933333333334
0.44;0.4249562857142847;0.32;0.3624209523809533;0.1;0.11302857142857148
0.56;0.5576400000000004;0.3;0.357353333333334;0.16;0.15808000000000014
0.24;0.23791270114199603;0.22;0.21332465582130325;0.16;0.18168679386626446
0.66;0.6590000000000001;0.32;0.28516000000000113;0.3;0.3042400000000001
0.68;0.6547599999999997;0.1;0.12979999999999994;0.36;0.2575599999999998
0.44;0.4279799999999989;0.32;0.3442000000000003;0.18;0.18307333333333348
0.28;0.28680000000000044;0.62;0.6132600000000006;0.14;0.13735999999999998
0.1;0.11019999999999998;0.26;0.2561200000000004;0.46;0.4525600000000008
0.38;0.37828000000000184;0.42;0.5062799999999994;0.16;0.18059999999999996
0.32;0.32324000000000047;0.42;0.4349200000000001;0.16;0.17664000000000002
0.14;0.15685964802002259;0.2;0.1835515899812264;0.14;0.15576443528040587
0.7;0.6826400000000004;0.1;0.11823999999999997;0.28;0.2138799999999998
0.2;0.20224000000000053;0.76;0.7024666666666658;0.34;0.33893333333333364
0.14;0.14122666666666656;0.7;0.7454966666666654;0.1;0.10864
0.42;0.42367999999999917;0.34;0.3384800000000002;0.3;0.3176800000000003
0.22;0.2193200000000006;0.56;0.5481600000000005;0.42;0.40687999999999996
0.18;0.17948000000000025;0.8;0.7401199999999988;0.32;0.3184800000000009
0.7;0.6934399999999985;0.12;0.12607999999999991;0.38;0.3780800000000001
0.54;0.5360280000000014;0.34;0.36926400000000076;0.34;0.31731999999999994
0.12;0.15007999999999985;0.38;0.3356400000000003;0.22;0.24852000000000013
0.5;0.5023417777777792;0.3;0.3400622222222224;0.18;0.21843999999999983
0.2;0.19876000000000055;0.58;0.5756000000000001;0.42;0.3992799999999996
0.22;0.2270000000000005;0.28;0.27686666666666715;0.18;0.18110666666666658
0.12;0.1291999999999999;0.26;0.2562000000000005;0.46;0.46320000000000017
0.34;0.35584000000000116;0.5;0.4565199999999994;0.32;0.27663999999999983
0.36;0.3580828571428586;0.62;0.5259546031746027;0.14;0.1253200000000001
0.12;0.12495999999999993;0.5;0.5063200000000013;0.42;0.45171999999999973
0.62;0.6146399999999992;0.22;0.2788800000000003;0.22;0.21451999999999982
0.68;0.6779999999999997;0.2;0.2373333333333338;0.22;0.2131199999999999
0.3;0.29671707070707154;0.52;0.5301769696969697;0.4;0.3878626262626263
0.14;0.13963999999999988;0.32;0.3152000000000006;0.32;0.33064000000000016
0.38;0.3771600000000019;0.38;0.4011200000000002;0.24;0.24707999999999988
0.4;0.41005;0.58;0.5178700000000007;0.2;0.22904
0.34;0.3361120000000007;0.54;0.5173760000000007;0.44;0.3877999999999999
0.16;0.15948000000000007;0.54;0.5372000000000013;0.34;0.3387200000000002
0.16;0.15515999999999996;0.52;0.5287200000000007;0.12;0.12516000000000013
0.12;0.116626074383193;0.1;0.11695187257923621;0.3;0.19336052585476726
0.28;0.2852800000000001;0.22;0.2296800000000006;0.4;0.38359999999999966
0.36;0.3540438888888898;0.1;0.11202022222222219;0.34;0.2925366666666668
0.64;0.6428399999999992;0.32;0.28096000000000015;0.42;0.4278400000000013
0.16;0.15527999999999997;0.48;0.5284800000000003;0.14;0.15836
0.26;0.26035333333333366;0.16;0.17624666666666688;0.38;0.31474666666666706
0.2;0.18411166666666695;0.1;0.12957999999999992;0.5;0.378845
0.34;0.3366600000000005;0.44;0.45676999999999907;0.32;0.3298
0.44;0.44309333333333145;0.22;0.2326933333333343;0.48;0.4365666666666662
0.3;0.33458400000000016;0.32;0.2843200000000009;0.28;0.32520000000000027
0.48;0.469879999999998;0.16;0.16108000000000022;0.48;0.46919999999999806
0.16;0.15670599074781424;0.24;0.24972965121806337;0.16;0.14967829004329003
0.36;0.36368200000000134;0.18;0.17657000000000034;0.26;0.26461999999999986
0.62;0.6209999999999993;0.24;0.25752000000000064;0.48;0.47699999999999854
0.34;0.3388400000000009;0.6;0.5648799999999999;0.44;0.42600000000000016
0.24;0.2298000000000007;0.38;0.4495700000000007;0.12;0.14003999999999991
0.7;0.6963999999999982;0.14;0.16448000000000013;0.48;0.32443999999999973
0.4;0.3962400000000014;0.34;0.3470400000000002;0.44;0.4434399999999995
0.8;0.7866799999999992;0.12;0.14727999999999986;0.46;0.39244000000000046
0.28;0.28861333333333344;0.16;0.15864000000000006;0.34;0.3507199999999999
0.28;0.27384400000000003;0.36;0.4991960000000002;0.1;0.15930799999999984
0.12;0.12377999999999992;0.78;0.7673599999999995;0.22;0.21103999999999973
0.42;0.42130769230769166;0.12;0.12200564102564096;0.26;0.24214820512820526
0.22;0.21224000000000043;0.58;0.6171799999999991;0.3;0.3054399999999998
0.38;0.3870533333333347;0.36;0.35536000000000056;0.12;0.13012
0.46;0.47115257142856964;0.5;0.4221180952380951;0.1;0.11921142857142866
0.66;0.6613599999999996;0.14;0.13843999999999987;0.2;0.2114000000000001
0.58;0.5824400000000001;0.34;0.3432000000000007;0.26;0.2602400000000001
0.46;0.45551999999999804;0.18;0.17630000000000012;0.44;0.4427599999999994
0.26;0.2621599999999998;0.46;0.4512799999999985;0.5;0.45895999999999954
0.8;0.8062933333333316;0.1;0.14497333333333323;0.14;0.18308999999999995
0.4;0.40971333333333354;0.52;0.5061433333333337;0.28;0.29808
0.44;0.44244723809523606;0.42;0.4621933333333335;0.32;0.35779523809523806
0.16;0.15828;0.42;0.42895999999999906;0.42;0.4195200000000005
0.44;0.4311113333333324;0.3;0.39651800000000087;0.1;0.11291500000000003
0.2;0.20934000000000044;0.3;0.30244000000000076;0.2;0.19820000000000002
0.46;0.4609599999999979;0.3;0.30412000000000006;0.4;0.38539999999999985
0.28;0.2748799999999998;0.16;0.18540000000000031;0.5;0.4148799999999996
0.16;0.15961460233918134;0.16;0.17560345614035117;0.28;0.23150528654970773
0.22;0.23204000000000072;0.34;0.3067200000000006;0.36;0.4082799999999998
0.1;0.11387999999999995;0.78;0.774259999999999;0.16;0.15120000000000006
0.4;0.401440000000001;0.16;0.14969999999999986;0.36;0.3938000000000004
0.46;0.47067999999999816;0.52;0.4576533333333326;0.5;0.46223999999999926
0.12;0.1296999999999999;0.74;0.7110266666666653;0.26;0.2590399999999999
0.26;0.25736000000000003;0.4;0.5628799999999997;0.18;0.26483999999999985
0.18;0.18464000000000028;0.34;0.3237600000000004;0.28;0.29983999999999994
0.26;0.2620891428571426;0.66;0.6153991428571416;0.36;0.34551733333333334
0.36;0.36310200000000165;0.62;0.5241959999999992;0.16;0.15495200000000003
0.4;0.40162000000000087;0.42;0.43251999999999985;0.18;0.18352
0.16;0.1627200000000001;0.56;0.5594800000000004;0.36;0.37199999999999983
0.48;0.48280499999999893;0.4;0.40814023809523814;0.42;0.41833500000000007
0.12;0.13107333333333326;0.66;0.7039999999999986;0.12;0.12528000000000014
0.7;0.6919199999999999;0.12;0.11907999999999995;0.42;0.4567999999999982
0.46;0.45043999999999806;0.28;0.3011360000000002;0.2;0.20600000000000002
0.26;0.2614285714285711;0.68;0.6462246031746031;0.44;0.43114000000000036
0.4;0.3907600000000019;0.3;0.3378000000000007;0.34;0.3407600000000005
0.64;0.6539300000000007;0.26;0.2579040000000006;0.14;0.14906000000000008
0.72;0.7184399999999974;0.2;0.17212000000000008;0.38;0.3930800000000003
0.18;0.17960000000000034;0.3;0.2986400000000002;0.28;0.2844000000000004
0.36;0.36314333333333454;0.24;0.24711666666666743;0.42;0.39889333333333277
0.44;0.43693333333333134;0.22;0.2408933333333344;0.5;0.43988666666666665
0.52;0.5173292307692328;0.2;0.19769384615384636;0.36;0.3792769230769234
0.12;0.12406199999999995;0.34;0.3330940000000005;0.12;0.1296
0.44;0.43915399999999866;0.5;0.4394635555555561;0.1;0.11077000000000001
0.5;0.4951766666666668;0.34;0.3752800000000001;0.3;0.3038000000000002
0.14;0.1376399999999999;0.48;0.4924800000000006;0.4;0.41864000000000096
0.2;0.20097783674495487;0.2;0.204995749818809;0.18;0.1846835693130399
0.38;0.38020000000000215;0.46;0.5052400000000001;0.3;0.33832000000000007
0.28;0.28108000000000044;0.26;0.2700400000000006;0.48;0.44252
0.86;0.8362899999999985;0.1;0.11931099999999994;0.12;0.15784766666666655
0.36;0.347760000000001;0.62;0.5788399999999986;0.3;0.3194000000000002
0.18;0.16609389701936567;0.16;0.17627354922652305;0.2;0.19189040337001292
0.16;0.15521599999999997;0.72;0.744527999999999;0.2;0.20271999999999987
0.12;0.12523999999999993;0.36;0.3368000000000009;0.32;0.3481600000000001
0.66;0.6615200000000017;0.24;0.26216000000000045;0.42;0.41928000000000126
0.1;0.11039999999999998;0.76;0.8087733333333313;0.32;0.32272000000000045
0.16;0.15788000000000008;0.16;0.15832;0.38;0.42551999999999934
0.36;0.3667573333333349;0.24;0.23318333333333388;0.14;0.1522079999999999
0.46;0.4715919999999985;0.36;0.33742666666666715;0.5;0.47151199999999893
0.3;0.3000000000000007;0.4;0.4284;0.16;0.19008
0.56;0.5580400000000011;0.34;0.3621600000000007;0.48;0.4651999999999985
0.8;0.808439999999999;0.18;0.1359599999999999;0.2;0.22544000000000008
0.16;0.15764000000000003;0.4;0.41016000000000014;0.32;0.3208400000000005
0.28;0.2844400000000001;0.28;0.27627000000000057;0.18;0.19495999999999988
0.54;0.5350000000000018;0.28;0.2893200000000004;0.32;0.3108399999999998
0.54;0.5477200000000008;0.3;0.2970266666666672;0.32;0.33047999999999983
0.48;0.4816446666666659;0.34;0.38803533333333373;0.34;0.34339200000000025
0.24;0.24046600000000085;0.58;0.5171306666666671;0.5;0.3633200000000002
0.2;0.20096000000000044;0.22;0.22926000000000057;0.36;0.3321600000000002
0.24;0.2541983333333334;0.52;0.5987166666666661;0.3;0.38831999999999983
0.64;0.6394799999999984;0.32;0.29636000000000007;0.5;0.48555999999999866
0.24;0.2493600000000007;0.62;0.6299599999999995;0.32;0.32964000000000016
0.62;0.6129999999999997;0.34;0.31340000000000046;0.38;0.39856000000000014
0.26;0.2566000000000004;0.12;0.1395999999999999;0.5;0.38864000000000004
0.76;0.7643600000000004;0.22;0.16200000000000012;0.4;0.4001600000000005
0.28;0.2767599999999999;0.42;0.4097200000000004;0.48;0.4330400000000001
0.28;0.2798799999999999;0.46;0.46295999999999893;0.46;0.4418000000000003
0.46;0.4580799999999978;0.46;0.46276000000000095;0.16;0.1633666666666668
0.1;0.11207999999999997;0.76;0.7904999999999993;0.44;0.44172000000000083
0.12;0.12423999999999995;0.3;0.2887600000000005;0.3;0.3180800000000003
0.22;0.2181533333333339;0.68;0.6715761111111098;0.36;0.349862222222222
0.3;0.2895600000000004;0.66;0.5810666666666664;0.36;0.2898000000000002
0.26;0.2671442857142854;0.52;0.5248914285714288;0.34;0.36407714285714265
0.38;0.3784800000000019;0.48;0.5060000000000004;0.42;0.38860000000000017
0.44;0.431964952380951;0.34;0.39708495238095315;0.14;0.1243085714285715
0.32;0.3196800000000006;0.46;0.4726399999999998;0.3;0.3151599999999999
0.74;0.7348199999999981;0.14;0.18404000000000026;0.32;0.2875600000000001
0.66;0.6616800000000013;0.2;0.2410900000000006;0.22;0.21671999999999994
0.4;0.4057920000000007;0.48;0.4944973333333335;0.4;0.41607999999999984
0.36;0.3577200000000011;0.5;0.5329199999999995;0.38;0.3712400000000001
0.66;0.628000000000001;0.1;0.13403999999999994;0.46;0.39755999999999975
0.38;0.38340000000000235;0.6;0.5330399999999996;0.42;0.38964000000000015
0.6;0.589119999999999;0.34;0.32140000000000035;0.18;0.18172000000000033
0.6;0.5990799999999986;0.34;0.34084000000000036;0.5;0.4799199999999983
0.38;0.3830400000000017;0.46;0.4711600000000001;0.34;0.34616000000000013
0.3;0.29548000000000085;0.28;0.2815600000000005;0.34;0.34607999999999983
0.36;0.3672400000000015;0.24;0.2266400000000009;0.28;0.30408000000000024
0.14;0.14735999999999985;0.34;0.34164000000000067;0.3;0.28243999999999964
0.28;0.28086399999999956;0.7;0.6203226666666662;0.36;0.33651999999999993
0.36;0.3600914285714295;0.12;0.13011428571428563;0.48;0.4292799999999998
0.72;0.7242133333333309;0.26;0.1911700000000004;0.14;0.16028000000000003
0.68;0.6683599999999996;0.1;0.11135999999999999;0.12;0.14676000000000008
0.16;0.1531359999999999;0.26;0.26280000000000053;0.22;0.23759999999999995
0.14;0.14767999999999987;0.32;0.31272000000000016;0.28;0.28156000000000037
0.5;0.5137846666666684;0.42;0.3878120000000003;0.12;0.12508800000000006
0.32;0.31828000000000084;0.5;0.4921599999999995;0.24;0.2162
0.4;0.39480000000000126;0.18;0.18712000000000029;0.44;0.4071199999999995
0.36;0.36204000000000086;0.2;0.18132;0.38;0.4284399999999996
0.38;0.38296000000000197;0.44;0.4790799999999995;0.36;0.37751999999999974
0.86;0.8403199999999983;0.1;0.11471999999999996;0.48;0.3816799999999997
0.52;0.515000000000002;0.24;0.2602800000000006;0.32;0.3102799999999997
0.3;0.2821600000000001;0.22;0.2300800000000007;0.24;0.24856000000000003
0.2;0.20141005708302784;0.12;0.12835567633194328;0.26;0.20722833029126325
0.68;0.6783199999999996;0.24;0.22012000000000037;0.22;0.23171999999999976
0.1;0.11459999999999998;0.54;0.5383600000000014;0.36;0.38583999999999913
0.48;0.4798799999999985;0.34;0.36120000000000024;0.24;0.2619999999999999
0.16;0.15560000000000002;0.32;0.31883999999999996;0.34;0.35060000000000036
0.68;0.6781599999999998;0.24;0.23652000000000034;0.24;0.2437199999999998
0.24;0.23290400000000103;0.7;0.6774719999999992;0.4;0.37411999999999934
0.78;0.6387599999999983;0.1;0.19500000000000006;0.42;0.34847999999999973
0.26;0.2546000000000002;0.42;0.41684000000000004;0.44;0.4326399999999998
0.38;0.38218285714285916;0.44;0.468085714285714;0.2;0.20199999999999996
0.78;0.7835199999999997;0.18;0.15796;0.32;0.35288
0.52;0.48996000000000084;0.1;0.12187999999999996;0.48;0.38551999999999986
0.8;0.7921199999999986;0.12;0.14567999999999987;0.44;0.41612
0.5;0.494080000000001;0.24;0.28608000000000033;0.24;0.21244000000000005
0.44;0.4605159999999993;0.22;0.20289600000000046;0.12;0.156884
0.2;0.19846768686868718;0.22;0.22100172005772048;0.18;0.1938898845598846
0.24;0.24212000000000072;0.36;0.4381900000000008;0.18;0.2423599999999999
0.46;0.46145266666666435;0.48;0.4409920000000007;0.22;0.23841599999999996
0.44;0.4455568571428554;0.54;0.4642328571428573;0.36;0.33876
0.32;0.32749823590756183;0.12;0.12036927666192065;0.28;0.2768129084801562
0.38;0.386637857142859;0.46;0.4949207142857144;0.14;0.15437333333333336
0.2;0.20062500000000055;0.58;0.5822749999999992;0.28;0.28552000000000005
0.66;0.655760000000001;0.22;0.2577933333333337;0.14;0.1403600000000001
0.24;0.2236000000000006;0.74;0.6914399999999985;0.1;0.10608
0.6;0.5967999999999988;0.24;0.28280000000000044;0.48;0.46531999999999896
0.4;0.41213300505050515;0.16;0.1480822063492062;0.18;0.20077369841269838
0.2;0.20484000000000044;0.74;0.6787599999999986;0.26;0.2660400000000001
0.24;0.27876264923672833;0.18;0.1348624914763598;0.1;0.2107946454451981
0.14;0.1367199999999999;0.14;0.16320000000000012;0.46;0.41552000000000044
0.46;0.449079999999998;0.26;0.3017199999999999;0.32;0.3573200000000001
0.36;0.34656000000000076;0.48;0.5085200000000007;0.2;0.1816399999999999
0.24;0.24048000000000086;0.32;0.3128000000000008;0.46;0.475919999999999
0.38;0.37952000000000174;0.32;0.3393600000000005;0.12;0.12636000000000008
0.58;0.5792000000000004;0.38;0.31864000000000037;0.2;0.20327999999999996
0.14;0.14012761904761892;0.28;0.2818600000000006;0.18;0.18886285714285728
0.32;0.32168714285714345;0.6;0.5569585714285712;0.2;0.2030742857142857
0.22;0.2350181818181825;0.76;0.6359172727272727;0.16;0.149589090909091
0.1;0.10776;0.4;0.42187999999999964;0.28;0.26028000000000023
0.68;0.6711200000000009;0.12;0.12871999999999992;0.2;0.1978400000000001
0.48;0.47383999999999843;0.16;0.16428000000000023;0.38;0.3750799999999999
0.3;0.30418933333333464;0.56;0.5389342222222223;0.38;0.36775555555555584
0.34;0.33929020418470446;0.18;0.17653331962481986;0.18;0.1828513455988455
0.32;0.31418326923076967;0.1;0.1202774743589743;0.4;0.3060171025641024
0.62;0.64304;0.18;0.16132000000000007;0.34;0.3314400000000003
0.54;0.5294333333333353;0.24;0.28298000000000056;0.16;0.14775999999999997
0.38;0.3893600000000015;0.54;0.5033199999999991;0.18;0.19844000000000006
0.32;0.3267013333333338;0.26;0.25503666666666724;0.18;0.17843999999999988
0.34;0.33785909523809554;0.14;0.14000928571428561;0.36;0.3717729999999997
0.56;0.5630600000000011;0.34;0.36560000000000087;0.3;0.3093600000000001
0.7;0.6951999999999993;0.12;0.1290399999999999;0.34;0.28896000000000005
0.3;0.34846093284493324;0.22;0.1914670842490846;0.16;0.1491670378510379
0.58;0.5782400000000011;0.1;0.10768;0.38;0.3713599999999997
0.26;0.26331333333333334;0.32;0.2959150000000008;0.18;0.21809000000000003
0.26;0.2668933333333334;0.54;0.6470399999999998;0.1;0.11136000000000004
0.12;0.11710666666666662;0.58;0.5688266666666668;0.48;0.4642799999999987
0.18;0.17181500000000022;0.14;0.1385899999999999;0.3;0.36204500000000006
0.64;0.6344799999999985;0.18;0.2289200000000002;0.38;0.3735599999999991
0.54;0.549145333333334;0.38;0.3637473333333337;0.28;0.26496000000000014
0.36;0.35540000000000127;0.28;0.27216000000000024;0.2;0.22592000000000018
0.36;0.363360000000001;0.54;0.5315600000000004;0.44;0.43148
0.18;0.17740000000000022;0.6;0.573906666666667;0.3;0.2885600000000001
0.36;0.36008000000000134;0.62;0.4981599999999997;0.42;0.3647600000000001
0.12;0.11943999999999995;0.4;0.43315999999999993;0.22;0.22539999999999996
0.1;0.11542072874493922;0.12;0.11195255060728741;0.34;0.3628131174089066
0.12;0.12231999999999994;0.8;0.7995899999999978;0.26;0.2578400000000001
0.22;0.22400000000000078;0.3;0.2841599999999999;0.28;0.31240000000000057
0.34;0.3559600000000013;0.52;0.46391999999999955;0.36;0.3063600000000001
0.1;0.11559999999999995;0.38;0.35660000000000075;0.5;0.483599999999999
0.32;0.33671647342270844;0.16;0.13847722563599812;0.14;0.1699525924178987
0.64;0.6335799999999954;0.1;0.10533999999999999;0.4;0.3406149999999996
0.32;0.3262000000000002;0.44;0.47369333333333297;0.1;0.11872000000000008
0.26;0.26612266666666673;0.44;0.43852399999999886;0.24;0.27482000000000023
0.64;0.6391599999999987;0.24;0.28168000000000026;0.44;0.43712000000000034
0.3;0.29898666666666734;0.26;0.2540800000000003;0.36;0.37350666666666676
0.34;0.3412400000000008;0.64;0.5617999999999983;0.36;0.3437600000000004
0.7;0.6938799999999992;0.16;0.19900000000000026;0.32;0.2989599999999998
0.32;0.3148400000000008;0.3;0.29096000000000055;0.24;0.26368000000000047
0.46;0.45859999999999795;0.34;0.3388600000000006;0.5;0.4743999999999987
0.22;0.22549000000000063;0.46;0.4984799999999997;0.12;0.13904000000000002
0.32;0.30832000000000076;0.32;0.35776000000000113;0.32;0.29930666666666655
0.2;0.20412000000000044;0.46;0.5213;0.1;0.1232800000000001
0.16;0.1589699047619049;0.76;0.7515582857142846;0.38;0.37603428571428477
0.1;0.12038999999999996;0.68;0.7087299999999974;0.3;0.30962000000000023
0.38;0.37108000000000146;0.32;0.3373600000000005;0.44;0.4424399999999995
0.32;0.3177200000000004;0.14;0.1410399999999999;0.46;0.44935999999999987
0.22;0.21560000000000054;0.66;0.6668599999999998;0.2;0.20887999999999987
0.5;0.4906693333333331;0.36;0.40099733333333304;0.28;0.2923199999999998
0.1;0.12523999999999993;0.68;0.64732;0.22;0.20463999999999988
0.24;0.24731333333333408;0.42;0.43606866666666594;0.2;0.23455999999999982
0.34;0.3354800000000007;0.64;0.5654999999999999;0.22;0.20071999999999993
0.36;0.3729800000000014;0.56;0.4967599999999995;0.16;0.15816
0.16;0.1722640000000002;0.34;0.3301120000000005;0.22;0.2175679999999997
0.28;0.28282333333333304;0.66;0.59171038095238;0.22;0.21351923809523782
0.46;0.4553377142857123;0.36;0.4046180952380962;0.48;0.4695862857142846
0.2;0.1821426319626059;0.12;0.13682239659175033;0.2;0.1757161304651474
0.14;0.1515199999999999;0.54;0.6001599999999997;0.1;0.12176000000000012
0.24;0.2299413333333339;0.7;0.6401133333333326;0.2;0.17980800000000016
0.52;0.5217187878787899;0.24;0.35234389610389666;0.1;0.1098457142857143
0.12;0.12463999999999993;0.54;0.5395600000000015;0.32;0.3265600000000003
0.14;0.13174338932425309;0.16;0.15988729263204388;0.24;0.2443823336353451
0.14;0.1335599999999999;0.52;0.524626666666668;0.5;0.4791199999999985
0.72;0.7104799999999971;0.14;0.18284000000000022;0.38;0.34652000000000033
0.58;0.5784875881895885;0.16;0.16004270895770906;0.2;0.18371895626595616
0.16;0.15495999999999993;0.16;0.16936000000000023;0.44;0.42339999999999955
0.38;0.3903600000000018;0.46;0.44699999999999984;0.24;0.24815999999999985
0.52;0.5188833333333357;0.42;0.40530066666666725;0.4;0.37979033333333273
0.26;0.29389462999883315;0.18;0.15024710517060125;0.14;0.15455650439092242
0.16;0.16556000000000012;0.42;0.41464000000000045;0.26;0.2662799999999998
0.3;0.3059362461668891;0.14;0.1368606624345721;0.12;0.14919262499507935
0.18;0.18540000000000015;0.36;0.33144;0.3;0.33820000000000006
0.42;0.4126;0.3;0.3268000000000001;0.36;0.35763999999999957
0.36;0.3685933333333352;0.42;0.44901333333333343;0.1;0.12860000000000008
0.62;0.6261199999999982;0.34;0.27896000000000054;0.22;0.22767999999999983
0.2;0.19260000000000047;0.48;0.5360400000000001;0.26;0.3173199999999999
0.52;0.5146200000000029;0.28;0.3076533333333339;0.38;0.39437333333333285
0.62;0.6231199999999991;0.26;0.2671600000000002;0.5;0.48455999999999866
0.22;0.2249400000000005;0.26;0.2632453333333338;0.2;0.18926000000000007
0.1;0.11867999999999995;0.66;0.6827999999999993;0.12;0.12608000000000008
0.44;0.46851821218375644;0.16;0.13756499607753778;0.12;0.13419542966149775
0.5;0.49568971428571545;0.38;0.42009914285714245;0.14;0.14677228571428572
0.12;0.1374399999999999;0.6;0.6335399999999995;0.1;0.1076
0.14;0.12967333333333325;0.44;0.4597199999999979;0.28;0.2894799999999994
0.1;0.11811999999999995;0.56;0.5346400000000014;0.4;0.4065599999999998
0.3;0.3049400000000008;0.28;0.2644200000000007;0.18;0.20543999999999993
0.2;0.19255000000000044;0.44;0.5007199999999999;0.12;0.14343999999999996
0.24;0.2246800000000007;0.34;0.37248000000000125;0.4;0.395399999999999
0.62;0.4969200000000003;0.16;0.24983999999999998;0.18;0.292600000000001
0.46;0.4614933333333313;0.44;0.45152666666666724;0.28;0.2871866666666667
0.1;0.11679999999999996;0.8;0.7904799999999984;0.2;0.1851200000000003
0.28;0.28045000000000014;0.42;0.40901333333333356;0.34;0.3267600000000001
0.32;0.3133166666666673;0.56;0.5950249999999999;0.12;0.12000000000000006
0.56;0.5585666666666678;0.32;0.3667433333333339;0.36;0.37683999999999945
0.12;0.12689552380952374;0.22;0.23794943223443277;0.26;0.18526756410256415
0.14;0.1415999999999999;0.66;0.6538399999999996;0.48;0.46519999999999906
0.12;0.12383999999999992;0.82;0.7461599999999988;0.14;0.13844000000000004
0.7;0.7010799999999989;0.26;0.2313600000000005;0.48;0.4755599999999983
0.28;0.28688000000000047;0.64;0.5872799999999996;0.28;0.26980000000000004
0.56;0.5679200000000008;0.36;0.3349600000000004;0.28;0.28443999999999997
0.3;0.2998400000000008;0.16;0.16424000000000005;0.36;0.3407200000000002
0.22;0.2202000000000006;0.44;0.4723999999999993;0.22;0.25704000000000005
0.28;0.2813199999999996;0.52;0.5256000000000007;0.34;0.34335999999999967
0.26;0.26027466666666654;0.52;0.5376800000000004;0.28;0.2876933333333331
0.1;0.12019999999999993;0.6;0.5963999999999992;0.32;0.33528000000000013
0.3;0.3092000000000001;0.42;0.5182199999999998;0.1;0.13344000000000003
0.1;0.10971999999999998;0.22;0.21080000000000043;0.46;0.4380399999999997
0.16;0.16416000000000008;0.2;0.20588000000000048;0.48;0.47063999999999967
0.28;0.28335999999999995;0.54;0.5217500000000007;0.44;0.39387999999999995
0.38;0.37426653968254137;0.24;0.2488562222222229;0.46;0.44670184126984136
0.76;0.763240000000001;0.2;0.1717600000000001;0.42;0.43052000000000046
0.6;0.5827200000000003;0.22;0.2914000000000005;0.22;0.20871999999999993
0.84;0.8238799999999992;0.12;0.1365599999999999;0.5;0.4200799999999997
0.34;0.3354014285714289;0.18;0.183854285714286;0.3;0.2809999999999998
0.14;0.14589999999999986;0.52;0.5526700000000007;0.1;0.11316000000000007
0.22;0.2153200000000004;0.44;0.48881599999999986;0.18;0.20540000000000025
0.18;0.17912000000000033;0.44;0.43904000000000026;0.22;0.22979999999999992
0.28;0.27377666666666656;0.58;0.5768200000000006;0.16;0.15365999999999996
0.36;0.3568000000000011;0.26;0.2799999999999995;0.5;0.45283999999999996
0.5;0.533920222222223;0.18;0.15328599999999995;0.12;0.14722800000000003
0.24;0.2250300000000007;0.74;0.631569999999999;0.42;0.3393800000000002
0.22;0.222533333333334;0.72;0.6855799999999995;0.38;0.37051999999999946
0.2;0.21105600000000044;0.56;0.6420159999999987;0.1;0.11568000000000007
0.1;0.12623999999999994;0.58;0.5678400000000005;0.18;0.18912000000000034
0.14;0.14927243923943073;0.14;0.12909497363477856;0.14;0.17952440459202174
0.2;0.18780000000000024;0.28;0.29020000000000074;0.44;0.43044000000000054
0.12;0.12091999999999993;0.36;0.3373600000000006;0.3;0.32895999999999975
0.46;0.4686879999999974;0.52;0.4448999999999998;0.48;0.45063199999999987
0.82;0.830559999999998;0.16;0.12783999999999993;0.38;0.4101599999999996
0.16;0.1618700000000001;0.12;0.13623499999999988;0.42;0.3265683333333331
0.38;0.38584000000000185;0.4;0.3850400000000006;0.42;0.41191999999999995
0.72;0.7195999999999962;0.16;0.19348000000000043;0.38;0.3835199999999998
0.28;0.28111028571428504;0.56;0.6129057142857146;0.44;0.45833333333333304
0.38;0.38722200000000145;0.5;0.4952046666666668;0.14;0.13828000000000004
0.82;0.8310799999999989;0.14;0.11907999999999995;0.32;0.38276000000000016
0.32;0.3144000000000006;0.36;0.397;0.36;0.38519999999999965
0.28;0.28063666666666665;0.4;0.40269000000000066;0.38;0.3732799999999995
0.12;0.11947999999999995;0.8;0.8219599999999982;0.32;0.32888000000000056
0.32;0.31900000000000056;0.62;0.5844000000000001;0.28;0.2791599999999999
0.14;0.14051133333333324;0.66;0.681396666666665;0.28;0.2887899999999998
0.62;0.6065199999999994;0.14;0.15407999999999994;0.36;0.34632000000000007
0.56;0.5666800000000006;0.24;0.26252000000000053;0.26;0.23491999999999996
0.58;0.5804800000000009;0.14;0.12979999999999992;0.34;0.35659999999999986
0.1;0.11785965079365077;0.26;0.2522201904761911;0.2;0.1969935238095239
0.1;0.11279999999999997;0.76;0.7765599999999984;0.48;0.47015999999999875
0.28;0.27603666666666626;0.58;0.5837366666666659;0.5;0.45891999999999944
0.44;0.4435819999999987;0.2;0.19728288888888917;0.14;0.14184922222222224
0.3;0.29272000000000054;0.36;0.3931600000000008;0.2;0.19684000000000026
0.2;0.1823600000000002;0.22;0.2450800000000005;0.46;0.40807999999999983
0.5;0.4966933333333351;0.42;0.4118899999999995;0.18;0.17637333333333355
0.56;0.5687000000000011;0.3;0.3034200000000007;0.28;0.28835999999999995
0.22;0.21889818181818235;0.66;0.6593406060606054;0.14;0.13950909090909097
0.12;0.12971999999999992;0.7;0.7040599999999979;0.46;0.4625199999999997
0.16;0.17650617460317475;0.24;0.23314044444444493;0.22;0.21904452380952386
0.14;0.14460999999999988;0.76;0.7496566666666659;0.42;0.4187200000000013
0.78;0.7880091941391933;0.18;0.14987373626373612;0.14;0.1703876923076922
0.14;0.13943999999999987;0.7;0.6925599999999987;0.48;0.468039999999999
0.46;0.4677366349206328;0.44;0.43889869841269774;0.34;0.3600771428571431
0.38;0.39422200000000146;0.56;0.5044453333333333;0.1;0.10742
0.68;0.6806799999999996;0.3;0.2538400000000002;0.44;0.4430000000000005
0.14;0.1405999999999999;0.76;0.6622533333333327;0.2;0.16819999999999996
0.56;0.552925800865802;0.18;0.18590339826839858;0.16;0.144017038961039
0.16;0.1751733333333336;0.44;0.42255999999999994;0.4;0.41568000000000005
0.72;0.7099999999999979;0.14;0.1937600000000003;0.5;0.44999999999999946
0.64;0.6349999999999973;0.18;0.22196000000000038;0.42;0.37503999999999943
0.44;0.44371999999999784;0.5;0.46815333333333276;0.48;0.47999999999999865
0.16;0.17348000000000013;0.22;0.21216000000000035;0.36;0.3811200000000001
0.86;0.8202939999999999;0.12;0.12627266666666662;0.2;0.1634166666666665
0.1;0.1347599999999999;0.56;0.5704800000000002;0.14;0.15719999999999998
0.68;0.6811199999999996;0.28;0.23448000000000055;0.28;0.2907599999999999
0.42;0.41763999999999957;0.14;0.13661333333333323;0.42;0.4241200000000001
0.18;0.17040000000000022;0.72;0.7011599999999985;0.12;0.11784000000000013
0.14;0.14927999999999986;0.36;0.33592000000000033;0.3;0.32896000000000036
0.12;0.1267466666666666;0.14;0.1250266666666666;0.22;0.3047533333333336
0.28;0.2755199999999995;0.62;0.6154800000000002;0.3;0.27307999999999993
0.5;0.48590666666666726;0.2;0.2075200000000004;0.2;0.19568000000000002
0.7;0.6929599999999988;0.12;0.12531999999999993;0.36;0.36240000000000017
0.74;0.7254399999999985;0.1;0.11455999999999995;0.42;0.37220000000000003
0.72;0.7271999999999988;0.12;0.11559999999999995;0.22;0.17323999999999998
0.2;0.19553333333333384;0.76;0.6939533333333325;0.12;0.12012000000000014
0.26;0.25960000000000005;0.24;0.24168000000000045;0.28;0.2814800000000002
0.68;0.6811999999999989;0.24;0.2398800000000002;0.34;0.3396399999999998
0.28;0.28315733333333337;0.18;0.19013333333333365;0.28;0.24859466666666652
0.16;0.15824000000000005;0.82;0.7290799999999982;0.14;0.13816000000000006
0.6;0.5850445714285714;0.16;0.16727257142857155;0.24;0.23632799999999995
0.26;0.2632533333333334;0.46;0.45043999999999973;0.34;0.37375999999999976
0.14;0.1367199999999999;0.46;0.46023999999999876;0.42;0.41736000000000073
0.16;0.15402399999999997;0.58;0.5812;0.28;0.2792000000000002
0.62;0.6119705483405464;0.12;0.12484013997113994;0.18;0.19323514141414155
0.24;0.24912000000000048;0.52;0.5545200000000006;0.34;0.3819200000000001
0.68;0.6710399999999999;0.28;0.2597600000000005;0.38;0.3925999999999997
0.54;0.5435205714285726;0.3;0.348524666666667;0.12;0.11584000000000003
0.54;0.5466800000000007;0.38;0.3269199999999999;0.42;0.41068000000000016
0.5;0.49820000000000103;0.34;0.3620999999999998;0.16;0.15012000000000003
0.58;0.5845599999999999;0.26;0.2565200000000005;0.42;0.4088800000000002
0.16;0.14927999999999986;0.42;0.43819999999999915;0.24;0.24667999999999984
0.56;0.5708800000000002;0.36;0.33808000000000016;0.24;0.25555999999999984
0.18;0.17228000000000016;0.26;0.27020000000000016;0.34;0.3302800000000007
0.42;0.4126;0.1;0.10831999999999997;0.44;0.44111999999999896
0.36;0.355320000000001;0.44;0.46195999999999954;0.38;0.3821200000000001
0.24;0.26618889816719243;0.24;0.20997637655155343;0.14;0.1611620314522079
0.58;0.5681466666666672;0.28;0.32945333333333354;0.16;0.16472000000000014
0.58;0.5707933333333345;0.12;0.12613999999999995;0.26;0.2030906666666666
0.64;0.6251604094728777;0.1;0.11377844410491465;0.1;0.1528725962991256
0.44;0.4169543537446531;0.12;0.13493550883847902;0.16;0.14924295903333884
0.62;0.6220799999999985;0.14;0.13758466666666655;0.22;0.23551999999999945
0.2;0.1890800000000005;0.74;0.7115599999999979;0.32;0.30832000000000037
0.42;0.41934666666666626;0.18;0.16890000000000013;0.26;0.29304
0.42;0.41538085714285683;0.42;0.46872304761904754;0.16;0.15802000000000005
0.14;0.14507999999999985;0.18;0.17084000000000016;0.38;0.4112399999999994
0.3;0.29278666666666725;0.56;0.5998066666666663;0.12;0.11584000000000005
0.24;0.23584000000000097;0.22;0.22808000000000064;0.4;0.3880399999999994
0.58;0.5723200000000012;0.22;0.2664000000000004;0.2;0.19892000000000004
0.26;0.26347199999999976;0.56;0.5855239999999996;0.28;0.3053200000000002
0.28;0.28740000000000043;0.18;0.17660000000000028;0.42;0.41875999999999963
0.46;0.4631359999999981;0.44;0.42172;0.26;0.2614
0.32;0.3447840000000002;0.52;0.5060399999999995;0.24;0.26631999999999983
0.5;0.5056300000000027;0.36;0.3389600000000007;0.5;0.474039999999999
0.6;0.6049599999999996;0.3;0.30110000000000053;0.12;0.12596000000000013
0.14;0.15139999999999987;0.44;0.4280399999999997;0.26;0.26651999999999987
0.84;0.826613999999999;0.12;0.12199999999999994;0.18;0.18888799999999978
0.24;0.24896000000000038;0.32;0.2899600000000006;0.38;0.42404000000000036
0.38;0.3854400000000015;0.12;0.12067999999999995;0.4;0.39903999999999934
0.22;0.2168000000000005;0.64;0.5812799999999991;0.5;0.4390800000000003
0.36;0.3514000000000008;0.56;0.5421199999999994;0.26;0.2754800000000004
0.46;0.46096999999999777;0.3;0.3047500000000003;0.32;0.3335200000000003
0.56;0.5634400000000008;0.28;0.29788000000000053;0.3;0.30359999999999987
0.12;0.12807333333333326;0.76;0.7614266666666647;0.18;0.17400000000000043
0.1;0.11943999999999995;0.3;0.26292;0.3;0.35243999999999975
0.44;0.46220199999999834;0.54;0.4383439999999999;0.1;0.11783200000000005
0.4;0.402960000000001;0.48;0.5121800000000002;0.3;0.31135999999999997
0.1;0.11675999999999996;0.32;0.3113200000000004;0.38;0.3758799999999998
0.32;0.3208000000000004;0.24;0.2391933333333342;0.24;0.24156000000000005
0.2;0.18377600000000036;0.58;0.6511759999999985;0.1;0.11284000000000005
0.3;0.29684000000000055;0.16;0.1690800000000001;0.4;0.3712800000000003
0.12;0.12460799999999993;0.68;0.7409133333333308;0.26;0.2862399999999996
0.26;0.2721771428571428;0.32;0.2996171428571437;0.24;0.26332000000000005
0.54;0.5470400000000014;0.36;0.36156000000000016;0.34;0.33415999999999974
0.8;0.7923599999999995;0.18;0.15407999999999997;0.46;0.4741999999999994
0.48;0.4776830476190453;0.5;0.44765266666666736;0.3;0.29714399999999974
0.6;0.6012715091575086;0.16;0.1577441196581197;0.14;0.15040188766788748
0.56;0.555960000000001;0.36;0.3540400000000003;0.18;0.1902400000000001
0.48;0.47175999999999946;0.2;0.20696000000000042;0.18;0.1790400000000001
0.68;0.6783200000000004;0.22;0.22724000000000044;0.28;0.2827199999999996
0.42;0.4120780000000002;0.46;0.4979944761904771;0.12;0.13459200000000004
0.74;0.7201999999999998;0.12;0.12271999999999994;0.22;0.2985599999999998
0.64;0.6766199999999999;0.34;0.23980000000000043;0.12;0.14567999999999987
0.48;0.4738399999999981;0.14;0.14723999999999987;0.46;0.4474400000000001
0.1;0.11551999999999996;0.86;0.7820199999999993;0.16;0.14072000000000004
0.2;0.19288000000000055;0.78;0.716559999999998;0.34;0.3244000000000008
0.58;0.572511333333334;0.1;0.11225999999999997;0.14;0.18490333333333334
0.58;0.5823200000000008;0.4;0.34733000000000075;0.5;0.48563999999999863
0.38;0.3912800000000018;0.52;0.4976799999999997;0.42;0.42036000000000084
0.3;0.3187600000000005;0.3;0.2814666666666669;0.38;0.39231333333333357
0.22;0.2145200000000005;0.66;0.6636373333333327;0.48;0.45251999999999937
0.48;0.47554666666666484;0.32;0.3669000000000007;0.26;0.26303999999999983
0.78;0.7952399999999988;0.16;0.1404938095238094;0.14;0.18093333333333325
0.6;0.6106399999999989;0.32;0.29804000000000047;0.2;0.2051199999999999
0.46;0.4714799999999982;0.38;0.33124000000000026;0.5;0.4816799999999989
0.32;0.3200400000000005;0.6;0.5668266666666665;0.42;0.3874533333333333
0.24;0.23832000000000073;0.18;0.18816000000000024;0.42;0.40884000000000037
0.16;0.15407999999999997;0.46;0.45543999999999873;0.32;0.3273600000000007
0.2;0.19004000000000054;0.36;0.3838800000000015;0.42;0.4044399999999997
0.6;0.621119999999999;0.18;0.15583999999999995;0.12;0.17859999999999987
0.5;0.4940400000000012;0.18;0.18710000000000016;0.24;0.21972
0.2;0.1978193939393944;0.76;0.6729733333333325;0.28;0.27288666666666667
0.52;0.5185200000000021;0.12;0.11471999999999996;0.38;0.3503999999999999
0.72;0.7836299999999983;0.18;0.15487999999999996;0.1;0.20146999999999995
0.14;0.1339199999999999;0.24;0.2574800000000005;0.38;0.3490399999999999
0.54;0.5416800000000015;0.3;0.37328000000000017;0.22;0.23011999999999996
0.24;0.23744000000000082;0.22;0.2194400000000006;0.36;0.37603999999999993
0.16;0.14903999999999984;0.22;0.23184000000000032;0.34;0.34435999999999994
0.2;0.18672000000000036;0.12;0.14231999999999986;0.48;0.4184000000000001
0.3;0.29920000000000174;0.32;0.3154800000000008;0.48;0.48587999999999915
0.34;0.33120000000000027;0.64;0.5810399999999991;0.3;0.26739999999999997
0.28;0.27703333333333297;0.48;0.4584399999999989;0.24;0.20976000000000017
0.12;0.12319999999999993;0.4;0.40480000000000077;0.48;0.4717199999999985
0.2;0.20109333333333373;0.6;0.6118133333333331;0.38;0.38664000000000043
0.28;0.2797466666666667;0.38;0.41518933333333374;0.14;0.16365199999999996
0.54;0.5396135873015886;0.36;0.3396198412698418;0.1;0.11682317460317466
0.5;0.5075244444444466;0.36;0.34267777777777814;0.38;0.38685555555555506
0.32;0.3204000000000006;0.6;0.59412;0.36;0.35660000000000003
0.26;0.26094666666666655;0.54;0.5188666666666684;0.48;0.4370399999999998
0.1;0.1323199999999999;0.62;0.5943599999999997;0.14;0.13404000000000002
0.68;0.6752000000000005;0.26;0.2690400000000005;0.5;0.4878399999999991
0.22;0.2131527272727276;0.54;0.5764000000000001;0.22;0.22899999999999993
0.42;0.42627999999999877;0.12;0.11391999999999995;0.44;0.461479999999999
0.12;0.12495999999999993;0.72;0.6898399999999992;0.5;0.47871999999999915
0.48;0.47001199999999776;0.48;0.4653026666666664;0.44;0.43187999999999943
0.4;0.40633714285714356;0.56;0.5162380952380956;0.44;0.4393142857142861
0.66;0.662199999999999;0.28;0.25408000000000064;0.18;0.18528000000000033
0.1;0.11079999999999998;0.32;0.300240000000001;0.46;0.4821199999999982
0.24;0.24020000000000086;0.3;0.29356000000000043;0.36;0.3685200000000005
0.74;0.7281999999999977;0.1;0.11351999999999997;0.24;0.18352000000000004
0.16;0.15523199999999998;0.7;0.6897199999999991;0.46;0.44808399999999937
0.1;0.11431999999999998;0.18;0.1765200000000003;0.44;0.4064800000000002
0.3;0.30118666666666805;0.46;0.44591999999999876;0.42;0.4359599999999997
0.22;0.22228000000000075;0.54;0.5288000000000012;0.46;0.4331600000000001
0.2;0.1958400000000004;0.28;0.2948800000000007;0.46;0.44096000000000013
0.28;0.2839699999999999;0.7;0.6228266666666655;0.26;0.2538000000000001
0.12;0.12287999999999993;0.72;0.7010399999999981;0.48;0.4662799999999992
0.64;0.6334799999999998;0.24;0.27475999999999995;0.28;0.29472
0.1;0.10695999999999997;0.88;0.8215399999999986;0.44;0.4304800000000018
0.36;0.35712000000000105;0.5;0.5012799999999996;0.24;0.22651999999999997
0.26;0.26552777777777764;0.4;0.4076877777777783;0.28;0.3209200000000002
0.68;0.6812399999999997;0.22;0.23496000000000034;0.44;0.4430400000000006
0.3;0.29628000000000093;0.56;0.570520000000001;0.42;0.38500000000000006
0.52;0.5114633333333355;0.4;0.40968799999999966;0.16;0.16193333333333343
0.36;0.3664733333333348;0.52;0.47751999999999983;0.16;0.14179999999999998
0.12;0.11845599999999995;0.86;0.7985039999999982;0.44;0.43420000000000114
0.2;0.1880400000000003;0.26;0.2767600000000001;0.44;0.42856000000000005
0.42;0.4184399999999995;0.4;0.436600000000001;0.34;0.34584000000000004
0.6;0.6181999999999986;0.38;0.30828000000000055;0.22;0.22075999999999993
0.18;0.20197590476190522;0.2;0.18506096825396845;0.24;0.2426496666666666
0.28;0.28412;0.64;0.636946666666667;0.36;0.3692799999999997
0.64;0.6331999999999977;0.22;0.25112000000000045;0.44;0.4352400000000003
0.22;0.2252600000000007;0.48;0.48688000000000003;0.34;0.3816800000000001
0.28;0.27963999999999994;0.46;0.46491999999999967;0.26;0.26399999999999996
0.1;0.1205453333333333;0.7;0.6807173333333311;0.32;0.30399199999999993
0.42;0.4144777777777776;0.42;0.4904066666666667;0.36;0.3961588888888893
0.66;0.642440000000002;0.1;0.11272;0.44;0.38148000000000093
0.12;0.1389199999999999;0.36;0.34248000000000084;0.28;0.25607999999999986
0.26;0.26685999999999976;0.48;0.45067999999999986;0.2;0.18952000000000016
0.1;0.12255999999999993;0.38;0.3563200000000015;0.34;0.31364000000000025
0.4;0.39582800000000123;0.36;0.42492666666666673;0.14;0.15027999999999997
0.3;0.3005000000000011;0.32;0.29890000000000116;0.14;0.1765200000000003
0.54;0.5372000000000017;0.16;0.15904000000000004;0.24;0.24388000000000015
0.32;0.31620000000000054;0.28;0.2750000000000002;0.28;0.29420000000000046
0.34;0.3394000000000007;0.36;0.39564000000000066;0.1;0.11920000000000004
0.14;0.1370199999999999;0.72;0.7411099999999986;0.16;0.1588000000000001
0.6;0.5888300000000003;0.2;0.2898100000000004;0.16;0.15475999999999995
0.58;0.591032318348318;0.16;0.14773672194472182;0.12;0.14226077877677878
0.34;0.3339200000000005;0.44;0.478199999999999;0.26;0.26548000000000016
0.34;0.3342800000000004;0.52;0.5337599999999999;0.18;0.16691999999999999
0.34;0.3362800000000004;0.48;0.5491999999999998;0.2;0.2113599999999999
0.22;0.2340286345615175;0.14;0.13040034367593184;0.26;0.27827310848954967
0.58;0.5867614545454538;0.12;0.11830133333333329;0.1;0.1658378181818182
0.24;0.24177333333333387;0.3;0.2975200000000003;0.18;0.1709066666666666
0.36;0.34140000000000087;0.3;0.3407600000000005;0.48;0.475439999999999
0.44;0.43952333333333166;0.42;0.4651866666666669;0.16;0.20128000000000007
0.34;0.3374400000000005;0.58;0.5677599999999999;0.38;0.3826400000000001
0.36;0.34984000000000076;0.58;0.5649199999999999;0.48;0.4135599999999998
0.56;0.5540800000000008;0.18;0.1840800000000002;0.4;0.41047999999999973
0.2;0.18866000000000038;0.64;0.6213399999999994;0.18;0.1686400000000001
0.38;0.3905120000000018;0.52;0.5219099999999999;0.46;0.43698399999999893
0.86;0.8336399999999992;0.1;0.12639999999999993;0.4;0.32256
0.22;0.22916000000000059;0.3;0.27694857142857177;0.1;0.13561714285714283
0.78;0.7845781904761892;0.2;0.14810904761904747;0.16;0.18655904761904762
0.36;0.35885408111505207;0.14;0.12893827651505166;0.14;0.20625850814939511
0.38;0.3808400000000014;0.28;0.26799999999999974;0.24;0.26892000000000005
0.24;0.23930420146520212;0.14;0.14972603296703285;0.3;0.2725244835164836
0.66;0.6722400000000016;0.16;0.14659999999999987;0.38;0.3897599999999998
0.72;0.7035199999999994;0.1;0.11995999999999996;0.34;0.24971999999999958
0.46;0.46784599999999776;0.48;0.4467226666666672;0.28;0.2595043333333333
0.46;0.4677733333333314;0.36;0.3634733333333338;0.38;0.34027999999999997
0.54;0.5344626666666681;0.32;0.36214533333333354;0.28;0.29484000000000005
0.26;0.26001441664000774;0.14;0.13817393795613;0.22;0.24094798661474504
0.64;0.6420999999999993;0.24;0.26228000000000046;0.14;0.14396000000000006
0.56;0.539894666666668;0.1;0.11470999999999998;0.26;0.2072406666666665
0.42;0.41538380952380916;0.4;0.4532847619047617;0.4;0.44599428571428545
0.46;0.45607999999999765;0.28;0.29556000000000004;0.36;0.35484
0.52;0.5181200000000017;0.22;0.21314000000000052;0.18;0.1954800000000001
0.44;0.43422800220247504;0.12;0.12835980868838756;0.22;0.20449059064327474
0.48;0.4708399999999976;0.16;0.16044000000000014;0.44;0.4420399999999992
0.82;0.7680799999999992;0.1;0.1726400000000001;0.18;0.16067999999999988
0.4;0.39556000000000124;0.16;0.16300000000000023;0.48;0.45555999999999985
0.2;0.2065779042156229;0.1;0.11417122951430493;0.36;0.21433516878385667
0.14;0.1324799999999999;0.44;0.4389999999999989;0.2;0.20783999999999986
0.16;0.15608000000000002;0.36;0.34296000000000076;0.24;0.2547599999999998
0.14;0.14512866666666654;0.72;0.7459683333333317;0.34;0.3480173333333334
0.32;0.30991555555555633;0.66;0.5884777777777774;0.12;0.11219111111111116
0.16;0.15919333333333344;0.66;0.6952999999999991;0.36;0.3760399999999991
0.44;0.45132285714285497;0.5;0.4674346089466088;0.38;0.39792448773448774
0.7;0.7028399999999989;0.28;0.2386800000000005;0.36;0.36775999999999887
0.18;0.18208000000000027;0.4;0.40008000000000066;0.34;0.3321200000000002
0.26;0.26702666666666647;0.4;0.4200900000000008;0.12;0.14263999999999996
0.6;0.5849200000000002;0.2;0.25460000000000055;0.34;0.32656000000000046
0.12;0.1261599999999999;0.22;0.23356000000000077;0.5;0.47363999999999945
0.58;0.5786173333333339;0.24;0.2912840000000005;0.12;0.12100000000000011
0.84;0.8263905714285714;0.14;0.12385999999999994;0.12;0.1384479999999999
0.54;0.5494000000000008;0.26;0.25432000000000077;0.24;0.23443999999999984
0.1;0.11727999999999997;0.54;0.5313600000000018;0.38;0.3936399999999989
0.28;0.29152000000000056;0.32;0.2981350000000011;0.16;0.18720000000000014
0.34;0.34160800000000063;0.48;0.47669599999999995;0.38;0.36031999999999986
0.62;0.5978945555555558;0.1;0.1199183333333333;0.28;0.21539555555555562
0.28;0.27979234632034594;0.62;0.5863726753246753;0.42;0.39251533333333327
0.46;0.45083999999999835;0.24;0.23916000000000062;0.16;0.17544000000000012
0.24;0.24192000000000086;0.4;0.42282;0.34;0.3725999999999992
0.14;0.1407733333333332;0.7;0.7559466666666655;0.18;0.1883600000000003
0.22;0.21474000000000046;0.72;0.6227833333333331;0.48;0.4032699999999997
0.36;0.37248000000000164;0.4;0.3868800000000008;0.5;0.44591999999999954
0.36;0.36104000000000136;0.5;0.48350666666666614;0.16;0.15068000000000006
0.24;0.23712000000000105;0.36;0.36572000000000177;0.46;0.4508800000000003
0.62;0.6185599999999991;0.26;0.2736400000000003;0.46;0.44864000000000004
0.82;0.8047033333333321;0.12;0.1443133333333332;0.24;0.1999999999999999
0.26;0.2645233333333331;0.64;0.6023200000000002;0.26;0.2397199999999998
0.14;0.14331999999999986;0.38;0.406920000000001;0.3;0.31244000000000005
0.14;0.12757714285714278;0.32;0.32751142857142934;0.18;0.1794000000000002
0.62;0.6251999999999993;0.3;0.29036000000000006;0.5;0.4886399999999985
0.34;0.33015200000000045;0.4;0.40116000000000057;0.24;0.2020800000000002
0.1;0.12955999999999993;0.54;0.5229600000000005;0.14;0.13984000000000002
0.14;0.14807999999999985;0.66;0.7261599999999988;0.18;0.1872400000000003
0.28;0.259869674564342;0.1;0.11936258498750986;0.22;0.18372794711643703
0.46;0.4676033333333315;0.52;0.43417000000000044;0.34;0.3075000000000001
0.5;0.5009066666666687;0.48;0.43264666666666585;0.48;0.45765333333333286
0.14;0.13511999999999988;0.76;0.8011599999999982;0.32;0.3293600000000009
0.12;0.12295999999999994;0.78;0.7729966666666651;0.3;0.2994933333333333
0.26;0.26783999999999986;0.68;0.6277839999999993;0.4;0.3558399999999996
0.38;0.3873600000000016;0.48;0.45872000000000007;0.18;0.1860000000000001
0.14;0.1395999999999999;0.58;0.5739199999999997;0.42;0.40716
0.18;0.16246000000000002;0.2;0.23266000000000045;0.36;0.3037999999999999
0.3;0.30264000000000046;0.14;0.13688333333333322;0.4;0.3937799999999997
0.3;0.30270666666666807;0.56;0.5160106666666682;0.5;0.4398399999999997
0.6;0.5808806666666662;0.1;0.11725799999999996;0.2;0.1702799999999999
0.36;0.36656000000000144;0.6;0.5273200000000005;0.36;0.36887999999999976
0.32;0.3214800000000004;0.52;0.57064;0.26;0.29456000000000004
0.42;0.4546282857142848;0.2;0.16886793650793663;0.12;0.13431087301587302
0.16;0.15463999999999997;0.18;0.18836000000000053;0.42;0.41676
0.34;0.3437440000000009;0.3;0.2878000000000002;0.44;0.4708799999999977
0.48;0.4830519047619034;0.44;0.43168914285714216;0.42;0.385225333333333
0.44;0.4390053333333316;0.48;0.45605466666666733;0.18;0.17477466666666688
0.1;0.11085999999999999;0.78;0.80525;0.24;0.24027999999999988
0.22;0.21947428571428648;0.62;0.6726342857142853;0.42;0.43160000000000015
0.2;0.1997600000000005;0.44;0.4386399999999988;0.36;0.36991999999999925
0.5;0.4956000000000006;0.48;0.4217599999999999;0.32;0.2970399999999999
0.28;0.28228273809523835;0.1;0.10935491269841267;0.34;0.286083785714286
0.12;0.12247999999999994;0.48;0.4718399999999994;0.22;0.22911999999999955
0.36;0.3643400000000015;0.62;0.5357000000000005;0.22;0.22984
0.12;0.12594999999999992;0.84;0.7537199999999991;0.12;0.11748000000000011
0.18;0.18634666666666694;0.44;0.428199999999999;0.46;0.46227999999999964
0.18;0.17415333333333358;0.72;0.7094599999999983;0.26;0.2526666666666669
0.4;0.406975636363637;0.22;0.2133716363636368;0.2;0.18775745454545462
0.2;0.19968000000000047;0.46;0.4519999999999986;0.48;0.4721999999999992
0.36;0.3686516078431389;0.56;0.548364352941176;0.1;0.11025011764705883
0.28;0.2814333333333335;0.38;0.3864200000000013;0.28;0.2967533333333332
0.32;0.30396000000000095;0.32;0.3445200000000007;0.5;0.4682799999999994
0.38;0.37328000000000144;0.38;0.4141600000000009;0.14;0.14223999999999998
0.3;0.29828000000000093;0.4;0.3999600000000005;0.32;0.3116399999999998
0.5;0.4836399999999999;0.1;0.10839999999999998;0.5;0.41971999999999954
0.16;0.15137666666666655;0.34;0.34175333333333413;0.14;0.14143999999999993
0.52;0.5123200000000022;0.24;0.27202333333333384;0.14;0.14905
0.8;0.7898533333333324;0.1;0.14940666666666652;0.32;0.25719999999999993
0.12;0.12639999999999993;0.74;0.7482799999999997;0.2;0.20359999999999992
0.46;0.4691633333333313;0.36;0.36705333333333373;0.34;0.3570800000000003
0.2;0.1957331428571431;0.14;0.14944666666666653;0.32;0.29307999999999995
0.4;0.40992000000000034;0.4;0.3781600000000001;0.3;0.3016799999999998
0.34;0.3470400000000008;0.44;0.43563999999999825;0.42;0.4110399999999994
0.6;0.5852799999999997;0.38;0.3246800000000007;0.24;0.23015999999999998
0.26;0.2711599999999997;0.32;0.29364000000000073;0.34;0.38259999999999916
0.36;0.3670800000000016;0.32;0.4339199999999996;0.1;0.14399999999999996
0.4;0.41506076190476177;0.46;0.44059152380952427;0.14;0.14002857142857142
0.28;0.27896666666666675;0.3;0.29128666666666747;0.12;0.13964000000000001
0.24;0.24656466666666726;0.48;0.46023333333333355;0.16;0.1539013333333333
0.2;0.19164000000000034;0.78;0.6918299999999995;0.22;0.20947999999999983
0.12;0.11711051851851847;0.1;0.11306845021645019;0.32;0.28592138720538696
0.66;0.6665200000000004;0.12;0.11415999999999996;0.34;0.36708
0.56;0.5565200000000012;0.16;0.15383999999999992;0.32;0.3255600000000002
0.1;0.11751999999999994;0.24;0.21932000000000057;0.44;0.4372399999999995
0.54;0.5350217777777788;0.42;0.39442000000000005;0.32;0.33103555555555586
0.16;0.1775200000000002;0.36;0.32888000000000017;0.26;0.28423999999999994
0.48;0.4801999999999977;0.38;0.4387333333333328;0.5;0.465359999999999
0.24;0.22760000000000083;0.46;0.49724000000000024;0.26;0.273
0.46;0.47277695238095196;0.16;0.1472480952380951;0.2;0.21325047619047632
0.28;0.280013333333333;0.54;0.5517073333333342;0.46;0.44476666666666687
0.46;0.45377730158729945;0.52;0.46636758730158734;0.38;0.40313936507936443
0.4;0.4016800000000007;0.26;0.2538000000000002;0.26;0.2740399999999999
0.3;0.3126225700993123;0.14;0.12633536207627202;0.18;0.20614231147259748
0.78;0.7912333333333328;0.2;0.1489613333333332;0.24;0.2587999999999998
0.56;0.5738978239538242;0.16;0.14487193795093783;0.12;0.15013327561327564
0.28;0.28336000000000033;0.26;0.2676800000000004;0.46;0.4375999999999999
0.28;0.32346135276742277;0.22;0.17272030338452182;0.1;0.131316468712863
0.52;0.5409095238095247;0.16;0.14312952380952368;0.14;0.1893671428571429
0.22;0.2255600000000007;0.32;0.30324000000000056;0.32;0.3463200000000002
0.22;0.2199600000000006;0.52;0.5332800000000005;0.36;0.3812400000000006
0.12;0.1315599999999999;0.76;0.7437933333333314;0.5;0.4840399999999995
0.3;0.291125080808081;0.22;0.21876895815295855;0.12;0.16016238672438665
0.54;0.5317800000000018;0.26;0.2850800000000005;0.28;0.29147999999999985
0.54;0.529160000000002;0.22;0.3167500000000003;0.16;0.15000000000000005
0.42;0.4144783267973855;0.12;0.1222068639334521;0.24;0.2640891812240048
0.6;0.5877753333333328;0.2;0.25353533333333383;0.18;0.16716000000000011
0.48;0.48285999999999873;0.42;0.4201866666666667;0.16;0.16444000000000014
0.24;0.24468000000000079;0.48;0.4925199999999993;0.2;0.21360000000000015
0.36;0.3561173333333345;0.14;0.14079333333333321;0.34;0.32804
0.32;0.323325555555556;0.58;0.5859477777777775;0.1;0.10996111111111113
0.2;0.19680000000000022;0.42;0.41836000000000007;0.4;0.39591999999999966
0.84;0.8320399999999992;0.14;0.1261599999999999;0.46;0.4346399999999993
0.38;0.38500000000000195;0.42;0.42837333333333366;0.22;0.21048000000000006
0.42;0.4191999999999993;0.3;0.31416000000000016;0.4;0.3931400000000006
0.62;0.626146666666666;0.26;0.28510000000000035;0.12;0.12116000000000011
0.28;0.2780365151515148;0.62;0.5804901515151516;0.44;0.39606857142857177
0.6;0.6129199999999997;0.32;0.27960000000000057;0.14;0.1458800000000001
0.54;0.5483200000000007;0.36;0.3751866666666671;0.4;0.37935999999999953
0.22;0.20996000000000029;0.68;0.690279999999999;0.32;0.3113199999999999
0.46;0.46223999999999793;0.32;0.31688;0.2;0.2147999999999998
0.22;0.22936666666666738;0.28;0.27004000000000045;0.2;0.2241999999999999
0.72;0.712219999999999;0.2;0.20866000000000043;0.18;0.16392000000000015
0.78;0.7831999999999999;0.12;0.15656000000000003;0.3;0.2895599999999998
0.52;0.5113240000000027;0.36;0.40456733333333383;0.46;0.4623199999999992
0.58;0.5806344444444445;0.24;0.2648000000000004;0.1;0.10815999999999999
0.14;0.13977399999999987;0.54;0.5337280000000014;0.38;0.3797199999999992
0.1;0.11423999999999998;0.3;0.29476000000000024;0.38;0.37103999999999937
0.54;0.5550144761904768;0.38;0.3331729523809529;0.12;0.1235502857142858
0.32;0.3796400000000013;0.38;0.4121999999999993;0.1;0.14995999999999998
0.16;0.15315999999999996;0.78;0.738350666666666;0.22;0.20592799999999967
0.12;0.11983897435897431;0.12;0.11480974358974355;0.34;0.354641538461538
0.26;0.26137857142857107;0.6;0.6106052698412688;0.46;0.46258333333333257
0.38;0.384719607843139;0.58;0.4886337815126053;0.14;0.1292931652661065
0.3;0.2926326666666672;0.28;0.29049000000000064;0.16;0.15531999999999999
0.44;0.441193333333332;0.24;0.24081333333333382;0.28;0.27004000000000017
0.48;0.46581999999999874;0.18;0.18252000000000018;0.44;0.4263999999999998
0.56;0.5449300000000012;0.16;0.16676333333333343;0.26;0.23183999999999988
0.58;0.5986178571428569;0.18;0.15993926984126997;0.1;0.13065282539682538
0.28;0.27701000000000003;0.58;0.6179566666666664;0.12;0.11973000000000014
0.28;0.28056;0.42;0.41591999999999985;0.42;0.4378399999999999
0.26;0.25816000000000006;0.64;0.6049199999999993;0.32;0.27708000000000005
0.16;0.14519999999999986;0.74;0.7436399999999994;0.14;0.14496000000000003
0.12;0.1295399999999999;0.56;0.5730599999999999;0.18;0.19744000000000014
0.62;0.6166799999999991;0.26;0.29736000000000035;0.36;0.3597999999999996
0.14;0.14935839798627606;0.14;0.13910005087332283;0.2;0.19028830387593443
0.18;0.18876000000000026;0.22;0.21236000000000052;0.32;0.3429200000000002
0.38;0.379520000000002;0.44;0.47599999999999976;0.4;0.4230799999999997
0.16;0.16076000000000007;0.56;0.5856799999999996;0.14;0.15188000000000007
0.28;0.30968000000000007;0.3;0.2780000000000001;0.4;0.40060000000000107
0.68;0.6801199999999992;0.16;0.20500000000000052;0.34;0.32208000000000014
0.12;0.12287999999999993;0.84;0.7923599999999985;0.28;0.2732
0.4;0.4139454173669468;0.52;0.47464659103641454;0.1;0.10918745098039218
0.32;0.3203900000000004;0.52;0.5316066666666674;0.46;0.44392666666666686
0.28;0.2792979999999998;0.42;0.42741266666666633;0.38;0.3736800000000001
0.74;0.727599999999997;0.1;0.11409999999999995;0.18;0.14059999999999997
0.38;0.3709000000000018;0.34;0.37340000000000023;0.16;0.16163999999999995
0.4;0.4054000000000006;0.52;0.5122000000000003;0.34;0.32540000000000024
0.42;0.42040666666666593;0.52;0.4753133333333338;0.3;0.3227599999999998
0.1;0.12195999999999994;0.56;0.5378800000000006;0.34;0.34640000000000015
0.18;0.17784000000000022;0.62;0.7029599999999993;0.1;0.10944000000000002
0.2;0.17665635632183926;0.1;0.12971469540229877;0.34;0.28030104597701133
0.32;0.3118000000000007;0.4;0.4343799999999993;0.38;0.4295200000000001
0.16;0.15467999999999993;0.64;0.60312;0.16;0.14648
0.32;0.3165200000000006;0.3;0.2863999999999999;0.26;0.29212000000000027
0.18;0.1736500000000001;0.72;0.6763999999999983;0.4;0.37357999999999975
0.7;0.6968799999999994;0.26;0.2210000000000005;0.4;0.41840000000000066
0.16;0.15386499999999992;0.6;0.6124999999999999;0.28;0.28852500000000025
0.4;0.40680000000000044;0.26;0.2556800000000001;0.2;0.19743999999999995
0.62;0.6047759999999984;0.22;0.27280400000000016;0.12;0.11757000000000009
0.52;0.5126546666666687;0.2;0.2034986666666669;0.34;0.34200133333333316
0.72;0.7444844444444423;0.2;0.18396666666666697;0.12;0.15231111111111106
0.24;0.25108000000000036;0.62;0.6052399999999997;0.38;0.3817199999999999
0.44;0.45006666666666495;0.26;0.24472000000000055;0.12;0.14240000000000017
0.2;0.20400000000000024;0.32;0.3091200000000005;0.34;0.35167999999999966
0.3;0.29881000000000096;0.64;0.5985033333333339;0.18;0.17580000000000032
0.38;0.3780800000000018;0.4;0.4034000000000007;0.38;0.3832400000000002
0.28;0.2769066666666664;0.52;0.5166800000000007;0.28;0.26168
0.26;0.3825599999999992;0.7;0.4500000000000002;0.22;0.2744
0.16;0.16117133333333333;0.64;0.6851586666666664;0.24;0.2517640000000002
0.54;0.5379860000000016;0.32;0.36126400000000036;0.3;0.30188
0.24;0.23978000000000055;0.2;0.21256000000000044;0.3;0.2706800000000002
0.14;0.14043999999999987;0.46;0.4678000000000004;0.26;0.26632
0.16;0.15303999999999987;0.58;0.5951999999999994;0.18;0.18532000000000023
0.52;0.5172564761904787;0.46;0.41137438095238144;0.36;0.37486333333333277
0.68;0.6740799999999995;0.22;0.2246000000000004;0.34;0.3682
0.12;0.1296799999999999;0.56;0.5640400000000001;0.34;0.3655599999999997
0.32;0.31359364277005625;0.12;0.12371069916884415;0.2;0.2468994517677639
0.88;0.7259599999999969;0.1;0.2086000000000002;0.32;0.2508799999999999
0.24;0.24768000000000054;0.38;0.3878633333333344;0.22;0.2334000000000001
0.4;0.3922300634920646;0.22;0.23322946031746108;0.48;0.45030012698412725
0.3;0.2996400000000009;0.2;0.21008000000000052;0.4;0.37427999999999984
0.14;0.13007999999999992;0.38;0.4092800000000006;0.18;0.17696000000000045
0.24;0.23551666666666757;0.7;0.6507233333333324;0.38;0.3645800000000002
0.32;0.3232400000000003;0.4;0.4166399999999998;0.28;0.3121599999999999
0.18;0.2568799999999997;0.36;0.3206800000000001;0.46;0.4608399999999996
0.46;0.4617199999999984;0.2;0.1906800000000004;0.26;0.2939999999999995
0.22;0.24885005751736236;0.24;0.20794529327435884;0.12;0.14360870531159659
0.76;0.7697050793650784;0.22;0.16333650793650806;0.22;0.22532000000000024
0.42;0.40979494117647103;0.48;0.5059743529411765;0.1;0.12423245098039223
0.12;0.13415999999999992;0.64;0.6739199999999996;0.16;0.1750000000000001
0.3;0.29796000000000084;0.22;0.23512000000000086;0.5;0.4595999999999993
0.34;0.33244000000000057;0.22;0.22942000000000073;0.3;0.2754
0.5;0.49644285714285874;0.46;0.43239761904761875;0.38;0.3745180952380952
0.1;0.12063999999999996;0.78;0.7583599999999977;0.28;0.2598399999999999
0.3;0.2984971428571438;0.66;0.623269523809522;0.28;0.27155999999999997
0.36;0.357080000000001;0.48;0.5226799999999998;0.38;0.37812
0.38;0.3865733333333354;0.32;0.31312000000000084;0.48;0.45287999999999967
0.12;0.12771999999999992;0.36;0.35340000000000116;0.46;0.4413200000000007
0.48;0.48061960606060566;0.2;0.20018175757575818;0.14;0.14568027272727263
0.5;0.5181818571428579;0.44;0.3762377142857144;0.1;0.11501714285714289
0.26;0.2450800000000005;0.72;0.5852399999999998;0.24;0.2062399999999998
0.48;0.49037000000000014;0.38;0.3568200000000006;0.42;0.4461200000000005
0.7;0.7122933333333314;0.28;0.21355466666666717;0.14;0.16076800000000002
0.18;0.17020000000000016;0.74;0.7291599999999988;0.5;0.46943999999999947
0.44;0.44023999999999813;0.34;0.3484400000000005;0.28;0.3008
0.18;0.2144400000000001;0.36;0.34160000000000057;0.5;0.45995999999999826
0.52;0.5178000000000019;0.24;0.26568000000000064;0.2;0.18892000000000025
0.46;0.4610850649350627;0.4;0.41184213275613313;0.34;0.3673120288600291
0.14;0.1374899999999999;0.72;0.673195;0.22;0.22215999999999977
0.18;0.16368000000000013;0.62;0.6962799999999985;0.16;0.17356000000000044
0.44;0.4361199999999987;0.36;0.3739933333333338;0.34;0.3988400000000001
0.58;0.5832800000000004;0.26;0.2831600000000003;0.3;0.32432000000000005
0.76;0.7661623809523811;0.12;0.17045761904761933;0.14;0.13727999999999996
0.34;0.35528000000000104;0.62;0.5367199999999996;0.3;0.3061199999999998
0.5;0.49340000000000084;0.24;0.28122666666666674;0.48;0.46851999999999894
0.22;0.2220000000000007;0.54;0.5542400000000008;0.38;0.43304000000000026
0.4;0.3951200000000016;0.3;0.3092000000000007;0.5;0.44915999999999867
0.34;0.3402453333333341;0.58;0.5106640000000007;0.18;0.15008
0.34;0.3435700000000006;0.2;0.19554666666666706;0.26;0.25944
0.62;0.6121999999999986;0.22;0.23932000000000045;0.4;0.4062800000000003
0.62;0.6320799999999974;0.36;0.2909200000000005;0.32;0.29979999999999996
0.58;0.5724575238095245;0.14;0.14352399999999987;0.26;0.2367042857142856
0.7;0.7106799999999979;0.2;0.23124000000000067;0.28;0.29447999999999996
0.46;0.4552232902130542;0.14;0.14018171139971133;0.12;0.14640886316951016
0.16;0.15635999999999997;0.48;0.48693333333333294;0.2;0.2007200000000001
0.46;0.45684720285057384;0.14;0.13807937592472877;0.1;0.12953996628974895
0.64;0.6215199999999989;0.12;0.1416799999999999;0.4;0.37660000000000005
0.18;0.1786400000000002;0.42;0.41628000000000004;0.28;0.2757599999999998
0.12;0.12255999999999993;0.5;0.5022800000000012;0.22;0.23255999999999974
0.36;0.38010200000000166;0.52;0.48075000000000023;0.48;0.4415840000000001
0.42;0.42347791597291584;0.18;0.17518346114996136;0.16;0.18509621217671213
0.44;0.4415053333333324;0.22;0.20761733333333385;0.14;0.14885
0.32;0.3305883333333337;0.26;0.2561916666666669;0.46;0.4438700000000001
0.74;0.7430499999999987;0.24;0.1876333333333336;0.2;0.19652000000000008
0.38;0.3871090000000018;0.58;0.5347050000000007;0.22;0.2168799999999999
0.48;0.48475087301587194;0.38;0.41453690476190463;0.1;0.10783066666666667
0.12;0.13981333333333323;0.56;0.5659333333333331;0.1;0.11136000000000004
0.14;0.14055999999999988;0.4;0.39880000000000126;0.5;0.4853599999999984
0.78;0.7759199999999992;0.16;0.15828000000000003;0.3;0.29571999999999965
0.42;0.4070490793650798;0.26;0.2535425396825398;0.34;0.3730888888888887
0.56;0.5670933333333341;0.28;0.3026533333333337;0.28;0.27852000000000005
0.22;0.2204400000000007;0.56;0.5701400000000002;0.38;0.3854000000000001
0.18;0.19080000000000027;0.36;0.33120000000000027;0.34;0.37579999999999936
0.44;0.43307999999999897;0.28;0.3634399999999998;0.34;0.38852000000000003
0.74;0.7186799999999974;0.16;0.2094400000000002;0.48;0.4456399999999994
0.1;0.11011999999999998;0.28;0.27708000000000044;0.4;0.37307999999999936
0.44;0.4397599999999984;0.22;0.2179600000000005;0.26;0.26643999999999946
0.26;0.26293599999999984;0.5;0.5353560000000003;0.32;0.35579999999999995
0.52;0.5157592380952403;0.34;0.38744323809523845;0.12;0.1221860000000001
0.64;0.6364399999999995;0.28;0.24387999999999996;0.26;0.2891600000000002
0.52;0.5160240000000019;0.38;0.39851600000000037;0.32;0.31370400000000026
0.32;0.3223266666666671;0.38;0.3769466666666673;0.34;0.3771133333333334
0.28;0.2745942857142856;0.6;0.5599657142857143;0.3;0.27748
0.56;0.5766400000000002;0.4;0.3302400000000005;0.2;0.1875600000000001
0.22;0.21936000000000067;0.58;0.5881600000000001;0.42;0.4241999999999996
0.24;0.23228000000000087;0.28;0.3004800000000009;0.44;0.4051999999999998
0.78;0.7710199999999999;0.12;0.15812000000000004;0.44;0.36416000000000043
0.3;0.30548933333333333;0.28;0.2643866666666672;0.1;0.12098
0.4;0.3396169924009429;0.1;0.1451220417496141;0.18;0.1487766913139951
0.1;0.12286397301541575;0.18;0.18767431404484186;0.28;0.1667291908395444
0.62;0.6055599999999984;0.1;0.10847999999999998;0.5;0.4582399999999988
0.56;0.5589200000000005;0.42;0.3872400000000007;0.5;0.46307999999999955
0.34;0.33728000000000047;0.6;0.5100000000000006;0.36;0.3358400000000002
0.74;0.7496077777777765;0.18;0.1879833333333337;0.12;0.1323111111111111
0.76;0.7728786666666653;0.12;0.16093800000000008;0.16;0.17579999999999996
0.18;0.17595111111111142;0.48;0.5059911111111121;0.24;0.2526533333333333
0.64;0.6312799999999985;0.2;0.2509600000000003;0.44;0.43156000000000017
0.38;0.32016123427721754;0.1;0.15022398906840279;0.18;0.14734595249960764
0.24;0.23820000000000088;0.64;0.61564;0.2;0.19292000000000004
0.34;0.33407888888888926;0.5;0.5369477777777775;0.1;0.11319111111111116
0.12;0.13124399999999992;0.74;0.7616699999999986;0.48;0.4762399999999996
0.52;0.5150400000000027;0.28;0.2923200000000006;0.5;0.47687999999999864
0.38;0.36912000000000167;0.5;0.5146399999999994;0.42;0.3098799999999996
0.36;0.36291066666666794;0.14;0.14305666666666655;0.32;0.29900799999999983
0.26;0.26813999999999966;0.4;0.4118000000000005;0.14;0.15971999999999995
0.26;0.2653199999999998;0.7;0.59817;0.26;0.2365199999999999
0.22;0.21980000000000066;0.5;0.49596000000000057;0.46;0.4528799999999995
0.34;0.32904000000000055;0.12;0.1303949999999999;0.46;0.4310399999999994
0.56;0.559440000000001;0.22;0.2443200000000006;0.36;0.3631999999999999
0.26;0.2608166666666669;0.72;0.594026666666666;0.22;0.19163999999999998
0.5;0.5016800000000026;0.14;0.14179999999999987;0.4;0.4021200000000006
0.3;0.29602666666666805;0.62;0.5947933333333343;0.48;0.4605999999999998
0.34;0.33992000000000083;0.3;0.2962800000000014;0.48;0.4878799999999991
0.5;0.49888666666666814;0.28;0.3133800000000006;0.14;0.16408000000000006
0.22;0.21824000000000066;0.4;0.40768000000000043;0.24;0.24991999999999992
0.32;0.3197733333333338;0.52;0.5075844444444452;0.48;0.4370400000000002
0.66;0.6657199999999994;0.3;0.27420000000000067;0.32;0.32284000000000035
0.14;0.13950399999999988;0.52;0.5365280000000018;0.34;0.37259999999999976
0.16;0.175;0.36;0.3360400000000006;0.5;0.4765599999999989
0.54;0.5464446666666675;0.14;0.13600999999999988;0.26;0.26383999999999974
0.14;0.13691923809523798;0.7;0.7126154285714273;0.38;0.37982857142857107
0.2;0.1933200000000003;0.54;0.5297600000000003;0.2;0.18492000000000014
0.34;0.3378000000000001;0.28;0.2822600000000009;0.34;0.33776000000000006
0.52;0.5259600000000022;0.16;0.15816;0.32;0.30683999999999995
0.22;0.21964000000000064;0.46;0.46215999999999907;0.42;0.4164799999999998
0.58;0.569240000000001;0.2;0.2358000000000006;0.38;0.3608399999999997
0.5;0.4934160000000005;0.24;0.3185960000000001;0.22;0.1820400000000002
0.26;0.25820933333333357;0.2;0.20948666666666696;0.26;0.23247333333333353
0.48;0.47222199999999814;0.26;0.30283000000000027;0.42;0.42363199999999956
0.14;0.1467133333333332;0.7;0.6993866666666663;0.22;0.23088799999999962
0.28;0.28108933333333286;0.68;0.6407533333333332;0.48;0.46636666666666604
0.64;0.6414399999999996;0.26;0.2581200000000001;0.3;0.3092800000000003
0.16;0.16244000000000014;0.34;0.32628000000000057;0.44;0.46855999999999864
0.44;0.4481266666666651;0.22;0.2111866666666671;0.24;0.25707999999999953
0.68;0.6896799999999994;0.14;0.1299599999999999;0.24;0.26812000000000064
0.36;0.3675200000000017;0.34;0.39159999999999995;0.24;0.28343999999999986
0.48;0.48675381818181845;0.24;0.2263963636363644;0.32;0.362701090909091
0.14;0.14135999999999987;0.62;0.6027199999999988;0.44;0.42471999999999976
0.26;0.2632800000000001;0.38;0.3896400000000012;0.34;0.3619599999999997
0.5;0.5013200000000019;0.32;0.3116133333333336;0.42;0.4110000000000006
0.44;0.4376799999999985;0.24;0.2432000000000004;0.24;0.23120000000000024
0.12;0.11735999999999996;0.48;0.47527999999999965;0.38;0.3707199999999993
0.6;0.5946799999999991;0.24;0.30540000000000084;0.42;0.40928000000000003
0.74;0.776316273504273;0.2;0.15568986324786327;0.14;0.19893969230769218
0.7;0.6977999999999984;0.22;0.23220000000000032;0.38;0.36563999999999947
0.52;0.5176700000000023;0.34;0.35164000000000006;0.42;0.4331200000000003
0.4;0.3262870551681437;0.1;0.15568730747357218;0.16;0.16668404955937305
0.3;0.29780000000000034;0.22;0.22480000000000072;0.34;0.3339600000000002
0.66;0.6604399999999998;0.14;0.14635999999999985;0.38;0.35607999999999995
0.32;0.30895666666666766;0.66;0.5883149999999993;0.14;0.1232700000000001
0.36;0.38372000000000156;0.6;0.5295600000000004;0.26;0.29199999999999987
0.2;0.2272826666666672;0.34;0.30568000000000045;0.1;0.13408000000000003
0.16;0.1632155555555557;0.58;0.5991622222222218;0.2;0.21563999999999992
0.14;0.1372399999999999;0.74;0.7048799999999991;0.16;0.15055999999999997
0.7;0.7033199999999991;0.18;0.1887200000000004;0.32;0.32680000000000003
0.44;0.4532999999999982;0.38;0.35274000000000016;0.38;0.4039599999999993
0.7;0.7013599999999997;0.28;0.22996000000000044;0.46;0.4652799999999987
0.6;0.6033999999999993;0.26;0.25792000000000054;0.36;0.3653199999999994
0.28;0.2767100000000001;0.68;0.62539;0.14;0.12788000000000008
0.3;0.2860950303030307;0.1;0.10861721212121209;0.28;0.3054368686868688
0.1;0.12075333333333328;0.76;0.7304666666666647;0.2;0.17500000000000032
0.66;0.6568800000000014;0.2;0.23380000000000023;0.48;0.46439999999999965
0.22;0.2142000000000006;0.46;0.4889999999999999;0.26;0.2809199999999999
0.68;0.6814399999999987;0.22;0.22096000000000054;0.38;0.3843199999999998
0.26;0.26638500000000015;0.26;0.25487900000000036;0.18;0.19019499999999995
0.4;0.3999300000000009;0.5;0.5082300000000002;0.16;0.15641
0.42;0.4286399999999992;0.22;0.21384000000000053;0.34;0.3426400000000002
0.42;0.4156539999999998;0.3;0.3193520000000003;0.18;0.2032799999999999
0.3;0.2854586666666672;0.28;0.2795040000000005;0.12;0.15088
0.22;0.22048000000000068;0.56;0.56252;0.44;0.4514400000000002
0.16;0.15875999999999998;0.5;0.4928799999999993;0.2;0.20028000000000015
0.68;0.673312;0.28;0.23975600000000052;0.12;0.1248000000000001
0.26;0.25869999999999993;0.38;0.5262733333333336;0.2;0.3452399999999999
0.36;0.3601386666666684;0.54;0.5053819999999994;0.16;0.14807200000000004
0.6;0.5988799999999996;0.26;0.2765200000000004;0.38;0.38399999999999945
0.3;0.30492968813694116;0.1;0.11352807838289623;0.36;0.2375273024801187
0.1;0.1180563809523809;0.18;0.15778199999999998;0.24;0.2603200000000001
0.18;0.17764000000000021;0.58;0.5762533333333325;0.42;0.4157999999999994
0.16;0.15596000000000002;0.4;0.4128400000000005;0.22;0.22551999999999978
0.32;0.30904200000000076;0.52;0.5725406666666669;0.5;0.4802266666666659
0.12;0.11737999999999994;0.58;0.56136;0.5;0.46283999999999886
0.2;0.19972000000000042;0.46;0.4475999999999988;0.4;0.38599999999999884
0.24;0.29447045243645287;0.26;0.20522423709623752;0.1;0.1482141116661116
0.16;0.15532;0.28;0.29652000000000067;0.38;0.35860000000000014
0.38;0.3811200000000022;0.38;0.3864000000000011;0.44;0.4465599999999988
0.24;0.23036000000000093;0.72;0.6371333333333334;0.32;0.3001199999999998
0.32;0.3127120000000008;0.4;0.4174959999999999;0.4;0.4089679999999998
0.34;0.33256000000000063;0.38;0.37828000000000067;0.48;0.4453599999999998
0.36;0.35108000000000106;0.46;0.5139199999999999;0.26;0.27056
0.34;0.34132000000000073;0.62;0.5586799999999995;0.38;0.3741599999999999
0.14;0.14183999999999986;0.52;0.5163600000000005;0.3;0.29856000000000005
0.58;0.5818400000000002;0.38;0.3463960000000008;0.42;0.42916000000000026
0.12;0.12127999999999996;0.46;0.46267999999999826;0.38;0.38843999999999945
0.18;0.1785200000000003;0.4;0.41196000000000005;0.44;0.43508000000000013
0.32;0.32048000000000054;0.54;0.5570000000000003;0.34;0.3247999999999999
0.12;0.12457999999999993;0.74;0.7637199999999976;0.32;0.3182400000000004
0.2;0.1798400000000001;0.38;0.45515999999999995;0.18;0.20424000000000042
0.26;0.24654666666666702;0.68;0.656086666666666;0.12;0.11580000000000008
0.16;0.15043999999999985;0.22;0.22628000000000048;0.3;0.29731999999999975
0.14;0.14947999999999984;0.46;0.5016733333333324;0.16;0.19200000000000045
0.26;0.25356000000000023;0.34;0.35952000000000117;0.5;0.4630399999999993
0.34;0.34240000000000054;0.12;0.11859999999999996;0.4;0.3906800000000001
0.28;0.2797186666666664;0.68;0.6004933333333328;0.24;0.22271999999999975
0.24;0.2330088138528143;0.16;0.17393359307359327;0.32;0.27442366233766213
0.22;0.20184000000000035;0.2;0.22852000000000053;0.5;0.44227999999999934
0.12;0.12427199999999992;0.84;0.7662959999999974;0.1;0.10411999999999999
0.64;0.646853333333332;0.3;0.26285333333333377;0.16;0.16920000000000018
0.52;0.5261340000000013;0.14;0.1342299999999999;0.16;0.1800199999999999
0.32;0.3182328787878793;0.26;0.2650637878787883;0.38;0.3678445454545458
0.54;0.5407600000000015;0.12;0.11847999999999995;0.48;0.4692399999999983
0.56;0.5666000000000012;0.12;0.11491999999999995;0.44;0.4451599999999993
0.16;0.1652600000000002;0.76;0.6815999999999984;0.18;0.1680800000000002
0.28;0.2715083333333334;0.14;0.16411333333333356;0.38;0.2984320000000004
0.14;0.13911999999999988;0.42;0.42575999999999936;0.4;0.4085600000000009
0.32;0.3269600000000006;0.3;0.2865200000000008;0.14;0.15067999999999987
0.28;0.28204;0.22;0.20984000000000042;0.3;0.3286799999999997
0.54;0.5326644444444464;0.38;0.3832777777777785;0.3;0.3277155555555555
0.1;0.11499999999999995;0.16;0.13883999999999988;0.38;0.43327999999999955
0.34;0.33797142857142926;0.18;0.17735428571428594;0.36;0.3654400000000003
0.34;0.3407200000000008;0.24;0.23908000000000076;0.28;0.27080000000000026
0.36;0.3600292857142859;0.18;0.17554390476190504;0.16;0.16269157142857135
0.28;0.2830400000000002;0.24;0.26088000000000044;0.5;0.44391999999999987
0.86;0.8352609523809515;0.12;0.1219973809523809;0.16;0.1845257142857141
0.32;0.4361839999999988;0.52;0.4280799999999998;0.22;0.29699999999999943
0.24;0.23042000000000099;0.6;0.5937799999999992;0.24;0.20937999999999998
0.4;0.40846666666666703;0.5;0.43595266666666704;0.18;0.16148
0.6;0.5769459999999997;0.1;0.12256899999999994;0.16;0.163577
0.44;0.42410932289932185;0.1;0.1176471215451215;0.18;0.18831766111666118
0.7;0.7014399999999987;0.26;0.24120000000000044;0.3;0.3059999999999998
0.3;0.29921095238095363;0.54;0.5431807142857146;0.38;0.3849033333333334
0.46;0.4507999999999977;0.28;0.30276000000000014;0.32;0.32051999999999975
0.16;0.158912761904762;0.66;0.7012615238095223;0.34;0.35517199999999977
0.18;0.1905600000000004;0.66;0.6704186666666652;0.12;0.12188000000000014
0.74;0.7251599999999976;0.2;0.2076000000000003;0.46;0.45199999999999907
0.1;0.12321999999999994;0.68;0.6655199999999996;0.28;0.2690800000000001
0.12;0.14010666666666655;0.3;0.2911133333333338;0.24;0.24448000000000017
0.32;0.3208800000000006;0.64;0.5518799999999996;0.22;0.2356399999999999
0.64;0.6558400000000009;0.14;0.12395999999999995;0.14;0.1798799999999999
0.42;0.4196185714285707;0.42;0.448723285714285;0.4;0.4223487142857142
0.32;0.3165600000000006;0.62;0.5577999999999999;0.18;0.18208000000000024
0.3;0.3150298154251877;0.16;0.1485948270045494;0.22;0.22350238635019254
0.1;0.12027999999999993;0.64;0.6101999999999996;0.32;0.30496000000000006
0.5;0.49539666666666693;0.18;0.19136019047619088;0.46;0.4240000000000004
0.22;0.22548000000000065;0.26;0.23788000000000054;0.24;0.2805999999999999
0.62;0.618324265172733;0.12;0.11949007469654524;0.2;0.2376597348272642
0.18;0.1756800000000002;0.28;0.27412000000000025;0.24;0.2593200000000002
0.52;0.5186000000000023;0.3;0.30014000000000046;0.4;0.39532000000000006
0.3;0.3038000000000015;0.64;0.5994400000000003;0.32;0.3210800000000004
0.56;0.5661138095238102;0.34;0.3226282857142866;0.1;0.11243428571428575
0.24;0.24204666666666738;0.12;0.13129111111111103;0.46;0.3809199999999996
0.66;0.6696466666666671;0.2;0.2190800000000004;0.1;0.10756000000000002
0.68;0.6757600000000002;0.16;0.2245200000000003;0.44;0.41412000000000077
0.36;0.34297666666666726;0.34;0.3754700000000007;0.14;0.14556000000000002
0.18;0.1798400000000003;0.56;0.5679200000000004;0.36;0.36947999999999975
0.2;0.1828466666666669;0.68;0.6305799999999991;0.5;0.4160799999999993
0.32;0.3206800000000004;0.48;0.49580000000000013;0.16;0.17144000000000004
0.48;0.47533599999999837;0.36;0.441126666666667;0.26;0.2506533333333333
0.36;0.37478000000000167;0.48;0.5161133333333329;0.1;0.1188800000000001
0.5;0.49110857142857184;0.26;0.2908857142857145;0.14;0.16044000000000005
0.44;0.4350466666666648;0.42;0.4727133333333335;0.44;0.4343733333333334
0.16;0.1681858210678212;0.26;0.2547076969696976;0.18;0.19552330158730152
0.22;0.21204000000000053;0.72;0.6921199999999991;0.3;0.28092000000000006
0.3;0.3012400000000011;0.44;0.44925333333333267;0.36;0.3834000000000003
0.18;0.16796000000000022;0.16;0.1616000000000001;0.38;0.4064000000000001
0.24;0.23143517460317528;0.22;0.22162511111111147;0.2;0.19518577777777785
0.14;0.1377199999999999;0.48;0.4747999999999998;0.22;0.22479999999999994
0.16;0.16919733333333353;0.62;0.6116319999999992;0.34;0.3454800000000001
0.56;0.5630342857142864;0.4;0.3433600000000002;0.38;0.3794799999999997
0.22;0.23382722245006504;0.2;0.17644468542568575;0.12;0.1719442097668413
0.52;0.5194400000000025;0.14;0.13935999999999987;0.42;0.41576000000000024
0.14;0.13647999999999988;0.26;0.23568000000000047;0.22;0.29531999999999947
0.82;0.8377599999999983;0.14;0.12603999999999993;0.34;0.4029999999999994
0.14;0.14431999999999987;0.5;0.5071600000000012;0.14;0.1459600000000001
0.34;0.3368480000000006;0.34;0.3431800000000006;0.44;0.4032
0.54;0.5211655914786986;0.1;0.11089553884711775;0.28;0.25349831328320793
0.1;0.11199999999999996;0.7;0.758206666666667;0.14;0.14716
0.26;0.2627999999999999;0.4;0.40524000000000054;0.4;0.42703999999999986
0.18;0.17719914285714308;0.62;0.6354545714285711;0.28;0.283554
0.3;0.3028400000000012;0.6;0.5778733333333333;0.3;0.29368
0.14;0.15007999999999985;0.36;0.33104000000000067;0.32;0.35819999999999963
0.22;0.21836000000000041;0.42;0.5145999999999997;0.18;0.24588000000000002
0.16;0.16032000000000005;0.76;0.7683999999999985;0.28;0.27851999999999955
0.6;0.6219999999999986;0.18;0.1614800000000001;0.26;0.2875999999999996
0.74;0.7395599999999979;0.22;0.1870000000000003;0.28;0.28008
0.18;0.18332000000000043;0.4;0.4012000000000007;0.4;0.41315999999999986
0.32;0.31824000000000074;0.26;0.2592800000000005;0.26;0.26476
0.28;0.28244000000000025;0.38;0.3771733333333345;0.34;0.3541600000000001
0.26;0.2620096103896101;0.7;0.6236874458874453;0.4;0.38461818181818114
0.34;0.3416400000000006;0.36;0.36144000000000054;0.22;0.22163999999999998
0.52;0.508440000000002;0.24;0.2740000000000005;0.48;0.4591599999999989
0.2;0.19097500000000037;0.72;0.6682599999999995;0.16;0.15152000000000002
0.66;0.6681200000000005;0.26;0.24736000000000058;0.38;0.3622799999999999
0.22;0.2164000000000004;0.38;0.4977200000000007;0.16;0.22472000000000011
0.46;0.4495999999999977;0.12;0.12271999999999994;0.5;0.47015999999999875
0.34;0.3340800000000006;0.54;0.5637999999999997;0.28;0.27460000000000007
0.42;0.4432199999999983;0.2;0.19168000000000032;0.36;0.35167999999999966
0.22;0.22369333333333416;0.6;0.6332444444444438;0.32;0.33412888888888875
0.5;0.5106173333333348;0.48;0.3975113333333333;0.22;0.23134999999999986
0.8;0.7920219047619048;0.16;0.1397542857142856;0.16;0.15792571428571417
0.32;0.3230600000000003;0.12;0.12055999999999993;0.44;0.41747999999999996
0.16;0.154312;0.8;0.7201279999999984;0.16;0.15111999999999987
0.4;0.3977125252525264;0.16;0.1605438585858586;0.28;0.2868521212121215
0.12;0.11211999999999997;0.32;0.34008000000000044;0.44;0.41828000000000076
0.28;0.2800866666666667;0.48;0.50454;0.22;0.2318599999999999
