l1_test;l1_pred;l2_test;l2_pred;beta_test;beta_pred;
0.24;0.20992000000000052;0.1;0.12283999999999995;0.3;0.2748799999999999
0.2;0.18688000000000027;0.64;0.6713599999999991;0.22;0.22175999999999974
0.7;0.6890399999999999;0.12;0.12811999999999993;0.32;0.31507999999999997
0.66;0.6701600000000006;0.22;0.24248000000000033;0.34;0.3492400000000003
0.34;0.3371200000000009;0.62;0.5836399999999993;0.5;0.4573199999999984
0.3;0.3059600000000005;0.66;0.5874799999999996;0.12;0.11404000000000006
0.38;0.3466000000000007;0.1;0.1343999999999999;0.26;0.1643599999999999
0.24;0.24020000000000105;0.74;0.6564399999999991;0.26;0.24711999999999987
0.46;0.4641599999999978;0.42;0.43872000000000005;0.32;0.32591999999999993
0.52;0.508560000000002;0.28;0.31596000000000035;0.42;0.4456799999999994
0.68;0.7073999999999969;0.24;0.2172800000000004;0.4;0.4468000000000001
0.42;0.42967999999999873;0.52;0.4903600000000001;0.36;0.41119999999999945
0.68;0.68056;0.26;0.2358000000000003;0.32;0.3456000000000002
0.24;0.23396000000000078;0.68;0.671799999999999;0.36;0.3446799999999998
0.36;0.352240000000001;0.38;0.43415999999999993;0.2;0.2308400000000001
0.18;0.18608000000000036;0.18;0.1705200000000002;0.32;0.34915999999999986
0.1;0.12759999999999994;0.52;0.6325200000000003;0.1;0.13184
0.1;0.12403999999999994;0.7;0.6965999999999991;0.28;0.2612799999999996
0.58;0.5795600000000009;0.24;0.2599200000000006;0.4;0.4109600000000005
0.34;0.34532000000000085;0.32;0.36108000000000057;0.34;0.4208000000000002
0.3;0.29412000000000044;0.58;0.5704800000000003;0.18;0.16908000000000015
0.26;0.25448000000000015;0.34;0.5471600000000008;0.18;0.3626799999999998
0.5;0.4881600000000001;0.16;0.16832000000000027;0.32;0.3060799999999996
0.32;0.3177200000000005;0.38;0.37404000000000065;0.46;0.43115999999999977
0.1;0.12107999999999994;0.38;0.3588000000000011;0.2;0.18216000000000007
0.66;0.6641600000000006;0.32;0.2583200000000005;0.38;0.38831999999999917
0.46;0.44279999999999825;0.2;0.21492000000000056;0.46;0.44512000000000035
0.52;0.5285600000000017;0.36;0.32952000000000004;0.36;0.38424
0.36;0.36928000000000133;0.22;0.22604000000000074;0.4;0.37759999999999994
0.14;0.15015999999999985;0.76;0.7607599999999969;0.16;0.17860000000000037
0.12;0.12691999999999992;0.52;0.5277200000000014;0.36;0.38019999999999976
0.24;0.23040000000000105;0.34;0.3627600000000015;0.48;0.47715999999999903
0.36;0.36008000000000084;0.56;0.5471599999999994;0.46;0.43063999999999936
0.18;0.18124000000000035;0.2;0.1870800000000004;0.34;0.39027999999999985
0.82;0.8276;0.1;0.12711999999999993;0.38;0.43343999999999994
0.16;0.15443999999999997;0.66;0.6948799999999985;0.12;0.12964000000000012
0.24;0.24088000000000087;0.66;0.6202799999999989;0.2;0.19100000000000011
0.42;0.4319999999999988;0.24;0.23660000000000087;0.18;0.16400000000000006
0.4;0.4098800000000006;0.54;0.49279999999999974;0.48;0.4350799999999996
0.28;0.2840400000000004;0.32;0.30008000000000107;0.2;0.23119999999999968
0.22;0.19540000000000038;0.74;0.6711599999999989;0.32;0.2714799999999998
0.5;0.5139600000000023;0.48;0.3805200000000003;0.12;0.12056000000000008
0.76;0.7231999999999983;0.14;0.18968000000000027;0.24;0.17860000000000004
0.38;0.3938400000000015;0.18;0.1838800000000003;0.3;0.2397999999999998
0.1;0.11167999999999997;0.58;0.5605200000000004;0.5;0.46331999999999846
0.86;0.8358399999999995;0.1;0.12331999999999994;0.14;0.16183999999999987
0.4;0.4105600000000004;0.58;0.4854800000000003;0.22;0.20208000000000018
0.12;0.12635999999999992;0.34;0.3464400000000004;0.5;0.4834799999999985
0.14;0.13891999999999988;0.52;0.5276000000000014;0.44;0.4531599999999988
0.34;0.3324000000000007;0.16;0.1630400000000001;0.36;0.34623999999999977
0.46;0.451399999999998;0.34;0.4261600000000006;0.16;0.14912
0.2;0.18248000000000034;0.38;0.41068000000000066;0.22;0.22203999999999985
0.48;0.4874399999999993;0.48;0.42448000000000013;0.5;0.43503999999999976
0.16;0.1620400000000001;0.28;0.30804000000000054;0.24;0.1744800000000001
0.12;0.12855999999999992;0.64;0.6884799999999998;0.36;0.4028399999999997
0.2;0.19332000000000038;0.4;0.40144000000000085;0.26;0.2591999999999993
0.36;0.3627600000000013;0.4;0.38756000000000007;0.38;0.3687600000000008
0.64;0.6332799999999988;0.22;0.27004000000000045;0.12;0.1160800000000001
0.56;0.5534800000000009;0.26;0.29680000000000045;0.3;0.2595199999999999
0.24;0.24624000000000035;0.3;0.28600000000000014;0.12;0.13299999999999998
0.3;0.29336000000000084;0.5;0.5116800000000007;0.14;0.13819999999999996
0.6;0.5925999999999993;0.36;0.31636000000000036;0.26;0.2742799999999998
0.6;0.6068799999999986;0.28;0.31548000000000054;0.16;0.15852000000000005
0.18;0.2046400000000004;0.34;0.30895999999999973;0.24;0.26136000000000026
0.12;0.1362799999999999;0.56;0.5746000000000002;0.16;0.1856800000000003
0.28;0.2765599999999998;0.54;0.494280000000001;0.48;0.3919999999999998
0.52;0.5120400000000018;0.12;0.12999999999999992;0.4;0.36416
0.16;0.1636000000000001;0.8;0.7200399999999989;0.24;0.23251999999999934
0.76;0.7241599999999975;0.2;0.19676000000000024;0.16;0.1874799999999998
0.54;0.5333600000000016;0.42;0.3739200000000001;0.18;0.20491999999999994
0.14;0.16656000000000007;0.26;0.2156400000000006;0.14;0.24099999999999983
0.56;0.5571600000000009;0.3;0.3128000000000005;0.14;0.14596000000000003
0.24;0.23048000000000082;0.54;0.6015999999999997;0.12;0.1199200000000001
0.12;0.1340399999999999;0.2;0.19520000000000032;0.24;0.20439999999999997
0.4;0.41096000000000027;0.52;0.516120000000001;0.36;0.4113999999999992
0.44;0.45087999999999867;0.24;0.2284000000000005;0.22;0.23967999999999973
0.28;0.27343999999999946;0.66;0.5962000000000002;0.46;0.3609599999999998
0.38;0.3771600000000015;0.54;0.4238800000000003;0.24;0.16747999999999985
0.22;0.22404000000000057;0.46;0.48807999999999985;0.2;0.23724000000000006
0.6;0.6025199999999986;0.3;0.3121599999999999;0.48;0.467159999999998
0.18;0.17768000000000023;0.58;0.5937600000000002;0.34;0.35708000000000023
0.48;0.4803999999999986;0.36;0.38052000000000014;0.34;0.33344000000000024
0.12;0.12695999999999993;0.58;0.5687200000000002;0.36;0.3633599999999998
0.4;0.40660000000000046;0.36;0.3476800000000005;0.3;0.32472000000000034
0.52;0.48612000000000116;0.1;0.12991999999999992;0.22;0.1695199999999999
0.6;0.6047199999999989;0.34;0.3212800000000005;0.38;0.3846799999999995
0.1;0.12067999999999995;0.16;0.14903999999999984;0.4;0.36931999999999965
0.52;0.5176400000000024;0.44;0.4178399999999997;0.44;0.46227999999999964
0.46;0.460399999999998;0.38;0.36592000000000036;0.26;0.24684000000000003
0.3;0.3084800000000003;0.18;0.1790000000000001;0.12;0.13236
0.18;0.17684000000000044;0.14;0.16696000000000016;0.5;0.4144399999999996
0.5;0.4812400000000001;0.12;0.1374799999999999;0.32;0.2469999999999998
0.18;0.1814800000000003;0.5;0.5212400000000009;0.28;0.31355999999999945
0.12;0.13615999999999992;0.16;0.1287599999999999;0.18;0.23815999999999998
0.5;0.5032800000000028;0.46;0.4237999999999997;0.5;0.45199999999999996
0.34;0.3538400000000012;0.56;0.49227999999999994;0.34;0.34919999999999973
0.26;0.2640799999999998;0.32;0.28860000000000013;0.28;0.34751999999999994
0.44;0.4301199999999989;0.32;0.33712000000000014;0.12;0.12576000000000012
0.3;0.29936000000000124;0.24;0.24840000000000045;0.22;0.19460000000000016
0.62;0.6157199999999993;0.28;0.3020400000000003;0.24;0.24891999999999995
0.52;0.5201600000000023;0.44;0.40859999999999985;0.3;0.30496000000000006
0.44;0.46223999999999815;0.36;0.35736000000000046;0.24;0.2725599999999998
0.16;0.1527199999999999;0.78;0.7541199999999987;0.42;0.4232800000000017
0.2;0.1984800000000005;0.52;0.5116400000000002;0.32;0.31539999999999957
0.8;0.7867999999999975;0.16;0.15652000000000002;0.44;0.4125599999999994
0.16;0.18996000000000032;0.36;0.3331600000000002;0.18;0.1832000000000003
0.36;0.36216000000000115;0.46;0.4918799999999995;0.32;0.32080000000000025
0.26;0.2504400000000004;0.66;0.6499599999999994;0.46;0.44159999999999966
0.26;0.25312000000000034;0.72;0.6272399999999991;0.14;0.12432000000000012
0.12;0.1293199999999999;0.3;0.28304;0.34;0.35867999999999967
0.12;0.12715999999999994;0.7;0.7465999999999992;0.24;0.2483200000000001
0.16;0.1741200000000002;0.5;0.5333200000000018;0.28;0.3489200000000001
0.1;0.12099999999999995;0.38;0.34240000000000054;0.24;0.27868000000000015
0.22;0.21292000000000053;0.74;0.6846800000000006;0.1;0.10384
0.54;0.5458400000000012;0.2;0.19892000000000054;0.5;0.47487999999999797
0.16;0.15219999999999992;0.24;0.2615600000000003;0.32;0.2923599999999994
0.4;0.3906000000000015;0.3;0.3593200000000002;0.26;0.29228000000000026
0.14;0.12155999999999993;0.1;0.12175999999999994;0.22;0.21747999999999976
0.38;0.3808000000000018;0.4;0.39808000000000016;0.44;0.4221599999999997
0.18;0.19604000000000024;0.6;0.6341199999999998;0.1;0.11144000000000003
0.36;0.3598000000000012;0.4;0.5291599999999995;0.1;0.12752000000000013
0.18;0.18272000000000027;0.62;0.6685999999999986;0.38;0.4282799999999998
0.2;0.18888000000000027;0.22;0.2358400000000005;0.34;0.31847999999999976
0.38;0.39136000000000126;0.22;0.21280000000000052;0.16;0.17663999999999996
0.1;0.12035999999999995;0.8;0.7801599999999979;0.3;0.2827599999999999
0.12;0.1336799999999999;0.14;0.1519599999999999;0.4;0.27680000000000016
0.12;0.12575999999999993;0.12;0.10919999999999998;0.12;0.2021600000000002
0.32;0.3107200000000009;0.34;0.4897199999999996;0.2;0.33368
0.66;0.6532400000000007;0.2;0.2650000000000006;0.46;0.4607199999999988
0.2;0.19596000000000052;0.66;0.7044399999999994;0.34;0.34831999999999974
0.26;0.25628000000000006;0.56;0.5675999999999993;0.38;0.38135999999999964
0.56;0.5732800000000009;0.38;0.3611600000000008;0.2;0.19256000000000037
0.34;0.36916000000000115;0.24;0.2044000000000004;0.1;0.13460000000000005
0.36;0.34780000000000094;0.3;0.3749200000000003;0.22;0.28931999999999974
0.3;0.29808000000000145;0.66;0.6143999999999997;0.34;0.3214000000000002
0.28;0.3105200000000001;0.14;0.12723999999999994;0.26;0.2380399999999999
0.12;0.10619999999999999;0.1;0.11819999999999994;0.42;0.3814800000000004
0.16;0.1592000000000001;0.26;0.25592000000000065;0.44;0.45535999999999904
0.62;0.6207999999999986;0.22;0.26640000000000025;0.36;0.3398
0.6;0.6077999999999988;0.36;0.3185200000000006;0.36;0.3587999999999995
0.24;0.24024000000000106;0.7;0.6694399999999985;0.24;0.23763999999999993
0.1;0.10891999999999998;0.56;0.5428000000000014;0.5;0.481479999999998
0.2;0.19412000000000054;0.38;0.38704000000000116;0.44;0.4579199999999988
0.22;0.20352000000000037;0.76;0.6802799999999982;0.18;0.17264000000000035
0.28;0.28888000000000036;0.28;0.2654800000000002;0.14;0.15619999999999998
0.6;0.5899600000000006;0.24;0.30408000000000046;0.12;0.1306400000000001
0.1;0.12643999999999994;0.64;0.6577200000000005;0.24;0.2457200000000001
0.62;0.6172799999999987;0.32;0.3122000000000005;0.22;0.23127999999999999
0.26;0.23308000000000045;0.16;0.16172000000000014;0.14;0.20812000000000014
0.38;0.37744000000000216;0.46;0.4458400000000003;0.4;0.36896000000000007
0.2;0.1984800000000005;0.68;0.6254799999999997;0.36;0.31844
0.22;0.2054000000000003;0.66;0.6890799999999989;0.24;0.24267999999999992
0.72;0.7222399999999974;0.26;0.2126400000000007;0.46;0.45571999999999946
0.66;0.6611600000000017;0.22;0.22580000000000033;0.4;0.3948399999999998
0.32;0.31800000000000056;0.56;0.6046799999999997;0.42;0.4208000000000003
0.5;0.4751199999999984;0.28;0.3982800000000001;0.1;0.11904000000000008
0.32;0.30596000000000134;0.6;0.55088;0.4;0.3075200000000002
0.28;0.28075999999999984;0.36;0.42244000000000115;0.24;0.3245999999999998
0.16;0.16628000000000012;0.14;0.13155999999999993;0.16;0.22131999999999996
0.34;0.33416000000000046;0.32;0.36184000000000105;0.3;0.3571599999999998
0.38;0.3788800000000021;0.5;0.5141199999999996;0.28;0.25335999999999986
0.36;0.3696000000000013;0.4;0.45072000000000007;0.26;0.3398400000000005
0.4;0.39900000000000124;0.44;0.4769999999999999;0.36;0.35419999999999985
0.64;0.640599999999997;0.3;0.23856000000000038;0.44;0.46935999999999894
0.12;0.1265199999999999;0.24;0.23128000000000015;0.26;0.29035999999999984
0.3;0.3025600000000013;0.52;0.5520399999999995;0.28;0.30508
0.68;0.7148399999999988;0.22;0.2212000000000005;0.18;0.2200400000000001
0.2;0.19996000000000036;0.5;0.5138800000000008;0.32;0.3267599999999996
0.14;0.14679999999999988;0.3;0.2744000000000007;0.16;0.2172000000000002
0.66;0.6430799999999998;0.12;0.13327999999999995;0.24;0.24840000000000034
0.78;0.7632400000000004;0.18;0.16940000000000016;0.46;0.43307999999999963
0.38;0.386080000000002;0.44;0.4488400000000003;0.28;0.30232000000000053
0.44;0.4397199999999979;0.4;0.4846800000000011;0.28;0.31679999999999997
0.72;0.7135599999999982;0.18;0.20900000000000035;0.42;0.39195999999999953
0.32;0.3236000000000006;0.5;0.499799999999999;0.3;0.2981999999999997
0.28;0.24052000000000023;0.1;0.1303199999999999;0.2;0.20928000000000008
0.34;0.3418800000000007;0.26;0.25808000000000086;0.38;0.3875199999999993
0.12;0.12599999999999995;0.7;0.6938799999999976;0.38;0.3951199999999996
0.44;0.4250399999999991;0.24;0.23744000000000065;0.36;0.4041599999999998
0.44;0.44755999999999757;0.54;0.4630799999999997;0.38;0.3611599999999998
0.28;0.2606400000000001;0.26;0.26876;0.1;0.13243999999999995
0.2;0.18808000000000008;0.36;0.5472000000000001;0.16;0.2741200000000003
0.1;0.10963999999999997;0.14;0.1291199999999999;0.4;0.4103199999999999
0.34;0.34536000000000067;0.28;0.2742400000000003;0.24;0.25236000000000025
0.84;0.82584;0.1;0.12363999999999994;0.44;0.3960800000000005
0.34;0.3367600000000007;0.34;0.35312000000000016;0.42;0.426
0.54;0.5363600000000015;0.32;0.3486800000000005;0.2;0.19036000000000003
0.32;0.31516000000000044;0.18;0.18308000000000033;0.42;0.42331999999999914
0.74;0.7214799999999979;0.1;0.11427999999999998;0.1;0.1418
0.28;0.27435999999999955;0.56;0.5262800000000007;0.48;0.4164399999999997
0.1;0.11003999999999999;0.84;0.8137999999999981;0.28;0.2650799999999998
0.14;0.13487999999999992;0.84;0.7932799999999995;0.44;0.44643999999999995
0.44;0.4405999999999984;0.5;0.4804400000000009;0.26;0.26316000000000006
0.36;0.36384000000000105;0.58;0.5485200000000007;0.28;0.2840399999999996
0.28;0.2795999999999996;0.7;0.5829600000000003;0.2;0.1772400000000002
0.4;0.4117200000000003;0.56;0.5125199999999995;0.5;0.4556399999999991
0.16;0.15295999999999996;0.76;0.7391999999999989;0.14;0.13408000000000012
0.26;0.25968000000000024;0.28;0.2742400000000001;0.1;0.12540000000000012
0.1;0.12167999999999994;0.8;0.7722799999999976;0.28;0.25104000000000004
0.46;0.45671999999999885;0.14;0.13839999999999988;0.18;0.18787999999999994
0.32;0.33580000000000043;0.14;0.1333999999999999;0.2;0.22423999999999983
0.4;0.4148000000000005;0.22;0.21180000000000052;0.28;0.2804800000000004
0.26;0.24172000000000046;0.14;0.18280000000000035;0.44;0.28144000000000025
0.34;0.33620000000000044;0.38;0.3670000000000009;0.44;0.3844000000000002
0.6;0.604839999999999;0.32;0.29832000000000053;0.28;0.27863999999999983
0.16;0.14943999999999988;0.26;0.2880000000000004;0.34;0.2896799999999999
0.1;0.12507999999999994;0.24;0.2012000000000005;0.22;0.28235999999999956
0.16;0.14759999999999987;0.12;0.13487999999999992;0.28;0.2688400000000003
0.14;0.13703999999999988;0.82;0.7681999999999987;0.12;0.1178400000000001
0.3;0.2924000000000007;0.1;0.13083999999999993;0.38;0.31631999999999977
0.34;0.34368000000000054;0.28;0.2709600000000002;0.16;0.17416
0.28;0.28328000000000014;0.3;0.29392000000000035;0.3;0.30976000000000004
0.32;0.3187200000000004;0.26;0.24128000000000077;0.28;0.3360000000000001
0.28;0.27063999999999944;0.66;0.6447199999999986;0.34;0.3304000000000006
0.72;0.7351599999999975;0.26;0.19316000000000022;0.36;0.4041200000000007
0.1;0.11359999999999998;0.3;0.2921600000000001;0.26;0.24888000000000013
0.14;0.14583999999999986;0.68;0.7505999999999987;0.22;0.2349999999999996
0.2;0.2135200000000003;0.32;0.2954000000000004;0.36;0.39259999999999995
0.12;0.12687999999999994;0.32;0.3188400000000007;0.14;0.12468000000000008
0.8;0.8085199999999989;0.12;0.13995999999999992;0.16;0.28403999999999974
0.2;0.19280000000000042;0.72;0.6734799999999986;0.24;0.22583999999999982
0.32;0.32748000000000055;0.18;0.17684000000000033;0.26;0.2679199999999998
0.32;0.313160000000001;0.4;0.3996000000000005;0.48;0.4409999999999995
0.16;0.1639600000000001;0.44;0.42731999999999937;0.36;0.36911999999999856
0.62;0.6241999999999983;0.28;0.2956800000000004;0.36;0.3523199999999996
0.12;0.12103999999999994;0.34;0.3521600000000011;0.24;0.21135999999999994
0.52;0.5288800000000022;0.46;0.37032000000000015;0.5;0.4683199999999987
0.18;0.1719600000000002;0.78;0.7324799999999995;0.22;0.21931999999999982
0.42;0.41723999999999956;0.38;0.39720000000000083;0.4;0.3876400000000002
0.4;0.40008000000000116;0.32;0.33112000000000036;0.44;0.4684799999999987
0.24;0.2490000000000004;0.46;0.5279600000000002;0.14;0.1748
0.44;0.4268399999999989;0.3;0.3305200000000004;0.26;0.23363999999999985
0.4;0.3859600000000015;0.1;0.10947999999999998;0.4;0.3629200000000002
0.56;0.5733200000000012;0.34;0.3057600000000007;0.4;0.36312
0.58;0.5850000000000003;0.28;0.2690000000000005;0.34;0.361
0.86;0.7735999999999993;0.1;0.16096000000000002;0.16;0.15687999999999985
0.3;0.29064000000000045;0.2;0.23240000000000052;0.3;0.23720000000000024
0.4;0.40116000000000085;0.4;0.38531999999999994;0.2;0.2087600000000001
0.62;0.6250399999999998;0.18;0.16720000000000024;0.42;0.44764
0.26;0.2785999999999999;0.56;0.5365599999999999;0.14;0.14799999999999994
0.12;0.1367999999999999;0.7;0.7281199999999984;0.16;0.16708000000000026
0.14;0.14639999999999986;0.62;0.6374799999999986;0.42;0.4618799999999995
0.42;0.4255999999999989;0.56;0.4853200000000011;0.2;0.17811999999999997
0.54;0.5406000000000015;0.32;0.3572000000000005;0.22;0.19828000000000007
0.72;0.7203999999999979;0.12;0.11419999999999995;0.12;0.1633599999999999
0.36;0.3498400000000012;0.38;0.40724000000000043;0.22;0.22303999999999996
0.22;0.20068000000000025;0.68;0.6737599999999985;0.18;0.16788000000000022
0.2;0.20628000000000024;0.34;0.31555999999999973;0.38;0.41067999999999955
0.48;0.47651999999999917;0.16;0.15936000000000006;0.14;0.14467999999999986
0.14;0.15792000000000006;0.22;0.20184000000000019;0.26;0.2883199999999998
0.4;0.4064800000000006;0.26;0.24844000000000027;0.14;0.15667999999999999
0.44;0.4519199999999985;0.2;0.19116000000000025;0.24;0.2528800000000005
0.18;0.18236000000000024;0.68;0.6433599999999993;0.22;0.1989199999999995
0.52;0.515680000000002;0.12;0.12915999999999994;0.34;0.2993599999999998
0.26;0.2620400000000001;0.3;0.28920000000000023;0.26;0.28515999999999986
0.72;0.7217999999999978;0.18;0.1988800000000005;0.18;0.181
0.62;0.6429200000000003;0.16;0.13451999999999992;0.1;0.15279999999999988
0.22;0.18928000000000036;0.22;0.2663600000000006;0.44;0.3593200000000002
0.16;0.1638000000000002;0.2;0.1963200000000006;0.36;0.36575999999999975
0.72;0.718879999999998;0.22;0.20376000000000047;0.34;0.35676
0.2;0.1952800000000003;0.74;0.729399999999998;0.18;0.1777600000000003
0.18;0.15764;0.14;0.14555999999999988;0.14;0.23564000000000007
0.22;0.22424000000000063;0.44;0.44827999999999973;0.32;0.3287600000000003
0.22;0.20204000000000044;0.7;0.5929999999999997;0.32;0.25023999999999963
0.7;0.6979199999999988;0.28;0.21984000000000037;0.22;0.23272000000000012
0.54;0.5468000000000005;0.12;0.11815999999999995;0.42;0.39191999999999944
0.1;0.11895999999999995;0.86;0.7901999999999995;0.18;0.17312000000000033
0.34;0.3451600000000009;0.52;0.5029999999999997;0.24;0.2110800000000003
0.54;0.5328800000000019;0.18;0.18596000000000032;0.34;0.2994399999999998
0.34;0.3369200000000006;0.58;0.5793599999999988;0.5;0.44863999999999893
0.6;0.6215599999999981;0.14;0.11887999999999996;0.1;0.17403999999999992
0.26;0.2642399999999999;0.3;0.2797999999999998;0.3;0.34664
0.16;0.16520000000000004;0.44;0.4272799999999995;0.48;0.4793199999999992
0.18;0.1612400000000001;0.46;0.4885599999999999;0.12;0.1256000000000001
0.18;0.1829600000000002;0.5;0.47931999999999875;0.5;0.4621199999999992
0.26;0.25392000000000003;0.1;0.12031999999999995;0.32;0.23504000000000008
0.48;0.4837999999999977;0.34;0.3362000000000005;0.46;0.46283999999999964
0.38;0.38512000000000185;0.34;0.3395600000000006;0.42;0.43611999999999895
0.12;0.12547999999999992;0.46;0.4776399999999992;0.18;0.19572000000000048
0.38;0.30052000000000006;0.14;0.1831600000000002;0.1;0.17528
0.72;0.7613199999999989;0.14;0.16924000000000025;0.1;0.1675199999999998
0.34;0.34100000000000036;0.54;0.4049200000000004;0.2;0.13436
0.22;0.23284000000000102;0.56;0.56912;0.34;0.3871199999999998
0.1;0.11219999999999997;0.12;0.11679999999999996;0.2;0.17975999999999992
0.24;0.24428000000000072;0.28;0.2702000000000008;0.36;0.38323999999999947
0.46;0.45711999999999764;0.42;0.47071999999999986;0.2;0.22892000000000007
0.36;0.35596000000000116;0.46;0.5054799999999997;0.24;0.24972000000000022
0.38;0.3804800000000018;0.54;0.5055600000000002;0.22;0.20911999999999992
0.72;0.7135999999999971;0.2;0.2112400000000005;0.28;0.27643999999999996
0.84;0.80012;0.12;0.14963999999999986;0.34;0.2525200000000002
0.14;0.1364399999999999;0.6;0.5661199999999997;0.46;0.39863999999999955
0.38;0.37868000000000224;0.6;0.5363199999999998;0.34;0.3233199999999999
0.68;0.6875599999999992;0.3;0.2145600000000004;0.36;0.3857599999999993
0.66;0.657640000000001;0.2;0.25652000000000064;0.16;0.1556800000000001
0.22;0.20520000000000016;0.22;0.2532000000000008;0.5;0.44111999999999896
0.42;0.4251599999999989;0.48;0.46599999999999997;0.44;0.3901599999999998
0.1;0.11283999999999997;0.52;0.49752000000000185;0.36;0.3533599999999998
0.26;0.2563600000000001;0.36;0.3852800000000013;0.28;0.29715999999999976
0.38;0.39240000000000125;0.52;0.5058800000000002;0.1;0.11636000000000005
0.4;0.39840000000000125;0.32;0.34700000000000064;0.4;0.4567999999999991
0.24;0.2344000000000005;0.62;0.6494399999999986;0.12;0.11248000000000005
0.52;0.5367200000000016;0.42;0.3714000000000003;0.1;0.11632000000000005
0.2;0.1814800000000002;0.24;0.24652000000000077;0.46;0.4587599999999995
0.18;0.1787200000000001;0.7;0.6754400000000004;0.4;0.39347999999999983
0.38;0.3787600000000019;0.24;0.2582800000000001;0.48;0.43212000000000084
0.18;0.15371999999999994;0.1;0.1335599999999999;0.34;0.27295999999999987
0.14;0.14631999999999987;0.68;0.7138799999999986;0.32;0.31964000000000004
0.16;0.16744000000000017;0.42;0.40888000000000063;0.44;0.4686399999999985
0.28;0.30151999999999984;0.3;0.28796000000000077;0.42;0.41564000000000006
0.5;0.4874000000000005;0.12;0.12859999999999994;0.22;0.2048800000000001
0.16;0.15604000000000004;0.66;0.635639999999999;0.5;0.4636799999999993
0.38;0.3819600000000021;0.44;0.3871600000000007;0.38;0.31524000000000013
0.14;0.16312000000000015;0.18;0.1407999999999999;0.1;0.20459999999999975
0.34;0.33976000000000073;0.16;0.17160000000000022;0.24;0.20816000000000007
0.16;0.16448000000000013;0.54;0.5289600000000013;0.38;0.3947599999999996
0.12;0.12579999999999994;0.38;0.3530000000000015;0.26;0.2768
0.6;0.5979999999999994;0.38;0.31376000000000026;0.32;0.32820000000000044
0.24;0.23976000000000097;0.62;0.5922799999999995;0.34;0.3210799999999999
0.8;0.7930000000000004;0.12;0.15255999999999992;0.26;0.2605600000000002
0.72;0.6949599999999991;0.1;0.12243999999999994;0.3;0.2853200000000003
0.46;0.4836400000000002;0.18;0.14899999999999985;0.1;0.1484799999999999
0.2;0.1924400000000001;0.48;0.5577200000000009;0.14;0.17672000000000015
0.16;0.15031999999999984;0.1;0.11575999999999996;0.22;0.19868000000000002
0.22;0.22692000000000057;0.26;0.22984000000000046;0.1;0.15767999999999988
0.68;0.6808399999999998;0.2;0.2405200000000006;0.46;0.45615999999999984
0.12;0.13311999999999993;0.42;0.5594399999999992;0.1;0.13811999999999997
0.12;0.11643999999999996;0.58;0.5759999999999995;0.46;0.4377200000000004
0.58;0.566360000000001;0.26;0.33620000000000066;0.34;0.33852000000000027
0.5;0.4751199999999992;0.1;0.12503999999999993;0.22;0.14663999999999994
0.46;0.4479999999999981;0.12;0.1331999999999999;0.48;0.41864000000000023
0.46;0.4638799999999982;0.36;0.35756000000000043;0.46;0.4565999999999993
0.34;0.33716000000000057;0.48;0.52764;0.18;0.19536000000000003
0.24;0.22848000000000088;0.58;0.5690799999999999;0.42;0.37503999999999993
0.64;0.6264799999999991;0.32;0.2807200000000004;0.12;0.12620000000000015
0.1;0.10935999999999997;0.42;0.4138799999999999;0.5;0.4815999999999983
0.44;0.442159999999998;0.42;0.4312;0.26;0.33588
0.32;0.32052000000000036;0.62;0.5359999999999998;0.34;0.3213999999999996
0.3;0.2951200000000009;0.3;0.3105200000000007;0.48;0.4656399999999998
0.18;0.17912000000000022;0.78;0.7349599999999982;0.48;0.4722799999999987
0.28;0.2678000000000001;0.28;0.28116000000000024;0.12;0.13832
0.1;0.12155999999999993;0.16;0.12955999999999993;0.16;0.26588
0.2;0.19792000000000048;0.74;0.6787200000000005;0.48;0.4318000000000004
0.32;0.3141600000000008;0.24;0.2543600000000002;0.36;0.3243600000000002
0.52;0.5465600000000013;0.46;0.3351200000000006;0.1;0.11140000000000001
0.58;0.5586800000000011;0.22;0.2660000000000006;0.28;0.2635200000000001
0.7;0.6878399999999989;0.16;0.20632000000000014;0.3;0.28264000000000045
0.68;0.6821599999999993;0.26;0.2498800000000006;0.46;0.46667999999999826
0.22;0.21248000000000036;0.64;0.63736;0.38;0.3537999999999999
0.4;0.3962400000000014;0.32;0.34244000000000036;0.26;0.2978
0.4;0.40164000000000083;0.22;0.21512000000000056;0.18;0.18575999999999987
0.14;0.14175999999999986;0.58;0.57104;0.36;0.35508000000000006
0.1;0.10591999999999999;0.88;0.8204399999999994;0.46;0.43880000000000063
0.26;0.26508000000000026;0.16;0.14043999999999987;0.16;0.24212000000000006
0.5;0.4821600000000003;0.12;0.1331199999999999;0.42;0.4160800000000001
0.16;0.15700000000000003;0.6;0.60184;0.32;0.3296799999999999
0.6;0.6088799999999991;0.32;0.29156000000000043;0.32;0.3026399999999997
0.26;0.27635999999999994;0.48;0.4874;0.14;0.15987999999999988
0.74;0.7334399999999985;0.14;0.19872000000000034;0.28;0.2653200000000001
0.1;0.1281999999999999;0.6;0.5929999999999986;0.36;0.3862399999999996
0.8;0.7545599999999996;0.12;0.1718400000000002;0.2;0.13699999999999998
0.32;0.3270800000000006;0.12;0.11179999999999997;0.42;0.4413599999999992
0.28;0.2697999999999998;0.34;0.37572000000000144;0.34;0.3567600000000006
0.34;0.3371200000000005;0.26;0.25928000000000073;0.4;0.4104799999999996
0.16;0.1598400000000001;0.26;0.27427999999999975;0.5;0.4703599999999982
0.6;0.6064799999999989;0.32;0.30720000000000036;0.34;0.32964000000000054
0.32;0.32332000000000033;0.16;0.15451999999999994;0.44;0.45291999999999943
0.44;0.441319999999998;0.48;0.45432000000000083;0.12;0.11684000000000008
0.48;0.4785999999999989;0.3;0.31875999999999993;0.46;0.4385199999999999
0.44;0.44939999999999813;0.12;0.11315999999999997;0.42;0.4226800000000003
0.1;0.12215999999999994;0.72;0.7070799999999989;0.2;0.19084000000000026
0.2;0.2050000000000004;0.14;0.13567999999999988;0.26;0.2919999999999998
0.74;0.7401599999999989;0.24;0.18040000000000034;0.14;0.15207999999999985
0.56;0.5521600000000012;0.34;0.3501200000000006;0.14;0.14208000000000004
0.64;0.6294799999999988;0.28;0.28344000000000047;0.16;0.16428000000000018
0.2;0.2006400000000003;0.64;0.6756399999999994;0.24;0.2603599999999999
0.1;0.12839999999999993;0.68;0.7161999999999986;0.12;0.12664000000000014
0.8;0.7957199999999989;0.16;0.15339999999999993;0.18;0.20448
0.52;0.5140800000000023;0.24;0.28176000000000045;0.44;0.37355999999999984
0.14;0.13187999999999991;0.74;0.7082400000000005;0.2;0.1963200000000001
0.12;0.11883999999999995;0.48;0.4865600000000002;0.34;0.3442800000000002
0.14;0.1400799999999999;0.46;0.45559999999999945;0.22;0.22823999999999992
0.24;0.22832000000000083;0.36;0.3858800000000016;0.42;0.4266800000000005
0.24;0.23708000000000087;0.38;0.38220000000000165;0.46;0.46367999999999976
0.22;0.22084000000000076;0.36;0.3696400000000016;0.44;0.45335999999999965
0.36;0.3586400000000011;0.26;0.2574800000000005;0.42;0.42811999999999906
0.58;0.5486000000000009;0.1;0.12559999999999993;0.16;0.14820000000000003
0.18;0.17232000000000028;0.66;0.662959999999999;0.32;0.29980000000000023
0.14;0.1299999999999999;0.44;0.448719999999998;0.46;0.4423200000000017
0.28;0.2781199999999995;0.58;0.5699599999999999;0.22;0.2027199999999997
0.42;0.4178799999999995;0.32;0.3265200000000004;0.44;0.40176000000000034
0.48;0.4781599999999986;0.28;0.3084400000000002;0.3;0.3010399999999999
0.18;0.1988800000000005;0.78;0.7014799999999984;0.14;0.14008000000000015
0.2;0.19900000000000034;0.22;0.2260000000000006;0.24;0.25267999999999996
0.34;0.34368000000000065;0.38;0.3656800000000005;0.24;0.21708000000000022
0.2;0.19240000000000054;0.66;0.6692399999999981;0.38;0.36651999999999924
0.6;0.5990399999999992;0.36;0.3120400000000006;0.16;0.17004000000000039
0.7;0.6892799999999987;0.24;0.24276000000000061;0.5;0.4845199999999986
0.56;0.5484800000000014;0.32;0.34740000000000043;0.28;0.2905600000000002
0.56;0.5696000000000002;0.4;0.29592000000000057;0.28;0.2935600000000001
0.22;0.2090000000000005;0.2;0.19012000000000048;0.38;0.4208000000000002
0.3;0.305520000000001;0.68;0.5426399999999989;0.2;0.1789199999999999
0.72;0.7255599999999963;0.26;0.19508000000000036;0.26;0.29615999999999987
0.52;0.5146000000000022;0.2;0.2034000000000003;0.4;0.40728
0.22;0.22208000000000067;0.54;0.5647599999999997;0.26;0.27747999999999995
0.5;0.510360000000002;0.36;0.36036000000000035;0.2;0.15768000000000004
0.44;0.4805199999999995;0.18;0.14155999999999988;0.12;0.15367999999999993
0.22;0.2082400000000004;0.7;0.6244399999999987;0.26;0.2159600000000001
0.12;0.1373199999999999;0.68;0.7353999999999984;0.16;0.1626800000000002
0.44;0.4565999999999981;0.18;0.16052000000000016;0.4;0.45043999999999923
0.12;0.14271999999999987;0.16;0.12431999999999994;0.1;0.20943999999999985
0.38;0.39012000000000124;0.18;0.18120000000000033;0.28;0.2687999999999999
0.36;0.36348000000000114;0.14;0.1375999999999999;0.46;0.42052000000000034
0.1;0.11147999999999997;0.42;0.40952000000000044;0.44;0.421680000000001
0.26;0.24568000000000065;0.34;0.37872000000000133;0.36;0.37239999999999907
0.22;0.20892000000000055;0.7;0.6761999999999989;0.12;0.10888000000000002
0.18;0.1897200000000004;0.12;0.13015999999999991;0.36;0.26091999999999993
0.42;0.4211999999999992;0.42;0.4390400000000004;0.48;0.43432000000000004
0.34;0.3387600000000007;0.24;0.247800000000001;0.44;0.4222799999999992
0.24;0.2471200000000006;0.48;0.48411999999999955;0.38;0.4128400000000001
0.76;0.7514400000000007;0.18;0.18372000000000033;0.36;0.35924000000000045
0.3;0.30684000000000106;0.46;0.44624;0.26;0.2729599999999998
0.18;0.18956000000000034;0.46;0.44943999999999906;0.46;0.4538000000000002
0.64;0.6327199999999991;0.34;0.3062400000000003;0.2;0.20859999999999984
0.2;0.1760000000000002;0.1;0.12067999999999995;0.2;0.19839999999999983
0.14;0.14447999999999986;0.48;0.48175999999999986;0.24;0.2529600000000003
0.48;0.4707599999999976;0.3;0.3855999999999998;0.1;0.1194800000000001
0.34;0.343360000000001;0.48;0.4995999999999997;0.16;0.15347999999999998
0.36;0.3647200000000015;0.58;0.5397999999999994;0.18;0.16108000000000003
0.18;0.17136000000000015;0.22;0.2365600000000005;0.38;0.35652000000000006
0.64;0.6292799999999984;0.14;0.1473599999999999;0.2;0.2228400000000001
0.22;0.2171200000000004;0.68;0.7020799999999996;0.14;0.13524000000000017
0.3;0.3192400000000006;0.14;0.12567999999999993;0.36;0.39967999999999987
0.5;0.48499999999999976;0.16;0.17268000000000017;0.4;0.3550400000000002
0.26;0.24748000000000067;0.64;0.6033600000000003;0.18;0.1678400000000002
0.26;0.2553600000000005;0.34;0.3762000000000016;0.3;0.3031599999999995
0.14;0.13991999999999988;0.28;0.26752000000000026;0.16;0.21355999999999983
0.14;0.12927999999999992;0.12;0.14875999999999984;0.42;0.28935999999999995
0.5;0.5047600000000013;0.38;0.36031999999999986;0.16;0.13388000000000003
0.52;0.5212800000000024;0.32;0.3043200000000004;0.34;0.36180000000000023
0.68;0.5225600000000019;0.1;0.21540000000000023;0.34;0.33804000000000023
0.4;0.3926400000000014;0.32;0.3867200000000003;0.12;0.13899999999999996
0.18;0.18692000000000028;0.46;0.4461999999999986;0.48;0.46755999999999975
0.2;0.20784000000000033;0.26;0.2438400000000004;0.14;0.16587999999999986
0.14;0.13983999999999988;0.14;0.12219999999999993;0.16;0.25916000000000006
0.54;0.5434000000000013;0.26;0.28472000000000053;0.5;0.4657199999999987
0.72;0.6915999999999983;0.12;0.1353199999999999;0.34;0.35428000000000026
0.24;0.23036000000000054;0.52;0.526600000000001;0.28;0.2650399999999998
0.18;0.16852000000000017;0.66;0.7151599999999975;0.16;0.16480000000000022
0.2;0.1826400000000002;0.24;0.2634400000000004;0.2;0.18504
0.42;0.4244399999999992;0.34;0.3459600000000001;0.2;0.21739999999999995
0.5;0.4911200000000005;0.34;0.38868000000000025;0.32;0.31727999999999995
0.28;0.28323999999999994;0.62;0.6057999999999999;0.16;0.15339999999999993
0.14;0.1341199999999999;0.5;0.5043599999999996;0.32;0.31308000000000025
0.86;0.8037600000000003;0.12;0.14903999999999984;0.4;0.2502800000000002
0.68;0.6838399999999993;0.26;0.21984000000000065;0.16;0.17992000000000036
0.1;0.11311999999999997;0.32;0.31260000000000027;0.3;0.28284000000000065
0.16;0.15183999999999992;0.3;0.3055200000000007;0.48;0.47511999999999854
0.42;0.4175199999999997;0.36;0.3774800000000005;0.26;0.28779999999999994
0.22;0.2254400000000008;0.38;0.40544000000000135;0.32;0.3048000000000002
0.46;0.4554399999999978;0.16;0.16496000000000013;0.4;0.3912399999999999
0.26;0.2610800000000002;0.22;0.22848000000000057;0.24;0.21772
0.28;0.27783999999999964;0.62;0.514240000000001;0.32;0.24684000000000034
0.44;0.45503999999999745;0.5;0.47716;0.34;0.35203999999999974
0.64;0.6325999999999983;0.2;0.2670800000000005;0.2;0.2029600000000003
0.22;0.21808000000000058;0.6;0.6194000000000004;0.36;0.3590000000000003
0.28;0.26708000000000004;0.26;0.28712000000000043;0.28;0.23932000000000012
0.32;0.312920000000001;0.36;0.40968000000000016;0.2;0.24852000000000016
0.22;0.2202000000000006;0.26;0.2677600000000003;0.32;0.31071999999999983
0.56;0.5549600000000007;0.18;0.18260000000000035;0.32;0.3211199999999997
0.22;0.21856000000000064;0.38;0.3856000000000013;0.22;0.22203999999999988
0.36;0.36320000000000124;0.28;0.27044000000000007;0.3;0.3234799999999996
0.48;0.4942000000000012;0.46;0.4061199999999999;0.24;0.22568000000000016
0.34;0.3482000000000002;0.2;0.17120000000000016;0.16;0.2448800000000002
0.42;0.42539999999999917;0.42;0.4168400000000003;0.26;0.2419999999999999
0.64;0.6304799999999979;0.2;0.2487600000000006;0.36;0.3436000000000004
0.1;0.11599999999999995;0.44;0.42427999999999977;0.3;0.2967600000000001
0.56;0.5600000000000012;0.3;0.28552000000000033;0.2;0.19384000000000004
0.44;0.4388799999999981;0.32;0.3462000000000003;0.36;0.3848799999999999
0.28;0.27348;0.24;0.2326400000000008;0.1;0.1495999999999999
0.4;0.402040000000001;0.54;0.5037600000000001;0.42;0.38571999999999984
0.64;0.6241999999999978;0.12;0.13523999999999992;0.26;0.19660000000000027
0.12;0.12275999999999994;0.14;0.16048;0.42;0.28248000000000023
0.18;0.1806000000000002;0.44;0.44063999999999875;0.42;0.4216000000000005
0.28;0.2875600000000002;0.7;0.6082799999999993;0.3;0.2918399999999998
0.5;0.5232400000000003;0.3;0.32672000000000034;0.1;0.11616000000000007
0.36;0.36156000000000116;0.42;0.4273599999999994;0.38;0.37367999999999985
0.66;0.6661599999999994;0.14;0.1335599999999999;0.24;0.2593200000000004
0.48;0.4705599999999977;0.26;0.2854800000000001;0.44;0.41915999999999987
0.58;0.5537200000000005;0.18;0.2077200000000004;0.5;0.47039999999999865
0.2;0.1953600000000004;0.4;0.4181199999999997;0.46;0.46531999999999946
0.42;0.4298399999999986;0.4;0.4004000000000002;0.42;0.4372
0.4;0.39732000000000095;0.2;0.2065600000000006;0.48;0.45467999999999886
0.18;0.18260000000000012;0.48;0.47231999999999974;0.38;0.37631999999999965
0.3;0.3109200000000008;0.3;0.2712400000000001;0.36;0.4131199999999999
0.54;0.544720000000001;0.38;0.36680000000000046;0.46;0.4701999999999985
0.58;0.58044;0.16;0.15459999999999996;0.34;0.37371999999999994
0.64;0.6275199999999979;0.2;0.2435600000000004;0.32;0.31728000000000056
0.18;0.1774000000000003;0.76;0.6957599999999976;0.16;0.15303999999999998
0.28;0.26507999999999976;0.18;0.21172000000000038;0.5;0.43024000000000096
0.82;0.8403200000000001;0.16;0.11567999999999996;0.1;0.15715999999999983
0.3;0.30276000000000103;0.24;0.23732000000000075;0.32;0.3281599999999997
0.4;0.401760000000001;0.54;0.5068799999999992;0.5;0.4431999999999994
0.76;0.759640000000001;0.16;0.17116000000000026;0.36;0.37311999999999984
0.24;0.23760000000000092;0.26;0.2741600000000004;0.44;0.4078399999999993
0.48;0.47683999999999843;0.2;0.21104000000000042;0.48;0.44747999999999966
0.26;0.2665199999999999;0.2;0.18912000000000018;0.28;0.30608000000000024
0.14;0.12999999999999992;0.12;0.13071999999999992;0.24;0.2871599999999995
0.14;0.14631999999999987;0.66;0.6629599999999993;0.24;0.24615999999999988
0.24;0.22680000000000067;0.34;0.524800000000001;0.16;0.27731999999999957
0.46;0.46699999999999736;0.5;0.4573200000000002;0.42;0.42828
0.62;0.6052399999999987;0.12;0.1334799999999999;0.32;0.23579999999999987
0.14;0.14703999999999987;0.14;0.12271999999999994;0.1;0.18456
0.34;0.3286800000000004;0.36;0.37896000000000085;0.24;0.22852000000000014
0.14;0.14851999999999987;0.42;0.4035200000000009;0.38;0.3873599999999987
0.82;0.8113199999999994;0.16;0.1323999999999999;0.48;0.45032000000000005
0.76;0.7987199999999987;0.22;0.14447999999999986;0.24;0.31247999999999976
0.38;0.38024000000000185;0.38;0.38500000000000023;0.2;0.1991600000000001
0.6;0.6080399999999991;0.34;0.28504000000000035;0.4;0.40812000000000054
0.38;0.3849200000000016;0.5;0.5219600000000002;0.12;0.14259999999999995
0.58;0.5802800000000008;0.4;0.34460000000000074;0.46;0.4506800000000001
0.1;0.11447999999999996;0.68;0.6881599999999991;0.36;0.36332
0.2;0.19160000000000027;0.6;0.5987199999999996;0.24;0.22284
0.24;0.21492000000000042;0.12;0.1407999999999999;0.24;0.22224000000000005
0.34;0.34700000000000103;0.4;0.37532000000000076;0.5;0.4296799999999993
0.14;0.12895999999999994;0.18;0.21528000000000064;0.36;0.2642799999999996
0.18;0.16600000000000015;0.28;0.2850800000000007;0.18;0.1921200000000003
0.56;0.5541200000000008;0.26;0.2679200000000006;0.32;0.34039999999999987
0.14;0.11887999999999996;0.1;0.12435999999999993;0.36;0.2518399999999998
0.18;0.17264000000000024;0.66;0.7079199999999982;0.3;0.3025600000000003
0.48;0.490159999999999;0.36;0.3701599999999998;0.12;0.1269600000000001
0.82;0.8191199999999982;0.14;0.1336799999999999;0.4;0.4315200000000002
0.84;0.8081199999999993;0.1;0.1367999999999999;0.48;0.40479999999999994
0.14;0.1503199999999999;0.16;0.1367999999999999;0.18;0.2441600000000002
0.28;0.2815199999999998;0.56;0.5487200000000012;0.3;0.2974400000000002
0.64;0.6435999999999973;0.3;0.28468000000000027;0.5;0.48511999999999833
0.42;0.3749600000000008;0.1;0.12899999999999992;0.14;0.18567999999999996
0.1;0.10971999999999998;0.54;0.5362800000000014;0.44;0.46287999999999946
0.14;0.1349599999999999;0.58;0.5616800000000005;0.38;0.3739199999999996
0.48;0.47883999999999854;0.34;0.37908000000000047;0.28;0.31443999999999994
0.34;0.3282800000000008;0.5;0.48232;0.34;0.29015999999999986
0.52;0.5223200000000019;0.26;0.3327200000000003;0.2;0.18812
0.38;0.3944800000000016;0.44;0.36380000000000057;0.16;0.16112000000000004
0.36;0.3759600000000012;0.16;0.16404000000000007;0.4;0.32808000000000004
0.52;0.5045200000000012;0.26;0.2965200000000005;0.24;0.21439999999999998
0.38;0.38716000000000184;0.32;0.3254800000000002;0.5;0.46655999999999836
0.2;0.1920400000000005;0.78;0.7243199999999986;0.36;0.3521999999999998
0.26;0.25444000000000017;0.36;0.37300000000000133;0.44;0.4621999999999991
0.18;0.1742800000000002;0.6;0.5787999999999996;0.5;0.4531999999999995
0.44;0.4465599999999978;0.26;0.2520400000000002;0.48;0.48523999999999956
0.4;0.3880400000000014;0.12;0.13919999999999988;0.32;0.22920000000000015
0.2;0.1948800000000003;0.72;0.7146799999999998;0.1;0.10271999999999999
0.18;0.19644000000000056;0.36;0.33044000000000034;0.12;0.15484
0.1;0.11255999999999997;0.44;0.4313999999999993;0.24;0.24964000000000014
0.62;0.6211199999999992;0.24;0.27040000000000036;0.38;0.36903999999999937
0.18;0.1769600000000003;0.34;0.33664000000000016;0.4;0.40959999999999913
0.66;0.6642400000000012;0.26;0.2686000000000005;0.16;0.16588000000000025
0.18;0.17592000000000022;0.76;0.7127199999999981;0.14;0.13564000000000012
0.18;0.1742000000000002;0.74;0.7188799999999986;0.32;0.2989600000000002
0.42;0.41036000000000017;0.42;0.45860000000000056;0.22;0.20624000000000003
0.12;0.11851999999999994;0.64;0.6371199999999994;0.46;0.47083999999999937
0.34;0.34368000000000115;0.6;0.5137599999999996;0.42;0.36892000000000036
0.24;0.2312000000000009;0.74;0.5973200000000003;0.36;0.30775999999999987
0.16;0.1610400000000002;0.58;0.5332799999999984;0.46;0.4438399999999992
0.34;0.3265200000000003;0.32;0.38504000000000066;0.26;0.3049999999999999
0.58;0.5860000000000005;0.32;0.3331200000000005;0.12;0.11860000000000011
0.14;0.13547999999999988;0.78;0.7599599999999985;0.36;0.36639999999999917
0.22;0.19980000000000028;0.76;0.6473199999999992;0.24;0.2065599999999997
0.12;0.11883999999999995;0.7;0.6652799999999993;0.48;0.4483600000000004
0.7;0.7109999999999976;0.14;0.12283999999999994;0.12;0.21528
0.46;0.4384399999999984;0.26;0.3372000000000001;0.12;0.1252800000000001
0.32;0.3200000000000008;0.38;0.3843600000000007;0.32;0.34559999999999985
0.62;0.6129199999999992;0.32;0.27628000000000047;0.26;0.2735999999999999
0.52;0.5126400000000019;0.32;0.36204000000000036;0.3;0.30296
0.46;0.49468000000000084;0.2;0.16592000000000018;0.12;0.17127999999999993
0.14;0.13883999999999988;0.84;0.777639999999999;0.46;0.4596799999999984
0.54;0.5427600000000007;0.12;0.11919999999999994;0.44;0.40011999999999937
0.12;0.13315999999999992;0.38;0.3522000000000008;0.42;0.4356800000000005
0.54;0.5259600000000015;0.14;0.1380799999999999;0.4;0.4060799999999996
0.16;0.1667200000000002;0.58;0.6119599999999987;0.24;0.2634000000000004
0.48;0.4759199999999979;0.38;0.4090000000000003;0.16;0.1726
0.5;0.5000400000000012;0.4;0.3771199999999999;0.16;0.16288000000000014
0.38;0.39500000000000174;0.52;0.5080400000000003;0.3;0.3356000000000002
0.18;0.17136000000000026;0.38;0.399080000000001;0.4;0.4049999999999995
0.26;0.25912;0.3;0.29156000000000004;0.32;0.34228
0.56;0.5510400000000005;0.2;0.19088000000000035;0.2;0.27179999999999954
0.54;0.5321200000000018;0.12;0.12263999999999993;0.5;0.46043999999999885
0.22;0.22832000000000074;0.42;0.42092000000000074;0.3;0.3326400000000004
0.12;0.12403999999999994;0.82;0.7654399999999996;0.16;0.15419999999999998
0.16;0.14999999999999986;0.3;0.3215600000000001;0.5;0.4730799999999983
0.52;0.530360000000002;0.46;0.37231999999999993;0.18;0.1701600000000001
0.2;0.20696000000000034;0.32;0.28844000000000003;0.26;0.31928
0.36;0.35612000000000094;0.4;0.5209199999999995;0.12;0.15327999999999992
0.26;0.2803600000000001;0.58;0.5829199999999994;0.14;0.14739999999999992
0.2;0.20192000000000057;0.4;0.39700000000000085;0.5;0.48491999999999863
0.2;0.19176000000000026;0.1;0.11487999999999998;0.38;0.32323999999999997
0.5;0.4822799999999992;0.24;0.30008000000000007;0.28;0.2451599999999999
0.1;0.10891999999999998;0.74;0.7809199999999981;0.48;0.4753599999999986
0.12;0.1352799999999999;0.3;0.2758800000000005;0.14;0.1869600000000001
0.62;0.6188399999999988;0.32;0.3053200000000003;0.3;0.3112800000000001
0.18;0.1916800000000004;0.32;0.3014800000000002;0.22;0.24943999999999997
0.48;0.47083999999999776;0.4;0.43843999999999966;0.5;0.46703999999999946
0.56;0.5734000000000014;0.36;0.35160000000000124;0.38;0.3544000000000004
0.44;0.44523999999999814;0.14;0.14039999999999989;0.4;0.38291999999999965
0.3;0.2907200000000007;0.54;0.587;0.1;0.10912000000000002
0.1;0.11279999999999997;0.62;0.5885999999999996;0.48;0.43512000000000023
0.34;0.3448000000000008;0.16;0.16412000000000013;0.32;0.2728799999999997
0.82;0.8204399999999984;0.1;0.1298399999999999;0.46;0.4274
0.6;0.5809999999999997;0.14;0.15651999999999996;0.24;0.1934800000000001
0.32;0.3217200000000005;0.24;0.23704000000000044;0.12;0.13887999999999995
0.14;0.14703999999999987;0.2;0.1935600000000002;0.32;0.3374799999999999
0.66;0.6494800000000042;0.1;0.10632;0.34;0.3463200000000003
0.42;0.4093200000000003;0.3;0.33767999999999987;0.26;0.2820800000000004
0.14;0.14615999999999987;0.62;0.6125599999999992;0.36;0.36547999999999975
0.7;0.6909199999999992;0.2;0.21756000000000048;0.3;0.31044000000000016
0.32;0.3215200000000005;0.5;0.4939999999999995;0.26;0.25247999999999965
0.4;0.3901600000000014;0.34;0.4280400000000005;0.14;0.18312
0.14;0.14379999999999987;0.4;0.4044800000000009;0.44;0.456959999999998
0.32;0.29068000000000027;0.12;0.11819999999999994;0.18;0.29784
0.56;0.563200000000001;0.26;0.26392000000000077;0.46;0.4407999999999995
0.6;0.5963999999999988;0.22;0.2727200000000004;0.2;0.1975200000000002
0.42;0.41552000000000006;0.22;0.22208000000000067;0.42;0.4155199999999993
0.46;0.4623999999999978;0.5;0.4609599999999998;0.44;0.42747999999999936
0.28;0.2891199999999999;0.3;0.2916400000000008;0.36;0.37064000000000036
0.26;0.24688000000000027;0.68;0.6704399999999995;0.16;0.14479999999999998
0.12;0.13619999999999988;0.32;0.28736000000000045;0.3;0.3555199999999999
0.34;0.34348000000000073;0.4;0.37868000000000057;0.4;0.36640000000000006
0.66;0.6712800000000013;0.28;0.26016000000000067;0.36;0.35072000000000025
0.3;0.30084000000000133;0.42;0.40244000000000013;0.48;0.4520399999999999
0.66;0.6631600000000003;0.26;0.2541600000000006;0.2;0.21035999999999994
0.44;0.4398799999999979;0.26;0.25108000000000025;0.4;0.4382800000000005
0.58;0.5757600000000006;0.16;0.16212000000000015;0.44;0.4500399999999992
0.64;0.6549199999999997;0.16;0.14891999999999986;0.24;0.23360000000000025
0.12;0.12583999999999992;0.28;0.2745600000000004;0.38;0.38480000000000036
0.26;0.2591999999999998;0.6;0.6715199999999976;0.1;0.10679999999999998
0.26;0.2574400000000001;0.36;0.40600000000000136;0.2;0.23928000000000016
0.12;0.15559999999999996;0.28;0.2210000000000004;0.14;0.24003999999999967
0.42;0.4255599999999988;0.5;0.49167999999999995;0.34;0.3455600000000002
0.82;0.8300799999999992;0.1;0.1264399999999999;0.28;0.34603999999999985
0.28;0.2858000000000003;0.4;0.3921600000000011;0.44;0.43615999999999994
0.36;0.32608000000000015;0.1;0.12991999999999992;0.16;0.17747999999999992
0.44;0.43939999999999807;0.42;0.45555999999999963;0.36;0.34959999999999974
0.8;0.8054799999999983;0.14;0.14315999999999987;0.46;0.4457999999999993
0.38;0.3826800000000018;0.46;0.45492000000000027;0.5;0.46627999999999903
0.36;0.35888000000000136;0.38;0.3718400000000002;0.24;0.21875999999999998
0.6;0.5934399999999995;0.12;0.12535999999999994;0.26;0.23940000000000006
0.34;0.31136;0.1;0.12587999999999994;0.22;0.17939999999999987
0.34;0.3294400000000004;0.14;0.15796000000000002;0.46;0.4034800000000005
0.52;0.5146000000000027;0.2;0.20796000000000048;0.48;0.45779999999999976
0.42;0.40632000000000046;0.28;0.32308;0.14;0.15788000000000008
0.3;0.3016000000000015;0.52;0.5513600000000006;0.32;0.3557999999999998
0.74;0.7335999999999964;0.12;0.12455999999999995;0.5;0.46351999999999904
0.18;0.18132000000000034;0.48;0.5414399999999997;0.18;0.2166400000000001
0.16;0.1629200000000001;0.46;0.45763999999999977;0.28;0.28040000000000004
0.66;0.6587600000000009;0.18;0.2200000000000002;0.46;0.43200000000000155
0.24;0.2625600000000001;0.24;0.20916000000000032;0.2;0.25188000000000027
0.58;0.5748000000000009;0.24;0.24536000000000088;0.38;0.3545200000000001
0.1;0.11555999999999995;0.12;0.11787999999999994;0.32;0.22796000000000002
0.34;0.32700000000000023;0.12;0.1385999999999999;0.32;0.2621599999999998
0.48;0.4885999999999993;0.46;0.4247999999999998;0.4;0.40371999999999986
0.1;0.12467999999999993;0.2;0.17572000000000026;0.28;0.30668
0.36;0.36632000000000153;0.52;0.48472;0.34;0.31092000000000025
0.34;0.34552000000000094;0.46;0.5009999999999994;0.32;0.3640000000000002
0.28;0.27551999999999993;0.66;0.6419599999999988;0.12;0.1183600000000001
0.26;0.26772;0.2;0.18796000000000024;0.4;0.4323199999999991
0.56;0.5705600000000011;0.16;0.14603999999999986;0.34;0.37123999999999896
0.56;0.5547200000000008;0.18;0.18404000000000015;0.44;0.45215999999999956
0.4;0.40332000000000084;0.14;0.12803999999999993;0.36;0.40088000000000007
0.46;0.46931999999999785;0.5;0.4274;0.22;0.2427200000000001
0.56;0.555080000000001;0.32;0.3572800000000005;0.14;0.14855999999999997
0.42;0.41875999999999963;0.34;0.36680000000000024;0.28;0.2998799999999999
0.7;0.6958399999999992;0.14;0.1908800000000002;0.5;0.2802800000000001
0.28;0.2799999999999997;0.36;0.3815600000000011;0.36;0.40120000000000033
0.2;0.1973200000000004;0.46;0.48440000000000016;0.24;0.25923999999999986
0.12;0.17604000000000022;0.26;0.2023200000000005;0.1;0.15415999999999994
0.34;0.3216000000000008;0.32;0.43300000000000005;0.22;0.2937200000000003
0.16;0.16236000000000012;0.36;0.3407200000000005;0.36;0.3923599999999986
0.46;0.4614799999999983;0.22;0.22380000000000064;0.36;0.3418800000000001
0.52;0.5353200000000017;0.38;0.3266000000000006;0.24;0.2637999999999998
0.16;0.15035999999999985;0.7;0.7548799999999989;0.12;0.12076000000000013
0.2;0.19684000000000038;0.46;0.49932000000000093;0.18;0.20772
0.62;0.6186799999999996;0.32;0.3107600000000002;0.46;0.45835999999999977
0.14;0.1524399999999999;0.7;0.7153199999999984;0.24;0.23799999999999977
0.26;0.2706799999999997;0.5;0.4803999999999995;0.36;0.3730800000000004
0.4;0.41040000000000104;0.18;0.16992000000000018;0.16;0.15692
0.4;0.39752000000000126;0.2;0.19052000000000036;0.28;0.32288000000000017
0.72;0.7220799999999971;0.22;0.21232000000000045;0.4;0.4258799999999999
0.48;0.48919999999999925;0.38;0.36060000000000064;0.48;0.4655199999999991
0.48;0.47811999999999966;0.2;0.20024000000000036;0.32;0.31663999999999975
0.6;0.5958799999999995;0.26;0.3161600000000004;0.34;0.32836000000000015
0.22;0.2283200000000008;0.74;0.6170799999999993;0.18;0.17380000000000026
0.24;0.21592000000000042;0.14;0.1588;0.44;0.3908800000000001
0.52;0.5086800000000017;0.14;0.14519999999999986;0.36;0.3450799999999995
0.7;0.6921999999999993;0.12;0.1320399999999999;0.46;0.42079999999999984
0.1;0.10448;0.1;0.11047999999999998;0.4;0.34936
0.3;0.30404000000000125;0.62;0.5761599999999999;0.22;0.21023999999999984
0.2;0.20668000000000053;0.38;0.37220000000000103;0.36;0.36567999999999923
0.42;0.4147999999999999;0.12;0.11795999999999994;0.4;0.42128
0.34;0.33912000000000053;0.16;0.16760000000000022;0.5;0.46359999999999885
0.16;0.1649600000000002;0.62;0.6323999999999993;0.38;0.3993599999999997
0.44;0.45015999999999784;0.42;0.42756;0.46;0.47215999999999897
0.28;0.2764399999999998;0.26;0.25888000000000067;0.42;0.43091999999999897
0.32;0.31292000000000075;0.26;0.2800800000000003;0.48;0.4323200000000001
0.44;0.42323999999999906;0.28;0.3216400000000002;0.2;0.18887999999999996
0.66;0.6670000000000008;0.2;0.2347200000000004;0.12;0.12400000000000015
0.36;0.3656800000000013;0.16;0.16080000000000005;0.24;0.22715999999999997
0.22;0.21176000000000045;0.56;0.6411999999999999;0.24;0.265
0.44;0.4402799999999979;0.44;0.4544000000000006;0.46;0.4259599999999999
0.56;0.59768;0.42;0.3287200000000003;0.2;0.2049200000000002
0.16;0.15888000000000008;0.48;0.47559999999999997;0.4;0.3781199999999989
0.6;0.5966799999999991;0.26;0.26256000000000035;0.32;0.35240000000000005
0.34;0.33988000000000096;0.54;0.5559599999999991;0.36;0.3659600000000001
0.18;0.2001200000000004;0.44;0.4910799999999996;0.14;0.18380000000000007
0.48;0.47919999999999746;0.44;0.44455999999999934;0.46;0.4498400000000006
0.58;0.5956000000000001;0.32;0.30120000000000063;0.1;0.10615999999999999
0.52;0.5236400000000025;0.44;0.41172000000000014;0.48;0.4738399999999997
0.22;0.21512000000000045;0.32;0.31204000000000004;0.12;0.15268
0.26;0.24832000000000043;0.66;0.6520399999999987;0.42;0.38967999999999947
0.18;0.17988000000000032;0.34;0.32699999999999985;0.32;0.3419600000000003
0.2;0.24088000000000018;0.16;0.12107999999999994;0.16;0.20679999999999996
0.38;0.3832000000000019;0.24;0.24264000000000077;0.4;0.3909999999999992
0.54;0.5160800000000025;0.22;0.3769600000000002;0.12;0.1256000000000001
0.56;0.5667600000000006;0.32;0.2965600000000002;0.2;0.20607999999999999
0.18;0.17088000000000006;0.6;0.6069599999999996;0.42;0.40372
0.12;0.1345199999999999;0.62;0.6055599999999993;0.28;0.29335999999999995
0.44;0.43495999999999824;0.4;0.4453600000000004;0.26;0.27359999999999973
0.66;0.6598800000000011;0.26;0.24540000000000037;0.24;0.24427999999999983
0.66;0.6540400000000002;0.2;0.23476000000000047;0.24;0.2314000000000001
0.54;0.5417200000000014;0.34;0.37988000000000016;0.44;0.4302800000000001
0.26;0.26576000000000005;0.14;0.12719999999999992;0.18;0.2354000000000001
0.3;0.30984000000000117;0.68;0.5953599999999991;0.26;0.26847999999999994
0.54;0.546360000000001;0.14;0.12963999999999992;0.44;0.4188399999999991
0.54;0.5646800000000005;0.4;0.3272800000000004;0.16;0.14540000000000003
0.38;0.3686400000000014;0.4;0.45844000000000024;0.12;0.12216000000000012
0.22;0.22248000000000068;0.3;0.29379999999999973;0.26;0.27848000000000034
0.28;0.2906800000000004;0.26;0.23824000000000062;0.26;0.30135999999999985
0.24;0.22508000000000064;0.66;0.6472400000000003;0.16;0.14847999999999997
0.1;0.11511999999999996;0.7;0.66372;0.5;0.4632799999999998
0.86;0.8284799999999986;0.1;0.12187999999999996;0.34;0.2538400000000001
0.82;0.8288799999999998;0.14;0.12527999999999995;0.14;0.17211999999999988
0.48;0.4841999999999988;0.4;0.41947999999999996;0.2;0.18140000000000012
0.14;0.12799999999999992;0.38;0.40584000000000076;0.32;0.31572000000000056
0.3;0.28696000000000005;0.52;0.47764000000000134;0.3;0.22428000000000012
0.4;0.4033600000000009;0.24;0.25060000000000043;0.5;0.46279999999999877
0.24;0.2338800000000011;0.5;0.509560000000001;0.42;0.4122799999999994
0.32;0.31688000000000066;0.52;0.5173599999999997;0.3;0.28787999999999975
0.52;0.5518800000000005;0.44;0.3323600000000006;0.1;0.10836000000000001
0.82;0.8171599999999991;0.14;0.13071999999999992;0.24;0.20032000000000005
0.3;0.2924800000000002;0.36;0.44371999999999995;0.12;0.146
0.3;0.29728000000000115;0.58;0.6289199999999994;0.42;0.4070799999999992
0.46;0.45827999999999824;0.34;0.3590000000000004;0.3;0.2581999999999998
0.32;0.3191200000000006;0.64;0.5491199999999996;0.5;0.4461599999999998
0.7;0.6976399999999985;0.26;0.20836000000000043;0.42;0.43652000000000013
0.58;0.6005999999999994;0.4;0.31080000000000046;0.22;0.2366400000000001
0.5;0.5024000000000016;0.22;0.2191600000000006;0.46;0.45252000000000014
0.4;0.4372799999999996;0.26;0.22688000000000033;0.1;0.12588000000000008
0.36;0.3606000000000013;0.44;0.5078799999999997;0.2;0.22864000000000012
0.52;0.5092400000000017;0.14;0.1411599999999999;0.28;0.28715999999999997
0.36;0.3728800000000017;0.48;0.5333199999999999;0.14;0.18884000000000012
0.64;0.6397999999999991;0.34;0.2856800000000003;0.18;0.20044000000000003
0.22;0.22160000000000052;0.18;0.16884000000000013;0.12;0.18496
0.14;0.14047999999999988;0.6;0.6084399999999989;0.24;0.2530800000000003
0.16;0.15644000000000002;0.2;0.20964000000000033;0.44;0.43355999999999967
0.2;0.19784000000000024;0.3;0.3144000000000006;0.5;0.47703999999999824
0.34;0.3371200000000005;0.24;0.243760000000001;0.2;0.18803999999999998
0.2;0.2112800000000003;0.58;0.6238399999999993;0.24;0.27143999999999996
0.12;0.1349999999999999;0.82;0.7329599999999988;0.22;0.20327999999999974
0.36;0.36624000000000134;0.6;0.5338799999999996;0.32;0.31716000000000033
0.2;0.1788400000000003;0.22;0.22152000000000066;0.44;0.4720799999999995
0.1;0.12031999999999995;0.54;0.5215600000000012;0.3;0.29368000000000005
0.24;0.23088000000000083;0.56;0.6487599999999998;0.12;0.1224400000000001
0.14;0.13479999999999992;0.8;0.767159999999998;0.2;0.20379999999999993
0.42;0.4303199999999992;0.18;0.1821600000000002;0.46;0.43528000000000044
0.12;0.1411599999999999;0.14;0.11763999999999994;0.14;0.19187999999999994
0.54;0.5343600000000012;0.1;0.10815999999999998;0.5;0.4556799999999986
0.62;0.6141199999999984;0.26;0.26388000000000056;0.16;0.1751200000000003
0.2;0.20688000000000048;0.32;0.3101600000000001;0.22;0.23988000000000004
0.14;0.14715999999999987;0.58;0.5706399999999997;0.44;0.4635199999999992
0.44;0.4415199999999985;0.12;0.11247999999999997;0.26;0.25812
0.28;0.2879200000000002;0.44;0.4036000000000007;0.5;0.4331999999999997
0.14;0.1405199999999999;0.68;0.7190399999999983;0.28;0.2905999999999997
0.26;0.2470400000000006;0.72;0.642439999999999;0.26;0.2354000000000001
0.2;0.19256000000000048;0.66;0.6933999999999992;0.5;0.4675599999999993
0.32;0.32228000000000045;0.54;0.5612399999999993;0.32;0.32140000000000013
0.46;0.4633199999999975;0.46;0.4315199999999997;0.24;0.25880000000000025
0.3;0.28487999999999997;0.24;0.25308000000000036;0.18;0.18195999999999984
0.72;0.6873999999999989;0.14;0.21836000000000058;0.48;0.4198800000000006
0.34;0.3361600000000004;0.28;0.2797600000000004;0.14;0.14539999999999992
0.44;0.44143999999999856;0.26;0.24548000000000067;0.28;0.32052000000000047
0.5;0.5263200000000011;0.16;0.14055999999999988;0.12;0.15104000000000012
0.68;0.6860800000000022;0.12;0.11363999999999998;0.1;0.13320000000000004
0.12;0.10268;0.1;0.11319999999999997;0.24;0.25859999999999983
0.36;0.33456000000000014;0.14;0.1382399999999999;0.22;0.3186799999999997
0.26;0.25624000000000013;0.68;0.6258399999999996;0.24;0.22708000000000003
0.32;0.3139200000000009;0.36;0.36676000000000103;0.48;0.4659599999999996
0.38;0.33032000000000095;0.1;0.1349599999999999;0.34;0.27427999999999975
0.44;0.44871999999999834;0.16;0.14815999999999988;0.28;0.31880000000000036
0.14;0.13999999999999987;0.82;0.7547199999999996;0.36;0.3553199999999993
0.52;0.5456000000000011;0.42;0.3032400000000009;0.12;0.11088
0.44;0.4416399999999981;0.5;0.4731200000000002;0.36;0.3423200000000003
0.1;0.11435999999999998;0.62;0.5981599999999999;0.32;0.30812
0.28;0.2330400000000004;0.1;0.1427999999999999;0.14;0.15231999999999993
0.46;0.4527599999999977;0.4;0.4706399999999997;0.44;0.467799999999999
0.22;0.2286800000000004;0.18;0.17020000000000005;0.22;0.24275999999999992
0.16;0.1622000000000001;0.46;0.44275999999999904;0.3;0.2908799999999999
0.2;0.2786000000000001;0.28;0.20208000000000026;0.1;0.1426
0.1;0.12115999999999993;0.2;0.17216000000000026;0.3;0.33588000000000007
0.3;0.3032000000000009;0.28;0.2767200000000002;0.28;0.2795200000000003
0.5;0.520000000000001;0.46;0.3754400000000003;0.1;0.11452000000000004
0.56;0.5545200000000001;0.14;0.14055999999999988;0.12;0.16796000000000003
0.2;0.19576000000000043;0.42;0.4297999999999995;0.36;0.37215999999999916
0.24;0.23360000000000072;0.54;0.5508799999999996;0.32;0.3151999999999997
0.4;0.39964000000000083;0.22;0.22160000000000052;0.42;0.41204
0.42;0.4335199999999996;0.16;0.1432399999999999;0.1;0.14824000000000007
0.56;0.5586400000000006;0.1;0.10807999999999998;0.4;0.3978400000000006
0.1;0.11655999999999996;0.38;0.3517200000000012;0.36;0.3499200000000001
0.2;0.2118400000000003;0.34;0.30780000000000013;0.32;0.3707199999999998
0.34;0.3428400000000011;0.56;0.5583199999999992;0.42;0.41479999999999995
0.48;0.47151999999999933;0.12;0.12395999999999995;0.26;0.25891999999999965
0.4;0.38256000000000184;0.28;0.3255600000000003;0.32;0.32371999999999984
0.3;0.3034000000000011;0.46;0.4615199999999994;0.44;0.4383599999999996
0.14;0.1339199999999999;0.82;0.7063199999999986;0.18;0.16972000000000023
0.24;0.22752000000000056;0.2;0.21532000000000057;0.34;0.3187600000000002
0.38;0.3860000000000018;0.18;0.18044000000000027;0.44;0.421239999999999
0.44;0.4426799999999978;0.54;0.4953600000000015;0.5;0.45735999999999954
0.52;0.5255600000000017;0.4;0.36732000000000015;0.18;0.17035999999999998
0.12;0.1409599999999999;0.52;0.5863600000000003;0.1;0.11980000000000009
0.54;0.5376400000000017;0.44;0.33632000000000034;0.3;0.27227999999999997
0.26;0.25308000000000036;0.56;0.5582000000000001;0.2;0.20475999999999991
0.12;0.12683999999999993;0.62;0.6344399999999984;0.38;0.4069600000000004
0.38;0.3861600000000016;0.14;0.1334399999999999;0.4;0.40092
0.26;0.24224000000000018;0.12;0.13879999999999987;0.3;0.23915999999999982
0.68;0.6764400000000014;0.12;0.12183999999999993;0.14;0.1772800000000001
0.14;0.14679999999999988;0.5;0.49067999999999823;0.44;0.44060000000000094
0.4;0.37772000000000105;0.1;0.11535999999999996;0.34;0.29184000000000027
0.18;0.18372000000000022;0.22;0.20236000000000037;0.14;0.1957200000000001
0.18;0.17096000000000025;0.3;0.30336000000000074;0.12;0.14099999999999996
0.26;0.25584000000000007;0.36;0.3798800000000013;0.42;0.4417999999999994
0.14;0.14091999999999988;0.54;0.5618000000000006;0.2;0.21851999999999974
0.12;0.14807999999999988;0.16;0.14563999999999985;0.24;0.24812000000000003
0.66;0.6346799999999991;0.1;0.12423999999999992;0.28;0.20524000000000003
0.26;0.2557200000000003;0.62;0.6139599999999998;0.24;0.22903999999999985
0.22;0.22920000000000057;0.46;0.47840000000000055;0.3;0.35287999999999975
0.34;0.3441200000000006;0.28;0.2750800000000005;0.38;0.3841600000000006
0.26;0.25088000000000044;0.14;0.1698400000000002;0.46;0.31696000000000024
0.1;0.12839999999999993;0.64;0.6452399999999997;0.14;0.13200000000000003
0.36;0.364000000000001;0.14;0.13947999999999988;0.12;0.19152000000000008
0.38;0.376840000000002;0.48;0.53724;0.16;0.16564000000000018
0.46;0.46579999999999766;0.38;0.38611999999999996;0.4;0.4105199999999997
0.38;0.3822400000000018;0.36;0.3491600000000007;0.44;0.43484
0.5;0.44356;0.14;0.17012000000000024;0.1;0.15131999999999995
0.22;0.20968000000000034;0.26;0.2541600000000005;0.14;0.14643999999999996
0.16;0.15471999999999997;0.74;0.7555599999999989;0.26;0.2576400000000002
0.78;0.8024799999999985;0.16;0.14371999999999988;0.2;0.25844000000000006
0.22;0.22696000000000066;0.18;0.17404000000000014;0.2;0.2222799999999999
0.28;0.2952400000000002;0.6;0.6109999999999997;0.1;0.10904
0.34;0.3418400000000007;0.6;0.5727199999999993;0.32;0.30607999999999996
0.48;0.4543199999999984;0.1;0.12691999999999992;0.3;0.21528
0.54;0.5377600000000016;0.32;0.38776;0.44;0.43592000000000014
0.22;0.20244000000000045;0.52;0.5236800000000009;0.5;0.4281999999999996
0.12;0.12531999999999993;0.62;0.6106399999999986;0.4;0.40408000000000033
0.34;0.3185200000000005;0.32;0.3819600000000009;0.32;0.3825199999999995
0.6;0.5887600000000002;0.12;0.1293199999999999;0.1;0.14348000000000002
0.16;0.1574400000000001;0.6;0.5920399999999993;0.42;0.4212000000000005
0.14;0.17448000000000025;0.26;0.2038800000000004;0.16;0.26419999999999966
0.8;0.8256799999999984;0.16;0.12471999999999993;0.2;0.3015600000000004
0.56;0.5726800000000009;0.14;0.1329199999999999;0.4;0.41240000000000016
0.38;0.37784000000000123;0.2;0.19872000000000034;0.14;0.16860000000000003
0.28;0.28535999999999984;0.62;0.5926800000000009;0.48;0.45023999999999986
0.2;0.20892000000000044;0.78;0.6845599999999993;0.12;0.11828000000000012
0.4;0.40008000000000116;0.46;0.4642800000000002;0.42;0.38631999999999944
0.22;0.2410000000000007;0.68;0.6621199999999993;0.1;0.10844000000000001
0.38;0.40236000000000105;0.26;0.22976000000000069;0.12;0.16531999999999997
0.52;0.5264800000000014;0.16;0.157;0.18;0.17539999999999994
0.28;0.28488;0.28;0.2928400000000009;0.46;0.4253200000000003
0.34;0.3375600000000008;0.28;0.28068000000000093;0.32;0.32431999999999966
0.7;0.7026799999999971;0.26;0.22208000000000053;0.38;0.40240000000000026
0.38;0.39716000000000024;0.14;0.12451999999999995;0.22;0.1891199999999999
0.26;0.26535999999999993;0.38;0.40052000000000115;0.24;0.26748000000000005
0.16;0.16396000000000013;0.48;0.49176000000000025;0.24;0.2678800000000005
0.22;0.22984000000000082;0.34;0.31640000000000046;0.4;0.4401200000000009
0.56;0.5588400000000008;0.28;0.27248000000000067;0.22;0.20012
0.22;0.22664000000000065;0.5;0.5039600000000003;0.24;0.2562000000000001
0.26;0.24880000000000038;0.6;0.5763999999999997;0.2;0.17667999999999995
0.24;0.2071600000000004;0.16;0.18224000000000018;0.14;0.16043999999999986
0.58;0.5874800000000006;0.34;0.33436000000000055;0.1;0.11436000000000004
0.28;0.2766399999999998;0.4;0.44003999999999943;0.32;0.37680000000000013
0.38;0.3735600000000016;0.3;0.3454400000000002;0.22;0.21984000000000004
0.3;0.3186800000000004;0.66;0.5718399999999999;0.14;0.13931999999999994
0.48;0.46859999999999913;0.18;0.1820400000000003;0.42;0.41203999999999913
0.38;0.4000400000000011;0.2;0.1818400000000004;0.1;0.13148
0.72;0.7860799999999984;0.24;0.1511599999999999;0.14;0.21948000000000006
0.1;0.10819999999999998;0.16;0.15055999999999986;0.46;0.4268399999999996
0.54;0.5548800000000004;0.14;0.1313999999999999;0.34;0.3142399999999998
0.52;0.5164000000000023;0.32;0.36112000000000016;0.38;0.4063999999999998
0.46;0.45163999999999876;0.18;0.17600000000000013;0.42;0.4389599999999997
0.16;0.17532000000000017;0.78;0.7424399999999984;0.1;0.10264
0.2;0.21228000000000058;0.3;0.27052000000000015;0.28;0.33456000000000014
0.14;0.14811999999999984;0.24;0.23056000000000051;0.4;0.41827999999999993
0.1;0.10683999999999999;0.36;0.35236000000000123;0.46;0.45299999999999957
0.16;0.20348000000000038;0.2;0.14619999999999986;0.1;0.2231600000000002
0.78;0.7845599999999987;0.2;0.15531999999999996;0.38;0.3992
0.46;0.4422399999999992;0.28;0.3344400000000003;0.14;0.14303999999999997
0.1;0.12071999999999995;0.62;0.5826799999999998;0.3;0.27436000000000016
0.4;0.4062400000000009;0.14;0.1297599999999999;0.34;0.3739599999999999
0.34;0.34268000000000093;0.62;0.5677599999999993;0.24;0.22811999999999993
0.14;0.13163999999999992;0.78;0.7973999999999982;0.42;0.42140000000000183
0.88;0.5894;0.1;0.2990400000000002;0.18;0.11220000000000001
0.38;0.40512000000000115;0.22;0.20020000000000043;0.18;0.18451999999999985
0.34;0.3450800000000007;0.52;0.4781599999999992;0.3;0.29644
0.38;0.3828400000000021;0.58;0.5125199999999999;0.5;0.4365199999999999
0.4;0.3953600000000016;0.46;0.47752000000000056;0.46;0.4499599999999996
0.64;0.6466399999999979;0.34;0.28024000000000043;0.48;0.4719199999999991
0.68;0.6806799999999992;0.2;0.2126400000000006;0.34;0.33208000000000043
0.36;0.36276000000000147;0.32;0.32992000000000055;0.46;0.4236400000000001
0.32;0.32216000000000045;0.54;0.5470399999999999;0.3;0.2969199999999999
0.14;0.15816000000000002;0.24;0.2135200000000004;0.22;0.2523599999999996
0.48;0.48095999999999833;0.44;0.42716000000000015;0.16;0.16231999999999996
0.1;0.11247999999999997;0.36;0.3443200000000007;0.38;0.37203999999999987
0.56;0.5723199999999996;0.16;0.14575999999999986;0.22;0.23871999999999982
0.2;0.20228000000000043;0.54;0.5528400000000011;0.3;0.31796
0.18;0.17192000000000007;0.72;0.6921999999999991;0.38;0.3642799999999996
0.16;0.17408000000000026;0.48;0.4432799999999992;0.34;0.3372400000000004
0.26;0.23672000000000049;0.1;0.1313199999999999;0.4;0.2713199999999999
0.18;0.20592000000000046;0.32;0.30072000000000093;0.2;0.21703999999999996
0.24;0.23480000000000095;0.68;0.6796399999999975;0.26;0.2562399999999997
0.58;0.5726800000000003;0.16;0.14619999999999986;0.3;0.35196000000000033
0.34;0.33536000000000055;0.5;0.5129999999999996;0.38;0.37968000000000046
0.1;0.12371999999999994;0.72;0.760919999999999;0.22;0.21019999999999978
0.68;0.6699600000000007;0.1;0.10999999999999996;0.16;0.15287999999999996
0.56;0.5642000000000006;0.36;0.32612000000000047;0.12;0.13327999999999998
0.52;0.485840000000001;0.16;0.1677600000000003;0.46;0.4367599999999996
0.44;0.4484399999999986;0.2;0.19336000000000036;0.32;0.3258800000000003
0.44;0.44375999999999793;0.46;0.4414000000000001;0.28;0.2686000000000003
0.52;0.519800000000002;0.38;0.3754800000000003;0.22;0.23048000000000002
0.66;0.6406800000000011;0.1;0.11795999999999997;0.2;0.14707999999999988
0.62;0.6040399999999999;0.12;0.12539999999999993;0.42;0.3646399999999997
0.54;0.5485200000000011;0.34;0.35256000000000026;0.3;0.30060000000000026
0.26;0.23348000000000055;0.58;0.6633199999999997;0.1;0.10555999999999999
0.12;0.11487999999999995;0.5;0.49048000000000097;0.36;0.34140000000000037
0.44;0.44807999999999804;0.42;0.40880000000000016;0.12;0.11428000000000005
0.32;0.3095200000000011;0.36;0.3662000000000011;0.5;0.4529999999999997
0.2;0.18948000000000026;0.14;0.14383999999999988;0.18;0.21267999999999992
0.12;0.12895999999999994;0.24;0.23272000000000054;0.36;0.3856799999999996
0.84;0.8252399999999992;0.1;0.12763999999999992;0.5;0.4361199999999997
0.32;0.31692000000000053;0.48;0.5655200000000002;0.4;0.4265600000000001
0.42;0.4355199999999985;0.5;0.42251999999999995;0.5;0.4688399999999996
0.18;0.1685200000000001;0.68;0.6850399999999998;0.2;0.19492000000000004
0.4;0.4053600000000008;0.52;0.4556800000000007;0.38;0.3172
0.44;0.4390799999999982;0.3;0.31148000000000026;0.38;0.38767999999999986
0.14;0.1284799999999999;0.12;0.15127999999999991;0.48;0.3705599999999998
0.48;0.49716000000000105;0.44;0.40683999999999965;0.14;0.13952
0.48;0.47132000000000007;0.22;0.22756000000000035;0.18;0.1817199999999998
0.62;0.6134799999999981;0.12;0.12551999999999994;0.1;0.1475999999999999
0.26;0.2528800000000004;0.46;0.5128400000000004;0.18;0.20400000000000013
0.36;0.3658800000000014;0.62;0.5229999999999992;0.24;0.2295999999999999
0.32;0.3156800000000009;0.58;0.5835200000000003;0.38;0.3564400000000001
0.6;0.5861599999999995;0.14;0.14323999999999987;0.36;0.37007999999999974
0.36;0.3726800000000016;0.24;0.24012000000000075;0.32;0.2928799999999999
0.22;0.20608000000000037;0.24;0.26164000000000043;0.24;0.21436000000000027
0.22;0.20280000000000042;0.16;0.17804000000000036;0.24;0.21012000000000003
0.14;0.14375999999999986;0.58;0.5656800000000004;0.4;0.40559999999999974
0.54;0.5435600000000007;0.16;0.15708000000000005;0.28;0.28043999999999986
0.14;0.1366399999999999;0.74;0.7573599999999991;0.38;0.40380000000000055
0.42;0.4326399999999985;0.52;0.45364000000000065;0.1;0.10972
0.82;0.8089599999999987;0.14;0.13647999999999988;0.5;0.46043999999999874
0.2;0.1950400000000006;0.56;0.5739600000000008;0.42;0.4289999999999997
0.24;0.2428400000000009;0.38;0.382760000000001;0.24;0.25319999999999976
0.36;0.3710800000000016;0.42;0.44816000000000017;0.14;0.1815999999999999
0.58;0.5641600000000004;0.1;0.11339999999999997;0.5;0.4630799999999981
0.68;0.6923199999999995;0.24;0.24236000000000033;0.32;0.3365200000000007
0.14;0.1400399999999999;0.22;0.22092000000000053;0.3;0.3195599999999998
0.12;0.11611999999999996;0.48;0.4875600000000011;0.36;0.36103999999999903
0.16;0.15535999999999994;0.4;0.4035200000000008;0.42;0.41328000000000087
0.1;0.11879999999999995;0.56;0.5545600000000006;0.28;0.29696000000000017
0.46;0.4811999999999995;0.22;0.19972000000000056;0.12;0.14943999999999988
0.18;0.18120000000000025;0.14;0.15736000000000008;0.48;0.4276400000000001
0.54;0.5409600000000017;0.3;0.3531600000000006;0.14;0.14032000000000003
0.46;0.46139999999999753;0.5;0.46355999999999925;0.36;0.3583200000000002
0.12;0.12547999999999992;0.8;0.7531199999999978;0.1;0.10351999999999999
0.54;0.5312000000000019;0.36;0.3893200000000004;0.14;0.1565600000000001
0.1;0.11031999999999996;0.82;0.8137999999999991;0.46;0.44904
0.32;0.3310400000000005;0.58;0.5479999999999994;0.12;0.13452000000000003
0.3;0.3026000000000014;0.46;0.48608000000000007;0.24;0.2611200000000003
0.52;0.5238400000000024;0.3;0.2773600000000007;0.34;0.35059999999999986
0.74;0.7428799999999983;0.12;0.11239999999999997;0.12;0.16936000000000004
0.5;0.4946400000000007;0.28;0.30072000000000043;0.38;0.3795200000000002
0.78;0.7479999999999999;0.16;0.17792000000000024;0.22;0.17120000000000002
0.34;0.34192000000000067;0.4;0.4032000000000001;0.34;0.3470799999999999
0.14;0.12731999999999993;0.62;0.6223199999999988;0.46;0.44975999999999966
0.14;0.13427999999999987;0.8;0.7932799999999975;0.42;0.4046800000000005
0.28;0.2754399999999998;0.66;0.5720799999999998;0.2;0.17736000000000005
0.4;0.3976400000000013;0.58;0.49192000000000025;0.38;0.35596000000000017
0.14;0.1323199999999999;0.74;0.7713599999999987;0.18;0.18056000000000044
0.54;0.5414800000000015;0.24;0.27540000000000064;0.38;0.37872000000000006
0.2;0.1945200000000003;0.16;0.18376000000000034;0.48;0.4052000000000001
0.32;0.30584000000000067;0.66;0.5544800000000004;0.22;0.17148000000000013
0.14;0.1375199999999999;0.44;0.4499599999999991;0.22;0.2372799999999997
0.14;0.15652000000000002;0.2;0.17804000000000025;0.16;0.19751999999999997
0.14;0.1353199999999999;0.82;0.7683599999999978;0.14;0.14039999999999997
0.28;0.29320000000000085;0.54;0.5435600000000008;0.3;0.3431600000000001
0.48;0.4881999999999993;0.48;0.41595999999999955;0.18;0.18440000000000017
0.16;0.15427999999999994;0.48;0.47127999999999987;0.5;0.489479999999999
0.76;0.7530799999999993;0.18;0.1722400000000003;0.12;0.13136
0.52;0.5393600000000015;0.36;0.35516000000000036;0.14;0.12188000000000007
0.3;0.29668000000000094;0.48;0.5023999999999994;0.22;0.2332399999999999
0.74;0.76236;0.18;0.1754800000000002;0.22;0.26972000000000024
0.16;0.15968000000000007;0.4;0.40964000000000045;0.28;0.28679999999999917
0.24;0.2431600000000008;0.62;0.583039999999999;0.3;0.2989199999999999
0.62;0.6219599999999993;0.3;0.2519600000000003;0.12;0.1283200000000001
0.12;0.12187999999999993;0.46;0.4615599999999989;0.36;0.378759999999999
0.1;0.11527999999999997;0.34;0.3158800000000005;0.3;0.32808000000000004
0.22;0.23156000000000068;0.46;0.49464000000000086;0.24;0.30139999999999983
0.2;0.18808000000000036;0.68;0.7119199999999991;0.48;0.43836000000000047
0.7;0.6929999999999993;0.2;0.23920000000000038;0.48;0.45352000000000015
0.62;0.6160399999999989;0.26;0.26640000000000047;0.22;0.2245599999999998
0.52;0.517360000000002;0.3;0.33920000000000056;0.3;0.31011999999999995
0.1;0.11019999999999998;0.84;0.7867199999999973;0.5;0.45835999999999916
0.34;0.3372800000000003;0.44;0.44607999999999953;0.46;0.44587999999999967
0.34;0.3380400000000006;0.6;0.5653999999999993;0.38;0.3503999999999999
0.22;0.22140000000000082;0.7;0.6715199999999995;0.24;0.2354
0.62;0.6227199999999977;0.16;0.1575199999999999;0.16;0.17891999999999983
0.32;0.3261200000000004;0.22;0.22992000000000054;0.18;0.17171999999999993
0.12;0.12727999999999992;0.64;0.6533199999999988;0.38;0.39924
0.46;0.437119999999999;0.12;0.1399599999999999;0.1;0.12728000000000012
0.46;0.4226000000000001;0.12;0.1535999999999999;0.16;0.14443999999999999
0.64;0.6319999999999995;0.14;0.1509999999999999;0.32;0.27647999999999945
0.1;0.11487999999999995;0.14;0.11407999999999997;0.14;0.2257600000000001
0.52;0.4873600000000007;0.1;0.12747999999999993;0.26;0.2332399999999999
0.18;0.15936000000000006;0.78;0.7213199999999975;0.12;0.1194800000000001
0.54;0.5376800000000014;0.28;0.3145200000000005;0.12;0.12872000000000006
0.5;0.5002800000000013;0.44;0.42195999999999984;0.38;0.35080000000000006
0.48;0.471439999999999;0.14;0.14707999999999985;0.2;0.17887999999999993
0.24;0.23888000000000092;0.44;0.4640799999999997;0.26;0.3054399999999997
0.28;0.29060000000000014;0.44;0.46944;0.12;0.1404
0.12;0.12095999999999996;0.46;0.4665999999999986;0.32;0.3236800000000005
0.22;0.20464000000000054;0.64;0.5984000000000002;0.24;0.21716000000000008
0.6;0.619679999999999;0.18;0.15924000000000008;0.24;0.27448000000000006
0.78;0.7746799999999991;0.14;0.16572000000000006;0.48;0.4715199999999988
0.1;0.11255999999999997;0.88;0.8029999999999986;0.5;0.47655999999999815
0.46;0.4563199999999976;0.34;0.39992000000000005;0.34;0.32584
0.18;0.22204000000000068;0.22;0.17880000000000032;0.12;0.17344
0.42;0.420759999999999;0.46;0.4422799999999998;0.34;0.33892
0.52;0.4906000000000004;0.12;0.14263999999999988;0.26;0.17524000000000006
0.3;0.2991600000000015;0.64;0.6297200000000011;0.42;0.3935599999999996
0.26;0.2552000000000001;0.54;0.5488000000000005;0.4;0.3870799999999996
0.44;0.43923999999999824;0.52;0.4779200000000006;0.22;0.2404800000000001
0.26;0.2702799999999999;0.62;0.653039999999999;0.1;0.10572
0.12;0.12559999999999993;0.7;0.739599999999999;0.22;0.22415999999999975
0.56;0.5605600000000007;0.32;0.3692400000000004;0.42;0.4238800000000003
0.44;0.39624000000000004;0.1;0.13767999999999989;0.12;0.15407999999999988
0.1;0.10772;0.8;0.8125999999999981;0.46;0.44440000000000024
0.14;0.14891999999999986;0.66;0.6464799999999985;0.38;0.3748399999999997
0.36;0.3625600000000015;0.26;0.2600400000000002;0.32;0.3169200000000001
0.4;0.402120000000001;0.56;0.4540800000000001;0.28;0.2677599999999999
0.52;0.5396400000000012;0.32;0.30976000000000053;0.12;0.11136000000000001
0.36;0.3558000000000007;0.6;0.5409999999999994;0.16;0.15060000000000007
0.74;0.7351599999999984;0.14;0.18980000000000039;0.12;0.13135999999999998
0.52;0.5289200000000024;0.4;0.4076;0.48;0.45383999999999913
0.7;0.6943599999999993;0.28;0.2176800000000005;0.48;0.48383999999999894
0.22;0.2009200000000004;0.36;0.39076000000000105;0.42;0.4224800000000008
0.3;0.2976800000000012;0.68;0.64116;0.48;0.45223999999999903
0.58;0.5675600000000005;0.32;0.3514000000000005;0.46;0.47751999999999856
0.24;0.2529200000000002;0.5;0.5676000000000002;0.22;0.2756799999999998
0.56;0.565320000000001;0.34;0.3586400000000005;0.38;0.3936799999999999
0.48;0.47163999999999834;0.26;0.32416000000000056;0.1;0.11772000000000005
0.64;0.6291999999999989;0.18;0.24112000000000056;0.34;0.30584
0.14;0.1378799999999999;0.38;0.39872000000000146;0.48;0.4759999999999982
0.36;0.3632800000000012;0.16;0.17352000000000029;0.36;0.29311999999999994
0.26;0.26348;0.26;0.2440400000000007;0.1;0.15299999999999997
0.1;0.11479999999999996;0.74;0.7665199999999999;0.22;0.21551999999999993
0.28;0.2778800000000001;0.22;0.22840000000000069;0.32;0.30324
0.64;0.6356799999999992;0.18;0.25868000000000035;0.14;0.13088000000000014
0.44;0.4238799999999989;0.1;0.12327999999999995;0.1;0.18215999999999982
0.44;0.44547999999999827;0.14;0.1325599999999999;0.3;0.30852000000000024
0.16;0.15956;0.3;0.3011600000000004;0.2;0.2034800000000002
0.3;0.30740000000000084;0.48;0.4268799999999997;0.48;0.3890000000000001
0.48;0.4549999999999987;0.1;0.12803999999999993;0.42;0.3460400000000002
0.46;0.4557999999999979;0.32;0.40324000000000054;0.16;0.15363999999999994
0.12;0.11871999999999995;0.66;0.6243999999999994;0.46;0.40836000000000094
0.26;0.2576000000000001;0.1;0.11915999999999995;0.46;0.3017999999999999
0.28;0.2701599999999998;0.36;0.38720000000000143;0.46;0.47527999999999854
0.38;0.3514800000000007;0.12;0.1349199999999999;0.14;0.17131999999999986
0.18;0.1829600000000002;0.14;0.11987999999999996;0.18;0.3318000000000002
0.48;0.4860000000000004;0.16;0.15007999999999985;0.12;0.14287999999999992
0.58;0.5668399999999999;0.12;0.1295999999999999;0.16;0.16332000000000005
0.56;0.5550000000000009;0.24;0.26608000000000065;0.24;0.21084
0.18;0.16212000000000007;0.12;0.14839999999999987;0.32;0.20035999999999995
0.4;0.3905600000000016;0.3;0.32555999999999985;0.3;0.32127999999999995
0.54;0.4955600000000021;0.1;0.13167999999999994;0.1;0.1488
0.6;0.5897200000000007;0.28;0.3098400000000003;0.12;0.13428000000000007
0.76;0.7733999999999996;0.14;0.15484;0.26;0.2719199999999999
0.2;0.20124000000000025;0.28;0.2802000000000001;0.16;0.16504000000000008
0.3;0.29864000000000046;0.2;0.2106000000000003;0.32;0.2834800000000003
0.4;0.4098400000000004;0.26;0.24492000000000058;0.16;0.18323999999999988
0.82;0.8053999999999999;0.12;0.14355999999999988;0.48;0.43220000000000025
0.46;0.4557199999999976;0.52;0.47187999999999947;0.32;0.3903200000000001
0.56;0.5649200000000006;0.34;0.3474800000000001;0.44;0.41852000000000045
0.1;0.11259999999999996;0.82;0.7944399999999991;0.26;0.24408
0.32;0.3186800000000004;0.22;0.22956000000000085;0.3;0.28080000000000044
0.68;0.6900800000000002;0.18;0.21344000000000055;0.2;0.2089600000000001
0.34;0.33460000000000034;0.46;0.4083200000000001;0.22;0.17852
0.12;0.12047999999999993;0.86;0.7860399999999987;0.38;0.3601599999999993
0.68;0.6925199999999998;0.3;0.2314400000000003;0.3;0.333240000000001
0.12;0.1349599999999999;0.32;0.2937600000000004;0.32;0.3551599999999999
0.16;0.14515999999999987;0.14;0.14071999999999987;0.1;0.19611999999999985
0.5;0.4845999999999994;0.2;0.21404000000000045;0.36;0.32619999999999993
0.58;0.5744000000000002;0.18;0.1871200000000007;0.32;0.30295999999999934
0.44;0.44139999999999824;0.14;0.1388799999999999;0.42;0.43039999999999967
0.48;0.4434800000000001;0.1;0.11307999999999997;0.38;0.28108000000000055
0.66;0.6961999999999997;0.3;0.2272800000000005;0.26;0.29843999999999954
0.42;0.4423599999999983;0.16;0.15788000000000008;0.5;0.4754399999999988
0.44;0.4267199999999989;0.28;0.3744000000000002;0.1;0.1253200000000001
0.38;0.39136000000000165;0.12;0.11823999999999994;0.42;0.41256000000000076
0.1;0.11103999999999999;0.3;0.31784000000000046;0.22;0.17284000000000005
0.1;0.11955999999999994;0.7;0.7344399999999989;0.22;0.21699999999999992
0.58;0.5592400000000011;0.22;0.30012000000000055;0.24;0.22808
0.52;0.5126400000000022;0.38;0.38404000000000044;0.34;0.3963199999999999
0.38;0.3823600000000019;0.46;0.4660800000000002;0.44;0.44671999999999984
0.28;0.27832000000000007;0.3;0.29348000000000046;0.28;0.2862400000000006
0.1;0.11715999999999996;0.8;0.7853999999999985;0.14;0.1306000000000001
0.14;0.1513199999999999;0.72;0.75108;0.3;0.30376000000000014
0.44;0.4188400000000002;0.16;0.1659600000000001;0.2;0.23812000000000005
0.7;0.7103199999999977;0.22;0.21476000000000062;0.32;0.3377600000000004
0.6;0.6027199999999991;0.34;0.2676400000000005;0.44;0.46455999999999975
0.12;0.11499999999999996;0.76;0.805639999999997;0.28;0.2960799999999999
0.3;0.300640000000001;0.6;0.5864400000000006;0.5;0.45367999999999986
0.1;0.10979999999999998;0.4;0.40904000000000046;0.26;0.2429999999999996
0.7;0.7377999999999987;0.14;0.10863999999999997;0.14;0.1546
0.44;0.4425199999999977;0.46;0.46672000000000047;0.46;0.44335999999999964
0.6;0.5980799999999993;0.24;0.2682400000000004;0.32;0.3146000000000002
0.56;0.5636000000000007;0.36;0.3592800000000004;0.42;0.4178800000000008
0.14;0.1386399999999999;0.46;0.46423999999999904;0.46;0.47387999999999925
0.66;0.6714400000000013;0.26;0.24292000000000025;0.3;0.3200000000000002
0.82;0.8236799999999991;0.16;0.12715999999999994;0.32;0.3375999999999999
0.36;0.3549600000000007;0.34;0.3442000000000004;0.2;0.20683999999999997
0.24;0.2483200000000005;0.58;0.5486000000000006;0.24;0.23367999999999967
0.54;0.5400800000000017;0.18;0.18136000000000008;0.46;0.46523999999999965
0.3;0.3172400000000002;0.16;0.15347999999999995;0.28;0.2671599999999999
0.22;0.21360000000000037;0.14;0.12739999999999993;0.1;0.23240000000000008
0.14;0.14343999999999987;0.4;0.400880000000001;0.42;0.4217600000000017
0.4;0.41236000000000017;0.46;0.48744000000000054;0.1;0.13795999999999997
0.12;0.12267999999999994;0.82;0.7867599999999979;0.1;0.1038
0.44;0.44483999999999824;0.34;0.3518400000000001;0.34;0.35143999999999953
0.1;0.10631999999999998;0.42;0.4216399999999992;0.4;0.4165200000000011
0.68;0.6637200000000004;0.22;0.2528800000000005;0.12;0.1179200000000001
0.66;0.6604400000000007;0.22;0.24436000000000035;0.32;0.3297200000000005
0.24;0.24360000000000087;0.42;0.4237999999999996;0.42;0.41539999999999966
0.18;0.1748000000000001;0.78;0.7421200000000004;0.4;0.38467999999999924
0.24;0.2748400000000002;0.14;0.11811999999999995;0.24;0.22236000000000006
0.66;0.6557599999999996;0.2;0.24096000000000048;0.2;0.19916000000000014
0.18;0.17292000000000024;0.66;0.6793999999999993;0.36;0.3544799999999994
0.28;0.27987999999999985;0.48;0.5123200000000006;0.16;0.1736
0.24;0.24340000000000078;0.52;0.501360000000001;0.38;0.36000000000000043
0.2;0.19996000000000028;0.42;0.49760000000000015;0.16;0.21844000000000005
0.24;0.23008000000000098;0.7;0.6287199999999994;0.48;0.4029199999999996
0.46;0.4575999999999976;0.38;0.4263200000000004;0.14;0.14144000000000004
0.6;0.5930399999999993;0.26;0.29436000000000034;0.46;0.4536400000000004
0.1;0.12507999999999994;0.62;0.5603599999999991;0.44;0.42255999999999894
0.24;0.23880000000000093;0.42;0.4279999999999992;0.46;0.45435999999999915
0.14;0.14759999999999987;0.48;0.4518799999999988;0.36;0.35175999999999985
0.42;0.4206799999999996;0.38;0.4248000000000006;0.3;0.33915999999999985
0.12;0.1362799999999999;0.2;0.16908;0.16;0.21655999999999995
0.36;0.3702400000000014;0.18;0.1887200000000004;0.34;0.27732
0.26;0.2589199999999999;0.62;0.630239999999999;0.32;0.31839999999999946
0.44;0.4473599999999978;0.38;0.38559999999999983;0.42;0.45087999999999917
0.44;0.4529599999999983;0.14;0.1293999999999999;0.14;0.17995999999999998
0.2;0.19840000000000038;0.2;0.19732000000000038;0.32;0.3533599999999998
0.48;0.48027999999999826;0.28;0.3072400000000004;0.1;0.13376000000000005
0.16;0.15952000000000005;0.24;0.24068000000000037;0.3;0.31415999999999933
0.74;0.7263199999999991;0.2;0.1816800000000003;0.2;0.18548000000000014
0.34;0.34896000000000105;0.48;0.5321199999999993;0.26;0.2983200000000001
0.14;0.1341599999999999;0.24;0.25984000000000035;0.34;0.3031199999999996
0.28;0.27655999999999986;0.36;0.4548000000000012;0.22;0.33244000000000024
0.66;0.6799200000000004;0.26;0.24540000000000048;0.32;0.33800000000000036
0.22;0.21672000000000063;0.64;0.6812799999999998;0.2;0.20467999999999983
0.38;0.3781600000000018;0.22;0.21752000000000057;0.26;0.27079999999999993
0.3;0.2962400000000006;0.26;0.24924000000000032;0.34;0.3742
0.18;0.1718000000000002;0.76;0.7342799999999976;0.46;0.44675999999999993
0.32;0.31364000000000086;0.44;0.45991999999999916;0.38;0.38472
0.12;0.13187999999999991;0.38;0.3503600000000006;0.34;0.3643999999999995
0.38;0.3904800000000015;0.16;0.15603999999999996;0.38;0.36040000000000094
0.16;0.15964000000000014;0.46;0.46495999999999815;0.4;0.4341600000000012
0.2;0.1998400000000004;0.16;0.16528000000000012;0.24;0.2162799999999999
0.2;0.1898400000000001;0.6;0.6069600000000008;0.2;0.19376000000000015
0.42;0.4213599999999991;0.38;0.43520000000000036;0.32;0.3642400000000001
0.26;0.26043999999999995;0.48;0.4624399999999991;0.46;0.4190800000000001
0.18;0.17968000000000026;0.48;0.5025600000000007;0.22;0.2312
0.62;0.5908799999999989;0.12;0.1368799999999999;0.44;0.3890399999999993
0.46;0.46503999999999834;0.36;0.3699600000000006;0.42;0.4122
0.24;0.23780000000000096;0.52;0.47056000000000064;0.4;0.33604000000000006
0.38;0.38428000000000206;0.58;0.5141600000000002;0.32;0.28352000000000005
0.1;0.12823999999999994;0.62;0.5847200000000002;0.2;0.1852000000000003
0.58;0.5729600000000002;0.18;0.18840000000000065;0.3;0.28155999999999953
0.36;0.38328000000000134;0.22;0.20168000000000036;0.12;0.12936000000000009
0.6;0.6093999999999992;0.36;0.30764000000000047;0.14;0.1424800000000001
0.3;0.29040000000000027;0.56;0.5276000000000002;0.26;0.22791999999999998
0.26;0.25476000000000015;0.38;0.39060000000000106;0.46;0.45751999999999937
0.78;0.7809999999999987;0.16;0.15531999999999999;0.42;0.3940800000000004
0.12;0.13015999999999991;0.62;0.6164399999999989;0.42;0.44256
0.16;0.15656000000000006;0.54;0.5311600000000016;0.48;0.4557599999999996
0.4;0.40432000000000085;0.18;0.17744000000000013;0.32;0.3211999999999996
0.22;0.22576000000000085;0.48;0.4607599999999987;0.48;0.46143999999999874
0.12;0.11827999999999994;0.46;0.45391999999999777;0.42;0.4161200000000008
0.34;0.3342800000000007;0.18;0.1743600000000003;0.42;0.43779999999999897
0.62;0.6185199999999984;0.34;0.2690000000000007;0.1;0.10663999999999998
0.12;0.12727999999999992;0.52;0.5272400000000012;0.2;0.21488000000000002
0.64;0.6383999999999974;0.24;0.27912000000000026;0.46;0.45304
0.54;0.5352000000000012;0.4;0.4113599999999997;0.48;0.4778399999999989
0.3;0.3085200000000008;0.48;0.5386800000000002;0.12;0.14091999999999993
0.36;0.36724000000000134;0.58;0.5436800000000003;0.26;0.2616799999999995
0.56;0.5766000000000003;0.2;0.1847200000000002;0.22;0.2543199999999998
0.76;0.7507599999999991;0.18;0.1864400000000002;0.24;0.25056
0.28;0.27372;0.42;0.4899600000000005;0.1;0.13096
0.28;0.28428000000000014;0.5;0.4979199999999998;0.18;0.17579999999999982
0.38;0.35980000000000106;0.3;0.3397600000000003;0.48;0.4181600000000003
0.44;0.4397999999999978;0.44;0.4845600000000004;0.44;0.41220000000000023
0.3;0.34364000000000045;0.22;0.18292000000000036;0.1;0.13436
0.18;0.1862000000000004;0.62;0.6293999999999994;0.34;0.3643200000000001
0.34;0.3414400000000006;0.62;0.5340799999999999;0.34;0.3186800000000002
0.44;0.4589999999999979;0.14;0.11919999999999994;0.26;0.2826399999999998
0.2;0.19960000000000042;0.6;0.6319999999999985;0.34;0.36667999999999984
0.2;0.1952000000000006;0.74;0.6901999999999997;0.46;0.43608000000000047
0.6;0.5967199999999997;0.38;0.34448000000000056;0.5;0.4814399999999983
0.58;0.5927199999999998;0.14;0.12731999999999993;0.2;0.23468
0.24;0.23932000000000106;0.26;0.2726400000000006;0.46;0.4327599999999999
0.6;0.5954799999999987;0.3;0.33292;0.44;0.44384000000000023
0.24;0.2369200000000007;0.2;0.23880000000000043;0.44;0.3539200000000004
0.18;0.1646800000000001;0.64;0.6679599999999996;0.1;0.1078
0.26;0.25556000000000006;0.62;0.63476;0.42;0.42012
0.12;0.12759999999999994;0.58;0.6680799999999993;0.1;0.12436000000000007
0.16;0.16404000000000007;0.24;0.24856000000000067;0.2;0.18127999999999994
0.12;0.13963999999999988;0.14;0.1377999999999999;0.28;0.23495999999999997
0.3;0.2544400000000006;0.1;0.1335999999999999;0.12;0.1770799999999999
0.54;0.5428800000000013;0.18;0.17764000000000008;0.26;0.24447999999999973
0.56;0.5719200000000009;0.38;0.31944000000000033;0.26;0.24756000000000017
0.24;0.2667600000000005;0.52;0.5764799999999993;0.1;0.12680000000000008
0.5;0.4902800000000007;0.14;0.14459999999999987;0.14;0.13943999999999995
0.4;0.40696000000000043;0.16;0.14555999999999988;0.1;0.1518399999999999
0.56;0.5638800000000012;0.34;0.3487200000000009;0.36;0.3535199999999999
0.72;0.7355199999999984;0.26;0.18700000000000022;0.28;0.3196000000000003
0.64;0.6563600000000003;0.16;0.14983999999999983;0.36;0.37919999999999976
0.28;0.28407999999999983;0.38;0.40208000000000066;0.16;0.1792800000000002
0.5;0.5009200000000023;0.4;0.3857200000000009;0.44;0.43315999999999966
0.3;0.30256000000000055;0.36;0.5184799999999998;0.1;0.15755999999999998
0.74;0.7373999999999987;0.16;0.18112000000000023;0.32;0.31600000000000006
0.54;0.5450400000000011;0.36;0.3268800000000002;0.36;0.3579599999999998
0.72;0.706159999999998;0.14;0.21004000000000067;0.2;0.16163999999999992
0.48;0.4905999999999999;0.42;0.37884000000000007;0.22;0.22467999999999985
0.38;0.3895600000000017;0.14;0.1341599999999999;0.46;0.46871999999999936
0.78;0.7974399999999985;0.16;0.14339999999999986;0.24;0.2528400000000001
0.32;0.3162800000000007;0.56;0.5104399999999993;0.36;0.3084800000000004
0.14;0.13911999999999988;0.62;0.5981599999999989;0.26;0.2450400000000001
0.56;0.5576800000000005;0.32;0.3175600000000004;0.34;0.3826799999999997
0.56;0.5444400000000007;0.36;0.3721600000000004;0.3;0.33112
0.4;0.4062400000000007;0.58;0.48148000000000063;0.46;0.42620000000000013
0.26;0.30351999999999957;0.48;0.43228;0.36;0.3431999999999999
0.3;0.3024400000000014;0.66;0.5781199999999999;0.24;0.22715999999999995
0.16;0.15703999999999999;0.26;0.2654000000000004;0.36;0.3491600000000006
0.54;0.5446400000000012;0.24;0.26240000000000074;0.44;0.4422399999999998
0.36;0.38136000000000186;0.28;0.2641199999999997;0.16;0.1706800000000002
0.8;0.8019599999999987;0.16;0.14979999999999985;0.48;0.460719999999999
0.1;0.11495999999999998;0.7;0.7121199999999995;0.34;0.35515999999999986
0.64;0.6086399999999992;0.12;0.14559999999999987;0.38;0.3082000000000004
0.52;0.5105200000000025;0.28;0.3214400000000005;0.32;0.31055999999999995
0.24;0.2549200000000002;0.5;0.4663600000000005;0.12;0.12923999999999997
0.58;0.5841999999999998;0.14;0.1321199999999999;0.3;0.31391999999999987
0.28;0.28115999999999997;0.58;0.6110800000000002;0.3;0.30168
0.22;0.21040000000000042;0.54;0.5768000000000005;0.12;0.12448000000000008
0.26;0.27175999999999945;0.5;0.4827200000000003;0.22;0.22780000000000014
0.5;0.49252000000000007;0.34;0.37560000000000016;0.24;0.24580000000000002
0.4;0.39336000000000143;0.36;0.38984000000000035;0.28;0.2973600000000003
0.16;0.18936000000000017;0.18;0.12731999999999993;0.1;0.27032
0.5;0.5056000000000024;0.4;0.41115999999999986;0.38;0.37743999999999994
0.72;0.7069599999999978;0.12;0.12568;0.28;0.33316
0.12;0.13143999999999992;0.58;0.5700800000000007;0.28;0.2906799999999999
0.42;0.42871999999999877;0.46;0.4656400000000003;0.44;0.42959999999999976
0.8;0.7561199999999992;0.12;0.1685200000000001;0.28;0.18336000000000002
0.36;0.35932000000000097;0.58;0.5679199999999994;0.38;0.3754000000000001
0.28;0.2675599999999996;0.56;0.5719200000000002;0.32;0.2878799999999999
0.68;0.6810399999999998;0.22;0.23348000000000046;0.32;0.3416800000000003
0.44;0.4912799999999989;0.52;0.4145999999999997;0.1;0.12376000000000009
0.1;0.11035999999999999;0.82;0.7715599999999976;0.22;0.1982799999999998
0.22;0.19372000000000028;0.12;0.11871999999999995;0.14;0.3034
0.34;0.3324000000000007;0.34;0.3515600000000003;0.46;0.4603600000000002
0.24;0.23168000000000086;0.34;0.3780400000000014;0.3;0.31752000000000025
0.54;0.5387200000000013;0.38;0.3901600000000003;0.44;0.4566399999999994
0.72;0.692559999999999;0.1;0.12099999999999995;0.18;0.19999999999999976
0.54;0.5257600000000018;0.24;0.3198400000000007;0.28;0.2903199999999998
0.66;0.6760399999999999;0.32;0.22424000000000038;0.28;0.30403999999999975
0.34;0.34364000000000045;0.36;0.38912000000000024;0.12;0.14287999999999995
0.36;0.3638000000000011;0.42;0.4129599999999997;0.46;0.41131999999999935
0.2;0.18728000000000022;0.4;0.4634399999999994;0.18;0.20356000000000046
0.36;0.3815600000000008;0.52;0.5127199999999994;0.1;0.12412000000000005
0.18;0.17164000000000026;0.14;0.15791999999999995;0.4;0.35172000000000003
0.2;0.20132000000000053;0.48;0.4865200000000005;0.38;0.4081599999999999
0.12;0.1265199999999999;0.16;0.15315999999999994;0.34;0.3685599999999995
0.32;0.3174400000000006;0.22;0.22080000000000075;0.42;0.4214799999999994
0.34;0.3549600000000011;0.58;0.5147999999999997;0.3;0.28956000000000026
0.24;0.24432000000000095;0.48;0.5303600000000003;0.26;0.3164400000000002
0.62;0.6071199999999989;0.2;0.27868000000000037;0.26;0.24099999999999971
0.54;0.534720000000002;0.34;0.3486000000000008;0.22;0.2518400000000001
0.16;0.13963999999999988;0.18;0.23308000000000062;0.44;0.3210000000000003
0.42;0.42491999999999946;0.2;0.1977600000000005;0.38;0.38348000000000015
0.18;0.18260000000000026;0.58;0.56712;0.26;0.25243999999999966
0.54;0.5530400000000004;0.34;0.3560400000000002;0.26;0.24007999999999957
0.28;0.28436000000000033;0.56;0.5493600000000002;0.12;0.12324000000000009
0.74;0.7223199999999979;0.24;0.20460000000000045;0.36;0.3522000000000004
0.4;0.4042800000000006;0.26;0.2514000000000005;0.3;0.31812000000000024
0.1;0.12039999999999995;0.76;0.7089199999999991;0.28;0.24715999999999966
0.14;0.14311999999999986;0.66;0.7092799999999981;0.16;0.16864000000000026
0.64;0.6404799999999988;0.28;0.27812000000000087;0.24;0.24327999999999966
0.66;0.65268;0.22;0.25964000000000065;0.16;0.1604000000000001
0.6;0.5938000000000003;0.16;0.16132000000000002;0.26;0.27508
0.26;0.28095999999999977;0.18;0.15972000000000003;0.28;0.33584000000000025
0.12;0.15167999999999987;0.5;0.5933199999999996;0.12;0.16847999999999985
0.3;0.30580000000000107;0.36;0.35684000000000093;0.38;0.4146000000000004
0.5;0.5046800000000021;0.42;0.41899999999999943;0.36;0.34632000000000024
0.16;0.1562;0.74;0.7656399999999988;0.36;0.3711999999999992
0.1;0.11111999999999997;0.88;0.7685999999999988;0.24;0.21971999999999992
0.56;0.5702400000000013;0.42;0.3553600000000012;0.36;0.3540400000000001
0.5;0.47916000000000164;0.12;0.1337599999999999;0.14;0.14152
0.22;0.1924800000000003;0.38;0.4287600000000003;0.26;0.26464
0.52;0.4941200000000007;0.1;0.12855999999999992;0.5;0.42136000000000007
0.12;0.12971999999999992;0.68;0.7357999999999977;0.14;0.1433600000000001
0.36;0.3715600000000015;0.32;0.3202000000000005;0.48;0.4583199999999993
0.1;0.11691999999999994;0.72;0.6944799999999988;0.5;0.46543999999999874
0.36;0.35844000000000137;0.48;0.46627999999999986;0.36;0.3289599999999996
0.1;0.12611999999999995;0.7;0.7023599999999989;0.46;0.4589599999999992
0.3;0.2899200000000005;0.24;0.25864000000000026;0.42;0.38627999999999985
0.36;0.358560000000001;0.16;0.1655600000000001;0.44;0.39747999999999994
0.1;0.11875999999999995;0.88;0.7435199999999986;0.12;0.11080000000000004
0.12;0.12695999999999993;0.22;0.22524000000000063;0.46;0.44024
0.82;0.8183599999999996;0.12;0.1312399999999999;0.16;0.1727599999999998
0.7;0.7019599999999983;0.22;0.1987200000000005;0.36;0.3763199999999999
0.46;0.4710799999999973;0.44;0.43471999999999933;0.48;0.45095999999999953
0.52;0.5736800000000012;0.32;0.2956800000000005;0.1;0.11884000000000006
0.12;0.12559999999999996;0.18;0.18784000000000042;0.36;0.3062400000000002
0.54;0.542120000000001;0.2;0.19928000000000043;0.44;0.4553999999999993
0.66;0.658160000000001;0.22;0.2326000000000003;0.46;0.46623999999999893
0.34;0.353680000000001;0.46;0.42084000000000055;0.12;0.13404000000000002
0.68;0.6707599999999986;0.22;0.22196000000000024;0.1;0.10804
0.66;0.6638399999999995;0.32;0.26764000000000016;0.22;0.23688000000000015
0.32;0.31392000000000075;0.46;0.5559999999999998;0.18;0.2033599999999999
0.58;0.5626800000000006;0.24;0.3040000000000003;0.22;0.20943999999999977
0.18;0.17380000000000015;0.6;0.5895200000000012;0.4;0.3959200000000002
0.36;0.35772000000000126;0.52;0.5015199999999996;0.22;0.2025999999999999
0.18;0.18456000000000028;0.46;0.46851999999999805;0.44;0.47371999999999914
0.12;0.11827999999999994;0.22;0.2332400000000003;0.42;0.3963600000000004
0.72;0.7124399999999965;0.2;0.22028000000000045;0.48;0.4625599999999993
0.48;0.481359999999998;0.4;0.37588000000000066;0.46;0.44407999999999903
0.5;0.4872000000000005;0.18;0.2009200000000005;0.48;0.4132400000000004
0.6;0.6152799999999998;0.2;0.2803200000000007;0.1;0.11016000000000001
0.16;0.16904000000000016;0.54;0.6019599999999997;0.1;0.1182800000000001
0.18;0.1792800000000003;0.12;0.12867999999999993;0.26;0.18915999999999994
0.28;0.27159999999999973;0.36;0.40900000000000025;0.26;0.29435999999999984
0.18;0.18484;0.36;0.32912000000000036;0.4;0.4412000000000013
0.2;0.19388000000000039;0.54;0.5397600000000013;0.42;0.40335999999999983
0.38;0.3932800000000017;0.5;0.4976800000000003;0.36;0.404079999999999
0.66;0.6698800000000009;0.28;0.2605600000000007;0.32;0.3293200000000006
0.1;0.11247999999999997;0.78;0.7906799999999995;0.22;0.2111199999999997
0.12;0.16692000000000018;0.2;0.14631999999999987;0.1;0.17363999999999993
0.36;0.35060000000000113;0.26;0.2829999999999998;0.48;0.43408000000000085
0.48;0.4865999999999993;0.5;0.4111999999999999;0.18;0.17944
0.52;0.5111600000000022;0.28;0.38752000000000014;0.22;0.23167999999999972
0.2;0.19312000000000043;0.42;0.43048;0.24;0.23751999999999987
0.46;0.4726399999999998;0.24;0.22692000000000034;0.1;0.13355999999999996
0.68;0.6907999999999989;0.26;0.21064000000000044;0.38;0.4024000000000004
0.26;0.27943999999999974;0.32;0.29732000000000114;0.38;0.39163999999999993
0.12;0.12407999999999993;0.82;0.7915199999999979;0.3;0.32416000000000006
0.1;0.12171999999999994;0.72;0.7007599999999988;0.12;0.11272000000000004
0.7;0.706519999999998;0.26;0.1991600000000002;0.26;0.2953600000000004
0.18;0.16320000000000012;0.38;0.39956000000000114;0.5;0.48207999999999807
0.48;0.47927999999999776;0.22;0.228600000000001;0.5;0.4559599999999989
0.44;0.4260799999999986;0.3;0.3186399999999999;0.4;0.36663999999999997
0.5;0.5010800000000016;0.42;0.3934400000000002;0.42;0.43159999999999965
0.74;0.7571599999999999;0.24;0.16904000000000013;0.16;0.19856000000000013
0.78;0.7762400000000002;0.2;0.15644000000000005;0.12;0.13324000000000003
0.34;0.34348000000000084;0.5;0.5059599999999992;0.28;0.2712000000000003
0.72;0.6378799999999996;0.1;0.1562000000000002;0.2;0.21564000000000022
0.22;0.21900000000000064;0.66;0.6224799999999998;0.42;0.3749199999999999
0.48;0.48511999999999955;0.18;0.1778800000000002;0.16;0.16831999999999997
0.68;0.6917999999999986;0.2;0.21172000000000027;0.28;0.29056000000000026
0.76;0.7781200000000001;0.22;0.15499999999999997;0.12;0.14967999999999992
0.1;0.11139999999999997;0.8;0.8074799999999983;0.36;0.34392000000000034
0.1;0.12811999999999993;0.58;0.6079999999999993;0.22;0.26103999999999994
0.22;0.2131200000000004;0.3;0.29512000000000027;0.18;0.20580000000000026
0.42;0.4236399999999991;0.52;0.47004;0.4;0.3686799999999997
0.1;0.11543999999999996;0.38;0.36064000000000146;0.42;0.4138800000000005
0.2;0.18916000000000033;0.1;0.1391199999999999;0.48;0.3156400000000002
0.5;0.4956800000000012;0.48;0.41996000000000006;0.28;0.2888800000000001
0.62;0.6117199999999984;0.2;0.25976000000000043;0.2;0.1909600000000003
0.24;0.23900000000000066;0.4;0.5793999999999992;0.18;0.32464000000000004
0.18;0.1695600000000002;0.42;0.43979999999999886;0.34;0.3438800000000003
0.38;0.3804800000000015;0.24;0.25464000000000014;0.28;0.23367999999999997
0.3;0.3066800000000014;0.48;0.5798400000000006;0.24;0.29392000000000007
0.24;0.2280000000000009;0.34;0.3741600000000015;0.36;0.36204000000000003
0.56;0.5540400000000008;0.32;0.3620800000000006;0.1;0.11628000000000005
0.62;0.6234399999999982;0.3;0.30188;0.32;0.3146400000000007
0.32;0.30683999999999995;0.1;0.12263999999999994;0.22;0.1895199999999999
0.26;0.25064000000000036;0.68;0.5186400000000007;0.18;0.13848000000000002
0.36;0.3560000000000011;0.5;0.4562399999999998;0.12;0.13244000000000003
0.18;0.16724000000000014;0.16;0.14731999999999987;0.12;0.23547999999999997
0.54;0.5405600000000015;0.34;0.3424800000000003;0.5;0.47323999999999833
0.56;0.546600000000001;0.34;0.38567999999999975;0.12;0.13704
0.24;0.23616000000000073;0.68;0.5897999999999999;0.16;0.14551999999999995
0.16;0.16684000000000015;0.54;0.5377200000000011;0.28;0.3035599999999996
0.24;0.24044000000000093;0.58;0.534400000000001;0.48;0.3955199999999999
0.28;0.27687999999999957;0.5;0.48355999999999927;0.42;0.396
0.6;0.5993999999999986;0.36;0.32948000000000055;0.38;0.3958799999999999
0.48;0.4848000000000013;0.22;0.21440000000000023;0.12;0.13708
0.14;0.1349599999999999;0.38;0.3980000000000013;0.36;0.34028000000000025
0.58;0.5431200000000015;0.2;0.3216000000000003;0.16;0.16624000000000008
0.46;0.45351999999999776;0.3;0.39800000000000096;0.12;0.13364
0.36;0.353800000000001;0.36;0.40136000000000005;0.1;0.11852000000000007
0.44;0.4414799999999989;0.24;0.22960000000000075;0.2;0.2357199999999998
0.88;0.7111199999999994;0.1;0.21808000000000025;0.14;0.12196000000000007
0.42;0.4186399999999996;0.26;0.2537200000000002;0.26;0.27824
0.18;0.17164000000000013;0.28;0.30532000000000037;0.5;0.4670399999999991
0.44;0.4341199999999982;0.46;0.48559999999999975;0.44;0.39755999999999936
0.3;0.2936800000000007;0.46;0.5486400000000011;0.1;0.11672000000000007
0.52;0.4865600000000002;0.22;0.2490000000000004;0.34;0.4226399999999989
0.58;0.5724800000000005;0.28;0.3277600000000004;0.38;0.39028000000000007
0.3;0.3044800000000016;0.62;0.5878399999999996;0.44;0.43732000000000026
0.18;0.17832000000000026;0.32;0.2904;0.24;0.2950400000000003
0.3;0.3024800000000012;0.42;0.51044;0.24;0.3263999999999999
0.32;0.3201200000000008;0.4;0.3754400000000008;0.36;0.32559999999999995
0.64;0.6608799999999998;0.16;0.1388799999999999;0.1;0.14735999999999994
0.42;0.4195599999999993;0.1;0.10627999999999999;0.46;0.43352000000000074
0.24;0.23232000000000055;0.32;0.31872000000000056;0.16;0.1531599999999999
0.38;0.39324000000000153;0.18;0.16656000000000032;0.42;0.43287999999999915
0.18;0.1687600000000002;0.66;0.6720799999999987;0.28;0.25544
0.52;0.4944400000000006;0.16;0.16600000000000015;0.42;0.3992399999999993
0.2;0.18812000000000015;0.4;0.4272399999999998;0.38;0.4082800000000001
0.2;0.18716000000000033;0.38;0.4218800000000006;0.26;0.2733999999999998
0.26;0.30787999999999965;0.46;0.4312399999999989;0.42;0.40944000000000014
0.58;0.5740000000000003;0.1;0.11095999999999996;0.3;0.2775999999999998
0.28;0.2805199999999996;0.62;0.5879600000000001;0.34;0.2990400000000001
0.36;0.36072000000000143;0.46;0.4793200000000004;0.2;0.2033599999999999
0.14;0.15768000000000004;0.32;0.2786000000000005;0.14;0.21340000000000003
0.72;0.7119599999999998;0.18;0.2018400000000006;0.22;0.21512000000000012
0.58;0.5743600000000004;0.1;0.11031999999999999;0.32;0.3134799999999996
0.32;0.3162800000000006;0.22;0.23212000000000085;0.38;0.34476000000000023
0.16;0.15740000000000007;0.64;0.6119599999999992;0.5;0.4611199999999984
0.5;0.44271999999999934;0.1;0.15395999999999993;0.16;0.14516
0.1;0.11495999999999998;0.82;0.7599199999999982;0.34;0.30824000000000024
0.26;0.2567600000000001;0.22;0.24540000000000095;0.5;0.447159999999999
0.22;0.21708000000000058;0.44;0.46156000000000014;0.26;0.2745600000000001
0.52;0.4852000000000008;0.1;0.13487999999999992;0.2;0.14951999999999996
0.68;0.6776400000000004;0.12;0.12143999999999994;0.28;0.2905600000000005
0.1;0.10955999999999998;0.48;0.48179999999999956;0.46;0.4863199999999989
0.62;0.6182399999999992;0.34;0.30548000000000036;0.42;0.41460000000000036
0.24;0.24112000000000083;0.48;0.43807999999999914;0.5;0.43316
0.14;0.12287999999999993;0.14;0.18320000000000036;0.48;0.32516000000000017
0.2;0.19144000000000033;0.48;0.48904000000000064;0.48;0.4717199999999989
0.22;0.22632000000000074;0.44;0.4272;0.44;0.43872000000000044
0.12;0.1355599999999999;0.66;0.6174399999999999;0.16;0.14444000000000004
0.56;0.5683200000000008;0.38;0.3679600000000002;0.44;0.41740000000000144
0.2;0.1956400000000003;0.12;0.12387999999999995;0.34;0.3405199999999998
0.22;0.22792000000000082;0.52;0.55432;0.12;0.14331999999999998
0.42;0.4291599999999991;0.18;0.1686400000000002;0.36;0.38048000000000004
0.14;0.14707999999999988;0.18;0.1898800000000004;0.42;0.39851999999999943
0.44;0.42699999999999877;0.22;0.21996000000000052;0.42;0.4412799999999989
0.1;0.11251999999999997;0.42;0.42783999999999933;0.34;0.36251999999999934
0.32;0.32320000000000076;0.38;0.36716000000000065;0.38;0.3756399999999995
0.2;0.19020000000000034;0.7;0.7040799999999989;0.34;0.3232400000000003
0.32;0.3176400000000006;0.5;0.5129999999999998;0.14;0.13599999999999995
0.5;0.4965200000000014;0.28;0.30900000000000055;0.26;0.23964
0.22;0.22028000000000053;0.52;0.6000000000000005;0.2;0.23812000000000003
0.52;0.5194400000000023;0.46;0.4049600000000001;0.42;0.4274399999999998
0.1;0.12071999999999995;0.24;0.20716000000000054;0.32;0.3998000000000001
0.72;0.7235199999999969;0.26;0.21692000000000058;0.48;0.4650399999999994
0.34;0.3384000000000007;0.38;0.3967200000000006;0.3;0.34384000000000026
0.24;0.2381600000000003;0.28;0.2756000000000004;0.2;0.21675999999999992
0.18;0.17316000000000026;0.4;0.4070400000000004;0.42;0.42152
0.72;0.6951599999999996;0.12;0.14655999999999997;0.4;0.39647999999999944
0.6;0.5936799999999992;0.3;0.32276000000000044;0.34;0.3362400000000003
0.2;0.1969600000000004;0.24;0.2612399999999998;0.34;0.30967999999999996
0.1;0.10615999999999999;0.3;0.3070400000000002;0.46;0.43804000000000076
0.48;0.4752399999999981;0.34;0.3650000000000002;0.48;0.4471599999999996
0.46;0.47447999999999874;0.48;0.38783999999999996;0.1;0.11752000000000007
0.18;0.1701200000000001;0.74;0.7473999999999992;0.28;0.27331999999999945
0.66;0.6591200000000002;0.16;0.1609600000000001;0.46;0.41751999999999995
0.44;0.4469199999999979;0.38;0.3651200000000001;0.3;0.3036799999999996
0.3;0.2986000000000011;0.36;0.36800000000000144;0.46;0.46243999999999924
0.18;0.18076000000000028;0.24;0.23804000000000053;0.36;0.3650400000000004
0.18;0.18804000000000037;0.46;0.4925999999999999;0.24;0.2913199999999998
0.36;0.3623600000000011;0.54;0.5467199999999999;0.32;0.32712
0.12;0.11559999999999997;0.86;0.7972399999999983;0.36;0.34927999999999926
0.64;0.6461999999999978;0.32;0.24768000000000034;0.46;0.46763999999999956
0.32;0.3263600000000003;0.12;0.10615999999999999;0.32;0.4206
0.52;0.4913200000000007;0.1;0.12799999999999992;0.24;0.14911999999999992
0.36;0.35392000000000096;0.56;0.5277999999999994;0.38;0.3206399999999999
0.16;0.16204000000000007;0.66;0.6022799999999999;0.14;0.12852000000000008
0.42;0.42635999999999874;0.42;0.4073600000000009;0.46;0.44971999999999995
0.22;0.2041600000000004;0.22;0.21876000000000034;0.1;0.15927999999999987
0.34;0.344800000000001;0.58;0.5480399999999996;0.32;0.28011999999999965
0.46;0.4547599999999979;0.34;0.3820800000000003;0.36;0.39512
0.28;0.2716800000000002;0.16;0.15655999999999998;0.14;0.1937999999999997
0.14;0.1418799999999999;0.24;0.23600000000000082;0.46;0.4736799999999989
0.4;0.3931600000000017;0.3;0.32536000000000004;0.28;0.29031999999999974
0.32;0.31204000000000104;0.66;0.5751599999999997;0.5;0.42491999999999974
0.1;0.12027999999999993;0.22;0.20472000000000032;0.38;0.39259999999999956
0.28;0.3210400000000006;0.4;0.48595999999999895;0.12;0.19068000000000002
0.38;0.3927600000000017;0.46;0.45979999999999976;0.26;0.29452
0.1;0.14107999999999993;0.84;0.7601599999999994;0.1;0.10755999999999999
0.74;0.7251999999999962;0.24;0.20400000000000043;0.44;0.4186000000000005
0.2;0.23496000000000095;0.34;0.3037200000000008;0.4;0.41104
0.24;0.23884000000000077;0.56;0.5579600000000006;0.28;0.2739600000000001
0.36;0.35144000000000103;0.12;0.12879999999999991;0.26;0.2669600000000001
0.58;0.5873599999999997;0.36;0.2779600000000001;0.2;0.2137599999999998
0.22;0.21348000000000053;0.38;0.39544000000000123;0.5;0.481959999999998
0.36;0.38936000000000126;0.16;0.14443999999999987;0.16;0.24651999999999993
0.1;0.11459999999999998;0.78;0.7873599999999997;0.2;0.18856000000000023
0.66;0.6552799999999994;0.18;0.23820000000000044;0.2;0.1880000000000004
0.32;0.3249600000000003;0.56;0.5466000000000003;0.44;0.42955999999999966
0.48;0.48479999999999945;0.16;0.15463999999999997;0.28;0.3082400000000004
0.2;0.22844000000000034;0.3;0.2668000000000004;0.12;0.16391999999999993
0.78;0.7712400000000006;0.14;0.15660000000000002;0.14;0.1519199999999999
0.3;0.30536000000000113;0.44;0.4119200000000002;0.32;0.3143999999999999
0.28;0.30696000000000007;0.46;0.4200399999999994;0.48;0.4469199999999997
0.18;0.19952000000000028;0.24;0.23784000000000066;0.22;0.20355999999999996
0.2;0.18504000000000034;0.36;0.40044000000000085;0.3;0.2990399999999999
0.4;0.4066800000000006;0.56;0.5107200000000006;0.24;0.2514000000000002
0.12;0.12963999999999992;0.34;0.31756000000000056;0.46;0.47967999999999816
0.14;0.12963999999999992;0.38;0.4869599999999998;0.12;0.14695999999999979
0.36;0.35680000000000106;0.36;0.46416000000000013;0.2;0.28775999999999985
0.26;0.2498000000000006;0.5;0.5080400000000002;0.48;0.43927999999999956
0.28;0.29296000000000066;0.52;0.55784;0.14;0.15435999999999997
0.2;0.1906000000000004;0.18;0.19520000000000043;0.38;0.3599999999999998
0.58;0.5856000000000005;0.36;0.34692000000000073;0.44;0.4310800000000009
0.3;0.2918000000000006;0.12;0.11643999999999996;0.14;0.1989600000000001
0.3;0.30816000000000066;0.38;0.4358000000000004;0.1;0.14176000000000005
0.4;0.40192000000000105;0.44;0.43296;0.32;0.29299999999999987
0.26;0.22472000000000034;0.14;0.16280000000000008;0.24;0.21332000000000012
0.12;0.11447999999999996;0.46;0.45747999999999867;0.22;0.21775999999999973
0.38;0.37452000000000146;0.12;0.11551999999999996;0.36;0.3925199999999998
0.26;0.2648000000000003;0.38;0.3883600000000007;0.48;0.4728799999999988
0.2;0.19576000000000032;0.26;0.2671200000000004;0.18;0.17804000000000003
0.24;0.22400000000000053;0.1;0.1329599999999999;0.42;0.2626800000000002
0.56;0.5658000000000009;0.36;0.30296000000000056;0.5;0.47911999999999894
0.24;0.19176000000000035;0.1;0.13327999999999993;0.14;0.1703599999999999
0.36;0.35916000000000103;0.56;0.5080800000000004;0.32;0.2700800000000002
0.12;0.11959999999999996;0.18;0.19960000000000058;0.46;0.4324800000000001
0.32;0.32400000000000034;0.6;0.5199599999999996;0.16;0.14711999999999997
0.28;0.27695999999999976;0.3;0.2971600000000003;0.44;0.4500799999999992
0.3;0.28860000000000036;0.58;0.5525200000000002;0.34;0.2815600000000004
0.1;0.11767999999999997;0.12;0.10772;0.14;0.17640000000000008
0.4;0.4028800000000009;0.42;0.4007200000000007;0.42;0.4024800000000006
0.34;0.33056000000000035;0.2;0.2050800000000004;0.1;0.13963999999999996
0.62;0.620119999999998;0.24;0.26912000000000014;0.2;0.20571999999999985
0.28;0.2818399999999996;0.44;0.4445199999999998;0.26;0.27331999999999984
0.74;0.7221599999999984;0.1;0.11507999999999999;0.16;0.18743999999999997
0.44;0.4347199999999982;0.44;0.46716000000000124;0.14;0.14651999999999993
0.24;0.24296000000000081;0.6;0.602760000000001;0.22;0.2153999999999998
0.5;0.48356000000000005;0.14;0.14751999999999987;0.5;0.46759999999999896
0.2;0.19468000000000038;0.78;0.6832799999999983;0.3;0.2728399999999998
0.16;0.1548399999999999;0.78;0.7501199999999983;0.18;0.1811600000000003
0.7;0.6826799999999992;0.1;0.12211999999999996;0.5;0.4525199999999991
0.66;0.6517199999999999;0.22;0.26816000000000045;0.5;0.48571999999999854
0.3;0.30468000000000084;0.6;0.5832799999999996;0.14;0.13348
0.16;0.16464000000000004;0.52;0.5364800000000012;0.18;0.2073200000000001
0.5;0.4624399999999991;0.1;0.13091999999999993;0.18;0.18111999999999986
0.28;0.2779199999999996;0.44;0.44032;0.4;0.37707999999999997
0.28;0.25904;0.58;0.6421999999999994;0.1;0.10491999999999999
0.5;0.500920000000002;0.4;0.42155999999999977;0.4;0.4101199999999997
0.62;0.6315999999999987;0.34;0.2779600000000004;0.12;0.12528000000000017
0.36;0.35028000000000076;0.4;0.40707999999999994;0.24;0.20695999999999995
0.56;0.5812799999999997;0.16;0.1386799999999999;0.1;0.15300000000000008
0.5;0.49384000000000106;0.3;0.3106400000000002;0.36;0.35384
0.56;0.566920000000001;0.32;0.30940000000000045;0.5;0.48499999999999854
0.2;0.17780000000000015;0.24;0.2585600000000004;0.48;0.45783999999999897
0.6;0.5901200000000006;0.2;0.2748000000000007;0.12;0.11220000000000004
0.18;0.16192000000000006;0.1;0.12183999999999993;0.22;0.19735999999999998
0.46;0.4617599999999975;0.4;0.4430400000000001;0.3;0.34827999999999987
0.48;0.47667999999999777;0.42;0.4470000000000002;0.32;0.3864000000000003
0.32;0.32096000000000036;0.34;0.48531999999999986;0.12;0.19231999999999988
0.14;0.12771999999999992;0.84;0.775119999999999;0.34;0.33536000000000027
0.5;0.4872400000000002;0.24;0.30156000000000055;0.3;0.26716
0.24;0.23292000000000107;0.72;0.6317599999999987;0.46;0.4191199999999998
0.86;0.8278799999999985;0.1;0.12659999999999993;0.3;0.20636000000000018
0.36;0.3742800000000013;0.18;0.17608000000000035;0.36;0.31088000000000016
0.68;0.644880000000001;0.1;0.12699999999999995;0.24;0.2188400000000003
0.2;0.1950800000000004;0.4;0.42108000000000023;0.42;0.41715999999999936
0.88;0.8261999999999994;0.1;0.12435999999999996;0.42;0.2953599999999998
0.26;0.24980000000000038;0.66;0.5999599999999989;0.22;0.20047999999999994
0.12;0.12551999999999994;0.78;0.7279999999999985;0.18;0.1678800000000002
0.1;0.12515999999999994;0.16;0.14711999999999986;0.32;0.2875200000000001
0.14;0.13955999999999988;0.18;0.1980400000000005;0.48;0.4491599999999993
0.34;0.33520000000000055;0.2;0.19916000000000034;0.4;0.40735999999999983
0.46;0.4585599999999981;0.14;0.1369199999999999;0.36;0.37211999999999995
0.42;0.39476000000000017;0.1;0.12315999999999994;0.24;0.26111999999999985
0.66;0.6545600000000039;0.1;0.10408;0.38;0.36472000000000004
0.26;0.2545600000000004;0.16;0.1521599999999999;0.12;0.1871199999999999
0.3;0.3041600000000014;0.3;0.3035600000000005;0.46;0.44756000000000074
0.46;0.45663999999999766;0.48;0.46988000000000024;0.2;0.21736000000000005
0.12;0.12739999999999993;0.1;0.11079999999999998;0.34;0.20915999999999987
0.4;0.403000000000001;0.46;0.457280000000001;0.48;0.41588000000000014
0.28;0.30536000000000063;0.14;0.13379999999999992;0.3;0.2806000000000002
0.34;0.3350400000000002;0.62;0.5634399999999993;0.14;0.1228000000000001
0.62;0.5788;0.1;0.13831999999999992;0.12;0.14748
0.42;0.424199999999999;0.5;0.4499600000000002;0.3;0.2529599999999997
0.2;0.19844000000000062;0.66;0.7007599999999973;0.4;0.39480000000000015
0.3;0.3066000000000014;0.66;0.5675200000000007;0.42;0.4143199999999997
0.14;0.12703999999999993;0.4;0.42339999999999967;0.24;0.24324000000000012
0.26;0.2605599999999999;0.58;0.5531600000000007;0.26;0.23328
0.76;0.7550000000000004;0.2;0.16988000000000023;0.14;0.15723999999999996
0.32;0.32020000000000065;0.42;0.4086399999999992;0.48;0.4513199999999998
0.4;0.4043600000000007;0.4;0.4382399999999999;0.38;0.43271999999999994
0.18;0.1780400000000004;0.32;0.31540000000000046;0.16;0.16856000000000018
0.52;0.5053200000000007;0.16;0.16968000000000016;0.12;0.13784000000000002
0.7;0.7207999999999973;0.14;0.11787999999999994;0.18;0.24680000000000005
0.64;0.6395599999999989;0.26;0.28784000000000065;0.2;0.21727999999999992
0.48;0.48151999999999967;0.14;0.14555999999999988;0.48;0.4529599999999997
0.34;0.3329200000000002;0.4;0.4487599999999996;0.14;0.15259999999999993
0.72;0.7274399999999979;0.12;0.12759999999999994;0.46;0.4356399999999999
0.38;0.38280000000000136;0.12;0.12351999999999992;0.26;0.2582799999999999
0.72;0.7105999999999985;0.14;0.19756000000000054;0.22;0.20588000000000015
0.56;0.5644400000000009;0.32;0.3075600000000003;0.24;0.24523999999999954
0.48;0.48223999999999956;0.18;0.1833200000000003;0.2;0.20644
0.68;0.6938;0.3;0.2190400000000005;0.22;0.24971999999999994
0.46;0.42059999999999914;0.1;0.1338399999999999;0.2;0.15976000000000004
0.32;0.3183200000000006;0.48;0.5122400000000011;0.38;0.41563999999999945
0.3;0.29812000000000033;0.16;0.1741200000000001;0.42;0.3660399999999996
0.6;0.564759999999999;0.18;0.21304000000000015;0.48;0.39551999999999976
0.18;0.20224000000000036;0.32;0.28659999999999974;0.26;0.30499999999999977
0.22;0.19876000000000033;0.22;0.2680000000000003;0.28;0.1999200000000001
0.56;0.5737600000000006;0.12;0.11107999999999998;0.34;0.3575599999999997
0.24;0.28268000000000015;0.5;0.4715600000000001;0.1;0.12484000000000003
0.88;0.7489199999999996;0.1;0.18276000000000048;0.38;0.13947999999999988
0.28;0.2747999999999995;0.62;0.5870399999999995;0.26;0.23339999999999997
0.7;0.6975599999999983;0.22;0.20632000000000048;0.42;0.4218400000000012
0.56;0.552800000000001;0.22;0.2647200000000003;0.26;0.25268000000000007
0.1;0.11379999999999997;0.2;0.19984000000000035;0.5;0.45115999999999923
0.2;0.18332000000000026;0.44;0.44195999999999963;0.26;0.2578400000000001
0.68;0.6724799999999991;0.3;0.2554400000000002;0.48;0.4788399999999985
0.14;0.13907999999999987;0.84;0.7452799999999984;0.26;0.26803999999999994
0.16;0.15463999999999997;0.38;0.39872000000000163;0.24;0.2405599999999998
0.1;0.11507999999999996;0.54;0.5272000000000016;0.34;0.3402000000000009
0.8;0.7818399999999994;0.16;0.16060000000000002;0.26;0.2224400000000001
0.32;0.31488000000000094;0.66;0.5513999999999994;0.28;0.2378800000000001
0.48;0.48215999999999865;0.46;0.45708000000000026;0.44;0.4111200000000004
0.4;0.3971200000000014;0.38;0.3992400000000002;0.44;0.45423999999999837
0.32;0.31792000000000054;0.14;0.14239999999999986;0.24;0.2660799999999998
0.6;0.6071999999999995;0.12;0.11115999999999997;0.36;0.37536000000000036
0.62;0.6299999999999991;0.32;0.2673200000000006;0.36;0.32543999999999995
0.24;0.24132000000000092;0.56;0.5353200000000005;0.48;0.40368000000000004
0.46;0.4331199999999986;0.26;0.3827600000000003;0.14;0.14792
0.38;0.387600000000002;0.2;0.20104000000000044;0.38;0.3542000000000003
0.38;0.37896000000000196;0.48;0.47628000000000037;0.46;0.43452
0.24;0.25012000000000045;0.32;0.30396000000000095;0.2;0.2224800000000001
0.32;0.31292000000000103;0.42;0.43575999999999965;0.28;0.2909600000000001
0.5;0.49304000000000076;0.2;0.20592000000000038;0.26;0.24719999999999973
0.14;0.13991999999999988;0.7;0.6754799999999991;0.3;0.2822400000000002
0.52;0.5054000000000015;0.12;0.13215999999999992;0.2;0.19956000000000004
0.24;0.22260000000000033;0.32;0.3180400000000005;0.14;0.16060000000000002
0.76;0.7541999999999996;0.2;0.18368000000000012;0.26;0.25684000000000023
0.76;0.7569599999999995;0.2;0.17896000000000034;0.46;0.4076400000000001
0.4;0.40836000000000044;0.42;0.4582000000000001;0.1;0.12256000000000009
0.1;0.1876000000000002;0.86;0.6909199999999991;0.1;0.11560000000000004
0.2;0.20716000000000048;0.36;0.5474800000000003;0.12;0.1945199999999998
0.2;0.21892000000000045;0.34;0.30524000000000046;0.3;0.34204
0.16;0.14635999999999985;0.28;0.28420000000000023;0.3;0.30576
0.22;0.22668000000000055;0.34;0.3206000000000002;0.22;0.23984000000000005
0.2;0.1836400000000004;0.26;0.2774000000000004;0.36;0.3417600000000002
0.52;0.5106400000000019;0.24;0.28900000000000087;0.22;0.18344000000000005
0.58;0.568160000000001;0.26;0.2730400000000003;0.18;0.19899999999999998
0.14;0.14515999999999987;0.34;0.31900000000000067;0.42;0.4502800000000013
0.54;0.5333200000000018;0.24;0.28440000000000065;0.32;0.32643999999999995
0.4;0.4057200000000006;0.48;0.5133600000000003;0.24;0.24920000000000003
0.28;0.2791999999999995;0.66;0.5907599999999992;0.26;0.2440799999999998
0.36;0.3726400000000014;0.48;0.42852;0.24;0.2236000000000002
0.8;0.8106799999999998;0.18;0.1399599999999999;0.36;0.34756000000000026
0.6;0.6058399999999989;0.26;0.26512000000000063;0.3;0.2945199999999996
0.1;0.15367999999999993;0.26;0.21000000000000044;0.14;0.16787999999999995
0.74;0.7532799999999992;0.24;0.17292000000000018;0.22;0.27612
0.6;0.5913999999999996;0.28;0.3130400000000003;0.48;0.477999999999998
0.3;0.29288000000000064;0.28;0.28400000000000025;0.24;0.24335999999999997
0.36;0.3463200000000009;0.34;0.38879999999999987;0.28;0.25868000000000013
0.56;0.5385600000000011;0.42;0.3494800000000001;0.22;0.26119999999999977
0.36;0.35088000000000075;0.2;0.18668000000000015;0.42;0.44731999999999983
0.42;0.4274799999999989;0.14;0.14499999999999988;0.48;0.43652000000000013
0.44;0.4398399999999979;0.46;0.4564400000000003;0.2;0.17900000000000021
0.28;0.27372;0.24;0.2531200000000008;0.46;0.4368399999999994
0.28;0.2781599999999995;0.66;0.6169599999999998;0.28;0.2746799999999999
0.12;0.12655999999999992;0.48;0.48035999999999934;0.44;0.46839999999999893
0.32;0.3282400000000002;0.56;0.5513999999999993;0.26;0.2522399999999998
0.24;0.240560000000001;0.46;0.46619999999999906;0.42;0.4220399999999991
0.12;0.12363999999999992;0.62;0.6018799999999992;0.46;0.4309200000000001
0.58;0.5943599999999993;0.14;0.12563999999999995;0.12;0.15707999999999997
0.7;0.6997599999999989;0.28;0.23228000000000046;0.34;0.3517200000000004
0.64;0.6272799999999986;0.18;0.2723600000000004;0.24;0.22351999999999972
0.5;0.4947200000000015;0.36;0.3763200000000001;0.3;0.34056000000000053
0.68;0.7369599999999991;0.18;0.1974000000000002;0.16;0.23695999999999992
0.1;0.12439999999999993;0.66;0.6707999999999988;0.32;0.3217200000000008
0.58;0.5860799999999988;0.14;0.13143999999999992;0.24;0.26204000000000005
0.1;0.11559999999999997;0.64;0.61256;0.3;0.2888799999999997
0.46;0.46971999999999714;0.22;0.2149200000000006;0.42;0.426839999999999
0.4;0.38708000000000153;0.28;0.3511200000000001;0.12;0.1445600000000001
0.44;0.41963999999999957;0.32;0.3992800000000004;0.26;0.2640399999999999
0.62;0.6442399999999993;0.18;0.16068000000000016;0.28;0.30184000000000016
0.16;0.14759999999999987;0.4;0.44671999999999873;0.12;0.13052000000000005
0.26;0.2550400000000003;0.26;0.27196000000000026;0.46;0.44196
0.3;0.29804000000000036;0.3;0.29500000000000065;0.26;0.2718000000000004
0.16;0.15907999999999994;0.4;0.5211999999999994;0.16;0.2275600000000006
0.36;0.353840000000001;0.46;0.4793599999999994;0.46;0.39960000000000007
0.42;0.4065200000000006;0.32;0.35028000000000026;0.4;0.41459999999999997
0.3;0.2844800000000006;0.1;0.11707999999999996;0.24;0.2064399999999999
0.5;0.4922400000000004;0.3;0.33352000000000015;0.48;0.45447999999999944
0.62;0.6262799999999981;0.36;0.29404000000000025;0.28;0.2934399999999998
0.18;0.1838000000000003;0.7;0.6959199999999984;0.12;0.12148000000000017
0.22;0.20960000000000056;0.74;0.6419599999999995;0.16;0.14487999999999984
0.42;0.423839999999999;0.56;0.46712000000000137;0.32;0.2937600000000001
0.6;0.5904799999999993;0.12;0.12507999999999994;0.5;0.4599999999999989
0.16;0.15055999999999986;0.38;0.39824000000000126;0.5;0.47287999999999786
0.46;0.4697199999999979;0.52;0.4201200000000001;0.16;0.1631200000000001
0.2;0.19480000000000036;0.28;0.29200000000000087;0.38;0.35983999999999994
0.22;0.21648000000000042;0.28;0.29656000000000077;0.26;0.23635999999999968
0.64;0.6443200000000002;0.12;0.11495999999999995;0.1;0.13228000000000004
0.48;0.4594799999999987;0.18;0.1836800000000002;0.46;0.44791999999999926
0.54;0.556840000000001;0.4;0.3355200000000003;0.36;0.3442799999999999
0.74;0.7403599999999989;0.18;0.1838000000000003;0.18;0.17656
0.28;0.2758799999999998;0.5;0.5298800000000008;0.24;0.24663999999999991
0.48;0.48003999999999825;0.46;0.41411999999999977;0.16;0.18647999999999998
0.32;0.3283200000000007;0.3;0.2810800000000001;0.28;0.31836000000000025
0.26;0.2530000000000001;0.58;0.5800799999999994;0.36;0.3356399999999997
0.46;0.46759999999999835;0.36;0.35444000000000075;0.22;0.22432
0.12;0.12431999999999994;0.72;0.7254799999999985;0.42;0.40879999999999983
0.14;0.1317599999999999;0.76;0.7581999999999987;0.1;0.10547999999999999
0.3;0.31112000000000056;0.32;0.28456000000000015;0.34;0.40103999999999995
0.5;0.5089600000000004;0.26;0.28648000000000073;0.12;0.13916
0.1;0.12707999999999992;0.66;0.6394400000000001;0.18;0.1612000000000001
0.68;0.6796399999999982;0.24;0.24416000000000054;0.26;0.26632000000000006
0.14;0.12999999999999992;0.58;0.5739600000000005;0.5;0.44300000000000084
0.5;0.5007200000000017;0.28;0.30648000000000014;0.36;0.3550400000000003
0.36;0.3651200000000015;0.36;0.3439200000000006;0.46;0.4228800000000005
0.38;0.3724400000000018;0.26;0.2754399999999992;0.5;0.4632399999999988
0.64;0.6367599999999983;0.22;0.28096000000000054;0.2;0.19692000000000015
0.14;0.12219999999999993;0.1;0.11643999999999996;0.26;0.2554800000000001
0.1;0.11503999999999996;0.34;0.33288000000000034;0.24;0.2072000000000002
0.8;0.8253199999999982;0.14;0.1291199999999999;0.12;0.18420000000000006
0.1;0.11867999999999995;0.24;0.20892000000000055;0.36;0.42344000000000015
0.22;0.2074400000000004;0.12;0.14563999999999985;0.44;0.36260000000000014
0.3;0.3122000000000007;0.4;0.4256799999999998;0.22;0.2871999999999998
0.3;0.2921600000000005;0.46;0.49131999999999965;0.18;0.1910799999999999
0.34;0.31424;0.1;0.12147999999999994;0.3;0.2032399999999998
0.3;0.20760000000000042;0.12;0.1872800000000004;0.12;0.16591999999999993
0.44;0.4406399999999981;0.32;0.323;0.44;0.46003999999999934
0.18;0.20708000000000054;0.3;0.2918000000000002;0.14;0.14731999999999992
0.18;0.19112000000000057;0.12;0.1357199999999999;0.5;0.3966000000000002
0.54;0.5299200000000005;0.14;0.14891999999999986;0.14;0.14192
0.56;0.5550400000000013;0.28;0.29404000000000025;0.18;0.19352000000000005
0.28;0.27539999999999965;0.7;0.5488000000000002;0.22;0.1840399999999999
0.44;0.4449999999999978;0.38;0.4142000000000003;0.46;0.44703999999999927
0.68;0.6936399999999991;0.14;0.12735999999999992;0.12;0.15491999999999995
0.34;0.3341600000000003;0.46;0.47343999999999975;0.4;0.3977599999999995
0.54;0.5361600000000019;0.34;0.3786000000000004;0.4;0.3542400000000001
0.12;0.1337599999999999;0.5;0.5336400000000003;0.18;0.20852000000000012
0.4;0.40416000000000085;0.48;0.49792;0.42;0.42635999999999974
0.16;0.16088000000000005;0.52;0.5030000000000009;0.46;0.4251199999999999
0.22;0.23796000000000042;0.18;0.15231999999999987;0.26;0.3429200000000002
0.6;0.593399999999999;0.24;0.25824000000000047;0.36;0.38952000000000014
0.18;0.20908000000000043;0.48;0.5326399999999999;0.1;0.13551999999999992
0.22;0.20492000000000046;0.72;0.699;0.5;0.4635599999999993
0.36;0.3662400000000013;0.6;0.49732;0.5;0.4605199999999992
0.52;0.5344800000000017;0.36;0.3289600000000004;0.38;0.3952799999999999
0.48;0.4401199999999999;0.12;0.1565199999999999;0.12;0.13752000000000003
0.38;0.3753600000000019;0.3;0.35072000000000014;0.16;0.2031199999999999
0.24;0.2378800000000008;0.52;0.5609600000000001;0.26;0.2823999999999998
0.46;0.44955999999999785;0.26;0.2929200000000002;0.36;0.3741600000000004
0.16;0.14891999999999986;0.56;0.5903599999999993;0.42;0.44859999999999955
0.14;0.13551999999999992;0.76;0.7949999999999989;0.24;0.2479599999999996
0.46;0.4605599999999979;0.12;0.12183999999999993;0.28;0.2754799999999998
0.74;0.7323199999999973;0.14;0.20652000000000034;0.5;0.4591599999999996
0.14;0.12927999999999992;0.82;0.7887199999999985;0.1;0.10992000000000002
0.44;0.44159999999999777;0.38;0.473560000000001;0.14;0.1970400000000001
0.38;0.3862800000000017;0.52;0.46936000000000017;0.18;0.19227999999999995
0.28;0.35519999999999907;0.54;0.47512;0.24;0.24828000000000056
0.24;0.2396800000000009;0.66;0.5933999999999995;0.36;0.31855999999999984
0.5;0.44168000000000074;0.1;0.15383999999999992;0.14;0.15139999999999992
0.16;0.15003999999999984;0.56;0.5428800000000011;0.46;0.40847999999999995
0.5;0.5060400000000028;0.38;0.38788000000000056;0.5;0.475599999999999
0.4;0.4010800000000008;0.36;0.35480000000000034;0.18;0.18416000000000018
0.74;0.7429999999999989;0.16;0.18840000000000023;0.46;0.4494400000000002
0.1;0.12127999999999993;0.72;0.7029999999999987;0.38;0.34076000000000045
0.68;0.6844399999999989;0.22;0.2140400000000003;0.3;0.3029600000000004
0.14;0.15900000000000006;0.28;0.24612000000000073;0.2;0.2502
0.3;0.32495999999999997;0.14;0.12307999999999994;0.22;0.18971999999999972
0.46;0.45807999999999904;0.22;0.2192000000000006;0.14;0.15763999999999986
0.28;0.28812000000000065;0.6;0.56688;0.14;0.13863999999999993
0.26;0.24556000000000056;0.1;0.13187999999999991;0.48;0.3054799999999998
0.16;0.16792000000000012;0.6;0.6069200000000007;0.16;0.16608000000000023
0.28;0.30623999999999985;0.32;0.2852000000000006;0.38;0.41903999999999997
0.58;0.5718000000000009;0.2;0.24664000000000066;0.32;0.3178800000000004
0.66;0.6808400000000001;0.16;0.1347199999999999;0.12;0.18979999999999989
0.28;0.28016000000000024;0.36;0.3737200000000015;0.44;0.4404800000000003
0.5;0.47291999999999956;0.1;0.12235999999999994;0.26;0.21524000000000004
0.76;0.77764;0.2;0.1627200000000001;0.24;0.29676000000000025
0.32;0.32952000000000065;0.42;0.4709199999999998;0.1;0.12152000000000007
0.46;0.45907999999999793;0.28;0.29131999999999997;0.44;0.4471599999999996
0.58;0.5772800000000003;0.18;0.17604000000000025;0.22;0.2581999999999997
0.5;0.5033600000000007;0.26;0.3010800000000008;0.1;0.11824000000000008
0.22;0.20432000000000047;0.36;0.42968000000000106;0.16;0.19483999999999999
0.64;0.6400399999999985;0.24;0.25584000000000046;0.2;0.21144000000000007
0.28;0.2772399999999996;0.66;0.61816;0.32;0.29816000000000004
0.24;0.24660000000000068;0.14;0.14347999999999989;0.22;0.17068
0.12;0.12531999999999993;0.84;0.7883999999999982;0.48;0.4699999999999987
0.14;0.13811999999999988;0.38;0.4058000000000006;0.2;0.2078799999999998
0.34;0.3375200000000006;0.54;0.5661999999999995;0.42;0.39399999999999996
0.86;0.8130799999999984;0.12;0.13783999999999993;0.18;0.19107999999999992
0.52;0.5214400000000013;0.22;0.21072000000000052;0.32;0.3718399999999993
0.62;0.63892;0.14;0.12075999999999994;0.1;0.13364000000000004
0.24;0.23424000000000086;0.64;0.5942399999999998;0.44;0.4089599999999997
0.22;0.19588000000000047;0.16;0.1822000000000002;0.3;0.27719999999999956
0.26;0.2543200000000005;0.34;0.3606400000000013;0.42;0.4227599999999999
0.42;0.3328400000000005;0.1;0.15451999999999996;0.1;0.17063999999999985
0.4;0.4014800000000011;0.36;0.40364000000000044;0.24;0.29111999999999993
0.62;0.620159999999999;0.28;0.29232000000000025;0.26;0.26868000000000003
0.3;0.3142000000000006;0.2;0.19900000000000043;0.22;0.19507999999999998
0.2;0.2038800000000004;0.48;0.5327200000000004;0.16;0.2079600000000001
0.24;0.2540800000000002;0.6;0.6468799999999996;0.1;0.11180000000000005
0.24;0.24752000000000057;0.26;0.2532400000000006;0.4;0.40983999999999926
0.22;0.21356000000000047;0.26;0.2740800000000001;0.34;0.3243199999999998
0.48;0.4738799999999976;0.44;0.4526799999999993;0.48;0.4493199999999996
0.14;0.1424399999999999;0.6;0.61368;0.16;0.16816000000000017
0.18;0.17832000000000023;0.42;0.42351999999999984;0.22;0.22880000000000011
0.8;0.8105600000000003;0.16;0.13175999999999993;0.14;0.15387999999999996
0.26;0.2676800000000003;0.14;0.12103999999999994;0.14;0.23516000000000012
0.26;0.26487999999999984;0.54;0.5346000000000002;0.32;0.32575999999999977
0.54;0.5290000000000019;0.26;0.3202800000000003;0.12;0.14411999999999997
0.26;0.2475600000000006;0.66;0.5697599999999998;0.18;0.15159999999999996
0.36;0.3577200000000009;0.48;0.48263999999999996;0.46;0.41119999999999984
0.24;0.2548400000000003;0.26;0.23616000000000073;0.14;0.18500000000000008
0.26;0.24984000000000053;0.2;0.1974000000000002;0.14;0.1704399999999998
0.5;0.5091200000000023;0.4;0.36408000000000035;0.12;0.12412000000000012
0.54;0.5559200000000004;0.32;0.2777200000000005;0.24;0.24375999999999984
0.52;0.5245200000000015;0.18;0.1749200000000003;0.14;0.15236
0.24;0.23876000000000108;0.68;0.6297999999999998;0.48;0.4343999999999991
0.6;0.5997999999999989;0.3;0.2809200000000002;0.32;0.34384000000000026
0.16;0.1510399999999999;0.12;0.12043999999999995;0.14;0.16867999999999989
0.16;0.15856000000000003;0.7;0.6928399999999983;0.3;0.30316
0.1;0.12567999999999993;0.3;0.26884000000000013;0.12;0.15872
0.78;0.818679999999999;0.2;0.13091999999999993;0.1;0.19568000000000002
0.26;0.24764000000000028;0.22;0.24008000000000043;0.2;0.15732
0.14;0.15379999999999994;0.48;0.4835999999999996;0.12;0.1264400000000001
0.36;0.3281600000000001;0.1;0.10899999999999999;0.3;0.3335199999999999
0.36;0.3582800000000008;0.28;0.2662400000000003;0.1;0.13020000000000004
0.3;0.28759999999999986;0.22;0.2228400000000008;0.14;0.16979999999999978
0.54;0.5469600000000011;0.28;0.28468000000000077;0.34;0.3412799999999999
0.24;0.2290400000000009;0.74;0.6233599999999994;0.18;0.15508000000000005
0.34;0.33648000000000045;0.5;0.54472;0.2;0.20687999999999995
0.56;0.5624800000000013;0.4;0.33868000000000065;0.32;0.31716000000000044
0.84;0.5911600000000002;0.12;0.30296000000000034;0.14;0.11356000000000002
0.74;0.7521999999999992;0.14;0.17332000000000028;0.14;0.12972
0.4;0.400920000000001;0.24;0.23132000000000083;0.34;0.36268000000000006
0.24;0.24404000000000078;0.5;0.5151199999999995;0.28;0.29996000000000017
0.62;0.6291199999999996;0.18;0.16756000000000018;0.36;0.4072000000000003
0.34;0.3329200000000003;0.38;0.4196800000000005;0.1;0.13040000000000002
0.3;0.31420000000000053;0.32;0.2820000000000001;0.32;0.38771999999999973
0.3;0.3097600000000012;0.68;0.6156800000000002;0.3;0.31856000000000023
0.22;0.2165200000000004;0.46;0.4870400000000007;0.28;0.3062800000000002
0.52;0.5066800000000016;0.12;0.14039999999999989;0.42;0.31492000000000003
0.28;0.2737199999999998;0.24;0.24580000000000052;0.42;0.41579999999999917
0.3;0.31040000000000095;0.1;0.11039999999999998;0.48;0.3615600000000003
0.28;0.27740000000000004;0.56;0.5265200000000009;0.14;0.13088
0.24;0.24508000000000066;0.44;0.4449199999999992;0.28;0.3041599999999995
0.26;0.24652000000000066;0.34;0.3719600000000015;0.38;0.3678400000000002
0.32;0.37739999999999935;0.5;0.4466800000000002;0.36;0.3296399999999998
0.74;0.7467999999999995;0.22;0.17772000000000024;0.14;0.16703999999999997
0.5;0.5002800000000017;0.34;0.35592000000000024;0.28;0.26559999999999995
0.24;0.21872000000000036;0.12;0.12955999999999993;0.16;0.19931999999999997
0.38;0.3854400000000018;0.2;0.20336000000000037;0.3;0.27967999999999993
0.3;0.2948000000000005;0.16;0.17776000000000008;0.38;0.33684000000000014
0.16;0.17156000000000027;0.12;0.1402799999999999;0.34;0.1757999999999999
0.52;0.5158400000000025;0.42;0.42051999999999934;0.48;0.4571200000000001
0.46;0.45583999999999775;0.1;0.10919999999999998;0.46;0.40264000000000005
0.22;0.21916000000000066;0.28;0.2848400000000003;0.44;0.4279599999999991
0.38;0.3828000000000024;0.6;0.5291599999999999;0.48;0.4435199999999998
0.14;0.14163999999999988;0.16;0.15832;0.26;0.25960000000000016
0.54;0.5175600000000022;0.22;0.34624000000000027;0.36;0.3528799999999997
0.2;0.19128000000000026;0.4;0.4144399999999999;0.4;0.40812000000000015
0.16;0.15567999999999999;0.12;0.16636000000000012;0.5;0.3068799999999999
0.6;0.5732799999999987;0.16;0.19612000000000013;0.48;0.41304000000000024
0.1;0.1074;0.12;0.11227999999999996;0.46;0.45023999999999964
0.12;0.12223999999999995;0.76;0.7625999999999981;0.1;0.10572
0.2;0.21136000000000058;0.32;0.3105599999999997;0.24;0.24692000000000008
0.1;0.12771999999999994;0.68;0.6950799999999989;0.14;0.13863999999999993
0.1;0.11239999999999997;0.82;0.7933599999999983;0.14;0.12356000000000016
0.26;0.25236000000000003;0.7;0.6290799999999993;0.48;0.4282
0.4;0.400960000000001;0.3;0.3392800000000003;0.24;0.3220400000000002
0.86;0.8405199999999992;0.1;0.11811999999999995;0.18;0.16763999999999973
0.42;0.4140799999999999;0.22;0.22480000000000064;0.44;0.4397199999999991
0.44;0.4429599999999979;0.44;0.4631600000000004;0.42;0.40356000000000003
0.28;0.2777599999999997;0.64;0.6094400000000003;0.44;0.3789599999999999
0.5;0.5112800000000014;0.34;0.30600000000000044;0.12;0.11784000000000008
0.3;0.2965600000000008;0.26;0.2625200000000001;0.16;0.15400000000000008
0.44;0.4414399999999981;0.48;0.4814800000000008;0.28;0.29076
0.62;0.6458399999999984;0.18;0.15323999999999993;0.1;0.14383999999999994
0.12;0.12695999999999993;0.34;0.3346400000000004;0.36;0.3600800000000003
0.74;0.7288799999999963;0.22;0.21132000000000045;0.5;0.47327999999999887
0.5;0.5024800000000016;0.46;0.4186399999999999;0.26;0.23728000000000002
0.5;0.5060800000000015;0.48;0.3886799999999994;0.2;0.17324000000000006
0.48;0.48819999999999886;0.42;0.38512000000000074;0.48;0.46031999999999973
0.18;0.17328000000000024;0.28;0.2804000000000006;0.4;0.41008000000000033
0.36;0.35796000000000106;0.3;0.3384800000000004;0.36;0.41972000000000015
0.32;0.3259600000000006;0.6;0.5400399999999996;0.14;0.12752000000000002
0.18;0.18336000000000036;0.7;0.6376400000000002;0.22;0.19239999999999963
0.78;0.7699599999999989;0.12;0.1658400000000002;0.18;0.16459999999999989
0.46;0.423079999999999;0.1;0.13127999999999995;0.14;0.14831999999999995
0.56;0.5952399999999992;0.36;0.30728000000000016;0.1;0.10788
0.5;0.48451999999999906;0.26;0.32108000000000014;0.36;0.4046399999999994
0.7;0.7180799999999979;0.28;0.21384000000000047;0.4;0.4302000000000006
0.2;0.20268000000000036;0.46;0.4851199999999997;0.3;0.33344000000000007
0.24;0.23124000000000086;0.6;0.5565600000000003;0.48;0.4120400000000003
0.26;0.25308000000000047;0.34;0.3609200000000015;0.4;0.4172400000000002
0.18;0.20580000000000032;0.36;0.32572000000000023;0.18;0.20640000000000008
0.3;0.30288000000000087;0.24;0.22648000000000057;0.4;0.42860000000000015
0.36;0.3812000000000013;0.46;0.4388800000000002;0.18;0.19872
0.38;0.3942000000000014;0.54;0.5178400000000003;0.1;0.12196000000000007
0.7;0.7248399999999982;0.28;0.20072000000000043;0.26;0.3214399999999996
0.76;0.743039999999999;0.22;0.18752000000000038;0.38;0.3441199999999998
0.18;0.17420000000000022;0.38;0.40124000000000054;0.36;0.34691999999999995
0.28;0.28372;0.32;0.30404000000000114;0.44;0.4713999999999989
0.6;0.604719999999999;0.32;0.2845600000000003;0.26;0.26503999999999983
0.72;0.7241999999999981;0.12;0.11823999999999994;0.36;0.3694399999999994
0.32;0.3166400000000007;0.38;0.42000000000000026;0.28;0.3401600000000004
0.1;0.14627999999999988;0.52;0.5903599999999999;0.12;0.1573599999999999
0.56;0.5617600000000007;0.1;0.10523999999999999;0.36;0.3610000000000002
0.16;0.16132000000000007;0.42;0.45683999999999964;0.18;0.20556000000000013
0.74;0.7092799999999975;0.2;0.22504000000000046;0.38;0.33552000000000026
0.16;0.15467999999999998;0.4;0.41631999999999975;0.34;0.34939999999999993
0.32;0.32592000000000054;0.56;0.5504400000000003;0.38;0.37043999999999994
0.1;0.11687999999999996;0.14;0.13107999999999992;0.24;0.2535599999999999
0.26;0.26123999999999975;0.54;0.5000400000000014;0.5;0.4178400000000006
0.42;0.432599999999999;0.18;0.18139999999999995;0.48;0.45447999999999966
0.22;0.21188000000000037;0.56;0.5756000000000002;0.48;0.44967999999999914
0.62;0.6131199999999987;0.22;0.2826400000000006;0.18;0.17340000000000041
0.1;0.11123999999999996;0.82;0.8036399999999991;0.24;0.22651999999999975
0.6;0.5846399999999992;0.1;0.11331999999999998;0.32;0.2652399999999996
0.68;0.6997599999999992;0.2;0.22448000000000048;0.16;0.18900000000000033
0.52;0.5245200000000027;0.4;0.36156;0.5;0.4807199999999986
0.46;0.46611999999999787;0.4;0.40636000000000055;0.46;0.47011999999999904
0.4;0.3921200000000016;0.36;0.3984400000000008;0.34;0.4005199999999999
0.16;0.14823999999999987;0.44;0.4679199999999986;0.46;0.48763999999999863
0.2;0.1914800000000004;0.7;0.6539199999999983;0.18;0.1642800000000002
0.64;0.6231199999999987;0.26;0.2795600000000007;0.22;0.2394000000000002
0.16;0.15744000000000002;0.68;0.6682400000000006;0.26;0.2509999999999996
0.38;0.37616000000000205;0.58;0.5551600000000001;0.46;0.43303999999999954
0.18;0.18904000000000046;0.52;0.4880800000000008;0.46;0.4620400000000002
0.62;0.6101199999999988;0.3;0.3247600000000002;0.48;0.4647999999999991
0.36;0.35600000000000154;0.28;0.27320000000000016;0.28;0.30132
0.26;0.2476400000000005;0.7;0.5866400000000002;0.18;0.15792
0.46;0.46983999999999815;0.14;0.12979999999999992;0.3;0.3357200000000002
0.36;0.3642000000000014;0.44;0.45283999999999985;0.3;0.3300400000000004
0.2;0.21404000000000054;0.18;0.18200000000000033;0.22;0.20167999999999994
0.68;0.6815199999999996;0.24;0.24712000000000028;0.44;0.44772000000000045
0.26;0.2578400000000002;0.3;0.29596000000000044;0.36;0.3723200000000003
0.62;0.6161199999999982;0.12;0.12363999999999994;0.22;0.22247999999999996
0.64;0.6327199999999986;0.18;0.2284000000000003;0.3;0.2793599999999997
0.16;0.15516000000000002;0.7;0.7250799999999982;0.42;0.4251200000000006
0.1;0.10791999999999997;0.44;0.4427599999999986;0.32;0.31952000000000036
0.16;0.14767999999999987;0.2;0.22160000000000035;0.4;0.37119999999999964
0.68;0.6096399999999992;0.14;0.17564000000000024;0.1;0.21787999999999993
0.34;0.35508000000000106;0.58;0.5522399999999996;0.16;0.1735600000000002
0.38;0.36548000000000136;0.1;0.11123999999999996;0.48;0.45091999999999965
0.14;0.14011999999999988;0.3;0.30208000000000074;0.48;0.47663999999999795
0.42;0.42311999999999905;0.34;0.31756;0.44;0.4185599999999997
0.68;0.6967199999999992;0.26;0.2190800000000005;0.12;0.142
0.14;0.17440000000000033;0.18;0.1365999999999999;0.14;0.2187199999999998
0.18;0.17516000000000015;0.1;0.12759999999999994;0.48;0.3459199999999998
0.32;0.3368400000000005;0.64;0.5309600000000004;0.14;0.14752000000000007
0.72;0.7170399999999977;0.24;0.21176000000000045;0.46;0.4573199999999993
0.82;0.8134799999999986;0.12;0.13483999999999988;0.28;0.2594800000000001
0.22;0.21228000000000047;0.22;0.2323600000000003;0.38;0.35944000000000037
0.32;0.32980000000000065;0.62;0.5635599999999996;0.16;0.16384000000000007
0.18;0.1826400000000002;0.5;0.49568000000000045;0.44;0.43991999999999976
0.14;0.13999999999999987;0.2;0.21252000000000051;0.48;0.45467999999999964
0.46;0.43763999999999853;0.26;0.3228400000000003;0.26;0.23211999999999966
0.16;0.14703999999999987;0.26;0.2596400000000006;0.2;0.2257200000000001
0.38;0.37792000000000214;0.58;0.5097200000000003;0.48;0.4275199999999998
0.26;0.26823999999999987;0.46;0.48688000000000065;0.1;0.11940000000000009
0.18;0.17592000000000027;0.58;0.6590399999999987;0.22;0.2346000000000002
0.42;0.41871999999999976;0.14;0.13991999999999988;0.26;0.25075999999999987
0.18;0.17564000000000018;0.7;0.7387599999999989;0.48;0.4754799999999989
0.2;0.1832800000000002;0.24;0.2533200000000004;0.4;0.3873599999999998
0.42;0.4207199999999995;0.4;0.42908000000000013;0.26;0.2802399999999999
0.32;0.3302400000000002;0.14;0.13907999999999987;0.38;0.35520000000000007
0.5;0.49100000000000066;0.14;0.13935999999999987;0.46;0.4611600000000002
0.56;0.5829199999999997;0.12;0.10755999999999998;0.32;0.3634800000000003
0.12;0.12103999999999994;0.26;0.2511200000000001;0.4;0.41536000000000073
0.36;0.35808000000000095;0.36;0.4049600000000001;0.16;0.18336000000000005
0.76;0.7433600000000009;0.1;0.11107999999999998;0.2;0.21367999999999993
0.58;0.5779599999999998;0.12;0.12275999999999994;0.12;0.15736000000000008
0.74;0.748399999999999;0.16;0.18404000000000026;0.28;0.2930000000000001
0.18;0.1773600000000003;0.8;0.710159999999999;0.22;0.20607999999999976
0.6;0.5864400000000001;0.16;0.1764800000000003;0.32;0.28243999999999975
0.46;0.4628799999999975;0.2;0.21656000000000064;0.5;0.4399199999999993
0.24;0.2278000000000008;0.68;0.64544;0.22;0.20947999999999983
0.24;0.19216000000000044;0.1;0.13603999999999988;0.16;0.16035999999999995
0.72;0.7103199999999975;0.16;0.21060000000000045;0.28;0.2591200000000001
0.5;0.5003600000000008;0.36;0.3581200000000001;0.22;0.19164000000000003
0.14;0.14339999999999986;0.26;0.24504000000000067;0.44;0.47079999999999894
0.42;0.39920000000000117;0.28;0.3443600000000002;0.26;0.3522400000000002
0.28;0.27735999999999966;0.14;0.14963999999999986;0.36;0.32456000000000007
0.22;0.21420000000000053;0.16;0.18072000000000038;0.36;0.31852
0.32;0.3192000000000006;0.6;0.4824;0.28;0.21308000000000002
0.36;0.3841600000000016;0.62;0.5196400000000001;0.1;0.11560000000000004
0.28;0.27900000000000025;0.64;0.6197199999999995;0.14;0.12940000000000004
0.34;0.3466000000000009;0.44;0.4388799999999998;0.12;0.12536000000000008
0.1;0.11303999999999997;0.18;0.1625200000000001;0.38;0.4114399999999989
0.48;0.47755999999999976;0.2;0.20020000000000032;0.2;0.19040000000000026
0.72;0.7022799999999987;0.22;0.20612000000000053;0.2;0.1924000000000003
0.4;0.4062400000000006;0.58;0.4844400000000002;0.16;0.15112000000000006
0.2;0.19460000000000016;0.18;0.18008000000000016;0.4;0.4200400000000011
0.24;0.31772000000000084;0.5;0.41440000000000005;0.5;0.40551999999999955
0.42;0.4188399999999997;0.12;0.12755999999999992;0.3;0.29691999999999996
0.24;0.23788000000000092;0.62;0.6585599999999998;0.24;0.23791999999999974
0.1;0.12183999999999993;0.82;0.755439999999998;0.12;0.12088000000000007
0.1;0.11863999999999995;0.82;0.7523599999999995;0.18;0.1609600000000001
0.3;0.30540000000000056;0.16;0.1519599999999999;0.2;0.2589200000000001
0.22;0.23544000000000065;0.3;0.27468000000000053;0.34;0.37463999999999964
0.48;0.4526399999999996;0.12;0.14355999999999988;0.1;0.13844000000000006
0.3;0.3029199999999998;0.14;0.1333199999999999;0.1;0.1715199999999999
0.78;0.8359199999999986;0.12;0.12675999999999993;0.2;0.3573600000000002
0.48;0.4728799999999978;0.38;0.42571999999999954;0.36;0.3269600000000002
0.36;0.360320000000001;0.34;0.35544000000000037;0.32;0.37216000000000005
0.44;0.4135599999999994;0.1;0.11559999999999997;0.32;0.25136000000000003
0.66;0.6617600000000013;0.2;0.2233600000000004;0.38;0.3812799999999992
0.2;0.19088000000000044;0.54;0.5432000000000002;0.36;0.3544399999999996
0.56;0.5504400000000009;0.38;0.3531200000000003;0.22;0.21567999999999982
0.26;0.26064000000000004;0.68;0.56328;0.2;0.1766799999999999
0.38;0.3728400000000016;0.36;0.4635199999999997;0.1;0.12036000000000006
0.26;0.2769199999999997;0.56;0.5790399999999997;0.1;0.11040000000000003
0.1;0.11355999999999997;0.72;0.7857999999999994;0.26;0.27243999999999985
0.6;0.5972399999999997;0.28;0.29856000000000094;0.34;0.3496800000000001
0.58;0.5826400000000009;0.28;0.2981200000000006;0.36;0.33928000000000036
0.54;0.5409200000000014;0.14;0.1399599999999999;0.12;0.15255999999999995
0.44;0.43671999999999894;0.24;0.23988000000000062;0.3;0.30555999999999994
0.1;0.12139999999999994;0.5;0.5007599999999985;0.2;0.22559999999999997
0.18;0.1822400000000001;0.34;0.3126000000000006;0.34;0.389639999999999
0.38;0.3886400000000017;0.36;0.3532800000000004;0.48;0.4690399999999987
0.24;0.25484000000000057;0.68;0.6656399999999999;0.1;0.11492000000000005
0.26;0.25888000000000005;0.54;0.5027600000000009;0.22;0.19172000000000003
0.14;0.14815999999999988;0.52;0.5303600000000009;0.28;0.3138800000000003
0.18;0.18904000000000024;0.1;0.11579999999999996;0.4;0.23932000000000003
0.42;0.40676000000000057;0.28;0.3038400000000004;0.5;0.4561199999999991
0.68;0.6896399999999999;0.14;0.1307599999999999;0.26;0.2944800000000002
0.48;0.4791999999999986;0.44;0.4348799999999993;0.28;0.23859999999999976
0.6;0.6058399999999992;0.38;0.32808000000000076;0.46;0.42092000000000124
0.36;0.3614000000000014;0.24;0.24084000000000083;0.38;0.37648000000000015
0.22;0.22412000000000037;0.16;0.15527999999999995;0.16;0.16451999999999992
0.36;0.3686800000000015;0.48;0.45000000000000034;0.26;0.23120000000000013
0.32;0.3166400000000006;0.12;0.11143999999999997;0.16;0.29491999999999996
0.48;0.48188;0.16;0.15596;0.42;0.43027999999999994
0.18;0.17876000000000014;0.2;0.2000400000000005;0.28;0.29988000000000004
0.36;0.36820000000000175;0.26;0.26715999999999995;0.46;0.43023999999999996
0.14;0.13991999999999988;0.68;0.7202799999999988;0.34;0.35392
0.32;0.32072000000000045;0.42;0.4088799999999998;0.4;0.40199999999999925
0.16;0.1882400000000004;0.32;0.29020000000000046;0.12;0.14400000000000004
0.1;0.11095999999999996;0.32;0.3217200000000003;0.42;0.3864799999999996
0.24;0.2382800000000006;0.24;0.2501200000000003;0.3;0.2789600000000001
0.16;0.15547999999999998;0.38;0.39768000000000125;0.44;0.4503999999999989
0.34;0.33568000000000064;0.4;0.5096399999999999;0.12;0.14416
0.58;0.5705600000000007;0.12;0.12491999999999992;0.5;0.4618799999999982
0.3;0.31368000000000046;0.14;0.12403999999999994;0.34;0.39315999999999973
0.32;0.5462400000000001;0.5;0.29955999999999977;0.5;0.34723999999999966
0.42;0.4150399999999997;0.32;0.3627600000000005;0.28;0.32956
0.44;0.4349999999999985;0.34;0.35420000000000035;0.3;0.29091999999999973
0.32;0.3233600000000006;0.54;0.54756;0.18;0.17780000000000018
0.76;0.7817999999999989;0.2;0.1606;0.18;0.2402799999999999
0.24;0.242840000000001;0.58;0.6314399999999996;0.36;0.3835999999999997
0.22;0.20940000000000059;0.12;0.12539999999999993;0.2;0.21135999999999983
0.34;0.3345200000000005;0.26;0.26928000000000013;0.16;0.13536000000000006
0.26;0.29092000000000007;0.2;0.18104000000000017;0.22;0.18279999999999993
0.38;0.39068000000000164;0.2;0.18392000000000028;0.2;0.24023999999999993
0.46;0.4539199999999981;0.3;0.35003999999999985;0.28;0.29272
0.54;0.5558000000000008;0.18;0.16564000000000006;0.14;0.15839999999999993
0.1;0.11695999999999994;0.34;0.30588000000000054;0.28;0.31683999999999996
0.26;0.25752000000000036;0.12;0.12163999999999994;0.14;0.24112000000000008
0.2;0.1929600000000005;0.76;0.7028399999999992;0.38;0.36903999999999926
0.24;0.24400000000000097;0.38;0.3722400000000015;0.4;0.40587999999999963
0.42;0.4034800000000007;0.12;0.14447999999999986;0.22;0.2565599999999998
0.4;0.40176000000000117;0.24;0.2312400000000006;0.16;0.1806399999999999
0.24;0.22568000000000035;0.12;0.15512;0.38;0.21815999999999997
0.16;0.15904000000000001;0.54;0.5466400000000009;0.2;0.20808
0.2;0.19880000000000048;0.74;0.7057599999999993;0.2;0.19360000000000008
0.76;0.755920000000001;0.16;0.1745600000000001;0.44;0.46151999999999943
0.16;0.16620000000000013;0.16;0.14811999999999986;0.1;0.16659999999999983
0.28;0.27211999999999975;0.58;0.531000000000001;0.48;0.38327999999999995
0.54;0.5509600000000012;0.42;0.2870800000000006;0.16;0.15980000000000003
0.42;0.4162399999999998;0.2;0.20376000000000055;0.46;0.4443599999999993
0.2;0.19516000000000022;0.16;0.15999999999999995;0.44;0.467119999999999
0.32;0.32044000000000034;0.2;0.2052000000000003;0.28;0.25779999999999986
0.88;0.7235199999999989;0.1;0.2048000000000004;0.1;0.12916
0.24;0.24768000000000043;0.6;0.5884800000000002;0.28;0.2686400000000001
0.24;0.21876000000000043;0.12;0.18708000000000033;0.5;0.2513199999999997
0.6;0.5988399999999987;0.3;0.2949999999999998;0.5;0.4865999999999987
0.6;0.6370799999999993;0.18;0.15699999999999995;0.3;0.2721999999999998
0.54;0.529720000000001;0.12;0.1293999999999999;0.32;0.28752000000000005
0.48;0.48879999999999957;0.34;0.35639999999999983;0.3;0.33176
0.16;0.14431999999999987;0.1;0.12491999999999993;0.34;0.2106799999999999
0.32;0.32504000000000044;0.24;0.23232000000000064;0.14;0.1708
0.52;0.5322000000000018;0.34;0.3247600000000006;0.1;0.11248000000000002
0.12;0.12831999999999993;0.28;0.25664000000000037;0.18;0.24427999999999966
0.14;0.13163999999999992;0.3;0.2984000000000002;0.18;0.1894800000000001
0.3;0.30412000000000106;0.64;0.6037200000000003;0.16;0.14340000000000003
0.26;0.2398800000000005;0.28;0.2990800000000006;0.18;0.1615999999999999
0.38;0.3801200000000022;0.58;0.53948;0.2;0.20028000000000015
0.16;0.14755999999999986;0.38;0.40224000000000104;0.3;0.30303999999999964
0.26;0.2546400000000005;0.56;0.6033999999999996;0.12;0.12356000000000011
0.3;0.3094800000000006;0.3;0.2878400000000003;0.32;0.3378400000000004
0.16;0.16808000000000012;0.3;0.29512000000000044;0.3;0.2949600000000003
0.14;0.14795999999999987;0.58;0.5935999999999989;0.2;0.21083999999999986
0.62;0.5995199999999988;0.12;0.1309599999999999;0.46;0.4233599999999987
0.3;0.3034000000000014;0.5;0.5430800000000009;0.32;0.3759199999999997
0.14;0.14775999999999986;0.18;0.16332000000000016;0.2;0.27635999999999983
0.5;0.4968400000000009;0.42;0.40836;0.28;0.2595200000000001
0.78;0.7991999999999991;0.14;0.13847999999999988;0.1;0.13524
0.3;0.3011600000000013;0.38;0.3780800000000012;0.4;0.4197200000000004
0.1;0.12471999999999993;0.56;0.5429200000000008;0.32;0.3290799999999999
0.22;0.21828000000000064;0.38;0.42747999999999997;0.12;0.1414800000000001
0.26;0.2630400000000001;0.34;0.4862000000000008;0.1;0.15351999999999993
0.24;0.2433200000000007;0.22;0.23892000000000052;0.44;0.39547999999999933
0.24;0.24100000000000085;0.6;0.6038399999999988;0.32;0.3060399999999994
0.34;0.33788000000000046;0.38;0.4200799999999999;0.22;0.25208
0.54;0.5518800000000009;0.44;0.33424000000000037;0.26;0.24848000000000017
0.18;0.1782400000000003;0.62;0.6037999999999988;0.5;0.46835999999999894
0.32;0.31660000000000044;0.3;0.2868000000000005;0.1;0.12484000000000009
0.16;0.19048000000000032;0.22;0.17972000000000024;0.16;0.23879999999999998
0.6;0.6052799999999996;0.24;0.25156000000000034;0.5;0.48571999999999943
0.46;0.4538399999999981;0.16;0.15976;0.32;0.32731999999999994
0.28;0.2797999999999996;0.34;0.3570000000000015;0.4;0.4166000000000003
0.64;0.63176;0.12;0.12759999999999994;0.18;0.1517599999999999
0.12;0.12271999999999994;0.8;0.7287599999999981;0.3;0.26216000000000006
0.62;0.6175999999999989;0.34;0.31832000000000016;0.48;0.47323999999999894
0.68;0.7282399999999987;0.16;0.1897200000000003;0.1;0.14479999999999987
0.32;0.32188000000000067;0.46;0.5445999999999999;0.14;0.16248
0.5;0.4954800000000015;0.16;0.16644000000000014;0.2;0.18503999999999993
0.56;0.5708000000000005;0.2;0.18136000000000027;0.16;0.2179999999999999
0.1;0.10911999999999998;0.26;0.2667600000000001;0.42;0.3754799999999997
0.58;0.5809999999999998;0.18;0.1726000000000002;0.2;0.2467999999999999
0.38;0.3870800000000015;0.5;0.4918800000000001;0.18;0.17568000000000006
0.36;0.3661200000000013;0.56;0.51324;0.18;0.17400000000000007
0.32;0.3292400000000004;0.38;0.44804000000000005;0.16;0.2096000000000001
0.16;0.16768000000000002;0.26;0.24984000000000062;0.38;0.3966799999999993
0.1;0.11415999999999996;0.5;0.47859999999999936;0.24;0.24484000000000003
0.46;0.47999999999999987;0.22;0.19796000000000047;0.1;0.1298
0.2;0.19248000000000037;0.22;0.2440400000000005;0.42;0.3735199999999998
0.56;0.5559600000000006;0.24;0.25656000000000045;0.4;0.40876000000000057
0.28;0.2751999999999997;0.48;0.54708;0.18;0.20036000000000004
0.4;0.4033600000000009;0.44;0.47980000000000106;0.1;0.11960000000000004
0.12;0.12659999999999993;0.82;0.765319999999999;0.12;0.11116000000000004
0.82;0.6396399999999994;0.12;0.2554400000000003;0.1;0.11916000000000004
0.22;0.2078400000000005;0.2;0.18768000000000037;0.1;0.20060000000000017
0.12;0.12419999999999992;0.68;0.7457599999999982;0.1;0.10868000000000003
0.16;0.16112000000000007;0.46;0.4469199999999994;0.48;0.4804399999999984
0.3;0.2923600000000007;0.34;0.3756400000000008;0.3;0.3145599999999997
0.16;0.13935999999999987;0.1;0.14631999999999987;0.5;0.2902799999999999
0.76;0.7566800000000005;0.22;0.17368000000000025;0.36;0.36127999999999993
0.7;0.7060399999999982;0.14;0.1308799999999999;0.44;0.4348799999999997
0.42;0.38932000000000094;0.1;0.11711999999999996;0.18;0.2105999999999999
0.5;0.4933599999999998;0.34;0.4169599999999998;0.18;0.16472000000000003
0.12;0.14259999999999987;0.48;0.5405999999999997;0.18;0.2372800000000002
0.14;0.14047999999999988;0.76;0.777839999999999;0.38;0.3769599999999987
0.18;0.1721200000000002;0.2;0.2226400000000004;0.22;0.18899999999999997
0.36;0.33483999999999997;0.3;0.3510800000000003;0.44;0.4342800000000005
0.1;0.11723999999999994;0.62;0.617319999999999;0.4;0.4124800000000011
0.36;0.3678000000000017;0.42;0.4378000000000001;0.28;0.3274
0.2;0.18884000000000023;0.22;0.20784000000000058;0.2;0.26199999999999946
0.18;0.18056000000000016;0.58;0.5764799999999999;0.48;0.4700399999999987
0.7;0.7048399999999989;0.2;0.20184000000000027;0.26;0.2729200000000003
0.24;0.21648000000000042;0.14;0.16312000000000004;0.34;0.28407999999999994
0.82;0.7903599999999994;0.16;0.1463599999999999;0.12;0.13883999999999994
0.34;0.352720000000001;0.54;0.54732;0.3;0.3204799999999999
0.64;0.6365599999999992;0.22;0.2551200000000003;0.14;0.14148000000000008
0.18;0.17376000000000014;0.74;0.7037999999999984;0.3;0.2776399999999999
0.56;0.5562000000000011;0.22;0.26996000000000064;0.44;0.4081999999999999
0.32;0.3333600000000003;0.62;0.5114799999999998;0.14;0.13835999999999998
0.32;0.3186000000000004;0.36;0.3723200000000006;0.32;0.3729199999999996
0.58;0.5759200000000007;0.24;0.2706400000000006;0.3;0.3100800000000003
0.44;0.4468399999999977;0.54;0.45999999999999996;0.24;0.2254
0.3;0.3112800000000011;0.54;0.5380400000000005;0.4;0.4205599999999995
0.52;0.5070400000000019;0.28;0.35828000000000026;0.3;0.29092
0.68;0.6811199999999996;0.2;0.21888000000000052;0.24;0.23819999999999997
0.28;0.27931999999999985;0.44;0.43292000000000064;0.38;0.35248
0.14;0.15832000000000002;0.3;0.27436000000000066;0.1;0.13363999999999993
0.22;0.2138400000000004;0.58;0.5761999999999999;0.32;0.29524
0.26;0.25695999999999997;0.4;0.4616400000000001;0.32;0.3929599999999999
0.5;0.4934000000000003;0.28;0.30616000000000054;0.28;0.2666799999999999
0.14;0.13255999999999993;0.16;0.19656000000000037;0.38;0.23956000000000013
0.2;0.18940000000000026;0.6;0.6229200000000007;0.16;0.18632000000000004
0.12;0.12559999999999993;0.26;0.25672000000000034;0.48;0.4828399999999993
0.56;0.5622000000000006;0.38;0.3760000000000005;0.42;0.4075200000000002
0.42;0.3797600000000003;0.12;0.14243999999999987;0.2;0.16627999999999998
0.14;0.13983999999999988;0.16;0.1835200000000004;0.5;0.43335999999999963
0.3;0.30320000000000175;0.68;0.6140400000000001;0.42;0.4039599999999993
0.1;0.11151999999999997;0.86;0.8129999999999996;0.2;0.19320000000000018
0.12;0.12175999999999994;0.1;0.11403999999999997;0.22;0.17443999999999987
0.52;0.5194400000000016;0.26;0.30396000000000034;0.5;0.44127999999999973
0.6;0.6217999999999982;0.14;0.11831999999999995;0.12;0.23444000000000043
0.8;0.8190399999999997;0.1;0.1321199999999999;0.26;0.30839999999999995
0.18;0.15395999999999996;0.1;0.11291999999999996;0.12;0.1728399999999999
0.12;0.1369599999999999;0.16;0.14755999999999986;0.3;0.28835999999999984
0.24;0.22920000000000074;0.34;0.3828400000000013;0.22;0.22972
0.22;0.20080000000000037;0.74;0.6773199999999991;0.22;0.20067999999999975
0.38;0.38532000000000166;0.38;0.3375600000000002;0.28;0.25587999999999983
0.24;0.20008000000000029;0.1;0.1346799999999999;0.26;0.22024000000000007
0.46;0.4632799999999978;0.36;0.3807999999999999;0.3;0.2995199999999996
0.1;0.11351999999999997;0.1;0.10736;0.16;0.15887999999999977
0.44;0.3813200000000003;0.1;0.13715999999999992;0.2;0.19016000000000002
0.62;0.6208399999999978;0.22;0.23160000000000047;0.42;0.4101200000000006
0.44;0.44007999999999825;0.34;0.32920000000000027;0.46;0.4347199999999999
0.16;0.14863999999999986;0.52;0.5251200000000015;0.5;0.46779999999999866
0.22;0.2186400000000005;0.28;0.28084000000000026;0.22;0.22992000000000026
0.1;0.12663999999999992;0.62;0.5871599999999999;0.36;0.3482400000000002
0.24;0.24968000000000024;0.68;0.6323999999999985;0.14;0.14231999999999992
0.2;0.18180000000000013;0.28;0.29760000000000053;0.42;0.40715999999999963
0.7;0.7001599999999982;0.22;0.22344000000000025;0.48;0.4753599999999989
0.22;0.20284000000000052;0.54;0.5579600000000008;0.18;0.19004000000000015
0.44;0.4400799999999987;0.16;0.15291999999999992;0.36;0.3981199999999997
0.64;0.6333599999999997;0.28;0.2886000000000003;0.14;0.14408000000000012
0.1;0.11315999999999997;0.1;0.11159999999999999;0.28;0.16468
0.34;0.3200000000000008;0.12;0.12211999999999994;0.28;0.35575999999999997
0.42;0.39644000000000124;0.28;0.35484000000000016;0.16;0.1872400000000002
0.28;0.28076000000000007;0.58;0.5907199999999995;0.14;0.1380799999999999
0.44;0.4386399999999981;0.42;0.4552799999999999;0.34;0.3813999999999994
0.2;0.21648000000000034;0.16;0.1312399999999999;0.14;0.28447999999999984
0.3;0.30620000000000136;0.3;0.29844000000000037;0.44;0.4417999999999994
0.44;0.4443999999999978;0.48;0.4885600000000004;0.42;0.45627999999999896
0.1;0.12767999999999993;0.58;0.5488800000000004;0.32;0.3128000000000004
0.48;0.4843199999999988;0.46;0.42963999999999974;0.42;0.41356000000000004
0.34;0.3545600000000009;0.48;0.45611999999999964;0.4;0.4136800000000001
0.22;0.21928000000000053;0.72;0.6283599999999998;0.16;0.14340000000000003
0.48;0.4921600000000009;0.16;0.14423999999999987;0.24;0.3176000000000002
0.24;0.22268000000000054;0.64;0.6565599999999994;0.14;0.12632000000000013
0.28;0.28288;0.52;0.5015200000000002;0.26;0.24499999999999997
0.34;0.34344000000000086;0.4;0.43263999999999986;0.26;0.27956000000000014
0.56;0.564240000000001;0.4;0.3591200000000007;0.3;0.3198800000000006
0.16;0.16292000000000018;0.18;0.18160000000000032;0.36;0.37267999999999957
0.52;0.45739999999999975;0.12;0.1706400000000001;0.22;0.15531999999999993
0.4;0.40556000000000075;0.54;0.5027600000000007;0.22;0.1987600000000001
0.1;0.13135999999999992;0.18;0.12767999999999993;0.18;0.3545599999999996
0.76;0.8142399999999999;0.14;0.13135999999999992;0.14;0.21636000000000005
0.18;0.17580000000000034;0.26;0.28332000000000057;0.24;0.18952000000000008
0.38;0.3904000000000015;0.48;0.4702800000000002;0.32;0.29899999999999993
0.1;0.10751999999999998;0.44;0.44771999999999834;0.38;0.3959999999999996
0.38;0.4072400000000013;0.28;0.2529200000000001;0.12;0.13828000000000001
0.12;0.11507999999999996;0.44;0.45751999999999843;0.3;0.3082000000000002
0.1;0.11103999999999999;0.18;0.17532000000000025;0.5;0.4445199999999988
0.48;0.5100000000000016;0.18;0.14671999999999988;0.1;0.13139999999999996
0.54;0.5288800000000016;0.18;0.18820000000000023;0.32;0.2885199999999999
0.24;0.21548000000000042;0.24;0.26820000000000044;0.16;0.14076000000000002
0.74;0.7288399999999975;0.24;0.19672000000000023;0.38;0.3903200000000005
0.64;0.6621600000000014;0.14;0.11779999999999995;0.1;0.14811999999999986
0.1;0.13903999999999994;0.74;0.7584399999999988;0.1;0.12316000000000007
0.34;0.33848000000000045;0.12;0.12499999999999993;0.24;0.22304000000000007
0.14;0.14243999999999987;0.52;0.5197600000000006;0.26;0.26340000000000013
0.3;0.3296400000000001;0.14;0.11383999999999997;0.3;0.3324799999999998
0.76;0.7357999999999988;0.14;0.18504000000000023;0.18;0.15999999999999992
0.36;0.3985200000000015;0.22;0.20456000000000046;0.16;0.17351999999999992
0.16;0.1527199999999999;0.38;0.40068000000000087;0.32;0.31096
0.14;0.1304799999999999;0.42;0.4561999999999989;0.2;0.2195199999999998
0.48;0.46963999999999806;0.36;0.41191999999999984;0.28;0.3215200000000001
0.46;0.46227999999999797;0.34;0.3446400000000004;0.22;0.21983999999999987
0.16;0.14591999999999986;0.26;0.2854400000000006;0.26;0.2248400000000001
0.56;0.5935599999999994;0.42;0.30580000000000057;0.1;0.10864
0.72;0.7363999999999992;0.24;0.1869200000000003;0.1;0.14027999999999993
0.48;0.4988800000000019;0.24;0.22040000000000065;0.12;0.14736000000000007
0.2;0.18512000000000023;0.2;0.21168000000000034;0.44;0.41983999999999994
0.22;0.20992000000000052;0.14;0.16176000000000007;0.48;0.42883999999999955
0.28;0.28376000000000007;0.64;0.5613199999999998;0.18;0.1715600000000002
0.1;0.12179999999999994;0.34;0.3062000000000002;0.26;0.2973999999999998
0.36;0.362200000000001;0.52;0.5426799999999994;0.32;0.3170400000000003
0.44;0.4341599999999983;0.44;0.4604800000000009;0.24;0.20056000000000002
0.32;0.32060000000000055;0.66;0.6135599999999987;0.46;0.4423999999999998
0.16;0.16440000000000002;0.24;0.2281200000000006;0.4;0.4351600000000001
0.5;0.4678000000000002;0.1;0.1327599999999999;0.2;0.1564
0.54;0.5321200000000015;0.42;0.38416000000000045;0.38;0.37892000000000003
0.46;0.45791999999999744;0.46;0.4630000000000002;0.32;0.31528
0.36;0.3767600000000018;0.44;0.47264000000000006;0.18;0.2649999999999998
0.38;0.3340400000000002;0.1;0.1311999999999999;0.1;0.20135999999999993
0.26;0.26119999999999965;0.62;0.6054399999999992;0.46;0.43507999999999997
0.4;0.3962800000000013;0.24;0.24972000000000033;0.26;0.24027999999999966
0.26;0.26184000000000013;0.2;0.2042400000000003;0.24;0.22591999999999982
0.26;0.25496000000000013;0.22;0.22296000000000046;0.28;0.28344000000000014
0.7;0.6846400000000002;0.1;0.11503999999999996;0.34;0.2948800000000005
0.8;0.7828000000000003;0.18;0.14775999999999986;0.18;0.15943999999999986
0.36;0.3394000000000006;0.32;0.3924800000000006;0.26;0.3138799999999999
0.2;0.2061200000000004;0.18;0.17432000000000028;0.34;0.3692000000000002
0.58;0.5460800000000008;0.2;0.3493200000000004;0.28;0.25432000000000005
0.4;0.41096000000000027;0.46;0.44484;0.22;0.2041599999999999
0.68;0.6794799999999999;0.14;0.1366399999999999;0.42;0.44332000000000005
0.34;0.34504000000000096;0.46;0.45224000000000003;0.16;0.16923999999999997
0.32;0.33168000000000025;0.36;0.3483200000000004;0.46;0.46655999999999886
0.38;0.37508000000000213;0.54;0.5448799999999994;0.42;0.39283999999999974
0.3;0.29776000000000097;0.38;0.4744399999999996;0.12;0.16212
0.38;0.3633600000000011;0.14;0.15435999999999997;0.24;0.20172000000000007
0.16;0.15656;0.62;0.6315199999999993;0.42;0.4230399999999996
0.12;0.12227999999999993;0.3;0.30552000000000057;0.38;0.37004000000000015
0.5;0.5077600000000029;0.44;0.4184000000000002;0.48;0.47527999999999937
0.7;0.7060799999999987;0.18;0.2050800000000006;0.38;0.39287999999999956
0.26;0.2815600000000004;0.16;0.1394799999999999;0.2;0.2908399999999997
0.28;0.27087999999999984;0.16;0.16784000000000016;0.28;0.26756000000000013
0.18;0.1700800000000002;0.68;0.6303999999999993;0.34;0.30048
0.28;0.36299999999999905;0.54;0.45236000000000004;0.34;0.30835999999999986
0.44;0.45571999999999796;0.48;0.4632400000000003;0.14;0.14355999999999997
0.28;0.28331999999999985;0.48;0.4662799999999988;0.46;0.4284399999999998
0.42;0.4046800000000007;0.3;0.3794800000000003;0.1;0.12392000000000007
0.26;0.26539999999999986;0.46;0.5405200000000003;0.14;0.17644
0.56;0.5659600000000004;0.14;0.1337999999999999;0.3;0.30515999999999976
0.42;0.4245599999999989;0.4;0.4550399999999998;0.16;0.16956000000000024
0.58;0.5435600000000012;0.22;0.3460800000000001;0.16;0.15924000000000005
0.26;0.26179999999999987;0.64;0.5954799999999998;0.44;0.41560000000000025
0.44;0.4445599999999978;0.48;0.46727999999999986;0.48;0.4459599999999998
0.14;0.14591999999999986;0.72;0.6754799999999984;0.48;0.44623999999999897
0.3;0.3340000000000002;0.16;0.12827999999999992;0.12;0.1815599999999999
0.34;0.31300000000000056;0.32;0.5041600000000004;0.12;0.1678
0.1;0.11675999999999996;0.52;0.49820000000000064;0.3;0.2990399999999997
0.1;0.12439999999999996;0.72;0.7659199999999993;0.18;0.17860000000000048
0.56;0.565680000000001;0.36;0.3404000000000005;0.48;0.4705199999999989
0.1;0.11179999999999997;0.16;0.16012000000000007;0.5;0.4467599999999985
0.46;0.46715999999999797;0.36;0.37172000000000116;0.44;0.4513199999999998
0.46;0.4419199999999984;0.1;0.12419999999999992;0.16;0.15488
0.12;0.12131999999999994;0.28;0.30848000000000086;0.2;0.13612
0.46;0.4570399999999981;0.2;0.20872000000000043;0.22;0.20460000000000028
0.32;0.31708000000000003;0.14;0.1344799999999999;0.16;0.19628
0.12;0.11899999999999995;0.22;0.23468000000000042;0.36;0.3225199999999996
0.38;0.3747600000000018;0.56;0.5473199999999994;0.16;0.13879999999999995
0.34;0.32812000000000013;0.62;0.5903999999999995;0.44;0.38411999999999996
0.16;0.15175999999999987;0.1;0.12187999999999996;0.28;0.23864000000000035
0.12;0.12371999999999994;0.76;0.7873199999999987;0.32;0.3104000000000002
0.26;0.2519600000000002;0.3;0.31068000000000046;0.48;0.47067999999999977
0.52;0.5080400000000016;0.12;0.12867999999999993;0.28;0.22916000000000017
0.74;0.7176399999999984;0.24;0.19352000000000016;0.34;0.32335999999999976
0.34;0.33428000000000013;0.46;0.46435999999999983;0.18;0.16139999999999993
0.52;0.5058800000000017;0.42;0.3994799999999998;0.22;0.30732000000000015
0.26;0.26375999999999983;0.42;0.4515199999999989;0.18;0.21887999999999988
0.58;0.5683200000000007;0.2;0.2473200000000006;0.4;0.37536000000000025
0.56;0.5421600000000015;0.22;0.2889200000000006;0.18;0.1740000000000001
0.28;0.2721999999999999;0.22;0.2411600000000008;0.38;0.33092000000000027
0.1;0.11827999999999994;0.56;0.5466400000000007;0.42;0.4136000000000001
0.18;0.18368000000000037;0.42;0.47535999999999967;0.1;0.12392000000000006
0.14;0.1413199999999999;0.36;0.3513600000000011;0.48;0.4934799999999993
0.42;0.4114800000000001;0.42;0.4829600000000012;0.12;0.12692000000000006
0.1;0.10987999999999998;0.82;0.7962799999999989;0.5;0.48315999999999837
0.32;0.32076000000000043;0.42;0.4237599999999995;0.38;0.38392000000000037
0.72;0.7266799999999977;0.2;0.19544000000000017;0.2;0.22103999999999985
0.3;0.2922000000000006;0.48;0.5513200000000008;0.38;0.4184800000000001
0.22;0.2275200000000009;0.44;0.42600000000000027;0.38;0.39955999999999936
0.26;0.24824000000000063;0.36;0.41476000000000063;0.34;0.3786399999999998
0.1;0.12475999999999993;0.56;0.5886400000000004;0.12;0.13432000000000005
0.54;0.56004;0.16;0.14219999999999985;0.12;0.15188000000000007
0.3;0.29880000000000084;0.38;0.40376000000000045;0.26;0.3111600000000001
0.24;0.22552000000000055;0.7;0.6181599999999993;0.16;0.14267999999999997
0.14;0.1401599999999999;0.84;0.7808799999999981;0.5;0.4863599999999984
0.38;0.3916800000000018;0.54;0.5177599999999998;0.3;0.3026800000000001
0.14;0.1409599999999999;0.42;0.42504;0.26;0.2743999999999998
0.66;0.6681200000000002;0.24;0.2392400000000003;0.34;0.35087999999999997
0.38;0.3840000000000014;0.24;0.24824000000000043;0.32;0.2923599999999997
0.24;0.2174000000000004;0.2;0.2528400000000003;0.5;0.3933599999999995
0.76;0.7358799999999989;0.2;0.19368000000000038;0.3;0.2652400000000002
0.52;0.5215600000000021;0.34;0.3788;0.4;0.39163999999999966
0.28;0.28019999999999984;0.64;0.5655200000000004;0.34;0.2975599999999998
0.82;0.8271199999999989;0.1;0.12567999999999993;0.2;0.20660000000000006
0.34;0.3292000000000005;0.36;0.3714000000000012;0.32;0.31619999999999976
0.18;0.1785200000000001;0.54;0.5437600000000012;0.34;0.35044
0.22;0.21556000000000047;0.32;0.3298000000000008;0.5;0.4836799999999982
0.54;0.5383200000000015;0.22;0.25920000000000076;0.4;0.39611999999999975
0.86;0.7446799999999989;0.1;0.1891200000000003;0.1;0.12408000000000008
0.44;0.44551999999999925;0.18;0.17260000000000028;0.2;0.2446400000000002
0.56;0.557400000000001;0.34;0.33460000000000045;0.26;0.25304000000000004
0.66;0.6953999999999984;0.16;0.13155999999999993;0.2;0.2079999999999999
0.24;0.24448000000000072;0.5;0.5214800000000005;0.38;0.4315599999999991
0.38;0.3815600000000022;0.52;0.5287200000000006;0.5;0.4472399999999995
0.54;0.5420800000000016;0.12;0.11879999999999995;0.16;0.17575999999999975
0.32;0.31648000000000076;0.34;0.36000000000000054;0.4;0.43616000000000027
0.12;0.11635999999999996;0.82;0.7851599999999985;0.38;0.3738799999999992
0.26;0.2677999999999998;0.46;0.4769199999999996;0.2;0.23107999999999995
0.6;0.5943599999999992;0.24;0.25976000000000043;0.38;0.3914000000000003
0.34;0.35192000000000084;0.12;0.11159999999999996;0.36;0.39083999999999997
0.28;0.27804;0.4;0.4038000000000007;0.2;0.19268000000000013
0.44;0.42543999999999915;0.32;0.39696000000000065;0.1;0.11632000000000005
0.56;0.5556400000000008;0.3;0.2883200000000005;0.16;0.1670000000000002
0.24;0.22632000000000055;0.22;0.21856000000000045;0.16;0.17895999999999973
0.66;0.6801600000000004;0.32;0.25200000000000045;0.3;0.32864000000000015
0.68;0.6649200000000015;0.1;0.11683999999999996;0.36;0.29839999999999955
0.44;0.43347999999999853;0.32;0.34472000000000014;0.18;0.16740000000000005
0.28;0.2807600000000003;0.62;0.6291999999999998;0.14;0.13963999999999993
0.1;0.11207999999999997;0.26;0.2558400000000001;0.46;0.44548000000000004
0.38;0.385040000000002;0.42;0.46536;0.16;0.20771999999999985
0.32;0.3163200000000006;0.42;0.4778000000000001;0.16;0.1829200000000001
0.14;0.1724000000000001;0.2;0.16407999999999998;0.14;0.18291999999999986
0.7;0.6869199999999999;0.1;0.11339999999999997;0.28;0.23291999999999966
0.2;0.18740000000000048;0.76;0.7101599999999986;0.34;0.34384000000000003
0.14;0.13055999999999993;0.7;0.7489599999999988;0.1;0.10848
0.42;0.4201999999999993;0.34;0.3455600000000004;0.3;0.32820000000000016
0.22;0.21660000000000043;0.56;0.5629599999999996;0.42;0.40707999999999966
0.18;0.17712000000000017;0.8;0.7261999999999982;0.32;0.30772000000000044
0.7;0.6901599999999976;0.12;0.1304799999999999;0.38;0.3456000000000007
0.54;0.5414000000000013;0.34;0.36212000000000016;0.34;0.3132400000000001
0.12;0.1400799999999999;0.38;0.3472800000000011;0.22;0.2096
0.5;0.49544000000000044;0.3;0.3730800000000006;0.18;0.23472000000000004
0.2;0.1923200000000006;0.58;0.5837200000000002;0.42;0.42575999999999936
0.22;0.22828000000000065;0.28;0.2651200000000004;0.18;0.2144399999999999
0.12;0.12295999999999994;0.26;0.2682400000000002;0.46;0.4355200000000005
0.34;0.33564000000000077;0.5;0.4943199999999995;0.32;0.2764799999999998
0.36;0.3628800000000015;0.62;0.5569199999999992;0.14;0.14792
0.12;0.11291999999999996;0.5;0.512840000000002;0.42;0.4244800000000013
0.62;0.6070799999999996;0.22;0.3043200000000004;0.22;0.21099999999999985
0.68;0.6817599999999998;0.2;0.21476000000000045;0.22;0.23011999999999988
0.3;0.29048000000000024;0.52;0.5157600000000004;0.4;0.36751999999999974
0.14;0.13719999999999988;0.32;0.3134000000000005;0.32;0.3332800000000002
0.38;0.38036000000000164;0.38;0.4021999999999998;0.24;0.2495600000000003
0.4;0.4141600000000002;0.58;0.5016000000000007;0.2;0.21347999999999995
0.34;0.33216000000000034;0.54;0.5719599999999999;0.44;0.4143999999999998
0.16;0.16772000000000015;0.54;0.5324000000000014;0.34;0.3863199999999999
0.16;0.17760000000000023;0.52;0.6052800000000004;0.12;0.16192000000000012
0.12;0.10336;0.1;0.11747999999999995;0.3;0.2937600000000002
0.28;0.2804000000000002;0.22;0.23828000000000057;0.4;0.35332000000000047
0.36;0.34344000000000086;0.1;0.12691999999999992;0.34;0.25800000000000023
0.64;0.645679999999999;0.32;0.2873200000000003;0.42;0.4287200000000011
0.16;0.17504000000000022;0.48;0.5159999999999996;0.14;0.1645999999999999
0.26;0.2743199999999998;0.16;0.15503999999999996;0.38;0.3838000000000003
0.2;0.19888000000000033;0.1;0.12675999999999993;0.5;0.3800399999999996
0.34;0.33432000000000023;0.44;0.4166399999999998;0.32;0.2819600000000002
0.44;0.4373599999999982;0.22;0.23440000000000086;0.48;0.4460400000000001
0.3;0.3103600000000004;0.32;0.2945600000000008;0.28;0.3254400000000003
0.48;0.4611199999999985;0.16;0.16480000000000025;0.48;0.47103999999999946
0.16;0.19124000000000044;0.24;0.21516000000000046;0.16;0.16752000000000003
0.36;0.34608000000000055;0.18;0.1968000000000003;0.26;0.21431999999999984
0.62;0.6222399999999988;0.24;0.2338000000000003;0.48;0.4762799999999988
0.34;0.34060000000000057;0.6;0.5321599999999994;0.44;0.36256000000000016
0.24;0.24132000000000065;0.38;0.5125999999999995;0.12;0.1769199999999999
0.7;0.7231199999999992;0.14;0.16628000000000004;0.48;0.3007200000000001
0.4;0.3957200000000014;0.34;0.3441600000000003;0.44;0.4512799999999986
0.8;0.8064399999999992;0.12;0.13719999999999988;0.46;0.44395999999999985
0.28;0.2880799999999996;0.16;0.15972000000000003;0.34;0.3359200000000001
0.28;0.2878000000000003;0.36;0.54076;0.1;0.16387999999999997
0.12;0.12627999999999992;0.78;0.7687199999999987;0.22;0.20563999999999974
0.42;0.39948000000000006;0.12;0.1351599999999999;0.26;0.19311999999999993
0.22;0.21996000000000065;0.58;0.5648800000000002;0.3;0.28256000000000026
0.38;0.3933600000000016;0.36;0.34699999999999964;0.12;0.12508000000000002
0.46;0.4825199999999988;0.5;0.38984000000000013;0.1;0.11132000000000002
0.66;0.6499999999999988;0.14;0.15011999999999984;0.2;0.1776400000000003
0.58;0.5910800000000002;0.34;0.3147600000000002;0.26;0.2526399999999998
0.46;0.4535599999999988;0.18;0.18052000000000015;0.44;0.4402399999999987
0.26;0.4034799999999995;0.46;0.32983999999999997;0.5;0.3481999999999997
0.8;0.7346399999999996;0.1;0.20072000000000026;0.14;0.17252
0.4;0.402200000000001;0.52;0.5271200000000008;0.28;0.2945199999999996
0.44;0.4347999999999982;0.42;0.4791600000000005;0.32;0.34848000000000046
0.16;0.16848000000000027;0.42;0.39644000000000124;0.42;0.43856
0.44;0.43675999999999915;0.3;0.3024400000000001;0.1;0.11436000000000004
0.2;0.19960000000000036;0.3;0.3034400000000002;0.2;0.2119200000000002
0.46;0.4513999999999979;0.3;0.33968000000000015;0.4;0.3823200000000004
0.28;0.2775600000000001;0.16;0.19140000000000051;0.5;0.39787999999999923
0.16;0.17756000000000036;0.16;0.15507999999999997;0.28;0.25148000000000004
0.22;0.23640000000000094;0.34;0.3026800000000007;0.36;0.4085599999999997
0.1;0.11091999999999996;0.78;0.8137199999999997;0.16;0.15468
0.4;0.402120000000001;0.16;0.1392399999999999;0.36;0.4103200000000003
0.46;0.46403999999999757;0.52;0.4624399999999998;0.5;0.4412
0.12;0.12347999999999994;0.74;0.7610399999999987;0.26;0.2554000000000002
0.26;0.2615199999999999;0.4;0.45751999999999904;0.18;0.24203999999999998
0.18;0.1974800000000003;0.34;0.3144399999999999;0.28;0.30216000000000026
0.26;0.2571599999999999;0.66;0.6404799999999987;0.36;0.3500399999999997
0.36;0.3518000000000009;0.62;0.5483199999999994;0.16;0.136
0.4;0.4071200000000005;0.42;0.3893600000000002;0.18;0.17023999999999995
0.16;0.16476000000000013;0.56;0.5383200000000008;0.36;0.34060000000000074
0.48;0.48167999999999833;0.4;0.42547999999999997;0.42;0.37471999999999994
0.12;0.12175999999999994;0.66;0.6762799999999984;0.12;0.12408000000000015
0.7;0.6727599999999994;0.12;0.14171999999999993;0.42;0.38251999999999975
0.46;0.4425199999999986;0.28;0.33524;0.2;0.17236
0.26;0.25800000000000006;0.68;0.6506399999999993;0.44;0.4210799999999999
0.4;0.39120000000000155;0.3;0.3226000000000002;0.34;0.33727999999999997
0.64;0.6337199999999996;0.26;0.25632000000000016;0.14;0.1436
0.72;0.6998399999999985;0.2;0.22012000000000054;0.38;0.3702800000000002
0.18;0.1902800000000004;0.3;0.2970399999999999;0.28;0.2759600000000001
0.36;0.35716000000000087;0.24;0.2412400000000007;0.42;0.4211999999999983
0.44;0.4393999999999981;0.22;0.23560000000000106;0.5;0.4543999999999997
0.52;0.5146800000000019;0.2;0.20148000000000013;0.36;0.36136000000000024
0.12;0.1325999999999999;0.34;0.32784000000000046;0.12;0.11104
0.44;0.4441999999999981;0.5;0.45023999999999975;0.1;0.11672000000000007
0.5;0.5041600000000019;0.34;0.3612400000000003;0.3;0.31300000000000006
0.14;0.15015999999999985;0.48;0.4826399999999986;0.4;0.44036000000000036
0.2;0.2164000000000004;0.2;0.16900000000000012;0.18;0.2756400000000003
0.38;0.37748000000000215;0.46;0.4972800000000003;0.3;0.30923999999999996
0.28;0.28091999999999984;0.26;0.27964000000000055;0.48;0.4330799999999998
0.86;0.7129199999999994;0.1;0.19956000000000051;0.12;0.11824000000000004
0.36;0.36124000000000106;0.62;0.5178000000000004;0.3;0.29871999999999976
0.18;0.17496000000000028;0.16;0.16096000000000002;0.2;0.2428799999999999
0.16;0.1644400000000001;0.72;0.7291999999999995;0.2;0.20511999999999983
0.12;0.12743999999999991;0.36;0.3490800000000012;0.32;0.33296000000000053
0.66;0.6620400000000011;0.24;0.2551600000000004;0.42;0.4189600000000011
0.1;0.11187999999999997;0.76;0.791719999999998;0.32;0.32048000000000026
0.16;0.1527999999999999;0.16;0.1758000000000002;0.38;0.34959999999999997
0.36;0.37820000000000165;0.24;0.2186400000000005;0.14;0.17848000000000003
0.46;0.46207999999999794;0.36;0.3506400000000005;0.5;0.4633999999999994
0.3;0.3054400000000008;0.4;0.4271200000000003;0.16;0.18888000000000021
0.56;0.5612400000000011;0.34;0.378560000000001;0.48;0.4614399999999986
0.8;0.8087599999999994;0.18;0.13639999999999988;0.2;0.21888000000000005
0.16;0.15844000000000005;0.4;0.41224000000000016;0.32;0.332
0.28;0.27231999999999984;0.28;0.27456000000000014;0.18;0.21311999999999984
0.54;0.5492000000000008;0.28;0.2995200000000004;0.32;0.3115600000000001
0.54;0.5519200000000005;0.3;0.3307600000000001;0.32;0.31672
0.48;0.4883199999999991;0.34;0.35456;0.34;0.38280000000000014
0.24;0.23804000000000092;0.58;0.5565999999999997;0.5;0.4427599999999997
0.2;0.19340000000000035;0.22;0.21984000000000053;0.36;0.37512000000000045
0.24;0.2412800000000009;0.52;0.5518400000000009;0.3;0.3381599999999996
0.64;0.6402399999999969;0.32;0.30296000000000034;0.5;0.4867599999999985
0.24;0.23540000000000094;0.62;0.6038799999999999;0.32;0.29255999999999993
0.62;0.628319999999998;0.34;0.2943200000000004;0.38;0.3707199999999993
0.26;0.24424000000000043;0.12;0.16824000000000008;0.5;0.3024400000000002
0.76;0.7760799999999982;0.22;0.16256000000000018;0.4;0.4453999999999995
0.28;0.28832000000000046;0.42;0.39304000000000094;0.48;0.44295999999999947
0.28;0.28884000000000065;0.46;0.41767999999999944;0.46;0.40876
0.46;0.4646799999999979;0.46;0.4445600000000003;0.16;0.1456
0.1;0.10875999999999998;0.76;0.7704799999999984;0.44;0.43244000000000077
0.12;0.12071999999999995;0.3;0.31408000000000014;0.3;0.26960000000000045
0.22;0.2200000000000006;0.68;0.660159999999999;0.36;0.35344000000000036
0.3;0.3022000000000014;0.66;0.6134799999999985;0.36;0.35224000000000044
0.26;0.2627999999999998;0.52;0.51164;0.34;0.3395599999999999
0.38;0.3814000000000022;0.48;0.4787999999999998;0.42;0.41775999999999935
0.44;0.43423999999999885;0.34;0.3940800000000003;0.14;0.14576000000000003
0.32;0.3210400000000003;0.46;0.5007199999999989;0.3;0.32711999999999974
0.74;0.7269199999999973;0.14;0.19456000000000043;0.32;0.28391999999999984
0.66;0.6616000000000012;0.2;0.22156000000000053;0.22;0.2199199999999999
0.4;0.3972000000000014;0.48;0.41408000000000084;0.4;0.3168799999999999
0.36;0.3504800000000009;0.5;0.5305199999999991;0.38;0.31536000000000014
0.66;0.5931200000000019;0.1;0.14255999999999994;0.46;0.3744000000000002
0.38;0.37416000000000177;0.6;0.5032400000000002;0.42;0.3267999999999998
0.6;0.6071999999999985;0.34;0.2822400000000003;0.18;0.18748000000000037
0.6;0.6020799999999992;0.34;0.31928;0.5;0.4881599999999988
0.38;0.3782800000000023;0.46;0.5137599999999991;0.34;0.37087999999999943
0.3;0.30376000000000086;0.28;0.2893600000000008;0.34;0.32299999999999995
0.36;0.37072000000000144;0.24;0.23668000000000075;0.28;0.25452
0.14;0.14475999999999986;0.34;0.3201200000000007;0.3;0.3423600000000005
0.28;0.2783999999999996;0.7;0.5919600000000007;0.36;0.33583999999999964
0.36;0.36096000000000106;0.12;0.1297599999999999;0.48;0.4279999999999996
0.72;0.7240000000000003;0.26;0.19896000000000028;0.14;0.1520799999999999
0.68;0.6678799999999988;0.1;0.11099999999999999;0.12;0.13884000000000016
0.16;0.14891999999999986;0.26;0.26700000000000035;0.22;0.2241999999999999
0.14;0.1333999999999999;0.32;0.3365200000000006;0.28;0.2510000000000002
0.5;0.5064400000000011;0.42;0.39928;0.12;0.1332400000000001
0.32;0.3192800000000004;0.5;0.5489599999999999;0.24;0.23144000000000037
0.4;0.4004000000000013;0.18;0.18768000000000035;0.44;0.3941599999999997
0.36;0.36084000000000094;0.2;0.19328000000000023;0.38;0.3874400000000007
0.38;0.3942000000000012;0.44;0.4137600000000003;0.36;0.38415999999999956
0.86;0.834519999999997;0.1;0.12267999999999994;0.48;0.4093999999999999
0.52;0.5088400000000017;0.24;0.3080000000000005;0.32;0.3115999999999997
0.3;0.29604000000000075;0.22;0.22052000000000044;0.24;0.24272000000000019
0.2;0.1885600000000003;0.12;0.1325999999999999;0.26;0.23483999999999988
0.68;0.6882399999999994;0.24;0.22168000000000046;0.22;0.23887999999999981
0.1;0.11839999999999995;0.54;0.5119600000000013;0.36;0.3668399999999997
0.48;0.47703999999999813;0.34;0.3993600000000003;0.24;0.22151999999999994
0.16;0.16324000000000002;0.32;0.3066800000000007;0.34;0.3644799999999998
0.68;0.6806000000000006;0.24;0.21484000000000048;0.24;0.25244000000000016
0.24;0.2438800000000008;0.7;0.6436799999999988;0.4;0.39531999999999984
0.78;0.7085999999999972;0.1;0.15552000000000005;0.42;0.4120399999999996
0.26;0.2597599999999998;0.42;0.4209199999999993;0.44;0.4609199999999989
0.38;0.38336000000000175;0.44;0.41960000000000036;0.2;0.1914400000000001
0.78;0.8009999999999996;0.18;0.14387999999999987;0.32;0.3885199999999999
0.52;0.48804000000000025;0.1;0.12163999999999993;0.48;0.4013199999999998
0.8;0.7927199999999988;0.12;0.13991999999999988;0.44;0.3988400000000001
0.5;0.4770399999999984;0.24;0.2952800000000002;0.24;0.22723999999999975
0.44;0.44971999999999923;0.22;0.20776000000000056;0.12;0.15344000000000008
0.2;0.21296000000000045;0.22;0.2138400000000003;0.18;0.1824399999999999
0.24;0.21960000000000068;0.36;0.46924000000000093;0.18;0.2459599999999999
0.46;0.463959999999998;0.48;0.43428000000000017;0.22;0.22319999999999993
0.44;0.4389999999999979;0.54;0.48780000000000023;0.36;0.3457600000000001
0.32;0.3176000000000004;0.12;0.12439999999999993;0.28;0.31331999999999943
0.38;0.3841600000000019;0.46;0.4892800000000005;0.14;0.15975999999999996
0.2;0.2010000000000006;0.58;0.6809199999999984;0.28;0.32436000000000037
0.66;0.6763600000000012;0.22;0.24384000000000056;0.14;0.16172
0.24;0.28776000000000035;0.74;0.627999999999999;0.1;0.12788000000000002
0.6;0.5922399999999992;0.24;0.29924000000000045;0.48;0.4618799999999988
0.4;0.43363999999999897;0.16;0.1353599999999999;0.18;0.18563999999999986
0.2;0.20688000000000023;0.74;0.6905999999999982;0.26;0.2537200000000003
0.24;0.23160000000000044;0.18;0.18780000000000022;0.1;0.15307999999999997
0.14;0.1303199999999999;0.14;0.18640000000000032;0.46;0.28911999999999993
0.46;0.44475999999999793;0.26;0.3039600000000003;0.32;0.34623999999999977
0.36;0.35140000000000104;0.48;0.5137599999999999;0.2;0.16824
0.24;0.23364000000000076;0.32;0.32036000000000053;0.46;0.4690800000000003
0.38;0.37340000000000156;0.32;0.38659999999999983;0.12;0.15708000000000003
0.58;0.5806400000000005;0.38;0.34204000000000073;0.2;0.21819999999999995
0.14;0.14587999999999987;0.28;0.25456000000000084;0.18;0.2516000000000002
0.32;0.31732000000000077;0.6;0.5937600000000011;0.2;0.19264000000000014
0.22;0.2132400000000005;0.76;0.6202;0.16;0.14543999999999987
0.1;0.11167999999999997;0.4;0.4339599999999996;0.28;0.29755999999999977
0.68;0.6729200000000013;0.12;0.12759999999999994;0.2;0.1818000000000001
0.48;0.477599999999999;0.16;0.16140000000000013;0.38;0.36808000000000024
0.3;0.3002400000000014;0.56;0.5526000000000008;0.38;0.3685599999999999
0.34;0.3439200000000004;0.18;0.1775600000000002;0.18;0.181
0.32;0.32840000000000025;0.1;0.10399999999999998;0.4;0.40888000000000113
0.62;0.6326399999999988;0.18;0.16760000000000022;0.34;0.3895199999999994
0.54;0.5383200000000018;0.24;0.28772000000000064;0.16;0.14211999999999997
0.38;0.3900000000000014;0.54;0.4558800000000005;0.18;0.14615999999999998
0.32;0.3287200000000004;0.26;0.25464000000000053;0.18;0.18083999999999995
0.34;0.3268400000000001;0.14;0.1329199999999999;0.36;0.40959999999999896
0.56;0.5602000000000007;0.34;0.36068000000000044;0.3;0.3298800000000001
0.7;0.699999999999997;0.12;0.12103999999999994;0.34;0.3482400000000005
0.3;0.32256000000000046;0.22;0.20552000000000045;0.16;0.17248
0.58;0.5770800000000006;0.1;0.10583999999999999;0.38;0.3735199999999998
0.26;0.2721999999999999;0.32;0.3070000000000011;0.18;0.19312
0.26;0.2802799999999999;0.54;0.57612;0.1;0.11128000000000002
0.12;0.11807999999999995;0.58;0.5669199999999999;0.48;0.46831999999999924
0.18;0.18424000000000026;0.14;0.1390799999999999;0.3;0.31940000000000013
0.64;0.6353599999999974;0.18;0.22216000000000044;0.38;0.35112000000000015
0.54;0.5508000000000007;0.38;0.35368000000000055;0.28;0.28391999999999984
0.36;0.37500000000000167;0.28;0.26843999999999973;0.2;0.21227999999999989
0.36;0.36004000000000125;0.54;0.49536000000000013;0.44;0.36607999999999985
0.18;0.18480000000000027;0.6;0.6362800000000003;0.3;0.32088000000000017
0.36;0.362880000000001;0.62;0.5645999999999995;0.42;0.41196
0.12;0.11095999999999996;0.4;0.42203999999999964;0.22;0.22343999999999972
0.1;0.10804;0.12;0.11275999999999997;0.34;0.37392000000000036
0.12;0.12151999999999993;0.8;0.8005999999999995;0.26;0.25812000000000007
0.22;0.21744000000000036;0.3;0.3036799999999996;0.28;0.2790800000000003
0.34;0.33600000000000085;0.52;0.5249999999999997;0.36;0.3389999999999999
0.1;0.12055999999999993;0.38;0.36032000000000153;0.5;0.46039999999999903
0.32;0.3007200000000001;0.16;0.1659600000000001;0.14;0.18036000000000002
0.64;0.6357199999999956;0.1;0.10348;0.4;0.37520000000000026
0.32;0.33576000000000084;0.44;0.4877199999999996;0.1;0.12784000000000012
0.26;0.2559600000000003;0.44;0.45547999999999916;0.24;0.26275999999999994
0.64;0.6399199999999979;0.24;0.24832000000000007;0.44;0.43832000000000093
0.3;0.2983600000000006;0.26;0.25832000000000027;0.36;0.3648400000000001
0.34;0.34392000000000117;0.64;0.5620399999999992;0.36;0.36848000000000003
0.7;0.6900399999999982;0.16;0.2074800000000004;0.32;0.2930800000000001
0.32;0.33656000000000086;0.3;0.2842000000000006;0.24;0.2608000000000003
0.46;0.4620399999999975;0.34;0.3088400000000003;0.5;0.47127999999999853
0.22;0.22904000000000077;0.46;0.50812;0.12;0.14851999999999993
0.32;0.306480000000001;0.32;0.36784000000000044;0.32;0.3918399999999994
0.2;0.21612000000000056;0.46;0.5216000000000003;0.1;0.13167999999999996
0.16;0.15535999999999994;0.76;0.66112;0.38;0.3172399999999995
0.1;0.12511999999999993;0.68;0.7405599999999987;0.3;0.32992000000000027
0.38;0.38052000000000186;0.32;0.3202400000000004;0.44;0.4204399999999997
0.32;0.3131600000000004;0.14;0.15639999999999996;0.46;0.4000400000000003
0.22;0.21896000000000065;0.66;0.6696799999999989;0.2;0.20275999999999988
0.5;0.5014800000000007;0.36;0.37112000000000034;0.28;0.2746399999999999
0.1;0.12179999999999996;0.68;0.6547199999999991;0.22;0.20819999999999989
0.24;0.2429600000000008;0.42;0.4655599999999998;0.2;0.2516400000000001
0.34;0.33096000000000003;0.64;0.5195599999999997;0.22;0.1860000000000001
0.36;0.3730400000000017;0.56;0.5091599999999998;0.16;0.188
0.16;0.17400000000000027;0.34;0.30459999999999987;0.22;0.2702400000000001
0.28;0.2857600000000001;0.66;0.5390799999999998;0.22;0.19647999999999974
0.46;0.4723599999999978;0.36;0.32960000000000045;0.48;0.46075999999999945
0.2;0.16468000000000016;0.12;0.14959999999999984;0.2;0.20084
0.14;0.1353199999999999;0.54;0.5975599999999995;0.1;0.1170800000000001
0.24;0.23712000000000102;0.7;0.6130399999999994;0.2;0.18036000000000002
0.52;0.5201600000000011;0.24;0.28568000000000066;0.1;0.11308000000000003
0.12;0.12807999999999992;0.54;0.5449200000000006;0.32;0.3341200000000003
0.14;0.16316000000000008;0.16;0.14451999999999987;0.24;0.25696
0.14;0.1333999999999999;0.52;0.5255600000000016;0.5;0.4806399999999984
0.72;0.7229199999999977;0.14;0.1833200000000003;0.38;0.3786800000000003
0.58;0.5772000000000006;0.16;0.1619200000000001;0.2;0.18112000000000003
0.16;0.15764000000000006;0.16;0.1796800000000003;0.44;0.3804000000000001
0.38;0.3858400000000019;0.46;0.44708000000000014;0.24;0.2412800000000001
0.52;0.5280800000000023;0.42;0.4001200000000002;0.4;0.42496
0.26;0.2432400000000004;0.18;0.17024000000000017;0.14;0.22447999999999996
0.16;0.16004000000000004;0.42;0.4394399999999996;0.26;0.2692
0.3;0.2866000000000002;0.14;0.1355599999999999;0.12;0.1818399999999999
0.18;0.18220000000000025;0.36;0.33268;0.3;0.3364800000000002
0.42;0.41216;0.3;0.32875999999999983;0.36;0.34804000000000057
0.36;0.3597600000000009;0.42;0.42216000000000015;0.1;0.12024000000000006
0.62;0.6247199999999984;0.34;0.26748000000000016;0.22;0.22507999999999964
0.2;0.19328000000000042;0.48;0.4954800000000009;0.26;0.2595599999999997
0.52;0.523040000000002;0.28;0.3030000000000004;0.38;0.35916000000000003
0.62;0.6117199999999995;0.26;0.30752000000000007;0.5;0.46847999999999884
0.22;0.2200800000000006;0.26;0.2674400000000001;0.2;0.21103999999999998
0.1;0.12143999999999994;0.66;0.6792399999999993;0.12;0.11832000000000009
0.44;0.46416000000000057;0.16;0.1430799999999999;0.12;0.13632
0.5;0.5017600000000016;0.38;0.3913999999999997;0.14;0.13704000000000002
0.12;0.12839999999999993;0.6;0.6602399999999997;0.1;0.11492000000000005
0.14;0.14867999999999984;0.44;0.43411999999999973;0.28;0.2841599999999997
0.1;0.11631999999999997;0.56;0.5547600000000007;0.4;0.4120400000000002
0.3;0.3074800000000007;0.28;0.26312;0.18;0.22152000000000008
0.2;0.2000000000000004;0.44;0.49916000000000016;0.12;0.14583999999999983
0.24;0.22488000000000086;0.34;0.3788400000000014;0.4;0.3938799999999992
0.62;0.6231199999999975;0.16;0.15711999999999995;0.18;0.19703999999999997
0.46;0.46675999999999784;0.44;0.4358799999999995;0.28;0.26172000000000006
0.1;0.11067999999999999;0.8;0.8066000000000001;0.2;0.18684000000000037
0.28;0.28052000000000016;0.42;0.39976000000000067;0.34;0.3478400000000001
0.32;0.32204000000000055;0.56;0.5689999999999996;0.12;0.12184000000000009
0.56;0.5636000000000007;0.32;0.2852800000000006;0.36;0.3754799999999994
0.12;0.1340799999999999;0.22;0.1960000000000004;0.26;0.3122399999999998
0.14;0.1386399999999999;0.66;0.654479999999999;0.48;0.4639599999999994
0.12;0.11579999999999996;0.82;0.8115999999999995;0.14;0.15108000000000005
0.7;0.7043199999999991;0.26;0.2276000000000005;0.48;0.4753599999999988
0.28;0.2715599999999996;0.64;0.5732000000000004;0.28;0.24192000000000005
0.56;0.5585200000000012;0.36;0.32360000000000044;0.28;0.29171999999999987
0.3;0.3221200000000003;0.16;0.15151999999999988;0.36;0.3312000000000004
0.22;0.23532000000000097;0.44;0.4604000000000003;0.22;0.27736
0.28;0.2887600000000002;0.52;0.5172800000000001;0.34;0.35067999999999994
0.26;0.2619999999999998;0.52;0.5340400000000005;0.28;0.29712000000000005
0.1;0.13879999999999995;0.6;0.6285999999999995;0.32;0.37483999999999995
0.3;0.30392000000000086;0.42;0.46555999999999953;0.1;0.13395999999999997
0.1;0.11587999999999996;0.22;0.22688000000000044;0.46;0.3997199999999998
0.16;0.15571999999999994;0.2;0.21880000000000058;0.48;0.43723999999999974
0.28;0.28155999999999953;0.54;0.5122400000000008;0.44;0.3995599999999996
0.38;0.3799200000000017;0.24;0.2520800000000003;0.46;0.42912
0.76;0.7628400000000013;0.2;0.1768400000000003;0.42;0.42260000000000025
0.6;0.6009599999999984;0.22;0.24176000000000034;0.22;0.20927999999999986
0.84;0.8053599999999983;0.12;0.14379999999999987;0.5;0.3913999999999996
0.34;0.33712000000000053;0.18;0.17236000000000024;0.3;0.3218799999999997
0.14;0.14119999999999988;0.52;0.5950799999999995;0.1;0.11812000000000007
0.22;0.24096000000000084;0.44;0.49555999999999917;0.18;0.25152
0.18;0.17756000000000025;0.44;0.452159999999999;0.22;0.24915999999999988
0.28;0.2817600000000001;0.58;0.5679200000000002;0.16;0.1544
0.36;0.35428000000000115;0.26;0.2828399999999997;0.5;0.45088000000000006
0.5;0.4880400000000005;0.18;0.18488000000000035;0.12;0.15639999999999987
0.24;0.23860000000000098;0.74;0.60616;0.42;0.36891999999999936
0.22;0.2140400000000003;0.72;0.67192;0.38;0.34480000000000005
0.2;0.20680000000000034;0.56;0.6029599999999995;0.1;0.11388000000000005
0.1;0.12491999999999992;0.58;0.5796799999999998;0.18;0.18424000000000024
0.14;0.14423999999999987;0.14;0.1309599999999999;0.14;0.18627999999999995
0.2;0.1790800000000001;0.28;0.3104400000000008;0.44;0.40215999999999974
0.12;0.12535999999999994;0.36;0.3579600000000012;0.3;0.2907199999999996
0.46;0.46763999999999745;0.52;0.46287999999999924;0.48;0.44615999999999867
0.82;0.8272399999999992;0.16;0.12743999999999991;0.38;0.4283200000000008
0.16;0.16968000000000022;0.12;0.14463999999999988;0.42;0.23799999999999993
0.38;0.374040000000002;0.4;0.44700000000000034;0.42;0.43215999999999977
0.72;0.7104799999999987;0.16;0.2040000000000006;0.38;0.3582400000000003
0.28;0.28699999999999964;0.56;0.6325599999999978;0.44;0.45571999999999846
0.38;0.3830800000000017;0.5;0.47048000000000023;0.14;0.12144000000000003
0.82;0.8166799999999991;0.14;0.13151999999999991;0.32;0.29671999999999993
0.32;0.3194800000000007;0.36;0.3689600000000007;0.36;0.3842800000000003
0.28;0.28904000000000035;0.4;0.3895200000000005;0.38;0.3996800000000004
0.12;0.11915999999999995;0.8;0.8038799999999986;0.32;0.3233200000000006
0.32;0.32164000000000054;0.62;0.5180399999999993;0.28;0.23459999999999984
0.14;0.1454799999999999;0.66;0.6292799999999992;0.28;0.2696800000000003
0.62;0.6071599999999989;0.14;0.15255999999999995;0.36;0.33931999999999995
0.56;0.5541600000000009;0.24;0.27915999999999996;0.26;0.24308000000000005
0.58;0.578000000000001;0.14;0.1353599999999999;0.34;0.3705599999999993
0.1;0.12203999999999994;0.26;0.23144000000000048;0.2;0.23235999999999968
0.1;0.11935999999999998;0.76;0.7826799999999982;0.48;0.4782399999999984
0.28;0.27515999999999946;0.58;0.5533200000000005;0.5;0.42319999999999985
0.44;0.46079999999999915;0.2;0.17908000000000032;0.14;0.1700000000000001
0.3;0.2904400000000002;0.36;0.4112000000000008;0.2;0.21003999999999995
0.2;0.18780000000000016;0.22;0.24724000000000043;0.46;0.4113599999999993
0.5;0.4960800000000004;0.42;0.4157599999999999;0.18;0.2202
0.56;0.5546400000000014;0.3;0.31800000000000034;0.28;0.2668400000000002
0.22;0.21584000000000048;0.66;0.6166800000000001;0.14;0.13276000000000004
0.12;0.1349999999999999;0.7;0.7077999999999974;0.46;0.46119999999999906
0.16;0.18096000000000032;0.24;0.22144000000000053;0.22;0.23455999999999974
0.14;0.14019999999999988;0.76;0.7693599999999984;0.42;0.41188000000000063
0.78;0.7766399999999998;0.18;0.15583999999999998;0.14;0.16660000000000003
0.14;0.13943999999999987;0.7;0.6868799999999989;0.48;0.4565199999999992
0.46;0.4598399999999975;0.44;0.4606799999999998;0.34;0.34880000000000005
0.38;0.400400000000001;0.56;0.46103999999999984;0.1;0.11332000000000002
0.68;0.68308;0.3;0.2294000000000006;0.44;0.45116000000000034
0.14;0.13803999999999989;0.76;0.7743999999999992;0.2;0.20427999999999988
0.56;0.5541600000000009;0.18;0.1828000000000003;0.16;0.15852
0.16;0.16516000000000014;0.44;0.4295999999999994;0.4;0.40904000000000007
0.72;0.7068399999999975;0.14;0.2027600000000003;0.5;0.44983999999999913
0.64;0.6329599999999974;0.18;0.2306400000000002;0.42;0.39203999999999967
0.44;0.4399599999999979;0.5;0.493200000000001;0.48;0.45563999999999927
0.16;0.16424000000000002;0.22;0.20628000000000032;0.36;0.4050799999999999
0.86;0.6660800000000004;0.12;0.23460000000000025;0.2;0.12244000000000003
0.1;0.13583999999999988;0.56;0.5752400000000001;0.14;0.15339999999999998
0.68;0.7033599999999984;0.28;0.22760000000000052;0.28;0.31720000000000004
0.42;0.42795999999999906;0.14;0.1322399999999999;0.42;0.45139999999999925
0.18;0.1698400000000002;0.72;0.7367199999999986;0.12;0.1174800000000001
0.14;0.1407999999999999;0.36;0.33644000000000074;0.3;0.3465200000000004
0.12;0.1404399999999999;0.14;0.1294799999999999;0.22;0.2552000000000001
0.28;0.29388000000000086;0.62;0.6078399999999984;0.3;0.3238000000000003
0.5;0.48460000000000036;0.2;0.2123600000000003;0.2;0.1903199999999999
0.7;0.687599999999999;0.12;0.12267999999999994;0.36;0.40336
0.74;0.7299199999999976;0.1;0.11295999999999998;0.42;0.3571999999999999
0.72;0.7253599999999981;0.12;0.11743999999999996;0.22;0.23019999999999996
0.2;0.20656000000000038;0.76;0.61;0.12;0.11208000000000004
0.26;0.2645600000000001;0.24;0.23244000000000076;0.28;0.2890000000000002
0.68;0.6805599999999995;0.24;0.22564000000000034;0.34;0.34987999999999997
0.28;0.2807599999999997;0.18;0.16064000000000006;0.28;0.3579599999999998
0.16;0.16656000000000015;0.82;0.719639999999998;0.14;0.1368000000000001
0.6;0.5989600000000005;0.16;0.15787999999999996;0.24;0.2657599999999999
0.26;0.2644399999999998;0.46;0.4469599999999994;0.34;0.35203999999999974
0.14;0.1400399999999999;0.46;0.4520399999999985;0.42;0.4162400000000016
0.16;0.16184000000000007;0.58;0.6007199999999994;0.28;0.3159199999999998
0.62;0.6165999999999981;0.12;0.12283999999999994;0.18;0.17064000000000001
0.24;0.2438800000000007;0.52;0.5366400000000006;0.34;0.39228000000000024
0.68;0.6935599999999983;0.28;0.22972000000000045;0.38;0.39683999999999975
0.54;0.5322400000000016;0.3;0.33880000000000027;0.12;0.1286400000000001
0.54;0.547360000000001;0.38;0.3790000000000003;0.42;0.42659999999999976
0.5;0.5119200000000015;0.34;0.3629999999999999;0.16;0.13648000000000007
0.58;0.5835600000000002;0.26;0.2468800000000006;0.42;0.41336000000000067
0.16;0.15988000000000008;0.42;0.41964000000000057;0.24;0.2379999999999997
0.56;0.5779600000000004;0.36;0.3218000000000004;0.24;0.23023999999999978
0.18;0.17872000000000032;0.26;0.2701600000000004;0.34;0.33132
0.42;0.4086800000000003;0.1;0.11011999999999998;0.44;0.42544000000000004
0.36;0.3614800000000012;0.44;0.5318399999999995;0.38;0.46355999999999914
0.24;0.20168000000000036;0.24;0.2734000000000003;0.14;0.12996000000000002
0.58;0.5832000000000008;0.28;0.2949600000000005;0.16;0.16772000000000015
0.58;0.5762799999999996;0.12;0.11951999999999996;0.26;0.2618799999999998
0.64;0.6293199999999967;0.1;0.11003999999999999;0.1;0.14883999999999986
0.44;0.4046400000000006;0.12;0.14007999999999987;0.16;0.2580799999999999
0.62;0.6139199999999989;0.14;0.14535999999999985;0.22;0.20963999999999988
0.2;0.19604000000000063;0.74;0.6647199999999988;0.32;0.30728000000000055
0.42;0.4245199999999995;0.18;0.17760000000000029;0.26;0.26595999999999975
0.42;0.4244399999999989;0.42;0.4700000000000005;0.16;0.16084000000000004
0.14;0.14663999999999985;0.18;0.18592000000000028;0.38;0.3583600000000001
0.3;0.2969200000000003;0.56;0.5701600000000006;0.12;0.11384000000000002
0.24;0.24572000000000058;0.22;0.22832000000000066;0.4;0.37900000000000034
0.58;0.5638000000000014;0.22;0.2637200000000001;0.2;0.18943999999999997
0.26;0.2564800000000002;0.56;0.5705600000000002;0.28;0.2793600000000001
0.28;0.2899600000000006;0.18;0.17804000000000023;0.42;0.4210799999999992
0.46;0.45791999999999794;0.44;0.4097600000000003;0.26;0.21195999999999993
0.32;0.3243200000000003;0.52;0.4934800000000001;0.24;0.20544000000000007
0.5;0.5026400000000026;0.36;0.3576400000000004;0.5;0.47251999999999905
0.6;0.6114799999999989;0.3;0.2879600000000003;0.12;0.12000000000000013
0.14;0.13875999999999988;0.44;0.4349599999999998;0.26;0.25771999999999995
0.84;0.81676;0.12;0.12859999999999994;0.18;0.15423999999999993
0.24;0.25588000000000044;0.32;0.3085200000000006;0.38;0.385239999999999
0.38;0.3893600000000017;0.12;0.11759999999999997;0.4;0.4090400000000005
0.22;0.21208000000000043;0.64;0.6505999999999993;0.5;0.4537199999999991
0.36;0.36260000000000137;0.56;0.5219600000000003;0.26;0.23299999999999996
0.46;0.4550399999999976;0.3;0.32676;0.32;0.3023599999999998
0.56;0.559680000000001;0.28;0.27484000000000064;0.3;0.3240400000000001
0.12;0.1295199999999999;0.76;0.7366799999999987;0.18;0.18152000000000013
0.1;0.11395999999999998;0.3;0.2851600000000004;0.3;0.3012400000000004
0.44;0.45295999999999853;0.54;0.42128000000000027;0.1;0.11276000000000001
0.4;0.40140000000000103;0.48;0.50688;0.3;0.3018400000000003
0.1;0.11387999999999995;0.32;0.29724000000000067;0.38;0.4019200000000004
0.32;0.3224800000000005;0.24;0.2418800000000007;0.24;0.23304000000000008
0.2;0.2323600000000007;0.58;0.6305199999999994;0.1;0.11776000000000009
0.3;0.3059600000000003;0.16;0.14639999999999986;0.4;0.4215600000000002
0.12;0.12787999999999994;0.68;0.7326399999999985;0.26;0.27527999999999964
0.26;0.2670799999999999;0.32;0.301000000000001;0.24;0.26960000000000034
0.54;0.5462000000000017;0.36;0.3454800000000004;0.34;0.3268399999999999
0.8;0.8015199999999986;0.18;0.14295999999999986;0.46;0.4458799999999997
0.48;0.4793199999999984;0.5;0.4461599999999997;0.3;0.27627999999999997
0.6;0.5979199999999996;0.16;0.1610400000000001;0.14;0.14307999999999982
0.56;0.5439200000000011;0.36;0.3450800000000004;0.18;0.20395999999999992
0.48;0.46855999999999914;0.2;0.20840000000000042;0.18;0.17532000000000014
0.68;0.6940799999999997;0.22;0.21900000000000053;0.28;0.30163999999999974
0.42;0.4246399999999992;0.46;0.48056000000000065;0.12;0.13324000000000003
0.74;0.7444800000000003;0.12;0.11119999999999997;0.22;0.24959999999999943
0.64;0.6331199999999992;0.34;0.26428000000000046;0.12;0.12556000000000017
0.48;0.48271999999999926;0.14;0.1396799999999999;0.46;0.4548400000000007
0.1;0.11671999999999996;0.86;0.7397199999999986;0.16;0.13835999999999998
0.2;0.18724000000000035;0.78;0.7096399999999989;0.34;0.32364000000000065
0.58;0.5543600000000009;0.1;0.12539999999999993;0.14;0.18036000000000002
0.58;0.5814800000000008;0.4;0.3241200000000007;0.5;0.48367999999999844
0.38;0.3838400000000022;0.52;0.5056400000000003;0.42;0.40599999999999936
0.3;0.31092000000000053;0.3;0.2854400000000002;0.38;0.39427999999999985
0.22;0.2142000000000003;0.66;0.6310399999999995;0.48;0.43731999999999943
0.48;0.48656000000000005;0.32;0.31556000000000034;0.26;0.24676000000000017
0.78;0.7993600000000001;0.16;0.1405999999999999;0.14;0.15419999999999995
0.6;0.602319999999999;0.32;0.27484000000000025;0.2;0.22107999999999972
0.46;0.4524799999999977;0.38;0.42636000000000013;0.5;0.4353200000000005
0.32;0.3230800000000004;0.6;0.5746399999999998;0.42;0.3973200000000003
0.24;0.22484000000000062;0.18;0.2044400000000006;0.42;0.3645999999999997
0.16;0.18172000000000024;0.46;0.4209599999999999;0.32;0.34008000000000077
0.2;0.19056000000000048;0.36;0.3830400000000014;0.42;0.4389600000000005
0.6;0.6251599999999984;0.18;0.15439999999999995;0.12;0.16120000000000007
0.5;0.4794799999999994;0.18;0.20236000000000037;0.24;0.1947600000000002
0.2;0.17436000000000018;0.76;0.7490399999999989;0.28;0.27587999999999935
0.52;0.5184800000000016;0.12;0.12347999999999994;0.38;0.3745600000000001
0.72;0.7551999999999989;0.18;0.17580000000000034;0.1;0.13928000000000001
0.14;0.1417999999999999;0.24;0.22204000000000054;0.38;0.43044000000000054
0.54;0.5433600000000014;0.3;0.30032000000000025;0.22;0.24531999999999993
0.24;0.2358800000000009;0.22;0.23468000000000042;0.36;0.3389200000000002
0.16;0.1520799999999999;0.22;0.2297200000000005;0.34;0.3392399999999995
0.2;0.1892400000000004;0.12;0.14667999999999987;0.48;0.4087999999999997
0.3;0.2963600000000011;0.32;0.31628000000000084;0.48;0.4878799999999989
0.34;0.33520000000000055;0.64;0.5625199999999992;0.3;0.25016000000000027
0.28;0.2854800000000003;0.48;0.5031200000000001;0.24;0.2629600000000001
0.12;0.11311999999999997;0.4;0.4199599999999993;0.48;0.4716399999999982
0.2;0.2014400000000006;0.6;0.6179599999999998;0.38;0.39544000000000035
0.28;0.2830800000000002;0.38;0.45804000000000145;0.14;0.18631999999999985
0.54;0.5385600000000015;0.36;0.3747200000000005;0.1;0.12012000000000007
0.5;0.49124000000000057;0.36;0.41263999999999973;0.38;0.4151600000000002
0.32;0.3182800000000006;0.6;0.6036399999999996;0.36;0.3514399999999999
0.26;0.25516000000000005;0.54;0.5389600000000003;0.48;0.4344799999999999
0.1;0.12531999999999993;0.62;0.5748400000000013;0.14;0.1282400000000001
0.68;0.6777999999999996;0.26;0.2594000000000006;0.5;0.4947999999999994
0.22;0.21144000000000038;0.54;0.5291199999999997;0.22;0.20256000000000007
0.42;0.41863999999999973;0.12;0.11947999999999995;0.44;0.44107999999999914
0.12;0.12343999999999994;0.72;0.684999999999999;0.5;0.47123999999999955
0.48;0.47815999999999736;0.48;0.4521599999999999;0.44;0.4294799999999997
0.4;0.4026000000000009;0.56;0.4959600000000009;0.44;0.39420000000000044
0.66;0.6803599999999993;0.28;0.2433200000000005;0.18;0.21091999999999994
0.1;0.10536;0.32;0.3238800000000003;0.46;0.44536000000000053
0.24;0.24128000000000072;0.3;0.2906800000000004;0.36;0.37707999999999997
0.74;0.7200799999999971;0.1;0.11915999999999995;0.24;0.1956000000000002
0.16;0.14903999999999984;0.7;0.687359999999999;0.46;0.4318800000000005
0.1;0.10991999999999998;0.18;0.1642000000000001;0.44;0.4539199999999983
0.3;0.3018400000000012;0.46;0.41180000000000033;0.42;0.3479599999999995
0.22;0.22112000000000062;0.54;0.510160000000001;0.46;0.4103200000000002
0.2;0.17776000000000022;0.28;0.3176800000000006;0.46;0.4131999999999996
0.28;0.2731199999999994;0.7;0.60464;0.26;0.24247999999999986
0.12;0.12371999999999994;0.72;0.6978799999999984;0.48;0.46219999999999917
0.64;0.6343199999999984;0.24;0.23364000000000038;0.28;0.27963999999999967
0.1;0.10663999999999998;0.88;0.8173199999999997;0.44;0.42892000000000197
0.36;0.36644000000000143;0.5;0.4764800000000003;0.24;0.24103999999999992
0.26;0.2533200000000003;0.4;0.4439599999999995;0.28;0.34299999999999964
0.68;0.6778799999999991;0.22;0.22372000000000034;0.44;0.44879999999999975
0.3;0.2947600000000008;0.56;0.5418800000000001;0.42;0.36495999999999934
0.52;0.5336400000000022;0.4;0.37268000000000046;0.16;0.16640000000000013
0.36;0.3609200000000011;0.52;0.5289599999999999;0.16;0.15123999999999996
0.12;0.11751999999999994;0.86;0.7395199999999981;0.44;0.4132800000000003
0.2;0.1846000000000002;0.26;0.2758800000000004;0.44;0.4231600000000003
0.42;0.4205999999999992;0.4;0.39444000000000096;0.34;0.33400000000000046
0.6;0.5941599999999991;0.38;0.3206800000000002;0.22;0.2341999999999996
0.18;0.18924000000000032;0.2;0.20704000000000042;0.24;0.20932000000000003
0.28;0.2896000000000003;0.64;0.6257600000000004;0.36;0.37055999999999933
0.64;0.6398799999999977;0.22;0.26028000000000007;0.44;0.4253200000000007
0.22;0.23040000000000077;0.48;0.5019200000000004;0.34;0.38495999999999997
0.28;0.28548;0.46;0.44343999999999933;0.26;0.26435999999999993
0.1;0.12551999999999994;0.7;0.7040399999999992;0.32;0.3004800000000003
0.42;0.42319999999999913;0.42;0.4260800000000003;0.36;0.34151999999999993
0.66;0.6412000000000019;0.1;0.11375999999999999;0.44;0.37140000000000095
0.12;0.11879999999999995;0.36;0.35408000000000095;0.28;0.28735999999999945
0.26;0.2646799999999999;0.48;0.52988;0.2;0.2401999999999999
0.1;0.11743999999999996;0.38;0.3467600000000006;0.34;0.3745599999999994
0.4;0.39580000000000126;0.36;0.4035199999999996;0.14;0.1746799999999999
0.3;0.30060000000000064;0.32;0.29980000000000123;0.14;0.17340000000000017
0.54;0.5402400000000009;0.16;0.15928000000000006;0.24;0.22752000000000025
0.32;0.3206000000000002;0.28;0.26656;0.28;0.3048000000000005
0.34;0.3457200000000008;0.36;0.3959200000000002;0.1;0.12124000000000008
0.14;0.14619999999999986;0.72;0.7400399999999981;0.16;0.15524000000000002
0.6;0.5954799999999998;0.2;0.2798000000000007;0.16;0.1510800000000001
0.58;0.6026399999999986;0.16;0.1369999999999999;0.12;0.17584
0.34;0.3381600000000005;0.44;0.49739999999999907;0.26;0.2964800000000002
0.34;0.33900000000000086;0.52;0.5439599999999997;0.18;0.17928000000000002
0.34;0.34472000000000064;0.48;0.4879199999999999;0.2;0.2273600000000001
0.22;0.22076000000000034;0.14;0.1410399999999999;0.26;0.25083999999999995
0.58;0.5673599999999998;0.12;0.1332799999999999;0.1;0.15623999999999996
0.24;0.23888000000000037;0.3;0.29884000000000016;0.18;0.18683999999999995
0.36;0.3392000000000001;0.3;0.3468000000000001;0.48;0.43596
0.44;0.4356799999999982;0.42;0.46440000000000065;0.16;0.16084000000000004
0.34;0.3341200000000004;0.58;0.5721199999999996;0.38;0.34551999999999994
0.36;0.35276000000000096;0.58;0.5224799999999999;0.48;0.4089199999999994
0.56;0.5531600000000009;0.18;0.1868400000000003;0.4;0.42579999999999973
0.2;0.19376000000000032;0.64;0.7110799999999984;0.18;0.20200000000000018
0.38;0.3783200000000022;0.52;0.5230400000000008;0.46;0.44019999999999937
0.86;0.8289999999999983;0.1;0.12787999999999994;0.4;0.2926800000000001
0.22;0.32020000000000054;0.3;0.21780000000000013;0.1;0.12356000000000009
0.78;0.7863199999999994;0.2;0.15543999999999997;0.16;0.20871999999999993
0.36;0.33148000000000055;0.14;0.1680000000000002;0.14;0.14771999999999988
0.38;0.39384000000000136;0.28;0.2601599999999999;0.24;0.26604000000000005
0.24;0.23012000000000052;0.14;0.16968000000000016;0.3;0.1783200000000001
0.66;0.6674;0.16;0.14815999999999988;0.38;0.39235999999999993
0.72;0.6872000000000005;0.1;0.12935999999999992;0.34;0.2921199999999999
0.46;0.47431999999999824;0.48;0.4179600000000002;0.28;0.2797199999999999
0.46;0.4496399999999979;0.36;0.4292000000000008;0.38;0.4017199999999998
0.54;0.5491600000000009;0.32;0.28700000000000037;0.28;0.2709600000000001
0.26;0.20924000000000043;0.14;0.18776000000000018;0.22;0.16451999999999992
0.64;0.6401199999999998;0.24;0.2808800000000004;0.14;0.14320000000000008
0.56;0.5514400000000004;0.1;0.11143999999999997;0.26;0.28415999999999964
0.42;0.4191999999999996;0.4;0.41788000000000064;0.4;0.3684800000000001
0.46;0.4486399999999979;0.28;0.30768000000000006;0.36;0.36343999999999965
0.52;0.5046800000000007;0.22;0.22176000000000054;0.18;0.19779999999999998
0.44;0.46035999999999827;0.12;0.10823999999999998;0.22;0.30736
0.48;0.4793199999999997;0.16;0.15524000000000002;0.44;0.46115999999999885
0.82;0.8077999999999995;0.1;0.13107999999999992;0.18;0.13968000000000005
0.4;0.4040800000000008;0.16;0.16028000000000014;0.48;0.447759999999999
0.2;0.1903200000000002;0.1;0.11499999999999996;0.36;0.33900000000000025
0.14;0.1396799999999999;0.44;0.4315599999999997;0.2;0.2041199999999998
0.16;0.18868000000000026;0.36;0.3214399999999997;0.24;0.2646400000000004
0.14;0.13055999999999993;0.72;0.7705999999999986;0.34;0.33872
0.32;0.3261600000000004;0.66;0.5591999999999994;0.12;0.1194400000000001
0.16;0.1632800000000001;0.66;0.6748799999999999;0.36;0.38108000000000014
0.44;0.45315999999999745;0.5;0.43820000000000003;0.38;0.35219999999999996
0.7;0.7030799999999983;0.28;0.22100000000000058;0.36;0.37224000000000046
0.18;0.17272000000000023;0.4;0.41884000000000005;0.34;0.33324000000000015
0.26;0.27139999999999986;0.4;0.4584000000000009;0.12;0.1505199999999999
0.6;0.5836799999999994;0.2;0.26444000000000045;0.34;0.35463999999999996
0.12;0.12799999999999992;0.22;0.2417200000000006;0.5;0.45979999999999965
0.58;0.5696400000000001;0.24;0.29584000000000016;0.12;0.13292000000000004
0.84;0.7386799999999993;0.14;0.19260000000000038;0.12;0.12004000000000008
0.54;0.5484400000000011;0.26;0.2672800000000005;0.24;0.21903999999999985
0.1;0.11775999999999995;0.54;0.5233600000000016;0.38;0.4020400000000001
0.28;0.27712000000000026;0.32;0.30240000000000095;0.16;0.1760000000000002
0.34;0.3421600000000011;0.48;0.5253199999999996;0.38;0.4171999999999995
0.62;0.58756;0.1;0.12891999999999992;0.28;0.2160800000000001
0.28;0.2705199999999996;0.62;0.6303599999999998;0.42;0.36432
0.46;0.4626399999999987;0.24;0.23636000000000026;0.16;0.17695999999999992
0.24;0.23872000000000093;0.4;0.4189600000000002;0.34;0.35672000000000026
0.14;0.14347999999999989;0.7;0.6861199999999988;0.18;0.17516000000000037
0.22;0.22348000000000084;0.72;0.6385199999999994;0.48;0.4296799999999994
0.36;0.3630000000000012;0.4;0.3694800000000009;0.5;0.4400799999999993
0.36;0.35676000000000085;0.5;0.5024400000000003;0.16;0.13164000000000003
0.24;0.23392000000000088;0.36;0.37112000000000145;0.46;0.43516000000000093
0.62;0.6155999999999993;0.26;0.3148000000000002;0.46;0.4467600000000001
0.82;0.7995999999999994;0.12;0.1515199999999999;0.24;0.1994799999999999
0.26;0.2542400000000001;0.64;0.6128800000000002;0.26;0.24932000000000012
0.14;0.12731999999999993;0.38;0.40908000000000044;0.3;0.30764
0.14;0.14347999999999986;0.32;0.30892000000000047;0.18;0.19664000000000037
0.62;0.6178399999999995;0.3;0.3033200000000001;0.5;0.4877999999999988
0.34;0.34640000000000126;0.4;0.4013600000000004;0.24;0.2684400000000001
0.1;0.1345599999999999;0.54;0.5595599999999998;0.14;0.16031999999999993
0.14;0.1365199999999999;0.66;0.7023999999999985;0.18;0.1899200000000002
0.28;0.24984000000000037;0.1;0.1305199999999999;0.22;0.21271999999999994
0.46;0.4577599999999975;0.52;0.45424000000000003;0.34;0.36216000000000015
0.5;0.5059200000000018;0.48;0.40292000000000006;0.48;0.4206800000000003
0.14;0.14111999999999988;0.76;0.7949199999999991;0.32;0.33636000000000066
0.12;0.11467999999999998;0.78;0.7969999999999976;0.3;0.3018800000000001
0.26;0.2582399999999999;0.68;0.6479599999999992;0.4;0.3938799999999998
0.38;0.3799600000000019;0.48;0.5239599999999996;0.18;0.17828000000000013
0.14;0.1365599999999999;0.58;0.5538000000000004;0.42;0.37559999999999966
0.18;0.17904000000000045;0.2;0.21432000000000054;0.36;0.3255199999999998
0.3;0.30628000000000044;0.14;0.13199999999999992;0.4;0.4171199999999997
0.3;0.2966400000000014;0.56;0.5472800000000009;0.5;0.44271999999999956
0.6;0.57832;0.1;0.12051999999999993;0.2;0.18608000000000002
0.36;0.36876000000000136;0.6;0.48195999999999933;0.36;0.3023200000000001
0.32;0.3698799999999996;0.52;0.46867999999999954;0.26;0.25912000000000035
0.42;0.47399999999999887;0.2;0.14959999999999984;0.12;0.1554799999999999
0.16;0.15543999999999997;0.18;0.20788000000000048;0.42;0.34144
0.34;0.34428000000000075;0.3;0.28856000000000054;0.44;0.4637199999999986
0.48;0.479719999999998;0.44;0.42135999999999996;0.42;0.4251999999999998
0.44;0.4442399999999978;0.48;0.46736000000000083;0.18;0.16480000000000014
0.1;0.11607999999999996;0.78;0.784399999999999;0.24;0.21979999999999977
0.22;0.22320000000000056;0.62;0.5845599999999997;0.42;0.3957200000000002
0.2;0.20172000000000037;0.44;0.4264399999999997;0.36;0.3731999999999994
0.5;0.5180400000000018;0.48;0.3707600000000005;0.32;0.3790399999999998
0.28;0.2733599999999999;0.1;0.11395999999999998;0.34;0.2532000000000002
0.12;0.11487999999999995;0.48;0.5183599999999987;0.22;0.23803999999999997
0.36;0.35868000000000116;0.62;0.49428000000000044;0.22;0.18203999999999992
0.12;0.12719999999999992;0.84;0.7517199999999993;0.12;0.11564000000000008
0.18;0.16584000000000013;0.44;0.459239999999999;0.46;0.4807999999999987
0.18;0.1772400000000002;0.72;0.6888800000000004;0.26;0.2711199999999999
0.4;0.398080000000001;0.22;0.22136000000000058;0.2;0.19875999999999996
0.2;0.19356000000000037;0.46;0.46327999999999814;0.48;0.47191999999999956
0.36;0.365200000000001;0.56;0.5202400000000001;0.1;0.11564000000000005
0.28;0.26939999999999975;0.38;0.4450000000000002;0.28;0.35727999999999993
0.32;0.3072400000000012;0.32;0.3500400000000005;0.5;0.4757599999999987
0.38;0.3840400000000018;0.38;0.4956799999999998;0.14;0.21383999999999986
0.3;0.30788000000000076;0.4;0.39876000000000067;0.32;0.3692799999999996
0.5;0.4742799999999987;0.1;0.11951999999999995;0.5;0.4161599999999999
0.16;0.18240000000000034;0.34;0.3229200000000002;0.14;0.14579999999999993
0.52;0.501640000000001;0.24;0.3180000000000004;0.14;0.13992
0.8;0.8118800000000008;0.1;0.13999999999999987;0.32;0.34260000000000007
0.12;0.1339199999999999;0.74;0.7210399999999982;0.2;0.18776000000000007
0.46;0.4621199999999977;0.36;0.41708000000000056;0.34;0.35896000000000017
0.2;0.19740000000000033;0.14;0.15291999999999992;0.32;0.2942
0.4;0.39560000000000145;0.4;0.4561200000000001;0.3;0.3668799999999999
0.34;0.3379200000000009;0.44;0.4224399999999999;0.42;0.39432000000000006
0.6;0.6067199999999991;0.38;0.2951200000000002;0.24;0.23699999999999974
0.26;0.2768;0.32;0.29996000000000117;0.34;0.3603999999999998
0.36;0.3485200000000005;0.32;0.3906400000000007;0.1;0.13476000000000005
0.4;0.4058000000000009;0.46;0.4734399999999999;0.14;0.14672
0.28;0.28204;0.3;0.27940000000000037;0.12;0.15947999999999998
0.24;0.25864000000000004;0.48;0.5232800000000003;0.16;0.19803999999999994
0.2;0.19408000000000053;0.78;0.7086399999999989;0.22;0.2139199999999999
0.12;0.11707999999999996;0.1;0.11167999999999997;0.32;0.23252000000000014
0.66;0.6557999999999992;0.12;0.12459999999999995;0.34;0.32912000000000036
0.56;0.5653600000000009;0.16;0.14571999999999985;0.32;0.36799999999999916
0.1;0.11411999999999997;0.24;0.2208000000000003;0.44;0.45651999999999937
0.54;0.5366400000000018;0.42;0.35620000000000046;0.32;0.30327999999999977
0.16;0.17888000000000026;0.36;0.32248000000000043;0.26;0.29496000000000033
0.48;0.47783999999999766;0.38;0.40392000000000006;0.5;0.46271999999999913
0.24;0.23300000000000076;0.46;0.4670399999999995;0.26;0.26427999999999985
0.46;0.46311999999999925;0.16;0.15315999999999994;0.2;0.2619200000000002
0.28;0.27683999999999964;0.54;0.5323200000000007;0.46;0.42459999999999976
0.46;0.4625599999999977;0.52;0.4555199999999995;0.38;0.3669999999999996
0.4;0.4128400000000002;0.26;0.24884000000000037;0.26;0.2633199999999998
0.3;0.3136399999999996;0.14;0.13155999999999993;0.18;0.16804000000000002
0.78;0.8091199999999986;0.2;0.14299999999999988;0.24;0.32599999999999996
0.56;0.5952799999999994;0.16;0.12575999999999993;0.12;0.20584000000000008
0.28;0.27823999999999977;0.26;0.28023999999999977;0.46;0.4152000000000006
0.28;0.3186800000000005;0.22;0.18636000000000044;0.1;0.1401599999999999
0.52;0.5150400000000012;0.16;0.16316000000000008;0.14;0.12872
0.22;0.23244000000000084;0.32;0.3073600000000006;0.32;0.3319599999999999
0.22;0.21656000000000047;0.52;0.5253200000000007;0.36;0.3688399999999995
0.12;0.12207999999999994;0.76;0.7862399999999988;0.5;0.4948799999999993
0.3;0.30064000000000035;0.22;0.22096000000000066;0.12;0.1420799999999999
0.54;0.5347200000000021;0.26;0.2937600000000004;0.28;0.2654399999999998
0.54;0.5398000000000007;0.22;0.2772800000000007;0.16;0.1486800000000001
0.42;0.44195999999999824;0.12;0.11447999999999996;0.24;0.24487999999999985
0.6;0.5551600000000004;0.2;0.3187600000000004;0.18;0.16960000000000014
0.48;0.5011600000000012;0.42;0.4009199999999995;0.16;0.15600000000000003
0.24;0.22704000000000088;0.48;0.46171999999999863;0.2;0.1724800000000002
0.36;0.357120000000001;0.14;0.15531999999999996;0.34;0.25976
0.32;0.33208000000000054;0.58;0.5732799999999993;0.1;0.11352000000000002
0.2;0.2071600000000004;0.42;0.4351999999999994;0.4;0.4159999999999998
0.84;0.810319999999999;0.14;0.14427999999999988;0.46;0.41952000000000017
0.38;0.38032000000000193;0.42;0.4134800000000003;0.22;0.24219999999999983
0.42;0.41935999999999934;0.3;0.30655999999999994;0.4;0.41379999999999983
0.62;0.6515599999999989;0.26;0.26700000000000057;0.12;0.14311999999999997
0.28;0.2699599999999996;0.62;0.6118;0.44;0.36436
0.6;0.60416;0.32;0.30040000000000067;0.14;0.14612000000000008
0.54;0.5334800000000018;0.36;0.3916800000000006;0.4;0.3876000000000001
0.22;0.20492000000000038;0.68;0.7058;0.32;0.3118799999999998
0.46;0.46071999999999846;0.32;0.32384;0.2;0.19163999999999992
0.22;0.22808000000000067;0.28;0.2731200000000003;0.2;0.20667999999999984
0.72;0.7121999999999983;0.2;0.19652000000000047;0.18;0.17092000000000004
0.78;0.7419999999999992;0.12;0.17484000000000016;0.3;0.2129600000000001
0.52;0.5314400000000022;0.36;0.32552000000000025;0.46;0.42795999999999984
0.58;0.5879200000000006;0.24;0.25004000000000026;0.1;0.11268000000000003
0.14;0.1403199999999999;0.54;0.5764000000000001;0.38;0.4402799999999999
0.1;0.11715999999999996;0.3;0.29528000000000054;0.38;0.3640399999999997
0.54;0.5455200000000011;0.38;0.36184000000000066;0.12;0.12300000000000008
0.32;0.31636000000000086;0.38;0.46719999999999956;0.1;0.14475999999999997
0.16;0.1514399999999999;0.78;0.7305199999999993;0.22;0.21555999999999975
0.12;0.1291999999999999;0.12;0.13539999999999988;0.34;0.2234
0.26;0.25727999999999995;0.6;0.5964000000000003;0.46;0.4248000000000006
0.38;0.3777200000000018;0.58;0.5226799999999997;0.14;0.12776
0.3;0.3197200000000004;0.28;0.27608000000000044;0.16;0.13396
0.44;0.4494799999999985;0.24;0.2330800000000008;0.28;0.28868000000000005
0.48;0.4583199999999992;0.18;0.17956000000000016;0.44;0.4471999999999987
0.56;0.5668400000000006;0.16;0.1511199999999999;0.26;0.27855999999999925
0.58;0.5866800000000002;0.18;0.1717600000000003;0.1;0.12791999999999998
0.28;0.2865600000000003;0.58;0.5845999999999996;0.12;0.12588000000000008
0.28;0.2873999999999998;0.42;0.4116799999999998;0.42;0.4277199999999999
0.26;0.2614399999999998;0.64;0.5995999999999986;0.32;0.3018399999999999
0.16;0.16076000000000001;0.74;0.7001199999999981;0.14;0.13620000000000013
0.12;0.1376399999999999;0.56;0.5981999999999988;0.18;0.21623999999999985
0.62;0.6186799999999988;0.26;0.30376000000000053;0.36;0.3555199999999997
0.14;0.14967999999999984;0.14;0.12871999999999992;0.2;0.23316000000000017
0.18;0.18340000000000045;0.22;0.24576000000000073;0.32;0.2650000000000002
0.38;0.38304000000000205;0.44;0.4489600000000005;0.4;0.42967999999999956
0.16;0.16904000000000013;0.56;0.6036800000000007;0.14;0.1625600000000001
0.28;0.29076000000000046;0.3;0.27952000000000005;0.4;0.43012000000000006
0.68;0.6795599999999996;0.16;0.2143600000000003;0.34;0.33928000000000025
0.12;0.12043999999999995;0.84;0.7997199999999974;0.28;0.2886399999999998
0.4;0.4043600000000007;0.52;0.5008000000000005;0.1;0.11804000000000008
0.32;0.3176400000000007;0.52;0.5062799999999994;0.46;0.4175200000000002
0.28;0.2831199999999998;0.42;0.41771999999999987;0.38;0.37260000000000015
0.74;0.726439999999997;0.1;0.11291999999999996;0.18;0.18751999999999988
0.38;0.3791600000000016;0.34;0.38220000000000026;0.16;0.1844000000000002
0.4;0.40976000000000107;0.52;0.45752000000000026;0.34;0.3095199999999999
0.42;0.42491999999999885;0.52;0.49808000000000024;0.3;0.31308000000000025
0.1;0.12323999999999995;0.56;0.5607600000000004;0.34;0.3734399999999994
0.18;0.16980000000000017;0.62;0.6914399999999978;0.1;0.11108000000000004
0.2;0.19464000000000042;0.1;0.12375999999999994;0.34;0.21823999999999993
0.32;0.32272000000000045;0.4;0.38244000000000117;0.38;0.3523200000000003
0.16;0.15647999999999998;0.64;0.6663999999999992;0.16;0.16596000000000025
0.32;0.3258400000000006;0.3;0.2867600000000003;0.26;0.28343999999999997
0.18;0.18312000000000037;0.72;0.7111599999999979;0.4;0.3909199999999998
0.7;0.6943599999999989;0.26;0.20808000000000054;0.4;0.4068800000000003
0.16;0.16420000000000004;0.6;0.5879599999999994;0.28;0.2613999999999998
0.4;0.39788000000000123;0.26;0.25384000000000007;0.2;0.2134399999999997
0.62;0.6230799999999996;0.22;0.27008000000000015;0.12;0.11976000000000013
0.52;0.5162800000000016;0.2;0.20592000000000038;0.34;0.3112000000000001
0.72;0.725359999999998;0.2;0.21028000000000022;0.12;0.12944000000000006
0.24;0.2420800000000011;0.62;0.6367999999999998;0.38;0.3873599999999996
0.44;0.4689999999999989;0.26;0.2312400000000006;0.12;0.15608
0.2;0.19388000000000027;0.32;0.3100400000000002;0.34;0.3637200000000002
0.3;0.29540000000000083;0.64;0.6143599999999998;0.18;0.1727600000000003
0.38;0.3783200000000018;0.4;0.4226400000000001;0.38;0.42455999999999927
0.28;0.2852799999999999;0.52;0.5547200000000008;0.28;0.3127200000000002
0.26;0.2577200000000001;0.7;0.5940800000000003;0.22;0.20995999999999976
0.16;0.15888000000000005;0.64;0.6634400000000005;0.24;0.25580000000000014
0.54;0.5446400000000013;0.32;0.3563199999999997;0.3;0.2857199999999998
0.24;0.21152000000000037;0.2;0.24004000000000075;0.3;0.2185999999999999
0.14;0.1398799999999999;0.46;0.45975999999999967;0.26;0.26775999999999944
0.16;0.14431999999999987;0.58;0.5438800000000001;0.18;0.15572000000000003
0.52;0.5201600000000026;0.46;0.4159999999999997;0.36;0.3975999999999994
0.68;0.6980799999999988;0.22;0.21304000000000053;0.34;0.3638800000000001
0.12;0.1320399999999999;0.56;0.5396400000000009;0.34;0.33215999999999996
0.32;0.3258400000000001;0.12;0.12311999999999994;0.2;0.1884399999999997
0.88;0.8172799999999991;0.1;0.1391599999999999;0.32;0.21828000000000017
0.24;0.24556000000000056;0.38;0.38196000000000113;0.22;0.24171999999999993
0.4;0.39828000000000113;0.22;0.23544000000000073;0.48;0.44208000000000086
0.3;0.302400000000001;0.2;0.19012000000000023;0.4;0.43095999999999945
0.14;0.11511999999999996;0.38;0.4499199999999992;0.18;0.1886000000000006
0.24;0.2354400000000009;0.7;0.6657999999999983;0.38;0.3627200000000004
0.32;0.3238800000000003;0.4;0.42264000000000007;0.28;0.33644000000000013
0.18;0.18712000000000018;0.36;0.3398000000000005;0.46;0.4823599999999983
0.46;0.46103999999999823;0.2;0.20196000000000022;0.26;0.25376000000000015
0.22;0.24500000000000036;0.24;0.1962400000000004;0.12;0.22327999999999998
0.76;0.76012;0.22;0.17128000000000018;0.22;0.23552
0.42;0.43831999999999866;0.48;0.4356400000000002;0.1;0.11248
0.12;0.1384799999999999;0.64;0.6585199999999991;0.16;0.16636000000000017
0.3;0.29068000000000055;0.22;0.24344000000000085;0.5;0.4501999999999991
0.34;0.33656000000000025;0.22;0.21228000000000036;0.3;0.3236800000000003
0.5;0.5163600000000026;0.46;0.4139599999999994;0.38;0.36832
0.1;0.11983999999999995;0.78;0.7902399999999982;0.28;0.2786799999999996
0.3;0.3019600000000014;0.66;0.5865200000000005;0.28;0.2665199999999998
0.36;0.35944000000000104;0.48;0.49175999999999914;0.38;0.3542
0.38;0.3660000000000014;0.32;0.3292400000000004;0.48;0.42415999999999904
0.12;0.1294799999999999;0.36;0.3525600000000009;0.46;0.4649599999999996
0.48;0.49316000000000104;0.2;0.19004000000000018;0.14;0.14831999999999992
0.5;0.5196000000000018;0.44;0.3392800000000009;0.1;0.11920000000000006
0.26;0.26303999999999994;0.72;0.6080799999999994;0.24;0.22783999999999988
0.48;0.479839999999998;0.38;0.35980000000000045;0.42;0.43572000000000005
0.7;0.7305599999999989;0.28;0.17116000000000017;0.14;0.19704000000000016
0.18;0.17184000000000008;0.74;0.7342799999999984;0.5;0.480239999999999
0.44;0.43787999999999866;0.34;0.3606400000000003;0.28;0.2851600000000002
0.18;0.18188000000000032;0.36;0.35396000000000116;0.5;0.48771999999999843
0.52;0.5156800000000019;0.24;0.29920000000000085;0.2;0.16656
0.46;0.45823999999999765;0.4;0.44675999999999966;0.34;0.3975599999999999
0.14;0.13739999999999988;0.72;0.7321199999999994;0.22;0.22315999999999964
0.18;0.1860800000000003;0.62;0.64136;0.16;0.1667200000000002
0.44;0.43551999999999863;0.36;0.38376000000000066;0.34;0.3869600000000001
0.58;0.5722400000000011;0.26;0.3323600000000008;0.3;0.3025999999999999
0.76;0.7913999999999981;0.12;0.15411999999999998;0.14;0.18219999999999992
0.34;0.3370800000000004;0.62;0.5365199999999992;0.3;0.2492800000000004
0.5;0.4861600000000002;0.24;0.2816000000000003;0.48;0.4205200000000002
0.22;0.21840000000000057;0.54;0.5092800000000003;0.38;0.3378399999999998
0.4;0.384480000000002;0.3;0.3146400000000001;0.5;0.45187999999999934
0.34;0.3571600000000011;0.58;0.50144;0.18;0.2061599999999999
0.34;0.3324400000000007;0.2;0.2133200000000002;0.26;0.23011999999999966
0.62;0.6169199999999985;0.22;0.22560000000000027;0.4;0.41076000000000035
0.62;0.6257199999999981;0.36;0.3058000000000002;0.32;0.32532000000000066
0.58;0.5904399999999995;0.14;0.12799999999999992;0.26;0.3059599999999999
0.7;0.697599999999998;0.2;0.2177600000000005;0.28;0.29068000000000016
0.46;0.4503599999999994;0.14;0.14747999999999986;0.12;0.17695999999999998
0.16;0.16008000000000006;0.48;0.5177200000000008;0.2;0.22871999999999998
0.46;0.46659999999999924;0.14;0.1328399999999999;0.1;0.14696000000000004
0.64;0.6282800000000006;0.12;0.1339599999999999;0.4;0.34759999999999996
0.18;0.16884000000000024;0.42;0.43683999999999995;0.28;0.27423999999999993
0.12;0.12487999999999995;0.5;0.517320000000001;0.22;0.2522799999999997
0.36;0.36184000000000105;0.52;0.5512800000000002;0.48;0.45719999999999905
0.42;0.4563599999999995;0.18;0.14723999999999987;0.16;0.2043999999999997
0.44;0.4722000000000002;0.22;0.19324000000000052;0.14;0.16475999999999993
0.32;0.3118000000000009;0.26;0.26724;0.46;0.44680000000000053
0.74;0.7477599999999986;0.24;0.18696000000000024;0.2;0.22903999999999997
0.38;0.38736000000000176;0.58;0.5336800000000007;0.22;0.2544399999999999
0.48;0.48419999999999863;0.38;0.3871200000000001;0.1;0.11328000000000005
0.12;0.14931999999999984;0.56;0.61332;0.1;0.11564000000000005
0.14;0.1405999999999999;0.4;0.4035200000000009;0.5;0.48643999999999854
0.78;0.7995999999999992;0.16;0.13975999999999988;0.3;0.37691999999999987
0.42;0.41507999999999984;0.26;0.24616000000000068;0.34;0.3957599999999998
0.56;0.5479600000000011;0.28;0.30668000000000045;0.28;0.2797199999999998
0.22;0.2141600000000004;0.56;0.57456;0.38;0.36848
0.18;0.18952000000000024;0.36;0.3335200000000001;0.34;0.3798399999999993
0.44;0.4114400000000003;0.28;0.32820000000000005;0.34;0.32495999999999997
0.74;0.7207199999999969;0.16;0.2166000000000004;0.48;0.42851999999999935
0.1;0.11519999999999996;0.28;0.27124000000000004;0.4;0.40172000000000063
0.44;0.4448399999999984;0.22;0.21496000000000048;0.26;0.27035999999999955
0.26;0.2644799999999997;0.5;0.5685199999999998;0.32;0.3882399999999998
0.52;0.5427600000000012;0.34;0.2966400000000005;0.12;0.10795999999999999
0.64;0.6310399999999984;0.28;0.2518800000000004;0.26;0.27771999999999963
0.52;0.5351200000000018;0.38;0.35616000000000003;0.32;0.3287200000000004
0.32;0.3208000000000004;0.38;0.37436000000000097;0.34;0.3424399999999999
0.28;0.27784;0.6;0.5715599999999995;0.3;0.2796399999999998
0.56;0.5578800000000012;0.4;0.3208800000000003;0.2;0.21239999999999998
0.22;0.2170400000000004;0.58;0.5589599999999996;0.42;0.3867599999999997
0.24;0.24104000000000086;0.28;0.28784000000000065;0.44;0.42383999999999933
0.78;0.7584399999999992;0.12;0.18312000000000028;0.44;0.33244
0.3;0.33204000000000006;0.28;0.24788000000000074;0.1;0.14272
0.4;0.364040000000001;0.1;0.12807999999999994;0.18;0.17375999999999978
0.1;0.12195999999999994;0.18;0.14999999999999988;0.28;0.32628000000000024
0.62;0.5982399999999988;0.1;0.10935999999999997;0.5;0.44203999999999954
0.56;0.5668800000000006;0.42;0.3506800000000008;0.5;0.48067999999999833
0.34;0.34292000000000084;0.6;0.5635199999999997;0.36;0.3404000000000002
0.74;0.7593999999999991;0.18;0.16940000000000022;0.12;0.1555999999999999
0.76;0.7659999999999986;0.12;0.16099999999999998;0.16;0.16268000000000013
0.18;0.18504000000000037;0.48;0.5410000000000006;0.24;0.30960000000000004
0.64;0.6366399999999974;0.2;0.2532000000000001;0.44;0.4167600000000012
0.38;0.31072000000000066;0.1;0.13775999999999988;0.18;0.2711600000000002
0.24;0.22848000000000088;0.64;0.6086399999999994;0.2;0.17792000000000016
0.34;0.3343200000000005;0.5;0.5594799999999992;0.1;0.10984000000000001
0.12;0.1301999999999999;0.74;0.7698799999999988;0.48;0.4855199999999984
0.52;0.5255200000000023;0.28;0.2883600000000005;0.5;0.47071999999999925
0.38;0.3761200000000023;0.5;0.5510400000000005;0.42;0.43919999999999976
0.36;0.3511600000000007;0.14;0.1366399999999999;0.32;0.3156800000000002
0.26;0.2618799999999999;0.4;0.4633199999999998;0.14;0.17832000000000015
0.26;0.2517200000000003;0.7;0.578200000000001;0.26;0.21859999999999977
0.22;0.22904000000000058;0.5;0.4724799999999998;0.46;0.40207999999999977
0.34;0.3427200000000006;0.12;0.11891999999999994;0.46;0.468039999999999
0.56;0.5591200000000003;0.22;0.2750000000000008;0.36;0.3620000000000001
0.26;0.2558400000000002;0.72;0.6292799999999986;0.22;0.20595999999999984
0.5;0.49308000000000074;0.14;0.15175999999999987;0.4;0.3504399999999998
0.3;0.3002000000000014;0.62;0.6364399999999989;0.48;0.4719999999999988
0.34;0.3417200000000005;0.3;0.2961200000000013;0.48;0.4754799999999989
0.5;0.48559999999999914;0.28;0.35740000000000033;0.14;0.13451999999999997
0.22;0.23228000000000087;0.4;0.3787600000000012;0.24;0.24932000000000012
0.32;0.3243200000000002;0.52;0.4888799999999996;0.48;0.43691999999999975
0.66;0.6732400000000005;0.3;0.25632000000000044;0.32;0.3328800000000007
0.14;0.14851999999999987;0.52;0.5003600000000001;0.34;0.35368000000000005
0.16;0.16564000000000006;0.36;0.3613600000000005;0.5;0.472919999999999
0.54;0.5550400000000008;0.14;0.1295199999999999;0.26;0.2429999999999998
0.14;0.13351999999999992;0.7;0.7601999999999975;0.38;0.4050800000000006
0.2;0.19300000000000034;0.54;0.5796399999999996;0.2;0.21355999999999992
0.34;0.3406800000000003;0.28;0.27012000000000064;0.34;0.3687999999999997
0.52;0.5114800000000017;0.16;0.1682400000000002;0.32;0.28719999999999984
0.22;0.21856000000000056;0.46;0.46931999999999896;0.42;0.4293999999999999
0.58;0.5660800000000004;0.2;0.2695600000000005;0.38;0.38179999999999936
0.5;0.48291999999999957;0.24;0.29348000000000035;0.22;0.1898000000000002
0.26;0.2616400000000002;0.2;0.18712000000000029;0.26;0.27375999999999967
0.48;0.4706399999999978;0.26;0.29463999999999996;0.42;0.4261999999999997
0.14;0.14227999999999988;0.7;0.7066399999999994;0.22;0.22207999999999967
0.28;0.27907999999999933;0.68;0.6320799999999992;0.48;0.44195999999999946
0.64;0.6353999999999981;0.26;0.27940000000000015;0.3;0.30720000000000003
0.16;0.15724000000000002;0.34;0.34144000000000047;0.44;0.4384400000000007
0.44;0.4560399999999981;0.22;0.20944000000000032;0.24;0.2508400000000003
0.68;0.6800800000000022;0.14;0.1387999999999999;0.24;0.2619599999999999
0.36;0.3624400000000013;0.34;0.34075999999999995;0.24;0.24964000000000003
0.48;0.48023999999999956;0.24;0.2313600000000008;0.32;0.3579199999999998
0.14;0.14607999999999988;0.62;0.6149599999999993;0.44;0.44683999999999974
0.26;0.2575600000000002;0.38;0.40780000000000044;0.34;0.3701999999999998
0.5;0.49716000000000105;0.32;0.3487200000000003;0.42;0.40192000000000033
0.44;0.4456799999999988;0.24;0.2302400000000006;0.24;0.2635599999999999
0.12;0.13171999999999992;0.48;0.455839999999999;0.38;0.35799999999999943
0.6;0.5941999999999987;0.24;0.27632000000000034;0.42;0.421400000000001
0.74;0.7275599999999979;0.2;0.19380000000000033;0.14;0.14095999999999992
0.7;0.6971999999999995;0.22;0.20288000000000062;0.38;0.38755999999999935
0.52;0.5193200000000026;0.34;0.40115999999999996;0.42;0.41275999999999974
0.4;0.2786800000000006;0.1;0.18260000000000018;0.16;0.17659999999999987
0.3;0.29756000000000027;0.22;0.2019600000000006;0.34;0.3909199999999999
0.66;0.6740800000000002;0.14;0.1281599999999999;0.38;0.4079600000000001
0.32;0.32676000000000016;0.66;0.5489600000000008;0.14;0.12844000000000005
0.36;0.36160000000000136;0.6;0.53124;0.26;0.25188000000000005
0.2;0.2108000000000003;0.34;0.3208000000000002;0.1;0.13311999999999996
0.16;0.16160000000000005;0.58;0.5437200000000008;0.2;0.18580000000000024
0.14;0.14375999999999986;0.74;0.7336399999999986;0.16;0.15287999999999996
0.7;0.690479999999999;0.18;0.21236000000000055;0.32;0.3386800000000005
0.44;0.448479999999998;0.38;0.40560000000000024;0.38;0.4120799999999997
0.7;0.7084399999999972;0.28;0.23172000000000062;0.46;0.479559999999999
0.6;0.6012799999999983;0.26;0.25800000000000034;0.36;0.3755999999999996
0.28;0.28392000000000017;0.68;0.5832399999999994;0.14;0.12004000000000006
0.3;0.28248000000000045;0.1;0.11827999999999994;0.28;0.22596
0.1;0.11051999999999998;0.76;0.8127599999999993;0.2;0.20539999999999975
0.66;0.6601200000000002;0.2;0.22236000000000045;0.48;0.48079999999999884
0.22;0.21576000000000042;0.46;0.48200000000000043;0.26;0.27475999999999984
0.68;0.6893999999999985;0.22;0.20872000000000035;0.38;0.3956400000000004
0.26;0.27083999999999975;0.26;0.24600000000000072;0.18;0.19731999999999972
0.4;0.40420000000000084;0.5;0.4696800000000008;0.16;0.14159999999999998
0.42;0.42595999999999906;0.22;0.2210000000000007;0.34;0.3230000000000003
0.42;0.4090000000000003;0.3;0.33096000000000003;0.18;0.17616000000000018
0.3;0.32208000000000025;0.28;0.2602000000000004;0.12;0.14503999999999995
0.22;0.2149600000000004;0.56;0.5538400000000006;0.44;0.4395199999999992
0.16;0.1792800000000002;0.5;0.5055200000000003;0.2;0.22292000000000015
0.68;0.6956000000000004;0.28;0.2247600000000004;0.12;0.12964000000000003
0.26;0.26012000000000013;0.38;0.4544000000000013;0.2;0.27104000000000017
0.36;0.3592800000000012;0.54;0.5347199999999998;0.16;0.15419999999999998
0.6;0.5966799999999995;0.26;0.2680000000000004;0.38;0.39216
0.3;0.2967600000000007;0.1;0.11187999999999997;0.36;0.28540000000000004
0.1;0.12955999999999993;0.18;0.15387999999999996;0.24;0.26368
0.18;0.1844000000000004;0.58;0.5837600000000002;0.42;0.43439999999999923
0.16;0.16172000000000009;0.4;0.39816000000000124;0.22;0.2221999999999998
0.32;0.38735999999999937;0.52;0.42576000000000025;0.5;0.39023999999999964
0.12;0.12315999999999994;0.58;0.5360400000000012;0.5;0.40768000000000015
0.2;0.1964800000000004;0.46;0.47051999999999994;0.4;0.4398800000000003
0.24;0.31204000000000026;0.26;0.19380000000000036;0.1;0.13372000000000003
0.16;0.16028000000000014;0.28;0.3064800000000008;0.38;0.3232
0.38;0.3791200000000021;0.38;0.3835600000000011;0.44;0.4339999999999996
0.24;0.22692000000000082;0.72;0.6299199999999996;0.32;0.2908399999999996
0.32;0.31924000000000063;0.4;0.37940000000000085;0.4;0.34976000000000007
0.34;0.3423600000000008;0.38;0.36596000000000056;0.48;0.4395199999999999
0.36;0.3592400000000013;0.46;0.4453599999999997;0.26;0.24064000000000005
0.34;0.33512000000000075;0.62;0.5761999999999995;0.38;0.3534400000000002
0.14;0.1398799999999999;0.52;0.5371600000000007;0.3;0.3285200000000005
0.58;0.58568;0.38;0.2726800000000006;0.42;0.4365200000000006
0.12;0.12447999999999992;0.46;0.4607599999999984;0.38;0.39415999999999973
0.18;0.18172000000000016;0.4;0.39776000000000067;0.44;0.44212000000000007
0.32;0.3260800000000007;0.54;0.50776;0.34;0.3263600000000001
0.12;0.12523999999999993;0.74;0.7666799999999979;0.32;0.33140000000000036
0.2;0.21096000000000034;0.38;0.44212000000000123;0.18;0.24352000000000004
0.26;0.24308000000000066;0.68;0.6613599999999983;0.12;0.1145200000000001
0.16;0.1686400000000002;0.22;0.20536000000000054;0.3;0.3339199999999995
0.14;0.14455999999999988;0.46;0.5087999999999996;0.16;0.18844000000000044
0.26;0.24864000000000047;0.34;0.3642800000000014;0.5;0.4788799999999986
0.34;0.3315200000000006;0.12;0.1332799999999999;0.4;0.3552000000000001
0.28;0.30124000000000134;0.68;0.6127599999999995;0.24;0.26544
0.24;0.23068000000000052;0.16;0.1772800000000003;0.32;0.27811999999999976
0.22;0.19228000000000012;0.2;0.24128000000000055;0.5;0.41879999999999995
0.12;0.12751999999999994;0.84;0.7772399999999987;0.1;0.1072
0.64;0.6422799999999982;0.3;0.2868000000000005;0.16;0.16508000000000028
0.52;0.5386800000000012;0.14;0.12627999999999995;0.16;0.1590799999999999
0.32;0.32476000000000016;0.26;0.2677600000000002;0.38;0.35916000000000053
0.54;0.5380800000000012;0.12;0.12187999999999993;0.48;0.4563999999999986
0.56;0.5675600000000011;0.12;0.11539999999999996;0.44;0.4400799999999996
0.16;0.14911999999999984;0.76;0.750359999999998;0.18;0.18220000000000042
0.28;0.27591999999999967;0.14;0.1666800000000002;0.38;0.2596800000000002
0.14;0.1407999999999999;0.42;0.41132000000000046;0.4;0.40264000000000033
0.32;0.3304800000000003;0.3;0.291680000000001;0.14;0.13671999999999998
0.28;0.27988000000000024;0.22;0.23096000000000086;0.3;0.2743199999999998
0.54;0.5512400000000012;0.38;0.35392000000000007;0.3;0.26955999999999997
0.1;0.11391999999999995;0.16;0.14811999999999984;0.38;0.36179999999999984
0.34;0.33340000000000036;0.18;0.18396000000000035;0.36;0.34516000000000024
0.34;0.33472000000000024;0.24;0.25188000000000027;0.28;0.24187999999999982
0.36;0.38860000000000117;0.18;0.15740000000000004;0.16;0.1511599999999999
0.28;0.2711599999999998;0.24;0.2665600000000001;0.5;0.4455999999999998
0.86;0.7944799999999991;0.12;0.15264000000000003;0.16;0.14172
0.32;0.32208000000000053;0.52;0.47084000000000037;0.22;0.19163999999999995
0.24;0.23828000000000088;0.6;0.6619199999999993;0.24;0.25072
0.4;0.40264000000000083;0.5;0.4771200000000001;0.18;0.16112000000000007
0.6;0.583319999999999;0.1;0.11883999999999995;0.16;0.174
0.44;0.36232000000000025;0.1;0.16064000000000006;0.18;0.13616
0.7;0.7086399999999977;0.26;0.21100000000000058;0.3;0.3292400000000001
0.3;0.30196000000000156;0.54;0.5283600000000006;0.38;0.3813599999999999
0.46;0.45275999999999805;0.28;0.3119599999999998;0.32;0.29939999999999994
0.16;0.14671999999999985;0.66;0.6663599999999988;0.34;0.3289600000000005
0.18;0.16868000000000025;0.66;0.6903999999999985;0.12;0.12344000000000015
0.74;0.7513200000000007;0.2;0.1896400000000003;0.46;0.4734799999999991
0.1;0.12871999999999992;0.68;0.7057999999999988;0.28;0.3134400000000003
0.12;0.12899999999999992;0.3;0.2901200000000005;0.24;0.2489200000000001
0.32;0.3200000000000005;0.64;0.5882000000000002;0.22;0.21044000000000002
0.64;0.6491600000000024;0.14;0.1298799999999999;0.14;0.17256000000000016
0.42;0.4336799999999985;0.42;0.3940800000000005;0.4;0.39527999999999974
0.32;0.3274800000000004;0.62;0.5733999999999995;0.18;0.19056000000000012
0.3;0.3178400000000001;0.16;0.14835999999999985;0.22;0.22615999999999986
0.1;0.1309599999999999;0.64;0.6201199999999996;0.32;0.33152000000000054
0.5;0.48412000000000005;0.18;0.19312000000000032;0.46;0.4193600000000009
0.22;0.19940000000000047;0.26;0.2829200000000007;0.24;0.21040000000000053
0.62;0.6212399999999976;0.12;0.11911999999999995;0.2;0.16919999999999988
0.18;0.17608000000000035;0.28;0.2944800000000004;0.24;0.21900000000000017
0.52;0.5166000000000026;0.3;0.33236000000000004;0.4;0.4355199999999998
0.3;0.30148000000000164;0.64;0.6144799999999996;0.32;0.31904000000000055
0.56;0.559680000000001;0.34;0.30916000000000066;0.1;0.11836000000000009
0.24;0.26892000000000044;0.12;0.1396799999999999;0.46;0.3395999999999998
0.66;0.6551599999999991;0.2;0.24952000000000046;0.1;0.10519999999999999
0.68;0.6803599999999984;0.16;0.19688000000000055;0.44;0.42428000000000043
0.36;0.36008000000000134;0.34;0.3588400000000002;0.14;0.15379999999999994
0.18;0.1747600000000003;0.56;0.5528400000000009;0.36;0.3370400000000002
0.2;0.1826000000000003;0.68;0.7135999999999987;0.5;0.4712799999999989
0.32;0.3096000000000009;0.48;0.5794400000000002;0.16;0.1606800000000001
0.48;0.48319999999999935;0.36;0.31924000000000036;0.26;0.25012
0.36;0.3578000000000011;0.48;0.5452000000000001;0.1;0.10872000000000001
0.5;0.5065200000000009;0.26;0.3083200000000006;0.14;0.11696000000000004
0.44;0.4473199999999977;0.42;0.39928000000000063;0.44;0.4111200000000004
0.16;0.13423999999999991;0.26;0.30816000000000066;0.18;0.13036
0.22;0.2091600000000004;0.72;0.6399599999999999;0.3;0.2518399999999999
0.3;0.3021200000000011;0.44;0.4748399999999996;0.36;0.41179999999999917
0.18;0.18432000000000037;0.16;0.15619999999999998;0.38;0.4107999999999999
0.24;0.22492000000000043;0.22;0.22724000000000044;0.2;0.18443999999999988
0.14;0.1376399999999999;0.48;0.4852;0.22;0.23903999999999978
0.16;0.16632;0.62;0.6790799999999996;0.34;0.38452000000000036
0.56;0.5651600000000011;0.4;0.36640000000000045;0.38;0.37427999999999967
0.22;0.22652000000000036;0.2;0.19396000000000022;0.12;0.15348
0.52;0.5074000000000022;0.14;0.1513199999999999;0.42;0.3658799999999997
0.14;0.13783999999999988;0.26;0.27788000000000035;0.22;0.1960400000000001
0.82;0.8060399999999992;0.14;0.14127999999999988;0.34;0.3097200000000002
0.14;0.14319999999999988;0.5;0.5582799999999998;0.14;0.16996000000000006
0.34;0.3398000000000007;0.34;0.35052000000000005;0.44;0.4374799999999993
0.54;0.5116000000000015;0.1;0.12083999999999996;0.28;0.21264000000000002
0.1;0.12399999999999994;0.7;0.6866799999999993;0.14;0.13108000000000003
0.26;0.2538000000000001;0.4;0.4255599999999995;0.4;0.45119999999999993
0.18;0.1723200000000002;0.62;0.622639999999999;0.28;0.2862
0.3;0.3104000000000011;0.6;0.56148;0.3;0.3045200000000001
0.14;0.15339999999999995;0.36;0.3314400000000005;0.32;0.3549200000000003
0.22;0.2296800000000007;0.42;0.5703199999999992;0.18;0.31520000000000004
0.16;0.15620000000000003;0.76;0.722639999999999;0.28;0.2714399999999995
0.6;0.6177999999999996;0.18;0.16256000000000012;0.26;0.28023999999999927
0.74;0.7533199999999987;0.22;0.18720000000000037;0.28;0.31727999999999995
0.18;0.18180000000000013;0.4;0.3956400000000012;0.4;0.3994399999999995
0.32;0.3207200000000006;0.26;0.24496000000000065;0.26;0.28983999999999976
0.28;0.2815599999999998;0.38;0.40972000000000064;0.34;0.3617200000000002
0.26;0.2525200000000003;0.7;0.6656399999999998;0.4;0.37732
0.34;0.3470800000000005;0.36;0.34012000000000037;0.22;0.19816000000000014
0.52;0.5132400000000025;0.24;0.2879200000000005;0.48;0.42959999999999987
0.2;0.19480000000000047;0.72;0.7119199999999979;0.16;0.1602400000000001
0.66;0.6725600000000004;0.26;0.2511200000000005;0.38;0.3649200000000001
0.22;0.21652000000000055;0.38;0.5225600000000008;0.16;0.24555999999999986
0.46;0.44439999999999785;0.12;0.12683999999999993;0.5;0.474239999999999
0.34;0.32796000000000025;0.54;0.47163999999999995;0.28;0.21100000000000002
0.42;0.4325599999999992;0.2;0.19756000000000057;0.36;0.34096000000000004
0.22;0.21524000000000032;0.6;0.6176399999999989;0.32;0.31232000000000004
0.5;0.5027200000000023;0.48;0.3864800000000006;0.22;0.22391999999999984
0.8;0.7845200000000002;0.16;0.15435999999999994;0.16;0.13831999999999997
0.32;0.32292000000000043;0.12;0.11331999999999998;0.44;0.44463999999999937
0.16;0.15720000000000003;0.8;0.7285199999999984;0.16;0.14692
0.4;0.3974400000000013;0.16;0.15996000000000007;0.28;0.27156000000000025
0.12;0.1282799999999999;0.32;0.3109200000000005;0.44;0.45163999999999954
0.28;0.28512000000000004;0.48;0.5132400000000007;0.22;0.2454
