l1_test;l1_pred;l2_test;l2_pred;beta_test;beta_pred;
0.24;0.24149055778980255;0.1;0.10939179360866547;0.3;0.26205921173095703
0.2;0.1979713886976242;0.64;0.6507201194763184;0.22;0.2145710438489914
0.7;0.714779257774353;0.12;0.09740709513425827;0.32;0.3290627896785736
0.66;0.6553357839584351;0.22;0.221222385764122;0.34;0.3431006371974945
0.34;0.3485599160194397;0.62;0.6171804070472717;0.5;0.47639769315719604
0.3;0.29838988184928894;0.66;0.6552809476852417;0.12;0.1336679458618164
0.38;0.354922354221344;0.1;0.10762976109981537;0.26;0.20865459740161896
0.24;0.2371862381696701;0.74;0.6982474327087402;0.26;0.25505146384239197
0.46;0.45244744420051575;0.42;0.41249990463256836;0.32;0.30339711904525757
0.52;0.5363489389419556;0.28;0.2671956419944763;0.42;0.4334617257118225
0.68;0.6538161635398865;0.24;0.25253212451934814;0.4;0.38629260659217834
0.42;0.42093032598495483;0.52;0.5297294855117798;0.36;0.3621119558811188
0.68;0.660942792892456;0.26;0.24354828894138336;0.32;0.3095175325870514
0.24;0.24616758525371552;0.68;0.6947804093360901;0.36;0.353976309299469
0.36;0.35593459010124207;0.38;0.36926838755607605;0.2;0.20109501481056213
0.18;0.18826575577259064;0.18;0.17379100620746613;0.32;0.3209473192691803
0.1;0.1245037391781807;0.52;0.5088101029396057;0.1;0.07728064060211182
0.1;0.10533250123262405;0.7;0.6932078003883362;0.28;0.26212549209594727
0.58;0.5686801671981812;0.24;0.231117382645607;0.4;0.39307984709739685
0.34;0.3415178060531616;0.32;0.341978520154953;0.34;0.33411064743995667
0.3;0.29141148924827576;0.58;0.6124106645584106;0.18;0.18753290176391602
0.26;0.2634139657020569;0.34;0.3708811104297638;0.18;0.18603241443634033
0.5;0.5063520073890686;0.16;0.1687358319759369;0.32;0.3405798077583313
0.32;0.3214114308357239;0.38;0.39731183648109436;0.46;0.4638562798500061
0.1;0.11805737763643265;0.38;0.36458101868629456;0.2;0.20552471280097961
0.66;0.6270295977592468;0.32;0.3050250709056854;0.38;0.36153507232666016
0.46;0.46993741393089294;0.2;0.21017152070999146;0.46;0.4573306441307068
0.52;0.5192103385925293;0.36;0.3447379171848297;0.36;0.3534669876098633
0.36;0.38250401616096497;0.22;0.1924591064453125;0.4;0.42234793305397034
0.14;0.1373635232448578;0.76;0.7801854014396667;0.16;0.15612301230430603
0.12;0.12844012677669525;0.52;0.5364314317703247;0.36;0.3658551275730133
0.24;0.2321290671825409;0.34;0.3891694247722626;0.48;0.4870359003543854
0.36;0.35685423016548157;0.56;0.588074266910553;0.46;0.45248714089393616
0.18;0.18299832940101624;0.2;0.20238463580608368;0.34;0.3168615400791168
0.82;0.8214077353477478;0.1;0.10954783856868744;0.38;0.3708651661872864
0.16;0.16402548551559448;0.66;0.6725833415985107;0.12;0.11748091876506805
0.24;0.2341027855873108;0.66;0.67379230260849;0.2;0.19292044639587402
0.42;0.43104395270347595;0.24;0.23776981234550476;0.18;0.18416891992092133
0.4;0.3950880765914917;0.54;0.5574747920036316;0.48;0.46432846784591675
0.28;0.30362173914909363;0.32;0.2988416254520416;0.2;0.21770071983337402
0.22;0.22405263781547546;0.74;0.7337373495101929;0.32;0.32080692052841187
0.5;0.5213597416877747;0.48;0.42029765248298645;0.12;0.10350029170513153
0.76;0.7466652393341064;0.14;0.16498221457004547;0.24;0.2071959525346756
0.38;0.3834111988544464;0.18;0.16972392797470093;0.3;0.3117219805717468
0.1;0.10009351372718811;0.58;0.5951775908470154;0.5;0.47826942801475525
0.86;0.800761878490448;0.1;0.10983264446258545;0.14;0.11475560814142227
0.4;0.4019986391067505;0.58;0.5473822951316833;0.22;0.21833840012550354
0.12;0.1381983608007431;0.34;0.3173372745513916;0.5;0.5142773389816284
0.14;0.14670448005199432;0.52;0.5344538688659668;0.44;0.4234893321990967
0.34;0.3379509449005127;0.16;0.14221273362636566;0.36;0.3862280249595642
0.46;0.45670440793037415;0.34;0.32434606552124023;0.16;0.16098113358020782
0.2;0.2052047699689865;0.38;0.4022176265716553;0.22;0.21454167366027832
0.48;0.4826025366783142;0.48;0.47577667236328125;0.5;0.4790802597999573
0.16;0.16615226864814758;0.28;0.27147990465164185;0.24;0.24836687743663788
0.12;0.12701471149921417;0.64;0.637048602104187;0.36;0.34257593750953674
0.2;0.20417286455631256;0.4;0.42728865146636963;0.26;0.24186810851097107
0.36;0.35041260719299316;0.4;0.44011786580085754;0.38;0.3936500549316406
0.64;0.6326216459274292;0.22;0.25380414724349976;0.12;0.10309518873691559
0.56;0.5683518052101135;0.26;0.24091248214244843;0.3;0.30156415700912476
0.24;0.24080216884613037;0.3;0.27805373072624207;0.12;0.15372787415981293
0.3;0.29755130410194397;0.5;0.5229615569114685;0.14;0.14516131579875946
0.6;0.6002880930900574;0.36;0.3358011841773987;0.26;0.24914154410362244
0.6;0.5973532199859619;0.28;0.2982441186904907;0.16;0.15174908936023712
0.18;0.19123665988445282;0.34;0.3309958875179291;0.24;0.24695034325122833
0.12;0.1246664822101593;0.56;0.5727135539054871;0.16;0.14845605194568634
0.28;0.27784401178359985;0.54;0.5272431969642639;0.48;0.45758479833602905
0.52;0.5349840521812439;0.12;0.1128314733505249;0.4;0.4212895333766937
0.16;0.16497834026813507;0.8;0.7844337224960327;0.24;0.22676411271095276
0.76;0.7736966013908386;0.2;0.1415351927280426;0.16;0.16618606448173523
0.54;0.5413175225257874;0.42;0.40048879384994507;0.18;0.16108927130699158
0.14;0.13172928988933563;0.26;0.25561225414276123;0.14;0.1038169264793396
0.56;0.5588051080703735;0.3;0.3108731806278229;0.14;0.13133592903614044
0.24;0.24269415438175201;0.54;0.5790166854858398;0.12;0.13163107633590698
0.12;0.1311664879322052;0.2;0.1764388084411621;0.24;0.283519446849823
0.4;0.3937293291091919;0.52;0.5498915910720825;0.36;0.36334672570228577
0.44;0.4619314670562744;0.24;0.23367640376091003;0.22;0.21939416229724884
0.28;0.2916821539402008;0.66;0.6635254621505737;0.46;0.439300537109375
0.38;0.38790881633758545;0.54;0.5645641088485718;0.24;0.2512189745903015
0.22;0.22545814514160156;0.46;0.47091713547706604;0.2;0.19916172325611115
0.6;0.588398814201355;0.3;0.30057111382484436;0.48;0.4741837978363037
0.18;0.18604445457458496;0.58;0.5872365236282349;0.34;0.3331950604915619
0.48;0.47597700357437134;0.36;0.35099250078201294;0.34;0.3345445692539215
0.12;0.12744978070259094;0.58;0.5718310475349426;0.36;0.34022241830825806
0.4;0.40131527185440063;0.36;0.3690554201602936;0.3;0.3039581775665283
0.52;0.4965825080871582;0.1;0.10997601598501205;0.22;0.1938466727733612
0.6;0.5972899794578552;0.34;0.34002235531806946;0.38;0.37413686513900757
0.1;0.09418073296546936;0.16;0.162994846701622;0.4;0.41326600313186646
0.52;0.5218702554702759;0.44;0.42625322937965393;0.44;0.4230864644050598
0.46;0.46130916476249695;0.38;0.3615935742855072;0.26;0.25959187746047974
0.3;0.3125636875629425;0.18;0.15568016469478607;0.12;0.16526322066783905
0.18;0.2014225870370865;0.14;0.13100934028625488;0.5;0.5315582752227783
0.5;0.517363965511322;0.12;0.10361198335886002;0.32;0.32777470350265503
0.18;0.17691056430339813;0.5;0.5163359642028809;0.28;0.2668931484222412
0.12;0.14033818244934082;0.16;0.13489459455013275;0.18;0.25359782576560974
0.5;0.4993036687374115;0.46;0.45142674446105957;0.5;0.4661913812160492
0.34;0.3393760323524475;0.56;0.5907000303268433;0.34;0.350482702255249
0.26;0.27214980125427246;0.32;0.3327883183956146;0.28;0.3057534992694855
0.44;0.4159333109855652;0.32;0.35496968030929565;0.12;0.11180472373962402
0.3;0.30163612961769104;0.24;0.2317516803741455;0.22;0.23705387115478516
0.62;0.611736536026001;0.28;0.29689714312553406;0.24;0.23496516048908234
0.52;0.5197822451591492;0.44;0.4323890507221222;0.3;0.2828705608844757
0.44;0.44584551453590393;0.36;0.3572503626346588;0.24;0.24488000571727753
0.16;0.16113977134227753;0.78;0.7881317734718323;0.42;0.40177398920059204
0.2;0.1962643414735794;0.52;0.5253764390945435;0.32;0.3193736672401428
0.8;0.8060820698738098;0.16;0.1264897882938385;0.44;0.4560207426548004
0.16;0.1628607213497162;0.36;0.3391297459602356;0.18;0.18307258188724518
0.36;0.3600102365016937;0.46;0.46174734830856323;0.32;0.3335708975791931
0.26;0.26813846826553345;0.66;0.6806093454360962;0.46;0.4412062168121338
0.26;0.24295194447040558;0.72;0.6992131471633911;0.14;0.13756176829338074
0.12;0.13141167163848877;0.3;0.28030291199684143;0.34;0.35323119163513184
0.12;0.12838390469551086;0.7;0.6962887644767761;0.24;0.2295157015323639
0.16;0.1583254039287567;0.5;0.5009965896606445;0.28;0.26234954595565796
0.1;0.12190022319555283;0.38;0.3588218688964844;0.24;0.24639706313610077
0.22;0.2175503671169281;0.74;0.7129621505737305;0.1;0.08441038429737091
0.54;0.5478917360305786;0.2;0.17783142626285553;0.5;0.49032163619995117
0.16;0.1595100313425064;0.24;0.2364715337753296;0.32;0.3174322247505188
0.4;0.38597604632377625;0.3;0.29567474126815796;0.26;0.25610390305519104
0.14;0.13748197257518768;0.1;0.10593147575855255;0.22;0.1692732274532318
0.38;0.37412112951278687;0.4;0.4243846833705902;0.44;0.447584867477417
0.18;0.1862647533416748;0.6;0.6390645503997803;0.1;0.09710793197154999
0.36;0.3503425717353821;0.4;0.4608916938304901;0.1;0.09636999666690826
0.18;0.18283522129058838;0.62;0.6144172549247742;0.38;0.37445196509361267
0.2;0.20975089073181152;0.22;0.2222021520137787;0.34;0.34982410073280334
0.38;0.381489098072052;0.22;0.2151823192834854;0.16;0.1780635416507721
0.1;0.10158411413431168;0.8;0.8111646175384521;0.3;0.2822589576244354
0.12;0.10419011116027832;0.14;0.15051275491714478;0.4;0.3867926001548767
0.12;0.13165204226970673;0.12;0.10538237541913986;0.12;0.1501147449016571
0.32;0.3230155408382416;0.34;0.36897554993629456;0.2;0.20752830803394318
0.66;0.6324983239173889;0.2;0.18490169942378998;0.46;0.454323947429657
0.2;0.20165176689624786;0.66;0.6758469343185425;0.34;0.3429989218711853
0.26;0.25671929121017456;0.56;0.5607439279556274;0.38;0.3780122399330139
0.56;0.5595995187759399;0.38;0.3811975419521332;0.2;0.18765363097190857
0.34;0.36000287532806396;0.24;0.21035397052764893;0.1;0.1295812875032425
0.36;0.36150112748146057;0.3;0.3064298629760742;0.22;0.21303129196166992
0.3;0.30706506967544556;0.66;0.6556249856948853;0.34;0.3461638391017914
0.28;0.2782401144504547;0.14;0.1349038928747177;0.26;0.28692808747291565
0.12;0.10487718880176544;0.1;0.1295471340417862;0.42;0.3120080530643463
0.16;0.1686524599790573;0.26;0.2503208518028259;0.44;0.45668405294418335
0.62;0.6070799231529236;0.22;0.21946753561496735;0.36;0.3510165214538574
0.6;0.5998350381851196;0.36;0.3417102098464966;0.36;0.3527345657348633
0.24;0.23690173029899597;0.7;0.6956174969673157;0.24;0.23455257713794708
0.1;0.10180853307247162;0.56;0.5827515721321106;0.5;0.4864419400691986
0.2;0.21392066776752472;0.38;0.4243674874305725;0.44;0.45341747999191284
0.22;0.2188306301832199;0.76;0.7019064426422119;0.18;0.16914954781532288
0.28;0.28763946890830994;0.28;0.2665990889072418;0.14;0.16329121589660645
0.6;0.590916097164154;0.24;0.269605815410614;0.12;0.1113794595003128
0.1;0.10058759897947311;0.64;0.6158851981163025;0.24;0.21870222687721252
0.62;0.6177163124084473;0.32;0.3149985074996948;0.22;0.21582536399364471
0.26;0.2688060700893402;0.16;0.13714967668056488;0.14;0.16950801014900208
0.38;0.36725884675979614;0.46;0.47669553756713867;0.4;0.4054303765296936
0.2;0.20356103777885437;0.68;0.7004591822624207;0.36;0.3645870089530945
0.22;0.21597330272197723;0.66;0.6792764663696289;0.24;0.23214277625083923
0.72;0.7086483836174011;0.26;0.21428844332695007;0.46;0.4597460627555847
0.66;0.6525260806083679;0.22;0.21227136254310608;0.4;0.4024888873100281
0.32;0.3145265281200409;0.56;0.5876892805099487;0.42;0.4113899767398834
0.5;0.4841277301311493;0.28;0.33784258365631104;0.1;0.0887523666024208
0.32;0.3191030025482178;0.6;0.6257995367050171;0.4;0.398768812417984
0.28;0.2924727201461792;0.36;0.3532397747039795;0.24;0.23761606216430664
0.16;0.17050674557685852;0.14;0.1098199412226677;0.16;0.23769673705101013
0.34;0.3451288342475891;0.32;0.3362111449241638;0.3;0.289663702249527
0.38;0.3749678432941437;0.5;0.5326273441314697;0.28;0.2899308502674103
0.36;0.35840702056884766;0.4;0.4083659052848816;0.26;0.26423320174217224
0.4;0.3922998905181885;0.44;0.4513172507286072;0.36;0.3623930811882019
0.64;0.6305563449859619;0.3;0.30800431966781616;0.44;0.43310680985450745
0.12;0.1253454089164734;0.24;0.20774737000465393;0.26;0.2875808775424957
0.3;0.29445016384124756;0.52;0.5244014859199524;0.28;0.27523353695869446
0.68;0.6709226369857788;0.22;0.23680685460567474;0.18;0.16188856959342957
0.2;0.19649414718151093;0.5;0.5090063810348511;0.32;0.3131205141544342
0.14;0.13916081190109253;0.3;0.2806380093097687;0.16;0.15625259280204773
0.66;0.6685437560081482;0.12;0.1040119081735611;0.24;0.22842803597450256
0.78;0.780413031578064;0.18;0.14124761521816254;0.46;0.44410640001296997
0.38;0.3752725124359131;0.44;0.44840189814567566;0.28;0.2850664258003235
0.44;0.4391200840473175;0.4;0.3905896544456482;0.28;0.2740076184272766
0.72;0.7074659466743469;0.18;0.1901416778564453;0.42;0.3939964175224304
0.32;0.3129661977291107;0.5;0.4993361532688141;0.3;0.30332621932029724
0.28;0.2529272437095642;0.1;0.1179346963763237;0.2;0.16002830862998962
0.34;0.35800233483314514;0.26;0.25814688205718994;0.38;0.3796054720878601
0.12;0.11668552458286285;0.7;0.6856150031089783;0.38;0.3658614158630371
0.44;0.4443586468696594;0.24;0.2583048641681671;0.36;0.34964078664779663
0.44;0.4362633526325226;0.54;0.5229957699775696;0.38;0.38169899582862854
0.28;0.30129653215408325;0.26;0.23025046288967133;0.1;0.1319422423839569
0.2;0.20832936465740204;0.36;0.38830801844596863;0.16;0.16091719269752502
0.1;0.09600885212421417;0.14;0.15620604157447815;0.4;0.3864652216434479
0.34;0.36965370178222656;0.28;0.2555411458015442;0.24;0.2618087828159332
0.84;0.8385300636291504;0.1;0.10273535549640656;0.44;0.40702468156814575
0.34;0.33465635776519775;0.34;0.3563868999481201;0.42;0.4203804135322571
0.54;0.5429860949516296;0.32;0.30348002910614014;0.2;0.19284917414188385
0.32;0.3127768933773041;0.18;0.19032509624958038;0.42;0.4340015947818756
0.74;0.7190752029418945;0.1;0.09188946336507797;0.1;0.09829672425985336
0.28;0.2773561477661133;0.56;0.5600899457931519;0.48;0.45448213815689087
0.1;0.09889976680278778;0.84;0.833568274974823;0.28;0.26389265060424805
0.14;0.13786864280700684;0.84;0.8037787675857544;0.44;0.41410645842552185
0.44;0.4318992793560028;0.5;0.5134831666946411;0.26;0.25159627199172974
0.36;0.3695680797100067;0.58;0.5992217659950256;0.28;0.29618239402770996
0.28;0.2751941978931427;0.7;0.6746138334274292;0.2;0.2115512192249298
0.4;0.3954841196537018;0.56;0.5622357726097107;0.5;0.47871917486190796
0.16;0.1553882509469986;0.76;0.7588359117507935;0.14;0.13686683773994446
0.26;0.2786940932273865;0.28;0.2487267404794693;0.1;0.13573317229747772
0.1;0.10313228517770767;0.8;0.8074150085449219;0.28;0.2645546495914459
0.46;0.48067164421081543;0.14;0.11394791305065155;0.18;0.2163000851869583
0.32;0.32384225726127625;0.14;0.12749876081943512;0.2;0.22157546877861023
0.4;0.3929157257080078;0.22;0.22588738799095154;0.28;0.2870839834213257
0.26;0.2668769955635071;0.14;0.11908401548862457;0.44;0.4416680932044983
0.34;0.3347732424736023;0.38;0.39353689551353455;0.44;0.4409690499305725
0.6;0.5980309247970581;0.32;0.32597029209136963;0.28;0.27124205231666565
0.16;0.17202141880989075;0.26;0.2509576082229614;0.34;0.34661221504211426
0.1;0.10402430593967438;0.24;0.22670237720012665;0.22;0.23576883971691132
0.16;0.17186813056468964;0.12;0.10526174306869507;0.28;0.27926093339920044
0.14;0.13363918662071228;0.82;0.7767850756645203;0.12;0.10549867153167725
0.3;0.29087331891059875;0.1;0.10195602476596832;0.38;0.3738892078399658
0.34;0.35136884450912476;0.28;0.27946901321411133;0.16;0.17233115434646606
0.28;0.2840310335159302;0.3;0.29888302087783813;0.3;0.32975608110427856
0.32;0.3196171820163727;0.26;0.2467578500509262;0.28;0.3014895021915436
0.28;0.2885160744190216;0.66;0.6682865619659424;0.34;0.3369223177433014
0.72;0.7224376797676086;0.26;0.19436897337436676;0.36;0.3644271492958069
0.1;0.10544782131910324;0.3;0.28484049439430237;0.26;0.2593395709991455
0.14;0.14923502504825592;0.68;0.6814681887626648;0.22;0.21110406517982483
0.2;0.21623556315898895;0.32;0.3085704743862152;0.36;0.38303476572036743
0.12;0.1294824481010437;0.32;0.2913610339164734;0.14;0.132761150598526
0.8;0.812127411365509;0.12;0.10712502151727676;0.16;0.1711307317018509
0.2;0.199314147233963;0.72;0.7382701635360718;0.24;0.23002099990844727
0.32;0.32062992453575134;0.18;0.1647215187549591;0.26;0.2730579376220703
0.32;0.32444632053375244;0.4;0.4117853343486786;0.48;0.48026400804519653
0.16;0.16950230300426483;0.44;0.4569352865219116;0.36;0.3546828329563141
0.62;0.615352988243103;0.28;0.28687646985054016;0.36;0.35920071601867676
0.12;0.13263478875160217;0.34;0.3278055191040039;0.24;0.25137144327163696
0.52;0.5216245055198669;0.46;0.42548999190330505;0.5;0.47218042612075806
0.18;0.18366289138793945;0.78;0.7522335052490234;0.22;0.20535793900489807
0.42;0.4230804741382599;0.38;0.379000186920166;0.4;0.3966521620750427
0.4;0.38868284225463867;0.32;0.32775184512138367;0.44;0.4475572109222412
0.24;0.23937539756298065;0.46;0.48272615671157837;0.14;0.1338164508342743
0.44;0.4329777956008911;0.3;0.3124266266822815;0.26;0.25683721899986267
0.4;0.39471521973609924;0.1;0.09163942188024521;0.4;0.37239235639572144
0.56;0.5609728097915649;0.34;0.3278391659259796;0.4;0.39212363958358765
0.58;0.5788840651512146;0.28;0.27273452281951904;0.34;0.3462841510772705
0.86;0.8094078898429871;0.1;0.10369311273097992;0.16;0.12890225648880005
0.3;0.3057640492916107;0.2;0.18225449323654175;0.3;0.3182891309261322
0.4;0.3961798846721649;0.4;0.4001269042491913;0.2;0.19659283757209778
0.62;0.6295830607414246;0.18;0.16803078353405;0.42;0.4303991198539734
0.26;0.2529544532299042;0.56;0.5948487520217896;0.14;0.15400363504886627
0.12;0.13149899244308472;0.7;0.6970052719116211;0.16;0.15431451797485352
0.14;0.14975330233573914;0.62;0.6289609670639038;0.42;0.4001327455043793
0.42;0.41471052169799805;0.56;0.5284159183502197;0.2;0.18987099826335907
0.54;0.5440803170204163;0.32;0.2980169653892517;0.22;0.2147015780210495
0.72;0.7381513118743896;0.12;0.09176813811063766;0.12;0.1347339004278183
0.36;0.35416680574417114;0.38;0.36977705359458923;0.22;0.21986159682273865
0.22;0.21567705273628235;0.68;0.690134584903717;0.18;0.1710573434829712
0.2;0.23577740788459778;0.34;0.32730692625045776;0.38;0.4145229458808899
0.48;0.5097591280937195;0.16;0.12980343401432037;0.14;0.18108466267585754
0.14;0.14863955974578857;0.22;0.2008066624403;0.26;0.28485703468322754
0.4;0.4123426675796509;0.26;0.24682526290416718;0.14;0.14375776052474976
0.44;0.44842150807380676;0.2;0.20316186547279358;0.24;0.25678569078445435
0.18;0.18352390825748444;0.68;0.6854522824287415;0.22;0.20455113053321838
0.52;0.5435273051261902;0.12;0.10885598510503769;0.34;0.35689133405685425
0.26;0.2637142837047577;0.3;0.2886168956756592;0.26;0.2805693745613098
0.72;0.7026928663253784;0.18;0.19748613238334656;0.18;0.14724642038345337
0.62;0.6337258219718933;0.16;0.14591044187545776;0.1;0.10477520525455475
0.22;0.23284395039081573;0.22;0.19373878836631775;0.44;0.4242754578590393
0.16;0.17370711266994476;0.2;0.19913707673549652;0.36;0.37048158049583435
0.72;0.7222304344177246;0.22;0.1932469755411148;0.34;0.3416594862937927
0.2;0.1990407258272171;0.74;0.7235209345817566;0.18;0.17043766379356384
0.18;0.1789260357618332;0.14;0.11255206912755966;0.14;0.21933674812316895
0.22;0.2311634123325348;0.44;0.4560481905937195;0.32;0.32173410058021545
0.22;0.22436483204364777;0.7;0.7237705588340759;0.32;0.32177168130874634
0.7;0.6953503489494324;0.28;0.2124801129102707;0.22;0.21120643615722656
0.54;0.5561918616294861;0.12;0.12407276034355164;0.42;0.42330700159072876
0.1;0.09210691601037979;0.86;0.835584282875061;0.18;0.161711186170578
0.34;0.3354015052318573;0.52;0.5442196726799011;0.24;0.24728050827980042
0.54;0.5588790774345398;0.18;0.16571111977100372;0.34;0.3423941135406494
0.34;0.34900063276290894;0.58;0.6018398404121399;0.5;0.47907981276512146
0.6;0.6191935539245605;0.14;0.1297021359205246;0.1;0.15347911417484283
0.26;0.2668958902359009;0.3;0.2948778569698334;0.3;0.32382702827453613
0.16;0.17931506037712097;0.44;0.4350181519985199;0.48;0.46589523553848267
0.18;0.18429027497768402;0.46;0.488289475440979;0.12;0.10197214782238007
0.18;0.19835825264453888;0.5;0.5142342448234558;0.5;0.4856177866458893
0.26;0.25133126974105835;0.1;0.11340434104204178;0.32;0.2666669487953186
0.48;0.4841548800468445;0.34;0.32085955142974854;0.46;0.44959205389022827
0.38;0.3656805157661438;0.34;0.3563786745071411;0.42;0.4312489926815033
0.12;0.12407407909631729;0.46;0.45437583327293396;0.18;0.15433987975120544
0.38;0.3614431917667389;0.14;0.1312967836856842;0.1;0.14382746815681458
0.72;0.6906739473342896;0.14;0.1977664828300476;0.1;0.060893021523952484
0.34;0.333572655916214;0.54;0.5823906064033508;0.2;0.20934438705444336
0.22;0.2256331741809845;0.56;0.5661477446556091;0.34;0.33629339933395386
0.1;0.10909070074558258;0.12;0.11550221592187881;0.2;0.1665787249803543
0.24;0.24236422777175903;0.28;0.27325791120529175;0.36;0.3765579164028168
0.46;0.4531600773334503;0.42;0.41802385449409485;0.2;0.18984024226665497
0.36;0.35540634393692017;0.46;0.45713454484939575;0.24;0.2358154058456421
0.38;0.38947486877441406;0.54;0.5612152814865112;0.22;0.2276218682527542
0.72;0.7115013003349304;0.2;0.1937122792005539;0.28;0.26744183897972107
0.84;0.8390587568283081;0.12;0.09969163686037064;0.34;0.33359330892562866
0.14;0.14535441994667053;0.6;0.6081018447875977;0.46;0.4341699182987213
0.38;0.3793373703956604;0.6;0.5915415287017822;0.34;0.358313649892807
0.68;0.6583214998245239;0.3;0.25331684947013855;0.36;0.34563884139060974
0.66;0.6483600735664368;0.2;0.23693355917930603;0.16;0.14092755317687988
0.22;0.24733613431453705;0.22;0.19828253984451294;0.5;0.494858980178833
0.42;0.41833168268203735;0.48;0.4895857572555542;0.44;0.4316161274909973
0.1;0.1034168004989624;0.52;0.5486353635787964;0.36;0.3737649917602539
0.26;0.26489970088005066;0.36;0.365982323884964;0.28;0.28319859504699707
0.38;0.38604477047920227;0.52;0.5424811244010925;0.1;0.09343765676021576
0.4;0.3879717290401459;0.32;0.32992637157440186;0.4;0.4117644727230072
0.24;0.23348502814769745;0.62;0.6623119711875916;0.12;0.12365999072790146
0.52;0.554901659488678;0.42;0.3708305060863495;0.1;0.09014604985713959
0.2;0.21207769215106964;0.24;0.22845426201820374;0.46;0.4791993200778961
0.18;0.18396151065826416;0.7;0.7128689885139465;0.4;0.3871442377567291
0.38;0.4063371419906616;0.24;0.20940738916397095;0.48;0.4699130654335022
0.18;0.19915856420993805;0.1;0.08616448938846588;0.34;0.28116855025291443
0.14;0.14085188508033752;0.68;0.6719944477081299;0.32;0.3042096495628357
0.16;0.17815695703029633;0.42;0.43463796377182007;0.44;0.43496355414390564
0.28;0.3053841292858124;0.3;0.2641978859901428;0.42;0.43171533942222595
0.5;0.5070001482963562;0.12;0.10764344781637192;0.22;0.22563448548316956
0.16;0.15960215032100677;0.66;0.6532964706420898;0.5;0.4730105996131897
0.38;0.37295106053352356;0.44;0.4551226794719696;0.38;0.3911568224430084
0.14;0.1550799459218979;0.18;0.13396944105625153;0.1;0.21606683731079102
0.34;0.33346685767173767;0.16;0.14413020014762878;0.24;0.2589377462863922
0.16;0.16346196830272675;0.54;0.5347513556480408;0.38;0.3611659109592438
0.12;0.13357405364513397;0.38;0.35501256585121155;0.26;0.2756657600402832
0.6;0.6012667417526245;0.38;0.34019359946250916;0.32;0.31107258796691895
0.24;0.24297784268856049;0.62;0.6279909014701843;0.34;0.3331693112850189
0.8;0.8120865821838379;0.12;0.1103137880563736;0.26;0.2704310417175293
0.72;0.7095955014228821;0.1;0.11930923163890839;0.3;0.2678821086883545
0.46;0.5019465088844299;0.18;0.13557763397693634;0.1;0.15573471784591675
0.2;0.20410782098770142;0.48;0.4954533278942108;0.14;0.12396141141653061
0.16;0.1623396873474121;0.1;0.09631457924842834;0.22;0.2170943319797516
0.22;0.22895269095897675;0.26;0.23772378265857697;0.1;0.12772902846336365
0.68;0.6700734496116638;0.2;0.19115474820137024;0.46;0.4535153806209564
0.12;0.14501869678497314;0.42;0.4346300959587097;0.1;0.08882379531860352
0.12;0.12475550174713135;0.58;0.5930863618850708;0.46;0.43639087677001953
0.58;0.5770230889320374;0.26;0.25218477845191956;0.34;0.34482574462890625
0.5;0.47567254304885864;0.1;0.11298839002847672;0.22;0.19039931893348694
0.46;0.46818992495536804;0.12;0.10200033336877823;0.48;0.4882798194885254
0.46;0.4613412916660309;0.36;0.34092649817466736;0.46;0.4469040334224701
0.34;0.33299675583839417;0.48;0.49507418274879456;0.18;0.17721684277057648
0.24;0.2427339255809784;0.58;0.5704497694969177;0.42;0.4063759446144104
0.64;0.6490821242332458;0.32;0.26688021421432495;0.12;0.10345655679702759
0.1;0.11726938933134079;0.42;0.4521061182022095;0.5;0.5465672612190247
0.44;0.4344513416290283;0.42;0.4060556888580322;0.26;0.24911990761756897
0.32;0.31855833530426025;0.62;0.6376825571060181;0.34;0.3496123254299164
0.3;0.30953484773635864;0.3;0.3223426043987274;0.48;0.4860095977783203
0.18;0.18719828128814697;0.78;0.7674937844276428;0.48;0.45807361602783203
0.28;0.3000752627849579;0.28;0.2541760206222534;0.12;0.14483331143856049
0.1;0.12931999564170837;0.16;0.1346711814403534;0.16;0.22872452437877655
0.2;0.2082090824842453;0.74;0.7501718401908875;0.48;0.46267127990722656
0.32;0.3156372308731079;0.24;0.2361530363559723;0.36;0.3768720030784607
0.52;0.5562441945075989;0.46;0.37184637784957886;0.1;0.08963712304830551
0.58;0.578925609588623;0.22;0.21994136273860931;0.28;0.2736292779445648
0.7;0.683177649974823;0.16;0.18938513100147247;0.3;0.2705143988132477
0.68;0.6660410165786743;0.26;0.2582695782184601;0.46;0.4488946795463562
0.22;0.2256912887096405;0.64;0.6501907706260681;0.38;0.37889760732650757
0.4;0.3884682059288025;0.32;0.3144063353538513;0.26;0.2571341097354889
0.4;0.3978334665298462;0.22;0.21883195638656616;0.18;0.19448286294937134
0.14;0.14400845766067505;0.58;0.5751994848251343;0.36;0.3514765202999115
0.1;0.10234344005584717;0.88;0.8507363796234131;0.46;0.4426763951778412
0.26;0.269065260887146;0.16;0.1395042985677719;0.16;0.1900033950805664
0.5;0.49942106008529663;0.12;0.11370036751031876;0.42;0.43748003244400024
0.16;0.16689638793468475;0.6;0.5949451923370361;0.32;0.3100922405719757
0.6;0.5983496904373169;0.32;0.3268458843231201;0.32;0.3130854368209839
0.26;0.24952943623065948;0.48;0.5228792428970337;0.14;0.14639966189861298
0.74;0.7098662853240967;0.14;0.18891997635364532;0.28;0.21804380416870117
0.1;0.1041501984000206;0.6;0.5889161825180054;0.36;0.3516789972782135
0.8;0.8139100670814514;0.12;0.11315932124853134;0.2;0.21176905930042267
0.32;0.33455950021743774;0.12;0.10829947888851166;0.42;0.4564518928527832
0.28;0.28285345435142517;0.34;0.3624001145362854;0.34;0.3650776445865631
0.34;0.3691200017929077;0.26;0.25515276193618774;0.4;0.4049914479255676
0.16;0.17239613831043243;0.26;0.24672630429267883;0.5;0.5088726282119751
0.6;0.5986143946647644;0.32;0.32730111479759216;0.34;0.33490920066833496
0.32;0.31590789556503296;0.16;0.16816267371177673;0.44;0.4529581665992737
0.44;0.45055854320526123;0.48;0.48692288994789124;0.12;0.11068405956029892
0.48;0.4900597929954529;0.3;0.2890473008155823;0.46;0.4568209648132324
0.44;0.45860755443573;0.12;0.10762658715248108;0.42;0.4641026556491852
0.1;0.11402149498462677;0.72;0.7172749042510986;0.2;0.1884293109178543
0.2;0.18772302567958832;0.14;0.1540147364139557;0.26;0.30746012926101685
0.74;0.7525041103363037;0.24;0.15729920566082;0.14;0.1371670663356781
0.56;0.5672754049301147;0.34;0.3458445966243744;0.14;0.12992428243160248
0.64;0.640198290348053;0.28;0.2841836214065552;0.16;0.15021756291389465
0.2;0.19877004623413086;0.64;0.6527974009513855;0.24;0.23507733643054962
0.1;0.1149827092885971;0.68;0.6708241701126099;0.12;0.10318346321582794
0.8;0.8176682591438293;0.16;0.11087755858898163;0.18;0.20961610972881317
0.52;0.5334877371788025;0.24;0.24207669496536255;0.44;0.4320928156375885
0.14;0.14411452412605286;0.74;0.7609142661094666;0.2;0.19541707634925842
0.12;0.12752459943294525;0.48;0.5138545036315918;0.34;0.3494563698768616
0.14;0.1375598907470703;0.46;0.46415287256240845;0.22;0.19187095761299133
0.24;0.23759926855564117;0.36;0.40001800656318665;0.42;0.42980942130088806
0.24;0.24556995928287506;0.38;0.40045303106307983;0.46;0.46073371171951294
0.22;0.22083592414855957;0.36;0.4109937250614166;0.44;0.44985365867614746
0.36;0.368571400642395;0.26;0.25714460015296936;0.42;0.41001954674720764
0.58;0.5577638149261475;0.1;0.11068244278430939;0.16;0.16402116417884827
0.18;0.18279235064983368;0.66;0.660609781742096;0.32;0.3129553198814392
0.14;0.16159841418266296;0.44;0.47077417373657227;0.46;0.4633180499076843
0.28;0.2720867693424225;0.58;0.6060680747032166;0.22;0.2240772694349289
0.42;0.4210629463195801;0.32;0.3213070333003998;0.44;0.43839773535728455
0.48;0.4904472529888153;0.28;0.2862253785133362;0.3;0.2912968099117279
0.18;0.1773691028356552;0.78;0.743363618850708;0.14;0.13690787553787231
0.2;0.20709237456321716;0.22;0.20297926664352417;0.24;0.25766244530677795
0.34;0.33103784918785095;0.38;0.39947834610939026;0.24;0.24021132290363312
0.2;0.2020057588815689;0.66;0.6750566959381104;0.38;0.38251930475234985
0.6;0.6097602248191833;0.36;0.32240498065948486;0.16;0.15272578597068787
0.7;0.6951661109924316;0.24;0.2335977703332901;0.5;0.49680453538894653
0.56;0.5588114857673645;0.32;0.3139701187610626;0.28;0.27478522062301636
0.56;0.5606189370155334;0.4;0.38547271490097046;0.28;0.26299014687538147
0.22;0.22404178977012634;0.2;0.20403200387954712;0.38;0.3783150613307953
0.3;0.29694533348083496;0.68;0.6516969799995422;0.2;0.21213659644126892
0.72;0.7250990867614746;0.26;0.18676796555519104;0.26;0.260899156332016
0.52;0.5403366684913635;0.2;0.20002610981464386;0.4;0.4126877188682556
0.22;0.2209479808807373;0.54;0.5506166219711304;0.26;0.2538380026817322
0.5;0.5028591752052307;0.36;0.3445177674293518;0.2;0.19752416014671326
0.44;0.4823828637599945;0.18;0.13576890528202057;0.12;0.17744643986225128
0.22;0.21846729516983032;0.7;0.7199274897575378;0.26;0.2567965090274811
0.12;0.13560207188129425;0.68;0.6788052916526794;0.16;0.15434475243091583
0.44;0.4469837248325348;0.18;0.185578390955925;0.4;0.4130569100379944
0.12;0.15118546783924103;0.16;0.1208677738904953;0.1;0.21962027251720428
0.38;0.37993985414505005;0.18;0.17266589403152466;0.28;0.29253512620925903
0.36;0.3650267422199249;0.14;0.12256930768489838;0.46;0.4687223434448242
0.1;0.09938935935497284;0.42;0.4577183425426483;0.44;0.4697471559047699
0.26;0.2527882754802704;0.34;0.3819018006324768;0.36;0.37874335050582886
0.22;0.20900069177150726;0.7;0.7183354496955872;0.12;0.11202746629714966
0.18;0.20224280655384064;0.12;0.11900031566619873;0.36;0.37611913681030273
0.42;0.4126194715499878;0.42;0.41692209243774414;0.48;0.4594551622867584
0.34;0.35900065302848816;0.24;0.2226504683494568;0.44;0.44537654519081116
0.24;0.23631732165813446;0.48;0.4809025228023529;0.38;0.37456995248794556
0.76;0.7546854019165039;0.18;0.1584549993276596;0.36;0.3589317798614502
0.3;0.29277002811431885;0.46;0.4735777974128723;0.26;0.24907651543617249
0.18;0.19484727084636688;0.46;0.46934905648231506;0.46;0.44926533102989197
0.64;0.6394845247268677;0.34;0.2973465025424957;0.2;0.19398678839206696
0.2;0.19703105092048645;0.1;0.09152034670114517;0.2;0.22774383425712585
0.14;0.1410452276468277;0.48;0.4940395653247833;0.24;0.22020316123962402
0.48;0.4677596986293793;0.3;0.3432275354862213;0.1;0.0915665253996849
0.34;0.3315552771091461;0.48;0.5024695992469788;0.16;0.15512630343437195
0.36;0.3542628586292267;0.58;0.6076775193214417;0.18;0.18591715395450592
0.18;0.1918722242116928;0.22;0.21068774163722992;0.38;0.39405861496925354
0.64;0.6386266946792603;0.14;0.1316296011209488;0.2;0.1829889863729477
0.22;0.2153039574623108;0.68;0.6944115161895752;0.14;0.13880442082881927
0.3;0.30883967876434326;0.14;0.13472288846969604;0.36;0.39761239290237427
0.5;0.5042648315429688;0.16;0.15567921102046967;0.4;0.39897704124450684
0.26;0.24926862120628357;0.64;0.6678173542022705;0.18;0.1869824379682541
0.26;0.2589097023010254;0.34;0.37169602513313293;0.3;0.3140436112880707
0.14;0.13987384736537933;0.28;0.26614028215408325;0.16;0.13656079769134521
0.14;0.12481743097305298;0.12;0.14165642857551575;0.42;0.37922558188438416
0.5;0.5023093223571777;0.38;0.3862352669239044;0.16;0.14959803223609924
0.52;0.5232977867126465;0.32;0.3062288761138916;0.34;0.3384668231010437
0.68;0.7113860845565796;0.1;0.08794532716274261;0.34;0.3576478064060211
0.4;0.39263129234313965;0.32;0.3561156392097473;0.12;0.11297640949487686
0.18;0.19707901775836945;0.46;0.46642762422561646;0.48;0.467823326587677
0.2;0.19812603294849396;0.26;0.2463175505399704;0.14;0.16040386259555817
0.14;0.1563679724931717;0.14;0.11590702086687088;0.16;0.23919086158275604
0.54;0.5400174260139465;0.26;0.24388910830020905;0.5;0.5128738284111023
0.72;0.7341451048851013;0.12;0.11066444218158722;0.34;0.3439443111419678
0.24;0.23619981110095978;0.52;0.5323410034179688;0.28;0.2721186578273773
0.18;0.18490245938301086;0.66;0.6625471711158752;0.16;0.15647408366203308
0.2;0.20542173087596893;0.24;0.22087012231349945;0.2;0.22732405364513397
0.42;0.4069460928440094;0.34;0.3407635986804962;0.2;0.19413945078849792
0.5;0.4989994168281555;0.34;0.3296352028846741;0.32;0.319671094417572
0.28;0.2729947566986084;0.62;0.6596100330352783;0.16;0.1689966470003128
0.14;0.1493847817182541;0.5;0.5039358139038086;0.32;0.31439509987831116
0.86;0.8480892181396484;0.12;0.09908739477396011;0.4;0.3328215479850769
0.68;0.6798526048660278;0.26;0.2318178117275238;0.16;0.15016649663448334
0.1;0.10293040424585342;0.32;0.31360095739364624;0.3;0.2913222312927246
0.16;0.18619343638420105;0.3;0.26822301745414734;0.48;0.5047492980957031
0.42;0.42530328035354614;0.36;0.3627740740776062;0.26;0.2571437656879425
0.22;0.22675877809524536;0.38;0.428693950176239;0.32;0.3339739739894867
0.46;0.47481000423431396;0.16;0.15861544013023376;0.4;0.4164554476737976
0.26;0.2624554932117462;0.22;0.20589563250541687;0.24;0.2593533992767334
0.28;0.28533804416656494;0.62;0.6441378593444824;0.32;0.31732678413391113
0.44;0.4338909387588501;0.5;0.5171406865119934;0.34;0.34040361642837524
0.64;0.6265241503715515;0.2;0.22083407640457153;0.2;0.18443267047405243
0.22;0.22295817732810974;0.6;0.5942571759223938;0.36;0.35584497451782227
0.28;0.27582934498786926;0.26;0.24336114525794983;0.28;0.30140185356140137
0.32;0.32257795333862305;0.36;0.38024771213531494;0.2;0.20352940261363983
0.22;0.22205838561058044;0.26;0.24227012693881989;0.32;0.3423295021057129
0.56;0.5952101945877075;0.18;0.15473222732543945;0.32;0.33567652106285095
0.22;0.2335333228111267;0.38;0.3928738236427307;0.22;0.2141856849193573
0.36;0.3721948564052582;0.28;0.2974475920200348;0.3;0.3274267315864563
0.48;0.4777350425720215;0.46;0.4694814383983612;0.24;0.2195882350206375
0.34;0.3500407040119171;0.2;0.1811608225107193;0.16;0.18580463528633118
0.42;0.41690847277641296;0.42;0.41381755471229553;0.26;0.24615149199962616
0.64;0.6249975562095642;0.2;0.19634176790714264;0.36;0.35338038206100464
0.1;0.11650796979665756;0.44;0.4889446198940277;0.3;0.316606342792511
0.56;0.5559787154197693;0.3;0.30088961124420166;0.2;0.19366338849067688
0.44;0.4438643157482147;0.32;0.3323032259941101;0.36;0.3607863485813141
0.28;0.29515811800956726;0.24;0.21381422877311707;0.1;0.1313309371471405
0.4;0.3948526084423065;0.54;0.5594476461410522;0.42;0.4170570969581604
0.64;0.6376222968101501;0.12;0.12034418433904648;0.26;0.25425800681114197
0.12;0.1065649688243866;0.14;0.15202148258686066;0.42;0.404958575963974
0.18;0.19076967239379883;0.44;0.45215845108032227;0.42;0.4049447178840637
0.28;0.28460025787353516;0.7;0.6709038019180298;0.3;0.29817309975624084
0.5;0.4922582805156708;0.3;0.3376472592353821;0.1;0.09288861602544785
0.36;0.3557862937450409;0.42;0.4449034333229065;0.38;0.3955861032009125
0.66;0.6502168774604797;0.14;0.14264968037605286;0.24;0.2499227523803711
0.48;0.48193997144699097;0.26;0.2693578004837036;0.44;0.426278293132782
0.58;0.5769326090812683;0.18;0.17444859445095062;0.5;0.5061736702919006
0.2;0.21152986586093903;0.4;0.4208492934703827;0.46;0.45764341950416565
0.42;0.4198046028614044;0.4;0.3951631784439087;0.42;0.4118269383907318
0.4;0.39978593587875366;0.2;0.19293145835399628;0.48;0.47954893112182617
0.18;0.18495987355709076;0.48;0.4996994137763977;0.38;0.36730748414993286
0.3;0.33671966195106506;0.3;0.27984827756881714;0.36;0.37518563866615295
0.54;0.5469111204147339;0.38;0.37171855568885803;0.46;0.44589367508888245
0.58;0.59400475025177;0.16;0.14739727973937988;0.34;0.3574083745479584
0.64;0.6259419918060303;0.2;0.1964109241962433;0.32;0.31202131509780884
0.18;0.1785825937986374;0.76;0.7432520985603333;0.16;0.15556225180625916
0.28;0.2911154329776764;0.18;0.1691572666168213;0.5;0.4804225564002991
0.82;0.8083392381668091;0.16;0.10049980133771896;0.1;0.12261879444122314
0.3;0.2865004539489746;0.24;0.24332159757614136;0.32;0.3392311632633209
0.4;0.39516401290893555;0.54;0.5568982362747192;0.5;0.4787135124206543
0.76;0.7519829273223877;0.16;0.15766233205795288;0.36;0.3486555218696594
0.24;0.2494743913412094;0.26;0.2614777088165283;0.44;0.45315608382225037
0.48;0.49558407068252563;0.2;0.2139890342950821;0.48;0.4879720211029053
0.26;0.262241005897522;0.2;0.18585044145584106;0.28;0.3045256733894348
0.14;0.14775662124156952;0.12;0.11872663348913193;0.24;0.22821608185768127
0.14;0.15031851828098297;0.66;0.6586090922355652;0.24;0.22764304280281067
0.24;0.24998591840267181;0.34;0.36256277561187744;0.16;0.16633331775665283
0.46;0.4587448239326477;0.5;0.49651283025741577;0.42;0.41529303789138794
0.62;0.6033039689064026;0.12;0.14337529242038727;0.32;0.3101557195186615
0.14;0.16023272275924683;0.14;0.10915099829435349;0.1;0.2252516746520996
0.34;0.3352128863334656;0.36;0.37423160672187805;0.24;0.23637647926807404
0.14;0.15648280084133148;0.42;0.4634777903556824;0.38;0.39033955335617065
0.82;0.8257395625114441;0.16;0.1055503711104393;0.48;0.48620399832725525
0.76;0.7631146311759949;0.22;0.14971086382865906;0.24;0.2493860274553299
0.38;0.3703027665615082;0.38;0.3779062330722809;0.2;0.1978067308664322
0.6;0.5954024195671082;0.34;0.34237948060035706;0.4;0.3939434885978699
0.38;0.3842049241065979;0.5;0.5255013704299927;0.12;0.11382166296243668
0.58;0.5792263150215149;0.4;0.37069961428642273;0.46;0.44072261452674866
0.1;0.10428575426340103;0.68;0.6775678992271423;0.36;0.34240907430648804
0.2;0.2013726830482483;0.6;0.6107299327850342;0.24;0.2388400137424469
0.24;0.23452623188495636;0.12;0.12834985554218292;0.24;0.22678013145923615
0.34;0.3366957902908325;0.4;0.4120904505252838;0.5;0.49048757553100586
0.14;0.15978357195854187;0.18;0.1430540680885315;0.36;0.4017356038093567
0.18;0.18665672838687897;0.28;0.2643716037273407;0.18;0.19850608706474304
0.56;0.5683982372283936;0.26;0.2418605089187622;0.32;0.3218812048435211
0.14;0.13494640588760376;0.1;0.12419616430997849;0.36;0.23021945357322693
0.18;0.18352074921131134;0.66;0.6616731286048889;0.3;0.2924601137638092
0.48;0.4787028431892395;0.36;0.36700859665870667;0.12;0.11355911195278168
0.82;0.8255468010902405;0.14;0.11065778136253357;0.4;0.4124773144721985
0.84;0.8391602039337158;0.1;0.10566379129886627;0.48;0.443446546792984
0.14;0.14502906799316406;0.16;0.13724148273468018;0.18;0.2545602321624756
0.28;0.27745404839515686;0.56;0.5741552710533142;0.3;0.29648351669311523
0.64;0.6362727284431458;0.3;0.31348347663879395;0.5;0.49482664465904236
0.42;0.37544864416122437;0.1;0.11809393018484116;0.14;0.15439888834953308
0.1;0.09883193671703339;0.54;0.5634329915046692;0.44;0.4408910274505615
0.14;0.1436275988817215;0.58;0.5768852233886719;0.38;0.36511969566345215
0.48;0.48258140683174133;0.34;0.32032614946365356;0.28;0.27820345759391785
0.34;0.33837780356407166;0.5;0.5067591071128845;0.34;0.3525795042514801
0.52;0.5156935453414917;0.26;0.2555944323539734;0.2;0.18685996532440186
0.38;0.38487887382507324;0.44;0.4400480389595032;0.16;0.15679998695850372
0.36;0.3674881160259247;0.16;0.1457419991493225;0.4;0.41463977098464966
0.52;0.5184908509254456;0.26;0.2596854567527771;0.24;0.2264096736907959
0.38;0.37645044922828674;0.32;0.3263988494873047;0.5;0.48683762550354004
0.2;0.20665276050567627;0.78;0.7581528425216675;0.36;0.3646131455898285
0.26;0.25454723834991455;0.36;0.39925694465637207;0.44;0.4521988034248352
0.18;0.1832038313150406;0.6;0.5914802551269531;0.5;0.4763287901878357
0.44;0.4388892352581024;0.26;0.2779392600059509;0.48;0.4782661497592926
0.4;0.4001253545284271;0.12;0.11262738704681396;0.32;0.32210326194763184
0.2;0.19245144724845886;0.72;0.7374342083930969;0.1;0.08701624721288681
0.18;0.19167941808700562;0.36;0.32695499062538147;0.12;0.1362084299325943
0.1;0.11717110872268677;0.44;0.4526503086090088;0.24;0.2390519678592682
0.62;0.5969369411468506;0.24;0.24102427065372467;0.38;0.37635040283203125
0.18;0.20752984285354614;0.34;0.3299407660961151;0.4;0.42526477575302124
0.66;0.6575461030006409;0.26;0.2628668546676636;0.16;0.14610615372657776
0.18;0.17706266045570374;0.76;0.7426968216896057;0.14;0.1370592713356018
0.18;0.18453606963157654;0.74;0.7556137442588806;0.32;0.30877652764320374
0.42;0.41143473982810974;0.42;0.412359356880188;0.22;0.20897826552391052
0.12;0.1318056881427765;0.64;0.653809666633606;0.46;0.43638724088668823
0.34;0.3424893915653229;0.6;0.6209079027175903;0.42;0.41756540536880493
0.24;0.24453608691692352;0.74;0.697581946849823;0.36;0.3504760265350342
0.16;0.16672579944133759;0.58;0.5767228007316589;0.46;0.44049352407455444
0.34;0.3449564278125763;0.32;0.33757326006889343;0.26;0.25417011976242065
0.58;0.5923982858657837;0.32;0.3164421617984772;0.12;0.11304402351379395
0.14;0.13663972914218903;0.78;0.7949329018592834;0.36;0.3407266139984131
0.22;0.21631966531276703;0.76;0.723105251789093;0.24;0.23375093936920166
0.12;0.12382510304450989;0.7;0.6958410739898682;0.48;0.45500198006629944
0.7;0.7411606311798096;0.14;0.08650606125593185;0.12;0.1502322256565094
0.46;0.42518043518066406;0.26;0.33345961570739746;0.12;0.10354302823543549
0.32;0.32132488489151;0.38;0.3910445272922516;0.32;0.33311352133750916
0.62;0.6178882718086243;0.32;0.3164159953594208;0.26;0.2567184269428253
0.52;0.5240253806114197;0.32;0.30216431617736816;0.3;0.2975727617740631
0.46;0.5063727498054504;0.2;0.1604396253824234;0.12;0.14800463616847992
0.14;0.13833878934383392;0.84;0.8037924766540527;0.46;0.4313717782497406
0.54;0.5511556267738342;0.12;0.12181980162858963;0.44;0.434791624546051
0.12;0.15300506353378296;0.38;0.34630969166755676;0.42;0.45396217703819275
0.54;0.5464805960655212;0.14;0.1285901963710785;0.4;0.4005330502986908
0.16;0.16426296532154083;0.58;0.5652571320533752;0.24;0.22152066230773926
0.48;0.47716131806373596;0.38;0.37698793411254883;0.16;0.15234684944152832
0.5;0.5037992596626282;0.4;0.40998610854148865;0.16;0.14557549357414246
0.38;0.37732768058776855;0.52;0.5575408935546875;0.3;0.31585368514060974
0.18;0.19411064684391022;0.38;0.4294963479042053;0.4;0.4120888113975525
0.26;0.26883190870285034;0.3;0.2973121404647827;0.32;0.3426840901374817
0.56;0.5999496579170227;0.2;0.17214472591876984;0.2;0.20527701079845428
0.54;0.5587111115455627;0.12;0.09689447283744812;0.5;0.4998915195465088
0.22;0.23392896354198456;0.42;0.43002212047576904;0.3;0.2992590069770813
0.12;0.11631201207637787;0.82;0.8086442351341248;0.16;0.15027061104774475
0.16;0.1884061098098755;0.3;0.2660764753818512;0.5;0.5267475247383118
0.52;0.5242774486541748;0.46;0.4224946200847626;0.18;0.15936821699142456
0.2;0.2144739031791687;0.32;0.30235353112220764;0.26;0.28224554657936096
0.36;0.3478102385997772;0.4;0.44409486651420593;0.12;0.11874745041131973
0.26;0.25204870104789734;0.58;0.6174691915512085;0.14;0.15114830434322357
0.2;0.21389862895011902;0.4;0.4119683504104614;0.5;0.48842230439186096
0.2;0.20478051900863647;0.1;0.1119191125035286;0.38;0.37315869331359863
0.5;0.5018916130065918;0.24;0.24259881675243378;0.28;0.24944333732128143
0.1;0.10309650748968124;0.74;0.7441245317459106;0.48;0.4633212089538574
0.12;0.1359267681837082;0.3;0.28548237681388855;0.14;0.11843816190958023
0.62;0.6191946864128113;0.32;0.3154895007610321;0.3;0.2958015501499176
0.18;0.18389378488063812;0.32;0.3052287697792053;0.22;0.23583316802978516
0.48;0.46743643283843994;0.4;0.3952629864215851;0.5;0.4645370543003082
0.56;0.5627626180648804;0.36;0.36278021335601807;0.38;0.3652898669242859
0.44;0.4571874737739563;0.14;0.12878350913524628;0.4;0.439196914434433
0.3;0.2922961711883545;0.54;0.6070108413696289;0.1;0.10378477722406387
0.1;0.1023532971739769;0.62;0.6240492463111877;0.48;0.4677135944366455
0.34;0.3412441313266754;0.16;0.14321266114711761;0.32;0.34283846616744995
0.82;0.8174671530723572;0.1;0.11635670065879822;0.46;0.439614862203598
0.6;0.5840705633163452;0.14;0.1593180149793625;0.24;0.24715690314769745
0.32;0.33874404430389404;0.24;0.21678321063518524;0.12;0.1470022052526474
0.14;0.15017661452293396;0.2;0.17535540461540222;0.32;0.3435823917388916
0.66;0.6700929403305054;0.1;0.09189873933792114;0.34;0.31265988945961
0.42;0.40390533208847046;0.3;0.3018787205219269;0.26;0.2527497708797455
0.14;0.14775696396827698;0.62;0.6168747544288635;0.36;0.34203624725341797
0.7;0.68208909034729;0.2;0.20569467544555664;0.3;0.27744394540786743
0.32;0.3141724765300751;0.5;0.5052071213722229;0.26;0.26156458258628845
0.4;0.3969411849975586;0.34;0.3499709367752075;0.14;0.134914368391037
0.14;0.1421610563993454;0.4;0.44013118743896484;0.44;0.4436943531036377
0.32;0.3008633553981781;0.12;0.12326695770025253;0.18;0.2017960548400879
0.56;0.5614712834358215;0.26;0.23492147028446198;0.46;0.4649673402309418
0.6;0.5781152248382568;0.22;0.24089975655078888;0.2;0.18667277693748474
0.42;0.41241106390953064;0.22;0.229221373796463;0.42;0.404640257358551
0.46;0.4592196047306061;0.5;0.49795717000961304;0.44;0.4340665340423584
0.28;0.3035992383956909;0.3;0.3167361319065094;0.36;0.3809680938720703
0.26;0.24647654592990875;0.68;0.6921640634536743;0.16;0.16369684040546417
0.12;0.13258862495422363;0.32;0.30595773458480835;0.3;0.3087840676307678
0.34;0.33498239517211914;0.4;0.42573282122612;0.4;0.4093048572540283
0.66;0.6277294158935547;0.28;0.299345463514328;0.36;0.3446703851222992
0.3;0.29734447598457336;0.42;0.41224783658981323;0.48;0.46781817078590393
0.66;0.652205765247345;0.26;0.2691769599914551;0.2;0.1881195604801178
0.44;0.44451844692230225;0.26;0.25218892097473145;0.4;0.3869262635707855
0.58;0.6118565201759338;0.16;0.14345382153987885;0.44;0.44200778007507324
0.64;0.6400530338287354;0.16;0.1642792969942093;0.24;0.24798861145973206
0.12;0.13963307440280914;0.28;0.25202029943466187;0.38;0.40123748779296875
0.26;0.2546897232532501;0.6;0.6598163843154907;0.1;0.09785328060388565
0.26;0.2692243754863739;0.36;0.3767211437225342;0.2;0.20128417015075684
0.12;0.12077338993549347;0.28;0.269775927066803;0.14;0.11804638803005219
0.42;0.4183329641819;0.5;0.5192977786064148;0.34;0.3400580883026123
0.82;0.828338623046875;0.1;0.1066555455327034;0.28;0.2880796194076538
0.28;0.27830979228019714;0.4;0.4231419861316681;0.44;0.43863701820373535
0.36;0.3155491352081299;0.1;0.12426339089870453;0.16;0.15695813298225403
0.44;0.43876758217811584;0.42;0.41715142130851746;0.36;0.3562556207180023
0.8;0.8041198253631592;0.14;0.1270601451396942;0.46;0.4672311246395111
0.38;0.3644862174987793;0.46;0.4674516022205353;0.5;0.4842313826084137
0.36;0.3557334542274475;0.38;0.37455958127975464;0.24;0.24152369797229767
0.6;0.6166053414344788;0.12;0.11356944590806961;0.26;0.2721092104911804
0.34;0.3043699562549591;0.1;0.11621610075235367;0.22;0.20129671692848206
0.34;0.3371986746788025;0.14;0.12447745352983475;0.46;0.4855942726135254
0.52;0.5250141024589539;0.2;0.21787145733833313;0.48;0.47561612725257874
0.42;0.41000357270240784;0.28;0.31153780221939087;0.14;0.13302749395370483
0.3;0.29468435049057007;0.52;0.5182487964630127;0.32;0.3153992295265198
0.74;0.7482045888900757;0.12;0.07007662206888199;0.5;0.4780195653438568
0.18;0.17715290188789368;0.48;0.49086645245552063;0.18;0.1723686009645462
0.16;0.15847758948802948;0.46;0.4687345027923584;0.28;0.2577150762081146
0.66;0.6509133577346802;0.18;0.17039594054222107;0.46;0.45588427782058716
0.24;0.23809388279914856;0.24;0.22980299592018127;0.2;0.21946153044700623
0.58;0.5696477890014648;0.24;0.2330930531024933;0.38;0.37418705224990845
0.1;0.10041821748018265;0.12;0.12330850213766098;0.32;0.30658549070358276
0.34;0.34257441759109497;0.12;0.11505429446697235;0.32;0.32963353395462036
0.48;0.48041626811027527;0.46;0.46258145570755005;0.4;0.38583293557167053
0.1;0.09323708713054657;0.2;0.18421657383441925;0.28;0.29925957322120667
0.36;0.35583826899528503;0.52;0.5487515330314636;0.34;0.3520858883857727
0.34;0.3458065986633301;0.46;0.46285533905029297;0.32;0.33560386300086975
0.28;0.2734818160533905;0.66;0.6759050488471985;0.12;0.1253342181444168
0.26;0.25781363248825073;0.2;0.20044851303100586;0.4;0.42825040221214294
0.56;0.5712935924530029;0.16;0.13988982141017914;0.34;0.3500945568084717
0.56;0.5572659969329834;0.18;0.18301451206207275;0.44;0.42689067125320435
0.4;0.3844778537750244;0.14;0.14625295996665955;0.36;0.38688549399375916
0.46;0.4513826072216034;0.5;0.49067848920822144;0.22;0.1994105875492096
0.56;0.5634114146232605;0.32;0.3299485146999359;0.14;0.13079780340194702
0.42;0.4228838384151459;0.34;0.3392327129840851;0.28;0.27780380845069885
0.7;0.727470338344574;0.14;0.08710011839866638;0.5;0.5020167827606201
0.28;0.28304579854011536;0.36;0.38144898414611816;0.36;0.3762768805027008
0.2;0.20606274902820587;0.46;0.4631217420101166;0.24;0.2262733429670334
0.12;0.14954012632369995;0.26;0.22261106967926025;0.1;0.08308074623346329
0.34;0.3408956527709961;0.32;0.34599706530570984;0.22;0.22274160385131836
0.16;0.18823842704296112;0.36;0.3343854248523712;0.36;0.3787160813808441
0.46;0.4720386564731598;0.22;0.2292870134115219;0.36;0.34119123220443726
0.52;0.5226622819900513;0.38;0.3908156454563141;0.24;0.22890321910381317
0.16;0.15885166823863983;0.7;0.7203359603881836;0.12;0.11805596202611923
0.2;0.20267708599567413;0.46;0.46408259868621826;0.18;0.17489244043827057
0.62;0.6233487725257874;0.32;0.3265090882778168;0.46;0.45915335416793823
0.14;0.14769285917282104;0.7;0.7052065134048462;0.24;0.23067764937877655
0.26;0.25032278895378113;0.5;0.5172357559204102;0.36;0.36444583535194397
0.4;0.41869091987609863;0.18;0.15383018553256989;0.16;0.19836001098155975
0.4;0.38334429264068604;0.2;0.208120658993721;0.28;0.28157567977905273
0.72;0.7150973677635193;0.22;0.20290865004062653;0.4;0.39838117361068726
0.48;0.4706704616546631;0.38;0.3722282648086548;0.48;0.4493820071220398
0.48;0.48345744609832764;0.2;0.20108190178871155;0.32;0.31660571694374084
0.6;0.5890488028526306;0.26;0.2563379406929016;0.34;0.3318576216697693
0.22;0.2187073528766632;0.74;0.7018947005271912;0.18;0.16922417283058167
0.24;0.23349915444850922;0.14;0.1322375237941742;0.44;0.4254564344882965
0.52;0.5248038172721863;0.14;0.1517193615436554;0.36;0.371016263961792
0.7;0.6871709823608398;0.12;0.13830310106277466;0.46;0.45374125242233276
0.1;0.09446831792593002;0.1;0.11222556233406067;0.4;0.30534645915031433
0.3;0.29762905836105347;0.62;0.6425294876098633;0.22;0.23345497250556946
0.2;0.20579995214939117;0.38;0.43073973059654236;0.36;0.37679094076156616
0.42;0.4177853465080261;0.12;0.11506884545087814;0.4;0.43858471512794495
0.34;0.3597223460674286;0.16;0.17061583697795868;0.5;0.520927369594574
0.16;0.16823875904083252;0.62;0.6217828989028931;0.38;0.3703782558441162
0.44;0.4397040903568268;0.42;0.4160296320915222;0.46;0.45208969712257385
0.28;0.3055137097835541;0.26;0.2364637404680252;0.42;0.42832303047180176
0.32;0.32055428624153137;0.26;0.296450674533844;0.48;0.48081308603286743
0.44;0.4064960777759552;0.28;0.3013547658920288;0.2;0.19031767547130585
0.66;0.6474859714508057;0.2;0.23969711363315582;0.12;0.09490959346294403
0.36;0.35388538241386414;0.16;0.15064001083374023;0.24;0.25020527839660645
0.22;0.22153951227664948;0.56;0.5729516744613647;0.24;0.23641642928123474
0.44;0.43803301453590393;0.44;0.4377593696117401;0.46;0.45217713713645935
0.56;0.5598853826522827;0.42;0.3854934871196747;0.2;0.18654081225395203
0.16;0.1667008250951767;0.48;0.48523545265197754;0.4;0.39019575715065
0.6;0.5903201103210449;0.26;0.25452759861946106;0.32;0.31270796060562134
0.34;0.3405519425868988;0.54;0.5667528510093689;0.36;0.3733340799808502
0.18;0.1785200983285904;0.44;0.4523897171020508;0.14;0.1293010264635086
0.48;0.48213064670562744;0.44;0.4463992714881897;0.46;0.4408099055290222
0.58;0.5979793667793274;0.32;0.30761656165122986;0.1;0.095572829246521
0.52;0.5221469402313232;0.44;0.4248290956020355;0.48;0.4568490982055664
0.22;0.22297166287899017;0.32;0.2906305491924286;0.12;0.151628777384758
0.26;0.2658917009830475;0.66;0.6823320984840393;0.42;0.408661425113678
0.18;0.1937132030725479;0.34;0.33866655826568604;0.32;0.33110183477401733
0.2;0.2028142660856247;0.16;0.15623855590820312;0.16;0.1932896375656128
0.38;0.392463356256485;0.24;0.2398880273103714;0.4;0.4038756489753723
0.54;0.5150015950202942;0.22;0.2988855242729187;0.12;0.09889423847198486
0.56;0.5544926524162292;0.32;0.3338477909564972;0.2;0.18995749950408936
0.18;0.18325816094875336;0.6;0.6004675030708313;0.42;0.40957731008529663
0.12;0.1190037950873375;0.62;0.602192223072052;0.28;0.2597735822200775
0.44;0.44058260321617126;0.4;0.38693106174468994;0.26;0.2555200457572937
0.66;0.6478670835494995;0.26;0.27513784170150757;0.24;0.23119258880615234
0.66;0.654440701007843;0.2;0.21792060136795044;0.24;0.23339951038360596
0.54;0.5405595302581787;0.34;0.3276101350784302;0.44;0.429154634475708
0.26;0.25139302015304565;0.14;0.13092514872550964;0.18;0.18985794484615326
0.3;0.3024340271949768;0.68;0.6533541083335876;0.26;0.27347761392593384
0.54;0.5451817512512207;0.14;0.12760315835475922;0.44;0.44874802231788635
0.54;0.5458882451057434;0.4;0.38935908675193787;0.16;0.14263102412223816
0.38;0.38282543420791626;0.4;0.4173661172389984;0.12;0.11956536769866943
0.22;0.23108536005020142;0.3;0.2863615155220032;0.26;0.2846161425113678
0.28;0.2749723494052887;0.26;0.24053208529949188;0.26;0.27910953760147095
0.24;0.23387615382671356;0.66;0.6764358282089233;0.16;0.16100861132144928
0.1;0.10877120494842529;0.7;0.6946856379508972;0.5;0.48356571793556213
0.86;0.8471874594688416;0.1;0.10582257807254791;0.34;0.2825552523136139
0.82;0.8201684951782227;0.14;0.10026028752326965;0.14;0.16136448085308075
0.48;0.4799449145793915;0.4;0.3959960639476776;0.2;0.1902599036693573
0.14;0.1492486298084259;0.38;0.372319757938385;0.32;0.32428479194641113
0.3;0.2940395474433899;0.52;0.5205813050270081;0.3;0.29426971077919006
0.4;0.40340426564216614;0.24;0.24012142419815063;0.5;0.5130428075790405
0.24;0.2319386601448059;0.5;0.5013079643249512;0.42;0.416428804397583
0.32;0.31470587849617004;0.52;0.5282862782478333;0.3;0.30352115631103516
0.52;0.5561026930809021;0.44;0.37161341309547424;0.1;0.08980555832386017
0.82;0.8332759737968445;0.14;0.10680892318487167;0.24;0.27178755402565
0.3;0.3019220530986786;0.36;0.4305610954761505;0.12;0.12521794438362122
0.3;0.3085409104824066;0.58;0.6048259139060974;0.42;0.419658899307251
0.46;0.46985307335853577;0.34;0.32722434401512146;0.3;0.3073492646217346
0.32;0.3219467103481293;0.64;0.6388260722160339;0.5;0.47235187888145447
0.7;0.6923218965530396;0.26;0.2296680361032486;0.42;0.41541609168052673
0.58;0.5829764008522034;0.4;0.35691237449645996;0.22;0.20850996673107147
0.5;0.5099871158599854;0.22;0.22625596821308136;0.46;0.45509713888168335
0.4;0.44398438930511475;0.26;0.21840572357177734;0.1;0.1214429959654808
0.36;0.36333519220352173;0.44;0.43958336114883423;0.2;0.1930176466703415
0.52;0.5482747554779053;0.14;0.13898448646068573;0.28;0.30119723081588745
0.36;0.36413970589637756;0.48;0.5021886229515076;0.14;0.13808874785900116
0.64;0.6413727402687073;0.34;0.29283392429351807;0.18;0.1716066300868988
0.22;0.2341357171535492;0.18;0.14926263689994812;0.12;0.14922714233398438
0.14;0.14269840717315674;0.6;0.5809043049812317;0.24;0.21788740158081055
0.16;0.17300206422805786;0.2;0.18714512884616852;0.44;0.45088130235671997
0.2;0.22452397644519806;0.3;0.2889239490032196;0.5;0.5393194556236267
0.34;0.34778234362602234;0.24;0.23486243188381195;0.2;0.21826891601085663
0.2;0.20408248901367188;0.58;0.5966439843177795;0.24;0.23944008350372314
0.12;0.11531458050012589;0.82;0.8290148377418518;0.22;0.20956149697303772
0.36;0.3724463880062103;0.6;0.6000765562057495;0.32;0.3388494849205017
0.2;0.21278876066207886;0.22;0.20025299489498138;0.44;0.44892388582229614
0.1;0.10961249470710754;0.54;0.5375139713287354;0.3;0.29564571380615234
0.24;0.24385176599025726;0.56;0.5946342349052429;0.12;0.1331700086593628
0.14;0.1379847675561905;0.8;0.8064814209938049;0.2;0.1928480565547943
0.42;0.4048791229724884;0.18;0.19406543672084808;0.46;0.46149808168411255
0.12;0.14015790820121765;0.14;0.11827274411916733;0.14;0.2048995941877365
0.54;0.5566895604133606;0.1;0.08730145543813705;0.5;0.48282670974731445
0.62;0.617344319820404;0.26;0.2788549065589905;0.16;0.14963510632514954
0.2;0.206669881939888;0.32;0.3054235875606537;0.22;0.24539189040660858
0.14;0.14440417289733887;0.58;0.583005428314209;0.44;0.4054877758026123
0.44;0.46095722913742065;0.12;0.10471618920564651;0.26;0.2737191319465637
0.28;0.27686190605163574;0.44;0.441331684589386;0.5;0.4806036055088043
0.14;0.14539912343025208;0.68;0.6761755347251892;0.28;0.2656406760215759
0.26;0.25641876459121704;0.72;0.6872141361236572;0.26;0.25981926918029785
0.2;0.19965170323848724;0.66;0.6758323311805725;0.5;0.4772495627403259
0.32;0.31477904319763184;0.54;0.5601335167884827;0.32;0.3254866600036621
0.46;0.45196333527565;0.46;0.47163060307502747;0.24;0.22322054207324982
0.3;0.3047776520252228;0.24;0.23318305611610413;0.18;0.20123958587646484
0.72;0.6854589581489563;0.14;0.16924068331718445;0.48;0.4221901297569275
0.34;0.35439735651016235;0.28;0.2757164537906647;0.14;0.15957091748714447
0.44;0.44644591212272644;0.26;0.2710355520248413;0.28;0.2728486657142639
0.5;0.5218167901039124;0.16;0.13585878908634186;0.12;0.15619954466819763
0.68;0.6956762671470642;0.12;0.1068120077252388;0.1;0.10582796484231949
0.12;0.11495713144540787;0.1;0.11236913502216339;0.24;0.15336379408836365
0.36;0.35088303685188293;0.14;0.12806636095046997;0.22;0.2338554561138153
0.26;0.2551500201225281;0.68;0.6861841082572937;0.24;0.24113497138023376
0.32;0.3297935724258423;0.36;0.36896687746047974;0.48;0.48046159744262695
0.38;0.3715934455394745;0.1;0.09533587098121643;0.34;0.28543931245803833
0.44;0.45711368322372437;0.16;0.14879757165908813;0.28;0.3236645758152008
0.14;0.13548317551612854;0.82;0.8069668412208557;0.36;0.3382295072078705
0.52;0.5436615943908691;0.42;0.3853845000267029;0.12;0.10642077028751373
0.44;0.43515700101852417;0.5;0.516623318195343;0.36;0.3614172041416168
0.1;0.10069375485181808;0.62;0.6014732122421265;0.32;0.30537620186805725
0.28;0.24256090819835663;0.1;0.12589243054389954;0.14;0.11945364624261856
0.46;0.45470085740089417;0.4;0.3950338661670685;0.44;0.4258207380771637
0.22;0.2269299179315567;0.18;0.16865770518779755;0.22;0.24424180388450623
0.16;0.16183626651763916;0.46;0.4692613482475281;0.3;0.284294456243515
0.2;0.2023061364889145;0.28;0.26190248131752014;0.1;0.12510189414024353
0.1;0.09661503881216049;0.2;0.1844436079263687;0.3;0.31648167967796326
0.3;0.3036423325538635;0.28;0.2709190547466278;0.28;0.31032490730285645
0.5;0.5370784997940063;0.46;0.3979949653148651;0.1;0.08689667284488678
0.56;0.5804476141929626;0.14;0.13052254915237427;0.12;0.1656317412853241
0.2;0.20280003547668457;0.42;0.45466458797454834;0.36;0.35507312417030334
0.24;0.2426254153251648;0.54;0.5494894981384277;0.32;0.3141624331474304
0.4;0.402535080909729;0.22;0.21329867839813232;0.42;0.4264996647834778
0.42;0.4353293776512146;0.16;0.13685999810695648;0.1;0.16399575769901276
0.56;0.5948614478111267;0.1;0.0843188539147377;0.4;0.4111793041229248
0.1;0.11078020185232162;0.38;0.35780972242355347;0.36;0.37600550055503845
0.2;0.22509662806987762;0.34;0.32665178179740906;0.32;0.33721548318862915
0.34;0.34373652935028076;0.56;0.5916644930839539;0.42;0.42370423674583435
0.48;0.4955354332923889;0.12;0.10242890566587448;0.26;0.26765531301498413
0.4;0.38744014501571655;0.28;0.28090691566467285;0.32;0.32699671387672424
0.3;0.30021029710769653;0.46;0.46173518896102905;0.44;0.4393329620361328
0.14;0.13740147650241852;0.82;0.7992489337921143;0.18;0.17312370240688324
0.24;0.2446897178888321;0.2;0.19057665765285492;0.34;0.35671138763427734
0.38;0.392007052898407;0.18;0.16011221706867218;0.44;0.4684891700744629
0.44;0.4439895451068878;0.54;0.5168532133102417;0.5;0.48662441968917847
0.52;0.5239330530166626;0.4;0.40846434235572815;0.18;0.16254979372024536
0.12;0.13601750135421753;0.52;0.5319027304649353;0.1;0.08054523915052414
0.54;0.5375008583068848;0.44;0.41433486342430115;0.3;0.283410906791687
0.26;0.24750001728534698;0.56;0.5772886872291565;0.2;0.19647881388664246
0.12;0.12822741270065308;0.62;0.6166459918022156;0.38;0.36359214782714844
0.38;0.38188436627388;0.14;0.1211172342300415;0.4;0.4225696623325348
0.26;0.2446804642677307;0.12;0.1290598213672638;0.3;0.28774285316467285
0.68;0.6927868723869324;0.12;0.10909395664930344;0.14;0.13617870211601257
0.14;0.14670999348163605;0.5;0.5155666470527649;0.44;0.43167757987976074
0.4;0.3980277478694916;0.1;0.08926910907030106;0.34;0.29425954818725586
0.18;0.18852344155311584;0.22;0.20747479796409607;0.14;0.12189123779535294
0.18;0.18260057270526886;0.3;0.2898613214492798;0.12;0.1269901990890503
0.26;0.25408878922462463;0.36;0.3995983898639679;0.42;0.43362727761268616
0.14;0.13717298209667206;0.54;0.542889416217804;0.2;0.18603768944740295
0.12;0.11808699369430542;0.16;0.1529337465763092;0.24;0.28073421120643616
0.66;0.660585880279541;0.1;0.09790272265672684;0.28;0.251071035861969
0.26;0.2530888617038727;0.62;0.6444033980369568;0.24;0.23728600144386292
0.22;0.23098298907279968;0.46;0.4752293825149536;0.3;0.29858502745628357
0.34;0.3611888885498047;0.28;0.28760191798210144;0.38;0.383718341588974
0.26;0.26996085047721863;0.14;0.11555159091949463;0.46;0.46251964569091797
0.1;0.11551026999950409;0.64;0.630653440952301;0.14;0.12336502224206924
0.36;0.3477981686592102;0.14;0.12787671387195587;0.12;0.15919432044029236
0.38;0.3883556127548218;0.48;0.4883822798728943;0.16;0.15392287075519562
0.46;0.4602149426937103;0.38;0.36755800247192383;0.4;0.3899458944797516
0.38;0.36563166975975037;0.36;0.3917928636074066;0.44;0.4487334191799164
0.5;0.5022842884063721;0.14;0.1263245940208435;0.1;0.14987172186374664
0.22;0.2150549590587616;0.26;0.25641733407974243;0.14;0.1616644263267517
0.16;0.16615115106105804;0.74;0.7594089508056641;0.26;0.24799151718616486
0.78;0.7943203449249268;0.16;0.1238936111330986;0.2;0.21105194091796875
0.22;0.22771143913269043;0.18;0.165938138961792;0.2;0.2233460694551468
0.28;0.2735937535762787;0.6;0.658877432346344;0.1;0.10387027263641357
0.34;0.34291908144950867;0.6;0.6224308013916016;0.32;0.3341290354728699
0.48;0.48015376925468445;0.1;0.09719914942979813;0.3;0.26903846859931946
0.54;0.5417276620864868;0.32;0.3041324019432068;0.44;0.43300771713256836
0.22;0.22555245459079742;0.52;0.5188381671905518;0.5;0.4887736439704895
0.12;0.1272430270910263;0.62;0.6197565197944641;0.4;0.3817950189113617
0.34;0.3432770073413849;0.32;0.3391287326812744;0.32;0.3122667670249939
0.6;0.5950151681900024;0.12;0.1320052146911621;0.1;0.15215064585208893
0.16;0.16700908541679382;0.6;0.6114161610603333;0.42;0.4088217318058014
0.14;0.13432584702968597;0.26;0.2552570104598999;0.16;0.1277206540107727
0.8;0.8181732296943665;0.16;0.11267462372779846;0.2;0.23143939673900604
0.56;0.5564291477203369;0.14;0.13067075610160828;0.4;0.40912064909935
0.38;0.39063459634780884;0.2;0.17850910127162933;0.14;0.16592684388160706
0.28;0.28730592131614685;0.62;0.6412937045097351;0.48;0.45829376578330994
0.2;0.19123946130275726;0.78;0.7374677062034607;0.12;0.11062996089458466
0.4;0.3905651569366455;0.46;0.46946409344673157;0.42;0.4166322350502014
0.22;0.216672882437706;0.68;0.7063141465187073;0.1;0.0900246724486351
0.38;0.3919905424118042;0.26;0.24877206981182098;0.12;0.13944345712661743
0.52;0.5524023771286011;0.16;0.15010477602481842;0.18;0.19631022214889526
0.28;0.3183213770389557;0.28;0.2804374694824219;0.46;0.48268836736679077
0.34;0.3692592680454254;0.28;0.2643173336982727;0.32;0.32551246881484985
0.7;0.6912903189659119;0.26;0.2238178253173828;0.38;0.37402814626693726
0.38;0.37097424268722534;0.14;0.13661742210388184;0.22;0.22619998455047607
0.26;0.27034133672714233;0.38;0.3729923367500305;0.24;0.2333393543958664
0.16;0.15593431890010834;0.48;0.482896625995636;0.24;0.21901360154151917
0.22;0.278171181678772;0.34;0.31890079379081726;0.4;0.4381233751773834
0.56;0.5654289126396179;0.28;0.26162585616111755;0.22;0.22310972213745117
0.22;0.21673908829689026;0.5;0.5077587962150574;0.24;0.2339707911014557
0.26;0.2489381581544876;0.6;0.6257496476173401;0.2;0.1994045078754425
0.24;0.24503904581069946;0.16;0.13810987770557404;0.14;0.1634347140789032
0.58;0.6016755700111389;0.34;0.31284064054489136;0.1;0.0953146368265152
0.28;0.2854706048965454;0.4;0.4113808870315552;0.32;0.3290730118751526
0.38;0.3846873342990875;0.3;0.2815014123916626;0.22;0.2197444885969162
0.3;0.29355597496032715;0.66;0.6587964296340942;0.14;0.15279483795166016
0.48;0.48942553997039795;0.18;0.17714457213878632;0.42;0.42406249046325684
0.38;0.40257561206817627;0.2;0.16601386666297913;0.1;0.14675045013427734
0.72;0.7234915494918823;0.24;0.18227122724056244;0.14;0.12864139676094055
0.1;0.09350588917732239;0.16;0.16389736533164978;0.46;0.46584051847457886
0.54;0.5464863777160645;0.14;0.14666059613227844;0.34;0.3471808433532715
0.52;0.523081362247467;0.32;0.30602511763572693;0.38;0.3774077892303467
0.46;0.4685817360877991;0.18;0.1773054450750351;0.42;0.43508562445640564
0.16;0.1540413796901703;0.78;0.7790719866752625;0.1;0.0867946445941925
0.2;0.20746520161628723;0.3;0.27845504879951477;0.28;0.3033936619758606
0.14;0.15482813119888306;0.24;0.21165543794631958;0.4;0.42035889625549316
0.1;0.10812276601791382;0.36;0.3398178219795227;0.46;0.4786168038845062
0.16;0.1705453097820282;0.2;0.17393279075622559;0.1;0.15006740391254425
0.78;0.7836614847183228;0.2;0.13176816701889038;0.38;0.3770245611667633
0.46;0.4231772720813751;0.28;0.3266109526157379;0.14;0.12584663927555084
0.1;0.0987398698925972;0.62;0.5979365706443787;0.3;0.28083130717277527
0.4;0.3808574378490448;0.14;0.14865738153457642;0.34;0.3709539771080017
0.34;0.33631765842437744;0.62;0.638934850692749;0.24;0.2569076120853424
0.14;0.13837000727653503;0.78;0.7973636984825134;0.42;0.3978644013404846
0.88;0.7927442789077759;0.1;0.11790609359741211;0.18;0.10916388034820557
0.38;0.37873148918151855;0.22;0.21966494619846344;0.18;0.19168207049369812
0.34;0.33840125799179077;0.52;0.5375693440437317;0.3;0.31483572721481323
0.38;0.3706473708152771;0.58;0.5892446041107178;0.5;0.481894314289093
0.4;0.3894493877887726;0.46;0.4690280556678772;0.46;0.4492917060852051
0.64;0.6345664262771606;0.34;0.31718143820762634;0.48;0.472207635641098
0.68;0.6642053127288818;0.2;0.21343576908111572;0.34;0.33147913217544556
0.36;0.355540931224823;0.32;0.3295513689517975;0.46;0.4446764588356018
0.32;0.31485888361930847;0.54;0.5612210035324097;0.3;0.30680790543556213
0.14;0.14497727155685425;0.24;0.23017413914203644;0.22;0.23076096177101135
0.48;0.4792217016220093;0.44;0.4559912383556366;0.16;0.1422329545021057
0.1;0.11074237525463104;0.36;0.3380660116672516;0.38;0.39447683095932007
0.56;0.5650125741958618;0.16;0.1553025096654892;0.22;0.24775166809558868
0.2;0.19704493880271912;0.54;0.5427071452140808;0.3;0.2903229296207428
0.18;0.1845501810312271;0.72;0.7358375787734985;0.38;0.3707706034183502
0.16;0.16542229056358337;0.48;0.48189929127693176;0.34;0.3301178812980652
0.26;0.2479184865951538;0.1;0.10962774604558945;0.4;0.3605896830558777
0.18;0.18138042092323303;0.32;0.3010960817337036;0.2;0.21676985919475555
0.24;0.2376670390367508;0.68;0.6949464082717896;0.26;0.2564625144004822
0.58;0.5902777910232544;0.16;0.15701924264431;0.3;0.32066088914871216
0.34;0.3407892882823944;0.5;0.5031272768974304;0.38;0.39466342329978943
0.1;0.1130012571811676;0.72;0.7151192426681519;0.22;0.20867076516151428
0.68;0.6799313426017761;0.1;0.11992161720991135;0.16;0.15698371827602386
0.56;0.5783053040504456;0.36;0.3410581648349762;0.12;0.11256013065576553
0.52;0.5465619564056396;0.16;0.16263435781002045;0.46;0.45620664954185486
0.44;0.4524112939834595;0.2;0.2004510909318924;0.32;0.33305102586746216
0.44;0.4327901601791382;0.46;0.4786873757839203;0.28;0.2731926441192627
0.52;0.523472785949707;0.38;0.39042842388153076;0.22;0.20773577690124512
0.66;0.6487650275230408;0.1;0.11122290045022964;0.2;0.1940915286540985
0.62;0.6151155233383179;0.12;0.133116215467453;0.42;0.41028743982315063
0.54;0.5428946018218994;0.34;0.3230505883693695;0.3;0.29512566328048706
0.26;0.25661349296569824;0.58;0.6408613324165344;0.1;0.10083391517400742
0.12;0.12713328003883362;0.5;0.5283731818199158;0.36;0.371445894241333
0.44;0.4448777437210083;0.42;0.4286876916885376;0.12;0.11352276802062988
0.32;0.3316423296928406;0.36;0.365673691034317;0.5;0.4980820119380951
0.2;0.20272144675254822;0.14;0.13764604926109314;0.18;0.2424241602420807
0.12;0.1257137954235077;0.24;0.21628651022911072;0.36;0.38279980421066284
0.84;0.8386595249176025;0.1;0.10558275133371353;0.5;0.4616781771183014
0.32;0.31440863013267517;0.48;0.4761101007461548;0.4;0.3962785601615906
0.42;0.4219411015510559;0.5;0.5100502967834473;0.5;0.48318567872047424
0.18;0.1837090402841568;0.68;0.6843372583389282;0.2;0.18735943734645844
0.4;0.3936961889266968;0.52;0.5491665005683899;0.38;0.38204115629196167
0.44;0.4360443353652954;0.3;0.3116781413555145;0.38;0.377382755279541
0.14;0.12780267000198364;0.12;0.1369359791278839;0.48;0.431706041097641
0.48;0.4821842908859253;0.44;0.45563963055610657;0.14;0.12168854475021362
0.48;0.4861697852611542;0.22;0.22783143818378448;0.18;0.1764960139989853
0.62;0.6259687542915344;0.12;0.12690924108028412;0.1;0.155532568693161
0.26;0.24729105830192566;0.46;0.47801101207733154;0.18;0.17305195331573486
0.36;0.3633810579776764;0.62;0.6081970930099487;0.24;0.24990138411521912
0.32;0.3171654939651489;0.58;0.6097525358200073;0.38;0.3820793032646179
0.6;0.5976355075836182;0.14;0.1497066617012024;0.36;0.3607785105705261
0.36;0.3815014064311981;0.24;0.22486712038516998;0.32;0.3455568253993988
0.22;0.22935745120048523;0.24;0.2242000848054886;0.24;0.26241806149482727
0.22;0.21887679398059845;0.16;0.14642751216888428;0.24;0.25493505597114563
0.14;0.14343416690826416;0.58;0.5811700224876404;0.4;0.37961316108703613
0.54;0.5330718755722046;0.16;0.16166716814041138;0.28;0.2883850634098053
0.14;0.13680237531661987;0.74;0.7558487057685852;0.38;0.3582845628261566
0.42;0.45356297492980957;0.52;0.49879881739616394;0.1;0.0957922488451004
0.82;0.8254806995391846;0.14;0.10161663591861725;0.5;0.5027162432670593
0.2;0.2011387050151825;0.56;0.5821105241775513;0.42;0.42013341188430786
0.24;0.2557411789894104;0.38;0.36907899379730225;0.24;0.2278994619846344
0.36;0.3545834422111511;0.42;0.44539064168930054;0.14;0.140132874250412
0.58;0.5978677868843079;0.1;0.08045564591884613;0.5;0.4946819841861725
0.68;0.6601673364639282;0.24;0.24124161899089813;0.32;0.30831971764564514
0.14;0.15859785676002502;0.22;0.1960684061050415;0.3;0.33437228202819824
0.12;0.12933486700057983;0.48;0.5181096792221069;0.36;0.3736676573753357
0.16;0.17462928593158722;0.4;0.431980162858963;0.42;0.41726216673851013
0.1;0.1077628880739212;0.56;0.5528859496116638;0.28;0.26640164852142334
0.46;0.49927273392677307;0.22;0.20068134367465973;0.12;0.1310891956090927
0.18;0.20346203446388245;0.14;0.12424178421497345;0.48;0.516089677810669
0.54;0.5415056347846985;0.3;0.2923642694950104;0.14;0.13258935511112213
0.46;0.45672374963760376;0.5;0.4924263060092926;0.36;0.3548963963985443
0.12;0.11902450770139694;0.8;0.7954233288764954;0.1;0.07367374747991562
0.54;0.5488559007644653;0.36;0.3605778217315674;0.14;0.1279173195362091
0.1;0.10252416133880615;0.82;0.8365648984909058;0.46;0.4429870545864105
0.32;0.3112278878688812;0.58;0.6326963901519775;0.12;0.1326172947883606
0.3;0.2909400463104248;0.46;0.4753173291683197;0.24;0.2308538407087326
0.52;0.523427426815033;0.3;0.28958064317703247;0.34;0.3402119576931
0.74;0.7319422364234924;0.12;0.11231886595487595;0.12;0.15057191252708435
0.5;0.5103378891944885;0.28;0.2723328769207001;0.38;0.37784314155578613
0.78;0.7927153706550598;0.16;0.12387948483228683;0.22;0.23154911398887634
0.34;0.33085381984710693;0.4;0.42750367522239685;0.34;0.3464880585670471
0.14;0.15028947591781616;0.62;0.6337692737579346;0.46;0.43554750084877014
0.14;0.1379343569278717;0.8;0.803642749786377;0.42;0.39704471826553345
0.28;0.2750561237335205;0.66;0.6721289157867432;0.2;0.21165399253368378
0.4;0.3949255645275116;0.58;0.5661078691482544;0.38;0.38221779465675354
0.14;0.14178451895713806;0.74;0.7607113718986511;0.18;0.17646734416484833
0.54;0.5513712763786316;0.24;0.23967452347278595;0.38;0.38069969415664673
0.2;0.21077613532543182;0.16;0.152703657746315;0.48;0.46932679414749146
0.32;0.31505364179611206;0.66;0.6461556553840637;0.22;0.23900194466114044
0.14;0.13777364790439606;0.44;0.4651125967502594;0.22;0.19800326228141785
0.14;0.15349245071411133;0.2;0.17436982691287994;0.16;0.22839660942554474
0.14;0.1353529989719391;0.82;0.7762075066566467;0.14;0.13120968639850616
0.28;0.2761858105659485;0.54;0.547404944896698;0.3;0.2979954183101654
0.48;0.47941407561302185;0.48;0.4720447361469269;0.18;0.15978145599365234
0.16;0.17569461464881897;0.48;0.472060889005661;0.5;0.47506317496299744
0.76;0.7779026627540588;0.18;0.12989145517349243;0.12;0.12364159524440765
0.52;0.5277672410011292;0.36;0.36138418316841125;0.14;0.12713512778282166
0.3;0.2880568206310272;0.48;0.5034868717193604;0.22;0.21362361311912537
0.74;0.7377420663833618;0.18;0.17550742626190186;0.22;0.20692190527915955
0.16;0.16830947995185852;0.4;0.4094902575016022;0.28;0.2718009352684021
0.24;0.23875512182712555;0.62;0.6306524276733398;0.3;0.293109655380249
0.62;0.6330704689025879;0.3;0.28183162212371826;0.12;0.10880410671234131
0.12;0.13151970505714417;0.46;0.4880245625972748;0.36;0.3698698878288269
0.1;0.11092357337474823;0.34;0.3295120894908905;0.3;0.29375702142715454
0.22;0.23097540438175201;0.46;0.47358956933021545;0.24;0.24286434054374695
0.2;0.20512449741363525;0.68;0.7016437649726868;0.48;0.4681115746498108
0.7;0.6866244673728943;0.2;0.20558056235313416;0.48;0.46053606271743774
0.62;0.6068786978721619;0.26;0.2837721109390259;0.22;0.21157054603099823
0.52;0.5223432183265686;0.3;0.286643385887146;0.3;0.2983039915561676
0.1;0.10450990498065948;0.84;0.845997154712677;0.5;0.4795699715614319
0.34;0.3322698771953583;0.44;0.4497304856777191;0.46;0.46806055307388306
0.34;0.34147313237190247;0.6;0.6214537024497986;0.38;0.38484272360801697
0.22;0.2165505439043045;0.7;0.7145518660545349;0.24;0.23399977385997772
0.62;0.6276556849479675;0.16;0.14914003014564514;0.16;0.14972558617591858
0.32;0.31760546565055847;0.22;0.21912920475006104;0.18;0.2005871832370758
0.12;0.12882566452026367;0.64;0.6417595148086548;0.38;0.3621043264865875
0.46;0.43651890754699707;0.12;0.1366751492023468;0.1;0.14990225434303284
0.46;0.4575105905532837;0.12;0.11925624310970306;0.16;0.18700158596038818
0.64;0.6464861035346985;0.14;0.1089562475681305;0.32;0.32914790511131287
0.1;0.12149503827095032;0.14;0.11621668934822083;0.14;0.17706546187400818
0.52;0.5090366005897522;0.1;0.10050050914287567;0.26;0.22691750526428223
0.18;0.1743563413619995;0.78;0.7519732117652893;0.12;0.11408345401287079
0.54;0.5394343137741089;0.28;0.28435689210891724;0.12;0.11434376239776611
0.5;0.5017639994621277;0.44;0.4428190290927887;0.38;0.36727628111839294
0.48;0.5037792921066284;0.14;0.11618445813655853;0.2;0.22991859912872314
0.24;0.2516326308250427;0.44;0.44915640354156494;0.26;0.2568633556365967
0.28;0.2797931432723999;0.44;0.4920371174812317;0.12;0.12968206405639648
0.12;0.12781231105327606;0.46;0.48182862997055054;0.32;0.323546826839447
0.22;0.21555227041244507;0.64;0.6537266373634338;0.24;0.23032879829406738
0.6;0.5922260284423828;0.18;0.16571196913719177;0.24;0.2405509054660797
0.78;0.7694273591041565;0.14;0.15127770602703094;0.48;0.4446556568145752
0.1;0.10442991554737091;0.88;0.8500369191169739;0.5;0.47923317551612854
0.46;0.47131797671318054;0.34;0.32719308137893677;0.34;0.3471331000328064
0.18;0.20511040091514587;0.22;0.19575205445289612;0.12;0.09590659290552139
0.42;0.413905531167984;0.46;0.4684537351131439;0.34;0.33147042989730835
0.52;0.5381737351417542;0.12;0.10162103176116943;0.26;0.26330724358558655
0.3;0.3116181790828705;0.64;0.6525639295578003;0.42;0.420825719833374
0.26;0.26041728258132935;0.54;0.5398154258728027;0.4;0.39910808205604553
0.44;0.427352637052536;0.52;0.5144611597061157;0.22;0.20221400260925293
0.26;0.25675374269485474;0.62;0.6715403199195862;0.1;0.09827064722776413
0.12;0.1305515021085739;0.7;0.697393536567688;0.22;0.21136347949504852
0.56;0.5634825825691223;0.32;0.30460232496261597;0.42;0.4198153614997864
0.44;0.38876110315322876;0.1;0.1255025863647461;0.12;0.13281726837158203
0.1;0.10203702747821808;0.8;0.819543182849884;0.46;0.44301939010620117
0.14;0.14046764373779297;0.66;0.6483587622642517;0.38;0.36052951216697693
0.36;0.3701789677143097;0.26;0.27372339367866516;0.32;0.34524258971214294
0.4;0.3987864553928375;0.56;0.5575829744338989;0.28;0.2846853733062744
0.52;0.5242984890937805;0.32;0.32166531682014465;0.12;0.11290442943572998
0.36;0.3512207269668579;0.6;0.6135489344596863;0.16;0.16450119018554688
0.74;0.7279762029647827;0.14;0.16478785872459412;0.12;0.0824032574892044
0.52;0.5218189358711243;0.4;0.39580321311950684;0.48;0.4588944911956787
0.7;0.6931671500205994;0.28;0.23922915756702423;0.48;0.47525230050086975
0.22;0.21910078823566437;0.36;0.4169815480709076;0.42;0.4334261417388916
0.3;0.3141515254974365;0.68;0.6573953628540039;0.48;0.47028598189353943
0.58;0.57572340965271;0.32;0.30992087721824646;0.46;0.45219868421554565
0.24;0.22992751002311707;0.5;0.5094887018203735;0.22;0.21135631203651428
0.56;0.5623633861541748;0.34;0.3308244049549103;0.38;0.3717992305755615
0.48;0.4588805139064789;0.26;0.33655938506126404;0.1;0.0845726877450943
0.64;0.6316518783569336;0.18;0.18103061616420746;0.34;0.3220260739326477
0.14;0.14058546721935272;0.38;0.37293577194213867;0.48;0.46944674849510193
0.36;0.3633215129375458;0.16;0.1406773328781128;0.36;0.3819460868835449
0.26;0.2717585861682892;0.26;0.2369931936264038;0.1;0.12994113564491272
0.1;0.11032257229089737;0.74;0.7396459579467773;0.22;0.208241268992424
0.28;0.28262367844581604;0.22;0.2173575460910797;0.32;0.336641401052475
0.64;0.615841269493103;0.18;0.22963498532772064;0.14;0.11958193778991699
0.44;0.38125506043434143;0.1;0.1305513232946396;0.1;0.1233939379453659
0.44;0.4592747390270233;0.14;0.12714815139770508;0.3;0.3386629521846771
0.16;0.16462302207946777;0.3;0.29013755917549133;0.2;0.2099572718143463
0.3;0.303928941488266;0.48;0.4728700518608093;0.48;0.4690423905849457
0.48;0.4847124218940735;0.1;0.09623783826828003;0.42;0.40099969506263733
0.46;0.45057570934295654;0.32;0.3171233534812927;0.16;0.1580793261528015
0.12;0.12953662872314453;0.66;0.6616974472999573;0.46;0.43736201524734497
0.26;0.2582627236843109;0.1;0.08582459390163422;0.46;0.4314303994178772
0.28;0.28354892134666443;0.36;0.3873050808906555;0.46;0.4676157534122467
0.38;0.35421591997146606;0.12;0.12332496047019958;0.14;0.1594598889350891
0.18;0.18367289006710052;0.14;0.11539249867200851;0.18;0.24152782559394836
0.48;0.508444607257843;0.16;0.12863631546497345;0.12;0.166893869638443
0.58;0.5872250199317932;0.12;0.12250208854675293;0.16;0.1832152009010315
0.56;0.5652422904968262;0.24;0.22273990511894226;0.24;0.2385161817073822
0.18;0.19324925541877747;0.12;0.11057455837726593;0.32;0.32373109459877014
0.4;0.3895922601222992;0.3;0.30252909660339355;0.3;0.3044477701187134
0.54;0.4916486442089081;0.1;0.13059411942958832;0.1;0.13515470921993256
0.6;0.6057825684547424;0.28;0.2905619144439697;0.12;0.11138751357793808
0.76;0.7465347051620483;0.14;0.16374120116233826;0.26;0.2257099151611328
0.2;0.20652613043785095;0.28;0.2562255263328552;0.16;0.1869443953037262
0.3;0.30565255880355835;0.2;0.187126025557518;0.32;0.33538752794265747
0.4;0.4075787663459778;0.26;0.2552635669708252;0.16;0.1616729199886322
0.82;0.8225294947624207;0.12;0.10865660756826401;0.48;0.4763491749763489
0.46;0.4546230435371399;0.52;0.4932365417480469;0.32;0.3120853304862976
0.56;0.5610462427139282;0.34;0.3258660137653351;0.44;0.43178343772888184
0.1;0.09850756824016571;0.82;0.8254410028457642;0.26;0.24500608444213867
0.32;0.3151848316192627;0.22;0.21496576070785522;0.3;0.3145195543766022
0.68;0.6666682362556458;0.18;0.2242346704006195;0.2;0.1798584908246994
0.34;0.33875080943107605;0.46;0.4575234651565552;0.22;0.22640255093574524
0.12;0.11817381531000137;0.86;0.8309728503227234;0.38;0.3673216700553894
0.68;0.6635251045227051;0.3;0.244426429271698;0.3;0.2886655926704407
0.12;0.13472092151641846;0.32;0.29973381757736206;0.32;0.3312503397464752
0.16;0.17469114065170288;0.14;0.1054624542593956;0.1;0.217042475938797
0.5;0.5189682841300964;0.2;0.18811841309070587;0.36;0.3505701422691345
0.58;0.5750906467437744;0.18;0.15697409212589264;0.32;0.32923537492752075
0.44;0.45218831300735474;0.14;0.1303344964981079;0.42;0.440375953912735
0.48;0.4873470067977905;0.1;0.09266830235719681;0.38;0.3536054193973541
0.66;0.6465370655059814;0.3;0.2788222134113312;0.26;0.2512481212615967
0.42;0.4064098298549652;0.16;0.17921750247478485;0.5;0.49402016401290894
0.44;0.4249208867549896;0.28;0.35424739122390747;0.1;0.09130837023258209
0.38;0.3762730658054352;0.12;0.10760963708162308;0.42;0.43369603157043457
0.1;0.116093210875988;0.3;0.2673984169960022;0.22;0.22490957379341125
0.1;0.11415161192417145;0.7;0.6970738768577576;0.22;0.2078450471162796
0.58;0.5767569541931152;0.22;0.220730721950531;0.24;0.2347962111234665
0.52;0.5236766934394836;0.38;0.3734901249408722;0.34;0.33294329047203064
0.38;0.36610761284828186;0.46;0.47474241256713867;0.44;0.43953385949134827
0.28;0.28728732466697693;0.3;0.2921878397464752;0.28;0.30327048897743225
0.1;0.09876158833503723;0.8;0.7977472543716431;0.14;0.12261936813592911
0.14;0.1420985758304596;0.72;0.7325001358985901;0.3;0.28576764464378357
0.44;0.4735741913318634;0.16;0.1291065365076065;0.2;0.2480665147304535
0.7;0.6829894185066223;0.22;0.21010589599609375;0.32;0.30222660303115845
0.6;0.5968504548072815;0.34;0.34434974193573;0.44;0.43418389558792114
0.12;0.12344302237033844;0.76;0.7751772999763489;0.28;0.26929187774658203
0.3;0.31021395325660706;0.6;0.6258013844490051;0.5;0.4837121069431305
0.1;0.10648428648710251;0.4;0.4051542282104492;0.26;0.26843518018722534
0.7;0.7456984519958496;0.14;0.08354263007640839;0.14;0.16887591779232025
0.44;0.4421704411506653;0.46;0.46588334441185;0.46;0.4536319673061371
0.6;0.5822222828865051;0.24;0.2523665130138397;0.32;0.3148844242095947
0.56;0.5647826790809631;0.36;0.35859280824661255;0.42;0.4053155481815338
0.14;0.15517663955688477;0.46;0.4756021499633789;0.46;0.45709338784217834
0.66;0.637715220451355;0.26;0.283637672662735;0.3;0.29026201367378235
0.82;0.8284008502960205;0.16;0.10482541471719742;0.32;0.3455207943916321
0.36;0.3564073145389557;0.34;0.3275477886199951;0.2;0.1929750144481659
0.24;0.23238733410835266;0.58;0.5817331075668335;0.24;0.227142333984375
0.54;0.5649838447570801;0.18;0.16635838150978088;0.46;0.4839561879634857
0.3;0.30649417638778687;0.16;0.14729800820350647;0.28;0.29816699028015137
0.22;0.21899355947971344;0.14;0.12541307508945465;0.1;0.15337517857551575
0.14;0.1415766328573227;0.4;0.44772428274154663;0.42;0.42681819200515747
0.4;0.41367265582084656;0.46;0.4725363552570343;0.1;0.09365486353635788
0.12;0.1191316545009613;0.82;0.7990169525146484;0.1;0.07301292568445206
0.44;0.44775059819221497;0.34;0.3463900089263916;0.34;0.34634929895401
0.1;0.09869733452796936;0.42;0.44839027523994446;0.4;0.4203023910522461
0.68;0.6748866438865662;0.22;0.22703644633293152;0.12;0.09807999432086945
0.66;0.6542604565620422;0.22;0.22628997266292572;0.32;0.32200488448143005
0.24;0.2465403527021408;0.42;0.45125332474708557;0.42;0.4183562397956848
0.18;0.18657012283802032;0.78;0.7720932364463806;0.4;0.3941020369529724
0.24;0.22969932854175568;0.14;0.14063221216201782;0.24;0.25302404165267944
0.66;0.6496511101722717;0.2;0.23178382217884064;0.2;0.18885140120983124
0.18;0.1814676821231842;0.66;0.6582496166229248;0.36;0.3518896996974945
0.28;0.2665398120880127;0.48;0.5185970664024353;0.16;0.167009636759758
0.24;0.23571206629276276;0.52;0.5258699059486389;0.38;0.37437063455581665
0.2;0.20228272676467896;0.42;0.42984670400619507;0.16;0.15036766231060028
0.24;0.2530181407928467;0.7;0.6879711151123047;0.48;0.44432419538497925
0.46;0.45511963963508606;0.38;0.37233802676200867;0.14;0.1379421204328537
0.6;0.5801826119422913;0.26;0.26913803815841675;0.46;0.45025086402893066
0.1;0.10341021418571472;0.62;0.6184546947479248;0.44;0.434445321559906
0.24;0.24960894882678986;0.42;0.4441457688808441;0.46;0.45291757583618164
0.14;0.14793013036251068;0.48;0.4998558461666107;0.36;0.3587481379508972
0.42;0.4260733723640442;0.38;0.37793561816215515;0.3;0.2944110929965973
0.12;0.13769923150539398;0.2;0.1660640835762024;0.16;0.2393968552350998
0.36;0.3710102438926697;0.18;0.15841040015220642;0.34;0.3552606999874115
0.26;0.2601644694805145;0.62;0.6430417895317078;0.32;0.3168671727180481
0.44;0.44314268231391907;0.38;0.36821091175079346;0.42;0.41694122552871704
0.44;0.4517629146575928;0.14;0.12320526689291;0.14;0.18687546253204346
0.2;0.21409034729003906;0.2;0.18718455731868744;0.32;0.3290000855922699
0.48;0.4625294506549835;0.28;0.33956754207611084;0.1;0.08677611500024796
0.16;0.15818165242671967;0.24;0.23864354193210602;0.3;0.29465973377227783
0.74;0.7402016520500183;0.2;0.17512327432632446;0.2;0.19428813457489014
0.34;0.33830776810646057;0.48;0.47726771235466003;0.26;0.2668653428554535
0.14;0.14175236225128174;0.24;0.2295956015586853;0.34;0.3591732084751129
0.28;0.2921921908855438;0.36;0.36409905552864075;0.22;0.21854205429553986
0.66;0.6344736218452454;0.26;0.2846921980381012;0.32;0.3092864155769348
0.22;0.2150544822216034;0.64;0.6509552001953125;0.2;0.1901240199804306
0.38;0.37796416878700256;0.22;0.21758125722408295;0.26;0.2696444094181061
0.3;0.29051473736763;0.26;0.2683952748775482;0.34;0.36357730627059937
0.18;0.18732942640781403;0.76;0.7655167579650879;0.46;0.4444461464881897
0.32;0.30714577436447144;0.44;0.46382245421409607;0.38;0.37767282128334045
0.12;0.13642258942127228;0.38;0.3621322512626648;0.34;0.35202232003211975
0.38;0.39124810695648193;0.16;0.13693472743034363;0.38;0.3975082039833069
0.16;0.1679588109254837;0.46;0.46424317359924316;0.4;0.38880568742752075
0.2;0.19291913509368896;0.16;0.1556961089372635;0.24;0.24956360459327698
0.2;0.20036323368549347;0.6;0.6116796731948853;0.2;0.1959761679172516
0.42;0.4251970946788788;0.38;0.377583384513855;0.32;0.3123357892036438
0.26;0.2522295117378235;0.48;0.48707935214042664;0.46;0.45375433564186096
0.18;0.17594552040100098;0.48;0.49208566546440125;0.22;0.20659342408180237
0.62;0.6214132308959961;0.12;0.13575884699821472;0.44;0.42775148153305054
0.46;0.4663178026676178;0.36;0.34407007694244385;0.42;0.4147396683692932
0.24;0.23652243614196777;0.52;0.5247982740402222;0.4;0.39400210976600647
0.38;0.3816242516040802;0.58;0.5885242223739624;0.32;0.33905357122421265
0.1;0.10295094549655914;0.62;0.6031745672225952;0.2;0.18143396079540253
0.58;0.5896686315536499;0.18;0.14619570970535278;0.3;0.312588632106781
0.36;0.3710949420928955;0.22;0.19873438775539398;0.12;0.14426617324352264
0.6;0.614491879940033;0.36;0.31424570083618164;0.14;0.13202327489852905
0.3;0.297196626663208;0.56;0.5816797614097595;0.26;0.2653539180755615
0.26;0.25764891505241394;0.38;0.42228156328201294;0.46;0.46485447883605957
0.78;0.7789058089256287;0.16;0.13873402774333954;0.42;0.4050375521183014
0.12;0.12630532681941986;0.62;0.6229866147041321;0.42;0.40020498633384705
0.16;0.1709810495376587;0.54;0.5403807163238525;0.48;0.4475800096988678
0.4;0.38724979758262634;0.18;0.18653830885887146;0.32;0.33079710602760315
0.22;0.2243802845478058;0.48;0.48828473687171936;0.48;0.4681394100189209
0.12;0.1351071149110794;0.46;0.49901917576789856;0.42;0.43026217818260193
0.34;0.3468681275844574;0.18;0.16761888563632965;0.42;0.4396480619907379
0.62;0.6391870975494385;0.34;0.27591824531555176;0.1;0.08708667010068893
0.12;0.1175488755106926;0.52;0.5233789086341858;0.2;0.18838323652744293
0.64;0.6208871006965637;0.24;0.2437637597322464;0.46;0.4588084816932678
0.54;0.5460233688354492;0.4;0.3921012878417969;0.48;0.46089863777160645
0.3;0.29601508378982544;0.48;0.5228654742240906;0.12;0.12320524454116821
0.36;0.36738088726997375;0.58;0.6014533042907715;0.26;0.27329379320144653
0.56;0.6010012626647949;0.2;0.1756328046321869;0.22;0.22402596473693848
0.76;0.7602853178977966;0.18;0.15210862457752228;0.24;0.24388699233531952
0.28;0.2888851463794708;0.42;0.4973297715187073;0.1;0.10431762784719467
0.28;0.2642074525356293;0.5;0.5385473370552063;0.18;0.1833459883928299
0.38;0.37581270933151245;0.3;0.3092189133167267;0.48;0.47087955474853516
0.44;0.43789681792259216;0.44;0.4376174211502075;0.44;0.4343693256378174
0.3;0.3175867795944214;0.22;0.18790048360824585;0.1;0.1363634467124939
0.18;0.18245059251785278;0.62;0.6149653196334839;0.34;0.33635568618774414
0.34;0.3425450026988983;0.62;0.6267777681350708;0.34;0.35226544737815857
0.44;0.46294695138931274;0.14;0.11882108449935913;0.26;0.30089491605758667
0.2;0.1981467604637146;0.6;0.5996878147125244;0.34;0.3330681324005127
0.2;0.20771780610084534;0.74;0.7514676451683044;0.46;0.4480721950531006
0.6;0.6008549332618713;0.38;0.35632526874542236;0.5;0.487274706363678
0.58;0.6028966903686523;0.14;0.12775659561157227;0.2;0.23290209472179413
0.24;0.25336727499961853;0.26;0.2634607255458832;0.46;0.4793916642665863
0.6;0.5938563942909241;0.3;0.2974664270877838;0.44;0.439896821975708
0.24;0.23777975142002106;0.2;0.17835089564323425;0.44;0.45819249749183655
0.18;0.18347881734371185;0.64;0.6753699779510498;0.1;0.09960616379976273
0.26;0.2642650902271271;0.62;0.6422935128211975;0.42;0.41213497519493103
0.12;0.13199582695960999;0.58;0.592962384223938;0.1;0.0799424797296524
0.16;0.15433816611766815;0.24;0.24101471900939941;0.2;0.15419124066829681
0.12;0.13094700872898102;0.14;0.13364474475383759;0.28;0.30476444959640503
0.3;0.25768205523490906;0.1;0.1304638683795929;0.12;0.11441616714000702
0.54;0.5466935634613037;0.18;0.1714395433664322;0.26;0.25575128197669983
0.56;0.5600356459617615;0.38;0.3810884952545166;0.26;0.24581661820411682
0.24;0.24469129741191864;0.52;0.5852984189987183;0.1;0.10716937482357025
0.5;0.5127298831939697;0.14;0.12235093116760254;0.14;0.17435088753700256
0.4;0.4090196192264557;0.16;0.14292429387569427;0.1;0.14860373735427856
0.56;0.5619149804115295;0.34;0.3344177007675171;0.36;0.35140562057495117
0.72;0.7245450615882874;0.26;0.18652713298797607;0.28;0.28323426842689514
0.64;0.6355432868003845;0.16;0.1577543020248413;0.36;0.36293870210647583
0.28;0.2784670293331146;0.38;0.40330395102500916;0.16;0.1656656712293625
0.5;0.4961157739162445;0.4;0.39392486214637756;0.44;0.42088961601257324
0.3;0.3077010214328766;0.36;0.4634475111961365;0.1;0.10668878257274628
0.74;0.7286359667778015;0.16;0.17532497644424438;0.32;0.291515976190567
0.54;0.5437654852867126;0.36;0.349631667137146;0.36;0.3517405390739441
0.72;0.6867145299911499;0.14;0.20308847725391388;0.2;0.14222289621829987
0.48;0.4795185923576355;0.42;0.42665910720825195;0.22;0.20583677291870117
0.38;0.39777976274490356;0.14;0.11910779774188995;0.46;0.4750610888004303
0.78;0.7900686264038086;0.16;0.12445935606956482;0.24;0.25252246856689453
0.32;0.3145381808280945;0.56;0.588782787322998;0.36;0.3641006350517273
0.14;0.145270437002182;0.62;0.6025760769844055;0.26;0.23995590209960938
0.56;0.5621083378791809;0.32;0.3053578734397888;0.34;0.33950334787368774
0.56;0.5591952204704285;0.36;0.36935096979141235;0.3;0.28519773483276367
0.4;0.39528048038482666;0.58;0.5642786622047424;0.46;0.4491787850856781
0.26;0.24936021864414215;0.48;0.49085181951522827;0.36;0.36916813254356384
0.3;0.30054786801338196;0.66;0.6515396237373352;0.24;0.2537926733493805
0.16;0.17345204949378967;0.26;0.2512551546096802;0.36;0.3714609146118164
0.54;0.5539242029190063;0.24;0.23573526740074158;0.44;0.45150893926620483
0.36;0.3845939040184021;0.28;0.2630762457847595;0.16;0.17241252958774567
0.8;0.8057601451873779;0.16;0.12138581275939941;0.48;0.4910653233528137
0.1;0.09865837544202805;0.7;0.685173511505127;0.34;0.3227894902229309
0.64;0.6753288507461548;0.12;0.08117261528968811;0.38;0.413654625415802
0.52;0.5212940573692322;0.28;0.27299419045448303;0.32;0.3177117705345154
0.24;0.24162986874580383;0.5;0.5413945317268372;0.12;0.1269722729921341
0.58;0.5674346089363098;0.14;0.14869554340839386;0.3;0.31135034561157227
0.28;0.2793925404548645;0.58;0.601226806640625;0.3;0.29620274901390076
0.22;0.2246331125497818;0.54;0.5723148584365845;0.12;0.12272678315639496
0.26;0.2427162528038025;0.5;0.5229552984237671;0.22;0.21174684166908264
0.5;0.4988667368888855;0.34;0.31624892354011536;0.24;0.23483578860759735
0.4;0.3969326913356781;0.36;0.36786872148513794;0.28;0.28127628564834595
0.16;0.17429158091545105;0.18;0.139671191573143;0.1;0.1972152441740036
0.5;0.5028671026229858;0.4;0.39504629373550415;0.38;0.36952438950538635
0.72;0.7353775501251221;0.12;0.10588093101978302;0.28;0.28688308596611023
0.12;0.12032721191644669;0.58;0.5681401491165161;0.28;0.26998552680015564
0.42;0.4133671522140503;0.46;0.4621420204639435;0.44;0.4277356266975403
0.8;0.809047520160675;0.12;0.1098410040140152;0.28;0.29091495275497437
0.36;0.36425936222076416;0.58;0.6005542278289795;0.38;0.3926757276058197
0.28;0.2780817449092865;0.56;0.5719403624534607;0.32;0.3194570541381836
0.68;0.6577737331390381;0.22;0.24099230766296387;0.32;0.3046659529209137
0.44;0.46950677037239075;0.52;0.48285529017448425;0.1;0.09621530026197433
0.1;0.09477155655622482;0.82;0.8325422406196594;0.22;0.203640416264534
0.22;0.1986137479543686;0.12;0.1167261004447937;0.14;0.18857617676258087
0.34;0.3402419984340668;0.34;0.35543590784072876;0.46;0.4622012972831726
0.24;0.2423398196697235;0.34;0.3758949637413025;0.3;0.3143865466117859
0.54;0.5457231998443604;0.38;0.3745294511318207;0.44;0.42712679505348206
0.72;0.7041575908660889;0.1;0.10411667823791504;0.18;0.1536867767572403
0.54;0.5401573777198792;0.24;0.24160455167293549;0.28;0.26554831862449646
0.66;0.6422156691551208;0.32;0.2835678458213806;0.28;0.26890796422958374
0.34;0.3418997526168823;0.36;0.4049578905105591;0.12;0.1237713098526001
0.36;0.3479858338832855;0.42;0.44455865025520325;0.46;0.4625019133090973
0.2;0.20085281133651733;0.4;0.41654759645462036;0.18;0.16556894779205322
0.36;0.35968881845474243;0.52;0.5628552436828613;0.1;0.09340735524892807
0.18;0.18183711171150208;0.14;0.11079192906618118;0.4;0.42444929480552673
0.2;0.20047448575496674;0.48;0.5062096118927002;0.38;0.3751710057258606
0.12;0.10971929877996445;0.16;0.15859563648700714;0.34;0.3567008078098297
0.32;0.31684717535972595;0.22;0.24032536149024963;0.42;0.4406580328941345
0.34;0.3412981629371643;0.58;0.6132772564888;0.3;0.31443431973457336
0.24;0.2396414875984192;0.48;0.4904475212097168;0.26;0.25893181562423706
0.62;0.604116678237915;0.2;0.21606425940990448;0.26;0.24616841971874237
0.54;0.5410287380218506;0.34;0.3404371440410614;0.22;0.21080073714256287
0.16;0.17611785233020782;0.18;0.16369444131851196;0.44;0.4516395926475525
0.42;0.41834715008735657;0.2;0.20448696613311768;0.38;0.3892870545387268
0.18;0.1848345398902893;0.58;0.5811923146247864;0.26;0.24946410953998566
0.54;0.5412818193435669;0.34;0.3336964249610901;0.26;0.2539266049861908
0.28;0.27012357115745544;0.56;0.6148046851158142;0.12;0.1235758438706398
0.74;0.7415394186973572;0.24;0.16887728869915009;0.36;0.3689254820346832
0.4;0.39329713582992554;0.26;0.26215678453445435;0.3;0.2969617247581482
0.1;0.10321491211652756;0.76;0.7654850482940674;0.28;0.2621937692165375
0.14;0.15485244989395142;0.66;0.6567487120628357;0.16;0.15610824525356293
0.64;0.6340839862823486;0.28;0.295863538980484;0.24;0.2367912232875824
0.66;0.6492739915847778;0.22;0.25364425778388977;0.16;0.14199891686439514
0.6;0.6232514381408691;0.16;0.14016835391521454;0.26;0.30670350790023804
0.26;0.2569235861301422;0.18;0.1750085949897766;0.28;0.2981766164302826
0.12;0.13083744049072266;0.5;0.49869346618652344;0.12;0.10613544285297394
0.3;0.3050540089607239;0.36;0.3794524371623993;0.38;0.39025312662124634
0.5;0.5027247071266174;0.42;0.4266034960746765;0.36;0.34986868500709534
0.16;0.16200558841228485;0.74;0.7575125098228455;0.36;0.34794822335243225
0.1;0.09468459337949753;0.88;0.8439745903015137;0.24;0.2239883691072464
0.56;0.5614462494850159;0.42;0.3890235722064972;0.36;0.340036004781723
0.5;0.4813622236251831;0.12;0.12535279989242554;0.14;0.15954507887363434
0.22;0.2330515831708908;0.38;0.4005829691886902;0.26;0.25705236196517944
0.52;0.5227141976356506;0.1;0.08985961973667145;0.5;0.48135024309158325
0.12;0.1328069269657135;0.68;0.6784349679946899;0.14;0.13298127055168152
0.36;0.3558996915817261;0.32;0.3321405053138733;0.48;0.4602072834968567
0.1;0.10708162933588028;0.72;0.7175533175468445;0.5;0.4832707941532135
0.36;0.35029473900794983;0.48;0.48751524090766907;0.36;0.36990422010421753
0.1;0.10932717472314835;0.7;0.6943265199661255;0.46;0.44809865951538086
0.3;0.3118780255317688;0.24;0.23294013738632202;0.42;0.45267167687416077
0.36;0.3776891231536865;0.16;0.13990239799022675;0.44;0.4617457985877991
0.1;0.09559661149978638;0.88;0.8208231925964355;0.12;0.09373509138822556
0.12;0.13568514585494995;0.22;0.1992211639881134;0.46;0.47284525632858276
0.82;0.8221021890640259;0.12;0.102432981133461;0.16;0.1782740205526352
0.7;0.6845429539680481;0.22;0.21201349794864655;0.36;0.34245768189430237
0.46;0.4521373212337494;0.44;0.44585490226745605;0.48;0.46322575211524963
0.52;0.5295752286911011;0.32;0.32977285981178284;0.1;0.09465546905994415
0.12;0.12159215658903122;0.18;0.17001746594905853;0.36;0.37207865715026855
0.54;0.5276963114738464;0.2;0.1647874116897583;0.44;0.4213896691799164
0.66;0.6477810144424438;0.22;0.20933769643306732;0.46;0.45889467000961304
0.34;0.3332784175872803;0.46;0.5012754201889038;0.12;0.11681140959262848
0.68;0.6815046072006226;0.22;0.21713335812091827;0.1;0.07932322472333908
0.66;0.6551587581634521;0.32;0.2692387104034424;0.22;0.21400976181030273
0.32;0.31444838643074036;0.46;0.47395220398902893;0.18;0.17962026596069336
0.58;0.576375424861908;0.24;0.2373761385679245;0.22;0.22039465606212616
0.18;0.18409882485866547;0.6;0.6019158959388733;0.4;0.39121705293655396
0.36;0.3624812662601471;0.52;0.5482802391052246;0.22;0.22484660148620605
0.18;0.19224129617214203;0.46;0.4721425175666809;0.44;0.4290049076080322
0.12;0.13477084040641785;0.22;0.1960299015045166;0.42;0.4401586055755615
0.72;0.7060034871101379;0.2;0.21439197659492493;0.48;0.467642605304718
0.48;0.46686914563179016;0.4;0.39323538541793823;0.46;0.4289957582950592
0.5;0.5065762400627136;0.18;0.1812482476234436;0.48;0.48092198371887207
0.6;0.5832405090332031;0.2;0.2596988081932068;0.1;0.08895199745893478
0.16;0.16463853418827057;0.54;0.5641476511955261;0.1;0.08434052765369415
0.18;0.18757489323616028;0.12;0.10050109028816223;0.26;0.2689662575721741
0.28;0.29102447628974915;0.36;0.3553449213504791;0.26;0.26310867071151733
0.18;0.22227203845977783;0.36;0.3492426574230194;0.4;0.4279178977012634
0.2;0.1991145759820938;0.54;0.5556831955909729;0.42;0.4227987825870514
0.38;0.36362332105636597;0.5;0.5388784408569336;0.36;0.3693055212497711
0.66;0.6310641765594482;0.28;0.29499462246894836;0.32;0.305213987827301
0.1;0.10041901469230652;0.78;0.7910106182098389;0.22;0.20485791563987732
0.12;0.1431696116924286;0.2;0.14934982359409332;0.1;0.20642828941345215
0.36;0.3763163387775421;0.26;0.23334136605262756;0.48;0.46509402990341187
0.48;0.47919461131095886;0.5;0.4730921983718872;0.18;0.15943798422813416
0.52;0.5181171298027039;0.28;0.2682200074195862;0.22;0.21469783782958984
0.2;0.20706351101398468;0.42;0.42339828610420227;0.24;0.21523670852184296
0.46;0.5028030872344971;0.24;0.2172381579875946;0.1;0.10553361475467682
0.68;0.6562448740005493;0.26;0.25434985756874084;0.38;0.36660194396972656
0.26;0.28534629940986633;0.32;0.3308754861354828;0.38;0.3999001085758209
0.12;0.12025688588619232;0.82;0.8226441740989685;0.3;0.28738999366760254
0.1;0.11278236657381058;0.72;0.7117037773132324;0.12;0.1047687754034996
0.7;0.690639853477478;0.26;0.21507148444652557;0.26;0.25196337699890137
0.18;0.20028769969940186;0.38;0.3978615999221802;0.5;0.49317440390586853
0.48;0.4832376539707184;0.22;0.22514912486076355;0.5;0.5128978490829468
0.44;0.43436241149902344;0.3;0.3109387755393982;0.4;0.3989035189151764
0.5;0.5013319253921509;0.42;0.4251830577850342;0.42;0.40362271666526794
0.74;0.7494158744812012;0.24;0.16706711053848267;0.16;0.1582735925912857
0.78;0.7989686727523804;0.2;0.11169726401567459;0.12;0.13699452579021454
0.34;0.3380209803581238;0.5;0.5055239200592041;0.28;0.29134875535964966
0.72;0.7101420760154724;0.1;0.10431321710348129;0.2;0.1746635138988495
0.22;0.22813493013381958;0.66;0.676253616809845;0.42;0.41474756598472595
0.48;0.514764666557312;0.18;0.1593741774559021;0.16;0.18478436768054962
0.68;0.6673269867897034;0.2;0.22390718758106232;0.28;0.2695412039756775
0.76;0.7802664041519165;0.22;0.12864086031913757;0.12;0.12682688236236572
0.1;0.10033216327428818;0.8;0.8167372345924377;0.36;0.3447580933570862
0.1;0.09664981067180634;0.58;0.5745146870613098;0.22;0.20432786643505096
0.22;0.21583761274814606;0.3;0.27959349751472473;0.18;0.21437892317771912
0.42;0.4222337603569031;0.52;0.5291747450828552;0.4;0.4000120759010315
0.1;0.1127491220831871;0.38;0.3657701015472412;0.42;0.436561644077301
0.2;0.21016636490821838;0.1;0.08831377327442169;0.48;0.5057443380355835
0.5;0.5023985505104065;0.48;0.4539232850074768;0.28;0.2616821229457855
0.62;0.5977923274040222;0.2;0.2181587815284729;0.2;0.18327803909778595
0.24;0.2445831298828125;0.4;0.4010021388530731;0.18;0.18362946808338165
0.18;0.18701714277267456;0.42;0.45173418521881104;0.34;0.330980122089386
0.38;0.3942677974700928;0.24;0.22835208475589752;0.28;0.2954391837120056
0.3;0.2900148630142212;0.48;0.5021301507949829;0.24;0.23276714980602264
0.24;0.23435239493846893;0.34;0.3954932987689972;0.36;0.3807055354118347
0.56;0.5766850709915161;0.32;0.3162902593612671;0.1;0.09624014049768448
0.62;0.6179118752479553;0.3;0.30594900250434875;0.32;0.3161867558956146
0.32;0.28374600410461426;0.1;0.11917789280414581;0.22;0.20975299179553986
0.26;0.24960102140903473;0.68;0.687272310256958;0.18;0.18638932704925537
0.36;0.3585469126701355;0.5;0.5410410761833191;0.12;0.114834263920784
0.18;0.1836535781621933;0.16;0.13591139018535614;0.12;0.2026255875825882
0.54;0.5371706485748291;0.34;0.3251960277557373;0.5;0.4819188714027405
0.56;0.5739701986312866;0.34;0.335026353597641;0.12;0.1130024641752243
0.24;0.23435086011886597;0.68;0.6858887076377869;0.16;0.1593688726425171
0.16;0.1591549515724182;0.54;0.5338783264160156;0.28;0.2758331894874573
0.24;0.2426934540271759;0.58;0.5665909051895142;0.48;0.45480766892433167
0.28;0.27717459201812744;0.5;0.5036376714706421;0.42;0.4175165593624115
0.6;0.5974647402763367;0.36;0.34475868940353394;0.38;0.3724044859409332
0.48;0.5133737325668335;0.22;0.20584489405155182;0.12;0.12697459757328033
0.14;0.14482782781124115;0.38;0.3774992525577545;0.36;0.35841140151023865
0.58;0.556465744972229;0.2;0.22912637889385223;0.16;0.13718564808368683
0.46;0.4359454810619354;0.3;0.339389443397522;0.12;0.10981123149394989
0.36;0.34962621331214905;0.36;0.4310920536518097;0.1;0.09588678181171417
0.44;0.46352338790893555;0.24;0.23438358306884766;0.2;0.2011607140302658
0.88;0.7658451199531555;0.1;0.1377752721309662;0.14;0.08999401330947876
0.42;0.4319264590740204;0.26;0.25649768114089966;0.26;0.2559988498687744
0.18;0.2097053974866867;0.28;0.261324942111969;0.5;0.5355525612831116
0.44;0.4416867792606354;0.46;0.46760785579681396;0.44;0.4359322190284729
0.3;0.2988886535167694;0.46;0.5322294235229492;0.1;0.10573388636112213
0.52;0.551508903503418;0.22;0.2282068282365799;0.34;0.34640321135520935
0.58;0.578508734703064;0.28;0.27108120918273926;0.38;0.38621893525123596
0.3;0.31230825185775757;0.62;0.6434151530265808;0.44;0.43801021575927734
0.18;0.1843218356370926;0.32;0.3096601665019989;0.24;0.2543535828590393
0.3;0.29813146591186523;0.42;0.43005242943763733;0.24;0.23211988806724548
0.32;0.3158828616142273;0.4;0.41548585891723633;0.36;0.3722147047519684
0.64;0.6636658906936646;0.16;0.12180151045322418;0.1;0.10426832735538483
0.42;0.4199712574481964;0.1;0.08954139798879623;0.46;0.4699999690055847
0.24;0.24887268245220184;0.32;0.2977159023284912;0.16;0.18193219602108002
0.38;0.3910072445869446;0.18;0.15570195019245148;0.42;0.44640105962753296
0.18;0.18411073088645935;0.66;0.6627604961395264;0.28;0.2702573835849762
0.52;0.5287045240402222;0.16;0.1584717333316803;0.42;0.4152030050754547
0.2;0.20568329095840454;0.4;0.4396790862083435;0.38;0.38382482528686523
0.2;0.19722461700439453;0.38;0.42728111147880554;0.26;0.26035037636756897
0.26;0.25207075476646423;0.46;0.47137871384620667;0.42;0.41433826088905334
0.58;0.5914941430091858;0.1;0.10299385339021683;0.3;0.27645593881607056
0.28;0.28598079085350037;0.62;0.6432059407234192;0.34;0.338427871465683
0.36;0.366043359041214;0.46;0.4578254222869873;0.2;0.19251711666584015
0.14;0.14305230975151062;0.32;0.3058803379535675;0.14;0.13681621849536896
0.72;0.7015373110771179;0.18;0.200214684009552;0.22;0.18866892158985138
0.58;0.5963717699050903;0.1;0.0996335819363594;0.32;0.3020528256893158
0.32;0.3097793757915497;0.22;0.22677898406982422;0.38;0.39462584257125854
0.16;0.1617426872253418;0.64;0.6307686567306519;0.5;0.4747290015220642
0.5;0.4586471915245056;0.1;0.12764869630336761;0.16;0.15807084739208221
0.1;0.10069853067398071;0.82;0.8317221999168396;0.34;0.32459989190101624
0.26;0.2758837044239044;0.22;0.20996086299419403;0.5;0.505247950553894
0.22;0.2365529090166092;0.44;0.43590638041496277;0.26;0.25344598293304443
0.52;0.4896785616874695;0.1;0.11617916822433472;0.2;0.17880354821681976
0.68;0.6622611880302429;0.12;0.13493207097053528;0.28;0.28800979256629944
0.1;0.12291326373815536;0.48;0.5061721801757812;0.46;0.4766015410423279
0.62;0.6182119250297546;0.34;0.32896867394447327;0.42;0.4156425893306732
0.24;0.23894816637039185;0.48;0.4747414290904999;0.5;0.4702920913696289
0.14;0.14821739494800568;0.14;0.12574949860572815;0.48;0.4603176712989807
0.2;0.21340389549732208;0.48;0.49546074867248535;0.48;0.47584620118141174
0.22;0.22814905643463135;0.44;0.4740324914455414;0.44;0.449657142162323
0.12;0.13623031973838806;0.66;0.655807375907898;0.16;0.15297532081604004
0.56;0.5654551982879639;0.38;0.37637627124786377;0.44;0.4206203818321228
0.2;0.19372166693210602;0.12;0.1282154768705368;0.34;0.38855233788490295
0.22;0.22361722588539124;0.52;0.5532429814338684;0.12;0.12039908021688461
0.42;0.4344410300254822;0.18;0.1733982414007187;0.36;0.3691864609718323
0.14;0.1616017371416092;0.18;0.15415865182876587;0.42;0.42979106307029724
0.44;0.4377146363258362;0.22;0.23119288682937622;0.42;0.4120568633079529
0.1;0.11405788362026215;0.42;0.4374438226222992;0.34;0.355562299489975
0.32;0.3177957534790039;0.38;0.39780330657958984;0.38;0.3919542729854584
0.2;0.20457448065280914;0.7;0.7255266308784485;0.34;0.3443712592124939
0.32;0.313372403383255;0.5;0.5260937809944153;0.14;0.13623251020908356
0.5;0.5021754503250122;0.28;0.2753972113132477;0.26;0.24464073777198792
0.22;0.21265852451324463;0.52;0.5329654216766357;0.2;0.19470623135566711
0.52;0.5210118293762207;0.46;0.42850273847579956;0.42;0.4037477970123291
0.1;0.09197259694337845;0.24;0.23260082304477692;0.32;0.33033862709999084
0.72;0.7054486274719238;0.26;0.21931865811347961;0.48;0.48016124963760376
0.34;0.331823468208313;0.38;0.40093696117401123;0.3;0.30109038949012756
0.24;0.23514430224895477;0.28;0.26039689779281616;0.2;0.23174019157886505
0.18;0.19608286023139954;0.4;0.4270995855331421;0.42;0.4144032597541809
0.72;0.7260164618492126;0.12;0.11343405395746231;0.4;0.4109697937965393
0.6;0.596730649471283;0.3;0.3054772913455963;0.34;0.3347192406654358
0.2;0.20971255004405975;0.24;0.22990435361862183;0.34;0.3606063723564148
0.1;0.12540203332901;0.3;0.26780736446380615;0.46;0.48023396730422974
0.48;0.48270300030708313;0.34;0.3195172846317291;0.48;0.467226505279541
0.46;0.4816260039806366;0.48;0.4676467776298523;0.1;0.09155865758657455
0.18;0.18411728739738464;0.74;0.7551295161247253;0.28;0.2624689042568207
0.66;0.6558303833007812;0.16;0.14647462964057922;0.46;0.46267932653427124
0.44;0.44265174865722656;0.38;0.37302765250205994;0.3;0.2994898855686188
0.3;0.30740970373153687;0.36;0.3716735243797302;0.46;0.4630733132362366
0.18;0.19246026873588562;0.24;0.23908475041389465;0.36;0.3800087571144104
0.18;0.17985963821411133;0.46;0.46940135955810547;0.24;0.21764159202575684
0.36;0.3655569851398468;0.54;0.5693988800048828;0.32;0.33719563484191895
0.12;0.11799577623605728;0.86;0.8295620083808899;0.36;0.3478311598300934
0.64;0.6321377158164978;0.32;0.3146555423736572;0.46;0.4520610272884369
0.32;0.32443681359291077;0.12;0.111551433801651;0.32;0.3463170528411865
0.52;0.5038794279098511;0.1;0.10443222522735596;0.24;0.2100958377122879
0.36;0.36181023716926575;0.56;0.591168999671936;0.38;0.3922136723995209
0.16;0.16630780696868896;0.66;0.6589666604995728;0.14;0.1371774971485138
0.42;0.41423338651657104;0.42;0.4180671274662018;0.46;0.4431360363960266
0.22;0.24984844028949738;0.22;0.19161108136177063;0.1;0.1291460245847702
0.34;0.3420722186565399;0.58;0.6110800504684448;0.32;0.33369049429893494
0.46;0.4720173478126526;0.34;0.3271676301956177;0.36;0.3659333288669586
0.28;0.2897412180900574;0.16;0.14544643461704254;0.14;0.18550296127796173
0.14;0.1610952913761139;0.24;0.2090100347995758;0.46;0.47766542434692383
0.4;0.38783881068229675;0.3;0.2994787096977234;0.28;0.2807508409023285
0.32;0.32192865014076233;0.66;0.6396458148956299;0.5;0.4724859595298767
0.1;0.09228865802288055;0.22;0.22348621487617493;0.38;0.38732561469078064
0.28;0.27902331948280334;0.4;0.4600519835948944;0.12;0.12810543179512024
0.38;0.3684074580669403;0.46;0.4672151803970337;0.26;0.2610360085964203
0.1;0.10637768357992172;0.84;0.8052432537078857;0.1;0.06603499501943588
0.74;0.7346981763839722;0.24;0.18115928769111633;0.44;0.44792646169662476
0.2;0.23427042365074158;0.34;0.33316585421562195;0.4;0.4332168698310852
0.24;0.2369244247674942;0.56;0.5584810972213745;0.28;0.2693942189216614
0.36;0.358293354511261;0.12;0.104505755007267;0.26;0.24987754225730896
0.58;0.5830391645431519;0.36;0.3522881269454956;0.2;0.18921655416488647
0.22;0.2259005457162857;0.38;0.39727604389190674;0.5;0.4919864535331726
0.36;0.3559315502643585;0.16;0.14665822684764862;0.16;0.17990152537822723
0.1;0.09931311756372452;0.78;0.7927084565162659;0.2;0.1840047687292099
0.66;0.6488258242607117;0.18;0.2039896696805954;0.2;0.18320202827453613
0.32;0.313825786113739;0.56;0.5872625112533569;0.44;0.4261934757232666
0.48;0.4896889328956604;0.16;0.1606736183166504;0.28;0.3099942207336426
0.2;0.20509065687656403;0.3;0.27617892622947693;0.12;0.14442838728427887
0.78;0.7948374152183533;0.14;0.11631934344768524;0.14;0.14404639601707458
0.3;0.2981593608856201;0.44;0.43942585587501526;0.32;0.32407647371292114
0.28;0.27683770656585693;0.46;0.45989611744880676;0.48;0.47039341926574707
0.18;0.18126747012138367;0.24;0.22865232825279236;0.22;0.23655128479003906
0.2;0.20752309262752533;0.36;0.40237733721733093;0.3;0.3261994421482086
0.4;0.4003708064556122;0.56;0.5496375560760498;0.24;0.24115967750549316
0.12;0.13009235262870789;0.34;0.3115837872028351;0.46;0.4756019711494446
0.14;0.149317666888237;0.38;0.4506409168243408;0.12;0.11697206646203995
0.36;0.3551291823387146;0.36;0.35074716806411743;0.2;0.19754952192306519
0.26;0.2593320608139038;0.5;0.5056266784667969;0.48;0.4702807068824768
0.28;0.2781532108783722;0.52;0.5568453073501587;0.14;0.15400449931621552
0.2;0.21125838160514832;0.18;0.17260852456092834;0.38;0.38357099890708923
0.58;0.5802412033081055;0.36;0.3607797622680664;0.44;0.42597922682762146
0.3;0.27445223927497864;0.12;0.12561377882957458;0.14;0.1615424007177353
0.3;0.308134526014328;0.38;0.4635794162750244;0.1;0.10593637079000473
0.4;0.3951997756958008;0.44;0.4475194811820984;0.32;0.32070690393447876
0.26;0.2511892318725586;0.14;0.13513222336769104;0.24;0.2458455115556717
0.12;0.12020459026098251;0.46;0.4771709442138672;0.22;0.20009064674377441
0.38;0.3649991452693939;0.12;0.112234927713871;0.36;0.36671748757362366
0.26;0.2588612139225006;0.38;0.41782188415527344;0.48;0.48039597272872925
0.2;0.2050074189901352;0.26;0.2427370846271515;0.18;0.20261964201927185
0.24;0.23453935980796814;0.1;0.10123700648546219;0.42;0.3926752507686615
0.56;0.5650820136070251;0.36;0.3518340289592743;0.5;0.4771405756473541
0.24;0.19695623219013214;0.1;0.11269322037696838;0.14;0.16607464849948883
0.36;0.36953115463256836;0.56;0.586052656173706;0.32;0.3382438123226166
0.12;0.12943048775196075;0.18;0.17236444354057312;0.46;0.461696058511734
0.32;0.3087049722671509;0.6;0.6436084508895874;0.16;0.1776282638311386
0.28;0.3032512366771698;0.3;0.2627546191215515;0.44;0.452803373336792
0.3;0.30331167578697205;0.58;0.6028931140899658;0.34;0.3436773419380188
0.1;0.11536239832639694;0.12;0.11389883607625961;0.14;0.13862183690071106
0.4;0.39114001393318176;0.42;0.4285705089569092;0.42;0.41932326555252075
0.34;0.355399489402771;0.2;0.1710066944360733;0.1;0.13630874454975128
0.62;0.6039683818817139;0.24;0.2681471109390259;0.2;0.18748025596141815
0.28;0.2762494683265686;0.44;0.46151968836784363;0.26;0.2687905430793762
0.74;0.741967499256134;0.1;0.09191413968801498;0.16;0.13902896642684937
0.44;0.43860986828804016;0.44;0.45173129439353943;0.14;0.1290421485900879
0.24;0.2322479486465454;0.6;0.6041420102119446;0.22;0.20770812034606934
0.5;0.5075424909591675;0.14;0.1303078979253769;0.5;0.4945385456085205
0.2;0.20532506704330444;0.78;0.7576244473457336;0.3;0.29955363273620605
0.16;0.1601831018924713;0.78;0.7680725455284119;0.18;0.17471778392791748
0.7;0.6906654238700867;0.1;0.10502386838197708;0.5;0.5186896920204163
0.66;0.6441102623939514;0.22;0.20860815048217773;0.5;0.49808454513549805
0.3;0.2888362407684326;0.6;0.6461119651794434;0.14;0.14884096384048462
0.16;0.15726688504219055;0.52;0.5279672741889954;0.18;0.16767458617687225
0.5;0.46399131417274475;0.1;0.12303061783313751;0.18;0.16789865493774414
0.28;0.275531530380249;0.44;0.4440056383609772;0.4;0.40244731307029724
0.28;0.2713269293308258;0.58;0.6468369960784912;0.1;0.1028166189789772
0.5;0.5016475915908813;0.4;0.3940216302871704;0.4;0.3872833847999573
0.62;0.6353360414505005;0.34;0.2841196060180664;0.12;0.10841438919305801
0.36;0.3578256368637085;0.4;0.3979664742946625;0.24;0.2413979023694992
0.56;0.591334879398346;0.16;0.14190535247325897;0.1;0.15829762816429138
0.5;0.5048648715019226;0.3;0.28988581895828247;0.36;0.362780898809433
0.56;0.5612137913703918;0.32;0.3016425669193268;0.5;0.4914836287498474
0.2;0.21832585334777832;0.24;0.22932229936122894;0.48;0.5046514272689819
0.6;0.5797533392906189;0.2;0.24931655824184418;0.12;0.10515761375427246
0.18;0.18215113878250122;0.1;0.09867125004529953;0.22;0.24067826569080353
0.46;0.4549822211265564;0.4;0.39066222310066223;0.3;0.29176345467567444
0.48;0.4772037863731384;0.42;0.41989192366600037;0.32;0.30495914816856384
0.32;0.3197783827781677;0.34;0.40505048632621765;0.12;0.11928069591522217
0.14;0.1362772285938263;0.84;0.8092724084854126;0.34;0.3198021352291107
0.5;0.505496621131897;0.24;0.2394542247056961;0.3;0.270468533039093
0.24;0.2510886490345001;0.72;0.690167248249054;0.46;0.4296495020389557
0.86;0.841551661491394;0.1;0.10442178696393967;0.3;0.2448749989271164
0.36;0.3746831715106964;0.18;0.15733689069747925;0.36;0.3769379258155823
0.68;0.6912721395492554;0.1;0.11290696263313293;0.24;0.23078064620494843
0.2;0.2088794708251953;0.4;0.4307321608066559;0.42;0.4237028658390045
0.88;0.8521608710289001;0.1;0.10417024791240692;0.42;0.2787245810031891
0.26;0.2531592547893524;0.66;0.6779861450195312;0.22;0.22197003662586212
0.12;0.11760500818490982;0.78;0.7990201711654663;0.18;0.17233309149742126
0.1;0.0943736806511879;0.16;0.16229847073554993;0.32;0.3321252465248108
0.14;0.16019420325756073;0.18;0.1547798067331314;0.48;0.48604053258895874
0.34;0.3481895625591278;0.2;0.18658289313316345;0.4;0.422075092792511
0.46;0.4735445976257324;0.14;0.12502864003181458;0.36;0.4067358076572418
0.42;0.40441468358039856;0.1;0.0957072451710701;0.24;0.21794691681861877
0.66;0.6793738603591919;0.1;0.08586473017930984;0.38;0.3657406270503998
0.26;0.26770973205566406;0.16;0.13489367067813873;0.12;0.1514424830675125
0.3;0.3099885880947113;0.3;0.3106619417667389;0.46;0.4720028340816498
0.46;0.45238202810287476;0.48;0.4857334494590759;0.2;0.18017606437206268
0.12;0.1053537055850029;0.1;0.11554180830717087;0.34;0.21832433342933655
0.4;0.3886611759662628;0.46;0.4686763882637024;0.48;0.4645923972129822
0.28;0.28244832158088684;0.14;0.1375889778137207;0.3;0.32429999113082886
0.34;0.32932889461517334;0.62;0.6368578672409058;0.14;0.15442179143428802
0.62;0.5958819389343262;0.1;0.13043679296970367;0.12;0.15249761939048767
0.42;0.41713929176330566;0.5;0.5213735699653625;0.3;0.3012048304080963
0.2;0.2021522969007492;0.66;0.674690842628479;0.4;0.401400625705719
0.3;0.31178662180900574;0.66;0.6568405032157898;0.42;0.421044260263443
0.14;0.1587606966495514;0.4;0.39262157678604126;0.24;0.2270231693983078
0.26;0.2517218589782715;0.58;0.594611644744873;0.26;0.25165948271751404
0.76;0.7770393490791321;0.2;0.13404187560081482;0.14;0.14466148614883423
0.32;0.32305482029914856;0.42;0.43610501289367676;0.48;0.474647581577301
0.4;0.39689600467681885;0.4;0.41232630610466003;0.38;0.38801613450050354
0.18;0.18419161438941956;0.32;0.29401472210884094;0.16;0.17790420353412628
0.52;0.5461529493331909;0.16;0.14130087196826935;0.12;0.15249088406562805
0.7;0.7331244349479675;0.14;0.09784365445375443;0.18;0.21397852897644043
0.64;0.6323920488357544;0.26;0.28336063027381897;0.2;0.19413453340530396
0.48;0.48941466212272644;0.14;0.13436493277549744;0.48;0.46769189834594727
0.34;0.33487066626548767;0.4;0.432923823595047;0.14;0.1411161720752716
0.72;0.7389087080955505;0.12;0.09988320618867874;0.46;0.45968255400657654
0.38;0.3708702325820923;0.12;0.10967514663934708;0.26;0.2542320191860199
0.72;0.6878467202186584;0.14;0.20166873931884766;0.22;0.162194162607193
0.56;0.5555027723312378;0.32;0.32823073863983154;0.24;0.23464572429656982
0.48;0.5011375546455383;0.18;0.17647159099578857;0.2;0.21791216731071472
0.68;0.6754752993583679;0.3;0.23619385063648224;0.22;0.21319106221199036
0.46;0.43743497133255005;0.1;0.11529015004634857;0.2;0.18197086453437805
0.32;0.3144231140613556;0.48;0.47698402404785156;0.38;0.37720346450805664
0.3;0.31897011399269104;0.16;0.15038995444774628;0.42;0.4164755344390869
0.6;0.6070866584777832;0.18;0.1756909042596817;0.48;0.5043154954910278
0.18;0.1834796965122223;0.32;0.308902770280838;0.26;0.270405650138855
0.22;0.2356441169977188;0.22;0.2076280564069748;0.28;0.28713104128837585
0.56;0.5957769155502319;0.12;0.10693862289190292;0.34;0.36969900131225586
0.24;0.2474348098039627;0.5;0.5625927448272705;0.1;0.10625001043081284
0.88;0.8459880948066711;0.1;0.1033296063542366;0.38;0.24519911408424377
0.28;0.2779768407344818;0.62;0.6452112793922424;0.26;0.25951749086380005
0.7;0.6856808662414551;0.22;0.21806786954402924;0.42;0.40454167127609253
0.56;0.5626423358917236;0.22;0.21452225744724274;0.26;0.24566908180713654
0.1;0.10557790845632553;0.2;0.2136811912059784;0.5;0.5042356252670288
0.2;0.20681454241275787;0.44;0.44156143069267273;0.26;0.23873372375965118
0.68;0.6688742637634277;0.3;0.2649858593940735;0.48;0.46706923842430115
0.14;0.14441871643066406;0.84;0.8103732466697693;0.26;0.2493378221988678
0.16;0.18054063618183136;0.38;0.36281314492225647;0.24;0.23965688049793243
0.1;0.10402818769216537;0.54;0.5493006706237793;0.34;0.3421550393104553
0.8;0.8145513534545898;0.16;0.10968286544084549;0.26;0.2945113778114319
0.32;0.3156789243221283;0.66;0.6469498872756958;0.28;0.2938273847103119
0.48;0.4819403886795044;0.46;0.46311309933662415;0.44;0.4240857660770416
0.4;0.402447909116745;0.38;0.39559364318847656;0.44;0.4449450373649597
0.32;0.3321801722049713;0.14;0.12190857529640198;0.24;0.25785166025161743
0.6;0.5895132422447205;0.12;0.12501151859760284;0.36;0.3639907240867615
0.62;0.615435004234314;0.32;0.3201174736022949;0.36;0.3534909784793854
0.24;0.2472902238368988;0.56;0.5493720173835754;0.48;0.4603382647037506
0.46;0.41840511560440063;0.26;0.3196829855442047;0.14;0.1213129311800003
0.38;0.39016982913017273;0.2;0.17982487380504608;0.38;0.4071863293647766
0.38;0.36161234974861145;0.48;0.49686551094055176;0.46;0.453194797039032
0.24;0.2527606785297394;0.32;0.2982375919818878;0.2;0.2149970531463623
0.32;0.30978333950042725;0.42;0.4469117522239685;0.28;0.279630184173584
0.5;0.4964396059513092;0.2;0.20448660850524902;0.26;0.25387144088745117
0.14;0.1423102617263794;0.7;0.7026416063308716;0.3;0.2848338484764099
0.52;0.5244572758674622;0.12;0.11072322726249695;0.2;0.20758286118507385
0.24;0.24355080723762512;0.32;0.30257272720336914;0.14;0.15910597145557404
0.76;0.7606404423713684;0.2;0.15004655718803406;0.26;0.2684508264064789
0.76;0.7513876557350159;0.2;0.17003275454044342;0.46;0.4581952691078186
0.4;0.41128963232040405;0.42;0.43143031001091003;0.1;0.09668102860450745
0.1;0.1066698357462883;0.86;0.8041411638259888;0.1;0.06585593521595001
0.2;0.20434264838695526;0.36;0.3945613503456116;0.12;0.11848272383213043
0.2;0.22162342071533203;0.34;0.3299678862094879;0.3;0.31354865431785583
0.16;0.16965442895889282;0.28;0.2689109444618225;0.3;0.3114140033721924
0.22;0.24507245421409607;0.34;0.32412028312683105;0.22;0.23829779028892517
0.2;0.20697730779647827;0.26;0.2362995743751526;0.36;0.3798580765724182
0.52;0.5134752988815308;0.24;0.24088454246520996;0.22;0.19468526542186737
0.58;0.5642843246459961;0.26;0.26943907141685486;0.18;0.17203544080257416
0.14;0.15779118239879608;0.34;0.3166598975658417;0.42;0.44255924224853516
0.54;0.5423242449760437;0.24;0.24006347358226776;0.32;0.3053719997406006
0.4;0.39231643080711365;0.48;0.4981628954410553;0.24;0.23613175749778748
0.28;0.27926212549209595;0.66;0.668195366859436;0.26;0.26232248544692993
0.36;0.36134615540504456;0.48;0.48566263914108276;0.24;0.24101431667804718
0.8;0.8045558333396912;0.18;0.12192677706480026;0.36;0.38382688164711
0.6;0.5900812745094299;0.26;0.2540886104106903;0.3;0.2927342355251312
0.1;0.12038694322109222;0.26;0.23369088768959045;0.14;0.1487986296415329
0.74;0.7427729964256287;0.24;0.1712859570980072;0.22;0.2193250209093094
0.6;0.5831581950187683;0.28;0.2804073095321655;0.48;0.47338658571243286
0.3;0.30516281723976135;0.28;0.273061603307724;0.24;0.258884996175766
0.36;0.3640526235103607;0.34;0.3367219567298889;0.28;0.283625066280365
0.56;0.5600098967552185;0.42;0.385712206363678;0.22;0.2064165621995926
0.36;0.3758445084095001;0.2;0.1788017302751541;0.42;0.43558087944984436
0.42;0.4233970642089844;0.14;0.14164622128009796;0.48;0.47719794511795044
0.44;0.42991453409194946;0.46;0.4711752235889435;0.2;0.1843802034854889
0.28;0.305583655834198;0.24;0.21321652829647064;0.46;0.47906750440597534
0.28;0.2818358838558197;0.66;0.6689925193786621;0.28;0.28035837411880493
0.12;0.13170303404331207;0.48;0.5117480158805847;0.44;0.451435387134552
0.32;0.31409186124801636;0.56;0.5900342464447021;0.26;0.2721872925758362
0.24;0.23890069127082825;0.46;0.46620431542396545;0.42;0.40456023812294006
0.12;0.12563659250736237;0.62;0.6298496723175049;0.46;0.4388972222805023
0.58;0.5980451107025146;0.14;0.13295333087444305;0.12;0.1704672873020172
0.7;0.6894664168357849;0.28;0.22052499651908875;0.34;0.33179521560668945
0.64;0.6265457272529602;0.18;0.18920649588108063;0.24;0.22241151332855225
0.5;0.49911466240882874;0.36;0.34644263982772827;0.3;0.29424506425857544
0.68;0.6629393696784973;0.18;0.22661329805850983;0.16;0.13159754872322083
0.1;0.1006251871585846;0.66;0.6455354690551758;0.32;0.29819634556770325
0.58;0.589250385761261;0.14;0.13119754195213318;0.24;0.2761421203613281
0.1;0.0985083356499672;0.64;0.618291974067688;0.3;0.2768007814884186
0.46;0.4822766184806824;0.22;0.2342790961265564;0.42;0.4149741530418396
0.4;0.39105722308158875;0.28;0.3317553997039795;0.12;0.10846291482448578
0.44;0.442208468914032;0.32;0.3296286165714264;0.26;0.26093220710754395
0.62;0.6274413466453552;0.18;0.17517608404159546;0.28;0.27801793813705444
0.16;0.16966179013252258;0.4;0.3833281993865967;0.12;0.10020442306995392
0.26;0.2910577654838562;0.26;0.24481981992721558;0.46;0.47949376702308655
0.3;0.311807245016098;0.3;0.2903154790401459;0.26;0.2910690903663635
0.16;0.1718490719795227;0.4;0.3870750665664673;0.16;0.13679057359695435
0.36;0.34949949383735657;0.46;0.46890875697135925;0.46;0.4597863554954529
0.42;0.4235292375087738;0.32;0.3187940716743469;0.4;0.4002130627632141
0.3;0.26756733655929565;0.1;0.12111885845661163;0.24;0.21078801155090332
0.5;0.49347221851348877;0.3;0.286992609500885;0.48;0.48030051589012146
0.62;0.6195338368415833;0.36;0.32020556926727295;0.28;0.2755524516105652
0.18;0.17479637265205383;0.7;0.7267922163009644;0.12;0.11833237111568451
0.22;0.21979781985282898;0.74;0.6985673308372498;0.16;0.15395888686180115
0.42;0.41933807730674744;0.56;0.5368826985359192;0.32;0.32353416085243225
0.6;0.5940737128257751;0.12;0.1197534129023552;0.5;0.5233416557312012
0.16;0.16436932981014252;0.38;0.39179927110671997;0.5;0.49277639389038086
0.46;0.45474204421043396;0.52;0.49286386370658875;0.16;0.1397843062877655
0.2;0.21375329792499542;0.28;0.2657721936702728;0.38;0.40108761191368103
0.22;0.2196759581565857;0.28;0.26780933141708374;0.26;0.28854307532310486
0.64;0.6327682137489319;0.12;0.12636889517307281;0.1;0.1428973376750946
0.48;0.5056780576705933;0.18;0.17903316020965576;0.46;0.45931583642959595
0.54;0.5394757390022278;0.4;0.40470877289772034;0.36;0.34453916549682617
0.74;0.736246645450592;0.18;0.17797169089317322;0.18;0.16462737321853638
0.28;0.26998665928840637;0.5;0.5274521708488464;0.24;0.23036551475524902
0.48;0.479494571685791;0.46;0.46742045879364014;0.16;0.1404065191745758
0.32;0.3429679274559021;0.3;0.28240853548049927;0.28;0.3005146086215973
0.26;0.2577548325061798;0.58;0.5892258286476135;0.36;0.35911765694618225
0.46;0.46610066294670105;0.36;0.3386852741241455;0.22;0.22316387295722961
0.12;0.11669482290744781;0.72;0.7180731892585754;0.42;0.40359359979629517
0.14;0.13539662957191467;0.76;0.7751796245574951;0.1;0.08082003891468048
0.3;0.3569811284542084;0.32;0.29713180661201477;0.34;0.3618583679199219
0.5;0.4713848829269409;0.26;0.3111538887023926;0.12;0.10119982808828354
0.1;0.11323384940624237;0.66;0.6498954892158508;0.18;0.16375675797462463
0.68;0.6672079563140869;0.24;0.23918955028057098;0.26;0.24972987174987793
0.14;0.14848284423351288;0.58;0.5850683450698853;0.5;0.45396798849105835
0.5;0.5081223845481873;0.28;0.27247482538223267;0.36;0.35488805174827576
0.36;0.3502190411090851;0.36;0.3766419291496277;0.46;0.4510345458984375
0.38;0.3974671959877014;0.26;0.27048277854919434;0.5;0.4840964376926422
0.64;0.6270738840103149;0.22;0.24870610237121582;0.2;0.1901514232158661
0.14;0.1371763050556183;0.1;0.11081776022911072;0.26;0.18098464608192444
0.1;0.10717514157295227;0.34;0.332600474357605;0.24;0.22785072028636932
0.8;0.8107051253318787;0.14;0.10189861804246902;0.12;0.14031147956848145
0.1;0.10189849138259888;0.24;0.2303304672241211;0.36;0.3775128424167633
0.22;0.22676770389080048;0.12;0.09371618926525116;0.44;0.429907888174057
0.3;0.3005523383617401;0.4;0.40681472420692444;0.22;0.21278437972068787
0.3;0.28935128450393677;0.46;0.48305585980415344;0.18;0.18068274855613708
0.34;0.3139490485191345;0.1;0.11616361886262894;0.3;0.26748061180114746
0.3;0.2734032869338989;0.12;0.12709864974021912;0.12;0.14395882189273834
0.44;0.43883997201919556;0.32;0.33057498931884766;0.44;0.4425269067287445
0.18;0.18265081942081451;0.3;0.28654932975769043;0.14;0.1468738317489624
0.18;0.19879725575447083;0.12;0.08186943084001541;0.5;0.5100077390670776
0.54;0.5561557412147522;0.14;0.1288326382637024;0.14;0.16812588274478912
0.56;0.5552356839179993;0.28;0.26662611961364746;0.18;0.17553439736366272
0.28;0.27502578496932983;0.7;0.6734331846237183;0.22;0.2308274209499359
0.44;0.4411092698574066;0.38;0.3626435101032257;0.46;0.45379891991615295
0.68;0.6903836727142334;0.14;0.1165170818567276;0.12;0.13697806000709534
0.34;0.3375403583049774;0.46;0.46716809272766113;0.4;0.4181444048881531
0.54;0.5410070419311523;0.34;0.32750532031059265;0.4;0.3906893730163574
0.12;0.11960969865322113;0.5;0.49707090854644775;0.18;0.1677364557981491
0.4;0.3888607919216156;0.48;0.4941672682762146;0.42;0.41586828231811523
0.16;0.1724918633699417;0.52;0.5313079357147217;0.46;0.43979015946388245
0.22;0.22411128878593445;0.18;0.17307710647583008;0.26;0.2816585898399353
0.6;0.5802659392356873;0.24;0.2506864666938782;0.36;0.35374322533607483
0.18;0.1922791302204132;0.48;0.527106523513794;0.1;0.08714044094085693
0.22;0.23127493262290955;0.72;0.725037157535553;0.5;0.4627302587032318
0.36;0.362557590007782;0.6;0.5950607657432556;0.5;0.4795559346675873
0.52;0.5183959007263184;0.36;0.3451027274131775;0.38;0.37283429503440857
0.48;0.4557652771472931;0.12;0.13133272528648376;0.12;0.15121044218540192
0.38;0.3888659179210663;0.3;0.29988333582878113;0.16;0.15654101967811584
0.24;0.23284180462360382;0.52;0.5320804715156555;0.26;0.2508235573768616
0.46;0.44978851079940796;0.26;0.27558308839797974;0.36;0.34613269567489624
0.16;0.1637745350599289;0.56;0.5516932010650635;0.42;0.3994041085243225
0.14;0.14694203436374664;0.76;0.7812941670417786;0.24;0.23335234820842743
0.46;0.47844767570495605;0.12;0.10183147341012955;0.28;0.2980367839336395
0.74;0.7209758758544922;0.14;0.17408166825771332;0.5;0.4399721026420593
0.14;0.13490474224090576;0.82;0.7884793281555176;0.1;0.07886440306901932
0.44;0.43632271885871887;0.38;0.3647535741329193;0.14;0.14138013124465942
0.38;0.39033710956573486;0.52;0.5361285209655762;0.18;0.17759469151496887
0.28;0.27055075764656067;0.54;0.5580363869667053;0.24;0.23177392780780792
0.24;0.24589891731739044;0.66;0.6762389540672302;0.36;0.3542413115501404
0.5;0.4538523256778717;0.1;0.13164392113685608;0.14;0.14913801848888397
0.16;0.1670343428850174;0.56;0.5529966950416565;0.46;0.4294145703315735
0.5;0.49152645468711853;0.38;0.3732040524482727;0.5;0.47218313813209534
0.4;0.3830644488334656;0.36;0.35913336277008057;0.18;0.1719321757555008
0.74;0.7192200422286987;0.16;0.186588853597641;0.46;0.42622607946395874
0.1;0.09737902879714966;0.72;0.7067986726760864;0.38;0.3650950789451599
0.68;0.6603807806968689;0.22;0.2397756427526474;0.3;0.28514671325683594
0.14;0.13186514377593994;0.28;0.26777520775794983;0.2;0.1899431347846985
0.3;0.3034307062625885;0.14;0.13039259612560272;0.22;0.25779643654823303
0.46;0.48439961671829224;0.22;0.2141428142786026;0.14;0.14453206956386566
0.28;0.26806262135505676;0.6;0.6496471762657166;0.14;0.1433274894952774
0.26;0.2658739387989044;0.1;0.0763232633471489;0.48;0.45138368010520935
0.16;0.16712123155593872;0.6;0.5961427688598633;0.16;0.14983217418193817
0.28;0.3144265115261078;0.32;0.2902815639972687;0.38;0.3984367847442627
0.58;0.574614405632019;0.2;0.2098296880722046;0.32;0.2952708601951599
0.66;0.6806816458702087;0.16;0.13059407472610474;0.12;0.14536084234714508
0.28;0.28244298696517944;0.36;0.3877546489238739;0.44;0.4500325322151184
0.5;0.48757079243659973;0.1;0.10299698263406754;0.26;0.222225621342659
0.76;0.7624461650848389;0.2;0.15025834739208221;0.24;0.24868588149547577
0.32;0.3172883093357086;0.42;0.4869832992553711;0.1;0.10215046256780624
0.46;0.45241472125053406;0.28;0.2875876724720001;0.44;0.43057864904403687
0.58;0.6104912757873535;0.18;0.15951621532440186;0.22;0.24857774376869202
0.5;0.476336807012558;0.26;0.33926063776016235;0.1;0.08365144580602646
0.22;0.2310454249382019;0.36;0.37679392099380493;0.16;0.16102448105812073
0.64;0.6278776526451111;0.24;0.2695365250110626;0.2;0.19186876714229584
0.28;0.2870834767818451;0.66;0.6685506105422974;0.32;0.3168359398841858
0.24;0.22680650651454926;0.14;0.14344017207622528;0.22;0.233479306101799
0.12;0.11889813095331192;0.84;0.8327057957649231;0.48;0.45469945669174194
0.14;0.15236496925354004;0.38;0.42816975712776184;0.2;0.2107127159833908
0.34;0.3436211943626404;0.54;0.5678004026412964;0.42;0.42599278688430786
0.86;0.8172646164894104;0.12;0.09981413185596466;0.18;0.14495134353637695
0.52;0.5429335236549377;0.22;0.21147997677326202;0.32;0.32044896483421326
0.62;0.6289929151535034;0.14;0.12490393966436386;0.1;0.14719530940055847
0.24;0.2494761347770691;0.64;0.6506971120834351;0.44;0.42484888434410095
0.22;0.22709770500659943;0.16;0.14601834118366241;0.3;0.320326566696167
0.26;0.2463482767343521;0.34;0.39289015531539917;0.42;0.4368749260902405
0.42;0.36066311597824097;0.1;0.12973207235336304;0.1;0.13512656092643738
0.4;0.390794038772583;0.36;0.36387941241264343;0.24;0.2393890917301178
0.62;0.6125437021255493;0.28;0.2950016260147095;0.26;0.2555742859840393
0.3;0.2951138913631439;0.2;0.1936759352684021;0.22;0.23110231757164001
0.2;0.20278280973434448;0.48;0.4939837157726288;0.16;0.1501171886920929
0.24;0.24267366528511047;0.6;0.6473358869552612;0.1;0.10385432094335556
0.24;0.2448379099369049;0.26;0.2503923177719116;0.4;0.41484546661376953
0.22;0.2244441956281662;0.26;0.24094097316265106;0.34;0.3656989634037018
0.48;0.4823034107685089;0.44;0.4476549029350281;0.48;0.4591744542121887
0.14;0.14687208831310272;0.6;0.5965220928192139;0.16;0.14741428196430206
0.18;0.17791888117790222;0.42;0.4410540461540222;0.22;0.20191740989685059
0.8;0.8139808177947998;0.16;0.10510184615850449;0.14;0.16550703346729279
0.26;0.2514589726924896;0.14;0.13396193087100983;0.14;0.15789954364299774
0.26;0.25535380840301514;0.54;0.5466431379318237;0.32;0.31957951188087463
0.54;0.5340889692306519;0.26;0.27576056122779846;0.12;0.11167128384113312
0.26;0.24921132624149323;0.66;0.6818928718566895;0.18;0.1869417279958725
0.36;0.3451935350894928;0.48;0.48834675550460815;0.46;0.4563080370426178
0.24;0.23455169796943665;0.26;0.24971140921115875;0.14;0.16675469279289246
0.26;0.27199074625968933;0.2;0.18917642533779144;0.14;0.15844520926475525
0.5;0.5150385499000549;0.4;0.40303611755371094;0.12;0.10698238760232925
0.54;0.5474520921707153;0.32;0.29606685042381287;0.24;0.23699025809764862
0.52;0.5572537183761597;0.18;0.16297702491283417;0.14;0.15991684794425964
0.24;0.25386202335357666;0.68;0.6867241859436035;0.48;0.45304352045059204
0.6;0.5958354473114014;0.3;0.308040589094162;0.32;0.3128769099712372
0.16;0.16880358755588531;0.12;0.10279376059770584;0.14;0.22932811081409454
0.16;0.1650577336549759;0.7;0.7083196043968201;0.3;0.2893516421318054
0.1;0.12223020941019058;0.3;0.2846221923828125;0.12;0.09398819506168365
0.78;0.7966942191123962;0.2;0.11126960068941116;0.1;0.11904337257146835
0.26;0.25513994693756104;0.22;0.2160489708185196;0.2;0.2132849246263504
0.14;0.14474457502365112;0.48;0.48281237483024597;0.12;0.10646294057369232
0.36;0.33886393904685974;0.1;0.10770070552825928;0.3;0.24413585662841797
0.36;0.38346052169799805;0.28;0.2578798830509186;0.1;0.13042818009853363
0.3;0.3082045912742615;0.22;0.20264919102191925;0.14;0.15845517814159393
0.54;0.5465295910835266;0.28;0.2608273923397064;0.34;0.3400183320045471
0.24;0.23779414594173431;0.74;0.6846253871917725;0.18;0.17752787470817566
0.34;0.33440524339675903;0.5;0.518297016620636;0.2;0.20253677666187286
0.56;0.560836136341095;0.4;0.38691866397857666;0.32;0.30186891555786133
0.84;0.8173649311065674;0.12;0.09788484871387482;0.14;0.14270561933517456
0.74;0.7224944829940796;0.14;0.17113235592842102;0.14;0.09242657572031021
0.4;0.3985011875629425;0.24;0.2363470494747162;0.34;0.3538503050804138
0.24;0.2375463843345642;0.5;0.5085862278938293;0.28;0.2761412262916565
0.62;0.6208906769752502;0.18;0.17940674722194672;0.36;0.3546582758426666
0.34;0.33404043316841125;0.38;0.45304781198501587;0.1;0.10121812671422958
0.3;0.3523958921432495;0.32;0.2879604697227478;0.32;0.3408161997795105
0.3;0.30463793873786926;0.68;0.656524658203125;0.3;0.30927616357803345
0.22;0.23262079060077667;0.46;0.474262535572052;0.28;0.27856793999671936
0.52;0.5296903252601624;0.12;0.1150759756565094;0.42;0.4312022626399994
0.28;0.2869957983493805;0.24;0.22662964463233948;0.42;0.43066316843032837
0.3;0.3232259750366211;0.1;0.08935291320085526;0.48;0.5078279376029968
0.28;0.274077445268631;0.56;0.6001632809638977;0.14;0.1484147012233734
0.24;0.25047919154167175;0.44;0.44596225023269653;0.28;0.2746584415435791
0.26;0.2504083812236786;0.34;0.38587871193885803;0.38;0.39868730306625366
0.32;0.3121233582496643;0.5;0.4930709898471832;0.36;0.3604189455509186
0.74;0.7517589330673218;0.22;0.1577991247177124;0.14;0.13671629130840302
0.5;0.4986766278743744;0.34;0.3240744471549988;0.28;0.27733269333839417
0.24;0.23457330465316772;0.12;0.11754881590604782;0.16;0.16059911251068115
0.38;0.38244715332984924;0.2;0.18925616145133972;0.3;0.31684035062789917
0.3;0.3147363066673279;0.16;0.15066301822662354;0.38;0.38435617089271545
0.16;0.16232728958129883;0.12;0.11800739914178848;0.34;0.3043096363544464
0.52;0.5224053263664246;0.42;0.4164108633995056;0.48;0.45788922905921936
0.46;0.4684826135635376;0.1;0.08765242993831635;0.46;0.47704052925109863
0.22;0.23563839495182037;0.28;0.2723314166069031;0.44;0.46766144037246704
0.38;0.37022343277931213;0.6;0.5925938487052917;0.48;0.46887674927711487
0.14;0.14507201313972473;0.16;0.15014414489269257;0.26;0.31009602546691895
0.54;0.5441825985908508;0.22;0.2294398546218872;0.36;0.33634933829307556
0.2;0.20663674175739288;0.4;0.4360008239746094;0.4;0.40320953726768494
0.16;0.18877357244491577;0.12;0.10025181621313095;0.5;0.4645344614982605
0.6;0.6061510443687439;0.16;0.14997872710227966;0.48;0.48350492119789124
0.1;0.09666791558265686;0.12;0.11803484708070755;0.46;0.44364362955093384
0.12;0.12136498838663101;0.76;0.7751621603965759;0.1;0.07782727479934692
0.2;0.2111554890871048;0.32;0.30454352498054504;0.24;0.2645905911922455
0.1;0.11594552546739578;0.68;0.6710532307624817;0.14;0.1256132572889328
0.1;0.09672146290540695;0.82;0.8085695505142212;0.14;0.1217135637998581
0.26;0.2689829468727112;0.7;0.6826682090759277;0.48;0.44335633516311646
0.4;0.38585785031318665;0.3;0.2921747863292694;0.24;0.23183970153331757
0.86;0.8170037269592285;0.1;0.09951306134462357;0.18;0.14383071660995483
0.42;0.4140987992286682;0.22;0.22929556667804718;0.44;0.427478164434433
0.44;0.43785032629966736;0.44;0.4374246299266815;0.42;0.4158955216407776
0.28;0.2903122305870056;0.64;0.6569992899894714;0.44;0.42776352167129517
0.5;0.5004733204841614;0.34;0.3486104905605316;0.12;0.11398251354694366
0.3;0.30738621950149536;0.26;0.24920061230659485;0.16;0.1820490062236786
0.44;0.4326552748680115;0.48;0.5033003091812134;0.28;0.2741122841835022
0.62;0.6528931260108948;0.18;0.1399761140346527;0.1;0.1065865159034729
0.12;0.12884072959423065;0.34;0.3332652151584625;0.36;0.37738388776779175
0.74;0.7273619771003723;0.22;0.19574370980262756;0.5;0.5126696825027466
0.5;0.5031415224075317;0.46;0.45267996191978455;0.26;0.24112172424793243
0.5;0.5053319334983826;0.48;0.4486778676509857;0.2;0.18062350153923035
0.48;0.47281500697135925;0.42;0.4180687665939331;0.48;0.4531133770942688
0.18;0.18120023608207703;0.28;0.2770536243915558;0.4;0.4265405237674713
0.36;0.36365774273872375;0.3;0.2996315658092499;0.36;0.3535667359828949
0.32;0.31051480770111084;0.6;0.6421597003936768;0.14;0.1567116677761078
0.18;0.1833411604166031;0.7;0.7105225920677185;0.22;0.20525825023651123
0.78;0.7877547144889832;0.12;0.1248752549290657;0.18;0.16176216304302216
0.46;0.41745641827583313;0.1;0.12818963825702667;0.14;0.14319810271263123
0.56;0.5851879119873047;0.36;0.32828742265701294;0.1;0.09579016268253326
0.5;0.5111473798751831;0.26;0.258870929479599;0.36;0.3441218435764313
0.7;0.6920856237411499;0.28;0.22770468890666962;0.4;0.3945847451686859
0.2;0.20643675327301025;0.46;0.4718106687068939;0.3;0.28821253776550293
0.24;0.24212463200092316;0.6;0.5963969826698303;0.48;0.45061907172203064
0.26;0.24811391532421112;0.34;0.38973817229270935;0.4;0.4178493022918701
0.18;0.19020940363407135;0.36;0.3408430218696594;0.18;0.1792507916688919
0.3;0.305690735578537;0.24;0.24038353562355042;0.4;0.427647203207016
0.36;0.3666180968284607;0.46;0.4643356502056122;0.18;0.17640383541584015
0.38;0.39073634147644043;0.54;0.5488283038139343;0.1;0.09268464893102646
0.7;0.6910731196403503;0.28;0.21516788005828857;0.26;0.2520943284034729
0.76;0.7561922073364258;0.22;0.16074822843074799;0.38;0.381955623626709
0.18;0.19108369946479797;0.38;0.4294784665107727;0.36;0.37577229738235474
0.28;0.2977125942707062;0.32;0.3778638243675232;0.44;0.4128592610359192
0.6;0.5976811051368713;0.32;0.3259688913822174;0.26;0.2506285607814789
0.72;0.7339437007904053;0.12;0.1061878427863121;0.36;0.3674057424068451
0.32;0.32102227210998535;0.38;0.3916999101638794;0.28;0.28564900159835815
0.1;0.1180938109755516;0.52;0.5057066679000854;0.12;0.10186251252889633
0.56;0.5885818004608154;0.1;0.08704020082950592;0.36;0.3541184961795807
0.16;0.16254402697086334;0.42;0.40817850828170776;0.18;0.1531819850206375
0.74;0.7382869124412537;0.2;0.1710318773984909;0.38;0.38468337059020996
0.16;0.16745644807815552;0.4;0.4316003918647766;0.34;0.3355341851711273
0.32;0.3145853877067566;0.56;0.5883578062057495;0.38;0.38036155700683594
0.1;0.11114667356014252;0.14;0.13524723052978516;0.24;0.2683078646659851
0.26;0.26464664936065674;0.54;0.5298564434051514;0.5;0.4810967445373535
0.42;0.4016178846359253;0.18;0.19880631566047668;0.48;0.4634460508823395
0.22;0.22381560504436493;0.56;0.556230366230011;0.48;0.4692752957344055
0.62;0.6011494398117065;0.22;0.24469293653964996;0.18;0.1663828194141388
0.1;0.09662482887506485;0.82;0.8289347290992737;0.24;0.2246892750263214
0.6;0.6038026809692383;0.1;0.10804501175880432;0.32;0.29081279039382935
0.68;0.664777934551239;0.2;0.23710793256759644;0.16;0.13240738213062286
0.52;0.519146203994751;0.4;0.39500677585601807;0.5;0.47416940331459045
0.46;0.4547359049320221;0.4;0.3961566388607025;0.46;0.444369375705719
0.4;0.40727800130844116;0.36;0.37302371859550476;0.34;0.3494473993778229
0.16;0.17829741537570953;0.44;0.43966779112815857;0.46;0.4500493109226227
0.2;0.1976681798696518;0.7;0.7113822102546692;0.18;0.17261669039726257
0.64;0.6310854554176331;0.26;0.283500999212265;0.22;0.2150031328201294
0.16;0.16759367287158966;0.68;0.679970383644104;0.26;0.24641147255897522
0.38;0.37043747305870056;0.58;0.5923734903335571;0.46;0.45437026023864746
0.18;0.18760375678539276;0.52;0.5229932069778442;0.46;0.43524637818336487
0.62;0.6219444274902344;0.3;0.3155536949634552;0.48;0.47981756925582886
0.36;0.3730534613132477;0.28;0.2940372824668884;0.28;0.31729429960250854
0.26;0.25021806359291077;0.7;0.6877363920211792;0.18;0.18609818816184998
0.46;0.4812868535518646;0.14;0.12635602056980133;0.3;0.34092840552330017
0.36;0.366176962852478;0.44;0.4414024353027344;0.3;0.31500187516212463
0.2;0.19926558434963226;0.18;0.16965405642986298;0.22;0.22022123634815216
0.68;0.66170734167099;0.24;0.25095030665397644;0.44;0.4291084408760071
0.26;0.2781063914299011;0.3;0.3012683689594269;0.36;0.3790660798549652
0.62;0.6233828067779541;0.12;0.1252540647983551;0.22;0.22555193305015564
0.64;0.6297316551208496;0.18;0.18511931598186493;0.3;0.2818031907081604
0.16;0.16198571026325226;0.7;0.7064074873924255;0.42;0.4053311347961426
0.1;0.11732947826385498;0.44;0.511722207069397;0.32;0.3450349271297455
0.16;0.17030291259288788;0.2;0.18871404230594635;0.4;0.41616305708885193
0.68;0.6888935565948486;0.14;0.11187868565320969;0.1;0.11432798951864243
0.34;0.3268471360206604;0.58;0.6316226124763489;0.16;0.1732219159603119
0.38;0.37435588240623474;0.1;0.09186732769012451;0.48;0.46451497077941895
0.14;0.15272919833660126;0.3;0.2848813235759735;0.48;0.4884456992149353
0.42;0.4267211854457855;0.34;0.34678444266319275;0.44;0.436922162771225
0.68;0.688183605670929;0.26;0.2163052260875702;0.12;0.10891973972320557
0.14;0.15414485335350037;0.18;0.14385159313678741;0.14;0.2378101348876953
0.18;0.21113422513008118;0.1;0.09971641004085541;0.48;0.42579278349876404
0.32;0.312485009431839;0.64;0.6474823355674744;0.14;0.15896689891815186
0.72;0.7080760598182678;0.24;0.21475492417812347;0.46;0.45976024866104126
0.82;0.8293205499649048;0.12;0.10572809725999832;0.28;0.3044406473636627
0.22;0.22533157467842102;0.22;0.20410196483135223;0.38;0.3821573853492737
0.32;0.30946895480155945;0.62;0.6487752199172974;0.16;0.1788695752620697
0.18;0.18942731618881226;0.5;0.5171669721603394;0.44;0.4271515905857086
0.14;0.15380963683128357;0.2;0.1774919629096985;0.48;0.49514374136924744
0.46;0.44328227639198303;0.26;0.28204455971717834;0.26;0.24574725329875946
0.16;0.1511377990245819;0.26;0.24587620794773102;0.2;0.19051119685173035
0.38;0.370157390832901;0.58;0.5918533205986023;0.48;0.46884623169898987
0.26;0.265423059463501;0.46;0.5312149524688721;0.1;0.10408277809619904
0.18;0.1835166960954666;0.58;0.5832244157791138;0.22;0.20434308052062988
0.42;0.43694987893104553;0.14;0.12493206560611725;0.26;0.2986086308956146
0.18;0.18438130617141724;0.7;0.713703453540802;0.48;0.45537447929382324
0.2;0.21026334166526794;0.24;0.2167053520679474;0.4;0.41377025842666626
0.42;0.42322543263435364;0.4;0.3937060236930847;0.26;0.25285568833351135
0.32;0.32966148853302;0.14;0.1250499039888382;0.38;0.4066770076751709
0.5;0.5096999406814575;0.14;0.13144885003566742;0.46;0.4495576024055481
0.56;0.5966881513595581;0.12;0.10697158426046371;0.32;0.3481135964393616
0.12;0.13696546852588654;0.26;0.22889183461666107;0.4;0.4264799654483795
0.36;0.360774427652359;0.36;0.3714001774787903;0.16;0.16342201828956604
0.76;0.7328460812568665;0.1;0.11651759594678879;0.2;0.16641905903816223
0.58;0.5777461528778076;0.12;0.12475263327360153;0.12;0.1587931215763092
0.74;0.7303181290626526;0.16;0.17715893685817719;0.28;0.24942044913768768
0.18;0.18377259373664856;0.8;0.7522523403167725;0.22;0.2052697241306305
0.6;0.6195229887962341;0.16;0.12195125967264175;0.32;0.34168124198913574
0.46;0.4616427421569824;0.2;0.2035733312368393;0.5;0.48097291588783264
0.24;0.23607856035232544;0.68;0.6889420747756958;0.22;0.21449212729930878
0.24;0.2024034857749939;0.1;0.11091156303882599;0.16;0.17041341960430145
0.72;0.6946341395378113;0.16;0.19125841557979584;0.28;0.2338792085647583
0.5;0.5016022324562073;0.36;0.3401325047016144;0.22;0.21585264801979065
0.14;0.15675801038742065;0.26;0.2335570901632309;0.44;0.45731672644615173
0.42;0.40352165699005127;0.28;0.2819497585296631;0.26;0.25135353207588196
0.28;0.28966206312179565;0.14;0.13389700651168823;0.36;0.37919172644615173
0.22;0.21899448335170746;0.16;0.1551702916622162;0.36;0.3758560121059418
0.32;0.31524866819381714;0.6;0.6327071785926819;0.28;0.29355645179748535
0.36;0.36325910687446594;0.62;0.5840888023376465;0.1;0.09472799301147461
0.28;0.2670855224132538;0.64;0.6758843660354614;0.14;0.14264506101608276
0.34;0.3278135359287262;0.44;0.4851236343383789;0.12;0.1171143651008606
0.1;0.09277182072401047;0.18;0.18256404995918274;0.38;0.39829951524734497
0.48;0.4879114031791687;0.2;0.20912055671215057;0.2;0.20167355239391327
0.72;0.7204642295837402;0.22;0.19041603803634644;0.2;0.19321417808532715
0.4;0.4056432545185089;0.58;0.5308741927146912;0.16;0.14773473143577576
0.2;0.21391305327415466;0.18;0.17061913013458252;0.4;0.4029303193092346
0.24;0.23906350135803223;0.5;0.4919179677963257;0.5;0.47565048933029175
0.42;0.4374498724937439;0.12;0.10639921575784683;0.3;0.3112937808036804
0.24;0.23369060456752777;0.62;0.6305536031723022;0.24;0.2297854870557785
0.1;0.0971335768699646;0.82;0.8124819993972778;0.12;0.09533802419900894
0.1;0.0944104716181755;0.82;0.8271298408508301;0.18;0.16327911615371704
0.3;0.3135623335838318;0.16;0.14403767883777618;0.2;0.22194361686706543
0.22;0.22436009347438812;0.3;0.29431381821632385;0.34;0.3693843483924866
0.48;0.4502483010292053;0.12;0.13568101823329926;0.1;0.1412249356508255
0.3;0.2952532470226288;0.14;0.12675562500953674;0.1;0.14707019925117493
0.78;0.7854593396186829;0.12;0.13121169805526733;0.2;0.18136641383171082
0.48;0.4730912744998932;0.38;0.37211284041404724;0.36;0.3475443422794342
0.36;0.3533709943294525;0.34;0.34193143248558044;0.32;0.3229498267173767
0.44;0.45337674021720886;0.1;0.08531814813613892;0.32;0.28780555725097656
0.66;0.6427883505821228;0.2;0.18799041211605072;0.38;0.3792484402656555
0.2;0.19820304214954376;0.54;0.5534195899963379;0.36;0.3582448959350586
0.56;0.5596165060997009;0.38;0.38145172595977783;0.22;0.20773382484912872
0.26;0.2527996897697449;0.68;0.682793915271759;0.2;0.20587334036827087
0.38;0.37017399072647095;0.36;0.41773056983947754;0.1;0.09524465352296829
0.26;0.26021966338157654;0.56;0.620233416557312;0.1;0.10487649589776993
0.1;0.10729008167982101;0.72;0.7137470245361328;0.26;0.24538937211036682
0.6;0.5932204723358154;0.28;0.2702559232711792;0.34;0.33374348282814026
0.58;0.579816460609436;0.28;0.2711383104324341;0.36;0.36754781007766724
0.54;0.5525319576263428;0.14;0.12654858827590942;0.12;0.1567097008228302
0.44;0.45256489515304565;0.24;0.23796533048152924;0.3;0.3020479679107666
0.1;0.10114387422800064;0.5;0.49319079518318176;0.2;0.18389682471752167
0.18;0.199265718460083;0.34;0.3384731411933899;0.34;0.3570687174797058
0.38;0.3690859377384186;0.36;0.38367781043052673;0.48;0.4751124382019043
0.24;0.23854070901870728;0.68;0.6937065124511719;0.1;0.08902531117200851
0.26;0.24817244708538055;0.54;0.5572234988212585;0.22;0.2101958692073822
0.14;0.1456204056739807;0.52;0.513828694820404;0.28;0.2575230002403259
0.18;0.1979333460330963;0.1;0.08968247473239899;0.4;0.3187980055809021
0.42;0.4203420579433441;0.28;0.2599808871746063;0.5;0.487330824136734
0.68;0.6948472857475281;0.14;0.11109291017055511;0.26;0.27166318893432617
0.48;0.47945982217788696;0.44;0.45051687955856323;0.28;0.26613831520080566
0.6;0.5986717939376831;0.38;0.3526204824447632;0.46;0.450003445148468
0.36;0.36898061633110046;0.24;0.25704991817474365;0.38;0.391570508480072
0.22;0.21974244713783264;0.16;0.15157049894332886;0.16;0.183369979262352
0.36;0.3564265966415405;0.48;0.48700132966041565;0.26;0.2611975073814392
0.32;0.2990682125091553;0.12;0.12201117724180222;0.16;0.1850290298461914
0.48;0.48998087644577026;0.16;0.15454381704330444;0.42;0.42306461930274963
0.18;0.18003159761428833;0.2;0.2054351568222046;0.28;0.23765087127685547
0.36;0.3719756305217743;0.26;0.22717620432376862;0.46;0.4445455074310303
0.14;0.13934695720672607;0.68;0.6695296168327332;0.34;0.32334017753601074
0.32;0.3108280599117279;0.42;0.4396848678588867;0.4;0.40584897994995117
0.16;0.16396722197532654;0.32;0.3097808361053467;0.12;0.11708555370569229
0.1;0.11558087170124054;0.32;0.2969415783882141;0.42;0.43062910437583923
0.24;0.23590755462646484;0.24;0.23557060956954956;0.3;0.3106116056442261
0.16;0.15477706491947174;0.38;0.41511213779449463;0.44;0.44091448187828064
0.34;0.3329334259033203;0.4;0.4487350881099701;0.12;0.12166497856378555
0.58;0.5808924436569214;0.12;0.10362444818019867;0.5;0.5246118307113647
0.3;0.3102486729621887;0.14;0.1328592449426651;0.34;0.37691307067871094
0.32;0.3155771493911743;0.5;0.4858708381652832;0.5;0.47555795311927795
0.42;0.4147314131259918;0.32;0.31997135281562805;0.28;0.2744014859199524
0.44;0.4486425817012787;0.34;0.347391277551651;0.3;0.30537453293800354
0.32;0.3117518126964569;0.54;0.5703006982803345;0.18;0.18507836759090424
0.76;0.7711161971092224;0.2;0.14505743980407715;0.18;0.18676838278770447
0.24;0.24135710299015045;0.58;0.573937714099884;0.36;0.3530973494052887
0.22;0.21427905559539795;0.12;0.12129552662372589;0.2;0.23107865452766418
0.34;0.3488999903202057;0.26;0.2585727274417877;0.16;0.17815957963466644
0.26;0.2557622194290161;0.2;0.2014908641576767;0.22;0.22901353240013123
0.38;0.3727317452430725;0.2;0.19945524632930756;0.2;0.21552462875843048
0.46;0.46451500058174133;0.3;0.3162340819835663;0.28;0.27904003858566284
0.54;0.5712481737136841;0.18;0.16062147915363312;0.14;0.16061189770698547
0.1;0.10819327086210251;0.34;0.3306703567504883;0.28;0.2697475552558899
0.26;0.24077674746513367;0.12;0.12910863757133484;0.14;0.13789872825145721
0.2;0.20679689943790436;0.76;0.7573860287666321;0.38;0.38280534744262695
0.24;0.24238361418247223;0.38;0.41538092494010925;0.4;0.40871572494506836
0.42;0.4239877462387085;0.12;0.11105675995349884;0.22;0.21692252159118652
0.4;0.40548720955848694;0.24;0.23377566039562225;0.16;0.16605637967586517
0.24;0.23654396831989288;0.12;0.10137900710105896;0.38;0.37747716903686523
0.16;0.15747317671775818;0.54;0.5377801656723022;0.2;0.18437416851520538
0.2;0.19825206696987152;0.74;0.7294111847877502;0.2;0.18790790438652039
0.76;0.7489107251167297;0.16;0.16680842638015747;0.44;0.43007153272628784
0.16;0.16737085580825806;0.16;0.11991538852453232;0.1;0.2139986753463745
0.28;0.2812711000442505;0.58;0.593180775642395;0.48;0.4572427272796631
0.54;0.546316385269165;0.42;0.3921221196651459;0.16;0.14219577610492706
0.42;0.3952837586402893;0.2;0.21624234318733215;0.46;0.43727612495422363
0.2;0.20861808955669403;0.16;0.152609184384346;0.44;0.43108922243118286
0.32;0.3217015266418457;0.2;0.18568861484527588;0.28;0.29865655303001404
0.88;0.7320274114608765;0.1;0.16656209528446198;0.1;0.07559068500995636
0.24;0.23554788529872894;0.6;0.6039742827415466;0.28;0.26937738060951233
0.24;0.2384527027606964;0.12;0.10756654292345047;0.5;0.48075443506240845
0.6;0.5844742059707642;0.3;0.3016003966331482;0.5;0.4898834824562073
0.6;0.594436526298523;0.18;0.20219825208187103;0.3;0.3065674304962158
0.54;0.5771709084510803;0.12;0.1095334142446518;0.32;0.33768171072006226
0.48;0.48220887780189514;0.34;0.32263749837875366;0.3;0.29990094900131226
0.16;0.17004500329494476;0.1;0.10290458053350449;0.34;0.258181095123291
0.32;0.32850292325019836;0.24;0.22819878160953522;0.14;0.1617993265390396
0.52;0.533579409122467;0.34;0.34736475348472595;0.1;0.09329351037740707
0.12;0.12725600600242615;0.28;0.26155269145965576;0.18;0.1876228153705597
0.14;0.13841822743415833;0.3;0.2862357199192047;0.18;0.18194632232189178
0.3;0.29134246706962585;0.64;0.6569925546646118;0.16;0.17116804420948029
0.26;0.254161536693573;0.28;0.2690826654434204;0.18;0.20556823909282684
0.38;0.3906511664390564;0.58;0.5709888935089111;0.2;0.20292477309703827
0.16;0.17546015977859497;0.38;0.382292777299881;0.3;0.2980160713195801
0.26;0.2575888931751251;0.56;0.6059314608573914;0.12;0.13067665696144104
0.3;0.3251591920852661;0.3;0.2962983250617981;0.32;0.32974758744239807
0.16;0.1708793342113495;0.3;0.2890484035015106;0.3;0.31669920682907104
0.14;0.14060327410697937;0.58;0.5706638097763062;0.2;0.18341372907161713
0.62;0.6280184388160706;0.12;0.12939076125621796;0.46;0.46143674850463867
0.3;0.29407232999801636;0.5;0.49726998805999756;0.32;0.31615859270095825
0.14;0.15194585919380188;0.18;0.15280060470104218;0.2;0.27562934160232544
0.5;0.5044354796409607;0.42;0.43195194005966187;0.28;0.26681599020957947
0.78;0.7902213931083679;0.14;0.11506818234920502;0.1;0.11113214492797852
0.3;0.29951655864715576;0.38;0.387136846780777;0.4;0.39966973662376404
0.1;0.1098872646689415;0.56;0.556804895401001;0.32;0.31366652250289917
0.22;0.2275676429271698;0.38;0.4086357057094574;0.12;0.11701700836420059
0.26;0.25282514095306396;0.34;0.46433693170547485;0.1;0.10635270178318024
0.24;0.25282225012779236;0.22;0.19897085428237915;0.44;0.4546748697757721
0.24;0.240505188703537;0.6;0.6008759140968323;0.32;0.31141215562820435
0.34;0.3292939066886902;0.38;0.3980061411857605;0.22;0.22155889868736267
0.54;0.5374645590782166;0.44;0.41344818472862244;0.26;0.24207034707069397
0.18;0.18071436882019043;0.62;0.6061006784439087;0.5;0.4753284454345703
0.32;0.34455442428588867;0.3;0.27290162444114685;0.1;0.13958992063999176
0.16;0.15357111394405365;0.22;0.22495602071285248;0.16;0.10666994005441666
0.6;0.5771578550338745;0.24;0.23864109814167023;0.5;0.4773190915584564
0.46;0.47103068232536316;0.16;0.1554453819990158;0.32;0.3560865521430969
0.28;0.27735528349876404;0.34;0.3694717288017273;0.4;0.421487033367157
0.64;0.6411377787590027;0.12;0.1136363223195076;0.18;0.19170977175235748
0.12;0.12062437832355499;0.8;0.8129851818084717;0.3;0.2880585789680481
0.62;0.6257291436195374;0.34;0.33418387174606323;0.48;0.4770018458366394
0.68;0.6453837752342224;0.16;0.23171278834342957;0.1;0.07148599624633789
0.32;0.3136017322540283;0.46;0.48457834124565125;0.14;0.13692712783813477
0.5;0.5305721759796143;0.16;0.1512846052646637;0.2;0.22356724739074707
0.56;0.5815507173538208;0.2;0.18983498215675354;0.16;0.14424797892570496
0.1;0.11683137714862823;0.26;0.24534493684768677;0.42;0.4268507957458496
0.58;0.6042653322219849;0.18;0.16702358424663544;0.2;0.21280130743980408
0.38;0.38797545433044434;0.5;0.5155592560768127;0.18;0.17566117644309998
0.36;0.3548613488674164;0.56;0.5984981656074524;0.18;0.18529853224754333
0.32;0.31414300203323364;0.38;0.39802756905555725;0.16;0.1615966260433197
0.16;0.17520204186439514;0.26;0.2525973916053772;0.38;0.39752960205078125
0.1;0.1047198548913002;0.5;0.49584895372390747;0.24;0.22349610924720764
0.46;0.5122763514518738;0.22;0.18246138095855713;0.1;0.12370089441537857
0.2;0.2116607427597046;0.22;0.20299677550792694;0.42;0.4331388473510742
0.56;0.570819616317749;0.24;0.2267579585313797;0.4;0.41082245111465454
0.28;0.2629299461841583;0.48;0.516791045665741;0.18;0.18044830858707428
0.4;0.41324561834335327;0.44;0.45095139741897583;0.1;0.09504616260528564
0.12;0.11488594114780426;0.82;0.8009734749794006;0.12;0.10237336158752441
0.82;0.8066996932029724;0.12;0.10125605762004852;0.1;0.11904915422201157
0.22;0.2500068247318268;0.2;0.16027602553367615;0.1;0.13057152926921844
0.12;0.12955909967422485;0.68;0.6895629167556763;0.1;0.08606110513210297
0.16;0.1757352501153946;0.46;0.45090898871421814;0.48;0.46037715673446655
0.3;0.30912312865257263;0.34;0.3340359926223755;0.3;0.3034176230430603
0.16;0.16146928071975708;0.1;0.12063237279653549;0.5;0.37957772612571716
0.76;0.7563591003417969;0.22;0.15873616933822632;0.36;0.3620319366455078
0.7;0.7001628875732422;0.14;0.12166110426187515;0.44;0.4445589482784271
0.42;0.3892380893230438;0.1;0.10668376088142395;0.18;0.17735505104064941
0.5;0.4996154010295868;0.34;0.31322503089904785;0.18;0.17718809843063354
0.12;0.12025558203458786;0.48;0.47430548071861267;0.18;0.16089698672294617
0.14;0.1366942673921585;0.76;0.7782310843467712;0.38;0.3585333824157715
0.18;0.17886081337928772;0.2;0.19840097427368164;0.22;0.18052057921886444
0.36;0.36069098114967346;0.3;0.3082575500011444;0.44;0.42597103118896484
0.1;0.10293901711702347;0.62;0.6144070625305176;0.4;0.39424991607666016
0.36;0.3659760653972626;0.42;0.4307211637496948;0.28;0.29096588492393494
0.2;0.2054731249809265;0.22;0.21226687729358673;0.2;0.2007097750902176
0.18;0.18615740537643433;0.58;0.5831987261772156;0.48;0.459749698638916
0.7;0.6842951774597168;0.2;0.20978564023971558;0.26;0.238936185836792
0.24;0.2460436224937439;0.14;0.12474211305379868;0.34;0.3466969132423401
0.82;0.8158144354820251;0.16;0.09893888235092163;0.12;0.14156538248062134
0.34;0.33811473846435547;0.54;0.5664956569671631;0.3;0.312150239944458
0.64;0.6321080923080444;0.22;0.25090867280960083;0.14;0.12168002128601074
0.18;0.18401756882667542;0.74;0.7550511360168457;0.3;0.2851722836494446
0.56;0.5766451358795166;0.22;0.21811382472515106;0.44;0.4478239417076111
0.32;0.31200218200683594;0.62;0.6459327936172485;0.14;0.15829932689666748
0.32;0.32588645815849304;0.36;0.3694881200790405;0.32;0.3258412778377533
0.58;0.5779607892036438;0.24;0.23811788856983185;0.3;0.3011944890022278
0.44;0.42896533012390137;0.54;0.5175617933273315;0.24;0.22688832879066467
0.3;0.30046093463897705;0.54;0.542720377445221;0.4;0.3976123332977295
0.52;0.5201613903045654;0.28;0.2726145088672638;0.3;0.29504531621932983
0.68;0.667744517326355;0.2;0.22898681461811066;0.24;0.22554798424243927
0.28;0.2749685049057007;0.44;0.44407039880752563;0.38;0.3857600688934326
0.14;0.16056160628795624;0.3;0.27136361598968506;0.1;0.08830641210079193
0.22;0.2228064239025116;0.58;0.5758309364318848;0.32;0.3153417706489563
0.26;0.2636052668094635;0.4;0.4138666093349457;0.32;0.3239203095436096
0.5;0.5030751824378967;0.28;0.27473214268684387;0.28;0.2673088014125824
0.14;0.1578255444765091;0.16;0.13330073654651642;0.38;0.4053876996040344
0.2;0.20047417283058167;0.6;0.6120469570159912;0.16;0.15978719294071198
0.12;0.13995109498500824;0.26;0.22759094834327698;0.48;0.5046924948692322
0.56;0.5645403265953064;0.38;0.37754860520362854;0.42;0.4014752507209778
0.42;0.4169656038284302;0.12;0.11437729746103287;0.2;0.19932904839515686
0.14;0.16980256140232086;0.16;0.13851341605186462;0.5;0.49464282393455505
0.3;0.31179696321487427;0.68;0.6576841473579407;0.42;0.42124947905540466
0.1;0.09121200442314148;0.86;0.844836950302124;0.2;0.18124079704284668
0.12;0.11729530990123749;0.1;0.11233711242675781;0.22;0.14618150889873505
0.52;0.513688862323761;0.26;0.25388145446777344;0.5;0.4994375705718994
0.6;0.6163834929466248;0.14;0.13203296065330505;0.12;0.16283060610294342
0.8;0.809310257434845;0.1;0.11208516359329224;0.26;0.24003490805625916
0.18;0.17181164026260376;0.1;0.09651824086904526;0.12;0.22618648409843445
0.12;0.11107348650693893;0.16;0.1586955487728119;0.3;0.3203915059566498
0.24;0.25173813104629517;0.34;0.3466884195804596;0.22;0.21681873500347137
0.22;0.21626989543437958;0.74;0.7156295776367188;0.22;0.21001450717449188
0.38;0.37996628880500793;0.38;0.39266425371170044;0.28;0.2897126078605652
0.24;0.23116423189640045;0.1;0.10772015899419785;0.26;0.2223135530948639
0.46;0.46636509895324707;0.36;0.34355270862579346;0.3;0.30524978041648865
0.1;0.11931990087032318;0.1;0.11467594653367996;0.16;0.11185715347528458
0.44;0.41466009616851807;0.1;0.10860494524240494;0.2;0.180447056889534
0.62;0.6028613448143005;0.22;0.2228783816099167;0.42;0.4136027693748474
0.44;0.44119858741760254;0.34;0.33214691281318665;0.46;0.463996559381485
0.16;0.17581498622894287;0.52;0.5332820415496826;0.5;0.4739149212837219
0.22;0.21369758248329163;0.28;0.26751509308815;0.22;0.2502293288707733
0.1;0.10314982384443283;0.62;0.6076895594596863;0.36;0.35112181305885315
0.24;0.2273024320602417;0.68;0.6998105645179749;0.14;0.1364566683769226
0.2;0.21969285607337952;0.28;0.26963555812835693;0.42;0.444017231464386
0.7;0.6910264492034912;0.22;0.222015380859375;0.48;0.468742698431015
0.22;0.21482376754283905;0.54;0.5547454357147217;0.18;0.17106327414512634
0.44;0.4527560770511627;0.16;0.15277099609375;0.36;0.38449302315711975
0.64;0.6435918807983398;0.28;0.2739698886871338;0.14;0.1267203390598297
0.1;0.10406570136547089;0.1;0.1186281070113182;0.28;0.15754060447216034
0.34;0.342475950717926;0.12;0.10956499725580215;0.28;0.27790388464927673
0.42;0.4060300886631012;0.28;0.2988117039203644;0.16;0.1539570689201355
0.28;0.2702605724334717;0.58;0.6269481778144836;0.14;0.14381949603557587
0.44;0.43815305829048157;0.42;0.4173986315727234;0.34;0.3351415693759918
0.2;0.20699718594551086;0.16;0.14808718860149384;0.14;0.1801999807357788
0.3;0.3252093195915222;0.3;0.3088380992412567;0.44;0.45645827054977417
0.44;0.4394160807132721;0.48;0.49945712089538574;0.42;0.4191945493221283
0.1;0.10814924538135529;0.58;0.5751423835754395;0.32;0.31157881021499634
0.48;0.4811629056930542;0.46;0.46273866295814514;0.42;0.4053070545196533
0.34;0.3386108875274658;0.48;0.4810948371887207;0.4;0.41705799102783203
0.22;0.21938848495483398;0.72;0.6981047987937927;0.16;0.15431924164295197
0.48;0.5001304745674133;0.16;0.14430886507034302;0.24;0.27351489663124084
0.24;0.2309829592704773;0.64;0.6713653206825256;0.14;0.14294490218162537
0.28;0.2721725106239319;0.52;0.53480064868927;0.26;0.2524188458919525
0.34;0.32980042695999146;0.4;0.4218169152736664;0.26;0.2638867497444153
0.56;0.5608105659484863;0.4;0.3859875500202179;0.3;0.2822842597961426
0.16;0.18368570506572723;0.18;0.16644203662872314;0.36;0.3796153664588928
0.52;0.5297356247901917;0.12;0.10731153190135956;0.22;0.2248423546552658
0.4;0.40123119950294495;0.54;0.5428072214126587;0.22;0.21788568794727325
0.1;0.11920398473739624;0.18;0.15267102420330048;0.18;0.23995128273963928
0.76;0.763393759727478;0.14;0.13898137211799622;0.14;0.11767883598804474
0.18;0.19287852942943573;0.26;0.24821119010448456;0.24;0.26251715421676636
0.38;0.36382174491882324;0.48;0.504534900188446;0.32;0.3283516466617584
0.1;0.1120273619890213;0.44;0.5000369548797607;0.38;0.4066596031188965
0.38;0.40121978521347046;0.28;0.2585679888725281;0.12;0.1321554034948349
0.12;0.1277036964893341;0.44;0.4778790771961212;0.3;0.30703645944595337
0.1;0.10943371057510376;0.18;0.18984727561473846;0.5;0.48901814222335815
0.48;0.5142331719398499;0.18;0.14471350610256195;0.1;0.14324277639389038
0.54;0.5553229451179504;0.18;0.16770365834236145;0.32;0.32590970396995544
0.24;0.23319180309772491;0.24;0.2392612099647522;0.16;0.17762480676174164
0.74;0.740090548992157;0.24;0.17076174914836884;0.38;0.3883779048919678
0.64;0.6452118158340454;0.14;0.13977771997451782;0.1;0.11292044073343277
0.1;0.11534351110458374;0.74;0.7407001852989197;0.1;0.07681304961442947
0.34;0.33094316720962524;0.12;0.11768267303705215;0.24;0.23474934697151184
0.14;0.14271725714206696;0.52;0.5178738832473755;0.26;0.2399940937757492
0.3;0.31291571259498596;0.14;0.12590424716472626;0.3;0.3376299738883972
0.76;0.7583125233650208;0.14;0.15402227640151978;0.18;0.15412455797195435
0.36;0.3572315275669098;0.22;0.2153826504945755;0.16;0.17906709015369415
0.16;0.17378021776676178;0.38;0.3939397931098938;0.32;0.31905150413513184
0.14;0.1487627923488617;0.42;0.42013460397720337;0.2;0.1802968829870224
0.48;0.47783660888671875;0.36;0.3422965407371521;0.28;0.27397099137306213
0.46;0.46870937943458557;0.34;0.3263905346393585;0.22;0.22427836060523987
0.16;0.16214533150196075;0.26;0.2529834806919098;0.26;0.26722705364227295
0.56;0.5878507494926453;0.42;0.3333078920841217;0.1;0.09490499645471573
0.72;0.7358381748199463;0.24;0.1613376885652542;0.1;0.09118417650461197
0.48;0.49233898520469666;0.24;0.2405555099248886;0.12;0.10263548791408539
0.2;0.21403631567955017;0.2;0.19615806639194489;0.44;0.4459063410758972
0.22;0.2239639163017273;0.14;0.12428462505340576;0.48;0.48153337836265564
0.28;0.2746220529079437;0.64;0.667820155620575;0.18;0.19146127998828888
0.1;0.10606476664543152;0.34;0.33217933773994446;0.26;0.2472468912601471
0.36;0.36003944277763367;0.52;0.5466357469558716;0.32;0.3346402645111084
0.44;0.4328131079673767;0.44;0.44151705503463745;0.24;0.22716665267944336
0.32;0.3208746016025543;0.66;0.6411299705505371;0.46;0.44324374198913574
0.16;0.1745004951953888;0.24;0.2315196394920349;0.4;0.4051603674888611
0.5;0.46987447142601013;0.1;0.1178903803229332;0.2;0.1784563958644867
0.54;0.5396836996078491;0.42;0.410925030708313;0.38;0.3623386323451996
0.46;0.45378273725509644;0.46;0.4724544286727905;0.32;0.31003227829933167
0.36;0.3642931878566742;0.44;0.4446452260017395;0.18;0.17732949554920197
0.38;0.32394447922706604;0.1;0.13767606019973755;0.1;0.12140212953090668
0.26;0.2644074261188507;0.62;0.6412131786346436;0.46;0.44443392753601074
0.4;0.3944697082042694;0.24;0.25288307666778564;0.26;0.2604924738407135
0.26;0.2577270567417145;0.2;0.19598925113677979;0.24;0.25189408659935
0.26;0.2634483277797699;0.22;0.2063540518283844;0.28;0.291363388299942
0.7;0.6739192008972168;0.1;0.12497874349355698;0.34;0.32398495078086853
0.8;0.8181868195533752;0.18;0.11076890677213669;0.18;0.21077637374401093
0.36;0.36904263496398926;0.32;0.3132576644420624;0.26;0.26118430495262146
0.2;0.20065224170684814;0.18;0.17896242439746857;0.34;0.3435020446777344
0.58;0.5738183259963989;0.2;0.21153676509857178;0.28;0.2589499056339264
0.4;0.3899925649166107;0.46;0.46919986605644226;0.22;0.2102624624967575
0.68;0.6747466325759888;0.14;0.14380289614200592;0.42;0.42404088377952576
0.34;0.333191454410553;0.46;0.4838680326938629;0.16;0.15689696371555328
0.32;0.32787224650382996;0.36;0.37230896949768066;0.46;0.4622510075569153
0.38;0.3688414394855499;0.54;0.5792913436889648;0.42;0.42264747619628906
0.3;0.30194783210754395;0.38;0.43374407291412354;0.12;0.12351445853710175
0.38;0.3689298927783966;0.14;0.13851292431354523;0.24;0.24256233870983124
0.16;0.16619934141635895;0.62;0.619378924369812;0.42;0.40810346603393555
0.12;0.13474932312965393;0.3;0.26820603013038635;0.38;0.39782968163490295
0.5;0.4997618496417999;0.44;0.44341105222702026;0.48;0.4515002369880676
0.7;0.6737748384475708;0.18;0.20146450400352478;0.38;0.35080617666244507
0.26;0.2660992443561554;0.16;0.1497964709997177;0.2;0.22168342769145966
0.28;0.2799723446369171;0.16;0.16626057028770447;0.28;0.3035474717617035
0.18;0.18241196870803833;0.68;0.6877260804176331;0.34;0.328652948141098
0.28;0.27833735942840576;0.54;0.5402241945266724;0.34;0.34316641092300415
0.44;0.44134730100631714;0.48;0.4908911883831024;0.14;0.12570619583129883
0.28;0.27410632371902466;0.48;0.4841949939727783;0.46;0.4536813795566559
0.42;0.4101695120334625;0.3;0.36213260889053345;0.1;0.0927584171295166
0.26;0.2519184350967407;0.46;0.4967293441295624;0.14;0.14238889515399933
0.56;0.5655588507652283;0.14;0.13540156185626984;0.3;0.31813088059425354
0.42;0.4089188277721405;0.4;0.3880328834056854;0.16;0.15281438827514648
0.58;0.5632670521736145;0.22;0.23182590305805206;0.16;0.1479266881942749
0.26;0.26648828387260437;0.64;0.663379967212677;0.44;0.42739376425743103
0.44;0.44260373711586;0.48;0.49564871191978455;0.48;0.4712143838405609
0.14;0.1392059326171875;0.72;0.7352486252784729;0.48;0.45172318816185
0.3;0.3102211356163025;0.16;0.1467895209789276;0.12;0.1676476150751114
0.34;0.34017929434776306;0.32;0.3871602714061737;0.12;0.12092596292495728
0.1;0.10729692131280899;0.52;0.5319831371307373;0.3;0.30561313033103943
0.1;0.11329620331525803;0.72;0.7171171307563782;0.18;0.16864633560180664
0.56;0.566517174243927;0.36;0.35271430015563965;0.48;0.46134108304977417
0.1;0.09246746450662613;0.16;0.17829529941082;0.5;0.5017557144165039
0.46;0.46396157145500183;0.36;0.3425580859184265;0.44;0.43124571442604065
0.46;0.4237961173057556;0.1;0.12402460724115372;0.16;0.15450111031532288
0.12;0.12638871371746063;0.28;0.2595124840736389;0.2;0.2100239247083664
0.46;0.4629390835762024;0.2;0.20931677520275116;0.22;0.23574213683605194
0.32;0.31868776679039;0.14;0.13301566243171692;0.16;0.19233259558677673
0.12;0.13072532415390015;0.22;0.1957113891839981;0.36;0.3892938494682312
0.38;0.38252562284469604;0.56;0.5641922950744629;0.16;0.15663498640060425
0.34;0.3436625301837921;0.62;0.6233566999435425;0.44;0.43301835656166077
0.16;0.16683292388916016;0.1;0.09860885143280029;0.28;0.22821936011314392
0.12;0.11894165724515915;0.76;0.7773871421813965;0.32;0.3056699335575104
0.26;0.2827306091785431;0.3;0.31313586235046387;0.48;0.5051997303962708
0.52;0.542015552520752;0.12;0.1018572673201561;0.28;0.28527384996414185
0.74;0.7426316738128662;0.24;0.1676175445318222;0.34;0.3476657271385193
0.34;0.33442389965057373;0.46;0.47352540493011475;0.18;0.1759321242570877
0.52;0.5208687782287598;0.42;0.42806804180145264;0.22;0.20351862907409668
0.26;0.2561202347278595;0.42;0.4390098452568054;0.18;0.17867708206176758
0.58;0.5753081440925598;0.2;0.2168138027191162;0.4;0.38480037450790405
0.56;0.5538390874862671;0.22;0.2270984947681427;0.18;0.16714291274547577
0.28;0.28427594900131226;0.22;0.2222398817539215;0.38;0.403452068567276
0.1;0.09818289428949356;0.56;0.582699716091156;0.42;0.41326943039894104
0.18;0.1906459480524063;0.42;0.4509764611721039;0.1;0.08773897588253021
0.14;0.17239104211330414;0.36;0.32817208766937256;0.48;0.5067234039306641
0.42;0.4190230965614319;0.42;0.4187977910041809;0.12;0.11297917366027832
0.1;0.10434158146381378;0.82;0.8377453684806824;0.5;0.4797983765602112
0.32;0.30935001373291016;0.42;0.439363956451416;0.38;0.38357990980148315
0.72;0.7142770886421204;0.2;0.19371910393238068;0.2;0.18523995578289032
0.3;0.2981138229370117;0.48;0.483308881521225;0.38;0.3797181248664856
0.22;0.23000214993953705;0.44;0.4692384600639343;0.38;0.3865293562412262
0.26;0.2595803737640381;0.36;0.38894030451774597;0.34;0.3577219843864441
0.1;0.12052861601114273;0.56;0.5584536790847778;0.12;0.10094074159860611
0.54;0.5752553939819336;0.16;0.1400369107723236;0.12;0.16032841801643372
0.3;0.3107469081878662;0.38;0.37959349155426025;0.26;0.2624799311161041
0.24;0.235329270362854;0.7;0.6880297064781189;0.16;0.15864892303943634
0.14;0.13925239443778992;0.84;0.803529679775238;0.5;0.4650115370750427
0.38;0.3812958598136902;0.54;0.5738147497177124;0.3;0.3173282742500305
0.14;0.14926929771900177;0.42;0.42558351159095764;0.26;0.24432416260242462
0.66;0.6432684063911438;0.24;0.2560957074165344;0.34;0.3359804153442383
0.38;0.38436493277549744;0.24;0.2496081292629242;0.32;0.34288015961647034
0.24;0.2529548406600952;0.2;0.16751700639724731;0.5;0.5196053385734558
0.76;0.7578239440917969;0.2;0.15295249223709106;0.3;0.3046565055847168
0.52;0.5201064348220825;0.34;0.3245292901992798;0.4;0.3938833177089691
0.28;0.2876144051551819;0.64;0.6595891714096069;0.34;0.3372654914855957
0.82;0.8251299858093262;0.1;0.10609381645917892;0.2;0.2078309953212738
0.34;0.33314967155456543;0.36;0.37222689390182495;0.32;0.3212832808494568
0.18;0.17621996998786926;0.54;0.5383619070053101;0.34;0.3342728614807129
0.22;0.2730952501296997;0.32;0.3162817656993866;0.5;0.5346676111221313
0.54;0.5515058040618896;0.22;0.22780732810497284;0.4;0.3872835040092468
0.86;0.7690615653991699;0.1;0.13301979005336761;0.1;0.08879698812961578
0.44;0.470287024974823;0.18;0.15464448928833008;0.2;0.23881153762340546
0.56;0.5567926168441772;0.34;0.3514940142631531;0.26;0.2494841068983078
0.66;0.6654360294342041;0.16;0.1281808316707611;0.2;0.2044110745191574
0.24;0.23255093395709991;0.5;0.5028757452964783;0.38;0.38000422716140747
0.38;0.36525750160217285;0.52;0.5511921644210815;0.5;0.4809127449989319
0.54;0.5371533036231995;0.12;0.11353228986263275;0.16;0.18167296051979065
0.32;0.3267973065376282;0.34;0.363115519285202;0.4;0.4035874307155609
0.12;0.1181790679693222;0.82;0.8270760178565979;0.38;0.36751285195350647
0.26;0.24706748127937317;0.46;0.4779219329357147;0.2;0.19239243865013123
0.6;0.5790935754776001;0.24;0.24968582391738892;0.38;0.3725603222846985
0.34;0.34137120842933655;0.12;0.11393148452043533;0.36;0.37685656547546387
0.28;0.28211355209350586;0.4;0.42241743206977844;0.2;0.20890669524669647
0.44;0.4270971119403839;0.32;0.36756059527397156;0.1;0.09593299776315689
0.56;0.5529594421386719;0.3;0.3126883804798126;0.16;0.1495485007762909
0.24;0.23483778536319733;0.22;0.2167586386203766;0.16;0.16518200933933258
0.66;0.637455940246582;0.32;0.28861626982688904;0.3;0.2868318259716034
0.68;0.7018901109695435;0.1;0.10236833244562149;0.36;0.3873273730278015
0.44;0.4195287227630615;0.32;0.3311154842376709;0.18;0.17277508974075317
0.28;0.26666000485420227;0.62;0.6677766442298889;0.14;0.14331817626953125
0.1;0.12460676580667496;0.26;0.2330557405948639;0.46;0.4793068468570709
0.38;0.3832438290119171;0.42;0.4187374413013458;0.16;0.15799188613891602
0.32;0.3115338683128357;0.42;0.44398871064186096;0.16;0.16048778593540192
0.14;0.15594609081745148;0.2;0.16533024609088898;0.14;0.21803578734397888
0.7;0.7047814726829529;0.1;0.10757195949554443;0.28;0.2613338530063629
0.2;0.20618581771850586;0.76;0.757407546043396;0.34;0.3442920744419098
0.14;0.14162813127040863;0.7;0.7220295071601868;0.1;0.08695076406002045
0.42;0.42308059334754944;0.34;0.34121981263160706;0.3;0.29553866386413574
0.22;0.22463572025299072;0.56;0.5624316930770874;0.42;0.41591009497642517
0.18;0.1849624067544937;0.8;0.7700381278991699;0.32;0.30987676978111267
0.7;0.7027698159217834;0.12;0.1180984154343605;0.38;0.39607253670692444
0.54;0.5421271324157715;0.34;0.3266308903694153;0.34;0.3326917588710785
0.12;0.13499437272548676;0.38;0.3540600836277008;0.22;0.22575333714485168
0.5;0.4992322623729706;0.3;0.28359732031822205;0.18;0.17396855354309082
0.2;0.19845327734947205;0.58;0.587215006351471;0.42;0.41657906770706177
0.22;0.21866708993911743;0.28;0.2585620880126953;0.18;0.2159692347049713
0.12;0.14287613332271576;0.26;0.2250271439552307;0.46;0.4827837347984314
0.34;0.33674195408821106;0.5;0.5075601935386658;0.32;0.33127325773239136
0.36;0.35141557455062866;0.62;0.6095613837242126;0.14;0.1420985907316208
0.12;0.12634333968162537;0.5;0.5292960405349731;0.42;0.4296554625034332
0.62;0.6030564904212952;0.22;0.22717109322547913;0.22;0.20699414610862732
0.68;0.6667817831039429;0.2;0.23183193802833557;0.22;0.20294132828712463
0.3;0.29624128341674805;0.52;0.5128253102302551;0.4;0.3936491012573242
0.14;0.1481688767671585;0.32;0.3134782612323761;0.32;0.3297613561153412
0.38;0.37269043922424316;0.38;0.3844979703426361;0.24;0.2424980103969574
0.4;0.4027901291847229;0.58;0.5415107011795044;0.2;0.19398708641529083
0.34;0.34424644708633423;0.54;0.5664253234863281;0.44;0.4419451355934143
0.16;0.16084161400794983;0.54;0.5383602380752563;0.34;0.32788190245628357
0.16;0.16592197120189667;0.52;0.5331522226333618;0.12;0.10611119121313095
0.12;0.10928438603878021;0.1;0.11404011398553848;0.3;0.18505772948265076
0.28;0.28469595313072205;0.22;0.21896113455295563;0.4;0.4187778830528259
0.36;0.3476944863796234;0.1;0.10126236081123352;0.34;0.28509026765823364
0.64;0.626833438873291;0.32;0.31207475066185;0.42;0.4096587598323822
0.16;0.161111518740654;0.48;0.4848696291446686;0.14;0.12497720867395401
0.26;0.2623707056045532;0.16;0.14363044500350952;0.38;0.39899754524230957
0.2;0.2044001668691635;0.1;0.08592762798070908;0.5;0.5260834693908691
0.34;0.341789186000824;0.44;0.45706912875175476;0.32;0.3339059352874756
0.44;0.4410971403121948;0.22;0.21606117486953735;0.48;0.4508379399776459
0.3;0.3319556415081024;0.32;0.2817041277885437;0.28;0.30040931701660156
0.48;0.48589733242988586;0.16;0.1599338948726654;0.48;0.47527605295181274
0.16;0.1608995646238327;0.24;0.2350032925605774;0.16;0.11847825348377228
0.36;0.3570672273635864;0.18;0.17196804285049438;0.26;0.2789878845214844
0.62;0.5993481278419495;0.24;0.2442217916250229;0.48;0.4794391989707947
0.34;0.34407544136047363;0.6;0.6188789010047913;0.44;0.43412232398986816
0.24;0.23781730234622955;0.38;0.4407484531402588;0.12;0.11566722393035889
0.7;0.7126502990722656;0.14;0.10808210074901581;0.48;0.4825374186038971
0.4;0.3954929709434509;0.34;0.3576465845108032;0.44;0.44703125953674316
0.8;0.7995920181274414;0.12;0.13053809106349945;0.46;0.448953777551651
0.28;0.28063222765922546;0.16;0.1542859822511673;0.34;0.3658577799797058
0.28;0.27885833382606506;0.36;0.4849051237106323;0.1;0.10252238810062408
0.12;0.11965393275022507;0.78;0.8017861843109131;0.22;0.21177825331687927
0.42;0.43529465794563293;0.12;0.10708212107419968;0.26;0.2587825357913971
0.22;0.2219925969839096;0.58;0.5760514140129089;0.3;0.2949771285057068
0.38;0.3701062500476837;0.36;0.4007996916770935;0.12;0.11739566177129745
0.46;0.4830215871334076;0.5;0.4684460163116455;0.1;0.09158910810947418
0.66;0.6636104583740234;0.14;0.1354438215494156;0.2;0.2003289759159088
0.58;0.5807383060455322;0.34;0.34806665778160095;0.26;0.24911198019981384
0.46;0.4723591208457947;0.18;0.1812392771244049;0.44;0.44847869873046875
0.26;0.2540881633758545;0.46;0.46827366948127747;0.5;0.477090448141098
0.8;0.8060796856880188;0.1;0.10340508818626404;0.14;0.13332247734069824
0.4;0.3967004120349884;0.52;0.5448976159095764;0.28;0.28297361731529236
0.44;0.43730443716049194;0.42;0.41746312379837036;0.32;0.3132525086402893
0.16;0.17660251259803772;0.42;0.4369378387928009;0.42;0.4140649735927582
0.44;0.4244728088378906;0.3;0.3621867895126343;0.1;0.0934128612279892
0.2;0.19930946826934814;0.3;0.28054672479629517;0.2;0.23350933194160461
0.46;0.46771371364593506;0.3;0.31164321303367615;0.4;0.4035836160182953
0.28;0.2881917357444763;0.16;0.16318172216415405;0.5;0.5302393436431885
0.16;0.1680101454257965;0.16;0.1442880630493164;0.28;0.32776713371276855
0.22;0.2635210156440735;0.34;0.3208828568458557;0.36;0.3916488289833069
0.1;0.10128001123666763;0.78;0.7881173491477966;0.16;0.14482970535755157
0.4;0.39153558015823364;0.16;0.16423960030078888;0.36;0.3727897107601166
0.46;0.4609512388706207;0.52;0.5014730095863342;0.5;0.48575910925865173
0.12;0.12550422549247742;0.74;0.7497252225875854;0.26;0.2508668899536133
0.26;0.25768595933914185;0.4;0.4123399257659912;0.18;0.18630912899971008
0.18;0.1926260143518448;0.34;0.3307669162750244;0.28;0.2840871810913086
0.26;0.2643211781978607;0.66;0.6822230815887451;0.36;0.3558700680732727
0.36;0.3510877788066864;0.62;0.6140039563179016;0.16;0.16456708312034607
0.4;0.39089250564575195;0.42;0.4143058657646179;0.18;0.1717449426651001
0.16;0.16075438261032104;0.56;0.5549634099006653;0.36;0.3568285405635834
0.48;0.4680604934692383;0.4;0.39081189036369324;0.42;0.3960368037223816
0.12;0.1303478479385376;0.66;0.6607723832130432;0.12;0.10940758138895035
0.7;0.6907370090484619;0.12;0.1383347362279892;0.42;0.4256416857242584
0.46;0.43614456057548523;0.28;0.30259549617767334;0.2;0.18685367703437805
0.26;0.26629698276519775;0.68;0.6843135356903076;0.44;0.4223898947238922
0.4;0.3882828652858734;0.3;0.30302074551582336;0.34;0.3498062491416931
0.64;0.6401745080947876;0.26;0.2700130343437195;0.14;0.12580180168151855
0.72;0.7129191160202026;0.2;0.20212291181087494;0.38;0.36948031187057495
0.18;0.18480724096298218;0.3;0.2840317189693451;0.28;0.2948976457118988
0.36;0.36535173654556274;0.24;0.2618936002254486;0.42;0.4302396774291992
0.44;0.41268637776374817;0.22;0.23305432498455048;0.5;0.45803266763687134
0.52;0.5322991013526917;0.2;0.18592262268066406;0.36;0.38119253516197205
0.12;0.13314302265644073;0.34;0.31361186504364014;0.12;0.113448366522789
0.44;0.4684048295021057;0.5;0.4816981852054596;0.1;0.09617184102535248
0.5;0.4986637532711029;0.34;0.3275437653064728;0.3;0.2984476685523987
0.14;0.14855164289474487;0.48;0.49876153469085693;0.4;0.398221492767334
0.2;0.21426120400428772;0.2;0.18371815979480743;0.18;0.19810792803764343
0.38;0.367843359708786;0.46;0.4721907675266266;0.3;0.3058359622955322
0.28;0.3313140273094177;0.26;0.22835128009319305;0.48;0.5235340595245361
0.86;0.7879962921142578;0.1;0.1183934137225151;0.12;0.10098184645175934
0.36;0.370938777923584;0.62;0.6026675701141357;0.3;0.3180583417415619
0.18;0.17738059163093567;0.16;0.16354189813137054;0.2;0.2528093159198761
0.16;0.16804161667823792;0.72;0.7310243844985962;0.2;0.19630327820777893
0.12;0.13145604729652405;0.36;0.35078826546669006;0.32;0.3422066569328308
0.66;0.6497325897216797;0.24;0.24500057101249695;0.42;0.4186770021915436
0.1;0.0998358353972435;0.76;0.7670561671257019;0.32;0.30012744665145874
0.16;0.17987972497940063;0.16;0.12799029052257538;0.38;0.4168964922428131
0.36;0.3629069924354553;0.24;0.2350403070449829;0.14;0.16256876289844513
0.46;0.45697295665740967;0.36;0.33827364444732666;0.5;0.4781176447868347
0.3;0.2978920638561249;0.4;0.41886669397354126;0.16;0.16163749992847443
0.56;0.5609102249145508;0.34;0.32467731833457947;0.48;0.4686698317527771
0.8;0.8187709450721741;0.18;0.11250518262386322;0.2;0.23274168372154236
0.16;0.1652727574110031;0.4;0.4315367639064789;0.32;0.31377971172332764
0.28;0.2831289768218994;0.28;0.2675769031047821;0.18;0.2009727507829666
0.54;0.5468469858169556;0.28;0.2585594058036804;0.32;0.32013291120529175
0.54;0.5459729433059692;0.3;0.28396981954574585;0.32;0.31750383973121643
0.48;0.4821299910545349;0.34;0.32664379477500916;0.34;0.3411625325679779
0.24;0.24285292625427246;0.58;0.5660539269447327;0.5;0.46920260787010193
0.2;0.20978164672851562;0.22;0.2222364842891693;0.36;0.37041378021240234
0.24;0.23768924176692963;0.52;0.5316615104675293;0.3;0.29520973563194275
0.64;0.6368083357810974;0.32;0.31800517439842224;0.5;0.49366164207458496
0.24;0.24145033955574036;0.62;0.6297409534454346;0.32;0.31301841139793396
0.62;0.6148860454559326;0.34;0.3268701136112213;0.38;0.3728766441345215
0.26;0.26071280241012573;0.12;0.10716719180345535;0.5;0.4730597138404846
0.76;0.7557291388511658;0.22;0.162802591919899;0.4;0.40150731801986694
0.28;0.27694135904312134;0.42;0.4284633994102478;0.48;0.46526259183883667
0.28;0.2755204141139984;0.46;0.4610639810562134;0.46;0.4553782343864441
0.46;0.45494702458381653;0.46;0.4755488634109497;0.16;0.14279745519161224
0.1;0.09992492198944092;0.76;0.7699013948440552;0.44;0.42416882514953613
0.12;0.12457961589097977;0.3;0.29766902327537537;0.3;0.3072880208492279
0.22;0.2260894626379013;0.68;0.7027161121368408;0.36;0.36168336868286133
0.3;0.30859464406967163;0.66;0.6564269661903381;0.36;0.36612358689308167
0.26;0.25634336471557617;0.52;0.536018431186676;0.34;0.34276527166366577
0.38;0.3600021302700043;0.48;0.49968820810317993;0.42;0.42074188590049744
0.44;0.4206584393978119;0.34;0.34906119108200073;0.14;0.13679592311382294
0.32;0.3077141046524048;0.46;0.4757373034954071;0.3;0.30126404762268066
0.74;0.709555983543396;0.14;0.1854347288608551;0.32;0.2570682764053345
0.66;0.6520894765853882;0.2;0.2248525768518448;0.22;0.2110188752412796
0.4;0.3889268636703491;0.48;0.49652421474456787;0.4;0.3987681269645691
0.36;0.34436413645744324;0.5;0.5183774828910828;0.38;0.3848946690559387
0.66;0.6883211135864258;0.1;0.06186715140938759;0.46;0.4968976378440857
0.38;0.37258169054985046;0.6;0.5926035046577454;0.42;0.42496412992477417
0.6;0.6044461727142334;0.34;0.32744574546813965;0.18;0.17317792773246765
0.6;0.6003530025482178;0.34;0.3492438495159149;0.5;0.4905646741390228
0.38;0.3683376908302307;0.46;0.4747471213340759;0.34;0.3484265208244324
0.3;0.30883142352104187;0.28;0.270526260137558;0.34;0.35590237379074097
0.36;0.3778742253780365;0.24;0.22478213906288147;0.28;0.2955818772315979
0.14;0.14984917640686035;0.34;0.3319520354270935;0.3;0.31565913558006287
0.28;0.2889976501464844;0.7;0.6682430505752563;0.36;0.355802446603775
0.36;0.3600800931453705;0.12;0.10455582290887833;0.48;0.47880974411964417
0.72;0.7240661382675171;0.26;0.181996688246727;0.14;0.1288253366947174
0.68;0.674545168876648;0.1;0.12590165436267853;0.12;0.12823902070522308
0.16;0.15419261157512665;0.26;0.24939630925655365;0.22;0.21856574714183807
0.14;0.14765524864196777;0.32;0.30384397506713867;0.28;0.2884656488895416
0.5;0.5177775025367737;0.42;0.41403287649154663;0.12;0.10495209693908691
0.32;0.31509363651275635;0.5;0.5040627717971802;0.24;0.24321231245994568
0.4;0.39919036626815796;0.18;0.17004573345184326;0.44;0.4619888663291931
0.36;0.3794988691806793;0.2;0.17554812133312225;0.38;0.40031036734580994
0.38;0.37335267663002014;0.44;0.45367196202278137;0.36;0.37095922231674194
0.86;0.8496498465538025;0.1;0.09615011513233185;0.48;0.39306655526161194
0.52;0.5232338309288025;0.24;0.24696257710456848;0.32;0.2954764664173126
0.3;0.30547812581062317;0.22;0.21064205467700958;0.24;0.26041483879089355
0.2;0.19535718858242035;0.12;0.12820036709308624;0.26;0.3024580478668213
0.68;0.6716140508651733;0.24;0.23854441940784454;0.22;0.2104537934064865
0.1;0.10244852304458618;0.54;0.5545253157615662;0.36;0.3627265989780426
0.48;0.483333557844162;0.34;0.3155180811882019;0.24;0.2354171723127365
0.16;0.1672980785369873;0.32;0.3018447160720825;0.34;0.35745272040367126
0.68;0.6695905923843384;0.24;0.23879288136959076;0.24;0.23070907592773438
0.24;0.2477826625108719;0.7;0.6931374669075012;0.4;0.38605761528015137
0.78;0.669578492641449;0.1;0.12925706803798676;0.42;0.3172217309474945
0.26;0.2553739845752716;0.42;0.45415982604026794;0.44;0.43165212869644165
0.38;0.3758719861507416;0.44;0.44124799966812134;0.2;0.19273526966571808
0.78;0.7832819223403931;0.18;0.12797313928604126;0.32;0.33096060156822205
0.52;0.5285466909408569;0.1;0.08815988898277283;0.48;0.47362184524536133
0.8;0.7988287210464478;0.12;0.1297721117734909;0.44;0.4302804470062256
0.5;0.4934892952442169;0.24;0.24605044722557068;0.24;0.20736634731292725
0.44;0.4853288531303406;0.22;0.180714413523674;0.12;0.14135059714317322
0.2;0.21032623946666718;0.22;0.20987753570079803;0.18;0.18338146805763245
0.24;0.2465059608221054;0.36;0.3814484179019928;0.18;0.1829034835100174
0.46;0.4517456293106079;0.48;0.4845097064971924;0.22;0.20068642497062683
0.44;0.43492192029953003;0.54;0.5232111215591431;0.36;0.36150574684143066
0.32;0.3149293065071106;0.12;0.11918837577104568;0.28;0.3006041944026947
0.38;0.39143314957618713;0.46;0.46250590682029724;0.14;0.13743630051612854
0.2;0.20407241582870483;0.58;0.5904185771942139;0.28;0.27925506234169006
0.66;0.6501506567001343;0.22;0.24845363199710846;0.14;0.11792465299367905
0.24;0.24003595113754272;0.74;0.6961222887039185;0.1;0.08839939534664154
0.6;0.5756711959838867;0.24;0.2419607937335968;0.48;0.45954662561416626
0.4;0.41594231128692627;0.16;0.14194253087043762;0.18;0.2185075283050537
0.2;0.20177796483039856;0.74;0.7510613799095154;0.26;0.25333309173583984
0.24;0.2625969350337982;0.18;0.1436871439218521;0.1;0.13077005743980408
0.14;0.1470855325460434;0.14;0.12984628975391388;0.46;0.44101160764694214
0.46;0.4500141441822052;0.26;0.27740421891212463;0.32;0.30637311935424805
0.36;0.3649985194206238;0.48;0.4875107407569885;0.2;0.19618001580238342
0.24;0.27790606021881104;0.32;0.31536245346069336;0.46;0.4790041446685791
0.38;0.3738584816455841;0.32;0.3653317391872406;0.12;0.11553297191858292
0.58;0.5838273763656616;0.38;0.35426467657089233;0.2;0.18882058560848236
0.14;0.13409332931041718;0.28;0.26512178778648376;0.18;0.16430306434631348
0.32;0.3104361295700073;0.6;0.6389396786689758;0.2;0.21739447116851807
0.22;0.219898521900177;0.76;0.6985084414482117;0.16;0.15385253727436066
0.1;0.10826796293258667;0.4;0.3885907530784607;0.28;0.27769070863723755
0.68;0.6887876987457275;0.12;0.11825275421142578;0.2;0.18640543520450592
0.48;0.48674261569976807;0.16;0.1612330973148346;0.38;0.38846254348754883
0.3;0.3040092885494232;0.56;0.5771093964576721;0.38;0.3813665807247162
0.34;0.34100407361984253;0.18;0.16450554132461548;0.18;0.19612102210521698
0.32;0.32762786746025085;0.1;0.08902737498283386;0.4;0.41229620575904846
0.62;0.6240811347961426;0.18;0.179164320230484;0.34;0.3430715501308441
0.54;0.526239812374115;0.24;0.2463955581188202;0.16;0.1451399028301239
0.38;0.3885766267776489;0.54;0.5533580780029297;0.18;0.17832234501838684
0.32;0.3252841830253601;0.26;0.2539752721786499;0.18;0.20436938107013702
0.34;0.34313178062438965;0.14;0.12092854827642441;0.36;0.3921797275543213
0.56;0.5591685771942139;0.34;0.3434603214263916;0.3;0.2890402376651764
0.7;0.7123883366584778;0.12;0.10170376300811768;0.34;0.35395652055740356
0.3;0.30301329493522644;0.22;0.2078704833984375;0.16;0.17610307037830353
0.58;0.6051278710365295;0.1;0.09378065168857574;0.38;0.38808250427246094
0.26;0.2683729827404022;0.32;0.2908024191856384;0.18;0.1952083855867386
0.26;0.26161813735961914;0.54;0.6058645844459534;0.1;0.10650227963924408
0.12;0.12467323988676071;0.58;0.5945502519607544;0.48;0.4539600908756256
0.18;0.18411841988563538;0.14;0.13476401567459106;0.3;0.3469099998474121
0.64;0.6324163675308228;0.18;0.17834597826004028;0.38;0.36238178610801697
0.54;0.5376570820808411;0.38;0.39465317130088806;0.28;0.26719948649406433
0.36;0.3839333951473236;0.28;0.256639301776886;0.2;0.215473935008049
0.36;0.3506318926811218;0.54;0.5723137855529785;0.44;0.43539634346961975
0.18;0.18639051914215088;0.6;0.6036495566368103;0.3;0.29460209608078003
0.36;0.3639705181121826;0.62;0.6031256914138794;0.42;0.42526131868362427
0.12;0.13976654410362244;0.4;0.43792030215263367;0.22;0.22915677726268768
0.1;0.09942696988582611;0.12;0.12760214507579803;0.34;0.3364325165748596
0.12;0.1218787431716919;0.8;0.813870370388031;0.26;0.2522498071193695
0.22;0.23417074978351593;0.3;0.2849210202693939;0.28;0.30519795417785645
0.34;0.3393465578556061;0.52;0.5407469272613525;0.36;0.3725006580352783
0.1;0.12583574652671814;0.38;0.35249775648117065;0.5;0.5366747975349426
0.32;0.32859334349632263;0.16;0.1391412317752838;0.14;0.1792123019695282
0.64;0.6376399993896484;0.1;0.11004812270402908;0.4;0.37073078751564026
0.32;0.31471773982048035;0.44;0.5061208605766296;0.1;0.10117499530315399
0.26;0.2555782198905945;0.44;0.46165916323661804;0.24;0.24551662802696228
0.64;0.6229285597801208;0.24;0.24228058755397797;0.44;0.43961524963378906
0.3;0.290153443813324;0.26;0.27854329347610474;0.36;0.3908541798591614
0.34;0.34199535846710205;0.64;0.6274303197860718;0.36;0.36916136741638184
0.7;0.6844683289527893;0.16;0.18359149992465973;0.32;0.29252052307128906
0.32;0.3426281213760376;0.3;0.2835194766521454;0.24;0.27011436223983765
0.46;0.4595892131328583;0.34;0.3195914030075073;0.5;0.48690566420555115
0.22;0.23274055123329163;0.46;0.48591166734695435;0.12;0.11087653785943985
0.32;0.3264690935611725;0.32;0.3355094790458679;0.32;0.32149046659469604
0.2;0.21804343163967133;0.46;0.5088492631912231;0.1;0.08797323703765869
0.16;0.16152893006801605;0.76;0.7776882648468018;0.38;0.36628445982933044
0.1;0.10327360033988953;0.68;0.6685609221458435;0.3;0.2817273736000061
0.38;0.3703348636627197;0.32;0.3257623612880707;0.44;0.4453295171260834
0.32;0.3205304741859436;0.14;0.14631104469299316;0.46;0.4754624366760254
0.22;0.21492449939250946;0.66;0.6734054684638977;0.2;0.1887909471988678
0.5;0.4990662932395935;0.36;0.3432715833187103;0.28;0.2740514278411865
0.1;0.11140792071819305;0.68;0.6719183921813965;0.22;0.20541775226593018
0.24;0.2451142519712448;0.42;0.42130815982818604;0.2;0.19954738020896912
0.34;0.3340085744857788;0.64;0.6406592726707458;0.22;0.2384086549282074
0.36;0.35197558999061584;0.56;0.601804792881012;0.16;0.16336622834205627
0.16;0.16507025063037872;0.34;0.3236398696899414;0.22;0.22870030999183655
0.28;0.2746807038784027;0.66;0.6709204912185669;0.22;0.23087716102600098
0.46;0.45879247784614563;0.36;0.339343786239624;0.48;0.4620884358882904
0.2;0.190776988863945;0.12;0.11157786101102829;0.2;0.23758602142333984
0.14;0.14727090299129486;0.54;0.5634732842445374;0.1;0.08153782784938812
0.24;0.23588789999485016;0.7;0.6920638680458069;0.2;0.19509868323802948
0.52;0.49496930837631226;0.24;0.3351784646511078;0.1;0.08333037048578262
0.12;0.129599928855896;0.54;0.5399477481842041;0.32;0.3084392547607422
0.14;0.144199401140213;0.16;0.1466227024793625;0.24;0.29429736733436584
0.14;0.149282306432724;0.52;0.5356398224830627;0.5;0.4781924784183502
0.72;0.6892665028572083;0.14;0.17642174661159515;0.38;0.3177763819694519
0.58;0.5682457685470581;0.16;0.17047661542892456;0.2;0.2102234810590744
0.16;0.18958383798599243;0.16;0.14482250809669495;0.44;0.44769448041915894
0.38;0.3719393312931061;0.46;0.46735960245132446;0.24;0.23824092745780945
0.52;0.5215590000152588;0.42;0.4199126958847046;0.4;0.387084424495697
0.26;0.27607154846191406;0.18;0.16826815903186798;0.14;0.1784908026456833
0.16;0.1562398076057434;0.42;0.43424156308174133;0.26;0.23151984810829163
0.3;0.29398608207702637;0.14;0.1275368481874466;0.12;0.1653474122285843
0.18;0.20797719061374664;0.36;0.35473334789276123;0.3;0.29858723282814026
0.42;0.4139862358570099;0.3;0.30153775215148926;0.36;0.3639981746673584
0.36;0.35489609837532043;0.42;0.470967173576355;0.1;0.09733115136623383
0.62;0.6185948252677917;0.34;0.3174038529396057;0.22;0.21555550396442413
0.2;0.20234860479831696;0.48;0.4924864172935486;0.26;0.2522197365760803
0.52;0.5296685695648193;0.28;0.27316421270370483;0.38;0.38833290338516235
0.62;0.5833774209022522;0.26;0.2718553841114044;0.5;0.4913749694824219
0.22;0.22148051857948303;0.26;0.2415744960308075;0.2;0.23090390861034393
0.1;0.11460469663143158;0.66;0.6530389189720154;0.12;0.10164686292409897
0.44;0.46141865849494934;0.16;0.13090264797210693;0.12;0.16977520287036896
0.5;0.5059150457382202;0.38;0.38692954182624817;0.14;0.12834566831588745
0.12;0.1300688534975052;0.6;0.6115033030509949;0.1;0.08072102069854736
0.14;0.14280517399311066;0.44;0.45370620489120483;0.28;0.2624327540397644
0.1;0.09975644946098328;0.56;0.5788949131965637;0.4;0.3960772156715393
0.3;0.30508115887641907;0.28;0.2699670195579529;0.18;0.2045935094356537
0.2;0.20596759021282196;0.44;0.46436506509780884;0.12;0.09851496666669846
0.24;0.22903886437416077;0.34;0.40873706340789795;0.4;0.41944020986557007
0.62;0.6323080062866211;0.16;0.14840202033519745;0.18;0.16851173341274261
0.46;0.4502692222595215;0.44;0.44973698258399963;0.28;0.2636805474758148
0.1;0.09596670418977737;0.8;0.8159486055374146;0.2;0.18295778334140778
0.28;0.2791177034378052;0.42;0.4275455176830292;0.34;0.3470942974090576
0.32;0.30877673625946045;0.56;0.619246780872345;0.12;0.12793219089508057
0.56;0.5634485483169556;0.32;0.3050577938556671;0.36;0.3609336018562317
0.12;0.13720029592514038;0.22;0.18458323180675507;0.26;0.31007131934165955
0.14;0.14451520144939423;0.66;0.6556034088134766;0.48;0.4532961845397949
0.12;0.11731376498937607;0.82;0.7951053380966187;0.14;0.1285817176103592
0.7;0.6934660077095032;0.26;0.2375345379114151;0.48;0.47627729177474976
0.28;0.28128641843795776;0.64;0.6607083082199097;0.28;0.27911385893821716
0.56;0.5583981275558472;0.36;0.37103721499443054;0.28;0.265359103679657
0.3;0.31148335337638855;0.16;0.14985695481300354;0.36;0.37246719002723694
0.22;0.23389814794063568;0.44;0.4381919503211975;0.22;0.2161511480808258
0.28;0.2776464819908142;0.52;0.5223544239997864;0.34;0.34308844804763794
0.26;0.2534649074077606;0.52;0.5424374341964722;0.28;0.27674365043640137
0.1;0.10325352102518082;0.6;0.5846402645111084;0.32;0.3136478066444397
0.3;0.3042823374271393;0.42;0.4908917546272278;0.1;0.10621355473995209
0.1;0.10621397942304611;0.22;0.2262873351573944;0.46;0.46791625022888184
0.16;0.18020357191562653;0.2;0.17567767202854156;0.48;0.5006424784660339
0.28;0.27707570791244507;0.54;0.5297444462776184;0.44;0.4280107617378235
0.38;0.4079495370388031;0.24;0.226377934217453;0.46;0.4491448998451233
0.76;0.7542299032211304;0.2;0.16494272649288177;0.42;0.42028895020484924
0.6;0.5811131000518799;0.22;0.23918521404266357;0.22;0.20759610831737518
0.84;0.8408926129341125;0.12;0.10297256708145142;0.5;0.47082072496414185
0.34;0.34065908193588257;0.18;0.163207545876503;0.3;0.3232925832271576
0.14;0.14715571701526642;0.52;0.5458269715309143;0.1;0.08049818128347397
0.22;0.2261831909418106;0.44;0.4347110390663147;0.18;0.17981120944023132
0.18;0.1791893094778061;0.44;0.4540543556213379;0.22;0.19752365350723267
0.28;0.27283594012260437;0.58;0.6183117032051086;0.16;0.16769590973854065
0.36;0.3790341317653656;0.26;0.24779951572418213;0.5;0.47870174050331116
0.5;0.5388967394828796;0.18;0.15622377395629883;0.12;0.14732564985752106
0.24;0.24858006834983826;0.74;0.6930593848228455;0.42;0.40189069509506226
0.22;0.22751042246818542;0.72;0.7314358949661255;0.38;0.38021793961524963
0.2;0.2094913274049759;0.56;0.6073725819587708;0.1;0.10333679616451263
0.1;0.10229140520095825;0.58;0.5829043984413147;0.18;0.1667340099811554
0.14;0.15732796490192413;0.14;0.1157815083861351;0.14;0.22276416420936584
0.2;0.22454765439033508;0.28;0.2681463062763214;0.44;0.46511000394821167
0.12;0.13196544349193573;0.36;0.35177913308143616;0.3;0.3181874752044678
0.46;0.45995813608169556;0.52;0.5018844604492188;0.48;0.46967148780822754
0.82;0.8272489905357361;0.16;0.1085415631532669;0.38;0.3964664936065674
0.16;0.1734689474105835;0.12;0.12311181426048279;0.42;0.38521867990493774
0.38;0.37604987621307373;0.4;0.42528724670410156;0.42;0.4317149221897125
0.72;0.6934212446212769;0.16;0.17688949406147003;0.38;0.3297896981239319
0.28;0.27914828062057495;0.56;0.5617886185646057;0.44;0.4274826645851135
0.38;0.3869761526584625;0.5;0.5180695652961731;0.14;0.13332048058509827
0.82;0.827547550201416;0.14;0.10527403652667999;0.32;0.34408411383628845
0.32;0.32154932618141174;0.36;0.3745149075984955;0.36;0.36475831270217896
0.28;0.28077927231788635;0.4;0.41611263155937195;0.38;0.38436394929885864
0.12;0.11818000674247742;0.8;0.8136579990386963;0.32;0.3062458038330078
0.32;0.31564006209373474;0.62;0.6424241065979004;0.28;0.29363393783569336
0.14;0.1464308351278305;0.66;0.653366208076477;0.28;0.2646266520023346
0.62;0.6760094165802002;0.14;0.08722209930419922;0.36;0.3984939157962799
0.56;0.5657987594604492;0.24;0.22192414104938507;0.26;0.2575216293334961
0.58;0.5719738602638245;0.14;0.14442117512226105;0.34;0.3469596803188324
0.1;0.10716790705919266;0.26;0.23519697785377502;0.2;0.21900491416454315
0.1;0.10167964547872543;0.76;0.7739484310150146;0.48;0.4622839093208313
0.28;0.28057369589805603;0.58;0.5928671956062317;0.5;0.469926118850708
0.44;0.47989606857299805;0.2;0.1629883497953415;0.14;0.17423488199710846
0.3;0.30677103996276855;0.36;0.3687845766544342;0.2;0.20130324363708496
0.2;0.21398666501045227;0.22;0.20119184255599976;0.46;0.46913713216781616
0.5;0.5049386620521545;0.42;0.42941907048225403;0.18;0.1638135015964508
0.56;0.563850998878479;0.3;0.2866557836532593;0.28;0.2827799916267395
0.22;0.21659551560878754;0.66;0.6789648532867432;0.14;0.14046986401081085
0.12;0.12202668935060501;0.7;0.694166898727417;0.46;0.43788790702819824
0.16;0.1504897028207779;0.24;0.23941470682621002;0.22;0.18192242085933685
0.14;0.13831698894500732;0.76;0.780165433883667;0.42;0.39765873551368713
0.78;0.7994463443756104;0.18;0.11436090618371964;0.14;0.15524263679981232
0.14;0.13950860500335693;0.7;0.7071149349212646;0.48;0.44988059997558594
0.46;0.4537641108036041;0.44;0.44542834162712097;0.34;0.32845425605773926
0.38;0.3939230144023895;0.56;0.5504607558250427;0.1;0.09232672303915024
0.68;0.6619026064872742;0.3;0.2632279396057129;0.44;0.4252219796180725
0.14;0.1412230283021927;0.76;0.7845748662948608;0.2;0.19520777463912964
0.56;0.5594329833984375;0.18;0.1770773082971573;0.16;0.1740790456533432
0.16;0.1726176142692566;0.44;0.45144471526145935;0.4;0.39369839429855347
0.72;0.6853160262107849;0.14;0.1684427559375763;0.5;0.44383305311203003
0.64;0.6315358877182007;0.18;0.17609545588493347;0.42;0.4040140211582184
0.44;0.44270405173301697;0.5;0.5122954845428467;0.48;0.4716789126396179
0.16;0.16180971264839172;0.22;0.21845850348472595;0.36;0.36674126982688904
0.86;0.8240371346473694;0.12;0.09890330582857132;0.2;0.15992164611816406
0.1;0.11412956565618515;0.56;0.5624979138374329;0.14;0.12381748855113983
0.68;0.6660379767417908;0.28;0.24249088764190674;0.28;0.26985296607017517
0.42;0.43031615018844604;0.14;0.13910704851150513;0.42;0.45197707414627075
0.18;0.17306680977344513;0.72;0.7423560619354248;0.12;0.11660458147525787
0.14;0.1544712632894516;0.36;0.3421482741832733;0.3;0.3136189877986908
0.12;0.13234339654445648;0.14;0.13259930908679962;0.22;0.2408628910779953
0.28;0.2833053767681122;0.62;0.6452173590660095;0.3;0.29715847969055176
0.5;0.49930688738822937;0.2;0.21113455295562744;0.2;0.2022852897644043
0.7;0.7090402841567993;0.12;0.10832680761814117;0.36;0.3751383423805237
0.74;0.7515298128128052;0.1;0.10413629561662674;0.42;0.372694194316864
0.72;0.7443566918373108;0.12;0.09276185184717178;0.22;0.22963395714759827
0.2;0.1911677122116089;0.76;0.737506091594696;0.12;0.1107378751039505
0.26;0.26053622364997864;0.24;0.22878921031951904;0.28;0.2975254952907562
0.68;0.6575412750244141;0.24;0.24292588233947754;0.34;0.32816609740257263
0.28;0.27688848972320557;0.18;0.17675186693668365;0.28;0.29614394903182983
0.16;0.15528635680675507;0.82;0.7585233449935913;0.14;0.13469183444976807
0.6;0.6137717366218567;0.16;0.15226714313030243;0.24;0.26164937019348145
0.26;0.25260281562805176;0.46;0.46995609998703003;0.34;0.3467184901237488
0.14;0.1524433046579361;0.46;0.4835192561149597;0.42;0.42180776596069336
0.16;0.16260670125484467;0.58;0.5652578473091125;0.28;0.2660626769065857
0.62;0.625272274017334;0.12;0.12346351146697998;0.18;0.1934761106967926
0.24;0.23743106424808502;0.52;0.528476357460022;0.34;0.3369550108909607
0.68;0.6568760871887207;0.28;0.25677162408828735;0.38;0.3655945658683777
0.54;0.543891429901123;0.3;0.3030896484851837;0.12;0.11420197784900665
0.54;0.5443856120109558;0.38;0.3769873082637787;0.42;0.4074404239654541
0.5;0.4999033212661743;0.34;0.32310256361961365;0.16;0.1565665900707245
0.58;0.5701192021369934;0.26;0.2492283135652542;0.42;0.4177214205265045
0.16;0.1552242934703827;0.42;0.44186660647392273;0.24;0.21371522545814514
0.56;0.5583906769752502;0.36;0.3720315098762512;0.24;0.2285735160112381
0.18;0.18831133842468262;0.26;0.2503439486026764;0.34;0.3601864278316498
0.42;0.4275304675102234;0.1;0.08576440811157227;0.44;0.4475468099117279
0.36;0.3591037392616272;0.44;0.4532448351383209;0.38;0.3965725898742676
0.24;0.23363634943962097;0.24;0.24174970388412476;0.14;0.15908119082450867
0.58;0.5722110867500305;0.28;0.29852381348609924;0.16;0.1515713632106781
0.58;0.5984489917755127;0.12;0.11745919287204742;0.26;0.2800981402397156
0.64;0.6279811263084412;0.1;0.1287100464105606;0.1;0.15240687131881714
0.44;0.4327809810638428;0.12;0.12139301002025604;0.16;0.17674528062343597
0.62;0.6220762133598328;0.14;0.14432525634765625;0.22;0.22555413842201233
0.2;0.20555010437965393;0.74;0.7535322904586792;0.32;0.3224262595176697
0.42;0.4229280650615692;0.18;0.1781095415353775;0.26;0.2812690734863281
0.42;0.4094691574573517;0.42;0.4160447418689728;0.16;0.15110519528388977
0.14;0.16054226458072662;0.18;0.14817200601100922;0.38;0.40232938528060913
0.3;0.28945621848106384;0.56;0.6150310635566711;0.12;0.12180089950561523
0.24;0.23943360149860382;0.22;0.20543523132801056;0.4;0.4179418683052063
0.58;0.5735890865325928;0.22;0.22282856702804565;0.2;0.194624662399292
0.26;0.25322914123535156;0.56;0.569269597530365;0.28;0.2730167508125305
0.28;0.28905820846557617;0.18;0.1787463277578354;0.42;0.4435083866119385
0.46;0.4505353569984436;0.44;0.44927680492401123;0.26;0.24519295990467072
0.32;0.31454917788505554;0.52;0.5296722650527954;0.24;0.2452281415462494
0.5;0.4966014325618744;0.36;0.3501160442829132;0.5;0.4776512682437897
0.6;0.6116034388542175;0.3;0.2975033223628998;0.12;0.11174150556325912
0.14;0.13981565833091736;0.44;0.4522758424282074;0.26;0.2351798564195633
0.84;0.8270353674888611;0.12;0.1001662015914917;0.18;0.17967578768730164
0.24;0.27774059772491455;0.32;0.30215975642204285;0.38;0.3948601186275482
0.38;0.3738480806350708;0.12;0.10771532356739044;0.4;0.4141085743904114
0.22;0.22446469962596893;0.64;0.6538429260253906;0.5;0.4711691737174988
0.36;0.36782175302505493;0.56;0.5902527570724487;0.26;0.27308639883995056
0.46;0.46600013971328735;0.3;0.31576016545295715;0.32;0.32282209396362305
0.56;0.567130982875824;0.28;0.2656758427619934;0.3;0.3045092523097992
0.12;0.12022034078836441;0.76;0.7766477465629578;0.18;0.17240789532661438
0.1;0.10324292629957199;0.3;0.28989022970199585;0.3;0.2979944348335266
0.44;0.46966269612312317;0.54;0.4830903112888336;0.1;0.09621711075305939
0.4;0.3913896381855011;0.48;0.5029010772705078;0.3;0.3012145459651947
0.1;0.11436150223016739;0.32;0.2960558831691742;0.38;0.3891124725341797
0.32;0.32037851214408875;0.24;0.2358403354883194;0.24;0.25647979974746704
0.2;0.20980191230773926;0.58;0.6269383430480957;0.1;0.10612957179546356
0.3;0.31743502616882324;0.16;0.1514183133840561;0.4;0.39806967973709106
0.12;0.1278255581855774;0.68;0.6738839149475098;0.26;0.2459244728088379
0.26;0.2603628933429718;0.32;0.32359635829925537;0.24;0.24971508979797363
0.54;0.5425978899002075;0.36;0.3540823459625244;0.34;0.33129438757896423
0.8;0.8068888783454895;0.18;0.12321026623249054;0.46;0.4744033217430115
0.48;0.4780343472957611;0.5;0.47142553329467773;0.3;0.28243255615234375
0.6;0.5997483134269714;0.16;0.15220940113067627;0.14;0.16174575686454773
0.56;0.5595115423202515;0.36;0.3689819872379303;0.18;0.16706892848014832
0.48;0.494761198759079;0.2;0.20382831990718842;0.18;0.18450067937374115
0.68;0.6628268957138062;0.22;0.2389860302209854;0.28;0.26580071449279785
0.42;0.4264223873615265;0.46;0.4716099500656128;0.12;0.11098811775445938
0.74;0.7362082600593567;0.12;0.11153817176818848;0.22;0.23753270506858826
0.64;0.649194598197937;0.34;0.2671240270137787;0.12;0.10317511856555939
0.48;0.48698538541793823;0.14;0.13583767414093018;0.46;0.4487535059452057
0.1;0.09445184469223022;0.86;0.8219336867332458;0.16;0.14142923057079315
0.2;0.2062375843524933;0.78;0.7580769658088684;0.34;0.34434884786605835
0.58;0.5539370179176331;0.1;0.1111908033490181;0.14;0.1557026207447052
0.58;0.5806673169136047;0.4;0.37141960859298706;0.5;0.4754461646080017
0.38;0.36580151319503784;0.52;0.5597431063652039;0.42;0.42214351892471313
0.3;0.3457719683647156;0.3;0.2865881621837616;0.38;0.39855438470840454
0.22;0.22881463170051575;0.66;0.6782789826393127;0.48;0.4609224200248718
0.48;0.4876575171947479;0.32;0.30021172761917114;0.26;0.2574288845062256
0.78;0.7980833053588867;0.16;0.11478764563798904;0.14;0.1520523726940155
0.6;0.5982726812362671;0.32;0.3258703052997589;0.2;0.1925690472126007
0.46;0.4541354179382324;0.38;0.3668113648891449;0.5;0.4783715307712555
0.32;0.3191987872123718;0.6;0.6262701749801636;0.42;0.41345399618148804
0.24;0.24047508835792542;0.18;0.1768612563610077;0.42;0.42541927099227905
0.16;0.16414441168308258;0.46;0.4698856770992279;0.32;0.3084411025047302
0.2;0.2128065526485443;0.36;0.4292026162147522;0.42;0.45220914483070374
0.6;0.6202539205551147;0.18;0.15890298783779144;0.12;0.11498037725687027
0.5;0.5082729458808899;0.18;0.18903279304504395;0.24;0.25250306725502014
0.2;0.20434582233428955;0.76;0.7561241984367371;0.28;0.2765513062477112
0.52;0.541185200214386;0.12;0.11079028993844986;0.38;0.4061771035194397
0.72;0.7223989963531494;0.18;0.1722717583179474;0.1;0.0796697810292244
0.14;0.14862729609012604;0.24;0.2194237858057022;0.38;0.39752620458602905
0.54;0.549355685710907;0.3;0.2682706117630005;0.22;0.22033433616161346
0.24;0.23754723370075226;0.22;0.2138637900352478;0.36;0.3850228786468506
0.16;0.16345229744911194;0.22;0.21721014380455017;0.34;0.3457565903663635
0.2;0.20762765407562256;0.12;0.09168051928281784;0.48;0.5164223909378052
0.3;0.32812729477882385;0.32;0.30158233642578125;0.48;0.5010219812393188
0.34;0.34146246314048767;0.64;0.630639374256134;0.3;0.3158129155635834
0.28;0.2682962417602539;0.48;0.5036938190460205;0.24;0.23280468583106995
0.12;0.12084352225065231;0.4;0.4122798442840576;0.48;0.4885706901550293
0.2;0.198360413312912;0.6;0.5987964868545532;0.38;0.370985746383667
0.28;0.274599552154541;0.38;0.42220520973205566;0.14;0.14409343898296356
0.54;0.5652770400047302;0.36;0.3401558995246887;0.1;0.0947151780128479
0.5;0.5003455877304077;0.36;0.3470427989959717;0.38;0.3736743927001953
0.32;0.3187543749809265;0.6;0.6257519125938416;0.36;0.3665829598903656
0.26;0.26353076100349426;0.54;0.5312901139259338;0.48;0.46648502349853516
0.1;0.11574991792440414;0.62;0.6120967268943787;0.14;0.12356297671794891
0.68;0.6727664470672607;0.26;0.26069238781929016;0.5;0.4927562177181244
0.22;0.21740438044071198;0.54;0.5544804334640503;0.22;0.21519379317760468
0.42;0.424868106842041;0.12;0.11407142877578735;0.44;0.4779340326786041
0.12;0.12120276689529419;0.72;0.7275538444519043;0.5;0.4704379141330719
0.48;0.48218753933906555;0.48;0.47069838643074036;0.44;0.4248866140842438
0.4;0.3952408730983734;0.56;0.5638118386268616;0.44;0.43346112966537476
0.66;0.6604571342468262;0.28;0.2610231041908264;0.18;0.17132636904716492
0.1;0.11118066310882568;0.32;0.3004595637321472;0.46;0.4706396162509918
0.24;0.2534196674823761;0.3;0.28984183073043823;0.36;0.3729954659938812
0.74;0.7563638091087341;0.1;0.08318580687046051;0.24;0.19733884930610657
0.16;0.1613614559173584;0.7;0.7089095711708069;0.46;0.43960991501808167
0.1;0.08834037184715271;0.18;0.1941874921321869;0.44;0.45269161462783813
0.3;0.29845207929611206;0.46;0.4619047939777374;0.42;0.4207400679588318
0.22;0.22600732743740082;0.54;0.5497177839279175;0.46;0.4544796943664551
0.2;0.22204522788524628;0.28;0.2697383463382721;0.46;0.4804980158805847
0.28;0.27942323684692383;0.7;0.6701419353485107;0.26;0.262516587972641
0.12;0.11942604184150696;0.72;0.7254279255867004;0.48;0.4537659287452698
0.64;0.6327244639396667;0.24;0.2541049122810364;0.28;0.2794138789176941
0.1;0.10177892446517944;0.88;0.8504465222358704;0.44;0.42376041412353516
0.36;0.3675561547279358;0.5;0.5161343812942505;0.24;0.24710789322853088
0.26;0.26551562547683716;0.4;0.4006752669811249;0.28;0.27584171295166016
0.68;0.6621116399765015;0.22;0.23595893383026123;0.44;0.4301416873931885
0.3;0.3053053617477417;0.56;0.5763151049613953;0.42;0.41799792647361755
0.52;0.5258985757827759;0.4;0.4018498659133911;0.16;0.14131413400173187
0.36;0.3579862415790558;0.52;0.5584534406661987;0.16;0.16082313656806946
0.12;0.1185852661728859;0.86;0.8331372141838074;0.44;0.4223042130470276
0.2;0.2187221646308899;0.26;0.24673894047737122;0.44;0.4624354839324951
0.42;0.4226555824279785;0.4;0.39576083421707153;0.34;0.3291010856628418
0.6;0.6001033782958984;0.38;0.3350035548210144;0.22;0.21093663573265076
0.18;0.18397541344165802;0.2;0.20033058524131775;0.24;0.197880357503891
0.28;0.2882610857486725;0.64;0.6591371297836304;0.36;0.35723018646240234
0.64;0.6168090105056763;0.22;0.21754325926303864;0.44;0.44108614325523376
0.22;0.22140689194202423;0.48;0.48646119236946106;0.34;0.3376242220401764
0.28;0.2738299071788788;0.46;0.4792156517505646;0.26;0.2606716752052307
0.1;0.10019814968109131;0.7;0.6863709092140198;0.32;0.30278539657592773
0.42;0.4175473153591156;0.42;0.4214465022087097;0.36;0.3492310047149658
0.66;0.7037309408187866;0.1;0.06312056630849838;0.44;0.47659677267074585
0.12;0.13305112719535828;0.36;0.34989187121391296;0.28;0.29262179136276245
0.26;0.24439209699630737;0.48;0.49959567189216614;0.2;0.19244620203971863
0.1;0.11336976289749146;0.38;0.3544773459434509;0.34;0.3594071865081787
0.4;0.39245355129241943;0.36;0.36822113394737244;0.14;0.1347111314535141
0.3;0.3295908272266388;0.32;0.29682475328445435;0.14;0.1739674210548401
0.54;0.560767650604248;0.16;0.14762602746486664;0.24;0.2644272446632385
0.32;0.3301016688346863;0.28;0.2676275074481964;0.28;0.3099519610404968
0.34;0.3379971385002136;0.36;0.43326130509376526;0.1;0.10174069553613663
0.14;0.14269272983074188;0.72;0.7349216341972351;0.16;0.15657632052898407
0.6;0.57063889503479;0.2;0.2343759387731552;0.16;0.14035829901695251
0.58;0.5998464822769165;0.16;0.14728718996047974;0.12;0.16127941012382507
0.34;0.3359145224094391;0.44;0.45150840282440186;0.26;0.26648029685020447
0.34;0.33179524540901184;0.52;0.5575070381164551;0.18;0.18465547263622284
0.34;0.3347838222980499;0.48;0.48813357949256897;0.2;0.19989058375358582
0.22;0.21364335715770721;0.14;0.14472077786922455;0.26;0.2703220546245575
0.58;0.5732901096343994;0.12;0.12611137330532074;0.1;0.14984871447086334
0.24;0.24069634079933167;0.3;0.27965331077575684;0.18;0.20701122283935547
0.36;0.3633357286453247;0.3;0.3132685124874115;0.48;0.46211323142051697
0.44;0.4359636604785919;0.42;0.4190041720867157;0.16;0.15506303310394287
0.34;0.3405897617340088;0.58;0.6104090809822083;0.38;0.38462623953819275
0.36;0.360713928937912;0.58;0.595191240310669;0.48;0.4674607813358307
0.56;0.5890619158744812;0.18;0.17157962918281555;0.4;0.3914332389831543
0.2;0.19729219377040863;0.64;0.6502892374992371;0.18;0.17567603290081024
0.38;0.36496129631996155;0.52;0.5566297769546509;0.46;0.4535660743713379
0.86;0.8469958901405334;0.1;0.09990314394235611;0.4;0.3307390809059143
0.22;0.22897249460220337;0.3;0.27064770460128784;0.1;0.1289476603269577
0.78;0.7997578978538513;0.2;0.1190347820520401;0.16;0.1763683557510376
0.36;0.3528353273868561;0.14;0.12391043454408646;0.14;0.17445887625217438
0.38;0.3853446841239929;0.28;0.2795908451080322;0.24;0.23522791266441345
0.24;0.2367907613515854;0.14;0.12513022124767303;0.3;0.30777063965797424
0.66;0.6666886806488037;0.16;0.14909785985946655;0.38;0.3856905996799469
0.72;0.7209237813949585;0.1;0.10688476264476776;0.34;0.31099843978881836
0.46;0.454048752784729;0.48;0.4859229028224945;0.28;0.26815110445022583
0.46;0.4673210084438324;0.36;0.34533315896987915;0.38;0.38061589002609253
0.54;0.5450844168663025;0.32;0.3047756850719452;0.28;0.27639248967170715
0.26;0.2507733702659607;0.14;0.13481205701828003;0.22;0.22479653358459473
0.64;0.6360734701156616;0.24;0.26345735788345337;0.14;0.12454023212194443
0.56;0.5570866465568542;0.1;0.0977940708398819;0.26;0.24335770308971405
0.42;0.42064598202705383;0.4;0.39650365710258484;0.4;0.3927149176597595
0.46;0.4591474235057831;0.28;0.29179689288139343;0.36;0.3571929335594177
0.52;0.5479763150215149;0.22;0.21317729353904724;0.18;0.15689922869205475
0.44;0.4584689140319824;0.12;0.10690200328826904;0.22;0.23269084095954895
0.48;0.48737624287605286;0.16;0.15543201565742493;0.44;0.4469742178916931
0.82;0.8221800923347473;0.1;0.10377760231494904;0.18;0.18664215505123138
0.4;0.3959650695323944;0.16;0.15390309691429138;0.48;0.5047916173934937
0.2;0.20097050070762634;0.1;0.11133825778961182;0.36;0.34271305799484253
0.14;0.14017295837402344;0.44;0.43794840574264526;0.2;0.17287378013134003
0.16;0.17558419704437256;0.36;0.3466207981109619;0.24;0.24596834182739258
0.14;0.13890740275382996;0.72;0.7306315898895264;0.34;0.32236266136169434
0.32;0.3170669972896576;0.66;0.6414240598678589;0.12;0.13826695084571838
0.16;0.16323451697826385;0.66;0.6472540497779846;0.36;0.35156410932540894
0.44;0.4365096688270569;0.5;0.5161596536636353;0.38;0.3816002905368805
0.7;0.6904354095458984;0.28;0.22252875566482544;0.36;0.3524624705314636
0.18;0.19055001437664032;0.4;0.43212616443634033;0.34;0.3445957601070404
0.26;0.25692877173423767;0.4;0.45745059847831726;0.12;0.12047914415597916
0.6;0.5789644718170166;0.2;0.22141988575458527;0.34;0.31630849838256836
0.12;0.1342676728963852;0.22;0.195817232131958;0.5;0.516323447227478
0.58;0.5703794956207275;0.24;0.2639569342136383;0.12;0.11250914633274078
0.84;0.8097057342529297;0.14;0.10117697715759277;0.12;0.12614473700523376
0.54;0.5446390509605408;0.26;0.24034002423286438;0.24;0.23724909126758575
0.1;0.10052047669887543;0.54;0.5580279231071472;0.38;0.38153815269470215
0.28;0.3048495352268219;0.32;0.28880423307418823;0.16;0.18231052160263062
0.34;0.34055763483047485;0.48;0.4801991283893585;0.38;0.3984285891056061
0.62;0.6229671835899353;0.1;0.10864182561635971;0.28;0.2512684762477875
0.28;0.2879701256752014;0.62;0.6415708661079407;0.42;0.41240057349205017
0.46;0.47637417912483215;0.24;0.24151700735092163;0.16;0.15789519250392914
0.24;0.249165877699852;0.4;0.4187890589237213;0.34;0.3493982255458832
0.14;0.14889007806777954;0.7;0.7004932165145874;0.18;0.17711131274700165
0.22;0.2304670214653015;0.72;0.7262253165245056;0.48;0.45268553495407104
0.36;0.34690678119659424;0.4;0.4211602210998535;0.5;0.4860615134239197
0.36;0.361057847738266;0.5;0.5295330286026001;0.16;0.1586330235004425
0.24;0.23919935524463654;0.36;0.389024943113327;0.46;0.4636504650115967
0.62;0.5865646004676819;0.26;0.26663830876350403;0.46;0.45513397455215454
0.82;0.8322988748550415;0.12;0.1071658656001091;0.24;0.26542964577674866
0.26;0.25597530603408813;0.64;0.6653784513473511;0.26;0.2589239478111267
0.14;0.1524556428194046;0.38;0.37259745597839355;0.3;0.3010813593864441
0.14;0.14870502054691315;0.32;0.3104788064956665;0.18;0.19595035910606384
0.62;0.6218314170837402;0.3;0.31816017627716064;0.5;0.4978092610836029
0.34;0.32930096983909607;0.4;0.41729769110679626;0.24;0.24281540513038635
0.1;0.11192202568054199;0.54;0.5382249355316162;0.14;0.12399919331073761
0.14;0.1539563089609146;0.66;0.6581069827079773;0.18;0.17401479184627533
0.28;0.2551296055316925;0.1;0.11610306799411774;0.22;0.1754474937915802
0.46;0.45543310046195984;0.52;0.493461936712265;0.34;0.33361372351646423
0.5;0.49931976199150085;0.48;0.4527931809425354;0.48;0.44990110397338867
0.14;0.1393844336271286;0.76;0.7782732844352722;0.32;0.304720014333725
0.12;0.12077120691537857;0.78;0.796815812587738;0.3;0.2876308262348175
0.26;0.2649949789047241;0.68;0.6853044629096985;0.4;0.3891976773738861
0.38;0.38507208228111267;0.48;0.49105483293533325;0.18;0.1727323830127716
0.14;0.1440107822418213;0.58;0.5821946263313293;0.42;0.39251405000686646
0.18;0.188201904296875;0.2;0.19699741899967194;0.36;0.34590792655944824
0.3;0.306242972612381;0.14;0.1365828812122345;0.4;0.43671146035194397
0.3;0.30350539088249207;0.56;0.5738598108291626;0.5;0.4776998460292816
0.6;0.5862030386924744;0.1;0.1209898367524147;0.2;0.18485988676548004
0.36;0.3671914041042328;0.6;0.6038534641265869;0.36;0.3760932981967926
0.32;0.31517860293388367;0.52;0.5305822491645813;0.26;0.2638813555240631
0.42;0.46565595269203186;0.2;0.15370744466781616;0.12;0.16837091743946075
0.16;0.17949633300304413;0.18;0.17004287242889404;0.42;0.42638102173805237
0.34;0.3707617521286011;0.3;0.29041755199432373;0.44;0.45455703139305115
0.48;0.48023369908332825;0.44;0.4452745020389557;0.42;0.4029052257537842
0.44;0.42922744154930115;0.48;0.49480563402175903;0.18;0.15994885563850403
0.1;0.10243897885084152;0.78;0.7886332869529724;0.24;0.22537171840667725
0.22;0.2248898297548294;0.62;0.6221442818641663;0.42;0.41075754165649414
0.2;0.20455239713191986;0.44;0.47102877497673035;0.36;0.35634326934814453
0.5;0.501701295375824;0.48;0.45339104533195496;0.32;0.3043225407600403
0.28;0.26649004220962524;0.1;0.10963766276836395;0.34;0.29349032044410706
0.12;0.12119332700967789;0.48;0.484103798866272;0.22;0.19876384735107422
0.36;0.3596187233924866;0.62;0.6091217994689941;0.22;0.22705312073230743
0.12;0.11484373360872269;0.84;0.8010538220405579;0.12;0.10152971744537354
0.18;0.1957869678735733;0.44;0.444583535194397;0.46;0.44648393988609314
0.18;0.18361645936965942;0.72;0.7375029921531677;0.26;0.24189241230487823
0.4;0.394734650850296;0.22;0.2215946912765503;0.2;0.20662841200828552
0.2;0.21600498259067535;0.46;0.4831567108631134;0.48;0.47991567850112915
0.36;0.36133766174316406;0.56;0.5807332992553711;0.1;0.09380967915058136
0.28;0.2899627983570099;0.38;0.37985119223594666;0.28;0.2838866114616394
0.32;0.34522002935409546;0.32;0.3338601887226105;0.5;0.5088732242584229
0.38;0.3753707706928253;0.38;0.3986378610134125;0.14;0.1392459124326706
0.3;0.30211713910102844;0.4;0.39363592863082886;0.32;0.32514339685440063
0.5;0.49848341941833496;0.1;0.0892324149608612;0.5;0.4911070764064789
0.16;0.16721664369106293;0.34;0.3143388330936432;0.14;0.14358100295066833
0.52;0.48999980092048645;0.24;0.27677661180496216;0.14;0.11475415527820587
0.8;0.8002550005912781;0.1;0.11186357587575912;0.32;0.29601186513900757
0.12;0.1243436262011528;0.74;0.7499721050262451;0.2;0.19250936806201935
0.46;0.46760275959968567;0.36;0.3449079990386963;0.34;0.3444730341434479
0.2;0.17986615002155304;0.14;0.13700613379478455;0.32;0.35313454270362854
0.4;0.4000239074230194;0.4;0.4092342257499695;0.3;0.3022032678127289
0.34;0.33340829610824585;0.44;0.4555712342262268;0.42;0.4350183606147766
0.6;0.60017991065979;0.38;0.33563923835754395;0.24;0.22930407524108887
0.26;0.2844291925430298;0.32;0.3500661551952362;0.34;0.3684891164302826
0.36;0.3560195565223694;0.32;0.397840291261673;0.1;0.0960794985294342
0.4;0.4011411666870117;0.46;0.4633937180042267;0.14;0.13071167469024658
0.28;0.30793651938438416;0.3;0.2685603201389313;0.12;0.1424402892589569
0.24;0.23178710043430328;0.48;0.4965723156929016;0.16;0.15086008608341217
0.2;0.19913168251514435;0.78;0.7382750511169434;0.22;0.20655915141105652
0.12;0.10729660838842392;0.1;0.11358872801065445;0.32;0.2000230848789215
0.66;0.6828726530075073;0.12;0.09272340685129166;0.34;0.34442147612571716
0.56;0.5648337006568909;0.16;0.14692409336566925;0.32;0.3277682662010193
0.1;0.1168857142329216;0.24;0.2276427149772644;0.44;0.44517984986305237
0.54;0.5377545952796936;0.42;0.4135780334472656;0.32;0.30377069115638733
0.16;0.17563316226005554;0.36;0.34588751196861267;0.26;0.2626427114009857
0.48;0.4689939618110657;0.38;0.3715415596961975;0.5;0.46398448944091797
0.24;0.2439892739057541;0.46;0.47490692138671875;0.26;0.26589900255203247
0.46;0.4958151578903198;0.16;0.1293424516916275;0.2;0.24341073632240295
0.28;0.27747637033462524;0.54;0.5284548401832581;0.46;0.44307613372802734
0.46;0.4576076865196228;0.52;0.49459099769592285;0.38;0.37548500299453735
0.4;0.39813748002052307;0.26;0.26179003715515137;0.26;0.25208669900894165
0.3;0.2984020411968231;0.14;0.13366639614105225;0.18;0.21973714232444763
0.78;0.7921895384788513;0.2;0.12204045057296753;0.24;0.2570952773094177
0.56;0.5935230255126953;0.16;0.14251798391342163;0.12;0.17462626099586487
0.28;0.32764068245887756;0.26;0.22614014148712158;0.46;0.4895629286766052
0.28;0.29808545112609863;0.22;0.18479900062084198;0.1;0.13444802165031433
0.52;0.5495208501815796;0.16;0.14560484886169434;0.14;0.16518785059452057
0.22;0.23398655652999878;0.32;0.3118353486061096;0.32;0.3375886380672455
0.22;0.21831192076206207;0.52;0.5273714661598206;0.36;0.36194753646850586
0.12;0.11967595666646957;0.76;0.7845492959022522;0.5;0.47173190116882324
0.3;0.3142043650150299;0.22;0.1945153772830963;0.12;0.14521023631095886
0.54;0.5464869141578674;0.26;0.2413027286529541;0.28;0.2756907343864441
0.54;0.5117737650871277;0.22;0.24552121758460999;0.16;0.13277070224285126
0.42;0.4306579530239105;0.12;0.1081857979297638;0.24;0.23707899451255798
0.6;0.5747060775756836;0.2;0.22974686324596405;0.18;0.16154560446739197
0.48;0.47879213094711304;0.42;0.4347614347934723;0.16;0.14526192843914032
0.24;0.23152214288711548;0.48;0.4885171949863434;0.2;0.19322411715984344
0.36;0.3568306565284729;0.14;0.12326087057590485;0.34;0.36123937368392944
0.32;0.3172527253627777;0.58;0.6278586983680725;0.1;0.11225670576095581
0.2;0.20441803336143494;0.42;0.45052018761634827;0.4;0.3965114951133728
0.84;0.8429552316665649;0.14;0.10256370157003403;0.46;0.43664464354515076
0.38;0.37752673029899597;0.42;0.42629313468933105;0.22;0.2167062759399414
0.42;0.4133824408054352;0.3;0.30292007327079773;0.4;0.4054332375526428
0.62;0.6239210367202759;0.26;0.2740562856197357;0.12;0.10825413465499878
0.28;0.28836292028427124;0.62;0.6418349146842957;0.44;0.4287610650062561
0.6;0.6123812198638916;0.32;0.30815255641937256;0.14;0.13169677555561066
0.54;0.5402441024780273;0.36;0.345608115196228;0.4;0.3892340660095215
0.22;0.22404071688652039;0.68;0.7052891850471497;0.32;0.321743905544281
0.46;0.46275022625923157;0.32;0.3211960196495056;0.2;0.19948197901248932
0.22;0.21360336244106293;0.28;0.2649877965450287;0.2;0.23110151290893555
0.72;0.7136164903640747;0.2;0.1930874139070511;0.18;0.1630895882844925
0.78;0.7697457075119019;0.12;0.13813424110412598;0.3;0.2736474871635437
0.52;0.5156416296958923;0.36;0.3459146320819855;0.46;0.4447498917579651
0.58;0.5760765075683594;0.24;0.2697514295578003;0.1;0.09442750364542007
0.14;0.14809729158878326;0.54;0.5477444529533386;0.38;0.36173662543296814
0.1;0.11935719847679138;0.3;0.28129804134368896;0.38;0.394892156124115
0.54;0.5599796772003174;0.38;0.3590170443058014;0.12;0.11064926534891129
0.32;0.3243567943572998;0.38;0.4461982250213623;0.1;0.10273931920528412
0.16;0.1656583994626999;0.78;0.7774437069892883;0.22;0.21104486286640167
0.12;0.12031380087137222;0.12;0.13621440529823303;0.34;0.3117796778678894
0.26;0.26042628288269043;0.6;0.6161267757415771;0.46;0.44341450929641724
0.38;0.38059699535369873;0.58;0.5674737095832825;0.14;0.13581986725330353
0.3;0.3072311580181122;0.28;0.26581552624702454;0.16;0.18746598064899445
0.44;0.4520900845527649;0.24;0.23552478849887848;0.28;0.27873310446739197
0.48;0.49672937393188477;0.18;0.17415419220924377;0.44;0.4385066032409668
0.56;0.5485745668411255;0.16;0.16920797526836395;0.26;0.2658630311489105
0.58;0.594372570514679;0.18;0.15612557530403137;0.1;0.1324457824230194
0.28;0.2661392390727997;0.58;0.6390393972396851;0.12;0.1195121556520462
0.28;0.2762628197669983;0.42;0.43199029564857483;0.42;0.4169897139072418
0.26;0.2614004909992218;0.64;0.6663311719894409;0.32;0.3177835941314697
0.16;0.1542641520500183;0.74;0.7553680539131165;0.14;0.13770106434822083
0.12;0.12060108035802841;0.56;0.5709867477416992;0.18;0.1699661761522293
0.62;0.6037562489509583;0.26;0.2676548361778259;0.36;0.35753998160362244
0.14;0.15602697432041168;0.14;0.11830414086580276;0.2;0.2692776620388031
0.18;0.19166259467601776;0.22;0.210128054022789;0.32;0.33047565817832947
0.38;0.37193143367767334;0.44;0.45536842942237854;0.4;0.4099861681461334
0.16;0.16184212267398834;0.56;0.5656172037124634;0.14;0.1283130794763565
0.28;0.30391526222229004;0.3;0.2873702645301819;0.4;0.41181883215904236
0.68;0.6612412333488464;0.16;0.14651454985141754;0.34;0.3237132430076599
0.12;0.1213514432311058;0.84;0.824613630771637;0.28;0.2686949670314789
0.4;0.43133458495140076;0.52;0.512191653251648;0.1;0.09314757585525513
0.32;0.30845558643341064;0.52;0.5150220394134521;0.46;0.4417979121208191
0.28;0.27840059995651245;0.42;0.43142783641815186;0.38;0.38548117876052856
0.74;0.7471653819084167;0.1;0.08825786411762238;0.18;0.15354929864406586
0.38;0.3801983892917633;0.34;0.3446117043495178;0.16;0.16073369979858398
0.4;0.39415425062179565;0.52;0.5507793426513672;0.34;0.3438921570777893
0.42;0.41842466592788696;0.52;0.5320544838905334;0.3;0.30323171615600586
0.1;0.10775955021381378;0.56;0.5605665445327759;0.34;0.3350772261619568
0.18;0.187042698264122;0.62;0.6564121842384338;0.1;0.10005746781826019
0.2;0.19964070618152618;0.1;0.10469745099544525;0.34;0.31300434470176697
0.32;0.3164078891277313;0.4;0.41708749532699585;0.38;0.3944605886936188
0.16;0.17192122340202332;0.64;0.6346831321716309;0.16;0.15612955391407013
0.32;0.3495590090751648;0.3;0.27707013487815857;0.26;0.2953358590602875
0.18;0.18519699573516846;0.72;0.7358828783035278;0.4;0.3904927372932434
0.7;0.6919959783554077;0.26;0.2264990508556366;0.4;0.39508914947509766
0.16;0.16646049916744232;0.6;0.5888355374336243;0.28;0.265323668718338
0.4;0.40154731273651123;0.26;0.26514288783073425;0.2;0.20028047263622284
0.62;0.6072520017623901;0.22;0.2572455406188965;0.12;0.10799087584018707
0.52;0.5312151312828064;0.2;0.18800850212574005;0.34;0.3383835256099701
0.72;0.7223114967346191;0.2;0.17572645843029022;0.12;0.09933643788099289
0.24;0.2449776530265808;0.62;0.6266518831253052;0.38;0.3731767237186432
0.44;0.4631239175796509;0.26;0.2580949366092682;0.12;0.1156911700963974
0.2;0.21504800021648407;0.32;0.30809783935546875;0.34;0.3699864447116852
0.3;0.2950914800167084;0.64;0.6501721143722534;0.18;0.1906895786523819
0.38;0.3823166489601135;0.4;0.4210790991783142;0.38;0.3963540494441986
0.28;0.2743498384952545;0.52;0.5309324860572815;0.28;0.2772151529788971
0.26;0.25372862815856934;0.7;0.6847168803215027;0.22;0.22201299667358398
0.16;0.17006996273994446;0.64;0.6334038972854614;0.24;0.2239828109741211
0.54;0.544415295124054;0.32;0.306171178817749;0.3;0.29585570096969604
0.24;0.24810928106307983;0.2;0.18668535351753235;0.3;0.3218674659729004
0.14;0.14302785694599152;0.46;0.4682011306285858;0.26;0.2378474771976471
0.16;0.16342072188854218;0.58;0.5744982957839966;0.18;0.16383150219917297
0.52;0.5197475552558899;0.46;0.4319944381713867;0.36;0.34381723403930664
0.68;0.6550242900848389;0.22;0.24269020557403564;0.34;0.3243558406829834
0.12;0.1298162043094635;0.56;0.563206136226654;0.34;0.3247458338737488
0.32;0.30275171995162964;0.12;0.12459105253219604;0.2;0.2193130999803543
0.88;0.836004376411438;0.1;0.10008492320775986;0.32;0.1973210871219635
0.24;0.2556917369365692;0.38;0.376111775636673;0.22;0.21152958273887634
0.4;0.4161047637462616;0.22;0.19412392377853394;0.48;0.46992334723472595
0.3;0.3029286861419678;0.2;0.20560134947299957;0.4;0.4116284251213074
0.14;0.14591161906719208;0.38;0.4568488299846649;0.18;0.20093314349651337
0.24;0.24645185470581055;0.7;0.6948879957199097;0.38;0.3693937659263611
0.32;0.3136570453643799;0.4;0.42051994800567627;0.28;0.2801181375980377
0.18;0.23209631443023682;0.36;0.32585960626602173;0.46;0.4917449951171875
0.46;0.4741721451282501;0.2;0.20157629251480103;0.26;0.27357348799705505
0.22;0.22938129305839539;0.24;0.21758843958377838;0.12;0.13354916870594025
0.76;0.7651230692863464;0.22;0.14856955409049988;0.22;0.22787480056285858
0.42;0.4468802213668823;0.48;0.4864526391029358;0.1;0.09571898728609085
0.12;0.1346195787191391;0.64;0.634795069694519;0.16;0.15086114406585693
0.3;0.34946945309638977;0.22;0.16049844026565552;0.5;0.5438751578330994
0.34;0.34801626205444336;0.22;0.19626356661319733;0.3;0.31784337759017944
0.5;0.5016502737998962;0.46;0.4495737552642822;0.38;0.3664205074310303
0.1;0.10322470217943192;0.78;0.7885846495628357;0.28;0.26348358392715454
0.3;0.3041011393070221;0.66;0.654150128364563;0.28;0.29208987951278687
0.36;0.35081878304481506;0.48;0.4885011613368988;0.38;0.39036399126052856
0.38;0.3749561309814453;0.32;0.32678088545799255;0.48;0.474590539932251
0.12;0.1448117196559906;0.36;0.33819258213043213;0.46;0.4871916174888611
0.48;0.5138249397277832;0.2;0.18659637868404388;0.14;0.15040841698646545
0.5;0.5359043478965759;0.44;0.39722129702568054;0.1;0.08722318708896637
0.26;0.2547856569290161;0.72;0.6866510510444641;0.24;0.24055370688438416
0.48;0.47166338562965393;0.38;0.37255170941352844;0.42;0.40103262662887573
0.7;0.702254593372345;0.28;0.2016977220773697;0.14;0.12767109274864197
0.18;0.18773239850997925;0.74;0.7520198822021484;0.5;0.4735378623008728
0.44;0.44937318563461304;0.34;0.34797805547714233;0.28;0.28410032391548157
0.18;0.21757382154464722;0.36;0.3379276990890503;0.5;0.5401333570480347
0.52;0.5106526613235474;0.24;0.24133403599262238;0.2;0.17574040591716766
0.46;0.4557400941848755;0.4;0.3895481824874878;0.34;0.3278849124908447
0.14;0.14831970632076263;0.72;0.7316427826881409;0.22;0.2138654738664627
0.18;0.18613676726818085;0.62;0.6213858127593994;0.16;0.1537996232509613
0.44;0.4459477365016937;0.36;0.3569675385951996;0.34;0.34386786818504333
0.58;0.5795496106147766;0.26;0.2542021572589874;0.3;0.3070355951786041
0.76;0.7510560750961304;0.12;0.1450006663799286;0.14;0.09811541438102722
0.34;0.34158432483673096;0.62;0.6297286748886108;0.3;0.31562381982803345
0.5;0.5137298703193665;0.24;0.24159911274909973;0.48;0.4521583020687103
0.22;0.22316481173038483;0.54;0.5521145462989807;0.38;0.37834468483924866
0.4;0.4009758234024048;0.3;0.2838135063648224;0.5;0.4900432229042053
0.34;0.33010897040367126;0.58;0.627536952495575;0.18;0.19495519995689392
0.34;0.34172871708869934;0.2;0.18611890077590942;0.26;0.2785622477531433
0.62;0.6044151186943054;0.22;0.22179263830184937;0.4;0.39279723167419434
0.62;0.6180652976036072;0.36;0.32174932956695557;0.32;0.3117433190345764
0.58;0.5809465646743774;0.14;0.13758638501167297;0.26;0.2912141680717468
0.7;0.6832837462425232;0.2;0.2076115906238556;0.28;0.25802406668663025
0.46;0.4619244337081909;0.14;0.12830159068107605;0.12;0.1610386222600937
0.16;0.1552380621433258;0.48;0.47559237480163574;0.2;0.1822168529033661
0.46;0.4552151560783386;0.14;0.13310851156711578;0.1;0.14899197220802307
0.64;0.6775979399681091;0.12;0.07526757568120956;0.4;0.42587965726852417
0.18;0.17997047305107117;0.42;0.4592798054218292;0.28;0.2704821228981018
0.12;0.11998549103736877;0.5;0.5074801445007324;0.22;0.20437660813331604
0.36;0.344197541475296;0.52;0.5424504280090332;0.48;0.4634314477443695
0.42;0.453400194644928;0.18;0.14426115155220032;0.16;0.20901162922382355
0.44;0.4732239246368408;0.22;0.19526611268520355;0.14;0.15318268537521362
0.32;0.32639384269714355;0.26;0.2810600996017456;0.46;0.46172040700912476
0.74;0.7418314814567566;0.24;0.1738526076078415;0.2;0.1973412185907364
0.38;0.3912799656391144;0.58;0.5747455954551697;0.22;0.22844810783863068
0.48;0.48589375615119934;0.38;0.4039430320262909;0.1;0.0914512500166893
0.12;0.13399319350719452;0.56;0.5801187753677368;0.1;0.08069552481174469
0.14;0.14805786311626434;0.4;0.41465482115745544;0.5;0.5002869367599487
0.78;0.780937910079956;0.16;0.12845224142074585;0.3;0.3115309178829193
0.42;0.4348193109035492;0.26;0.27032721042633057;0.34;0.3307109475135803
0.56;0.5672215819358826;0.28;0.26513880491256714;0.28;0.2841297686100006
0.22;0.22479920089244843;0.56;0.5635115504264832;0.38;0.3773520886898041
0.18;0.21355926990509033;0.36;0.3477150797843933;0.34;0.3461626470088959
0.44;0.43609631061553955;0.28;0.29056698083877563;0.34;0.33428606390953064
0.74;0.7164580821990967;0.16;0.1901227831840515;0.48;0.4457780420780182
0.1;0.11850959807634354;0.28;0.2624412477016449;0.4;0.4168647825717926
0.44;0.4541591703891754;0.22;0.21879039704799652;0.26;0.26197201013565063
0.26;0.2514612674713135;0.5;0.521669328212738;0.32;0.32478994131088257
0.52;0.5281043648719788;0.34;0.34373587369918823;0.12;0.11112658679485321
0.64;0.6322284936904907;0.28;0.2966253459453583;0.26;0.2576761245727539
0.52;0.5239182114601135;0.38;0.37667912244796753;0.32;0.3122798502445221
0.32;0.32076698541641235;0.38;0.39244452118873596;0.34;0.3533802926540375
0.28;0.2821441888809204;0.6;0.6235986948013306;0.3;0.29622331261634827
0.56;0.5598987936973572;0.4;0.38477981090545654;0.2;0.18697229027748108
0.22;0.22351184487342834;0.58;0.5715765357017517;0.42;0.4143383502960205
0.24;0.2683570981025696;0.28;0.26673761010169983;0.44;0.4663326144218445
0.78;0.7625476121902466;0.12;0.15182290971279144;0.44;0.3864503502845764
0.3;0.33448803424835205;0.28;0.24219536781311035;0.1;0.12299011647701263
0.4;0.3631362318992615;0.1;0.11667176336050034;0.18;0.1666051298379898
0.1;0.09534863382577896;0.18;0.17070633172988892;0.28;0.2933674454689026
0.62;0.6176571846008301;0.1;0.08708228170871735;0.5;0.5016728043556213
0.56;0.5678344368934631;0.42;0.38248541951179504;0.5;0.46997857093811035
0.34;0.34185823798179626;0.6;0.6217724680900574;0.36;0.3689969480037689
0.74;0.7480089664459229;0.18;0.1515796184539795;0.12;0.10659225285053253
0.76;0.7478455305099487;0.12;0.150326669216156;0.16;0.11133873462677002
0.18;0.17678004503250122;0.48;0.4947028160095215;0.24;0.22390501201152802
0.64;0.6284371018409729;0.2;0.19334617257118225;0.44;0.44140639901161194
0.38;0.33771613240242004;0.1;0.12341366708278656;0.18;0.15493495762348175
0.24;0.23281390964984894;0.64;0.6559474468231201;0.2;0.19054481387138367
0.34;0.3368000388145447;0.5;0.557100772857666;0.1;0.09299512952566147
0.12;0.11865630000829697;0.74;0.7555019855499268;0.48;0.4552055895328522
0.52;0.5139781832695007;0.28;0.2690872251987457;0.5;0.5036096572875977
0.38;0.36196011304855347;0.5;0.5317742228507996;0.42;0.4214928150177002
0.36;0.34974825382232666;0.14;0.12745587527751923;0.32;0.3372195363044739
0.26;0.25430071353912354;0.4;0.4319272041320801;0.14;0.13559100031852722
0.26;0.2564969062805176;0.7;0.6871920228004456;0.26;0.2599171996116638
0.22;0.2203032523393631;0.5;0.502081036567688;0.46;0.45042890310287476
0.34;0.3386368453502655;0.12;0.10957653820514679;0.46;0.4714001715183258
0.56;0.5665115118026733;0.22;0.22046011686325073;0.36;0.3528372347354889
0.26;0.2537655234336853;0.72;0.6839178204536438;0.22;0.22179007530212402
0.5;0.5114242434501648;0.14;0.1427101194858551;0.4;0.40414127707481384
0.3;0.31259608268737793;0.62;0.6435770988464355;0.48;0.46975550055503845
0.34;0.36256134510040283;0.3;0.29456770420074463;0.48;0.47094374895095825
0.5;0.4784790575504303;0.28;0.28803953528404236;0.14;0.12665791809558868
0.22;0.2365279644727707;0.4;0.39407461881637573;0.24;0.22766077518463135
0.32;0.3085770606994629;0.52;0.5134462118148804;0.48;0.45683836936950684
0.66;0.6321474313735962;0.3;0.29441705346107483;0.32;0.3052622675895691
0.14;0.14788618683815002;0.52;0.5218113660812378;0.34;0.32741349935531616
0.16;0.19492071866989136;0.36;0.3361383378505707;0.5;0.5056346654891968
0.54;0.575883686542511;0.14;0.13116738200187683;0.26;0.28805190324783325
0.14;0.13673818111419678;0.7;0.6972010731697083;0.38;0.3604606091976166
0.2;0.19753384590148926;0.54;0.5563872456550598;0.2;0.1942170411348343
0.34;0.3699842095375061;0.28;0.2694382071495056;0.34;0.34223008155822754
0.52;0.5221085548400879;0.16;0.165890634059906;0.32;0.32700949907302856
0.22;0.22327721118927002;0.46;0.4870387613773346;0.42;0.4202004373073578
0.58;0.5739415884017944;0.2;0.21697628498077393;0.38;0.3621823191642761
0.5;0.490539014339447;0.24;0.24733847379684448;0.22;0.1894160956144333
0.26;0.2598710358142853;0.2;0.19152142107486725;0.26;0.27654212713241577
0.48;0.48449093103408813;0.26;0.2680950462818146;0.42;0.4071733355522156
0.14;0.1484106332063675;0.7;0.7053850293159485;0.22;0.21249274909496307
0.28;0.29223689436912537;0.68;0.6627718210220337;0.48;0.447235107421875
0.64;0.6322735548019409;0.26;0.27835267782211304;0.3;0.2980539798736572
0.16;0.18746446073055267;0.34;0.3134270906448364;0.44;0.46557125449180603
0.44;0.458209753036499;0.22;0.21556434035301208;0.24;0.2465379685163498
0.68;0.690266489982605;0.14;0.1139850914478302;0.24;0.2504957616329193
0.36;0.3636089265346527;0.34;0.3322814404964447;0.24;0.24148383736610413
0.48;0.4826327860355377;0.24;0.23284520208835602;0.32;0.3373037874698639
0.14;0.15003393590450287;0.62;0.6313837766647339;0.44;0.418144553899765
0.26;0.2615390419960022;0.38;0.4020642638206482;0.34;0.3516269624233246
0.5;0.5047592520713806;0.32;0.3052065372467041;0.42;0.4186253547668457
0.44;0.4577614367008209;0.24;0.23362310230731964;0.24;0.24396291375160217
0.12;0.1308288276195526;0.48;0.5183107852935791;0.38;0.39550966024398804
0.6;0.5762999653816223;0.24;0.24809636175632477;0.42;0.4083947241306305
0.74;0.7492895126342773;0.2;0.15890277922153473;0.14;0.13358524441719055
0.7;0.6851632595062256;0.22;0.21367321908473969;0.38;0.3630461096763611
0.52;0.5193575024604797;0.34;0.3249323070049286;0.42;0.4125300347805023
0.4;0.3580158054828644;0.1;0.12107695639133453;0.16;0.15441200137138367
0.3;0.2900625467300415;0.22;0.2194439023733139;0.34;0.35545483231544495
0.66;0.6523581147193909;0.14;0.13909578323364258;0.38;0.3861595690250397
0.32;0.31251248717308044;0.66;0.6477638483047485;0.14;0.15911519527435303
0.36;0.367093563079834;0.6;0.6058349609375;0.26;0.2733553349971771
0.2;0.21744847297668457;0.34;0.29938045144081116;0.1;0.12879952788352966
0.16;0.16288934648036957;0.58;0.5712849497795105;0.2;0.179830402135849
0.14;0.13981689512729645;0.74;0.7599733471870422;0.16;0.15631933510303497
0.7;0.6778608560562134;0.18;0.2042720764875412;0.32;0.2903718054294586
0.44;0.44253242015838623;0.38;0.37275031208992004;0.38;0.37588921189308167
0.7;0.692520260810852;0.28;0.23683097958564758;0.46;0.4546974301338196
0.6;0.5875850915908813;0.26;0.2585841417312622;0.36;0.35253554582595825
0.28;0.26853153109550476;0.68;0.6812560558319092;0.14;0.14379584789276123
0.3;0.2727259695529938;0.1;0.1150042787194252;0.28;0.25261300802230835
0.1;0.10357412695884705;0.76;0.7687773108482361;0.2;0.18587934970855713
0.66;0.6330445408821106;0.2;0.18685123324394226;0.48;0.47492116689682007
0.22;0.23305192589759827;0.46;0.4735070466995239;0.26;0.2606152892112732
0.68;0.6498057246208191;0.22;0.24600738286972046;0.38;0.36544132232666016
0.26;0.2545066177845001;0.26;0.24423323571681976;0.18;0.21125200390815735
0.4;0.4010486304759979;0.5;0.503818929195404;0.16;0.14602093398571014
0.42;0.42129963636398315;0.22;0.21761956810951233;0.34;0.3563846945762634
0.42;0.39597344398498535;0.3;0.30505886673927307;0.18;0.17183570563793182
0.3;0.3220323920249939;0.28;0.2554108202457428;0.12;0.14494164288043976
0.22;0.22397281229496002;0.56;0.561333179473877;0.44;0.43451032042503357
0.16;0.15433485805988312;0.5;0.502443253993988;0.2;0.19045384228229523
0.68;0.689500629901886;0.28;0.21548156440258026;0.12;0.10982930660247803
0.26;0.26720595359802246;0.38;0.3895193338394165;0.2;0.19801925122737885
0.36;0.35478535294532776;0.54;0.5830508470535278;0.16;0.1623726189136505
0.6;0.5856432318687439;0.26;0.2613247036933899;0.38;0.37330690026283264
0.3;0.29032546281814575;0.1;0.10415221750736237;0.36;0.3492148816585541
0.1;0.10209444165229797;0.18;0.16820934414863586;0.24;0.263081431388855
0.18;0.1844061315059662;0.58;0.5952469110488892;0.42;0.40890973806381226
0.16;0.17092764377593994;0.4;0.3925398290157318;0.22;0.20634646713733673
0.32;0.3092235326766968;0.52;0.5102748870849609;0.5;0.4705255627632141
0.12;0.12521766126155853;0.58;0.5955288410186768;0.5;0.47134971618652344
0.2;0.20508430898189545;0.46;0.49452832341194153;0.4;0.4010579586029053
0.24;0.24773044884204865;0.26;0.24395927786827087;0.1;0.12897053360939026
0.16;0.16801795363426208;0.28;0.2672424018383026;0.38;0.3953365385532379
0.38;0.37442123889923096;0.38;0.4171835482120514;0.44;0.4494261145591736
0.24;0.24092797935009003;0.72;0.7011380791664124;0.32;0.3130592703819275
0.32;0.31765061616897583;0.4;0.41520729660987854;0.4;0.41422349214553833
0.34;0.33869948983192444;0.38;0.3946834206581116;0.48;0.4748707413673401
0.36;0.35589948296546936;0.46;0.45838117599487305;0.26;0.2600332796573639
0.34;0.3417043685913086;0.62;0.6263732314109802;0.38;0.3849973678588867
0.14;0.14541161060333252;0.52;0.516914427280426;0.3;0.2817874848842621
0.58;0.5809810161590576;0.38;0.36695781350135803;0.42;0.40577951073646545
0.12;0.13331308960914612;0.46;0.4920106530189514;0.38;0.3916800022125244
0.18;0.19814161956310272;0.4;0.42410704493522644;0.44;0.43263259530067444
0.32;0.31448909640312195;0.54;0.5593090653419495;0.34;0.34349697828292847
0.12;0.11943095922470093;0.74;0.7512825727462769;0.32;0.3051864504814148
0.2;0.2044086754322052;0.38;0.3955536186695099;0.18;0.1755567491054535
0.26;0.2479240894317627;0.68;0.6931524276733398;0.12;0.11276368051767349
0.16;0.16236265003681183;0.22;0.21637973189353943;0.3;0.2973673939704895
0.14;0.13729597628116608;0.46;0.46218669414520264;0.16;0.14057914912700653
0.26;0.2470506727695465;0.34;0.3903482258319855;0.5;0.5071477293968201
0.34;0.3423405587673187;0.12;0.10713803768157959;0.4;0.43064698576927185
0.28;0.2776060104370117;0.68;0.6702280044555664;0.24;0.24782200157642365
0.24;0.24017822742462158;0.16;0.1569058895111084;0.32;0.3190332353115082
0.22;0.23627595603466034;0.2;0.17082250118255615;0.5;0.4849921762943268
0.12;0.11961319297552109;0.84;0.7980313897132874;0.1;0.07298775017261505
0.64;0.6423367261886597;0.3;0.286655992269516;0.16;0.1503608524799347
0.52;0.533260703086853;0.14;0.12380371987819672;0.16;0.18339550495147705
0.32;0.34290391206741333;0.26;0.2403344064950943;0.38;0.3830989897251129
0.54;0.5541195869445801;0.12;0.10679557174444199;0.48;0.4740830361843109
0.56;0.5697916746139526;0.12;0.10835931450128555;0.44;0.44035348296165466
0.16;0.15995381772518158;0.76;0.7673073410987854;0.18;0.17656591534614563
0.28;0.28823933005332947;0.14;0.13435162603855133;0.38;0.3952178359031677
0.14;0.1578257977962494;0.42;0.46587255597114563;0.4;0.4105009436607361
0.32;0.33874446153640747;0.3;0.2876805067062378;0.14;0.16774748265743256
0.28;0.28328579664230347;0.22;0.2103220522403717;0.3;0.32154935598373413
0.54;0.5384582877159119;0.38;0.39242690801620483;0.3;0.28778135776519775
0.1;0.08905009925365448;0.16;0.1587872952222824;0.38;0.39207711815834045
0.34;0.3397429883480072;0.18;0.1666133850812912;0.36;0.37707939743995667
0.34;0.34253937005996704;0.24;0.2253880649805069;0.28;0.2895084023475647
0.36;0.3622387945652008;0.18;0.1664845049381256;0.16;0.18056467175483704
0.28;0.33498331904411316;0.24;0.19564227759838104;0.5;0.5363162159919739
0.86;0.8097022175788879;0.12;0.10373202711343765;0.16;0.12993299961090088
0.32;0.31532663106918335;0.52;0.5290882587432861;0.22;0.2256484478712082
0.24;0.23229070007801056;0.6;0.6042411923408508;0.24;0.22635245323181152
0.4;0.3982566297054291;0.5;0.5066042542457581;0.18;0.16612282395362854
0.6;0.5782305598258972;0.1;0.12237809598445892;0.16;0.16381587088108063
0.44;0.40853309631347656;0.1;0.11250319331884384;0.18;0.16711314022541046
0.7;0.6882836222648621;0.26;0.21638347208499908;0.3;0.2924129366874695
0.3;0.3007863759994507;0.54;0.5444045066833496;0.38;0.3793441355228424
0.46;0.4584314823150635;0.28;0.29279083013534546;0.32;0.31711000204086304
0.16;0.1638580858707428;0.66;0.6469205021858215;0.34;0.33131638169288635
0.18;0.17898723483085632;0.66;0.6844475865364075;0.12;0.11860044300556183
0.74;0.7304120063781738;0.2;0.1853875368833542;0.46;0.4646313190460205
0.1;0.10516230762004852;0.68;0.669443666934967;0.28;0.26152950525283813
0.12;0.12289293110370636;0.3;0.30041220784187317;0.24;0.2431931495666504
0.32;0.3149854838848114;0.64;0.645767867565155;0.22;0.2388496696949005
0.64;0.6472085118293762;0.14;0.13155558705329895;0.14;0.13583789765834808
0.42;0.4168144762516022;0.42;0.4202342927455902;0.4;0.38912710547447205
0.32;0.3094978332519531;0.62;0.6484999656677246;0.18;0.19919145107269287
0.3;0.3153710961341858;0.16;0.1420566588640213;0.22;0.24092991650104523
0.1;0.10025963932275772;0.64;0.622632622718811;0.32;0.3001067638397217
0.5;0.5288734436035156;0.18;0.1799059510231018;0.46;0.46945270895957947
0.22;0.21691007912158966;0.26;0.24983079731464386;0.24;0.2653932571411133
0.62;0.6243765354156494;0.12;0.12431073188781738;0.2;0.20856451988220215
0.18;0.18651480972766876;0.28;0.26990917325019836;0.24;0.2630893588066101
0.52;0.5262585282325745;0.3;0.28573670983314514;0.4;0.39973822236061096
0.3;0.30532708764076233;0.64;0.6511186957359314;0.32;0.32568758726119995
0.56;0.5815545320510864;0.34;0.3230748176574707;0.1;0.09612749516963959
0.24;0.24849003553390503;0.12;0.09874872118234634;0.46;0.4571288228034973
0.66;0.6450586915016174;0.2;0.23992818593978882;0.1;0.07875532656908035
0.68;0.6538828015327454;0.16;0.15120577812194824;0.44;0.42377758026123047
0.36;0.3632983863353729;0.34;0.36125028133392334;0.14;0.1401067078113556
0.18;0.17974722385406494;0.56;0.5628865957260132;0.36;0.35064125061035156
0.2;0.2041543871164322;0.68;0.7011322975158691;0.5;0.4811306893825531
0.32;0.31865790486335754;0.48;0.49304699897766113;0.16;0.1575498878955841
0.48;0.4791758060455322;0.36;0.3373516798019409;0.26;0.25313955545425415
0.36;0.3614138662815094;0.48;0.5233892798423767;0.1;0.09509932994842529
0.5;0.4706743657588959;0.26;0.2877274751663208;0.14;0.12082858383655548
0.44;0.43972691893577576;0.42;0.41621503233909607;0.44;0.4341821074485779
0.16;0.1551993191242218;0.26;0.24949383735656738;0.18;0.15766039490699768
0.22;0.22290658950805664;0.72;0.7328097820281982;0.3;0.3005785346031189
0.3;0.29670724272727966;0.44;0.4353315234184265;0.36;0.36616072058677673
0.18;0.19715167582035065;0.16;0.14127443730831146;0.38;0.41426509618759155
0.24;0.23586337268352509;0.22;0.21944664418697357;0.2;0.2078946828842163
0.14;0.13750730454921722;0.48;0.48277974128723145;0.22;0.1969328224658966
0.16;0.168259397149086;0.62;0.6172425746917725;0.34;0.3312538266181946
0.56;0.5623902082443237;0.4;0.3871261179447174;0.38;0.3601168692111969
0.22;0.2452673465013504;0.2;0.16714414954185486;0.12;0.14812932908535004
0.52;0.5296280384063721;0.14;0.1356915831565857;0.42;0.41376805305480957
0.14;0.13333970308303833;0.26;0.25362497568130493;0.22;0.212659552693367
0.82;0.827218770980835;0.14;0.10637295991182327;0.34;0.36079829931259155
0.14;0.14141084253787994;0.5;0.5074360370635986;0.14;0.1272469460964203
0.34;0.33697831630706787;0.34;0.35607627034187317;0.44;0.44159331917762756
0.54;0.5392792820930481;0.1;0.09524673968553543;0.28;0.25269216299057007
0.1;0.11550910770893097;0.7;0.6919849514961243;0.14;0.12697124481201172
0.26;0.2571479082107544;0.4;0.44582560658454895;0.4;0.404587984085083
0.18;0.18567650020122528;0.62;0.6165059208869934;0.28;0.2758188843727112
0.3;0.30239278078079224;0.6;0.6266968250274658;0.3;0.3066086173057556
0.14;0.1557454764842987;0.36;0.3404184877872467;0.32;0.3300507664680481
0.22;0.22988682985305786;0.42;0.41557732224464417;0.18;0.18112793564796448
0.16;0.16536259651184082;0.76;0.778469443321228;0.28;0.26892343163490295
0.6;0.5775300860404968;0.18;0.17654748260974884;0.26;0.25665774941444397
0.74;0.7446874976158142;0.22;0.16543824970722198;0.28;0.28690990805625916
0.18;0.19394750893115997;0.4;0.4297667443752289;0.4;0.3957902789115906
0.32;0.3220641613006592;0.26;0.25000253319740295;0.26;0.279198557138443
0.28;0.2853529751300812;0.38;0.39288997650146484;0.34;0.34926193952560425
0.26;0.264729380607605;0.7;0.6859755516052246;0.4;0.3881203532218933
0.34;0.3334164321422577;0.36;0.3730410039424896;0.22;0.21770425140857697
0.52;0.5238425731658936;0.24;0.24239958822727203;0.48;0.46864834427833557
0.2;0.19540145993232727;0.72;0.7230571508407593;0.16;0.1537550687789917
0.66;0.6342711448669434;0.26;0.2815703749656677;0.38;0.3694026470184326
0.22;0.22534514963626862;0.38;0.4001578688621521;0.16;0.1593845784664154
0.46;0.46685293316841125;0.12;0.10257454961538315;0.5;0.4935549795627594
0.34;0.3372151851654053;0.54;0.5684251189231873;0.28;0.2912282943725586
0.42;0.4244350790977478;0.2;0.2048746794462204;0.36;0.36381611227989197
0.22;0.22196172177791595;0.6;0.5942453145980835;0.32;0.3171021044254303
0.5;0.5049976110458374;0.48;0.451288104057312;0.22;0.20067098736763
0.8;0.8162230849266052;0.16;0.10819995403289795;0.16;0.18786072731018066
0.32;0.33145415782928467;0.12;0.10702516883611679;0.44;0.4768705368041992
0.16;0.15705616772174835;0.8;0.762000560760498;0.16;0.15395216643810272
0.4;0.3838578164577484;0.16;0.17041607201099396;0.28;0.3046027719974518
0.12;0.1237526461482048;0.32;0.2983011305332184;0.44;0.45655113458633423
0.28;0.26578354835510254;0.48;0.5051976442337036;0.22;0.20978279411792755
