l1_test;l1_pred;l2_test;l2_pred;beta_test;beta_pred;
0.24;0.2373575121164322;0.1;0.09960103780031204;0.3;0.2621028423309326
0.2;0.19630424678325653;0.64;0.6570180058479309;0.22;0.2189183533191681
0.7;0.7024345397949219;0.12;0.12530849874019623;0.32;0.3314792513847351
0.66;0.6661108136177063;0.22;0.2020871639251709;0.34;0.3456527292728424
0.34;0.35204455256462097;0.62;0.6450803279876709;0.5;0.5036473870277405
0.3;0.2987844944000244;0.66;0.666624903678894;0.12;0.13173647224903107
0.38;0.35637548565864563;0.1;0.10793545097112656;0.26;0.2139143943786621
0.24;0.23666077852249146;0.74;0.7187233567237854;0.26;0.2551106810569763
0.46;0.4724186360836029;0.42;0.4212806820869446;0.32;0.3380880057811737
0.52;0.5224310755729675;0.28;0.2866308093070984;0.42;0.44543418288230896
0.68;0.6822977066040039;0.24;0.24505099654197693;0.4;0.40522775053977966
0.42;0.43290218710899353;0.52;0.5235661268234253;0.36;0.3797916769981384
0.68;0.6887713074684143;0.26;0.24589984118938446;0.32;0.32654711604118347
0.24;0.24083420634269714;0.68;0.7151568531990051;0.36;0.3604075014591217
0.36;0.36664238572120667;0.38;0.39227530360221863;0.2;0.20749345421791077
0.18;0.17616738379001617;0.18;0.1677340269088745;0.32;0.3044564127922058
0.1;0.11241601407527924;0.52;0.5169284343719482;0.1;0.09035436064004898
0.1;0.11339651793241501;0.7;0.688750684261322;0.28;0.27018505334854126
0.58;0.5943613052368164;0.24;0.2321586161851883;0.4;0.40467166900634766
0.34;0.32580727338790894;0.32;0.365399032831192;0.34;0.37887969613075256
0.3;0.2995394766330719;0.58;0.6266717314720154;0.18;0.18916931748390198
0.26;0.2526218295097351;0.34;0.34501829743385315;0.18;0.19300419092178345
0.5;0.4815690219402313;0.16;0.17998690903186798;0.32;0.32708948850631714
0.32;0.31726211309432983;0.38;0.3962843716144562;0.46;0.4772263467311859
0.1;0.10357347130775452;0.38;0.35289302468299866;0.2;0.20879420638084412
0.66;0.6545237898826599;0.32;0.2935197353363037;0.38;0.37699300050735474
0.46;0.4626743495464325;0.2;0.23285768926143646;0.46;0.4462989866733551
0.52;0.5302654504776001;0.36;0.3475545048713684;0.36;0.36486881971359253
0.36;0.3396257758140564;0.22;0.23786114156246185;0.4;0.4130331873893738
0.14;0.13703091442584991;0.76;0.76214998960495;0.16;0.1536453664302826
0.12;0.11991894990205765;0.52;0.5151412487030029;0.36;0.35385388135910034
0.24;0.2271941751241684;0.34;0.36400601267814636;0.48;0.46601492166519165
0.36;0.36379602551460266;0.56;0.5999760627746582;0.46;0.4782167077064514
0.18;0.18541130423545837;0.2;0.18871743977069855;0.34;0.34077608585357666
0.82;0.8200579285621643;0.1;0.10415690392255783;0.38;0.3477684557437897
0.16;0.16306616365909576;0.66;0.6833497881889343;0.12;0.12244520336389542
0.24;0.23189428448677063;0.66;0.6907028555870056;0.2;0.19987753033638
0.42;0.4200088083744049;0.24;0.2472236454486847;0.18;0.19614297151565552
0.4;0.4030315577983856;0.54;0.5514786839485168;0.48;0.48940715193748474
0.28;0.286914199590683;0.32;0.3049179017543793;0.2;0.22078387439250946
0.22;0.21962538361549377;0.74;0.7404264211654663;0.32;0.3142510950565338
0.5;0.5141328573226929;0.48;0.42355629801750183;0.12;0.11776481568813324
0.76;0.7563448548316956;0.14;0.15425145626068115;0.24;0.22292682528495789
0.38;0.38174474239349365;0.18;0.18051175773143768;0.3;0.33435335755348206
0.1;0.10618657618761063;0.58;0.5607917308807373;0.5;0.471924364566803
0.86;0.8289426565170288;0.1;0.0969468280673027;0.14;0.15638422966003418
0.4;0.4061923921108246;0.58;0.5549525618553162;0.22;0.23294726014137268
0.12;0.11600523442029953;0.34;0.31896981596946716;0.5;0.5105655193328857
0.14;0.13989496231079102;0.52;0.521163284778595;0.44;0.431352436542511
0.34;0.3358195126056671;0.16;0.15342682600021362;0.36;0.40133771300315857
0.46;0.47840678691864014;0.34;0.32260602712631226;0.16;0.17085061967372894
0.2;0.20242083072662354;0.38;0.3691796064376831;0.22;0.23291921615600586
0.48;0.4867452085018158;0.48;0.4460237920284271;0.5;0.4975777566432953
0.16;0.15704183280467987;0.28;0.28038284182548523;0.24;0.242649644613266
0.12;0.11874254792928696;0.64;0.6482966542243958;0.36;0.35286465287208557
0.2;0.19351281225681305;0.4;0.41280317306518555;0.26;0.2603742182254791
0.36;0.3645545244216919;0.4;0.41168686747550964;0.38;0.40110912919044495
0.64;0.6460021734237671;0.22;0.22155405580997467;0.12;0.1261051446199417
0.56;0.5678560733795166;0.26;0.2407676726579666;0.3;0.3111633360385895
0.24;0.24656976759433746;0.3;0.26585036516189575;0.12;0.13417547941207886
0.3;0.30317455530166626;0.5;0.5354855060577393;0.14;0.14755967259407043
0.6;0.5997886657714844;0.36;0.34874793887138367;0.26;0.2651077210903168
0.6;0.6108442544937134;0.28;0.2614416480064392;0.16;0.16782204806804657
0.18;0.16964919865131378;0.34;0.34105002880096436;0.24;0.24899835884571075
0.12;0.11863287538290024;0.56;0.5800654292106628;0.16;0.15682527422904968
0.28;0.2733248770236969;0.54;0.547459065914154;0.48;0.4709252417087555
0.52;0.5144643783569336;0.12;0.12324190139770508;0.4;0.42984694242477417
0.16;0.16040785610675812;0.8;0.7745571136474609;0.24;0.22561737895011902
0.76;0.7691962122917175;0.2;0.1597405970096588;0.16;0.16709081828594208
0.54;0.5458186864852905;0.42;0.3893890678882599;0.18;0.1806534379720688
0.14;0.14741139113903046;0.26;0.24610938131809235;0.14;0.1168048232793808
0.56;0.5707992911338806;0.3;0.2823951542377472;0.14;0.1499326378107071
0.24;0.23691126704216003;0.54;0.5681571364402771;0.12;0.12075775861740112
0.12;0.12427236139774323;0.2;0.18711823225021362;0.24;0.2303466796875
0.4;0.4056723713874817;0.52;0.5438122153282166;0.36;0.38155147433280945
0.44;0.42511484026908875;0.24;0.2537757456302643;0.22;0.22389185428619385
0.28;0.2869381010532379;0.66;0.6876559853553772;0.46;0.45430421829223633
0.38;0.39039096236228943;0.54;0.5684227347373962;0.24;0.25872373580932617
0.22;0.22310560941696167;0.46;0.49010100960731506;0.2;0.19466373324394226
0.6;0.607650101184845;0.3;0.28809255361557007;0.48;0.48715171217918396
0.18;0.18174958229064941;0.58;0.5897356867790222;0.34;0.3344306945800781
0.48;0.4901682436466217;0.36;0.3456556797027588;0.34;0.3578631281852722
0.12;0.12047527730464935;0.58;0.5777295231819153;0.36;0.3553781509399414
0.4;0.40250954031944275;0.36;0.37368255853652954;0.3;0.315768837928772
0.52;0.499473512172699;0.1;0.11964321881532669;0.22;0.19322477281093597
0.6;0.6057530641555786;0.34;0.3379805088043213;0.38;0.3872305452823639
0.1;0.1027953177690506;0.16;0.15132127702236176;0.4;0.40196219086647034
0.52;0.5274271368980408;0.44;0.4153406322002411;0.44;0.4453311562538147
0.46;0.4760730564594269;0.38;0.37240222096443176;0.26;0.26974552869796753
0.3;0.31769126653671265;0.18;0.14816278219223022;0.12;0.1409660279750824
0.18;0.16273029148578644;0.14;0.16412140429019928;0.5;0.4650624394416809
0.5;0.49643632769584656;0.12;0.11314219981431961;0.32;0.34294480085372925
0.18;0.1752280741930008;0.5;0.5178496837615967;0.28;0.28026241064071655
0.12;0.1182815209031105;0.16;0.15708714723587036;0.18;0.16901682317256927
0.5;0.5063856840133667;0.46;0.43931204080581665;0.5;0.5021822452545166
0.34;0.3454437255859375;0.56;0.6138402223587036;0.34;0.3636263310909271
0.26;0.25928202271461487;0.32;0.3190321624279022;0.28;0.2934735417366028
0.44;0.4471818208694458;0.32;0.330619752407074;0.12;0.12708577513694763
0.3;0.2995690703392029;0.24;0.2287878543138504;0.22;0.25717294216156006
0.62;0.6233375072479248;0.28;0.2750358581542969;0.24;0.24479325115680695
0.52;0.5201907157897949;0.44;0.4222642183303833;0.3;0.2990632653236389
0.44;0.4589901864528656;0.36;0.3574970066547394;0.24;0.25331082940101624
0.16;0.16165414452552795;0.78;0.785675048828125;0.42;0.40761250257492065
0.2;0.20147602260112762;0.52;0.541145920753479;0.32;0.32542866468429565
0.8;0.7957856059074402;0.16;0.14251264929771423;0.44;0.44541969895362854
0.16;0.15546569228172302;0.36;0.3461533784866333;0.18;0.19094890356063843
0.36;0.36547696590423584;0.46;0.47945675253868103;0.32;0.34263846278190613
0.26;0.2679715156555176;0.66;0.6889154314994812;0.46;0.45355767011642456
0.26;0.24958749115467072;0.72;0.6790177226066589;0.14;0.13543744385242462
0.12;0.1143094152212143;0.3;0.29550689458847046;0.34;0.33614400029182434
0.12;0.12145797908306122;0.7;0.6973233819007874;0.24;0.23159432411193848
0.16;0.1525927633047104;0.5;0.5115910172462463;0.28;0.2705043852329254
0.1;0.10498875379562378;0.38;0.3505598306655884;0.24;0.2500101923942566
0.22;0.22116903960704803;0.74;0.6782289743423462;0.1;0.10478613525629044
0.54;0.550058126449585;0.2;0.20407576858997345;0.5;0.49743860960006714
0.16;0.1620611548423767;0.24;0.2273007333278656;0.32;0.3185771405696869
0.4;0.4011367857456207;0.3;0.31638139486312866;0.26;0.27415284514427185
0.14;0.11940603703260422;0.1;0.12240999937057495;0.22;0.15914538502693176
0.38;0.3865802586078644;0.4;0.4098112881183624;0.44;0.45151299238204956
0.18;0.18188709020614624;0.6;0.6362599730491638;0.1;0.10454350709915161
0.36;0.3675043284893036;0.4;0.4420168697834015;0.1;0.10893960297107697
0.18;0.1843758076429367;0.62;0.6173735857009888;0.38;0.37326520681381226
0.2;0.19393430650234222;0.22;0.22293201088905334;0.34;0.35639095306396484
0.38;0.3852497637271881;0.22;0.21252278983592987;0.16;0.1780393421649933
0.1;0.09518678486347198;0.8;0.8238023519515991;0.3;0.293386846780777
0.12;0.1139141321182251;0.14;0.13261136412620544;0.4;0.3889670670032501
0.12;0.11131083965301514;0.12;0.12059690058231354;0.12;0.11732794344425201
0.32;0.30987587571144104;0.34;0.3804284334182739;0.2;0.21272912621498108
0.66;0.6643736958503723;0.2;0.1817464530467987;0.46;0.47164735198020935
0.2;0.20144833624362946;0.66;0.6684995889663696;0.34;0.34727343916893005
0.26;0.2601325213909149;0.56;0.5732163190841675;0.38;0.38312238454818726
0.56;0.5633732676506042;0.38;0.3642158806324005;0.2;0.20307211577892303
0.34;0.35802602767944336;0.24;0.20793133974075317;0.1;0.13129279017448425
0.36;0.3524356484413147;0.3;0.33486706018447876;0.22;0.22815880179405212
0.3;0.30328086018562317;0.66;0.6910398006439209;0.34;0.3535759449005127
0.28;0.2792368531227112;0.14;0.13537433743476868;0.26;0.26365935802459717
0.12;0.1072564423084259;0.1;0.08898039907217026;0.42;0.36312586069107056
0.16;0.1579703539609909;0.26;0.24140170216560364;0.44;0.45787209272384644
0.62;0.6226270198822021;0.22;0.20911608636379242;0.36;0.3727550804615021
0.6;0.6049308180809021;0.36;0.3511931002140045;0.36;0.365457683801651
0.24;0.23509807884693146;0.7;0.7104285359382629;0.24;0.2372429370880127
0.1;0.10553795099258423;0.56;0.5557271242141724;0.5;0.4774834215641022
0.2;0.1983809918165207;0.38;0.38823026418685913;0.44;0.4442196786403656
0.22;0.21369417011737823;0.76;0.7097455263137817;0.18;0.1736498773097992
0.28;0.29435494542121887;0.28;0.2495851367712021;0.14;0.16021747887134552
0.6;0.6194610595703125;0.24;0.22703619301319122;0.12;0.13572373986244202
0.1;0.10467283427715302;0.64;0.6332087516784668;0.24;0.22962550818920135
0.62;0.6241956353187561;0.32;0.31352898478507996;0.22;0.22475656867027283
0.26;0.26226940751075745;0.16;0.1546298712491989;0.14;0.14457154273986816
0.38;0.38266727328300476;0.46;0.46813294291496277;0.4;0.4213491380214691
0.2;0.2032318264245987;0.68;0.7051882147789001;0.36;0.3666749596595764
0.22;0.21902047097682953;0.66;0.6929683685302734;0.24;0.2359936684370041
0.72;0.7178848385810852;0.26;0.2178460955619812;0.46;0.45621824264526367
0.66;0.658169686794281;0.22;0.20879913866519928;0.4;0.40632572770118713
0.32;0.3217286467552185;0.56;0.5849950909614563;0.42;0.43956097960472107
0.5;0.49472206830978394;0.28;0.31032541394233704;0.1;0.10826104879379272
0.32;0.3227647542953491;0.6;0.6434105634689331;0.4;0.4231719374656677
0.28;0.26727426052093506;0.36;0.37615618109703064;0.24;0.2599215805530548
0.16;0.16610264778137207;0.14;0.12582215666770935;0.16;0.16510817408561707
0.34;0.3270280659198761;0.32;0.3538949191570282;0.3;0.3310486674308777
0.38;0.387502521276474;0.5;0.5252717733383179;0.28;0.2945886254310608
0.36;0.36574897170066833;0.4;0.42395833134651184;0.26;0.27092376351356506
0.4;0.40815892815589905;0.44;0.4519789218902588;0.36;0.38808852434158325
0.64;0.6464447975158691;0.3;0.2880188524723053;0.44;0.4413515031337738
0.12;0.10692322254180908;0.24;0.254010945558548;0.26;0.2302544116973877
0.3;0.30168524384498596;0.52;0.5306493639945984;0.28;0.2928832173347473
0.68;0.6835378408432007;0.22;0.22661800682544708;0.18;0.1839330941438675
0.2;0.2013239711523056;0.5;0.5192570090293884;0.32;0.327321857213974
0.14;0.12906496226787567;0.3;0.29935890436172485;0.16;0.1633049100637436
0.66;0.6576318740844727;0.12;0.12391772866249084;0.24;0.2523993253707886
0.78;0.7894830703735352;0.18;0.15709105134010315;0.46;0.4655085504055023
0.38;0.38680094480514526;0.44;0.4543100893497467;0.28;0.29399600625038147
0.44;0.4568306505680084;0.4;0.40001916885375977;0.28;0.2956424355506897
0.72;0.7227901816368103;0.18;0.15708613395690918;0.42;0.42913293838500977
0.32;0.3303520381450653;0.5;0.5114390254020691;0.3;0.3212265372276306
0.28;0.2713691294193268;0.1;0.10719569772481918;0.2;0.16576354205608368
0.34;0.3227282166481018;0.26;0.280180960893631;0.38;0.3838717043399811
0.12;0.12402790039777756;0.7;0.6953300833702087;0.38;0.36956825852394104
0.44;0.4221474230289459;0.24;0.28376421332359314;0.36;0.3538801670074463
0.44;0.4556083679199219;0.54;0.5102021098136902;0.38;0.3921385109424591
0.28;0.3025326728820801;0.26;0.2180252969264984;0.1;0.1319350302219391
0.2;0.19989840686321259;0.36;0.3768499493598938;0.16;0.16380968689918518
0.1;0.10793912410736084;0.14;0.12684503197669983;0.4;0.39509138464927673
0.34;0.3198852837085724;0.28;0.28179052472114563;0.24;0.24681730568408966
0.84;0.851692795753479;0.1;0.10119513422250748;0.44;0.437112033367157
0.34;0.3317118287086487;0.34;0.3668688237667084;0.42;0.442905992269516
0.54;0.5478825569152832;0.32;0.2869344651699066;0.2;0.20842909812927246
0.32;0.3177052438259125;0.18;0.1700909584760666;0.42;0.44898492097854614
0.74;0.7093741297721863;0.1;0.1114414632320404;0.1;0.1336435228586197
0.28;0.2729353606700897;0.56;0.5639743208885193;0.48;0.46902018785476685
0.1;0.09179720282554626;0.84;0.8407881855964661;0.28;0.26801568269729614
0.14;0.138101264834404;0.84;0.8056768774986267;0.44;0.4284387528896332
0.44;0.4500623047351837;0.5;0.5035578608512878;0.26;0.2687276303768158
0.36;0.36754122376441956;0.58;0.6221899390220642;0.28;0.2943095564842224
0.28;0.27165621519088745;0.7;0.7016095519065857;0.2;0.20684437453746796
0.4;0.4028558135032654;0.56;0.5601057410240173;0.5;0.5047439336776733
0.16;0.15095391869544983;0.76;0.7495540976524353;0.14;0.13260836899280548
0.26;0.28104257583618164;0.28;0.23651441931724548;0.1;0.1275772601366043
0.1;0.09491937607526779;0.8;0.8245988488197327;0.28;0.2701485753059387
0.46;0.46234962344169617;0.14;0.13962695002555847;0.18;0.19473354518413544
0.32;0.32272541522979736;0.14;0.12526091933250427;0.2;0.21737191081047058
0.4;0.39408251643180847;0.22;0.229269877076149;0.28;0.2907632887363434
0.26;0.253460556268692;0.14;0.13829763233661652;0.44;0.4602467119693756
0.34;0.33906006813049316;0.38;0.39216679334640503;0.44;0.45758381485939026
0.6;0.600562572479248;0.32;0.3204798102378845;0.28;0.2872125506401062
0.16;0.1681705117225647;0.26;0.24601897597312927;0.34;0.36327987909317017
0.1;0.10873691737651825;0.24;0.2359851598739624;0.22;0.1943632811307907
0.16;0.1567707359790802;0.12;0.11633173376321793;0.28;0.2816459536552429
0.14;0.1326451450586319;0.82;0.7602731585502625;0.12;0.11097303777933121
0.3;0.29342177510261536;0.1;0.10352158546447754;0.38;0.3721718490123749
0.34;0.35376787185668945;0.28;0.2587665617465973;0.16;0.18831008672714233
0.28;0.2649364769458771;0.3;0.31725674867630005;0.3;0.31042855978012085
0.32;0.31622955203056335;0.26;0.27317699790000916;0.28;0.3060705065727234
0.28;0.2810278534889221;0.66;0.7035906910896301;0.34;0.34717926383018494
0.72;0.719810962677002;0.26;0.21251478791236877;0.36;0.36904481053352356
0.1;0.10406547784805298;0.3;0.2785075604915619;0.26;0.2636435627937317
0.14;0.14292012155056;0.68;0.6831539273262024;0.22;0.21457520127296448
0.2;0.19068026542663574;0.32;0.32394811511039734;0.36;0.36169150471687317
0.12;0.12064506113529205;0.32;0.31439468264579773;0.14;0.14109912514686584
0.8;0.803427517414093;0.12;0.12073866277933121;0.16;0.15121503174304962
0.2;0.1982835829257965;0.72;0.7447046637535095;0.24;0.23395808041095734
0.32;0.3230084180831909;0.18;0.16215276718139648;0.26;0.27899613976478577
0.32;0.32062771916389465;0.4;0.40932995080947876;0.48;0.48863905668258667
0.16;0.15788309276103973;0.44;0.4336830675601959;0.36;0.3579976558685303
0.62;0.6262397766113281;0.28;0.28045812249183655;0.36;0.3625686764717102
0.12;0.11253859847784042;0.34;0.33491459488868713;0.24;0.24223370850086212
0.52;0.527860701084137;0.46;0.4158242344856262;0.5;0.5001274347305298
0.18;0.175680011510849;0.78;0.7481918334960938;0.22;0.20499961078166962
0.42;0.4257549047470093;0.38;0.3922802805900574;0.4;0.4279327392578125
0.4;0.4088752269744873;0.32;0.32638439536094666;0.44;0.449988454580307
0.24;0.23559081554412842;0.46;0.4911295473575592;0.14;0.1424480378627777
0.44;0.4474305510520935;0.3;0.32315441966056824;0.26;0.2668215334415436
0.4;0.39123082160949707;0.1;0.09692969173192978;0.4;0.3728795647621155
0.56;0.5682390928268433;0.34;0.3297099173069;0.4;0.40133199095726013
0.58;0.5907955765724182;0.28;0.264203280210495;0.34;0.35390838980674744
0.86;0.8349506855010986;0.1;0.09568025171756744;0.16;0.16890037059783936
0.3;0.292727530002594;0.2;0.1854834258556366;0.3;0.3361756205558777
0.4;0.40712040662765503;0.4;0.4064626693725586;0.2;0.21033325791358948
0.62;0.6500001549720764;0.18;0.1610828936100006;0.42;0.4477463364601135
0.26;0.2534700334072113;0.56;0.5800536870956421;0.14;0.14135132730007172
0.12;0.12211623042821884;0.7;0.7057466506958008;0.16;0.15807542204856873
0.14;0.13834784924983978;0.62;0.6311379075050354;0.42;0.40987810492515564
0.42;0.4232683777809143;0.56;0.5321774482727051;0.2;0.20259547233581543
0.54;0.5476284027099609;0.32;0.28735554218292236;0.22;0.22892093658447266
0.72;0.7175226807594299;0.12;0.11153707653284073;0.12;0.16463780403137207
0.36;0.3660129904747009;0.38;0.3956168293952942;0.22;0.22854432463645935
0.22;0.21492326259613037;0.68;0.6963784694671631;0.18;0.17464357614517212
0.2;0.19181415438652039;0.34;0.3311766982078552;0.38;0.3818367123603821
0.48;0.49928829073905945;0.16;0.13986410200595856;0.14;0.18120716512203217
0.14;0.1250494122505188;0.22;0.2236691117286682;0.26;0.2520640790462494
0.4;0.41031113266944885;0.26;0.26285138726234436;0.14;0.15548262000083923
0.44;0.4379829466342926;0.2;0.20695878565311432;0.24;0.2596537172794342
0.18;0.1822669953107834;0.68;0.6984320282936096;0.22;0.21069402992725372
0.52;0.5161751508712769;0.12;0.11500658094882965;0.34;0.3651525378227234
0.26;0.2593770921230316;0.3;0.2930460572242737;0.26;0.2752744257450104
0.72;0.728928804397583;0.18;0.17527905106544495;0.18;0.17287799715995789
0.62;0.621057391166687;0.16;0.1664278507232666;0.1;0.10738684237003326
0.22;0.20976866781711578;0.22;0.22729384899139404;0.44;0.4348885118961334
0.16;0.151597261428833;0.2;0.1995038241147995;0.36;0.34739968180656433
0.72;0.7203403115272522;0.22;0.20051144063472748;0.34;0.3505363464355469
0.2;0.18938219547271729;0.74;0.7290980815887451;0.18;0.17235243320465088
0.18;0.20545761287212372;0.14;0.12754212319850922;0.14;0.11865554004907608
0.22;0.22232750058174133;0.44;0.4407406747341156;0.32;0.31585150957107544
0.22;0.21966785192489624;0.7;0.733069121837616;0.32;0.31898748874664307
0.7;0.7166503667831421;0.28;0.2123870998620987;0.22;0.2271820604801178
0.54;0.5473545789718628;0.12;0.10625854879617691;0.42;0.44783443212509155
0.1;0.09340217709541321;0.86;0.8120348453521729;0.18;0.1697808802127838
0.34;0.3482550382614136;0.52;0.549010157585144;0.24;0.24693894386291504
0.54;0.5367995500564575;0.18;0.18486513197422028;0.34;0.3545645773410797
0.34;0.35163307189941406;0.58;0.6227221488952637;0.5;0.5038684606552124
0.6;0.5930666327476501;0.14;0.12993697822093964;0.1;0.1293216049671173
0.26;0.26027363538742065;0.3;0.2945576608181;0.3;0.3104034662246704
0.16;0.16338257491588593;0.44;0.4443342387676239;0.48;0.4714633524417877
0.18;0.184599831700325;0.46;0.4635777771472931;0.12;0.11605135351419449
0.18;0.18039290606975555;0.5;0.5087092518806458;0.5;0.47857466340065
0.26;0.2649837136268616;0.1;0.10195928066968918;0.32;0.2643865942955017
0.48;0.4818955659866333;0.34;0.3362116813659668;0.46;0.476229727268219
0.38;0.3837002217769623;0.34;0.3480379581451416;0.42;0.43454408645629883
0.12;0.11504010111093521;0.46;0.4123639464378357;0.18;0.16665618121623993
0.38;0.3721911609172821;0.14;0.14302849769592285;0.1;0.11915595829486847
0.72;0.6911727786064148;0.14;0.19420909881591797;0.1;0.0910649374127388
0.34;0.3414784371852875;0.54;0.5845849514007568;0.2;0.2040189802646637
0.22;0.2248261421918869;0.56;0.569703996181488;0.34;0.33501940965652466
0.1;0.10517025738954544;0.12;0.1194436252117157;0.2;0.1897006332874298
0.24;0.2363400012254715;0.28;0.2747194766998291;0.36;0.3509677052497864
0.46;0.478254109621048;0.42;0.4098680913448334;0.2;0.2061910629272461
0.36;0.3684428632259369;0.46;0.4806612730026245;0.24;0.24410685896873474
0.38;0.3902505338191986;0.54;0.5615468621253967;0.22;0.23764078319072723
0.72;0.7232808470726013;0.2;0.1861988753080368;0.28;0.2858657240867615
0.84;0.8578795194625854;0.12;0.09283258765935898;0.34;0.37993520498275757
0.14;0.13992339372634888;0.6;0.6065213680267334;0.46;0.45019131898880005
0.38;0.38811036944389343;0.6;0.6007653474807739;0.34;0.35929250717163086
0.68;0.690662145614624;0.3;0.2583700716495514;0.36;0.35681313276290894
0.66;0.6592652201652527;0.2;0.19810013473033905;0.16;0.16002337634563446
0.22;0.22126758098602295;0.22;0.20624294877052307;0.5;0.5169082283973694
0.42;0.43424612283706665;0.48;0.4821176528930664;0.44;0.4577409327030182
0.1;0.10095780342817307;0.52;0.504427969455719;0.36;0.35853275656700134
0.26;0.25499919056892395;0.36;0.3740394711494446;0.28;0.2921905219554901
0.38;0.39004701375961304;0.52;0.5454607605934143;0.1;0.10323621332645416
0.4;0.40472376346588135;0.32;0.32767564058303833;0.4;0.4141433835029602
0.24;0.22906531393527985;0.62;0.6553281545639038;0.12;0.11875319480895996
0.52;0.537028968334198;0.42;0.38796108961105347;0.1;0.09770580381155014
0.2;0.19751949608325958;0.24;0.2340858280658722;0.46;0.45233798027038574
0.18;0.18235421180725098;0.7;0.7106961011886597;0.4;0.38874489068984985
0.38;0.3553716242313385;0.24;0.2727149426937103;0.48;0.4479183256626129
0.18;0.17956414818763733;0.1;0.1031479761004448;0.34;0.2669944763183594
0.14;0.13756170868873596;0.68;0.6836421489715576;0.32;0.3167269825935364
0.16;0.15996290743350983;0.42;0.41969069838523865;0.44;0.4343077540397644
0.28;0.270512193441391;0.3;0.31435421109199524;0.42;0.4193669855594635
0.5;0.4983242154121399;0.12;0.12454617768526077;0.22;0.2214280366897583
0.16;0.1616002321243286;0.66;0.6598684191703796;0.5;0.49063238501548767
0.38;0.3835350275039673;0.44;0.44936925172805786;0.38;0.3992272913455963
0.14;0.17501719295978546;0.18;0.15530849993228912;0.1;0.08345891535282135
0.34;0.3420194983482361;0.16;0.14186446368694305;0.24;0.24989421665668488
0.16;0.16273309290409088;0.54;0.5390833616256714;0.38;0.3833368420600891
0.12;0.1219029426574707;0.38;0.35209208726882935;0.26;0.2760724127292633
0.6;0.6022838354110718;0.38;0.35181280970573425;0.32;0.3266921639442444
0.24;0.23814710974693298;0.62;0.6321732997894287;0.34;0.3487945795059204
0.8;0.8037999868392944;0.12;0.12628765404224396;0.26;0.24547764658927917
0.72;0.7186707854270935;0.1;0.11287229508161545;0.3;0.29701170325279236
0.46;0.49241968989372253;0.18;0.14851164817810059;0.1;0.1425124704837799
0.2;0.20063745975494385;0.48;0.5083916187286377;0.14;0.14342692494392395
0.16;0.15090319514274597;0.1;0.11246150732040405;0.22;0.18717026710510254
0.22;0.22966094315052032;0.26;0.24217335879802704;0.1;0.11625192314386368
0.68;0.6836894154548645;0.2;0.18467287719249725;0.46;0.4777887463569641
0.12;0.11507677286863327;0.42;0.4706588387489319;0.1;0.0827476754784584
0.12;0.1181524246931076;0.58;0.5834352374076843;0.46;0.4442836344242096
0.58;0.5973322987556458;0.26;0.24140684306621552;0.34;0.35136163234710693
0.5;0.4688531756401062;0.1;0.12530720233917236;0.22;0.17337797582149506
0.46;0.44877174496650696;0.12;0.14040252566337585;0.48;0.46605879068374634
0.46;0.46114441752433777;0.36;0.3635272979736328;0.46;0.4675484597682953
0.34;0.3450925946235657;0.48;0.4881872534751892;0.18;0.18181772530078888
0.24;0.23901936411857605;0.58;0.5932328104972839;0.42;0.4232456088066101
0.64;0.6540684700012207;0.32;0.28333839774131775;0.12;0.1278570294380188
0.1;0.0885884091258049;0.42;0.4031379818916321;0.5;0.46722906827926636
0.44;0.46056973934173584;0.42;0.41556867957115173;0.26;0.27106615900993347
0.32;0.31947895884513855;0.62;0.6615568995475769;0.34;0.3588707447052002
0.3;0.2822895050048828;0.3;0.33257734775543213;0.48;0.476868212223053
0.18;0.1888367086648941;0.78;0.7700642347335815;0.48;0.45754319429397583
0.28;0.29792356491088867;0.28;0.24115566909313202;0.12;0.14127008616924286
0.1;0.11004197597503662;0.16;0.13967938721179962;0.16;0.1680833101272583
0.2;0.21593910455703735;0.74;0.7632195949554443;0.48;0.4736570417881012
0.32;0.3119147717952728;0.24;0.25570979714393616;0.36;0.3769376277923584
0.52;0.5373761653900146;0.46;0.39418894052505493;0.1;0.09624847024679184
0.58;0.5848299860954285;0.22;0.20885750651359558;0.28;0.28573471307754517
0.7;0.7045005559921265;0.16;0.15355493128299713;0.3;0.2925755977630615
0.68;0.685227632522583;0.26;0.26333338022232056;0.46;0.44868117570877075
0.22;0.21909891068935394;0.64;0.6503291130065918;0.38;0.38564467430114746
0.4;0.40398672223091125;0.32;0.3359404504299164;0.26;0.2704415023326874
0.4;0.40177121758461;0.22;0.21390026807785034;0.18;0.19685474038124084
0.14;0.13885106146335602;0.58;0.5792979001998901;0.36;0.35307735204696655
0.1;0.09773444384336472;0.88;0.8301708698272705;0.46;0.4436916410923004
0.26;0.25764530897140503;0.16;0.15741173923015594;0.16;0.15956883132457733
0.5;0.4858304262161255;0.12;0.1260332465171814;0.42;0.43886199593544006
0.16;0.15917566418647766;0.6;0.6133033633232117;0.32;0.31776073575019836
0.6;0.6034248471260071;0.32;0.32013002038002014;0.32;0.32818880677223206
0.26;0.2568780183792114;0.48;0.49637967348098755;0.14;0.14139290153980255
0.74;0.7322217226028442;0.14;0.1543828397989273;0.28;0.24839690327644348
0.1;0.09792862832546234;0.6;0.5991820096969604;0.36;0.3556497097015381
0.8;0.805835485458374;0.12;0.12264612317085266;0.2;0.18894562125205994
0.32;0.3222286105155945;0.12;0.11931425333023071;0.42;0.44189152121543884
0.28;0.26550668478012085;0.34;0.3674129843711853;0.34;0.3596234917640686
0.34;0.32066917419433594;0.26;0.28386351466178894;0.4;0.40236204862594604
0.16;0.1593610942363739;0.26;0.2251826375722885;0.5;0.5163832306861877
0.6;0.6047772169113159;0.32;0.3197430968284607;0.34;0.34770163893699646
0.32;0.30287042260169983;0.16;0.17718347907066345;0.44;0.469433069229126
0.44;0.447564959526062;0.48;0.49106526374816895;0.12;0.11979193985462189
0.48;0.48126426339149475;0.3;0.30465734004974365;0.46;0.4750286638736725
0.44;0.4296843707561493;0.12;0.12626419961452484;0.42;0.4261120855808258
0.1;0.10429297387599945;0.72;0.7100552320480347;0.2;0.19143033027648926
0.2;0.20043452084064484;0.14;0.13216164708137512;0.26;0.22611458599567413
0.74;0.7533010244369507;0.24;0.1685822457075119;0.14;0.14897377789020538
0.56;0.5704560875892639;0.34;0.3305186927318573;0.14;0.1419135481119156
0.64;0.6497205495834351;0.28;0.2715241611003876;0.16;0.16811637580394745
0.2;0.19600902497768402;0.64;0.6494333744049072;0.24;0.2408251315355301
0.1;0.10987303406000137;0.68;0.6782978177070618;0.12;0.11337844282388687
0.8;0.8105425834655762;0.16;0.12137335538864136;0.18;0.18789836764335632
0.52;0.5180814266204834;0.24;0.25588274002075195;0.44;0.4496432840824127
0.14;0.14046046137809753;0.74;0.7599069476127625;0.2;0.19300897419452667
0.12;0.12109146267175674;0.48;0.4627898037433624;0.34;0.33320197463035583
0.14;0.13246256113052368;0.46;0.4222627282142639;0.22;0.20581379532814026
0.24;0.23011834919452667;0.36;0.3793582320213318;0.42;0.425004243850708
0.24;0.23494969308376312;0.38;0.3997700810432434;0.46;0.4595107436180115
0.22;0.2087544947862625;0.36;0.3761387765407562;0.44;0.4444698393344879
0.36;0.32833606004714966;0.26;0.29065918922424316;0.42;0.41131067276000977
0.58;0.5538187026977539;0.1;0.12026254087686539;0.16;0.16711130738258362
0.18;0.18333609402179718;0.66;0.6474765539169312;0.32;0.31339341402053833
0.14;0.14377431571483612;0.44;0.4325729012489319;0.46;0.4536310136318207
0.28;0.2717587947845459;0.58;0.6179009079933167;0.22;0.22555036842823029
0.42;0.42171943187713623;0.32;0.32641279697418213;0.44;0.45669108629226685
0.48;0.4924168586730957;0.28;0.29189974069595337;0.3;0.31441763043403625
0.18;0.16486835479736328;0.78;0.7296987771987915;0.14;0.12744024395942688
0.2;0.19567817449569702;0.22;0.21424315869808197;0.24;0.2446025162935257
0.34;0.34254685044288635;0.38;0.4000953435897827;0.24;0.24952921271324158
0.2;0.20558558404445648;0.66;0.6662660241127014;0.38;0.38834133744239807
0.6;0.6057630181312561;0.36;0.33068737387657166;0.16;0.16313229501247406
0.7;0.7041038870811462;0.24;0.22913645207881927;0.5;0.49590033292770386
0.56;0.5712726712226868;0.32;0.3019692003726959;0.28;0.2868446409702301
0.56;0.565008819103241;0.4;0.3798998296260834;0.28;0.2856278717517853
0.22;0.21531809866428375;0.2;0.19172737002372742;0.38;0.3987291753292084
0.3;0.29875966906547546;0.68;0.6839475631713867;0.2;0.20899935066699982
0.72;0.7291642427444458;0.26;0.19860796630382538;0.26;0.27468475699424744
0.52;0.5085599422454834;0.2;0.20164497196674347;0.4;0.39272183179855347
0.22;0.22371162474155426;0.54;0.5533067584037781;0.26;0.2555961012840271
0.5;0.5105161070823669;0.36;0.3350503742694855;0.2;0.2009134739637375
0.44;0.46483778953552246;0.18;0.15825697779655457;0.12;0.1491554081439972
0.22;0.21920707821846008;0.7;0.7300408482551575;0.26;0.2554728388786316
0.12;0.12055369466543198;0.68;0.6787763833999634;0.16;0.1572202742099762
0.44;0.431134432554245;0.18;0.19462308287620544;0.4;0.4004290699958801
0.12;0.14460326731204987;0.16;0.12232989817857742;0.1;0.13139373064041138
0.38;0.38363826274871826;0.18;0.17546701431274414;0.28;0.31971269845962524
0.36;0.357304185628891;0.14;0.12481655180454254;0.46;0.4841678738594055
0.1;0.10158669203519821;0.42;0.4071144461631775;0.44;0.4224492013454437
0.26;0.24872581660747528;0.34;0.3638245761394501;0.36;0.3735504448413849
0.22;0.20596876740455627;0.7;0.6945692896842957;0.12;0.11511605978012085
0.18;0.1778710037469864;0.12;0.12434971332550049;0.36;0.3101714253425598
0.42;0.4144341051578522;0.42;0.44530221819877625;0.48;0.4941316545009613
0.34;0.3272410035133362;0.24;0.25279587507247925;0.44;0.44241970777511597
0.24;0.24585925042629242;0.48;0.4821038246154785;0.38;0.3770163655281067
0.76;0.7581366300582886;0.18;0.1701098084449768;0.36;0.35625654458999634
0.3;0.2989825904369354;0.46;0.4759923815727234;0.26;0.2669029235839844
0.18;0.17654410004615784;0.46;0.46806609630584717;0.46;0.4505564570426941
0.64;0.6461430191993713;0.34;0.29966217279434204;0.2;0.2093578279018402
0.2;0.21021871268749237;0.1;0.09517288208007812;0.2;0.13451771438121796
0.14;0.1312178075313568;0.48;0.47410017251968384;0.24;0.22993318736553192
0.48;0.4735015630722046;0.3;0.332730770111084;0.1;0.10782642662525177
0.34;0.34840089082717896;0.48;0.4957538843154907;0.16;0.1634470522403717
0.36;0.3603058457374573;0.58;0.6048744916915894;0.18;0.18916712701320648
0.18;0.17329834401607513;0.22;0.21873822808265686;0.38;0.3961324095726013
0.64;0.6413714289665222;0.14;0.14573140442371368;0.2;0.21562352776527405
0.22;0.20896607637405396;0.68;0.6902599930763245;0.14;0.1366640031337738
0.3;0.3012257218360901;0.14;0.13634754717350006;0.36;0.3844311833381653
0.5;0.48802420496940613;0.16;0.17404992878437042;0.4;0.40870338678359985
0.26;0.24602092802524567;0.64;0.6724879741668701;0.18;0.17891249060630798
0.26;0.2535037100315094;0.34;0.3570690453052521;0.3;0.309364378452301
0.14;0.12856177985668182;0.28;0.2789100706577301;0.16;0.150349423289299
0.14;0.1453103870153427;0.12;0.1022847443819046;0.42;0.3936939239501953
0.5;0.508299708366394;0.38;0.3641827702522278;0.16;0.16171343624591827
0.52;0.530510663986206;0.32;0.303259938955307;0.34;0.3502896726131439
0.68;0.6498036980628967;0.1;0.10740013420581818;0.34;0.3094128668308258
0.4;0.40060195326805115;0.32;0.3524813652038574;0.12;0.1205996721982956
0.18;0.17734353244304657;0.46;0.4705066978931427;0.48;0.4667298197746277
0.2;0.20265594124794006;0.26;0.2512173354625702;0.14;0.14522011578083038
0.14;0.14389297366142273;0.14;0.12159325927495956;0.16;0.18273676931858063
0.54;0.543803334236145;0.26;0.2636852562427521;0.5;0.5227546095848083
0.72;0.7389048933982849;0.12;0.11515898257493973;0.34;0.3609430491924286
0.24;0.24354685842990875;0.52;0.5396939516067505;0.28;0.28197821974754333
0.18;0.17930004000663757;0.66;0.675519585609436;0.16;0.16023409366607666
0.2;0.19403044879436493;0.24;0.23246397078037262;0.2;0.2111825942993164
0.42;0.4258241653442383;0.34;0.3546988070011139;0.2;0.207515686750412
0.5;0.5124956369400024;0.34;0.32947617769241333;0.32;0.3307816684246063
0.28;0.27219539880752563;0.62;0.6757437586784363;0.16;0.16627438366413116
0.14;0.13800497353076935;0.5;0.5048500895500183;0.32;0.31354469060897827
0.86;0.8705493807792664;0.12;0.0920543447136879;0.4;0.4087858200073242
0.68;0.6906002759933472;0.26;0.23441781103610992;0.16;0.16671352088451385
0.1;0.09954562783241272;0.32;0.30290481448173523;0.3;0.30484092235565186
0.16;0.15878720581531525;0.3;0.2884353995323181;0.48;0.4920835494995117
0.42;0.4310756325721741;0.36;0.3697465658187866;0.26;0.27384454011917114
0.22;0.21193410456180573;0.38;0.39709582924842834;0.32;0.3255603611469269
0.46;0.457069456577301;0.16;0.17787057161331177;0.4;0.3946264982223511
0.26;0.24940268695354462;0.22;0.20664431154727936;0.24;0.24785366654396057
0.28;0.28028789162635803;0.62;0.6695253252983093;0.32;0.32893237471580505
0.44;0.45685291290283203;0.5;0.4960917532444;0.34;0.3537004888057709
0.64;0.6582621335983276;0.2;0.17428424954414368;0.2;0.20968107879161835
0.22;0.22125642001628876;0.6;0.6105296015739441;0.36;0.3592112958431244
0.28;0.2759860157966614;0.26;0.24893230199813843;0.28;0.3095738887786865
0.32;0.3095342516899109;0.36;0.4047223627567291;0.2;0.2109735906124115
0.22;0.21802423894405365;0.26;0.24891823530197144;0.32;0.3489961326122284
0.56;0.5456150770187378;0.18;0.19872424006462097;0.32;0.3127719461917877
0.22;0.2275792360305786;0.38;0.3655288517475128;0.22;0.23819701373577118
0.36;0.3484020233154297;0.28;0.30134230852127075;0.3;0.3036375939846039
0.48;0.4851067066192627;0.46;0.4581487774848938;0.24;0.24303948879241943
0.34;0.34733811020851135;0.2;0.1794665902853012;0.16;0.18834200501441956
0.42;0.42967236042022705;0.42;0.4333603084087372;0.26;0.2706238329410553
0.64;0.6464552879333496;0.2;0.17642024159431458;0.36;0.37232592701911926
0.1;0.09921994805335999;0.44;0.424402117729187;0.3;0.27430635690689087
0.56;0.5684587955474854;0.3;0.2725355625152588;0.2;0.21005403995513916
0.44;0.4432287812232971;0.32;0.3361451029777527;0.36;0.3783157467842102
0.28;0.30245527625083923;0.24;0.1996270716190338;0.1;0.13179871439933777
0.4;0.4047156572341919;0.54;0.5540120601654053;0.42;0.43747878074645996
0.64;0.6168031692504883;0.12;0.13538314402103424;0.26;0.2720567584037781
0.12;0.11369948089122772;0.14;0.1339961737394333;0.42;0.40879693627357483
0.18;0.17690680921077728;0.44;0.4456961750984192;0.42;0.41816407442092896
0.28;0.28037428855895996;0.7;0.718691885471344;0.3;0.30631765723228455
0.5;0.5024305582046509;0.3;0.3108999729156494;0.1;0.11089183390140533
0.36;0.3644833564758301;0.42;0.4344894289970398;0.38;0.40181416273117065
0.66;0.6683271527290344;0.14;0.13017642498016357;0.24;0.2630006670951843
0.48;0.48257216811180115;0.26;0.27478158473968506;0.44;0.4546429514884949
0.58;0.5887919068336487;0.18;0.18018534779548645;0.5;0.5089850425720215
0.2;0.19966420531272888;0.4;0.4095987379550934;0.46;0.46351784467697144
0.42;0.4226377308368683;0.4;0.4197833836078644;0.42;0.44591665267944336
0.4;0.3603878617286682;0.2;0.24569369852542877;0.48;0.4524896740913391
0.18;0.17712149024009705;0.48;0.47586676478385925;0.38;0.3701229691505432
0.3;0.2896997630596161;0.3;0.2951735258102417;0.36;0.3617350459098816
0.54;0.547008752822876;0.38;0.3682146966457367;0.46;0.4599708020687103
0.58;0.5756540298461914;0.16;0.14488376677036285;0.34;0.3430485725402832
0.64;0.649502158164978;0.2;0.17785583436489105;0.32;0.33362898230552673
0.18;0.16641321778297424;0.76;0.7324984669685364;0.16;0.14674048125743866
0.28;0.28292059898376465;0.18;0.17295436561107635;0.5;0.5171127915382385
0.82;0.819092869758606;0.16;0.10272840410470963;0.1;0.13949735462665558
0.3;0.29653650522232056;0.24;0.23411811888217926;0.32;0.3499242663383484
0.4;0.402513325214386;0.54;0.5509817004203796;0.5;0.5053246021270752
0.76;0.7595619559288025;0.16;0.15661808848381042;0.36;0.3514501750469208
0.24;0.23539693653583527;0.26;0.25729072093963623;0.44;0.44208917021751404
0.48;0.4571150839328766;0.2;0.2287294566631317;0.48;0.4785636365413666
0.26;0.24817690253257751;0.2;0.18323159217834473;0.28;0.2883315682411194
0.14;0.13142593204975128;0.12;0.12079241126775742;0.24;0.2239222526550293
0.14;0.14075078070163727;0.66;0.6660714149475098;0.24;0.23383359611034393
0.24;0.23284724354743958;0.34;0.35425662994384766;0.16;0.1687597781419754
0.46;0.46402084827423096;0.5;0.4851120114326477;0.42;0.43076270818710327
0.62;0.5925745368003845;0.12;0.13548049330711365;0.32;0.32777565717697144
0.14;0.15363039076328278;0.14;0.11350414901971817;0.1;0.13555245101451874
0.34;0.3386049270629883;0.36;0.3869982957839966;0.24;0.2485906183719635
0.14;0.13708031177520752;0.42;0.4155089855194092;0.38;0.37316417694091797
0.82;0.8264732956886292;0.16;0.12543025612831116;0.48;0.4741124212741852
0.76;0.7700449824333191;0.22;0.16530713438987732;0.24;0.24875736236572266
0.38;0.3868546485900879;0.38;0.394586443901062;0.2;0.20746877789497375
0.6;0.6063034534454346;0.34;0.3348746597766876;0.4;0.40890416502952576
0.38;0.3869490921497345;0.5;0.5213968753814697;0.12;0.11927447468042374
0.58;0.5815523862838745;0.4;0.35746362805366516;0.46;0.46693187952041626
0.1;0.11331293731927872;0.68;0.6738349199295044;0.36;0.3522937297821045
0.2;0.19783540070056915;0.6;0.6151122450828552;0.24;0.23902539908885956
0.24;0.24347718060016632;0.12;0.1195300817489624;0.24;0.22380971908569336
0.34;0.3444943130016327;0.4;0.40578994154930115;0.5;0.49843335151672363
0.14;0.1333564966917038;0.18;0.17979629337787628;0.36;0.358041375875473
0.18;0.17981478571891785;0.28;0.277344286441803;0.18;0.19186393916606903
0.56;0.5699020624160767;0.26;0.24270431697368622;0.32;0.3304702341556549
0.14;0.12261553108692169;0.1;0.11403931677341461;0.36;0.29426535964012146
0.18;0.18156519532203674;0.66;0.6502816677093506;0.3;0.2939528822898865
0.48;0.4849490523338318;0.36;0.3466418981552124;0.12;0.12831640243530273
0.82;0.8270695805549622;0.14;0.11191426217556;0.4;0.4032713770866394
0.84;0.8494877815246582;0.1;0.11153600364923477;0.48;0.46769896149635315
0.14;0.1379411518573761;0.16;0.15352721512317657;0.18;0.17000721395015717
0.28;0.2779809832572937;0.56;0.5739619731903076;0.3;0.308293879032135
0.64;0.65019291639328;0.3;0.2826528251171112;0.5;0.501274585723877
0.42;0.38111788034439087;0.1;0.13608433306217194;0.14;0.11636660248041153
0.1;0.10464201867580414;0.54;0.5364222526550293;0.44;0.4348607063293457
0.14;0.14067305624485016;0.58;0.5787593126296997;0.38;0.3739367127418518
0.48;0.48789262771606445;0.34;0.3375471830368042;0.28;0.2892063558101654
0.34;0.349546879529953;0.5;0.5111136436462402;0.34;0.3624195456504822
0.52;0.5193920731544495;0.26;0.26547494530677795;0.2;0.2039194107055664
0.38;0.3873731195926666;0.44;0.4318086504936218;0.16;0.1646459996700287
0.36;0.35979804396629333;0.16;0.14694947004318237;0.4;0.42788124084472656
0.52;0.5260461568832397;0.26;0.2636259198188782;0.24;0.24409230053424835
0.38;0.38702553510665894;0.32;0.3284090459346771;0.5;0.4969344735145569
0.2;0.20559744536876678;0.78;0.7590255737304688;0.36;0.35699671506881714
0.26;0.25324898958206177;0.36;0.37859517335891724;0.44;0.44956985116004944
0.18;0.17840279638767242;0.6;0.6000598669052124;0.5;0.4807744026184082
0.44;0.43971654772758484;0.26;0.2684548497200012;0.48;0.47733837366104126
0.4;0.38895002007484436;0.12;0.11659661680459976;0.32;0.31196194887161255
0.2;0.19600477814674377;0.72;0.6944456696510315;0.1;0.10464006662368774
0.18;0.1838444620370865;0.36;0.32234275341033936;0.12;0.12676219642162323
0.1;0.10027431696653366;0.44;0.42070627212524414;0.24;0.23132972419261932
0.62;0.6199743151664734;0.24;0.22878234088420868;0.38;0.389525443315506
0.18;0.17060688138008118;0.34;0.3380407691001892;0.4;0.40317898988723755
0.66;0.6671198606491089;0.26;0.259901762008667;0.16;0.1691884547472
0.18;0.1655925214290619;0.76;0.7282359600067139;0.14;0.12830521166324615
0.18;0.18230050802230835;0.74;0.7525443434715271;0.32;0.3114806115627289
0.42;0.4278593361377716;0.42;0.4241706430912018;0.22;0.22761964797973633
0.12;0.1206190288066864;0.64;0.6507219672203064;0.46;0.4475638270378113
0.34;0.34801551699638367;0.6;0.6422899961471558;0.42;0.43904751539230347
0.24;0.24121032655239105;0.74;0.7287083864212036;0.36;0.35465994477272034
0.16;0.16125574707984924;0.58;0.587395191192627;0.46;0.45784085988998413
0.34;0.3303115963935852;0.32;0.3490431606769562;0.26;0.27990761399269104
0.58;0.5985620021820068;0.32;0.3054288923740387;0.12;0.1260789930820465
0.14;0.13969752192497253;0.78;0.7955663204193115;0.36;0.3595395088195801
0.22;0.21743132174015045;0.76;0.7317926287651062;0.24;0.23300905525684357
0.12;0.12544676661491394;0.7;0.694251537322998;0.48;0.4618927836418152
0.7;0.7191088795661926;0.14;0.11161964386701584;0.12;0.17215143144130707
0.46;0.45250988006591797;0.26;0.31330743432044983;0.12;0.1166972666978836
0.32;0.3127502501010895;0.38;0.39794307947158813;0.32;0.34659919142723083
0.62;0.6177362203598022;0.32;0.3179619610309601;0.26;0.26266399025917053
0.52;0.5297442078590393;0.32;0.30021485686302185;0.3;0.3070298433303833
0.46;0.4823909401893616;0.2;0.18760699033737183;0.12;0.1397055834531784
0.14;0.13830743730068207;0.84;0.8061020970344543;0.46;0.4453194737434387
0.54;0.5526134967803955;0.12;0.10467014461755753;0.44;0.4621028006076813
0.12;0.12556082010269165;0.38;0.35226041078567505;0.42;0.43750929832458496
0.54;0.5401085615158081;0.14;0.1375197321176529;0.4;0.4143618941307068
0.16;0.16087600588798523;0.58;0.5938700437545776;0.24;0.24148687720298767
0.48;0.4922439157962799;0.38;0.3668863773345947;0.16;0.16381600499153137
0.5;0.5084599852561951;0.4;0.3864365220069885;0.16;0.16147980093955994
0.38;0.387951523065567;0.52;0.5577172636985779;0.3;0.31672143936157227
0.18;0.17214351892471313;0.38;0.39121299982070923;0.4;0.3974657654762268
0.26;0.25976377725601196;0.3;0.296783447265625;0.32;0.3280296325683594
0.56;0.5542841553688049;0.2;0.19981925189495087;0.2;0.16415002942085266
0.54;0.5574923157691956;0.12;0.10267237573862076;0.5;0.5087974667549133
0.22;0.2208402305841446;0.42;0.4271235167980194;0.3;0.2989407777786255
0.12;0.11491715908050537;0.82;0.7895148992538452;0.16;0.15212006866931915
0.16;0.1586616486310959;0.3;0.28398415446281433;0.5;0.5120790004730225
0.52;0.5280106067657471;0.46;0.4102576971054077;0.18;0.1805870085954666
0.2;0.19532592594623566;0.32;0.3116114139556885;0.26;0.2639382779598236
0.36;0.36348989605903625;0.4;0.42783990502357483;0.12;0.12542030215263367
0.26;0.2522745728492737;0.58;0.6015931963920593;0.14;0.14065435528755188
0.2;0.20072846114635468;0.4;0.4121897518634796;0.5;0.4961082339286804
0.2;0.20808736979961395;0.1;0.099005326628685;0.38;0.31687992811203003
0.5;0.5052014589309692;0.24;0.2710138261318207;0.28;0.2727314233779907
0.1;0.1114920973777771;0.74;0.7277989387512207;0.48;0.46775275468826294
0.12;0.12172058969736099;0.3;0.2859818935394287;0.14;0.1289576292037964
0.62;0.6183133125305176;0.32;0.3173532485961914;0.3;0.3052126467227936
0.18;0.1781291961669922;0.32;0.3151874840259552;0.22;0.23158347606658936
0.48;0.49060866236686707;0.4;0.3889945149421692;0.5;0.5023370981216431
0.56;0.56334388256073;0.36;0.35369059443473816;0.38;0.3834086060523987
0.44;0.43370258808135986;0.14;0.14495764672756195;0.4;0.40938615798950195
0.3;0.30496227741241455;0.54;0.5956546068191528;0.1;0.11510808765888214
0.1;0.10331958532333374;0.62;0.6089645624160767;0.48;0.4707023501396179
0.34;0.33821988105773926;0.16;0.1468881219625473;0.32;0.3558238446712494
0.82;0.8173340559005737;0.1;0.11133953183889389;0.46;0.4145064949989319
0.6;0.5615633130073547;0.14;0.1624288707971573;0.24;0.2510693669319153
0.32;0.3344443142414093;0.24;0.2115868180990219;0.12;0.15263494849205017
0.14;0.12352122366428375;0.2;0.20326092839241028;0.32;0.3235422968864441
0.66;0.6402316093444824;0.1;0.10693570971488953;0.34;0.3370841145515442
0.42;0.4205397963523865;0.3;0.3253248929977417;0.26;0.2677299976348877
0.14;0.1381247490644455;0.62;0.6313618421554565;0.36;0.35261064767837524
0.7;0.7116739153862;0.2;0.18608462810516357;0.3;0.30118659138679504
0.32;0.33194148540496826;0.5;0.511715292930603;0.26;0.2755560278892517
0.4;0.4074789881706238;0.34;0.36044347286224365;0.14;0.14443622529506683
0.14;0.14087451994419098;0.4;0.38764744997024536;0.44;0.42345237731933594
0.32;0.32409775257110596;0.12;0.10734618455171585;0.18;0.1781393587589264
0.56;0.569600522518158;0.26;0.24816426634788513;0.46;0.4714863896369934
0.6;0.6156708598136902;0.22;0.2038983851671219;0.2;0.21337422728538513
0.42;0.3915422260761261;0.22;0.2396957278251648;0.42;0.3943141996860504
0.46;0.4633835256099701;0.5;0.48544952273368835;0.44;0.44785910844802856
0.28;0.2663496732711792;0.3;0.31232118606567383;0.36;0.3701992630958557
0.26;0.24878741800785065;0.68;0.6804661154747009;0.16;0.15625135600566864
0.12;0.11194570362567902;0.32;0.3149915337562561;0.3;0.30092853307724
0.34;0.34319064021110535;0.4;0.4132075607776642;0.4;0.41977816820144653
0.66;0.6534820199012756;0.28;0.2754058539867401;0.36;0.36178407073020935
0.3;0.29438316822052;0.42;0.43464887142181396;0.48;0.4863928258419037
0.66;0.6661882996559143;0.26;0.26077398657798767;0.2;0.21021994948387146
0.44;0.4462817311286926;0.26;0.27970147132873535;0.4;0.390761137008667
0.58;0.5603687167167664;0.16;0.1185707226395607;0.44;0.4037075936794281
0.64;0.6523640751838684;0.16;0.15111131966114044;0.24;0.27094072103500366
0.12;0.11930707097053528;0.28;0.2744598388671875;0.38;0.3785673677921295
0.26;0.2720365822315216;0.6;0.6231909394264221;0.1;0.1122816801071167
0.26;0.25504621863365173;0.36;0.3699180483818054;0.2;0.21223556995391846
0.12;0.13610298931598663;0.28;0.2567775249481201;0.14;0.12064217031002045
0.42;0.4315227270126343;0.5;0.5094595551490784;0.34;0.35877469182014465
0.82;0.8246617913246155;0.1;0.10977979749441147;0.28;0.2542961835861206
0.28;0.27723434567451477;0.4;0.4173678457736969;0.44;0.449357807636261
0.36;0.34350574016571045;0.1;0.10626031458377838;0.16;0.12965750694274902
0.44;0.44884824752807617;0.42;0.42716434597969055;0.36;0.37884682416915894
0.8;0.7964445352554321;0.14;0.1394149214029312;0.46;0.4563024640083313
0.38;0.38067877292633057;0.46;0.46062859892845154;0.5;0.49764198064804077
0.36;0.36519068479537964;0.38;0.40052202343940735;0.24;0.24828192591667175
0.6;0.5889395475387573;0.12;0.11260911822319031;0.26;0.27354270219802856
0.34;0.32710525393486023;0.1;0.10372517257928848;0.22;0.19640657305717468
0.34;0.3276842534542084;0.14;0.14873823523521423;0.46;0.4910706579685211
0.52;0.5220089554786682;0.2;0.2177039533853531;0.48;0.4903545379638672
0.42;0.4192080795764923;0.28;0.3211292326450348;0.14;0.1393812894821167
0.3;0.2993324100971222;0.52;0.5299283266067505;0.32;0.33185431361198425
0.74;0.7546038031578064;0.12;0.09059027582406998;0.5;0.5123759508132935
0.18;0.18016056716442108;0.48;0.5090591907501221;0.18;0.1814262568950653
0.16;0.1486627459526062;0.46;0.47030991315841675;0.28;0.2681877613067627
0.66;0.6691792607307434;0.18;0.15865445137023926;0.46;0.4717317521572113
0.24;0.22792771458625793;0.24;0.22782526910305023;0.2;0.20925728976726532
0.58;0.5946141481399536;0.24;0.23163172602653503;0.38;0.3847091794013977
0.1;0.09882675111293793;0.12;0.1082453727722168;0.32;0.320732444524765
0.34;0.3282877504825592;0.12;0.12006502598524094;0.32;0.36051422357559204
0.48;0.49026986956596375;0.46;0.4450952112674713;0.4;0.41362276673316956
0.1;0.10817328095436096;0.2;0.1811186522245407;0.28;0.2725103795528412
0.36;0.3640519976615906;0.52;0.5468208193778992;0.34;0.3645543158054352
0.34;0.3509517312049866;0.46;0.47528043389320374;0.32;0.3416737914085388
0.28;0.2762286365032196;0.66;0.677689254283905;0.12;0.12949059903621674
0.26;0.25619107484817505;0.2;0.1939554214477539;0.4;0.40981000661849976
0.56;0.5470849275588989;0.16;0.1743977665901184;0.34;0.335669606924057
0.56;0.5579175353050232;0.18;0.18308588862419128;0.44;0.4177049696445465
0.4;0.4020342230796814;0.14;0.13026760518550873;0.36;0.3928152024745941
0.46;0.47460541129112244;0.5;0.48250001668930054;0.22;0.22369840741157532
0.56;0.5692025423049927;0.32;0.30710840225219727;0.14;0.14458222687244415
0.42;0.4319709241390228;0.34;0.35249224305152893;0.28;0.2978004813194275
0.7;0.7271368503570557;0.14;0.09139702469110489;0.5;0.5334166288375854
0.28;0.26736319065093994;0.36;0.3792618215084076;0.36;0.3743648827075958
0.2;0.1998049020767212;0.46;0.5019625425338745;0.24;0.2537679374217987
0.12;0.17187191545963287;0.26;0.2207070142030716;0.1;0.07196465879678726
0.34;0.3323320150375366;0.32;0.3516097962856293;0.22;0.2296561747789383
0.16;0.15820784866809845;0.36;0.35928255319595337;0.36;0.3751223683357239
0.46;0.46163564920425415;0.22;0.22641831636428833;0.36;0.3532326817512512
0.52;0.5288895964622498;0.38;0.36407849192619324;0.24;0.24348917603492737
0.16;0.15833939611911774;0.7;0.7245482206344604;0.12;0.11997203528881073
0.2;0.20204660296440125;0.46;0.49413710832595825;0.18;0.18371334671974182
0.62;0.6230006217956543;0.32;0.31772783398628235;0.46;0.4688014090061188
0.14;0.14048975706100464;0.7;0.6998466849327087;0.24;0.2355978935956955
0.26;0.2625584602355957;0.5;0.5200700163841248;0.36;0.36704590916633606
0.4;0.3977013826370239;0.18;0.17463959753513336;0.16;0.16254845261573792
0.4;0.39614275097846985;0.2;0.2026061862707138;0.28;0.2879173159599304
0.72;0.7156327962875366;0.22;0.20556005835533142;0.4;0.4071260988712311
0.48;0.49169227480888367;0.38;0.3614669144153595;0.48;0.48857980966567993
0.48;0.46575015783309937;0.2;0.20851857960224152;0.32;0.3227376341819763
0.6;0.6025663614273071;0.26;0.24697890877723694;0.34;0.3568542003631592
0.22;0.213810533285141;0.74;0.7090314030647278;0.18;0.17366310954093933
0.24;0.22442178428173065;0.14;0.15280191600322723;0.44;0.4522766172885895
0.52;0.5087310075759888;0.14;0.15237024426460266;0.36;0.38014063239097595
0.7;0.7045389413833618;0.12;0.119321309030056;0.46;0.46405038237571716
0.1;0.08884724974632263;0.1;0.11766648292541504;0.4;0.3382214903831482
0.3;0.3000212609767914;0.62;0.6685566306114197;0.22;0.2285619080066681
0.2;0.1943116933107376;0.38;0.3838554918766022;0.36;0.36112332344055176
0.42;0.41837364435195923;0.12;0.11776847392320633;0.4;0.42244234681129456
0.34;0.3481268584728241;0.16;0.13876435160636902;0.5;0.526828944683075
0.16;0.15910063683986664;0.62;0.6284602880477905;0.38;0.3756294846534729
0.44;0.4385170340538025;0.42;0.44146212935447693;0.46;0.46619081497192383
0.28;0.2799944281578064;0.26;0.2660526633262634;0.42;0.4338408410549164
0.32;0.27464646100997925;0.26;0.30632880330085754;0.48;0.4707924723625183
0.44;0.435791552066803;0.28;0.3102457523345947;0.2;0.20310059189796448
0.66;0.6536294221878052;0.2;0.2181927114725113;0.12;0.12006036192178726
0.36;0.35414639115333557;0.16;0.1457286924123764;0.24;0.2520052492618561
0.22;0.22183887660503387;0.56;0.5736005306243896;0.24;0.23638026416301727
0.44;0.44291532039642334;0.44;0.4553883373737335;0.46;0.4659700393676758
0.56;0.5639830231666565;0.42;0.375387579202652;0.2;0.20271310210227966
0.16;0.15977458655834198;0.48;0.47689104080200195;0.4;0.39670512080192566
0.6;0.5998916029930115;0.26;0.2496449053287506;0.32;0.33641746640205383
0.34;0.3484088182449341;0.54;0.5712980031967163;0.36;0.38788852095603943
0.18;0.18220016360282898;0.44;0.42727866768836975;0.14;0.13479843735694885
0.48;0.4907597005367279;0.44;0.430193156003952;0.46;0.46883004903793335
0.58;0.6039468050003052;0.32;0.3034946322441101;0.1;0.1067991629242897
0.52;0.5285277962684631;0.44;0.41291338205337524;0.48;0.48263102769851685
0.22;0.2288057506084442;0.32;0.28421705961227417;0.12;0.13187702000141144
0.26;0.2651594281196594;0.66;0.6907633543014526;0.42;0.416504442691803
0.18;0.17753569781780243;0.34;0.3331408202648163;0.32;0.33626312017440796
0.2;0.21900339424610138;0.16;0.13692672550678253;0.16;0.15080276131629944
0.38;0.3543088138103485;0.24;0.26217085123062134;0.4;0.38858193159103394
0.54;0.5380393266677856;0.22;0.27215850353240967;0.12;0.12338366359472275
0.56;0.5609068274497986;0.32;0.3042464256286621;0.2;0.2008264809846878
0.18;0.18292057514190674;0.6;0.6011797189712524;0.42;0.4107810854911804
0.12;0.11910197138786316;0.62;0.623509407043457;0.28;0.2745223343372345
0.44;0.4602416455745697;0.4;0.3970688283443451;0.26;0.27211159467697144
0.66;0.6653565168380737;0.26;0.25657856464385986;0.24;0.24889807403087616
0.66;0.6760278344154358;0.2;0.17661483585834503;0.24;0.2462041825056076
0.54;0.5511035919189453;0.34;0.3221660852432251;0.44;0.4372073709964752
0.26;0.2653518319129944;0.14;0.135047048330307;0.18;0.18686822056770325
0.3;0.3016612231731415;0.68;0.6933621168136597;0.26;0.26697200536727905
0.54;0.5359823703765869;0.14;0.1410478949546814;0.44;0.4413975179195404
0.54;0.5458233952522278;0.4;0.380507230758667;0.16;0.15985792875289917
0.38;0.38419589400291443;0.4;0.4051332473754883;0.12;0.11748015880584717
0.22;0.2164306640625;0.3;0.2914765477180481;0.26;0.2726805806159973
0.28;0.2767593264579773;0.26;0.2523968815803528;0.26;0.29330524802207947
0.24;0.22804464399814606;0.66;0.683691143989563;0.16;0.1601008027791977
0.1;0.10775541514158249;0.7;0.6889081597328186;0.5;0.4852692186832428
0.86;0.8652514219284058;0.1;0.09182379394769669;0.34;0.33637771010398865
0.82;0.8247809410095215;0.14;0.10388132184743881;0.14;0.16660615801811218
0.48;0.48884278535842896;0.4;0.3964574635028839;0.2;0.2053109109401703
0.14;0.1425369679927826;0.38;0.38046693801879883;0.32;0.3258570730686188
0.3;0.30074483156204224;0.52;0.5300456285476685;0.3;0.31297817826271057
0.4;0.38708171248435974;0.24;0.27329981327056885;0.5;0.49265772104263306
0.24;0.2434222400188446;0.5;0.5077049732208252;0.42;0.41425982117652893
0.32;0.32838425040245056;0.52;0.5264666080474854;0.3;0.3216513395309448
0.52;0.5373416543006897;0.44;0.3927062749862671;0.1;0.09661158174276352
0.82;0.8316869735717773;0.14;0.10852159559726715;0.24;0.2566831409931183
0.3;0.29402753710746765;0.36;0.44667989015579224;0.12;0.13171975314617157
0.3;0.30086201429367065;0.58;0.6011436581611633;0.42;0.4314480423927307
0.46;0.4747825860977173;0.34;0.3363271951675415;0.3;0.3200327754020691
0.32;0.3232463300228119;0.64;0.6623720526695251;0.5;0.5028122663497925
0.7;0.6944064497947693;0.26;0.24382564425468445;0.42;0.4178898334503174
0.58;0.5830555558204651;0.4;0.3621092438697815;0.22;0.22615356743335724
0.5;0.5029861330986023;0.22;0.23644009232521057;0.46;0.4596403241157532
0.4;0.4362751543521881;0.26;0.2324434071779251;0.1;0.11824829876422882
0.36;0.367299348115921;0.44;0.45143118500709534;0.2;0.20431537926197052
0.52;0.508270263671875;0.14;0.15315040946006775;0.28;0.3084777891635895
0.36;0.3658303916454315;0.48;0.5003282427787781;0.14;0.14102795720100403
0.64;0.6484919786453247;0.34;0.29790931940078735;0.18;0.19031059741973877
0.22;0.24256160855293274;0.18;0.16237346827983856;0.12;0.1327614039182663
0.14;0.13877081871032715;0.6;0.6076423525810242;0.24;0.23722223937511444
0.16;0.15725640952587128;0.2;0.19751285016536713;0.44;0.4243515133857727
0.2;0.18749599158763885;0.3;0.2827606201171875;0.5;0.4970245957374573
0.34;0.34079864621162415;0.24;0.24270585179328918;0.2;0.2278498113155365
0.2;0.19959044456481934;0.58;0.5933321118354797;0.24;0.2363448590040207
0.12;0.11516722291707993;0.82;0.8109351396560669;0.22;0.20873379707336426
0.36;0.369486540555954;0.6;0.6320547461509705;0.32;0.3389264643192291
0.2;0.19487087428569794;0.22;0.21603238582611084;0.44;0.4292030334472656
0.1;0.10213084518909454;0.54;0.5434347987174988;0.3;0.29525429010391235
0.24;0.23609285056591034;0.56;0.5898079872131348;0.12;0.12082402408123016
0.14;0.13592307269573212;0.8;0.7806234359741211;0.2;0.18777599930763245
0.42;0.4005192518234253;0.18;0.20927655696868896;0.46;0.4423028826713562
0.12;0.12550309300422668;0.14;0.12753765285015106;0.14;0.16121411323547363
0.54;0.5477322340011597;0.1;0.08808613568544388;0.5;0.49623793363571167
0.62;0.630910336971283;0.26;0.2438923865556717;0.16;0.16723647713661194
0.2;0.20106804370880127;0.32;0.3152102828025818;0.22;0.22664587199687958
0.14;0.1407174915075302;0.58;0.5833507776260376;0.44;0.4356517791748047
0.44;0.42064157128334045;0.12;0.12698370218276978;0.26;0.24633589386940002
0.28;0.275907963514328;0.44;0.45086669921875;0.5;0.4971166253089905
0.14;0.13819199800491333;0.68;0.6837082505226135;0.28;0.276506245136261
0.26;0.25421786308288574;0.72;0.7029058933258057;0.26;0.2553481459617615
0.2;0.2098560482263565;0.66;0.6643640398979187;0.5;0.49289435148239136
0.32;0.3238416314125061;0.54;0.5548250079154968;0.32;0.3439484238624573
0.46;0.47535815834999084;0.46;0.45689135789871216;0.24;0.24520978331565857
0.3;0.3046363294124603;0.24;0.22125230729579926;0.18;0.20622555911540985
0.72;0.741062581539154;0.14;0.11789923161268234;0.48;0.4936700761318207
0.34;0.359125554561615;0.28;0.2535156011581421;0.14;0.17828664183616638
0.44;0.42104360461235046;0.26;0.29979902505874634;0.28;0.2691020965576172
0.5;0.5163655877113342;0.16;0.1435871571302414;0.12;0.1598922461271286
0.68;0.672539234161377;0.12;0.12884235382080078;0.1;0.12418285757303238
0.12;0.10648485273122787;0.1;0.11624264717102051;0.24;0.15355251729488373
0.36;0.3601270318031311;0.14;0.12684576213359833;0.22;0.23241987824440002
0.26;0.25140392780303955;0.68;0.6943464279174805;0.24;0.2368973195552826
0.32;0.3207762837409973;0.36;0.3803060054779053;0.48;0.49318188428878784
0.38;0.3601219058036804;0.1;0.10375373810529709;0.34;0.30468544363975525
0.44;0.4392006993293762;0.16;0.15439307689666748;0.28;0.30994102358818054
0.14;0.1391807347536087;0.82;0.8016380667686462;0.36;0.35583072900772095
0.52;0.5305038690567017;0.42;0.39518529176712036;0.12;0.11649926006793976
0.44;0.45583489537239075;0.5;0.496873140335083;0.36;0.3729320168495178
0.1;0.10132886469364166;0.62;0.6105034351348877;0.32;0.3108794093132019
0.28;0.2657310962677002;0.1;0.11436634510755539;0.14;0.12252967059612274
0.46;0.4622442126274109;0.4;0.4022488296031952;0.44;0.45046567916870117
0.22;0.20619025826454163;0.18;0.17581047117710114;0.22;0.21715731918811798
0.16;0.15295854210853577;0.46;0.46529829502105713;0.3;0.2912326455116272
0.2;0.21802106499671936;0.28;0.2574591040611267;0.1;0.11278746277093887
0.1;0.10949474573135376;0.2;0.17980924248695374;0.3;0.28941014409065247
0.3;0.290702223777771;0.28;0.29141706228256226;0.28;0.30087000131607056
0.5;0.5192450881004333;0.46;0.425952285528183;0.1;0.09912274032831192
0.56;0.559989333152771;0.14;0.14482681453227997;0.12;0.1526898443698883
0.2;0.19254788756370544;0.42;0.4260289967060089;0.36;0.3600439727306366
0.24;0.2453623116016388;0.54;0.5547523498535156;0.32;0.3234228789806366
0.4;0.3691761791706085;0.22;0.2557356357574463;0.42;0.3977663815021515
0.42;0.4104737341403961;0.16;0.15067510306835175;0.1;0.1125674620270729
0.56;0.5614343881607056;0.1;0.08868756890296936;0.4;0.3982085585594177
0.1;0.1041373759508133;0.38;0.34637683629989624;0.36;0.3807271122932434
0.2;0.19105005264282227;0.34;0.34281566739082336;0.32;0.32939228415489197
0.34;0.3493195176124573;0.56;0.6023476123809814;0.42;0.4425707459449768
0.48;0.47829070687294006;0.12;0.12513522803783417;0.26;0.2674773633480072
0.4;0.3948039412498474;0.28;0.2968117594718933;0.32;0.33037275075912476
0.3;0.2966117560863495;0.46;0.4763864576816559;0.44;0.452303022146225
0.14;0.13383863866329193;0.82;0.7753035426139832;0.18;0.16773350536823273
0.24;0.2363288253545761;0.2;0.18152464926242828;0.34;0.3619316518306732
0.38;0.3767499029636383;0.18;0.183954119682312;0.44;0.44476479291915894
0.44;0.4481751024723053;0.54;0.511704683303833;0.5;0.5037425756454468
0.52;0.5282258987426758;0.4;0.3844204545021057;0.18;0.18286395072937012
0.12;0.13103987276554108;0.52;0.5360502004623413;0.1;0.09719278663396835
0.54;0.5431042909622192;0.44;0.4068635404109955;0.3;0.30278438329696655
0.26;0.2513858675956726;0.56;0.574292778968811;0.2;0.20452538132667542
0.12;0.11668037623167038;0.62;0.6264474987983704;0.38;0.37094956636428833
0.38;0.3810160756111145;0.14;0.1255611777305603;0.4;0.43666163086891174
0.26;0.2642880082130432;0.12;0.11646352708339691;0.3;0.29110777378082275
0.68;0.6830211281776428;0.12;0.11986058950424194;0.14;0.16232605278491974
0.14;0.1399354636669159;0.5;0.4956419765949249;0.44;0.4338276982307434
0.4;0.38436204195022583;0.1;0.10611250251531601;0.34;0.29944908618927
0.18;0.19233128428459167;0.22;0.20636510848999023;0.14;0.11112745851278305
0.18;0.1977916657924652;0.3;0.28097307682037354;0.12;0.12923350930213928
0.26;0.25231418013572693;0.36;0.37814590334892273;0.42;0.43191105127334595
0.14;0.13731497526168823;0.54;0.5624340772628784;0.2;0.1941535770893097
0.12;0.12081586569547653;0.16;0.15023784339427948;0.24;0.22089052200317383
0.66;0.6464685797691345;0.1;0.10485320538282394;0.28;0.26328641176223755
0.26;0.2518720030784607;0.62;0.6515207290649414;0.24;0.23799991607666016
0.22;0.23043498396873474;0.46;0.47633349895477295;0.3;0.30985206365585327
0.34;0.31526726484298706;0.28;0.3253822326660156;0.38;0.36929571628570557
0.26;0.2539859414100647;0.14;0.14085181057453156;0.46;0.4810829758644104
0.1;0.10048385709524155;0.64;0.63490891456604;0.14;0.13541960716247559
0.36;0.35721102356910706;0.14;0.13431425392627716;0.12;0.14028365910053253
0.38;0.3918343186378479;0.48;0.4841623306274414;0.16;0.1657903492450714
0.46;0.4629082977771759;0.38;0.38334980607032776;0.4;0.4158706068992615
0.38;0.38631683588027954;0.36;0.3682669699192047;0.44;0.4558027684688568
0.5;0.5063942670822144;0.14;0.12941130995750427;0.1;0.14765922725200653
0.22;0.2221318632364273;0.26;0.24395228922367096;0.14;0.15331560373306274
0.16;0.16255314648151398;0.74;0.7627413272857666;0.26;0.2543835937976837
0.78;0.791029691696167;0.16;0.14767305552959442;0.2;0.2035796195268631
0.22;0.20827707648277283;0.18;0.1787276566028595;0.2;0.19675426185131073
0.28;0.280038446187973;0.6;0.649983823299408;0.1;0.11396902799606323
0.34;0.3442557156085968;0.6;0.6498432755470276;0.32;0.33882981538772583
0.48;0.45819470286369324;0.1;0.11750820279121399;0.3;0.259968101978302
0.54;0.5507946610450745;0.32;0.30379700660705566;0.44;0.4486773610115051
0.22;0.21810074150562286;0.52;0.5309776663780212;0.5;0.4909355044364929
0.12;0.11811213940382004;0.62;0.6268588900566101;0.4;0.3896951377391815
0.34;0.3264126777648926;0.32;0.35816049575805664;0.32;0.3579711616039276
0.6;0.5809531211853027;0.12;0.13981682062149048;0.1;0.13220758736133575
0.16;0.16052573919296265;0.6;0.6132621169090271;0.42;0.4190831184387207
0.14;0.1335315853357315;0.26;0.25757789611816406;0.16;0.13255396485328674
0.8;0.811828076839447;0.16;0.12272162735462189;0.2;0.20925942063331604
0.56;0.5442350506782532;0.14;0.15214739739894867;0.4;0.3786415159702301
0.38;0.3827313482761383;0.2;0.18442298471927643;0.14;0.14782002568244934
0.28;0.28689318895339966;0.62;0.646246075630188;0.48;0.4716408848762512
0.2;0.18429139256477356;0.78;0.7154198288917542;0.12;0.11287865787744522
0.4;0.40489503741264343;0.46;0.47563090920448303;0.42;0.4449727535247803
0.22;0.22500289976596832;0.68;0.6674720644950867;0.1;0.10866840928792953
0.38;0.39838671684265137;0.26;0.23882514238357544;0.12;0.14590048789978027
0.52;0.5171782374382019;0.16;0.17000934481620789;0.18;0.20340247452259064
0.28;0.280407190322876;0.28;0.2849986255168915;0.46;0.4686875343322754
0.34;0.3180699348449707;0.28;0.3090467154979706;0.32;0.3271619379520416
0.7;0.6945574879646301;0.26;0.24076947569847107;0.38;0.37883514165878296
0.38;0.3753544092178345;0.14;0.1317383497953415;0.22;0.21746620535850525
0.26;0.2585192024707794;0.38;0.3774285614490509;0.24;0.25164514780044556
0.16;0.15034119784832;0.48;0.4814061224460602;0.24;0.22696149349212646
0.22;0.22105036675930023;0.34;0.3415273129940033;0.4;0.40482720732688904
0.56;0.5687171816825867;0.28;0.2523782253265381;0.22;0.2356197088956833
0.22;0.2258007973432541;0.5;0.5096877217292786;0.24;0.23354151844978333
0.26;0.24729414284229279;0.6;0.6221250891685486;0.2;0.2003222405910492
0.24;0.2508936822414398;0.16;0.1517435610294342;0.14;0.15300950407981873
0.58;0.603546679019928;0.34;0.31592002511024475;0.1;0.10535059869289398
0.28;0.27414077520370483;0.4;0.41147828102111816;0.32;0.3304004669189453
0.38;0.38205277919769287;0.3;0.32248538732528687;0.22;0.2329489290714264
0.3;0.29964372515678406;0.66;0.671822190284729;0.14;0.1521686315536499
0.48;0.4621003568172455;0.18;0.1969633400440216;0.42;0.40387973189353943
0.38;0.38468223810195923;0.2;0.1774572879076004;0.1;0.11809676885604858
0.72;0.7376313209533691;0.24;0.1815188229084015;0.14;0.14724335074424744
0.1;0.10066317021846771;0.16;0.1720481961965561;0.46;0.4630383551120758
0.54;0.5404132008552551;0.14;0.13375037908554077;0.34;0.36976516246795654
0.52;0.5279427170753479;0.32;0.30569761991500854;0.38;0.39704474806785583
0.46;0.45295923948287964;0.18;0.198914036154747;0.42;0.42794594168663025
0.16;0.15972596406936646;0.78;0.7288171648979187;0.1;0.09944986552000046
0.2;0.1942514330148697;0.3;0.29780203104019165;0.28;0.2842678427696228
0.14;0.1463460624217987;0.24;0.22685538232326508;0.4;0.39615851640701294
0.1;0.09625361114740372;0.36;0.32395288348197937;0.46;0.4750455915927887
0.16;0.20003609359264374;0.2;0.16754621267318726;0.1;0.09802720695734024
0.78;0.7856370806694031;0.2;0.15716934204101562;0.38;0.3862507939338684
0.46;0.4624940752983093;0.28;0.3043155074119568;0.14;0.14250317215919495
0.1;0.10115254670381546;0.62;0.6098127365112305;0.3;0.2901231646537781
0.4;0.40066713094711304;0.14;0.1287316381931305;0.34;0.37234383821487427
0.34;0.3408356010913849;0.62;0.6432778835296631;0.24;0.249197319149971
0.14;0.13867539167404175;0.78;0.7980055809020996;0.42;0.4139123857021332
0.88;0.8260000944137573;0.1;0.09875837713479996;0.18;0.1545201539993286
0.38;0.3826594948768616;0.22;0.21288685500621796;0.18;0.2019752562046051
0.34;0.35064440965652466;0.52;0.5350012183189392;0.3;0.32317978143692017
0.38;0.38153982162475586;0.58;0.5874367952346802;0.5;0.5010749101638794
0.4;0.4033171534538269;0.46;0.4752518832683563;0.46;0.47895875573158264
0.64;0.6469290256500244;0.34;0.29909536242485046;0.48;0.48039358854293823
0.68;0.6849992275238037;0.2;0.1863628327846527;0.34;0.3459720313549042
0.36;0.3516216576099396;0.32;0.3449542224407196;0.46;0.48011207580566406
0.32;0.325706422328949;0.54;0.5571967363357544;0.3;0.3217718005180359
0.14;0.12533803284168243;0.24;0.24438335001468658;0.22;0.20594629645347595
0.48;0.49366649985313416;0.44;0.42642778158187866;0.16;0.16045403480529785
0.1;0.1057601347565651;0.36;0.3254096806049347;0.38;0.40571674704551697
0.56;0.5421898365020752;0.16;0.16383808851242065;0.22;0.2182106226682663
0.2;0.19989113509655;0.54;0.5595893859863281;0.3;0.299838125705719
0.18;0.18332725763320923;0.72;0.7407914400100708;0.38;0.3669052720069885
0.16;0.16055075824260712;0.48;0.47542715072631836;0.34;0.33016878366470337
0.26;0.25956276059150696;0.1;0.1089005097746849;0.4;0.35611265897750854
0.18;0.17751988768577576;0.32;0.3144938349723816;0.2;0.20818085968494415
0.24;0.23770448565483093;0.68;0.7099084854125977;0.26;0.2566671371459961
0.58;0.5665527582168579;0.16;0.16068176925182343;0.3;0.2931869924068451
0.34;0.34613552689552307;0.5;0.513272762298584;0.38;0.39885783195495605
0.1;0.10525520890951157;0.72;0.708640992641449;0.22;0.20918002724647522
0.68;0.6524415612220764;0.1;0.11656410247087479;0.16;0.15186312794685364
0.56;0.5772964954376221;0.36;0.3419301509857178;0.12;0.12172611057758331
0.52;0.5280112624168396;0.16;0.13853022456169128;0.46;0.4717588424682617
0.44;0.43083876371383667;0.2;0.2144252508878708;0.32;0.319956511259079
0.44;0.45642438530921936;0.46;0.45957398414611816;0.28;0.2923802435398102
0.52;0.5289610624313354;0.38;0.36361008882522583;0.22;0.224168062210083
0.66;0.6496604084968567;0.1;0.09634923934936523;0.2;0.1785251647233963
0.62;0.6031877398490906;0.12;0.127335324883461;0.42;0.39678889513015747
0.54;0.5485392808914185;0.34;0.3192070424556732;0.3;0.3018118143081665
0.26;0.27410727739334106;0.58;0.6039831042289734;0.1;0.11255493015050888
0.12;0.12035740911960602;0.5;0.4879860281944275;0.36;0.3557564914226532
0.44;0.44908732175827026;0.42;0.41245755553245544;0.12;0.1258787363767624
0.32;0.3225763440132141;0.36;0.3751632869243622;0.5;0.5044428110122681
0.2;0.2183714509010315;0.14;0.11976001411676407;0.18;0.17538027465343475
0.12;0.11360686272382736;0.24;0.23523566126823425;0.36;0.355715811252594
0.84;0.8472639918327332;0.1;0.11797909438610077;0.5;0.48322683572769165
0.32;0.33132705092430115;0.48;0.4910932779312134;0.4;0.4192078113555908
0.42;0.4349701404571533;0.5;0.5021170377731323;0.5;0.5085879564285278
0.18;0.18221785128116608;0.68;0.6965363621711731;0.2;0.1944829374551773
0.4;0.4050665497779846;0.52;0.5422377586364746;0.38;0.4009627401828766
0.44;0.4375203847885132;0.3;0.31410613656044006;0.38;0.39912310242652893
0.14;0.14315316081047058;0.12;0.11497494578361511;0.48;0.4664103388786316
0.48;0.4944359362125397;0.44;0.4290623664855957;0.14;0.14191973209381104
0.48;0.48359042406082153;0.22;0.2064862847328186;0.18;0.18000762164592743
0.62;0.6036643981933594;0.12;0.12527276575565338;0.1;0.11907772719860077
0.26;0.2567428946495056;0.46;0.4775417149066925;0.18;0.1793862134218216
0.36;0.3612917363643646;0.62;0.6297757625579834;0.24;0.25058513879776
0.32;0.3226914405822754;0.58;0.6229847073554993;0.38;0.4053025245666504
0.6;0.585185170173645;0.14;0.1348871886730194;0.36;0.3531816899776459
0.36;0.340799480676651;0.24;0.2431475818157196;0.32;0.3422352373600006
0.22;0.21390658617019653;0.24;0.23203720152378082;0.24;0.24958536028862
0.22;0.21765293180942535;0.16;0.15697266161441803;0.24;0.23762083053588867
0.14;0.14262966811656952;0.58;0.5788336396217346;0.4;0.39474010467529297
0.54;0.5173987150192261;0.16;0.17025738954544067;0.28;0.2830645740032196
0.14;0.13776831328868866;0.74;0.7546820640563965;0.38;0.37888234853744507
0.42;0.4316403567790985;0.52;0.5185890793800354;0.1;0.10194242000579834
0.82;0.8257845044136047;0.14;0.1276504248380661;0.5;0.4863690435886383
0.2;0.20180748403072357;0.56;0.5790349245071411;0.42;0.42030420899391174
0.24;0.24444986879825592;0.38;0.3768243193626404;0.24;0.2555897831916809
0.36;0.36205509305000305;0.42;0.4338077902793884;0.14;0.14273744821548462
0.58;0.5830521583557129;0.1;0.08607345074415207;0.5;0.47950348258018494
0.68;0.683860182762146;0.24;0.23936626315116882;0.32;0.3286852240562439
0.14;0.12409191578626633;0.22;0.2193487584590912;0.3;0.2896009087562561
0.12;0.12122578173875809;0.48;0.4645638167858124;0.36;0.3554617762565613
0.16;0.15543541312217712;0.4;0.40156158804893494;0.42;0.4156937599182129
0.1;0.0985594242811203;0.56;0.5697296857833862;0.28;0.27445653080940247
0.46;0.48771944642066956;0.22;0.21663671731948853;0.12;0.1273762434720993
0.18;0.1689787060022354;0.14;0.15583212673664093;0.48;0.4444766640663147
0.54;0.5570350289344788;0.3;0.2733071744441986;0.14;0.15573765337467194
0.46;0.46653440594673157;0.5;0.484131395816803;0.36;0.37512320280075073
0.12;0.1311991810798645;0.8;0.7489739060401917;0.1;0.09885464608669281
0.54;0.5442156195640564;0.36;0.3524077534675598;0.14;0.14056719839572906
0.1;0.10060062259435654;0.82;0.8293665051460266;0.46;0.4492742121219635
0.32;0.3245950937271118;0.58;0.623164176940918;0.12;0.12729352712631226
0.3;0.29873141646385193;0.46;0.47842252254486084;0.24;0.24446305632591248
0.52;0.5272442698478699;0.3;0.2923087179660797;0.34;0.35418322682380676
0.74;0.7590841054916382;0.12;0.1099969744682312;0.12;0.18018607795238495
0.5;0.5050158500671387;0.28;0.2838887870311737;0.38;0.3958086371421814
0.78;0.7879818677902222;0.16;0.15113307535648346;0.22;0.2221965789794922
0.34;0.34513023495674133;0.4;0.4139762818813324;0.34;0.36158832907676697
0.14;0.13935217261314392;0.62;0.6316344738006592;0.46;0.44786977767944336
0.14;0.13853557407855988;0.8;0.8047650456428528;0.42;0.4122638702392578
0.28;0.2716922461986542;0.66;0.6974822878837585;0.2;0.2072381228208542
0.4;0.40572547912597656;0.58;0.5680920481681824;0.38;0.4004763662815094
0.14;0.1407114714384079;0.74;0.7578554153442383;0.18;0.1750342845916748
0.54;0.5433762073516846;0.24;0.24619650840759277;0.38;0.38989728689193726
0.2;0.20602193474769592;0.16;0.14963844418525696;0.48;0.4768199324607849
0.32;0.32020822167396545;0.66;0.6587477326393127;0.22;0.23055653274059296
0.14;0.1326082944869995;0.44;0.3998742997646332;0.22;0.2132379114627838
0.14;0.16005805134773254;0.2;0.1856173574924469;0.16;0.12860682606697083
0.14;0.13213220238685608;0.82;0.7666208744049072;0.14;0.1306793987751007
0.28;0.2786027491092682;0.54;0.5547789335250854;0.3;0.3102564215660095
0.48;0.4916389286518097;0.48;0.45107200741767883;0.18;0.18069949746131897
0.16;0.15981580317020416;0.48;0.4877406060695648;0.5;0.4802541732788086
0.76;0.7715110778808594;0.18;0.1455266773700714;0.12;0.12853842973709106
0.52;0.5263349413871765;0.36;0.3438422679901123;0.14;0.14164961874485016
0.3;0.3013882637023926;0.48;0.501045823097229;0.22;0.22060994803905487
0.74;0.7432121634483337;0.18;0.17200185358524323;0.22;0.2202695608139038
0.16;0.15313474833965302;0.4;0.40418922901153564;0.28;0.27978870272636414
0.24;0.23778903484344482;0.62;0.6339907050132751;0.3;0.30400198698043823
0.62;0.6320883631706238;0.3;0.28489935398101807;0.12;0.12726542353630066
0.12;0.12163414806127548;0.46;0.4453635811805725;0.36;0.3563956320285797
0.1;0.09973592311143875;0.34;0.31884658336639404;0.3;0.3103311359882355
0.22;0.22603115439414978;0.46;0.48594021797180176;0.24;0.24335721135139465
0.2;0.21507413685321808;0.68;0.702951967716217;0.48;0.4768295884132385
0.7;0.7233479619026184;0.2;0.16519033908843994;0.48;0.4894231855869293
0.62;0.6298584342002869;0.26;0.24637910723686218;0.22;0.2276841104030609
0.52;0.5305176377296448;0.3;0.2878575026988983;0.3;0.3092866539955139
0.1;0.10069438070058823;0.84;0.8244920969009399;0.5;0.47235554456710815
0.34;0.3442370593547821;0.44;0.45613619685173035;0.46;0.4696067273616791
0.34;0.346300333738327;0.6;0.6456534266471863;0.38;0.4017265737056732
0.22;0.2183614820241928;0.7;0.7262627482414246;0.24;0.23476310074329376
0.62;0.6125699281692505;0.16;0.16984029114246368;0.16;0.16613447666168213
0.32;0.3253369927406311;0.22;0.20272821187973022;0.18;0.20761437714099884
0.12;0.11901465803384781;0.64;0.6487005949020386;0.38;0.3706413507461548
0.46;0.4230266809463501;0.12;0.13844768702983856;0.1;0.10744521766901016
0.46;0.4344693422317505;0.12;0.1314351111650467;0.16;0.14827336370944977
0.64;0.6529747843742371;0.14;0.1566331833600998;0.32;0.3325744569301605
0.1;0.10844354331493378;0.14;0.12838409841060638;0.14;0.15358246862888336
0.52;0.5057615637779236;0.1;0.11458470672369003;0.26;0.22757074236869812
0.18;0.16538342833518982;0.78;0.7267945408821106;0.12;0.10982918739318848
0.54;0.5556053519248962;0.28;0.2692747116088867;0.12;0.13720445334911346
0.5;0.5096017718315125;0.44;0.4318028390407562;0.38;0.3927702307701111
0.48;0.4914284944534302;0.14;0.1295400708913803;0.2;0.22743168473243713
0.24;0.24623440206050873;0.44;0.4648243188858032;0.26;0.2671119272708893
0.28;0.2734261155128479;0.44;0.4984093904495239;0.12;0.126988485455513
0.12;0.12245640158653259;0.46;0.4448886513710022;0.32;0.31100767850875854
0.22;0.21834997832775116;0.64;0.658601701259613;0.24;0.23769588768482208
0.6;0.6094540953636169;0.18;0.19376878440380096;0.24;0.23324117064476013
0.78;0.7881172299385071;0.14;0.13018302619457245;0.48;0.47173967957496643
0.1;0.09976326674222946;0.88;0.8191704154014587;0.5;0.46522942185401917
0.46;0.4729003608226776;0.34;0.33939385414123535;0.34;0.3600815534591675
0.18;0.21085523068904877;0.22;0.19542837142944336;0.12;0.1001473069190979
0.42;0.43227967619895935;0.46;0.464834600687027;0.34;0.3603793978691101
0.52;0.5216667652130127;0.12;0.111783966422081;0.26;0.27976980805397034
0.3;0.30552956461906433;0.64;0.6768810153007507;0.42;0.42839735746383667
0.26;0.25874337553977966;0.54;0.5543891191482544;0.4;0.40208664536476135
0.44;0.44865959882736206;0.52;0.5142770409584045;0.22;0.2254362553358078
0.26;0.2682654559612274;0.62;0.6372865438461304;0.1;0.11029332876205444
0.12;0.12060749530792236;0.7;0.7017472982406616;0.22;0.2124243974685669
0.56;0.5708487629890442;0.32;0.30586105585098267;0.42;0.41778239607810974
0.44;0.3873337209224701;0.1;0.1447470784187317;0.12;0.09669939428567886
0.1;0.10196611285209656;0.8;0.8227618932723999;0.46;0.45174533128738403
0.14;0.1357099711894989;0.66;0.6669237613677979;0.38;0.3691776394844055
0.36;0.3536893427371979;0.26;0.277614563703537;0.32;0.33660855889320374
0.4;0.4064485430717468;0.56;0.5663196444511414;0.28;0.2967596650123596
0.52;0.5342247486114502;0.32;0.2975437045097351;0.12;0.13187456130981445
0.36;0.362018346786499;0.6;0.6035600900650024;0.16;0.16916222870349884
0.74;0.7281915545463562;0.14;0.16719883680343628;0.12;0.1069079041481018
0.52;0.529035747051239;0.4;0.3926255702972412;0.48;0.48493051528930664
0.7;0.6955838203430176;0.28;0.2520713806152344;0.48;0.47023072838783264
0.22;0.20753657817840576;0.36;0.375428706407547;0.42;0.42503660917282104
0.3;0.3072909116744995;0.68;0.6857044696807861;0.48;0.4778165817260742
0.58;0.583526611328125;0.32;0.3064752519130707;0.46;0.4647539258003235
0.24;0.23766064643859863;0.5;0.522971510887146;0.22;0.21430115401744843
0.56;0.5670753121376038;0.34;0.33092644810676575;0.38;0.3826877474784851
0.48;0.46523961424827576;0.26;0.3278749883174896;0.1;0.10020953416824341
0.64;0.6461712121963501;0.18;0.173031285405159;0.34;0.3427160680294037
0.14;0.14022362232208252;0.38;0.37149572372436523;0.48;0.4542994499206543
0.36;0.35446974635124207;0.16;0.1504824310541153;0.36;0.3886067867279053
0.26;0.28078383207321167;0.26;0.2219630479812622;0.1;0.1247958093881607
0.1;0.1043938621878624;0.74;0.7432319521903992;0.22;0.21003857254981995
0.28;0.27399417757987976;0.22;0.20478081703186035;0.32;0.3444172739982605
0.64;0.6435438990592957;0.18;0.19354312121868134;0.14;0.13950833678245544
0.44;0.38204503059387207;0.1;0.14960967004299164;0.1;0.09091410040855408
0.44;0.42668062448501587;0.14;0.15227320790290833;0.3;0.30790603160858154
0.16;0.15879954397678375;0.3;0.3002651333808899;0.2;0.2060132473707199
0.3;0.29762691259384155;0.48;0.49552595615386963;0.48;0.4849727153778076
0.48;0.46990978717803955;0.1;0.10575426369905472;0.42;0.41488033533096313
0.46;0.47809579968452454;0.32;0.3059212565422058;0.16;0.17041006684303284
0.12;0.12198290973901749;0.66;0.6646832227706909;0.46;0.4432266354560852
0.26;0.25372856855392456;0.1;0.11526426672935486;0.46;0.4228018820285797
0.28;0.2699671983718872;0.36;0.3798065781593323;0.46;0.4682977795600891
0.38;0.3632144331932068;0.12;0.12946456670761108;0.14;0.1387069821357727
0.18;0.19542662799358368;0.14;0.13181143999099731;0.18;0.1446794718503952
0.48;0.501189112663269;0.16;0.13786983489990234;0.12;0.16407939791679382
0.58;0.5728905200958252;0.12;0.12955890595912933;0.16;0.17862237989902496
0.56;0.5610012412071228;0.24;0.23186276853084564;0.24;0.2493700534105301
0.18;0.17982454597949982;0.12;0.12318787723779678;0.32;0.2723570466041565
0.4;0.39981573820114136;0.3;0.3138944208621979;0.3;0.31320828199386597
0.54;0.5018212795257568;0.1;0.13357748091220856;0.1;0.13182012736797333
0.6;0.617514431476593;0.28;0.26734665036201477;0.12;0.12776212394237518
0.76;0.755185067653656;0.14;0.15445539355278015;0.26;0.2423475682735443
0.2;0.19921620190143585;0.28;0.27011799812316895;0.16;0.16851618885993958
0.3;0.28958866000175476;0.2;0.19150836765766144;0.32;0.34620124101638794
0.4;0.4021672308444977;0.26;0.26906734704971313;0.16;0.17307190597057343
0.82;0.821955144405365;0.12;0.12048592418432236;0.48;0.45492807030677795
0.46;0.46839264035224915;0.52;0.4851263761520386;0.32;0.3335254490375519
0.56;0.5689253807067871;0.34;0.3298339247703552;0.44;0.43720102310180664
0.1;0.09340488165616989;0.82;0.8337076902389526;0.26;0.24787504971027374
0.32;0.32494890689849854;0.22;0.21387164294719696;0.3;0.3416980803012848
0.68;0.6759316921234131;0.18;0.18317484855651855;0.2;0.19344225525856018
0.34;0.3518945276737213;0.46;0.47671881318092346;0.22;0.22615166008472443
0.12;0.11776451021432877;0.86;0.8215264081954956;0.38;0.374043732881546
0.68;0.6924000382423401;0.3;0.24968455731868744;0.3;0.3044271469116211
0.12;0.11258199065923691;0.32;0.31509390473365784;0.32;0.3290342688560486
0.16;0.18108099699020386;0.14;0.11204997450113297;0.1;0.12790100276470184
0.5;0.481093168258667;0.2;0.20549337565898895;0.36;0.3452836871147156
0.58;0.5937952399253845;0.18;0.17490555346012115;0.32;0.31298789381980896
0.44;0.4346817135810852;0.14;0.15049590170383453;0.42;0.42404574155807495
0.48;0.4698851704597473;0.1;0.10937213897705078;0.38;0.3677021861076355
0.66;0.6619849801063538;0.3;0.2844490110874176;0.26;0.26934880018234253
0.42;0.39890792965888977;0.16;0.19064763188362122;0.5;0.48962002992630005
0.44;0.4372853636741638;0.28;0.33133238554000854;0.1;0.09958961606025696
0.38;0.3753257691860199;0.12;0.10595758259296417;0.42;0.43664616346359253
0.1;0.09912688285112381;0.3;0.29082661867141724;0.22;0.22640486061573029
0.1;0.10685790330171585;0.7;0.6902377605438232;0.22;0.20844268798828125
0.58;0.5861538052558899;0.22;0.20877598226070404;0.24;0.2509056031703949
0.52;0.530825138092041;0.38;0.3716571629047394;0.34;0.3444928526878357
0.38;0.38184571266174316;0.46;0.46614202857017517;0.44;0.45581093430519104
0.28;0.264067679643631;0.3;0.31272265315055847;0.28;0.2905908524990082
0.1;0.1002114936709404;0.8;0.7862269282341003;0.14;0.13306868076324463
0.14;0.13773086667060852;0.72;0.7282123565673828;0.3;0.2987711429595947
0.44;0.44640377163887024;0.16;0.15610633790493011;0.2;0.21580691635608673
0.7;0.7081124782562256;0.22;0.20282191038131714;0.32;0.3261871933937073
0.6;0.6074885129928589;0.34;0.32918184995651245;0.44;0.45123472809791565
0.12;0.11882791668176651;0.76;0.7815946340560913;0.28;0.2740207016468048
0.3;0.3063125014305115;0.6;0.6308685541152954;0.5;0.4945875108242035
0.1;0.10261458903551102;0.4;0.43000027537345886;0.26;0.2883594036102295
0.7;0.7253089547157288;0.14;0.11017879843711853;0.14;0.18667975068092346
0.44;0.4474009871482849;0.46;0.47247618436813354;0.46;0.4674910604953766
0.6;0.6079949736595154;0.24;0.2248968780040741;0.32;0.3388843834400177
0.56;0.5624874234199524;0.36;0.3527556359767914;0.42;0.4218297004699707
0.14;0.14400914311408997;0.46;0.4571986794471741;0.46;0.4572937488555908
0.66;0.6624962091445923;0.26;0.2512585520744324;0.3;0.30720359086990356
0.82;0.8266519904136658;0.16;0.10810566693544388;0.32;0.33623021841049194
0.36;0.3611599802970886;0.34;0.3602142632007599;0.2;0.20903635025024414
0.24;0.23915308713912964;0.58;0.599193811416626;0.24;0.23938468098640442
0.54;0.5433976650238037;0.18;0.19324184954166412;0.46;0.43884095549583435
0.3;0.3015245795249939;0.16;0.15114276111125946;0.28;0.3022567629814148
0.22;0.2406640499830246;0.14;0.11947450041770935;0.1;0.12080341577529907
0.14;0.13995319604873657;0.4;0.3888755440711975;0.42;0.4057387709617615
0.4;0.4132158160209656;0.46;0.469556599855423;0.1;0.10794613510370255
0.12;0.12906594574451447;0.82;0.7514037489891052;0.1;0.0968807190656662
0.44;0.4472797214984894;0.34;0.35086262226104736;0.34;0.35868629813194275
0.1;0.10136839002370834;0.42;0.4058910608291626;0.4;0.3783313035964966
0.68;0.6833295226097107;0.22;0.2229621708393097;0.12;0.12171979993581772
0.66;0.6693799495697021;0.22;0.1990501582622528;0.32;0.3256116211414337
0.24;0.24125491082668304;0.42;0.42315736413002014;0.42;0.4159155786037445
0.18;0.18604645133018494;0.78;0.7646334767341614;0.4;0.3828093111515045
0.24;0.24480271339416504;0.14;0.14406077563762665;0.24;0.2343243658542633
0.66;0.667202353477478;0.2;0.1815366894006729;0.2;0.203073650598526
0.18;0.18380142748355865;0.66;0.6464042663574219;0.36;0.35389968752861023
0.28;0.2712159752845764;0.48;0.504016637802124;0.16;0.16624197363853455
0.24;0.24492454528808594;0.52;0.5377184152603149;0.38;0.38400745391845703
0.2;0.2040584683418274;0.42;0.41881081461906433;0.16;0.1647064983844757
0.24;0.250685453414917;0.7;0.7253183126449585;0.48;0.4694436192512512
0.46;0.4721459150314331;0.38;0.36071130633354187;0.14;0.14783784747123718
0.6;0.6048933267593384;0.26;0.2437528371810913;0.46;0.479252427816391
0.1;0.10225094109773636;0.62;0.6170143485069275;0.44;0.434581458568573
0.24;0.2426634430885315;0.42;0.4260300397872925;0.46;0.45139187574386597
0.14;0.14010179042816162;0.48;0.47199174761772156;0.36;0.35830631852149963
0.42;0.43412598967552185;0.38;0.3881433308124542;0.3;0.317348450422287
0.12;0.13043342530727386;0.2;0.18865270912647247;0.16;0.13530370593070984
0.36;0.3596428632736206;0.18;0.1746980845928192;0.34;0.3688907027244568
0.26;0.2587331235408783;0.62;0.6439811587333679;0.32;0.321066677570343
0.44;0.44190073013305664;0.38;0.39970558881759644;0.42;0.4379405975341797
0.44;0.42534464597702026;0.14;0.1400642991065979;0.14;0.13834507763385773
0.2;0.2031841278076172;0.2;0.19429077208042145;0.32;0.3265167474746704
0.48;0.46952372789382935;0.28;0.32912176847457886;0.1;0.10441769659519196
0.16;0.1565014272928238;0.24;0.2332552820444107;0.3;0.3004280626773834
0.74;0.7470613718032837;0.2;0.1761823147535324;0.2;0.20565767586231232
0.34;0.35542401671409607;0.48;0.49479421973228455;0.26;0.27622905373573303
0.14;0.13816580176353455;0.24;0.23424236476421356;0.34;0.34420499205589294
0.28;0.26967617869377136;0.36;0.3848731219768524;0.22;0.23647844791412354
0.66;0.6606209874153137;0.26;0.24998722970485687;0.32;0.32666724920272827
0.22;0.21777568757534027;0.64;0.6590046882629395;0.2;0.19680218398571014
0.38;0.3707330822944641;0.22;0.22609366476535797;0.26;0.26049357652664185
0.3;0.2863030731678009;0.26;0.2782730162143707;0.34;0.34787195920944214
0.18;0.1879957914352417;0.76;0.7678272724151611;0.46;0.4418627619743347
0.32;0.32600635290145874;0.44;0.45393267273902893;0.38;0.402261346578598
0.12;0.12353681772947311;0.38;0.3355582058429718;0.34;0.3667309284210205
0.38;0.38156411051750183;0.16;0.15644116699695587;0.38;0.41866618394851685
0.16;0.1573021113872528;0.46;0.4588801860809326;0.4;0.39901918172836304
0.2;0.20033438503742218;0.16;0.1478753536939621;0.24;0.21642422676086426
0.2;0.1985139101743698;0.6;0.6190758347511292;0.2;0.1948322057723999
0.42;0.4327738285064697;0.38;0.38841283321380615;0.32;0.3397131860256195
0.26;0.2593875527381897;0.48;0.48623472452163696;0.46;0.45531195402145386
0.18;0.17579421401023865;0.48;0.517296314239502;0.22;0.22264869511127472
0.62;0.6003270149230957;0.12;0.12362915277481079;0.44;0.4188048839569092
0.46;0.4644426703453064;0.36;0.3629346489906311;0.42;0.43390077352523804
0.24;0.24372564256191254;0.52;0.5386151075363159;0.4;0.4032452702522278
0.38;0.38955309987068176;0.58;0.5989096164703369;0.32;0.3391750156879425
0.1;0.09960879385471344;0.62;0.6153579354286194;0.2;0.18627578020095825
0.58;0.588773787021637;0.18;0.17631137371063232;0.3;0.2822740077972412
0.36;0.36842966079711914;0.22;0.19762210547924042;0.12;0.14197012782096863
0.6;0.6100075244903564;0.36;0.32329192757606506;0.14;0.14402401447296143
0.3;0.30496862530708313;0.56;0.586401641368866;0.26;0.26952704787254333
0.26;0.2581987977027893;0.38;0.3917525112628937;0.46;0.45949259400367737
0.78;0.785528302192688;0.16;0.14823244512081146;0.42;0.418651282787323
0.12;0.11817730218172073;0.62;0.6286431550979614;0.42;0.4096866548061371
0.16;0.16352030634880066;0.54;0.5451502799987793;0.48;0.46624556183815
0.4;0.39655670523643494;0.18;0.17723557353019714;0.32;0.33017152547836304
0.22;0.22124266624450684;0.48;0.4896199703216553;0.48;0.47222352027893066
0.12;0.12504002451896667;0.46;0.4472094178199768;0.42;0.41844120621681213
0.34;0.34627750515937805;0.18;0.16718722879886627;0.42;0.4439961910247803
0.62;0.6375218033790588;0.34;0.2936019003391266;0.1;0.10726815462112427
0.12;0.11529609560966492;0.52;0.5397604703903198;0.2;0.1974729597568512
0.64;0.6482968926429749;0.24;0.2289024144411087;0.46;0.4631009101867676
0.54;0.545028805732727;0.4;0.381803959608078;0.48;0.47936496138572693
0.3;0.3036222457885742;0.48;0.5311811566352844;0.12;0.12807531654834747
0.36;0.3648195266723633;0.58;0.6220183968544006;0.26;0.27258867025375366
0.56;0.5423246622085571;0.2;0.21970005333423615;0.22;0.19955229759216309
0.76;0.767689049243927;0.18;0.16163434088230133;0.24;0.24399855732917786
0.28;0.27861160039901733;0.42;0.517014741897583;0.1;0.11155035346746445
0.28;0.27113309502601624;0.5;0.5227298736572266;0.18;0.18634910881519318
0.38;0.37959858775138855;0.3;0.31868845224380493;0.48;0.4873676896095276
0.44;0.443767786026001;0.44;0.45385539531707764;0.44;0.4486667513847351
0.3;0.32255494594573975;0.22;0.18185994029045105;0.1;0.131620854139328
0.18;0.18390153348445892;0.62;0.6178820729255676;0.34;0.3320602476596832
0.34;0.3442656397819519;0.62;0.6557961702346802;0.34;0.360476016998291
0.44;0.4323190450668335;0.14;0.15047644078731537;0.26;0.2654898762702942
0.2;0.20358753204345703;0.6;0.604779839515686;0.34;0.33730846643447876
0.2;0.2140125185251236;0.74;0.7624568343162537;0.46;0.4562680125236511
0.6;0.6073018908500671;0.38;0.3421432077884674;0.5;0.5052236914634705
0.58;0.5669519305229187;0.14;0.13399718701839447;0.2;0.22104497253894806
0.24;0.23167747259140015;0.26;0.2580958902835846;0.46;0.4660223126411438
0.6;0.6055105924606323;0.3;0.2893263101577759;0.44;0.44595128297805786
0.24;0.23913893103599548;0.2;0.19938497245311737;0.44;0.44957786798477173
0.18;0.19178159534931183;0.64;0.6643626093864441;0.1;0.11373385041952133
0.26;0.2627120018005371;0.62;0.6338100433349609;0.42;0.42212456464767456
0.12;0.1330096572637558;0.58;0.6082921028137207;0.1;0.10111860185861588
0.16;0.1412276327610016;0.24;0.24122025072574615;0.2;0.17941632866859436
0.12;0.11819793283939362;0.14;0.13555507361888885;0.28;0.25656595826148987
0.3;0.27332809567451477;0.1;0.12320618331432343;0.12;0.11006911844015121
0.54;0.52208012342453;0.18;0.19229744374752045;0.26;0.26409679651260376
0.56;0.5663889646530151;0.38;0.3696788549423218;0.26;0.26724761724472046
0.24;0.2396877259016037;0.52;0.5692747831344604;0.1;0.09924573451280594
0.5;0.5085546374320984;0.14;0.128966823220253;0.14;0.17630712687969208
0.4;0.38955187797546387;0.16;0.15361806750297546;0.1;0.11314040422439575
0.56;0.5668973326683044;0.34;0.3328342139720917;0.36;0.36253732442855835
0.72;0.7273435592651367;0.26;0.20101520419120789;0.28;0.29637831449508667
0.64;0.6573067903518677;0.16;0.15365567803382874;0.36;0.377418577671051
0.28;0.2711712419986725;0.38;0.4308791160583496;0.16;0.17334266006946564
0.5;0.5103103518486023;0.4;0.4000706076622009;0.44;0.45295506715774536
0.3;0.2989917993545532;0.36;0.4840180575847626;0.1;0.11828000843524933
0.74;0.738549530506134;0.16;0.157383993268013;0.32;0.3172573149204254
0.54;0.5515368580818176;0.36;0.3502643406391144;0.36;0.3610248267650604
0.72;0.7000080347061157;0.14;0.17796601355075836;0.2;0.17095139622688293
0.48;0.487606406211853;0.42;0.42145591974258423;0.22;0.22548165917396545
0.38;0.3801211416721344;0.14;0.13183759152889252;0.46;0.4964624345302582
0.78;0.7858432531356812;0.16;0.15002742409706116;0.24;0.2410155087709427
0.32;0.3222689926624298;0.56;0.5922004580497742;0.36;0.38689684867858887
0.14;0.13847187161445618;0.62;0.6300897002220154;0.26;0.25606125593185425
0.56;0.5703508257865906;0.32;0.3083432614803314;0.34;0.34393754601478577
0.56;0.5659074187278748;0.36;0.3589581251144409;0.3;0.30542412400245667
0.4;0.4040139615535736;0.58;0.5634615421295166;0.46;0.47196143865585327
0.26;0.26347801089286804;0.48;0.4952295124530792;0.36;0.36525726318359375
0.3;0.3000645041465759;0.66;0.6888117790222168;0.24;0.24779078364372253
0.16;0.164483904838562;0.26;0.24298901855945587;0.36;0.3850230574607849
0.54;0.5427044630050659;0.24;0.24883818626403809;0.44;0.45877140760421753
0.36;0.36163949966430664;0.28;0.2825254201889038;0.16;0.1708473414182663
0.8;0.7986621260643005;0.16;0.1460830718278885;0.48;0.479971319437027
0.1;0.11444244533777237;0.7;0.6887545585632324;0.34;0.3338733911514282
0.64;0.6392303705215454;0.12;0.10979785025119781;0.38;0.377094566822052
0.52;0.5290881991386414;0.28;0.27779701352119446;0.32;0.331767737865448
0.24;0.23800444602966309;0.5;0.53045254945755;0.12;0.12327335774898529
0.58;0.5680969953536987;0.14;0.1471293717622757;0.3;0.3177570104598999
0.28;0.27753791213035583;0.58;0.5966348052024841;0.3;0.30921560525894165
0.22;0.2190612256526947;0.54;0.5652954578399658;0.12;0.12511029839515686
0.26;0.2557355463504791;0.5;0.5269895195960999;0.22;0.22000527381896973
0.5;0.5093433856964111;0.34;0.3213772475719452;0.24;0.24494628608226776
0.4;0.40307164192199707;0.36;0.37534183263778687;0.28;0.292621910572052
0.16;0.20118586719036102;0.18;0.1504051685333252;0.1;0.09058145433664322
0.5;0.511603057384491;0.4;0.39917775988578796;0.38;0.3940925598144531
0.72;0.7439675331115723;0.12;0.12150983512401581;0.28;0.3025210499763489
0.12;0.11706630140542984;0.58;0.5793129205703735;0.28;0.27356985211372375
0.42;0.4325234293937683;0.46;0.4698539078235626;0.44;0.45972657203674316
0.8;0.8006731271743774;0.12;0.12527303397655487;0.28;0.26338130235671997
0.36;0.36594492197036743;0.58;0.6224799156188965;0.38;0.4042539596557617
0.28;0.2778244912624359;0.56;0.571988046169281;0.32;0.3307957947254181
0.68;0.6825897097587585;0.22;0.21937496960163116;0.32;0.32833224534988403
0.44;0.45443400740623474;0.52;0.5045294761657715;0.1;0.10054939985275269
0.1;0.09341719001531601;0.82;0.823424220085144;0.22;0.20985260605812073
0.22;0.22952917218208313;0.12;0.11205417662858963;0.14;0.14173050224781036
0.34;0.3331187069416046;0.34;0.3651580810546875;0.46;0.4723154902458191
0.24;0.2337772399187088;0.34;0.3823493421077728;0.3;0.3141224980354309
0.54;0.5467959642410278;0.38;0.36781513690948486;0.44;0.44122353196144104
0.72;0.7042321562767029;0.1;0.1037675142288208;0.18;0.18105453252792358
0.54;0.543412983417511;0.24;0.2389974594116211;0.28;0.2822128236293793
0.66;0.6601399779319763;0.32;0.2886081337928772;0.28;0.2878960967063904
0.34;0.3426784873008728;0.36;0.40960055589675903;0.12;0.13399867713451385
0.36;0.36528778076171875;0.42;0.431782990694046;0.46;0.4723411500453949
0.2;0.2067681849002838;0.4;0.38560378551483154;0.18;0.17888417840003967
0.36;0.369387149810791;0.52;0.5526779294013977;0.1;0.10679062455892563
0.18;0.18092291057109833;0.14;0.14171573519706726;0.4;0.35164695978164673
0.2;0.1941342055797577;0.48;0.4918486475944519;0.38;0.37202659249305725
0.12;0.11274978518486023;0.16;0.14512322843074799;0.34;0.33736294507980347
0.32;0.3131508231163025;0.22;0.23304960131645203;0.42;0.4307015538215637
0.34;0.3446750044822693;0.58;0.6384038329124451;0.3;0.31653034687042236
0.24;0.2447628378868103;0.48;0.4932965338230133;0.26;0.258094847202301
0.62;0.6299250721931458;0.2;0.19334793090820312;0.26;0.26906076073646545
0.54;0.5457629561424255;0.34;0.3141007125377655;0.22;0.22541074454784393
0.16;0.15908411145210266;0.18;0.17291826009750366;0.44;0.41012057662010193
0.42;0.4078688323497772;0.2;0.21780477464199066;0.38;0.3777740001678467
0.18;0.18069994449615479;0.58;0.5906636714935303;0.26;0.25380435585975647
0.54;0.5492138862609863;0.34;0.3128383159637451;0.26;0.2643818259239197
0.28;0.2808507978916168;0.56;0.6056644916534424;0.12;0.13236792385578156
0.74;0.7408297657966614;0.24;0.1935109943151474;0.36;0.3638642430305481
0.4;0.3795170485973358;0.26;0.2924096882343292;0.3;0.2875641882419586
0.1;0.0992417186498642;0.76;0.7714698314666748;0.28;0.26880088448524475
0.14;0.14286640286445618;0.66;0.6585712432861328;0.16;0.1560131013393402
0.64;0.6477474570274353;0.28;0.2701394259929657;0.24;0.24890246987342834
0.66;0.661155104637146;0.22;0.22523750364780426;0.16;0.1608400046825409
0.6;0.6061771512031555;0.16;0.13561943173408508;0.26;0.2805391252040863
0.26;0.24681200087070465;0.18;0.1786554604768753;0.28;0.2906884551048279
0.12;0.12420263886451721;0.5;0.5005545020103455;0.12;0.11578972637653351
0.3;0.28691402077674866;0.36;0.38786381483078003;0.38;0.39611443877220154
0.5;0.5112918019294739;0.42;0.4159879684448242;0.36;0.37224751710891724
0.16;0.16035175323486328;0.74;0.7627677917480469;0.36;0.3574417531490326
0.1;0.09059430658817291;0.88;0.8349896669387817;0.24;0.2279210090637207
0.56;0.5598489046096802;0.42;0.386328786611557;0.36;0.36236611008644104
0.5;0.4863826632499695;0.12;0.13086910545825958;0.14;0.1512032449245453
0.22;0.22361524403095245;0.38;0.38918283581733704;0.26;0.2728986442089081
0.52;0.5127116441726685;0.1;0.09500744193792343;0.5;0.4957181513309479
0.12;0.12314917147159576;0.68;0.6833943128585815;0.14;0.1367587447166443
0.36;0.35571473836898804;0.32;0.3428109884262085;0.48;0.4926372468471527
0.1;0.11021704971790314;0.72;0.7085269689559937;0.5;0.4808908998966217
0.36;0.3626936376094818;0.48;0.4955907166004181;0.36;0.38397568464279175
0.1;0.11228600889444351;0.7;0.6949210166931152;0.46;0.4468487799167633
0.3;0.28285232186317444;0.24;0.26004648208618164;0.42;0.4144222140312195
0.36;0.3656730353832245;0.16;0.14323954284191132;0.44;0.464896023273468
0.1;0.09933948516845703;0.88;0.7840508222579956;0.12;0.10850284993648529
0.12;0.10679617524147034;0.22;0.22167682647705078;0.46;0.4627007842063904
0.82;0.8242836594581604;0.12;0.10464093089103699;0.16;0.17513883113861084
0.7;0.7067865133285522;0.22;0.20400282740592957;0.36;0.3664163649082184
0.46;0.45865869522094727;0.44;0.45305928587913513;0.48;0.4824129045009613
0.52;0.5374076962471008;0.32;0.3018816411495209;0.1;0.1132826954126358
0.12;0.12082608789205551;0.18;0.16464032232761383;0.36;0.3568982481956482
0.54;0.5299343466758728;0.2;0.2155841886997223;0.44;0.4311088025569916
0.66;0.6631323099136353;0.22;0.20521225035190582;0.46;0.47482728958129883
0.34;0.3547527492046356;0.46;0.4868425130844116;0.12;0.12387027591466904
0.68;0.6845906972885132;0.22;0.21790839731693268;0.1;0.1054336279630661
0.66;0.665938138961792;0.32;0.2845894396305084;0.22;0.2306816130876541
0.32;0.3297119736671448;0.46;0.46073827147483826;0.18;0.1901269257068634
0.58;0.5916543006896973;0.24;0.2185119241476059;0.22;0.23717465996742249
0.18;0.18388913571834564;0.6;0.6014387011528015;0.4;0.39208102226257324
0.36;0.36460021138191223;0.52;0.5602222681045532;0.22;0.2276342362165451
0.18;0.17608219385147095;0.46;0.4655582308769226;0.44;0.4336261749267578
0.12;0.1093253642320633;0.22;0.21706075966358185;0.42;0.4175119400024414
0.72;0.7177674770355225;0.2;0.18365344405174255;0.48;0.48354682326316833
0.48;0.4926866590976715;0.4;0.39175474643707275;0.46;0.4714803099632263
0.5;0.46920591592788696;0.18;0.21682551503181458;0.48;0.4439277648925781
0.6;0.6127646565437317;0.2;0.2335488498210907;0.1;0.11003748327493668
0.16;0.16534386575222015;0.54;0.580857515335083;0.1;0.10345625877380371
0.18;0.18138428032398224;0.12;0.12177858501672745;0.26;0.2114802896976471
0.28;0.2662525773048401;0.36;0.37473613023757935;0.26;0.27733343839645386
0.18;0.1743672490119934;0.36;0.34716179966926575;0.4;0.399421364068985
0.2;0.19861727952957153;0.54;0.5552231669425964;0.42;0.41702383756637573
0.38;0.38051706552505493;0.5;0.5106120109558105;0.36;0.37991756200790405
0.66;0.6576984524726868;0.28;0.27396631240844727;0.32;0.32570987939834595
0.1;0.09804985672235489;0.78;0.8060600161552429;0.22;0.21164922416210175
0.12;0.15491002798080444;0.2;0.1742803454399109;0.1;0.07716742902994156
0.36;0.32056188583374023;0.26;0.27870047092437744;0.48;0.4608713984489441
0.48;0.4918713867664337;0.5;0.45307010412216187;0.18;0.18054473400115967
0.52;0.5253087878227234;0.28;0.2717351019382477;0.22;0.22774124145507812
0.2;0.19889868795871735;0.42;0.4249727129936218;0.24;0.24374079704284668
0.46;0.49103689193725586;0.24;0.22160664200782776;0.1;0.10470569133758545
0.68;0.6850584745407104;0.26;0.25560200214385986;0.38;0.37945133447647095
0.26;0.26126423478126526;0.32;0.3453938364982605;0.38;0.37776097655296326
0.12;0.1154002994298935;0.82;0.8197667002677917;0.3;0.2949315905570984
0.1;0.11177235841751099;0.72;0.7256948351860046;0.12;0.11518559604883194
0.7;0.7098968029022217;0.26;0.21938931941986084;0.26;0.2671094536781311
0.18;0.17862863838672638;0.38;0.3914763033390045;0.5;0.4803732931613922
0.48;0.4698216915130615;0.22;0.241937056183815;0.5;0.5184744596481323
0.44;0.4368382692337036;0.3;0.3136436343193054;0.4;0.4190303385257721
0.5;0.5115031003952026;0.42;0.41925039887428284;0.42;0.4342341423034668
0.74;0.7531306743621826;0.24;0.17275629937648773;0.16;0.1693781167268753
0.78;0.7931920886039734;0.2;0.13173873722553253;0.12;0.1333274245262146
0.34;0.35455483198165894;0.5;0.5113272070884705;0.28;0.30109864473342896
0.72;0.7029942870140076;0.1;0.10355149209499359;0.2;0.19682593643665314
0.22;0.22236105799674988;0.66;0.6860066056251526;0.42;0.42324551939964294
0.48;0.48593589663505554;0.18;0.18313221633434296;0.16;0.17762020230293274
0.68;0.68340003490448;0.2;0.19208572804927826;0.28;0.2806931138038635
0.76;0.7743630409240723;0.22;0.1468924880027771;0.12;0.13230162858963013
0.1;0.09578213095664978;0.8;0.8229746222496033;0.36;0.35820987820625305
0.1;0.0986998900771141;0.58;0.5836492776870728;0.22;0.2062370330095291
0.22;0.22519424557685852;0.3;0.28380870819091797;0.18;0.1932300329208374
0.42;0.4338923692703247;0.52;0.5229161977767944;0.4;0.4204958379268646
0.1;0.0956868827342987;0.38;0.3427940905094147;0.42;0.43481454253196716
0.2;0.20417077839374542;0.1;0.10715430229902267;0.48;0.41277557611465454
0.5;0.5046178698539734;0.48;0.4473825693130493;0.28;0.2797836661338806
0.62;0.6356177926063538;0.2;0.18763820827007294;0.2;0.20664605498313904
0.24;0.23717950284481049;0.4;0.41296300292015076;0.18;0.1847568303346634
0.18;0.1767246276140213;0.42;0.4166046380996704;0.34;0.3330020606517792
0.38;0.3744540512561798;0.24;0.24673134088516235;0.28;0.2903645634651184
0.3;0.2999727725982666;0.48;0.5013629198074341;0.24;0.24462445080280304
0.24;0.22431634366512299;0.34;0.3675684630870819;0.36;0.36276617646217346
0.56;0.5839662551879883;0.32;0.30650094151496887;0.1;0.10720785707235336
0.62;0.6226161122322083;0.3;0.3018571138381958;0.32;0.3248468339443207
0.32;0.31827104091644287;0.1;0.09996437281370163;0.22;0.1992068886756897
0.26;0.24694079160690308;0.68;0.6853533983230591;0.18;0.17744123935699463
0.36;0.36961129307746887;0.5;0.5211581587791443;0.12;0.12406517565250397
0.18;0.20950466394424438;0.16;0.13692323863506317;0.12;0.1213400587439537
0.54;0.5459331274032593;0.34;0.32371461391448975;0.5;0.4949606955051422
0.56;0.5776306390762329;0.34;0.32703787088394165;0.12;0.12377127259969711
0.24;0.22740186750888824;0.68;0.6905598640441895;0.16;0.15870089828968048
0.16;0.15593072772026062;0.54;0.5490977168083191;0.28;0.27813079953193665
0.24;0.23658691346645355;0.58;0.5963689684867859;0.48;0.47476834058761597
0.28;0.2779535949230194;0.5;0.5137777328491211;0.42;0.4238739609718323
0.6;0.6047672629356384;0.36;0.34892046451568604;0.38;0.38753050565719604
0.48;0.4987005293369293;0.22;0.21024474501609802;0.12;0.12086508423089981
0.14;0.1394595205783844;0.38;0.3682970702648163;0.36;0.35791879892349243
0.58;0.5908579230308533;0.2;0.21520483493804932;0.16;0.16695541143417358
0.46;0.4625009298324585;0.3;0.3185098171234131;0.12;0.12394263595342636
0.36;0.36233821511268616;0.36;0.42276403307914734;0.1;0.10951809585094452
0.44;0.4335506558418274;0.24;0.2486291527748108;0.2;0.20914769172668457
0.88;0.787835419178009;0.1;0.12030493468046188;0.14;0.13959303498268127
0.42;0.3948345184326172;0.26;0.30098116397857666;0.26;0.2622852921485901
0.18;0.1803431361913681;0.28;0.2573195993900299;0.5;0.5186642408370972
0.44;0.4486607015132904;0.46;0.4715874195098877;0.44;0.44925957918167114
0.3;0.3046517074108124;0.46;0.5339585542678833;0.1;0.11103415489196777
0.52;0.5155812501907349;0.22;0.21758577227592468;0.34;0.33109673857688904
0.58;0.5946552157402039;0.28;0.26517602801322937;0.38;0.3897358775138855
0.3;0.3052343726158142;0.62;0.6612858772277832;0.44;0.4474468231201172
0.18;0.18006297945976257;0.32;0.3127720355987549;0.24;0.2512478232383728
0.3;0.2968406081199646;0.42;0.4362126588821411;0.24;0.24490034580230713
0.32;0.3165961802005768;0.4;0.41205033659935;0.36;0.38186246156692505
0.64;0.655353307723999;0.16;0.15765641629695892;0.1;0.1320423185825348
0.42;0.4177781939506531;0.1;0.09510551393032074;0.46;0.4548873007297516
0.24;0.2408687323331833;0.32;0.3182085156440735;0.16;0.16618046164512634
0.38;0.37316209077835083;0.18;0.18215034902095795;0.42;0.42735257744789124
0.18;0.18064415454864502;0.66;0.6528318524360657;0.28;0.2743857800960541
0.52;0.5175876617431641;0.16;0.14796295762062073;0.42;0.4255827069282532
0.2;0.19557031989097595;0.4;0.4038407802581787;0.38;0.3858036994934082
0.2;0.20068083703517914;0.38;0.38904714584350586;0.26;0.26625245809555054
0.26;0.26183176040649414;0.46;0.4613718092441559;0.42;0.4195457100868225
0.58;0.5786768794059753;0.1;0.09449487179517746;0.3;0.2941271662712097
0.28;0.28059497475624084;0.62;0.66566401720047;0.34;0.3484672009944916
0.36;0.3672318458557129;0.46;0.46828171610832214;0.2;0.20300769805908203
0.14;0.1321839690208435;0.32;0.319473534822464;0.14;0.14174574613571167
0.72;0.7255629897117615;0.18;0.1767081767320633;0.22;0.21274122595787048
0.58;0.5817514061927795;0.1;0.09042460471391678;0.32;0.31498438119888306
0.32;0.31745103001594543;0.22;0.2159685343503952;0.38;0.40887126326560974
0.16;0.15944832563400269;0.64;0.6439122557640076;0.5;0.48801326751708984
0.5;0.45832353830337524;0.1;0.1279449462890625;0.16;0.13068397343158722
0.1;0.09346780180931091;0.82;0.8341244459152222;0.34;0.3363427519798279
0.26;0.2537075877189636;0.22;0.22391311824321747;0.5;0.511946439743042
0.22;0.22666725516319275;0.44;0.46963438391685486;0.26;0.2689109444618225
0.52;0.4951508045196533;0.1;0.12211533635854721;0.2;0.17664161324501038
0.68;0.6948872804641724;0.12;0.09806638211011887;0.28;0.30004701018333435
0.1;0.10836126655340195;0.48;0.4679883122444153;0.46;0.4525179862976074
0.62;0.6212247610092163;0.34;0.3313146233558655;0.42;0.42757052183151245
0.24;0.24436591565608978;0.48;0.48758983612060547;0.5;0.49023112654685974
0.14;0.13792763650417328;0.14;0.12265658378601074;0.48;0.46727409958839417
0.2;0.19692490994930267;0.48;0.4954555034637451;0.48;0.4677518308162689
0.22;0.21818551421165466;0.44;0.44461458921432495;0.44;0.4363783895969391
0.12;0.11963394284248352;0.66;0.6598626971244812;0.16;0.1575852930545807
0.56;0.5581773519515991;0.38;0.36826688051223755;0.44;0.4405497610569
0.2;0.20341329276561737;0.12;0.11902834475040436;0.34;0.29367485642433167
0.22;0.22080981731414795;0.52;0.5446150302886963;0.12;0.1263239085674286
0.42;0.4185357689857483;0.18;0.19023297727108002;0.36;0.37758442759513855
0.14;0.12542985379695892;0.18;0.18349412083625793;0.42;0.41015949845314026
0.44;0.4103756844997406;0.22;0.246225044131279;0.42;0.40173807740211487
0.1;0.09755928814411163;0.42;0.40617233514785767;0.34;0.3133431375026703
0.32;0.314267098903656;0.38;0.3975808918476105;0.38;0.40765196084976196
0.2;0.20418842136859894;0.7;0.7364002466201782;0.34;0.34589463472366333
0.32;0.33276090025901794;0.5;0.5258471965789795;0.14;0.1468454897403717
0.5;0.5076203942298889;0.28;0.2881765365600586;0.26;0.26396849751472473
0.22;0.22015266120433807;0.52;0.5369775295257568;0.2;0.19322293996810913
0.52;0.526059627532959;0.46;0.41975393891334534;0.42;0.4256211221218109
0.1;0.09998384118080139;0.24;0.23707148432731628;0.32;0.32274478673934937
0.72;0.7186321020126343;0.26;0.21840626001358032;0.48;0.4734284281730652
0.34;0.3445044159889221;0.38;0.39055439829826355;0.3;0.3188610374927521
0.24;0.2380208820104599;0.28;0.27256906032562256;0.2;0.2165296971797943
0.18;0.17820972204208374;0.4;0.4045107364654541;0.42;0.41759976744651794
0.72;0.7423288226127625;0.12;0.12788471579551697;0.4;0.41134706139564514
0.6;0.6041492819786072;0.3;0.29208582639694214;0.34;0.34730619192123413
0.2;0.1914142221212387;0.24;0.23534071445465088;0.34;0.3410451412200928
0.1;0.095733642578125;0.3;0.2867729067802429;0.46;0.4655422270298004
0.48;0.4791739583015442;0.34;0.33626434206962585;0.48;0.49318933486938477
0.46;0.4738437235355377;0.48;0.4748365581035614;0.1;0.1009652242064476
0.18;0.1811067759990692;0.74;0.7499082684516907;0.28;0.27165722846984863
0.66;0.6766271591186523;0.16;0.15571343898773193;0.46;0.485487699508667
0.44;0.45148739218711853;0.38;0.3866158425807953;0.3;0.3197230398654938
0.3;0.28955867886543274;0.36;0.3792315125465393;0.46;0.4698968827724457
0.18;0.1753801554441452;0.24;0.23639602959156036;0.36;0.3704542815685272
0.18;0.17543962597846985;0.46;0.47443702816963196;0.24;0.23943910002708435
0.36;0.3672258257865906;0.54;0.5870323181152344;0.32;0.34064245223999023
0.12;0.1169763058423996;0.86;0.8220417499542236;0.36;0.35567688941955566
0.64;0.6458171606063843;0.32;0.29817262291908264;0.46;0.4603537619113922
0.32;0.311546266078949;0.12;0.12174130231142044;0.32;0.3430359661579132
0.52;0.5031127333641052;0.1;0.11722758412361145;0.24;0.2098415642976761
0.36;0.3651648759841919;0.56;0.6073166728019714;0.38;0.4049720764160156
0.16;0.1611691117286682;0.66;0.6750204563140869;0.14;0.13893644511699677
0.42;0.4165503978729248;0.42;0.44538652896881104;0.46;0.4791649281978607
0.22;0.23760294914245605;0.22;0.19077159464359283;0.1;0.09330006688833237
0.34;0.34464988112449646;0.58;0.6374979615211487;0.32;0.3397252559661865
0.46;0.472078412771225;0.34;0.3402683436870575;0.36;0.3801586627960205
0.28;0.29898324608802795;0.16;0.1315394639968872;0.14;0.14941219985485077
0.14;0.15052653849124908;0.24;0.21629151701927185;0.46;0.4623787999153137
0.4;0.40077778697013855;0.3;0.3162558078765869;0.28;0.29283756017684937
0.32;0.323186993598938;0.66;0.6646050810813904;0.5;0.5026835203170776
0.1;0.09990950673818588;0.22;0.22403652966022491;0.38;0.38070687651634216
0.28;0.2730279266834259;0.4;0.47620415687561035;0.12;0.13356976211071014
0.38;0.3882213830947876;0.46;0.47329598665237427;0.26;0.2733514904975891
0.1;0.12028224021196365;0.84;0.7540832161903381;0.1;0.09884379804134369
0.74;0.7411479949951172;0.24;0.19629372656345367;0.44;0.4370923936367035
0.2;0.19301670789718628;0.34;0.32688552141189575;0.4;0.399392694234848
0.24;0.24079199135303497;0.56;0.5764161348342896;0.28;0.28471648693084717
0.36;0.3498050272464752;0.12;0.11614023149013519;0.26;0.2672887444496155
0.58;0.5804813504219055;0.36;0.3491547107696533;0.2;0.20368647575378418
0.22;0.2129928320646286;0.38;0.3986624479293823;0.5;0.4964803159236908
0.36;0.36849460005760193;0.16;0.14095641672611237;0.16;0.17323210835456848
0.1;0.0984821617603302;0.78;0.799411952495575;0.2;0.1942850798368454
0.66;0.6691461801528931;0.18;0.1611804962158203;0.2;0.20253543555736542
0.32;0.3221796452999115;0.56;0.5826529264450073;0.44;0.45498591661453247
0.48;0.46793851256370544;0.16;0.17522002756595612;0.28;0.3036293387413025
0.2;0.2097523957490921;0.3;0.27830544114112854;0.12;0.12602129578590393
0.78;0.7871161699295044;0.14;0.1330789178609848;0.14;0.13987278938293457
0.3;0.2982148230075836;0.44;0.45418423414230347;0.32;0.33099475502967834
0.28;0.27564072608947754;0.46;0.4717414379119873;0.48;0.4790167212486267
0.18;0.17557919025421143;0.24;0.2340880185365677;0.22;0.20999281108379364
0.2;0.20183247327804565;0.36;0.3912999927997589;0.3;0.3112882375717163
0.4;0.40568938851356506;0.56;0.5584848523139954;0.24;0.25496870279312134
0.12;0.11258402466773987;0.34;0.3192770481109619;0.46;0.46884727478027344
0.14;0.13963502645492554;0.38;0.45180997252464294;0.12;0.12052606046199799
0.36;0.36476314067840576;0.36;0.3728773593902588;0.2;0.20897933840751648
0.26;0.25603553652763367;0.5;0.5147830843925476;0.48;0.47386130690574646
0.28;0.27471354603767395;0.52;0.5557270646095276;0.14;0.1472177803516388
0.2;0.20540519058704376;0.18;0.16974110901355743;0.38;0.3900516629219055
0.58;0.5821701288223267;0.36;0.3431522250175476;0.44;0.4477883279323578
0.3;0.301949143409729;0.12;0.11465569585561752;0.14;0.1572582721710205
0.3;0.30019518733024597;0.38;0.4925140142440796;0.1;0.11667966842651367
0.4;0.4089823067188263;0.44;0.4521111845970154;0.32;0.3453247547149658
0.26;0.2589936852455139;0.14;0.13870581984519958;0.24;0.23363299667835236
0.12;0.11561951786279678;0.46;0.42781582474708557;0.22;0.2116227149963379
0.38;0.3719758987426758;0.12;0.11065874248743057;0.36;0.3588252365589142
0.26;0.25801628828048706;0.38;0.39191734790802;0.48;0.4744630753993988
0.2;0.1960582137107849;0.26;0.2534516751766205;0.18;0.19043609499931335
0.24;0.23083838820457458;0.1;0.10618365556001663;0.42;0.3919927179813385
0.56;0.5621002316474915;0.36;0.3543439507484436;0.5;0.49410945177078247
0.24;0.23421484231948853;0.1;0.11202480643987656;0.14;0.12123169749975204
0.36;0.3684280812740326;0.56;0.6104965806007385;0.32;0.3398340344429016
0.12;0.11526379734277725;0.18;0.18609276413917542;0.46;0.4561980664730072
0.32;0.3261716961860657;0.6;0.63398277759552;0.16;0.1670742928981781
0.28;0.26320552825927734;0.3;0.32401207089424133;0.44;0.44175824522972107
0.3;0.3002943992614746;0.58;0.612968385219574;0.34;0.35804852843284607
0.1;0.10025530308485031;0.12;0.11913854628801346;0.14;0.14900048077106476
0.4;0.41309618949890137;0.42;0.4274054765701294;0.42;0.44714102149009705
0.34;0.3625321686267853;0.2;0.1670505404472351;0.1;0.12997664511203766
0.62;0.6357626914978027;0.24;0.21650072932243347;0.2;0.21273545920848846
0.28;0.27869170904159546;0.44;0.45417481660842896;0.26;0.2655552327632904
0.74;0.7234849333763123;0.1;0.1088942363858223;0.16;0.17472203075885773
0.44;0.4481108486652374;0.44;0.44015753269195557;0.14;0.14323480427265167
0.24;0.23703384399414062;0.6;0.6152582168579102;0.22;0.22048494219779968
0.5;0.4876492917537689;0.14;0.15592937171459198;0.5;0.4988667368888855
0.2;0.20141425728797913;0.78;0.7562034130096436;0.3;0.2972065806388855
0.16;0.1535577028989792;0.78;0.7604109644889832;0.18;0.16877958178520203
0.7;0.7024775147438049;0.1;0.08032327145338058;0.5;0.5353773832321167
0.66;0.6704241037368774;0.22;0.2041768580675125;0.5;0.5130445957183838
0.3;0.3009709417819977;0.6;0.6527499556541443;0.14;0.15264897048473358
0.16;0.15830682218074799;0.52;0.5519372820854187;0.18;0.18067637085914612
0.5;0.46205535531044006;0.1;0.12728562951087952;0.18;0.14283470809459686
0.28;0.27845919132232666;0.44;0.445950984954834;0.4;0.4070357382297516
0.28;0.28309929370880127;0.58;0.6361194252967834;0.1;0.1152498722076416
0.5;0.5114854574203491;0.4;0.4008704721927643;0.4;0.4148262143135071
0.62;0.633993923664093;0.34;0.29842886328697205;0.12;0.12663577497005463
0.36;0.3663920760154724;0.4;0.4248841404914856;0.24;0.24783749878406525
0.56;0.5690085887908936;0.16;0.14902988076210022;0.1;0.132522314786911
0.5;0.5072959661483765;0.3;0.29922056198120117;0.36;0.3781259059906006
0.56;0.5629758238792419;0.32;0.307434618473053;0.5;0.4947987496852875
0.2;0.19947493076324463;0.24;0.2277398258447647;0.48;0.4780762195587158
0.6;0.6113267540931702;0.2;0.22202463448047638;0.12;0.130062535405159
0.18;0.17357708513736725;0.1;0.09957009553909302;0.22;0.16980817914009094
0.46;0.4724021255970001;0.4;0.39636966586112976;0.3;0.3164408206939697
0.48;0.4923045039176941;0.42;0.4168892800807953;0.32;0.3342987895011902
0.32;0.3192218840122223;0.34;0.41165292263031006;0.12;0.132277712225914
0.14;0.13944348692893982;0.84;0.8003128170967102;0.34;0.33537179231643677
0.5;0.5064713954925537;0.24;0.26992541551589966;0.3;0.29434734582901
0.24;0.24936550855636597;0.72;0.7282052040100098;0.46;0.4498909115791321
0.86;0.859146237373352;0.1;0.09195329248905182;0.3;0.29522716999053955
0.36;0.3601047098636627;0.18;0.17566217482089996;0.36;0.3886182904243469
0.68;0.6709486246109009;0.1;0.09776107221841812;0.24;0.23534616827964783
0.2;0.19767050445079803;0.4;0.406755268573761;0.42;0.426243394613266
0.88;0.8672743439674377;0.1;0.09471020102500916;0.42;0.3355185389518738
0.26;0.2487569898366928;0.66;0.6860148310661316;0.22;0.2184068262577057
0.12;0.11784345656633377;0.78;0.7885416150093079;0.18;0.1751907616853714
0.1;0.10698837041854858;0.16;0.14754636585712433;0.32;0.32528913021087646
0.14;0.13582122325897217;0.18;0.16716887056827545;0.48;0.4649086892604828
0.34;0.3444996476173401;0.2;0.19364885985851288;0.4;0.4292409420013428
0.46;0.4460088908672333;0.14;0.14587387442588806;0.36;0.37926703691482544
0.42;0.39432066679000854;0.1;0.12168881297111511;0.24;0.18953117728233337
0.66;0.622427761554718;0.1;0.11487238854169846;0.38;0.3772315979003906
0.26;0.2670198976993561;0.16;0.15090647339820862;0.12;0.13086549937725067
0.3;0.2816580832004547;0.3;0.3263215720653534;0.46;0.46209222078323364
0.46;0.4730238914489746;0.48;0.4725562334060669;0.2;0.20462217926979065
0.12;0.09504814445972443;0.1;0.12522268295288086;0.34;0.2658848166465759
0.4;0.40207093954086304;0.46;0.47428444027900696;0.48;0.4942260682582855
0.28;0.2762981951236725;0.14;0.1390654444694519;0.3;0.3093509376049042
0.34;0.3453435003757477;0.62;0.6199917197227478;0.14;0.14628569781780243
0.62;0.5806952118873596;0.1;0.13930149376392365;0.12;0.1297716647386551
0.42;0.42908504605293274;0.5;0.5114233493804932;0.3;0.3152502477169037
0.2;0.20726123452186584;0.66;0.665602445602417;0.4;0.4074937701225281
0.3;0.3058675527572632;0.66;0.6850837469100952;0.42;0.42773738503456116
0.14;0.13991521298885345;0.4;0.35746487975120544;0.24;0.23064765334129333
0.26;0.25643181800842285;0.58;0.6004009246826172;0.26;0.26123905181884766
0.76;0.7712786197662354;0.2;0.15293356776237488;0.14;0.1488451212644577
0.32;0.3223174512386322;0.42;0.43131548166275024;0.48;0.4930354654788971
0.4;0.41461753845214844;0.4;0.4031888246536255;0.38;0.4082917273044586
0.18;0.17626060545444489;0.32;0.31479519605636597;0.16;0.16159464418888092
0.52;0.5344166159629822;0.16;0.1518799066543579;0.12;0.15845836699008942
0.7;0.7331489324569702;0.14;0.11242622882127762;0.18;0.2192656546831131
0.64;0.6544619798660278;0.26;0.250924289226532;0.2;0.2096879929304123
0.48;0.4614317715167999;0.14;0.1628420650959015;0.48;0.46975278854370117
0.34;0.3447995185852051;0.4;0.41258278489112854;0.14;0.14871981739997864
0.72;0.750938892364502;0.12;0.1353609412908554;0.46;0.4782041609287262
0.38;0.36934441328048706;0.12;0.11927909404039383;0.26;0.2524775564670563
0.72;0.7025364637374878;0.14;0.1728246510028839;0.22;0.19150303304195404
0.56;0.5677295923233032;0.32;0.30108779668807983;0.24;0.24462337791919708
0.48;0.4814111292362213;0.18;0.1906275600194931;0.2;0.2196999341249466
0.68;0.6916006207466125;0.3;0.2456376701593399;0.22;0.2250594198703766
0.46;0.42144548892974854;0.1;0.12669312953948975;0.2;0.14818008244037628
0.32;0.33092281222343445;0.48;0.49063923954963684;0.38;0.39986491203308105
0.3;0.27918484807014465;0.16;0.17524509131908417;0.42;0.4426649212837219
0.6;0.5963881015777588;0.18;0.19830948114395142;0.48;0.4902985692024231
0.18;0.17864693701267242;0.32;0.31544655561447144;0.26;0.2736166715621948
0.22;0.21326135098934174;0.22;0.214553102850914;0.28;0.2925283908843994
0.56;0.5567768216133118;0.12;0.11345772445201874;0.34;0.35114532709121704
0.24;0.24099572002887726;0.5;0.5520830750465393;0.1;0.10038460791110992
0.88;0.8619568943977356;0.1;0.09421022981405258;0.38;0.2990944981575012
0.28;0.27785345911979675;0.62;0.6779991388320923;0.26;0.26671260595321655
0.7;0.7076396346092224;0.22;0.20294402539730072;0.42;0.4266242980957031
0.56;0.5545811653137207;0.22;0.22565414011478424;0.26;0.2574792504310608
0.1;0.1066238209605217;0.2;0.18348531424999237;0.5;0.4911816716194153
0.2;0.19745908677577972;0.44;0.4676668047904968;0.26;0.2598266303539276
0.68;0.6901742219924927;0.3;0.27575528621673584;0.48;0.46055489778518677
0.14;0.1393113136291504;0.84;0.7942232489585876;0.26;0.24885329604148865
0.16;0.16492235660552979;0.38;0.3666864037513733;0.24;0.25571465492248535
0.1;0.10100004076957703;0.54;0.530327320098877;0.34;0.3346881866455078
0.8;0.8082554936408997;0.16;0.12416990846395493;0.26;0.2689105272293091
0.32;0.3199896812438965;0.66;0.6689271926879883;0.28;0.29089823365211487
0.48;0.4912627935409546;0.46;0.4416123926639557;0.44;0.4500710070133209
0.4;0.41299009323120117;0.38;0.3784984052181244;0.44;0.4648379683494568
0.32;0.31727826595306396;0.14;0.13200359046459198;0.24;0.2683033049106598
0.6;0.5900478959083557;0.12;0.12200317531824112;0.36;0.3715497851371765
0.62;0.6215726137161255;0.32;0.3207153379917145;0.36;0.36606091260910034
0.24;0.23631080985069275;0.56;0.5759115219116211;0.48;0.471376895904541
0.46;0.455503910779953;0.26;0.30190497636795044;0.14;0.13846328854560852
0.38;0.37759634852409363;0.2;0.2045363187789917;0.38;0.3892938196659088
0.38;0.38156503438949585;0.48;0.48782578110694885;0.46;0.47591862082481384
0.24;0.24339866638183594;0.32;0.3164914548397064;0.2;0.21682234108448029
0.32;0.3192497789859772;0.42;0.43606454133987427;0.28;0.29574304819107056
0.5;0.48875072598457336;0.2;0.19883844256401062;0.26;0.2531786561012268
0.14;0.13705040514469147;0.7;0.698090136051178;0.3;0.2971099019050598
0.52;0.518920361995697;0.12;0.11628090590238571;0.2;0.2182997763156891
0.24;0.24338218569755554;0.32;0.307155579328537;0.14;0.1477789580821991
0.76;0.7679475545883179;0.2;0.16584111750125885;0.26;0.2674718499183655
0.76;0.7575117945671082;0.2;0.18032419681549072;0.46;0.4590059220790863
0.4;0.41625478863716125;0.42;0.41991689801216125;0.1;0.11124636232852936
0.1;0.1189812421798706;0.86;0.7557579874992371;0.1;0.09768715500831604
0.2;0.19432233273983002;0.36;0.39579614996910095;0.12;0.12633326649665833
0.2;0.19273418188095093;0.34;0.3357156813144684;0.3;0.3091408610343933
0.16;0.16420680284500122;0.28;0.2721947431564331;0.3;0.317261278629303
0.22;0.22065305709838867;0.34;0.31857019662857056;0.22;0.23186258971691132
0.2;0.19452627003192902;0.26;0.2580110728740692;0.36;0.36347317695617676
0.52;0.5162045955657959;0.24;0.2655724287033081;0.22;0.21473678946495056
0.58;0.5982915163040161;0.26;0.2322843223810196;0.18;0.1970607489347458
0.14;0.13619625568389893;0.34;0.32657334208488464;0.42;0.4221285879611969
0.54;0.5431481003761292;0.24;0.24079468846321106;0.32;0.3242294192314148
0.4;0.40213853120803833;0.48;0.4949920177459717;0.24;0.25450700521469116
0.28;0.27760693430900574;0.66;0.7075914144515991;0.26;0.2680359482765198
0.36;0.36783233284950256;0.48;0.49542561173439026;0.24;0.24509577453136444
0.8;0.799793541431427;0.18;0.13121312856674194;0.36;0.3671092987060547
0.6;0.5995438098907471;0.26;0.25151702761650085;0.3;0.3159174621105194
0.1;0.13213440775871277;0.26;0.23504330217838287;0.14;0.09899567812681198
0.74;0.7475851774215698;0.24;0.1821967363357544;0.22;0.22968575358390808
0.6;0.6069982051849365;0.28;0.261228084564209;0.48;0.49299994111061096
0.3;0.298605740070343;0.28;0.2861138880252838;0.24;0.26256996393203735
0.36;0.3583712875843048;0.34;0.3571535050868988;0.28;0.2913636863231659
0.56;0.5651435852050781;0.42;0.3779945969581604;0.22;0.2246360033750534
0.36;0.33938145637512207;0.2;0.21544606983661652;0.42;0.42367833852767944
0.42;0.4177956283092499;0.14;0.14925318956375122;0.48;0.4934066832065582
0.44;0.4495314657688141;0.46;0.463332861661911;0.2;0.20626822113990784
0.28;0.2878402769565582;0.24;0.2416309118270874;0.46;0.46343809366226196
0.28;0.2793891429901123;0.66;0.7097553610801697;0.28;0.28699570894241333
0.12;0.12548410892486572;0.48;0.46984830498695374;0.44;0.43540558218955994
0.32;0.32699424028396606;0.56;0.599297821521759;0.26;0.2704758048057556
0.24;0.24298585951328278;0.46;0.4683738052845001;0.42;0.42254438996315
0.12;0.11776117980480194;0.62;0.6282722353935242;0.46;0.44540858268737793
0.58;0.5832785367965698;0.14;0.13479521870613098;0.12;0.15162572264671326
0.7;0.6973860859870911;0.28;0.23770371079444885;0.34;0.34147074818611145
0.64;0.6530142426490784;0.18;0.17155322432518005;0.24;0.24025730788707733
0.5;0.5117002129554749;0.36;0.34861263632774353;0.3;0.30304020643234253
0.68;0.668054461479187;0.18;0.2010340541601181;0.16;0.15156610310077667
0.1;0.10897298157215118;0.66;0.6543340682983398;0.32;0.3152638077735901
0.58;0.5676483511924744;0.14;0.13434837758541107;0.24;0.25763407349586487
0.1;0.1049533486366272;0.64;0.6323205828666687;0.3;0.293655663728714
0.46;0.4742754101753235;0.22;0.22817565500736237;0.42;0.40210533142089844
0.4;0.3895963132381439;0.28;0.33983248472213745;0.12;0.12244174629449844
0.44;0.4524574875831604;0.32;0.33318546414375305;0.26;0.27117234468460083
0.62;0.6438949704170227;0.18;0.1549794226884842;0.28;0.296123206615448
0.16;0.15331530570983887;0.4;0.4120854139328003;0.12;0.1066262274980545
0.26;0.25657030940055847;0.26;0.2570933401584625;0.46;0.4663057327270508
0.3;0.29145634174346924;0.3;0.298974871635437;0.26;0.28406739234924316
0.16;0.1580411195755005;0.4;0.3863784074783325;0.16;0.15228304266929626
0.36;0.3620855212211609;0.46;0.47749006748199463;0.46;0.47358575463294983
0.42;0.42238378524780273;0.32;0.3256479501724243;0.4;0.42123475670814514
0.3;0.2879098057746887;0.1;0.10580131411552429;0.24;0.21872437000274658
0.5;0.49741271138191223;0.3;0.3062005639076233;0.48;0.49809369444847107
0.62;0.6165832281112671;0.36;0.33255189657211304;0.28;0.284044086933136
0.18;0.17169643938541412;0.7;0.7110949754714966;0.12;0.11675339937210083
0.22;0.21030957996845245;0.74;0.7050841450691223;0.16;0.15413343906402588
0.42;0.43095627427101135;0.56;0.5348166227340698;0.32;0.3375851809978485
0.6;0.613456666469574;0.12;0.10824345052242279;0.5;0.5091419816017151
0.16;0.16014322638511658;0.38;0.37693169713020325;0.5;0.47139811515808105
0.46;0.471067875623703;0.52;0.4847886562347412;0.16;0.1627226173877716
0.2;0.1928623914718628;0.28;0.2796798348426819;0.38;0.37611788511276245
0.22;0.22223468124866486;0.28;0.2698020339012146;0.26;0.2842502295970917
0.64;0.6401897668838501;0.12;0.10445839911699295;0.1;0.11927808821201324
0.48;0.4598609209060669;0.18;0.20091663300991058;0.46;0.4315416216850281
0.54;0.5417671799659729;0.4;0.3904445171356201;0.36;0.36215347051620483
0.74;0.7456978559494019;0.18;0.170628622174263;0.18;0.17983181774616241
0.28;0.2785753309726715;0.5;0.5277326703071594;0.24;0.24464711546897888
0.48;0.4949692189693451;0.46;0.4378708302974701;0.16;0.16003265976905823
0.32;0.3158230781555176;0.3;0.2952956557273865;0.28;0.29844218492507935
0.26;0.260916143655777;0.58;0.5906740427017212;0.36;0.3641709089279175
0.46;0.4800977408885956;0.36;0.34435030817985535;0.22;0.22940635681152344
0.12;0.12189076095819473;0.72;0.7102210521697998;0.42;0.40799275040626526
0.14;0.14765620231628418;0.76;0.737287163734436;0.1;0.101448655128479
0.3;0.2965275049209595;0.32;0.3226182460784912;0.34;0.32807818055152893
0.5;0.48362377285957336;0.26;0.31003060936927795;0.12;0.11823984235525131
0.1;0.10137162357568741;0.66;0.6515128016471863;0.18;0.17008912563323975
0.68;0.6874259114265442;0.24;0.2348790466785431;0.26;0.26686906814575195
0.14;0.1365920454263687;0.58;0.5825210213661194;0.5;0.4818435311317444
0.5;0.5077528953552246;0.28;0.2839992046356201;0.36;0.37322741746902466
0.36;0.3609975576400757;0.36;0.36813902854919434;0.46;0.4730685353279114
0.38;0.3625198304653168;0.26;0.2760843336582184;0.5;0.47586435079574585
0.64;0.6564954519271851;0.22;0.1930263638496399;0.2;0.20998983085155487
0.14;0.12045049667358398;0.1;0.12514153122901917;0.26;0.1974506825208664
0.1;0.0992332324385643;0.34;0.31889548897743225;0.24;0.24903550744056702
0.8;0.8067318201065063;0.14;0.1147916167974472;0.12;0.13467201590538025
0.1;0.09827073663473129;0.24;0.23432540893554688;0.36;0.3608458638191223
0.22;0.21837031841278076;0.12;0.11123780906200409;0.44;0.4553750157356262
0.3;0.2996624708175659;0.4;0.42598456144332886;0.22;0.22509601712226868
0.3;0.3005640506744385;0.46;0.4722021520137787;0.18;0.18068790435791016
0.34;0.3212241530418396;0.1;0.10820084065198898;0.3;0.28065213561058044
0.3;0.2996431887149811;0.12;0.11786475777626038;0.12;0.1405220329761505
0.44;0.43853995203971863;0.32;0.3348708748817444;0.44;0.4577970504760742
0.18;0.18671385943889618;0.3;0.290077269077301;0.14;0.14971795678138733
0.18;0.18592780828475952;0.12;0.13700148463249207;0.5;0.4652981758117676
0.54;0.5458003282546997;0.14;0.13570822775363922;0.14;0.17954418063163757
0.56;0.5764271020889282;0.28;0.2465229630470276;0.18;0.19856251776218414
0.28;0.272431343793869;0.7;0.7064790725708008;0.22;0.22825828194618225
0.44;0.43707552552223206;0.38;0.4011131823062897;0.46;0.4703541398048401
0.68;0.686354398727417;0.14;0.1158922016620636;0.12;0.15884271264076233
0.34;0.34563514590263367;0.46;0.4770769476890564;0.4;0.41744571924209595
0.54;0.5542725324630737;0.34;0.3209054172039032;0.4;0.3961237967014313
0.12;0.11605554819107056;0.5;0.48762646317481995;0.18;0.17284083366394043
0.4;0.40282419323921204;0.48;0.4939764738082886;0.42;0.4430733621120453
0.16;0.16460464894771576;0.52;0.5297011137008667;0.46;0.44990700483322144
0.22;0.2085404247045517;0.18;0.1767788976430893;0.26;0.26771607995033264
0.6;0.6102305054664612;0.24;0.2241365611553192;0.36;0.3734605312347412
0.18;0.18249957263469696;0.48;0.5156978964805603;0.1;0.10278986394405365
0.22;0.23189184069633484;0.72;0.7492533326148987;0.5;0.48416072130203247
0.36;0.3652473986148834;0.6;0.6225475072860718;0.5;0.5085934400558472
0.52;0.5307966470718384;0.36;0.34765005111694336;0.38;0.38712114095687866
0.48;0.45472225546836853;0.12;0.13098427653312683;0.12;0.12357938289642334
0.38;0.379645973443985;0.3;0.3403215706348419;0.16;0.1704249531030655
0.24;0.24139373004436493;0.52;0.5402383208274841;0.26;0.26116278767585754
0.46;0.4562003016471863;0.26;0.2822122573852539;0.36;0.36710232496261597
0.16;0.16360722482204437;0.56;0.5623701810836792;0.42;0.4224199652671814
0.14;0.14090731739997864;0.76;0.78031986951828;0.24;0.23032112419605255
0.46;0.4515889286994934;0.12;0.12812326848506927;0.28;0.28054726123809814
0.74;0.7470657825469971;0.14;0.1005658283829689;0.5;0.49483776092529297
0.14;0.14120914041996002;0.82;0.7444685697555542;0.1;0.09552966803312302
0.44;0.4550325274467468;0.38;0.36098092794418335;0.14;0.15197578072547913
0.38;0.39419060945510864;0.52;0.5327571034431458;0.18;0.19229638576507568
0.28;0.2760933041572571;0.54;0.5639496445655823;0.24;0.24626508355140686
0.24;0.24029813706874847;0.66;0.6945338249206543;0.36;0.36391547322273254
0.5;0.4544104337692261;0.1;0.1299719512462616;0.14;0.12065030634403229
0.16;0.16082477569580078;0.56;0.5642239451408386;0.46;0.46034136414527893
0.5;0.5065252780914307;0.38;0.36879467964172363;0.5;0.502503514289856
0.4;0.40685930848121643;0.36;0.37279826402664185;0.18;0.18850480020046234
0.74;0.7383334040641785;0.16;0.1424974501132965;0.46;0.45729151368141174
0.1;0.11421281099319458;0.72;0.7079971432685852;0.38;0.37290024757385254
0.68;0.6832419633865356;0.22;0.22187940776348114;0.3;0.3076556622982025
0.14;0.1221526712179184;0.28;0.28514355421066284;0.2;0.20525293052196503
0.3;0.3108130395412445;0.14;0.12462501227855682;0.22;0.22365732491016388
0.46;0.47795039415359497;0.22;0.21740542352199554;0.14;0.14692017436027527
0.28;0.2760801911354065;0.6;0.6532527804374695;0.14;0.14996370673179626
0.26;0.2480366975069046;0.1;0.12150770425796509;0.48;0.4416184425354004
0.16;0.16255755722522736;0.6;0.6109613180160522;0.16;0.1577376425266266
0.28;0.257301390171051;0.32;0.35113444924354553;0.38;0.3737218379974365
0.58;0.5768387317657471;0.2;0.20471610128879547;0.32;0.3096693158149719
0.66;0.6713846325874329;0.16;0.12833431363105774;0.12;0.16040030121803284
0.28;0.2701953649520874;0.36;0.37825077772140503;0.44;0.45229262113571167
0.5;0.47529691457748413;0.1;0.12077359855175018;0.26;0.2139764279127121
0.76;0.7697283029556274;0.2;0.16417551040649414;0.24;0.24728603661060333
0.32;0.32573676109313965;0.42;0.49569258093833923;0.1;0.11252593994140625
0.46;0.4599745273590088;0.28;0.2951507270336151;0.44;0.4534304738044739
0.58;0.5826550722122192;0.18;0.16053731739521027;0.22;0.21013112366199493
0.5;0.48650994896888733;0.26;0.31978195905685425;0.1;0.10386504977941513
0.22;0.22157131135463715;0.36;0.36445412039756775;0.16;0.16674450039863586
0.64;0.6513736248016357;0.24;0.22230975329875946;0.2;0.2069561928510666
0.28;0.28067249059677124;0.66;0.7062649130821228;0.32;0.32768937945365906
0.24;0.24688898026943207;0.14;0.1401275098323822;0.22;0.214182049036026
0.12;0.11975254118442535;0.84;0.8224784731864929;0.48;0.4579055905342102
0.14;0.1451474130153656;0.38;0.3765564262866974;0.2;0.2158443182706833
0.34;0.3471886217594147;0.54;0.5621757507324219;0.42;0.44052204489707947
0.86;0.8393099904060364;0.12;0.09538495540618896;0.18;0.1873873472213745
0.52;0.5116058588027954;0.22;0.21306169033050537;0.32;0.32342395186424255
0.62;0.6265121102333069;0.14;0.11433357000350952;0.1;0.1287902444601059
0.24;0.2441575974225998;0.64;0.6565645337104797;0.44;0.44235849380493164
0.22;0.20498916506767273;0.16;0.16233903169631958;0.3;0.30404338240623474
0.26;0.24941062927246094;0.34;0.36186888813972473;0.42;0.432760626077652
0.42;0.3715917468070984;0.1;0.14291545748710632;0.1;0.09587053209543228
0.4;0.40634286403656006;0.36;0.37609729170799255;0.24;0.25051209330558777
0.62;0.620390772819519;0.28;0.27840083837509155;0.26;0.2621402144432068
0.3;0.30725473165512085;0.2;0.1721353530883789;0.22;0.24100935459136963
0.2;0.20055000483989716;0.48;0.5136187672615051;0.16;0.16221578419208527
0.24;0.25367414951324463;0.6;0.6214833855628967;0.1;0.11565381288528442
0.24;0.23771578073501587;0.26;0.25192129611968994;0.4;0.40234073996543884
0.22;0.21814441680908203;0.26;0.24840539693832397;0.34;0.3680941164493561
0.48;0.4891721308231354;0.44;0.430332750082016;0.48;0.4853367805480957
0.14;0.14224740862846375;0.6;0.6115069389343262;0.16;0.16006815433502197
0.18;0.18079368770122528;0.42;0.3896125257015228;0.22;0.2215021550655365
0.8;0.809842586517334;0.16;0.11706250160932541;0.14;0.15167935192584991
0.26;0.2621314823627472;0.14;0.13639530539512634;0.14;0.14833831787109375
0.26;0.26340869069099426;0.54;0.5549206137657166;0.32;0.32404977083206177
0.54;0.5523549318313599;0.26;0.2649866044521332;0.12;0.1350550353527069
0.26;0.2464403510093689;0.66;0.6807293891906738;0.18;0.1777958869934082
0.36;0.35907500982284546;0.48;0.4947441518306732;0.46;0.47211509943008423
0.24;0.2436138242483139;0.26;0.24412676692008972;0.14;0.13844618201255798
0.26;0.2578829526901245;0.2;0.18882764875888824;0.14;0.12799108028411865
0.5;0.5098312497138977;0.4;0.3891354501247406;0.12;0.11887413263320923
0.54;0.546597421169281;0.32;0.2901068925857544;0.24;0.24890652298927307
0.52;0.5181276202201843;0.18;0.18692883849143982;0.14;0.1383107453584671
0.24;0.25028178095817566;0.68;0.7136886119842529;0.48;0.4726596772670746
0.6;0.6041904091835022;0.3;0.29167139530181885;0.32;0.3277425467967987
0.16;0.15897832810878754;0.12;0.10922503471374512;0.14;0.15910330414772034
0.16;0.1572369933128357;0.7;0.7124238014221191;0.3;0.2991141974925995
0.1;0.14875750243663788;0.3;0.24861441552639008;0.12;0.10927131026983261
0.78;0.7926974892616272;0.2;0.12831872701644897;0.1;0.11771795898675919
0.26;0.2519971430301666;0.22;0.21342132985591888;0.2;0.1948460042476654
0.14;0.1462317854166031;0.48;0.477628618478775;0.12;0.11543609946966171
0.36;0.3409484028816223;0.1;0.10616099089384079;0.3;0.27132776379585266
0.36;0.38946375250816345;0.28;0.2421421855688095;0.1;0.134442999958992
0.3;0.31638896465301514;0.22;0.18746383488178253;0.14;0.1620449423789978
0.54;0.5465615391731262;0.28;0.26764366030693054;0.34;0.3523297607898712
0.24;0.2287229299545288;0.74;0.7018945217132568;0.18;0.17778250575065613
0.34;0.3451322615146637;0.5;0.5138557553291321;0.2;0.1999339610338211
0.56;0.5633322596549988;0.4;0.3850320279598236;0.32;0.3221725821495056
0.84;0.833471417427063;0.12;0.09729374945163727;0.14;0.17223213613033295
0.74;0.728801429271698;0.14;0.16689185798168182;0.14;0.12033389508724213
0.4;0.3788711130619049;0.24;0.2720198631286621;0.34;0.3305572271347046
0.24;0.24537169933319092;0.5;0.5146400332450867;0.28;0.2810056805610657
0.62;0.6499986052513123;0.18;0.158287912607193;0.36;0.3850710391998291
0.34;0.3438126742839813;0.38;0.45718955993652344;0.1;0.11010175943374634
0.3;0.2977396845817566;0.32;0.3136981725692749;0.32;0.3192724585533142
0.3;0.3035961985588074;0.68;0.6954601407051086;0.3;0.3098929524421692
0.22;0.22925861179828644;0.46;0.4832719564437866;0.28;0.2919394373893738
0.52;0.514046311378479;0.12;0.12432677298784256;0.42;0.4450048804283142
0.28;0.28363436460494995;0.24;0.23996135592460632;0.42;0.4209658205509186
0.3;0.30815646052360535;0.1;0.10493596643209457;0.48;0.4852679669857025
0.28;0.276614248752594;0.56;0.6009318232536316;0.14;0.15083564817905426
0.24;0.24809125065803528;0.44;0.4626154899597168;0.28;0.2909548878669739
0.26;0.24892346560955048;0.34;0.3633156716823578;0.38;0.39434048533439636
0.32;0.3299832344055176;0.5;0.509148895740509;0.36;0.3817358911037445
0.74;0.7527990341186523;0.22;0.1678844541311264;0.14;0.1481599360704422
0.5;0.5125262141227722;0.34;0.32815080881118774;0.28;0.2839394211769104
0.24;0.2478412687778473;0.12;0.11524119973182678;0.16;0.15536954998970032
0.38;0.37128037214279175;0.2;0.20905420184135437;0.3;0.302415668964386
0.3;0.2860572040081024;0.16;0.16315709054470062;0.38;0.39998307824134827
0.16;0.15714937448501587;0.12;0.11135171353816986;0.34;0.3251610994338989
0.52;0.5287511348724365;0.42;0.4055050015449524;0.48;0.48348888754844666
0.46;0.4538693428039551;0.1;0.10015179216861725;0.46;0.46068769693374634
0.22;0.21574516594409943;0.28;0.28035563230514526;0.44;0.4482468068599701
0.38;0.38200101256370544;0.6;0.5920946002006531;0.48;0.48440656065940857
0.14;0.1390703320503235;0.16;0.14216729998588562;0.26;0.23591773211956024
0.54;0.5409314632415771;0.22;0.24253055453300476;0.36;0.35480308532714844
0.2;0.19662947952747345;0.4;0.40528905391693115;0.4;0.4062061309814453
0.16;0.16275440156459808;0.12;0.12314575910568237;0.5;0.5020490884780884
0.6;0.5996901988983154;0.16;0.16406942903995514;0.48;0.4859430193901062
0.1;0.12458735704421997;0.12;0.10567479580640793;0.46;0.4642133116722107
0.12;0.13782212138175964;0.76;0.7378973960876465;0.1;0.10413418710231781
0.2;0.19797204434871674;0.32;0.3154340982437134;0.24;0.24361161887645721
0.1;0.10487358272075653;0.68;0.669976532459259;0.14;0.13565853238105774
0.1;0.09845373034477234;0.82;0.7904025912284851;0.14;0.13127271831035614
0.26;0.2696199119091034;0.7;0.7061488032341003;0.48;0.46634578704833984
0.4;0.4030683636665344;0.3;0.31726744771003723;0.24;0.2541625499725342
0.86;0.8383816480636597;0.1;0.09552555531263351;0.18;0.18397679924964905
0.42;0.39309412240982056;0.22;0.2399483174085617;0.44;0.41312193870544434
0.44;0.4450797438621521;0.44;0.4519836902618408;0.42;0.43024808168411255
0.28;0.2850532829761505;0.64;0.6752810478210449;0.44;0.43916815519332886
0.5;0.5103241801261902;0.34;0.323523610830307;0.12;0.12638667225837708
0.3;0.3063783049583435;0.26;0.2405403107404709;0.16;0.18535594642162323
0.44;0.452849805355072;0.48;0.4833811819553375;0.28;0.29168716073036194
0.62;0.6560965180397034;0.18;0.1588127166032791;0.1;0.12243811786174774
0.12;0.11754249036312103;0.34;0.3233964145183563;0.36;0.37047427892684937
0.74;0.7480257153511047;0.22;0.18898752331733704;0.5;0.49369731545448303
0.5;0.5066002011299133;0.46;0.4405725598335266;0.26;0.2600879669189453
0.5;0.5096700191497803;0.48;0.4343099892139435;0.2;0.19734665751457214
0.48;0.4899335503578186;0.42;0.4148632884025574;0.48;0.4874897003173828
0.18;0.1792043000459671;0.28;0.27236631512641907;0.4;0.4050256311893463
0.36;0.3436988592147827;0.3;0.3462577760219574;0.36;0.39059939980506897
0.32;0.32591718435287476;0.6;0.6328227519989014;0.14;0.14815235137939453
0.18;0.18175409734249115;0.7;0.7235386371612549;0.22;0.2093048095703125
0.78;0.7786754965782166;0.12;0.1373126208782196;0.18;0.16053123772144318
0.46;0.41051748394966125;0.1;0.1353285312652588;0.14;0.10679067671298981
0.56;0.5848709940910339;0.36;0.33532649278640747;0.1;0.10383333265781403
0.5;0.5081963539123535;0.26;0.27423423528671265;0.36;0.3609769940376282
0.7;0.6924625635147095;0.28;0.24737457931041718;0.4;0.39719897508621216
0.2;0.1981346309185028;0.46;0.4716145098209381;0.3;0.29262301325798035
0.24;0.2383650839328766;0.6;0.615705132484436;0.48;0.4771960377693176
0.26;0.24923275411128998;0.34;0.3626485764980316;0.4;0.4145886301994324
0.18;0.17178113758563995;0.36;0.35215675830841064;0.18;0.1890576183795929
0.3;0.2846422791481018;0.24;0.26005569100379944;0.4;0.39222559332847595
0.36;0.36456283926963806;0.46;0.46407756209373474;0.18;0.18149879574775696
0.38;0.3897905647754669;0.54;0.5593588948249817;0.1;0.10327370464801788
0.7;0.7102946639060974;0.28;0.22072330117225647;0.26;0.2679351568222046
0.76;0.7569741606712341;0.22;0.18046988546848297;0.38;0.3806855082511902
0.18;0.1718982309103012;0.38;0.3900858759880066;0.36;0.3540073037147522
0.28;0.2587680518627167;0.32;0.3557256758213043;0.44;0.4375706613063812
0.6;0.5996859073638916;0.32;0.31926432251930237;0.26;0.26652991771698
0.72;0.7418490052223206;0.12;0.11385161429643631;0.36;0.37988412380218506
0.32;0.3122534155845642;0.38;0.4003831744194031;0.28;0.2979655861854553
0.1;0.10355041176080704;0.52;0.5141781568527222;0.12;0.11280319839715958
0.56;0.5569793581962585;0.1;0.09285406023263931;0.36;0.35577940940856934
0.16;0.15850138664245605;0.42;0.3821631371974945;0.18;0.16766074299812317
0.74;0.7406551837921143;0.2;0.18262429535388947;0.38;0.3837369382381439
0.16;0.15334482491016388;0.4;0.403331458568573;0.34;0.3323832154273987
0.32;0.32149022817611694;0.56;0.5904890894889832;0.38;0.40619081258773804
0.1;0.1009305790066719;0.14;0.12192421406507492;0.24;0.2503165602684021
0.26;0.2532684803009033;0.54;0.5554448366165161;0.5;0.4871464669704437
0.42;0.3956012725830078;0.18;0.2145056128501892;0.48;0.45420894026756287
0.22;0.21627177298069;0.56;0.5721667408943176;0.48;0.4691895842552185
0.62;0.6387908458709717;0.22;0.19547204673290253;0.18;0.19422131776809692
0.1;0.09292995184659958;0.82;0.8298666477203369;0.24;0.22854694724082947
0.6;0.5996354222297668;0.1;0.09468434005975723;0.32;0.30435872077941895
0.68;0.6755671501159668;0.2;0.22307810187339783;0.16;0.15631639957427979
0.52;0.5287931561470032;0.4;0.3927081823348999;0.5;0.5023844242095947
0.46;0.4618571400642395;0.4;0.40357062220573425;0.46;0.46714743971824646
0.4;0.40379956364631653;0.36;0.37034839391708374;0.34;0.3586919903755188
0.16;0.16231682896614075;0.44;0.4427787661552429;0.46;0.4541056156158447
0.2;0.1915130317211151;0.7;0.7161116600036621;0.18;0.17376932501792908
0.64;0.6532884240150452;0.26;0.2473393678665161;0.22;0.22885580360889435
0.16;0.159815713763237;0.68;0.6820916533470154;0.26;0.25798797607421875
0.38;0.3820522725582123;0.58;0.5908787250518799;0.46;0.46795231103897095
0.18;0.17820529639720917;0.52;0.5215215682983398;0.46;0.44694995880126953
0.62;0.6239618062973022;0.3;0.3034520447254181;0.48;0.48839426040649414
0.36;0.3519842326641083;0.28;0.30028560757637024;0.28;0.2896198034286499
0.26;0.24722522497177124;0.7;0.6877489686012268;0.18;0.17715604603290558
0.46;0.45358553528785706;0.14;0.1379031538963318;0.3;0.34192198514938354
0.36;0.3660329282283783;0.44;0.4609372019767761;0.3;0.318800687789917
0.2;0.19707922637462616;0.18;0.16683422029018402;0.22;0.19358018040657043
0.68;0.6850239634513855;0.24;0.23989346623420715;0.44;0.44296106696128845
0.26;0.25716632604599;0.3;0.30541640520095825;0.36;0.3669165074825287
0.62;0.6032439470291138;0.12;0.1151023805141449;0.22;0.22665996849536896
0.64;0.648920476436615;0.18;0.17625930905342102;0.3;0.3036249577999115
0.16;0.1615680605173111;0.7;0.7076649069786072;0.42;0.41417011618614197
0.1;0.09798583388328552;0.44;0.42339348793029785;0.32;0.29475030303001404
0.16;0.16126921772956848;0.2;0.19584447145462036;0.4;0.3773525357246399
0.68;0.6897416710853577;0.14;0.11629198491573334;0.1;0.14232806861400604
0.34;0.3461983799934387;0.58;0.6119149923324585;0.16;0.16692383587360382
0.38;0.37134721875190735;0.1;0.09787289798259735;0.48;0.4791993498802185
0.14;0.1430044174194336;0.3;0.2727300524711609;0.48;0.48659831285476685
0.42;0.422726571559906;0.34;0.34728649258613586;0.44;0.46232548356056213
0.68;0.6940637230873108;0.26;0.22435994446277618;0.12;0.1284128874540329
0.14;0.155943363904953;0.18;0.16665200889110565;0.14;0.10353510081768036
0.18;0.1752515435218811;0.1;0.10619151592254639;0.48;0.4243411123752594
0.32;0.3249957263469696;0.64;0.6461101174354553;0.14;0.1491919308900833
0.72;0.7176809906959534;0.24;0.2145605832338333;0.46;0.45713257789611816
0.82;0.826962947845459;0.12;0.11050678789615631;0.28;0.27655091881752014
0.22;0.21776854991912842;0.22;0.21171434223651886;0.38;0.39599907398223877
0.32;0.32549235224723816;0.62;0.6419690847396851;0.16;0.16764721274375916
0.18;0.17893962562084198;0.5;0.5058535933494568;0.44;0.4288772940635681
0.14;0.1355023831129074;0.2;0.19249342381954193;0.48;0.47689706087112427
0.46;0.4644869863986969;0.26;0.2866170406341553;0.26;0.26313209533691406
0.16;0.14744259417057037;0.26;0.2612787187099457;0.2;0.19397322833538055
0.38;0.38179704546928406;0.58;0.5893496870994568;0.48;0.4847103953361511
0.26;0.2599603235721588;0.46;0.5209457874298096;0.1;0.10101582854986191
0.18;0.17983530461788177;0.58;0.594849169254303;0.22;0.21559123694896698
0.42;0.40755903720855713;0.14;0.1409255415201187;0.26;0.2654202878475189
0.18;0.18713194131851196;0.7;0.7132214307785034;0.48;0.46159934997558594
0.2;0.19649900496006012;0.24;0.23681123554706573;0.4;0.3937155604362488
0.42;0.4298677146434784;0.4;0.41548067331314087;0.26;0.27125659584999084
0.32;0.32073596119880676;0.14;0.13998393714427948;0.38;0.4037722945213318
0.5;0.4806870222091675;0.14;0.16492290794849396;0.46;0.4506136476993561
0.56;0.5568523406982422;0.12;0.11218378692865372;0.32;0.33394142985343933
0.12;0.11458410322666168;0.26;0.2634486258029938;0.4;0.3908270001411438
0.36;0.36050868034362793;0.36;0.38110822439193726;0.16;0.16918480396270752
0.76;0.7705353498458862;0.1;0.10428531467914581;0.2;0.2097746878862381
0.58;0.5666379928588867;0.12;0.13651788234710693;0.12;0.14723968505859375
0.74;0.7387372255325317;0.16;0.16123631596565247;0.28;0.272112101316452
0.18;0.17550072073936462;0.8;0.7489645481109619;0.22;0.20493026077747345
0.6;0.5897855162620544;0.16;0.16324345767498016;0.32;0.32225388288497925
0.46;0.4771687388420105;0.2;0.21873320639133453;0.5;0.48469457030296326
0.24;0.23351114988327026;0.68;0.7007085084915161;0.22;0.21839118003845215
0.24;0.23446336388587952;0.1;0.11078989505767822;0.16;0.13533970713615417
0.72;0.7251043319702148;0.16;0.15635225176811218;0.28;0.2609247863292694
0.5;0.5093084573745728;0.36;0.33675652742385864;0.22;0.22148485481739044
0.14;0.1462099701166153;0.26;0.23275141417980194;0.44;0.4523106515407562
0.42;0.41456687450408936;0.28;0.30833718180656433;0.26;0.2686593532562256
0.28;0.27844852209091187;0.14;0.13588710129261017;0.36;0.37573927640914917
0.22;0.21295520663261414;0.16;0.15307588875293732;0.36;0.37513893842697144
0.32;0.32239627838134766;0.6;0.650226891040802;0.28;0.2903188169002533
0.36;0.36846059560775757;0.62;0.6012586355209351;0.1;0.10677222162485123
0.28;0.27462121844291687;0.64;0.6779805421829224;0.14;0.14712126553058624
0.34;0.3531235158443451;0.44;0.470782995223999;0.12;0.12531259655952454
0.1;0.10296469181776047;0.18;0.1768791228532791;0.38;0.37751442193984985
0.48;0.47695305943489075;0.2;0.20875117182731628;0.2;0.20026607811450958
0.72;0.7328532934188843;0.22;0.18715548515319824;0.2;0.20770363509655
0.4;0.4090748727321625;0.58;0.5460458993911743;0.16;0.16765251755714417
0.2;0.20386336743831635;0.18;0.17367424070835114;0.4;0.41377344727516174
0.24;0.24347932636737823;0.5;0.5069462656974792;0.5;0.48314839601516724
0.42;0.4053654372692108;0.12;0.1200627014040947;0.3;0.2871115505695343
0.24;0.23650042712688446;0.62;0.6375702023506165;0.24;0.2356925904750824
0.1;0.10132195800542831;0.82;0.7802791595458984;0.12;0.11035577952861786
0.1;0.09539924561977386;0.82;0.8073535561561584;0.18;0.17185701429843903
0.3;0.3052069842815399;0.16;0.14386872947216034;0.2;0.21690821647644043
0.22;0.21683000028133392;0.3;0.2935881018638611;0.34;0.34185275435447693
0.48;0.448253870010376;0.12;0.135476216673851;0.1;0.11429641395807266
0.3;0.31398481130599976;0.14;0.11968027055263519;0.1;0.11960776895284653
0.78;0.777662456035614;0.12;0.14093108475208282;0.2;0.17727860808372498
0.48;0.4918724000453949;0.38;0.36804527044296265;0.36;0.3793746829032898
0.36;0.35601717233657837;0.34;0.3569015860557556;0.32;0.3379257619380951
0.44;0.4157692790031433;0.1;0.11299535632133484;0.32;0.2669702172279358
0.66;0.6591933965682983;0.2;0.18644338846206665;0.38;0.38683849573135376
0.2;0.20434316992759705;0.54;0.5623556971549988;0.36;0.3645450472831726
0.56;0.564545750617981;0.38;0.36595192551612854;0.22;0.2250318080186844
0.26;0.24639907479286194;0.68;0.6889100074768066;0.2;0.19844838976860046
0.38;0.3796401917934418;0.36;0.400604784488678;0.1;0.10276303440332413
0.26;0.2715522348880768;0.56;0.5895906090736389;0.1;0.10886365175247192
0.1;0.10959220677614212;0.72;0.7072354555130005;0.26;0.2491055428981781
0.6;0.5999245047569275;0.28;0.2697593569755554;0.34;0.35005491971969604
0.58;0.5940780639648438;0.28;0.2637871503829956;0.36;0.3709337115287781
0.54;0.5436328053474426;0.14;0.13645601272583008;0.12;0.16097132861614227
0.44;0.4175301194190979;0.24;0.26655763387680054;0.3;0.29362261295318604
0.1;0.09526883810758591;0.5;0.4589235186576843;0.2;0.178320974111557
0.18;0.1754302680492401;0.34;0.33619722723960876;0.34;0.35483771562576294
0.38;0.3885723054409027;0.36;0.367014616727829;0.48;0.4889613091945648
0.24;0.24167557060718536;0.68;0.6602616906166077;0.1;0.10642306506633759
0.26;0.2562571167945862;0.54;0.5635290741920471;0.22;0.22147944569587708
0.14;0.13574260473251343;0.52;0.5343722701072693;0.28;0.27338188886642456
0.18;0.1803140640258789;0.1;0.10309799760580063;0.4;0.3405455946922302
0.42;0.41540756821632385;0.28;0.3005170226097107;0.5;0.48934516310691833
0.68;0.6841791272163391;0.14;0.13338381052017212;0.26;0.27388113737106323
0.48;0.48613908886909485;0.44;0.4441930055618286;0.28;0.2861642837524414
0.6;0.6049306392669678;0.38;0.3433685004711151;0.46;0.4707110524177551
0.36;0.3527110815048218;0.24;0.2566373944282532;0.38;0.39287781715393066
0.22;0.2389138787984848;0.16;0.14832991361618042;0.16;0.15771424770355225
0.36;0.3682892918586731;0.48;0.49954789876937866;0.26;0.26807665824890137
0.32;0.3247551918029785;0.12;0.10867616534233093;0.16;0.1583976149559021
0.48;0.4681493639945984;0.16;0.1812564730644226;0.42;0.4257276952266693
0.18;0.173757866024971;0.2;0.18290917575359344;0.28;0.26674264669418335
0.36;0.3191635310649872;0.26;0.2863520681858063;0.46;0.44319242238998413
0.14;0.13713879883289337;0.68;0.6835867762565613;0.34;0.3350558280944824
0.32;0.32272660732269287;0.42;0.4318729043006897;0.4;0.4210945665836334
0.16;0.173554465174675;0.32;0.30504661798477173;0.12;0.12499244511127472
0.1;0.1001400351524353;0.32;0.29349106550216675;0.42;0.43344634771347046
0.24;0.23396581411361694;0.24;0.2268415093421936;0.3;0.31709808111190796
0.16;0.15808767080307007;0.38;0.3795292377471924;0.44;0.4274384379386902
0.34;0.34852007031440735;0.4;0.4367085099220276;0.12;0.128159761428833
0.58;0.5886197090148926;0.12;0.1080322340130806;0.5;0.4963851869106293
0.3;0.299439936876297;0.14;0.13813817501068115;0.34;0.3627232611179352
0.32;0.333429217338562;0.5;0.5086726546287537;0.5;0.5008469820022583
0.42;0.4261954426765442;0.32;0.33711937069892883;0.28;0.2936248183250427
0.44;0.45138394832611084;0.34;0.34738048911094666;0.3;0.31821438670158386
0.32;0.3286789655685425;0.54;0.5681858658790588;0.18;0.18536511063575745
0.76;0.7709565758705139;0.2;0.1624974012374878;0.18;0.18816407024860382
0.24;0.24196909368038177;0.58;0.5912644863128662;0.36;0.3647790849208832
0.22;0.22877518832683563;0.12;0.10670037567615509;0.2;0.19840797781944275
0.34;0.3502795994281769;0.26;0.25227853655815125;0.16;0.1951887011528015
0.26;0.24846360087394714;0.2;0.19418741762638092;0.22;0.21567435562610626
0.38;0.3799382746219635;0.2;0.20387104153633118;0.2;0.2205463945865631
0.46;0.4732882082462311;0.3;0.30886155366897583;0.28;0.2956157326698303
0.54;0.5293368697166443;0.18;0.17291957139968872;0.14;0.14099553227424622
0.1;0.09942097216844559;0.34;0.3191092610359192;0.28;0.2883998453617096
0.26;0.2602401375770569;0.12;0.12092437595129013;0.14;0.13770870864391327
0.2;0.20721104741096497;0.76;0.7602692246437073;0.38;0.37745633721351624
0.24;0.23339857161045074;0.38;0.39753443002700806;0.4;0.4096306264400482
0.42;0.39964529871940613;0.12;0.12813085317611694;0.22;0.18923240900039673
0.4;0.4044504761695862;0.24;0.24013090133666992;0.16;0.17595542967319489
0.24;0.2314583659172058;0.12;0.128616064786911;0.38;0.3630788326263428
0.16;0.15932287275791168;0.54;0.563186764717102;0.2;0.19726009666919708
0.2;0.19149093329906464;0.74;0.734600305557251;0.2;0.19284574687480927
0.76;0.761952817440033;0.16;0.15004827082157135;0.44;0.4317355155944824
0.16;0.19985927641391754;0.16;0.13607817888259888;0.1;0.0869675874710083
0.28;0.2748900055885315;0.58;0.5811047554016113;0.48;0.4680330753326416
0.54;0.5467641353607178;0.42;0.38728266954421997;0.16;0.15921999514102936
0.42;0.3914146423339844;0.2;0.2285095751285553;0.46;0.43028125166893005
0.2;0.20661529898643494;0.16;0.14828555285930634;0.44;0.43778061866760254
0.32;0.3174580931663513;0.2;0.18864423036575317;0.28;0.318553626537323
0.88;0.743887186050415;0.1;0.1508626937866211;0.1;0.12952843308448792
0.24;0.2379077523946762;0.6;0.6143975257873535;0.28;0.2817668318748474
0.24;0.21637023985385895;0.12;0.14758500456809998;0.5;0.5084735155105591
0.6;0.6073623299598694;0.3;0.2883663475513458;0.5;0.5086466073989868
0.6;0.5928968191146851;0.18;0.17206881940364838;0.3;0.30600669980049133
0.54;0.5365648865699768;0.12;0.11958674341440201;0.32;0.3515249490737915
0.48;0.4873300790786743;0.34;0.3370615243911743;0.3;0.31194785237312317
0.16;0.14838838577270508;0.1;0.10543809831142426;0.34;0.31466245651245117
0.32;0.3280903100967407;0.24;0.22081637382507324;0.14;0.16546942293643951
0.52;0.5363433361053467;0.34;0.3245268762111664;0.1;0.10949353873729706
0.12;0.10597194731235504;0.28;0.2872526943683624;0.18;0.1597001850605011
0.14;0.12588045001029968;0.3;0.29782482981681824;0.18;0.18909338116645813
0.3;0.30001598596572876;0.64;0.6740297079086304;0.16;0.1720762550830841
0.26;0.2569972276687622;0.28;0.2704080045223236;0.18;0.20180650055408478
0.38;0.39575278759002686;0.58;0.5680398344993591;0.2;0.21566200256347656
0.16;0.15795116126537323;0.38;0.3868664503097534;0.3;0.30039769411087036
0.26;0.25839391350746155;0.56;0.5872487425804138;0.12;0.12080216407775879
0.3;0.2925075888633728;0.3;0.2976434826850891;0.32;0.329951673746109
0.16;0.16375569999217987;0.3;0.2881848216056824;0.3;0.31417620182037354
0.14;0.1400517374277115;0.58;0.5911890268325806;0.2;0.19382405281066895
0.62;0.5966931581497192;0.12;0.12513943016529083;0.46;0.43764933943748474
0.3;0.3009190559387207;0.5;0.5117852091789246;0.32;0.329272598028183
0.14;0.14779208600521088;0.18;0.1656770408153534;0.2;0.17562639713287354
0.5;0.5090899467468262;0.42;0.4200039207935333;0.28;0.281741738319397
0.78;0.7866636514663696;0.14;0.1278936117887497;0.1;0.10812658071517944
0.3;0.29101434350013733;0.38;0.40383753180503845;0.4;0.41550129652023315
0.1;0.10121291130781174;0.56;0.5696437954902649;0.32;0.3153182864189148
0.22;0.21836045384407043;0.38;0.3950035572052002;0.12;0.12426944077014923
0.26;0.2505396008491516;0.34;0.41720572113990784;0.1;0.10556785017251968
0.24;0.23837177455425262;0.22;0.21209515631198883;0.44;0.45253172516822815
0.24;0.23899778723716736;0.6;0.6127840280532837;0.32;0.3284814953804016
0.34;0.34217604994773865;0.38;0.3997015058994293;0.22;0.23038843274116516
0.54;0.5439251661300659;0.44;0.4002375900745392;0.26;0.2639123797416687
0.18;0.18009313941001892;0.62;0.6166269779205322;0.5;0.48355525732040405
0.32;0.34874486923217773;0.3;0.26355305314064026;0.1;0.13973644375801086
0.16;0.16414514183998108;0.22;0.21387961506843567;0.16;0.1412125527858734
0.6;0.6066007018089294;0.24;0.21349352598190308;0.5;0.525879442691803
0.46;0.45785588026046753;0.16;0.16638359427452087;0.32;0.3401598334312439
0.28;0.26672548055648804;0.34;0.36345237493515015;0.4;0.42214545607566833
0.64;0.6286853551864624;0.12;0.11865085363388062;0.18;0.18724462389945984
0.12;0.11641994118690491;0.8;0.8143467307090759;0.3;0.2965722978115082
0.62;0.6240785717964172;0.34;0.32529211044311523;0.48;0.4867844581604004
0.68;0.6552857756614685;0.16;0.21643628180027008;0.1;0.09465543180704117
0.32;0.33149027824401855;0.46;0.47956737875938416;0.14;0.1473674774169922
0.5;0.4989469349384308;0.16;0.168584942817688;0.2;0.21989408135414124
0.56;0.5541656613349915;0.2;0.2020251452922821;0.16;0.13041402399539948
0.1;0.09203028678894043;0.26;0.2528868317604065;0.42;0.4261670708656311
0.58;0.5734466314315796;0.18;0.17480313777923584;0.2;0.18467985093593597
0.38;0.3911511301994324;0.5;0.5124826431274414;0.18;0.1902754008769989
0.36;0.36049124598503113;0.56;0.5969050526618958;0.18;0.18826669454574585
0.32;0.3185407519340515;0.38;0.4075494110584259;0.16;0.16965928673744202
0.16;0.16022014617919922;0.26;0.24389111995697021;0.38;0.40298599004745483
0.1;0.09553273767232895;0.5;0.5036779046058655;0.24;0.2282978594303131
0.46;0.4938521087169647;0.22;0.2120758444070816;0.1;0.11432403326034546
0.2;0.19772741198539734;0.22;0.21344423294067383;0.42;0.42111021280288696
0.56;0.5649811029434204;0.24;0.23863527178764343;0.4;0.40635696053504944
0.28;0.2725536525249481;0.48;0.5063050985336304;0.18;0.18692173063755035
0.4;0.4158596098423004;0.44;0.44266045093536377;0.1;0.11057098954916
0.12;0.11612770706415176;0.82;0.7736724019050598;0.12;0.11161082983016968
0.82;0.8166447877883911;0.12;0.10286695510149002;0.1;0.13345536589622498
0.22;0.23926818370819092;0.2;0.17787568271160126;0.1;0.1086672767996788
0.12;0.13748809695243835;0.68;0.6922568082809448;0.1;0.1024562269449234
0.16;0.16037514805793762;0.46;0.4684086740016937;0.48;0.46896225214004517
0.3;0.27981653809547424;0.34;0.36929357051849365;0.3;0.3147047162055969
0.16;0.1703527420759201;0.1;0.08179119974374771;0.5;0.4870520532131195
0.76;0.7589133977890015;0.22;0.17804867029190063;0.36;0.36144888401031494
0.7;0.7263139486312866;0.14;0.12763375043869019;0.44;0.46245065331459045
0.42;0.38657546043395996;0.1;0.13089825212955475;0.18;0.14285466074943542
0.5;0.5110256671905518;0.34;0.31234413385391235;0.18;0.1855543553829193
0.12;0.11507260054349899;0.48;0.4439270794391632;0.18;0.16519811749458313
0.14;0.1386013776063919;0.76;0.7814072370529175;0.38;0.3802723288536072
0.18;0.17139507830142975;0.2;0.1947697103023529;0.22;0.19911743700504303
0.36;0.34645068645477295;0.3;0.3421538770198822;0.44;0.46218258142471313
0.1;0.09907686710357666;0.62;0.6209604144096375;0.4;0.3960811495780945
0.36;0.3662165701389313;0.42;0.4417814016342163;0.28;0.2948245108127594
0.2;0.19258032739162445;0.22;0.2101522982120514;0.2;0.1950213462114334
0.18;0.1782340705394745;0.58;0.5853421092033386;0.48;0.4678817391395569
0.7;0.7089899778366089;0.2;0.19223560392856598;0.26;0.2581138610839844
0.24;0.21694569289684296;0.14;0.15709169209003448;0.34;0.32542622089385986
0.82;0.8227875232696533;0.16;0.10319940745830536;0.12;0.15330833196640015
0.34;0.34760263562202454;0.54;0.5816167593002319;0.3;0.32038846611976624
0.64;0.6478179693222046;0.22;0.2121787667274475;0.14;0.14694535732269287
0.18;0.18153274059295654;0.74;0.7515950798988342;0.3;0.2924356758594513
0.56;0.5611544847488403;0.22;0.22487109899520874;0.44;0.44514337182044983
0.32;0.3253267705440521;0.62;0.641359806060791;0.14;0.14876322448253632
0.32;0.31134310364723206;0.36;0.3910563886165619;0.32;0.357532799243927
0.58;0.5857985615730286;0.24;0.22316506505012512;0.3;0.307050883769989
0.44;0.44951727986335754;0.54;0.5182918906211853;0.24;0.24584093689918518
0.3;0.2968593239784241;0.54;0.5429667234420776;0.4;0.4082654118537903
0.52;0.5314316153526306;0.28;0.27483347058296204;0.3;0.3097514808177948
0.68;0.6824181079864502;0.2;0.20329812169075012;0.24;0.2386053502559662
0.28;0.27900272607803345;0.44;0.4433485269546509;0.38;0.3864871859550476
0.14;0.16525651514530182;0.3;0.2612602710723877;0.1;0.08180657029151917
0.22;0.22242550551891327;0.58;0.5889232158660889;0.32;0.3185235261917114
0.26;0.25591883063316345;0.4;0.40371018648147583;0.32;0.31931424140930176
0.5;0.5095401406288147;0.28;0.29029807448387146;0.28;0.28410911560058594
0.14;0.13069230318069458;0.16;0.14740833640098572;0.38;0.3720144033432007
0.2;0.1985565423965454;0.6;0.610021710395813;0.16;0.1603236347436905
0.12;0.11005521565675735;0.26;0.2652941048145294;0.48;0.4684031903743744
0.56;0.557104229927063;0.38;0.3693041205406189;0.42;0.4223642945289612
0.42;0.3974585235118866;0.12;0.13145725429058075;0.2;0.1694004088640213
0.14;0.14024649560451508;0.16;0.15377487242221832;0.5;0.48551926016807556
0.3;0.30595242977142334;0.68;0.6875091195106506;0.42;0.4275655746459961
0.1;0.09256567806005478;0.86;0.8203127980232239;0.2;0.1889413744211197
0.12;0.10491226613521576;0.1;0.1163468211889267;0.22;0.14502067863941193
0.52;0.5207648277282715;0.26;0.27050507068634033;0.5;0.5221677422523499
0.6;0.5869582891464233;0.14;0.1323845386505127;0.12;0.1460413634777069
0.8;0.7998661398887634;0.1;0.1295444816350937;0.26;0.221006840467453
0.18;0.17419159412384033;0.1;0.10369139164686203;0.12;0.1292399913072586
0.12;0.11583176255226135;0.16;0.1473018229007721;0.3;0.2909104824066162
0.24;0.245375394821167;0.34;0.33813971281051636;0.22;0.25230106711387634
0.22;0.21611812710762024;0.74;0.7259036302566528;0.22;0.21414494514465332
0.38;0.3828863203525543;0.38;0.3971154987812042;0.28;0.285325825214386
0.24;0.23847422003746033;0.1;0.10137388110160828;0.26;0.2223217934370041
0.46;0.4723551571369171;0.36;0.35690465569496155;0.3;0.3168942332267761
0.1;0.08751963824033737;0.1;0.12114826589822769;0.16;0.11799337714910507
0.44;0.3982712924480438;0.1;0.1339624673128128;0.2;0.14018113911151886
0.62;0.6228538751602173;0.22;0.21074306964874268;0.42;0.4313468039035797
0.44;0.4392187297344208;0.34;0.3553462624549866;0.46;0.4752291142940521
0.16;0.16173994541168213;0.52;0.5269986987113953;0.5;0.4803808629512787
0.22;0.22492776811122894;0.28;0.26454365253448486;0.22;0.23808248341083527
0.1;0.10343249142169952;0.62;0.6129477620124817;0.36;0.35087236762046814
0.24;0.22533027827739716;0.68;0.6880819201469421;0.14;0.1385248899459839
0.2;0.19370195269584656;0.28;0.27585723996162415;0.42;0.4145674705505371
0.7;0.7117331624031067;0.22;0.19952933490276337;0.48;0.4843765199184418
0.22;0.2187621295452118;0.54;0.5580328702926636;0.18;0.17699961364269257
0.44;0.4330481290817261;0.16;0.17089924216270447;0.36;0.37483149766921997
0.64;0.649798572063446;0.28;0.27198031544685364;0.14;0.14719107747077942
0.1;0.09491246938705444;0.1;0.12442511320114136;0.28;0.20802584290504456
0.34;0.32816338539123535;0.12;0.11893139779567719;0.28;0.30421823263168335
0.42;0.4193032383918762;0.28;0.3160707652568817;0.16;0.16120760142803192
0.28;0.27654221653938293;0.58;0.6275376677513123;0.14;0.15083518624305725
0.44;0.4515532851219177;0.42;0.424090176820755;0.34;0.3585203289985657
0.2;0.2236669510602951;0.16;0.1333111673593521;0.14;0.13926735520362854
0.3;0.2806326746940613;0.3;0.323545902967453;0.44;0.4368549883365631
0.44;0.4511817991733551;0.48;0.48367881774902344;0.42;0.43139785528182983
0.1;0.10083194822072983;0.58;0.5795196890830994;0.32;0.31622636318206787
0.48;0.49115192890167236;0.46;0.4436393976211548;0.42;0.4325849413871765
0.34;0.34534919261932373;0.48;0.4970284700393677;0.4;0.41708993911743164
0.22;0.21073271334171295;0.72;0.7027748823165894;0.16;0.15453095734119415
0.48;0.4727053940296173;0.16;0.16620635986328125;0.24;0.2661190330982208
0.24;0.22705313563346863;0.64;0.671200692653656;0.14;0.14025339484214783
0.28;0.27894464135169983;0.52;0.5416188836097717;0.26;0.26717033982276917
0.34;0.3481302857398987;0.4;0.4178561866283417;0.26;0.2757103741168976
0.56;0.5641699433326721;0.4;0.38249120116233826;0.3;0.3040701448917389
0.16;0.1510654240846634;0.18;0.17925307154655457;0.36;0.34097424149513245
0.52;0.5206650495529175;0.12;0.11385847628116608;0.22;0.2389484941959381
0.4;0.40552830696105957;0.54;0.5473149418830872;0.22;0.23311713337898254
0.1;0.12128585577011108;0.18;0.16036315262317657;0.18;0.17960557341575623
0.76;0.7577235698699951;0.14;0.14873158931732178;0.14;0.13007082045078278
0.18;0.1735108345746994;0.26;0.26580819487571716;0.24;0.2505817413330078
0.38;0.38448166847229004;0.48;0.49194520711898804;0.32;0.34074777364730835
0.1;0.1015670970082283;0.44;0.4239174425601959;0.38;0.3575732111930847
0.38;0.3942836821079254;0.28;0.2760334610939026;0.12;0.13178077340126038
0.12;0.12172552943229675;0.44;0.43871670961380005;0.3;0.2884809374809265
0.1;0.11400185525417328;0.18;0.18903756141662598;0.5;0.4975036680698395
0.48;0.5075274109840393;0.18;0.15441572666168213;0.1;0.14078664779663086
0.54;0.535946249961853;0.18;0.18937772512435913;0.32;0.33136045932769775
0.24;0.23417842388153076;0.24;0.22898589074611664;0.16;0.16459670662879944
0.74;0.7402513027191162;0.24;0.19468285143375397;0.38;0.3826349377632141
0.64;0.6370317935943604;0.14;0.14442847669124603;0.1;0.12583546340465546
0.1;0.13616907596588135;0.74;0.7224891185760498;0.1;0.11152957379817963
0.34;0.33280840516090393;0.12;0.11484239995479584;0.24;0.2499462366104126
0.14;0.13361798226833344;0.52;0.541829526424408;0.26;0.2572757601737976
0.3;0.29583972692489624;0.14;0.13911889493465424;0.3;0.3264041543006897
0.76;0.7586225271224976;0.14;0.15205009281635284;0.18;0.1659756600856781
0.36;0.36405855417251587;0.22;0.20982062816619873;0.16;0.17631617188453674
0.16;0.1544889658689499;0.38;0.38323113322257996;0.32;0.31777361035346985
0.14;0.13374479115009308;0.42;0.3757864534854889;0.2;0.18595796823501587
0.48;0.490126371383667;0.36;0.35195282101631165;0.28;0.2896929383277893
0.46;0.478960245847702;0.34;0.3225782811641693;0.22;0.23151397705078125
0.16;0.1546742469072342;0.26;0.2570366859436035;0.26;0.2592319846153259
0.56;0.5839320421218872;0.42;0.35012444853782654;0.1;0.10123006254434586
0.72;0.7378775477409363;0.24;0.17360670864582062;0.1;0.11085869371891022
0.48;0.4964144825935364;0.24;0.20642989873886108;0.12;0.13001468777656555
0.2;0.2017459273338318;0.2;0.19503618776798248;0.44;0.44994622468948364
0.22;0.22697670757770538;0.14;0.12214938551187515;0.48;0.49421414732933044
0.28;0.2711939811706543;0.64;0.6883116960525513;0.18;0.18643991649150848
0.1;0.0992082729935646;0.34;0.319309264421463;0.26;0.2675478756427765
0.36;0.36532583832740784;0.52;0.5501715540885925;0.32;0.3416646122932434
0.44;0.45642420649528503;0.44;0.43781113624572754;0.24;0.24821837246418
0.32;0.3227081894874573;0.66;0.6655570268630981;0.46;0.47396358847618103
0.16;0.16200955212116241;0.24;0.22040337324142456;0.4;0.42443734407424927
0.5;0.4654662311077118;0.1;0.1264253407716751;0.2;0.15747657418251038
0.54;0.5383197665214539;0.42;0.39973074197769165;0.38;0.3809623718261719
0.46;0.47044241428375244;0.46;0.46306970715522766;0.32;0.33641570806503296
0.36;0.3654084801673889;0.44;0.44779661297798157;0.18;0.18243661522865295
0.38;0.3487001955509186;0.1;0.11855502426624298;0.1;0.09695525467395782
0.26;0.2639327347278595;0.62;0.6299155354499817;0.46;0.4556399881839752
0.4;0.39077338576316833;0.24;0.2515198588371277;0.26;0.26460152864456177
0.26;0.24677030742168427;0.2;0.1921708732843399;0.24;0.23650029301643372
0.26;0.2498970329761505;0.22;0.20788022875785828;0.28;0.29427528381347656
0.7;0.7208840250968933;0.1;0.07584966719150543;0.34;0.3648664355278015
0.8;0.8112725019454956;0.18;0.12125050276517868;0.18;0.18994112312793732
0.36;0.35871216654777527;0.32;0.35113051533699036;0.26;0.27387213706970215
0.2;0.20466704666614532;0.18;0.15977050364017487;0.34;0.3446453809738159
0.58;0.58016437292099;0.2;0.20213599503040314;0.28;0.27582162618637085
0.4;0.4007411599159241;0.46;0.4655960202217102;0.22;0.23129871487617493
0.68;0.6817705035209656;0.14;0.13607363402843475;0.42;0.4365363121032715
0.34;0.3471294045448303;0.46;0.46887674927711487;0.16;0.16369473934173584
0.32;0.31785979866981506;0.36;0.38426685333251953;0.46;0.4785327911376953
0.38;0.3809030055999756;0.54;0.5691527128219604;0.42;0.43419593572616577
0.3;0.297092080116272;0.38;0.45959702134132385;0.12;0.1331924945116043
0.38;0.37269511818885803;0.14;0.13276039063930511;0.24;0.23832997679710388
0.16;0.15916769206523895;0.62;0.6277657747268677;0.42;0.41353026032447815
0.12;0.1143253967165947;0.3;0.2904551029205322;0.38;0.38140246272087097
0.5;0.5076950788497925;0.44;0.431781142950058;0.48;0.48630380630493164
0.7;0.7076539397239685;0.18;0.1705447882413864;0.38;0.3878282606601715
0.26;0.2538650333881378;0.16;0.16003771126270294;0.2;0.1911524385213852
0.28;0.2736648619174957;0.16;0.16332952678203583;0.28;0.2906469702720642
0.18;0.18089702725410461;0.68;0.6754590272903442;0.34;0.3304729461669922
0.28;0.27946406602859497;0.54;0.5502394437789917;0.34;0.348388135433197
0.44;0.44729143381118774;0.48;0.4905904233455658;0.14;0.1428355872631073
0.28;0.2749479115009308;0.48;0.4962581396102905;0.46;0.4621437191963196
0.42;0.4174326956272125;0.3;0.3457648456096649;0.1;0.09934976696968079
0.26;0.25753480195999146;0.46;0.4786120057106018;0.14;0.14107272028923035
0.56;0.5492948889732361;0.14;0.14245232939720154;0.3;0.31176137924194336
0.42;0.42983928322792053;0.4;0.3880534768104553;0.16;0.1732904613018036
0.58;0.5951765775680542;0.22;0.21671654284000397;0.16;0.17442746460437775
0.26;0.26598060131073;0.64;0.6676074266433716;0.44;0.4396224915981293
0.44;0.44764524698257446;0.48;0.48507043719291687;0.48;0.4861465096473694
0.14;0.14074939489364624;0.72;0.7226118445396423;0.48;0.4637967050075531
0.3;0.32760751247406006;0.16;0.11809735745191574;0.12;0.13354218006134033
0.34;0.33798685669898987;0.32;0.389727920293808;0.12;0.1375925987958908
0.1;0.10397902876138687;0.52;0.5048853754997253;0.3;0.28729894757270813
0.1;0.10376133769750595;0.72;0.7141399383544922;0.18;0.17472751438617706
0.56;0.5634954571723938;0.36;0.3529732823371887;0.48;0.4757048487663269
0.1;0.10522083938121796;0.16;0.1780402958393097;0.5;0.49860554933547974
0.46;0.46310821175575256;0.36;0.36363348364830017;0.44;0.4513360857963562
0.46;0.41531291604042053;0.1;0.13001549243927002;0.16;0.11773747205734253
0.12;0.10271959006786346;0.28;0.2967613637447357;0.2;0.1862429678440094
0.46;0.4638749063014984;0.2;0.20346295833587646;0.22;0.2298126518726349
0.32;0.33296605944633484;0.14;0.11497987061738968;0.16;0.17041818797588348
0.12;0.11264266818761826;0.22;0.21176639199256897;0.36;0.3543565571308136
0.38;0.3909536898136139;0.56;0.5598268508911133;0.16;0.16706207394599915
0.34;0.3487533926963806;0.62;0.6485095024108887;0.44;0.45550188422203064
0.16;0.14961671829223633;0.1;0.1137893944978714;0.28;0.24694231152534485
0.12;0.11984222382307053;0.76;0.7753825187683105;0.32;0.31756195425987244
0.26;0.24436718225479126;0.3;0.32151973247528076;0.48;0.48219218850135803
0.52;0.521138608455658;0.12;0.11197152733802795;0.28;0.30012497305870056
0.74;0.7417814135551453;0.24;0.1919196993112564;0.34;0.34603795409202576
0.34;0.34548455476760864;0.46;0.46618539094924927;0.18;0.1826813519001007
0.52;0.5264943242073059;0.42;0.4009827673435211;0.22;0.22224363684654236
0.26;0.2597397565841675;0.42;0.44638150930404663;0.18;0.17830133438110352
0.58;0.5816011428833008;0.2;0.21018749475479126;0.4;0.388877272605896
0.56;0.5708916783332825;0.22;0.2224700003862381;0.18;0.18827278912067413
0.28;0.2822919189929962;0.22;0.20728501677513123;0.38;0.4020477831363678
0.1;0.10329151153564453;0.56;0.5610533356666565;0.42;0.41879501938819885
0.18;0.17801469564437866;0.42;0.429280161857605;0.1;0.08803090453147888
0.14;0.14295731484889984;0.36;0.32831060886383057;0.48;0.48983511328697205
0.42;0.4331936538219452;0.42;0.40650638937950134;0.12;0.1318453848361969
0.1;0.10170378535985947;0.82;0.8240846395492554;0.5;0.476235568523407
0.32;0.32170018553733826;0.42;0.4328649640083313;0.38;0.4008846879005432
0.72;0.731085479259491;0.2;0.18169322609901428;0.2;0.20315095782279968
0.3;0.3034188747406006;0.48;0.494985431432724;0.38;0.38778918981552124
0.22;0.21992072463035583;0.44;0.440668523311615;0.38;0.37925007939338684
0.26;0.2507111728191376;0.36;0.37469610571861267;0.34;0.3516537845134735
0.1;0.10609545558691025;0.56;0.5835636854171753;0.12;0.12036556005477905
0.54;0.5473343133926392;0.16;0.15961730480194092;0.12;0.14797136187553406
0.3;0.29416945576667786;0.38;0.4121183753013611;0.26;0.27937227487564087
0.24;0.22725354135036469;0.7;0.694013774394989;0.16;0.15812399983406067
0.14;0.13925157487392426;0.84;0.8058188557624817;0.5;0.4731498658657074
0.38;0.3896417021751404;0.54;0.5808117389678955;0.3;0.31678158044815063
0.14;0.1367821842432022;0.42;0.4013974070549011;0.26;0.24995417892932892
0.66;0.6635655164718628;0.24;0.22109152376651764;0.34;0.34677571058273315
0.38;0.3709525167942047;0.24;0.262239009141922;0.32;0.33846011757850647
0.24;0.23841044306755066;0.2;0.1968095749616623;0.5;0.5095852613449097
0.76;0.7643731236457825;0.2;0.169508159160614;0.3;0.30761095881462097
0.52;0.5290360450744629;0.34;0.32074248790740967;0.4;0.4107230305671692
0.28;0.28087517619132996;0.64;0.6895370483398438;0.34;0.34782302379608154
0.82;0.822292149066925;0.1;0.10631853342056274;0.2;0.18990185856819153
0.34;0.3403348922729492;0.36;0.3741270899772644;0.32;0.342177152633667
0.18;0.17907287180423737;0.54;0.5413342118263245;0.34;0.33552342653274536
0.22;0.21559548377990723;0.32;0.30390018224716187;0.5;0.5079227089881897
0.54;0.5400239825248718;0.22;0.2438315898180008;0.4;0.40168413519859314
0.86;0.7898707389831543;0.1;0.11726067215204239;0.1;0.13670140504837036
0.44;0.4466879367828369;0.18;0.170515239238739;0.2;0.2193581610918045
0.56;0.5669785141944885;0.34;0.33417725563049316;0.26;0.266192764043808
0.66;0.6722368597984314;0.16;0.13846056163311005;0.2;0.2212580144405365
0.24;0.248042032122612;0.5;0.5155636072158813;0.38;0.383788138628006
0.38;0.37866339087486267;0.52;0.5290507078170776;0.5;0.5040203332901001
0.54;0.5346049666404724;0.12;0.119040347635746;0.16;0.19111108779907227
0.32;0.314269483089447;0.34;0.3724278509616852;0.4;0.42614394426345825
0.12;0.11831383407115936;0.82;0.8199060559272766;0.38;0.375606507062912
0.26;0.2568046450614929;0.46;0.47993525862693787;0.2;0.1975700557231903
0.6;0.6103102564811707;0.24;0.22473742067813873;0.38;0.3942386507987976
0.34;0.33864134550094604;0.12;0.11337579786777496;0.36;0.408130407333374
0.28;0.27447381615638733;0.4;0.44684892892837524;0.2;0.21198949217796326
0.44;0.4448413848876953;0.32;0.33936238288879395;0.1;0.10667590796947479
0.56;0.5698550939559937;0.3;0.2788022756576538;0.16;0.1703096330165863
0.24;0.23036329448223114;0.22;0.2176392376422882;0.16;0.15897755324840546
0.66;0.6579890251159668;0.32;0.2899743318557739;0.3;0.3064543604850769
0.68;0.642137885093689;0.1;0.1147160604596138;0.36;0.3311164677143097
0.44;0.44926729798316956;0.32;0.32303115725517273;0.18;0.18841847777366638
0.28;0.2753247618675232;0.62;0.6691703796386719;0.14;0.1485903561115265
0.1;0.08505628257989883;0.26;0.26219168305397034;0.46;0.4628399908542633
0.38;0.3871600031852722;0.42;0.4186076819896698;0.16;0.16464723646640778
0.32;0.3226890563964844;0.42;0.42990756034851074;0.16;0.16868948936462402
0.14;0.17092126607894897;0.2;0.17706729471683502;0.14;0.11328010261058807
0.7;0.7212601900100708;0.1;0.0760284960269928;0.28;0.2937539219856262
0.2;0.20416347682476044;0.76;0.7584834098815918;0.34;0.33804020285606384
0.14;0.15879370272159576;0.7;0.712240993976593;0.1;0.10942914336919785
0.42;0.433472216129303;0.34;0.34930557012557983;0.3;0.3197275698184967
0.22;0.21999062597751617;0.56;0.5733909606933594;0.42;0.41716012358665466
0.18;0.18296046555042267;0.8;0.7619644403457642;0.32;0.31011852622032166
0.7;0.7011915445327759;0.12;0.11674606800079346;0.38;0.39731767773628235
0.54;0.5513615608215332;0.34;0.323758989572525;0.34;0.33775827288627625
0.12;0.12452663481235504;0.38;0.352739542722702;0.22;0.2277609407901764
0.5;0.5069261789321899;0.3;0.29844215512275696;0.18;0.18588276207447052
0.2;0.20141097903251648;0.58;0.587703287601471;0.42;0.4149433672428131
0.22;0.22137323021888733;0.28;0.26415565609931946;0.18;0.1931392252445221
0.12;0.11158568412065506;0.26;0.2652696371078491;0.46;0.45164117217063904
0.34;0.35179102420806885;0.5;0.5106446146965027;0.32;0.3439977765083313
0.36;0.3639223575592041;0.62;0.6006255745887756;0.14;0.14841213822364807
0.12;0.1209556981921196;0.5;0.49479466676712036;0.42;0.41826701164245605
0.62;0.6384894251823425;0.22;0.19639621675014496;0.22;0.23678374290466309
0.68;0.6812320351600647;0.2;0.2096860110759735;0.22;0.2188836634159088
0.3;0.2995814383029938;0.52;0.5270200371742249;0.4;0.4074270725250244
0.14;0.1401607096195221;0.32;0.30632415413856506;0.32;0.3280428349971771
0.38;0.3861289322376251;0.38;0.3996860682964325;0.24;0.24510416388511658
0.4;0.4063655734062195;0.58;0.5513411164283752;0.2;0.20968523621559143
0.34;0.34668347239494324;0.54;0.5600840449333191;0.44;0.4555947780609131
0.16;0.1581922471523285;0.54;0.5426653027534485;0.34;0.34296417236328125
0.16;0.16559264063835144;0.52;0.5418774485588074;0.12;0.12068033218383789
0.12;0.10312207788228989;0.1;0.12050047516822815;0.3;0.2177186757326126
0.28;0.28095611929893494;0.22;0.2081630975008011;0.4;0.42433175444602966
0.36;0.33976173400878906;0.1;0.10700418055057526;0.34;0.3247682750225067
0.64;0.6418798565864563;0.32;0.3035620450973511;0.42;0.4201894700527191
0.16;0.16540539264678955;0.48;0.48347732424736023;0.14;0.138376846909523
0.26;0.25119540095329285;0.16;0.15391656756401062;0.38;0.4011663496494293
0.2;0.20461976528167725;0.1;0.11036758869886398;0.5;0.43690967559814453
0.34;0.35001784563064575;0.44;0.45458680391311646;0.32;0.34138697385787964
0.44;0.4234163761138916;0.22;0.22864215075969696;0.48;0.459602028131485
0.3;0.2991902828216553;0.32;0.3099130690097809;0.28;0.29328566789627075
0.48;0.47483834624290466;0.16;0.1737760454416275;0.48;0.47250157594680786
0.16;0.15096287429332733;0.24;0.23769515752792358;0.16;0.1328999102115631
0.36;0.3582245707511902;0.18;0.16789068281650543;0.26;0.2867969572544098
0.62;0.630884051322937;0.24;0.21661168336868286;0.48;0.49873238801956177
0.34;0.3489217758178711;0.6;0.6407241821289062;0.44;0.4562760293483734
0.24;0.23609447479248047;0.38;0.4115807116031647;0.12;0.12506935000419617
0.7;0.7290306091308594;0.14;0.10308139026165009;0.48;0.5106468796730042
0.4;0.4078483581542969;0.34;0.34784817695617676;0.44;0.4534836709499359
0.8;0.7961115837097168;0.12;0.12905475497245789;0.46;0.43743762373924255
0.28;0.2765977382659912;0.16;0.1592373251914978;0.34;0.3553178310394287
0.28;0.27556103467941284;0.36;0.4942864775657654;0.1;0.11863948404788971
0.12;0.11795517802238464;0.78;0.8015466332435608;0.22;0.21095600724220276
0.42;0.4025769531726837;0.12;0.12429995834827423;0.26;0.23586389422416687
0.22;0.22211597859859467;0.58;0.5893152356147766;0.3;0.29889991879463196
0.38;0.3797951936721802;0.36;0.3824639618396759;0.12;0.12117373943328857
0.46;0.47435513138771057;0.5;0.48012015223503113;0.1;0.10081877559423447
0.66;0.6684103012084961;0.14;0.13050782680511475;0.2;0.22374673187732697
0.58;0.5831915140151978;0.34;0.33301299810409546;0.26;0.2685249447822571
0.46;0.45001497864723206;0.18;0.20154023170471191;0.44;0.4401279389858246
0.26;0.2621608078479767;0.46;0.46420615911483765;0.5;0.48914551734924316
0.8;0.7961002588272095;0.1;0.12079767137765884;0.14;0.12377552688121796
0.4;0.4056817293167114;0.52;0.5466566681861877;0.28;0.2973732352256775
0.44;0.4544101357460022;0.42;0.42086532711982727;0.32;0.33716902136802673
0.16;0.15904304385185242;0.42;0.41882941126823425;0.42;0.4158507287502289
0.44;0.4423980712890625;0.3;0.3338261842727661;0.1;0.10393887758255005
0.2;0.20464134216308594;0.3;0.28950679302215576;0.2;0.20612379908561707
0.46;0.4674699306488037;0.3;0.3068244159221649;0.4;0.4192390441894531
0.28;0.2873961925506592;0.16;0.17107969522476196;0.5;0.5346013903617859
0.16;0.1587672382593155;0.16;0.1489209085702896;0.28;0.2538440227508545
0.22;0.22032828629016876;0.34;0.3321603238582611;0.36;0.36579233407974243
0.1;0.10085218399763107;0.78;0.7848473787307739;0.16;0.1550876647233963
0.4;0.4008861482143402;0.16;0.15072566270828247;0.36;0.3869860768318176
0.46;0.45893821120262146;0.52;0.4873203933238983;0.5;0.4932202398777008
0.12;0.12014549970626831;0.74;0.7513803839683533;0.26;0.2520889639854431
0.26;0.26003989577293396;0.4;0.4201509654521942;0.18;0.1802571713924408
0.18;0.17788401246070862;0.34;0.33586496114730835;0.28;0.2930298149585724
0.26;0.26154640316963196;0.66;0.6936250925064087;0.36;0.35759156942367554
0.36;0.36194485425949097;0.62;0.6052047610282898;0.16;0.1693263053894043
0.4;0.40370112657546997;0.42;0.4226163327693939;0.18;0.18644818663597107
0.16;0.15911217033863068;0.56;0.5649028420448303;0.36;0.3623585104942322
0.48;0.49290499091148376;0.4;0.39263978600502014;0.42;0.4371209144592285
0.12;0.1262177973985672;0.66;0.6669350862503052;0.12;0.1156010851264
0.7;0.7051770687103271;0.12;0.11609730124473572;0.42;0.4375472962856293
0.46;0.4662085473537445;0.28;0.2893370985984802;0.2;0.20679497718811035
0.26;0.2668129503726959;0.68;0.7027010917663574;0.44;0.43270188570022583
0.4;0.3980722427368164;0.3;0.3112030625343323;0.34;0.35325998067855835
0.64;0.6476808190345764;0.26;0.25754374265670776;0.14;0.14665502309799194
0.72;0.7153571844100952;0.2;0.18992556631565094;0.38;0.38702088594436646
0.18;0.18091613054275513;0.3;0.29184600710868835;0.28;0.29181817173957825
0.36;0.34359195828437805;0.24;0.27405017614364624;0.42;0.42373090982437134
0.44;0.42503511905670166;0.22;0.23192720115184784;0.5;0.4974491000175476
0.52;0.5010748505592346;0.2;0.22459538280963898;0.36;0.3590390086174011
0.12;0.1283036172389984;0.34;0.321235328912735;0.12;0.11976258456707001
0.44;0.4534507989883423;0.5;0.5002455115318298;0.1;0.10043956339359283
0.5;0.5127665996551514;0.34;0.3301087021827698;0.3;0.3062942624092102
0.14;0.139313742518425;0.48;0.47490522265434265;0.4;0.40134477615356445
0.2;0.1897948980331421;0.2;0.19700244069099426;0.18;0.15187647938728333
0.38;0.386906236410141;0.46;0.4720022976398468;0.3;0.3197079598903656
0.28;0.2859971821308136;0.26;0.2587498724460602;0.48;0.5018247365951538
0.86;0.8157898187637329;0.1;0.10193086415529251;0.12;0.14547637104988098
0.36;0.369175523519516;0.62;0.6335756182670593;0.3;0.3160734474658966
0.18;0.1856568604707718;0.16;0.1526460349559784;0.2;0.17008182406425476
0.16;0.16215160489082336;0.72;0.7429429292678833;0.2;0.1938023865222931
0.12;0.11820440739393234;0.36;0.33812496066093445;0.32;0.33449608087539673
0.66;0.661898136138916;0.24;0.22598391771316528;0.42;0.428114116191864
0.1;0.10121241211891174;0.76;0.764093816280365;0.32;0.31419116258621216
0.16;0.16227957606315613;0.16;0.15280427038669586;0.38;0.3631892800331116
0.36;0.36991024017333984;0.24;0.22885850071907043;0.14;0.16338446736335754
0.46;0.4562614858150482;0.36;0.36262047290802;0.5;0.49692827463150024
0.3;0.2988079786300659;0.4;0.4281535744667053;0.16;0.1624346524477005
0.56;0.5647934079170227;0.34;0.33253276348114014;0.48;0.47505253553390503
0.8;0.8125191330909729;0.18;0.12264639139175415;0.2;0.21128515899181366
0.16;0.1530916839838028;0.4;0.40341120958328247;0.32;0.3103157877922058
0.28;0.2890026569366455;0.28;0.26296573877334595;0.18;0.20672020316123962
0.54;0.5473206043243408;0.28;0.2633315920829773;0.32;0.3326427936553955
0.54;0.5521696209907532;0.3;0.27622103691101074;0.32;0.3298872113227844
0.48;0.4878457188606262;0.34;0.3353414833545685;0.34;0.35534849762916565
0.24;0.23595689237117767;0.58;0.5973339676856995;0.5;0.49034079909324646
0.2;0.1950749158859253;0.22;0.21646229922771454;0.36;0.37375786900520325
0.24;0.2456798255443573;0.52;0.5394173264503479;0.3;0.302418053150177
0.64;0.6501207947731018;0.32;0.292477548122406;0.5;0.49982792139053345
0.24;0.23796530067920685;0.62;0.6330634355545044;0.32;0.32698214054107666
0.62;0.6203773021697998;0.34;0.3332943916320801;0.38;0.38659533858299255
0.26;0.24642980098724365;0.12;0.12793321907520294;0.5;0.5024998784065247
0.76;0.7551787495613098;0.22;0.18271759152412415;0.4;0.40086013078689575
0.28;0.2776775062084198;0.42;0.4315303564071655;0.48;0.48169469833374023
0.28;0.27657872438430786;0.46;0.47001662850379944;0.46;0.4613558351993561
0.46;0.4689615070819855;0.46;0.46039673686027527;0.16;0.16362544894218445
0.1;0.10439804196357727;0.76;0.759616494178772;0.44;0.4326539933681488
0.12;0.1143416240811348;0.3;0.2948753535747528;0.3;0.2961154282093048
0.22;0.21918173134326935;0.68;0.7163675427436829;0.36;0.3625454008579254
0.3;0.30386462807655334;0.66;0.688908576965332;0.36;0.3737684190273285
0.26;0.26344963908195496;0.52;0.5358368158340454;0.34;0.34383562207221985
0.38;0.38160744309425354;0.48;0.4897920489311218;0.42;0.44114238023757935
0.44;0.45432227849960327;0.34;0.32928305864334106;0.14;0.1515323668718338
0.32;0.3276768624782562;0.46;0.47411665320396423;0.3;0.3178342580795288
0.74;0.7319775223731995;0.14;0.14766144752502441;0.32;0.2908380329608917
0.66;0.6730794310569763;0.2;0.17954184114933014;0.22;0.22512587904930115
0.4;0.4033080041408539;0.48;0.49270153045654297;0.4;0.42442649602890015
0.36;0.36249014735221863;0.5;0.5152425169944763;0.38;0.40683284401893616
0.66;0.657546877861023;0.1;0.10736954212188721;0.46;0.46958455443382263
0.38;0.3829188048839569;0.6;0.5969797968864441;0.42;0.43248453736305237
0.6;0.603148877620697;0.34;0.3287021815776825;0.18;0.1835504025220871
0.6;0.6087510585784912;0.34;0.3308162987232208;0.5;0.5054416060447693
0.38;0.3844757378101349;0.46;0.47110167145729065;0.34;0.3622773587703705
0.3;0.28824546933174133;0.28;0.2916027009487152;0.34;0.34887275099754333
0.36;0.3495694100856781;0.24;0.24662278592586517;0.28;0.2912495732307434
0.14;0.1348695605993271;0.34;0.32946500182151794;0.3;0.30684101581573486
0.28;0.28218111395835876;0.7;0.7099549770355225;0.36;0.36502864956855774
0.36;0.3484116494655609;0.12;0.12242909520864487;0.48;0.5100473165512085
0.72;0.7381271719932556;0.26;0.18216530978679657;0.14;0.14803701639175415
0.68;0.6447767615318298;0.1;0.12016322463750839;0.12;0.11175024509429932
0.16;0.14958979189395905;0.26;0.25970321893692017;0.22;0.21833014488220215
0.14;0.1418241262435913;0.32;0.31248947978019714;0.28;0.2883903384208679
0.5;0.5113517642021179;0.42;0.40431275963783264;0.12;0.11829844862222672
0.32;0.33340904116630554;0.5;0.5103992819786072;0.24;0.25069570541381836
0.4;0.3994649648666382;0.18;0.19305327534675598;0.44;0.44931602478027344
0.36;0.35099491477012634;0.2;0.21617209911346436;0.38;0.38723671436309814
0.38;0.3834572434425354;0.44;0.45016443729400635;0.36;0.3796249032020569
0.86;0.8715986609458923;0.1;0.09385523945093155;0.48;0.4627603590488434
0.52;0.528886616230011;0.24;0.25827547907829285;0.32;0.31400394439697266
0.3;0.2977338135242462;0.22;0.20174244046211243;0.24;0.28218668699264526
0.2;0.20782548189163208;0.12;0.10969698429107666;0.26;0.22707709670066833
0.68;0.6879133582115173;0.24;0.2340773493051529;0.22;0.2257152497768402
0.1;0.10099592804908752;0.54;0.5318892002105713;0.36;0.3588414192199707
0.48;0.4872077405452728;0.34;0.33795949816703796;0.24;0.2466413527727127
0.16;0.1656194031238556;0.32;0.3018522262573242;0.34;0.35728442668914795
0.68;0.6876817941665649;0.24;0.23447443544864655;0.24;0.24616888165473938
0.24;0.24436931312084198;0.7;0.7264552116394043;0.4;0.3967994153499603
0.78;0.7556915283203125;0.1;0.08754794299602509;0.42;0.42482203245162964
0.26;0.26199033856391907;0.42;0.43323832750320435;0.44;0.4391070306301117
0.38;0.3848086893558502;0.44;0.4467090368270874;0.2;0.20679469406604767
0.78;0.7857404947280884;0.18;0.15266112983226776;0.32;0.32737869024276733
0.52;0.5122190117835999;0.1;0.09214805066585541;0.48;0.48299604654312134
0.8;0.7961773872375488;0.12;0.12662909924983978;0.44;0.41627755761146545
0.5;0.5030720233917236;0.24;0.26453158259391785;0.24;0.23386402428150177
0.44;0.46641790866851807;0.22;0.20611679553985596;0.12;0.1363535225391388
0.2;0.1991199254989624;0.22;0.1992405652999878;0.18;0.16866928339004517
0.24;0.23970280587673187;0.36;0.3619654178619385;0.18;0.18928399682044983
0.46;0.4750968813896179;0.48;0.47140586376190186;0.22;0.22419306635856628
0.44;0.4554238021373749;0.54;0.5108531713485718;0.36;0.3722822666168213
0.32;0.3125426769256592;0.12;0.12066265195608139;0.28;0.2889281213283539
0.38;0.3921110928058624;0.46;0.45780888199806213;0.14;0.1440403163433075
0.2;0.20007827877998352;0.58;0.5929335951805115;0.28;0.27392953634262085
0.66;0.6575281023979187;0.22;0.23246046900749207;0.14;0.14048366248607635
0.24;0.23989054560661316;0.74;0.6666608452796936;0.1;0.10393278300762177
0.6;0.6072677373886108;0.24;0.21649888157844543;0.48;0.5041395425796509
0.4;0.39060598611831665;0.16;0.15359291434288025;0.18;0.18530717492103577
0.2;0.19931693375110626;0.74;0.7518254518508911;0.26;0.2559781074523926
0.24;0.2565319240093231;0.18;0.1620452105998993;0.1;0.11411620676517487
0.14;0.1373055875301361;0.14;0.12351543456315994;0.46;0.45037609338760376
0.46;0.4604262411594391;0.26;0.28526735305786133;0.32;0.3279477655887604
0.36;0.3670254349708557;0.48;0.4889638423919678;0.2;0.20279403030872345
0.24;0.23440587520599365;0.32;0.31834107637405396;0.46;0.4670777916908264
0.38;0.3752193748950958;0.32;0.36155736446380615;0.12;0.12608222663402557
0.58;0.5810638070106506;0.38;0.35761117935180664;0.2;0.20354223251342773
0.14;0.1254500150680542;0.28;0.28243136405944824;0.18;0.18112778663635254
0.32;0.3235064446926117;0.6;0.6385712027549744;0.2;0.20767974853515625
0.22;0.21018832921981812;0.76;0.7057451605796814;0.16;0.15401551127433777
0.1;0.10582657903432846;0.4;0.40171849727630615;0.28;0.29773712158203125
0.68;0.6903349161148071;0.12;0.10979431122541428;0.2;0.22322961688041687
0.48;0.46800827980041504;0.16;0.17521698772907257;0.38;0.38566917181015015
0.3;0.29739803075790405;0.56;0.5636793375015259;0.38;0.3943577706813812
0.34;0.34776365756988525;0.18;0.15972070395946503;0.18;0.1974678337574005
0.32;0.3060726225376129;0.1;0.10841014236211777;0.4;0.39696964621543884
0.62;0.649856448173523;0.18;0.15734754502773285;0.34;0.35973912477493286
0.54;0.5462852120399475;0.24;0.24912482500076294;0.16;0.16753026843070984
0.38;0.3947572410106659;0.54;0.5489674210548401;0.18;0.19214652478694916
0.32;0.32120993733406067;0.26;0.25998321175575256;0.18;0.20677991211414337
0.34;0.33980268239974976;0.14;0.1316404789686203;0.36;0.39248305559158325
0.56;0.5694891214370728;0.34;0.33363616466522217;0.3;0.3056616187095642
0.7;0.7016124725341797;0.12;0.12215899676084518;0.34;0.3536556661128998
0.3;0.31122714281082153;0.22;0.1911926418542862;0.16;0.1822139173746109
0.58;0.5791385769844055;0.1;0.09057653695344925;0.38;0.37218791246414185
0.26;0.26337939500808716;0.32;0.3193390667438507;0.18;0.19121433794498444
0.26;0.2669488191604614;0.54;0.5777192711830139;0.1;0.10318662971258163
0.12;0.11970148235559464;0.58;0.5781837105751038;0.48;0.45711550116539
0.18;0.17939051985740662;0.14;0.14576545357704163;0.3;0.24056191742420197
0.64;0.6447933912277222;0.18;0.17264674603939056;0.38;0.3754567503929138
0.54;0.5484489798545837;0.38;0.37254059314727783;0.28;0.28473302721977234
0.36;0.3539758622646332;0.28;0.28406673669815063;0.2;0.2056034803390503
0.36;0.3620374798774719;0.54;0.5741909146308899;0.44;0.4624566435813904
0.18;0.18236775696277618;0.6;0.6050023436546326;0.3;0.28980886936187744
0.36;0.3658522367477417;0.62;0.6311990022659302;0.42;0.4417993426322937
0.12;0.12279446423053741;0.4;0.36794984340667725;0.22;0.22706055641174316
0.1;0.10713063180446625;0.12;0.09533634781837463;0.34;0.34927231073379517
0.12;0.11702307313680649;0.8;0.8124740123748779;0.26;0.25128310918807983
0.22;0.21643522381782532;0.3;0.28812333941459656;0.28;0.2908605933189392
0.34;0.34801238775253296;0.52;0.5294589996337891;0.36;0.3857680857181549
0.1;0.09517449140548706;0.38;0.34768596291542053;0.5;0.5114946961402893
0.32;0.33321335911750793;0.16;0.13455557823181152;0.14;0.16153764724731445
0.64;0.6229508519172668;0.1;0.0999828353524208;0.4;0.4038710594177246
0.32;0.3271554112434387;0.44;0.5089507699012756;0.1;0.11102133989334106
0.26;0.2580375075340271;0.44;0.4610448181629181;0.24;0.2381351888179779
0.64;0.6460217833518982;0.24;0.22990891337394714;0.44;0.44285663962364197
0.3;0.285197377204895;0.26;0.2819715440273285;0.36;0.36596745252609253
0.34;0.3451462388038635;0.64;0.6564075946807861;0.36;0.38134410977363586
0.7;0.704992949962616;0.16;0.1523934304714203;0.32;0.3150627315044403
0.32;0.3093661963939667;0.3;0.29085609316825867;0.24;0.25857800245285034
0.46;0.4581291377544403;0.34;0.3440641760826111;0.5;0.502145528793335
0.22;0.22500604391098022;0.46;0.48892244696617126;0.12;0.12397555261850357
0.32;0.2972729504108429;0.32;0.3551505506038666;0.32;0.34227973222732544
0.2;0.20576244592666626;0.46;0.5044846534729004;0.1;0.10656509548425674
0.16;0.16104494035243988;0.76;0.7782116532325745;0.38;0.37409552931785583
0.1;0.11230116337537766;0.68;0.6720977425575256;0.3;0.29202714562416077
0.38;0.38125258684158325;0.32;0.33200499415397644;0.44;0.4513513445854187
0.32;0.300124853849411;0.14;0.1629740297794342;0.46;0.4770371913909912
0.22;0.2171960473060608;0.66;0.687290608882904;0.2;0.19566163420677185
0.5;0.5116374492645264;0.36;0.34590375423431396;0.28;0.28184500336647034
0.1;0.10672353953123093;0.68;0.6736414432525635;0.22;0.208176851272583
0.24;0.2390676885843277;0.42;0.4464437663555145;0.2;0.20062756538391113
0.34;0.3405210077762604;0.64;0.6399761438369751;0.22;0.22638055682182312
0.36;0.36192816495895386;0.56;0.589356541633606;0.16;0.16771647334098816
0.16;0.15641555190086365;0.34;0.334627628326416;0.22;0.23675426840782166
0.28;0.2728586494922638;0.66;0.7020097374916077;0.22;0.22869539260864258
0.46;0.4593188166618347;0.36;0.3625693917274475;0.48;0.48213857412338257
0.2;0.2133444845676422;0.12;0.11179625242948532;0.2;0.17154701054096222
0.14;0.1496777981519699;0.54;0.569351851940155;0.1;0.10216685384511948
0.24;0.23100559413433075;0.7;0.7025574445724487;0.2;0.19877755641937256
0.52;0.5124812126159668;0.24;0.2971133291721344;0.1;0.10571266710758209
0.12;0.11991621553897858;0.54;0.5505284667015076;0.32;0.3123423457145691
0.14;0.1377079039812088;0.16;0.14608748257160187;0.24;0.21137329936027527
0.14;0.14236213266849518;0.52;0.5160649418830872;0.5;0.47430652379989624
0.72;0.7283841967582703;0.14;0.1358238160610199;0.38;0.3704802989959717
0.58;0.5434567928314209;0.16;0.18246939778327942;0.2;0.20740392804145813
0.16;0.15940774977207184;0.16;0.1573900729417801;0.44;0.43602341413497925
0.38;0.3875541090965271;0.46;0.47177448868751526;0.24;0.2508147060871124
0.52;0.528699517250061;0.42;0.4076194763183594;0.4;0.4070597290992737
0.26;0.26686781644821167;0.18;0.16381897032260895;0.14;0.1283320188522339
0.16;0.1528703272342682;0.42;0.40989217162132263;0.26;0.2521008551120758
0.3;0.3163290321826935;0.14;0.11698059737682343;0.12;0.13396677374839783
0.18;0.1733006089925766;0.36;0.3584970533847809;0.3;0.31503528356552124
0.42;0.42271438241004944;0.3;0.3098851144313812;0.36;0.3791029453277588
0.36;0.37005752325057983;0.42;0.4526229500770569;0.1;0.1077205166220665
0.62;0.622402012348175;0.34;0.323232501745224;0.22;0.2243129462003708
0.2;0.20038504898548126;0.48;0.511874794960022;0.26;0.2697075307369232
0.52;0.5245214104652405;0.28;0.2834070026874542;0.38;0.4023149013519287
0.62;0.6304778456687927;0.26;0.2480856478214264;0.5;0.5106068253517151
0.22;0.21614554524421692;0.26;0.24828839302062988;0.2;0.2109585702419281
0.1;0.10842957347631454;0.66;0.660553514957428;0.12;0.11457280069589615
0.44;0.44496122002601624;0.16;0.14770983159542084;0.12;0.1370128095149994
0.5;0.507901668548584;0.38;0.36491307616233826;0.14;0.14116834104061127
0.12;0.13370409607887268;0.6;0.6231600642204285;0.1;0.09899481385946274
0.14;0.13544109463691711;0.44;0.45290443301200867;0.28;0.27265653014183044
0.1;0.10167890042066574;0.56;0.560891330242157;0.4;0.4004993438720703
0.3;0.30959343910217285;0.28;0.27382591366767883;0.18;0.2082543820142746
0.2;0.20080499351024628;0.44;0.4498675465583801;0.12;0.11898001283407211
0.24;0.22368842363357544;0.34;0.36549055576324463;0.4;0.40037351846694946
0.62;0.6141676902770996;0.16;0.1631179302930832;0.18;0.1921219378709793
0.46;0.47449618577957153;0.44;0.4449698328971863;0.28;0.2930787205696106
0.1;0.09632515907287598;0.8;0.8089454174041748;0.2;0.19263605773448944
0.28;0.27825263142585754;0.42;0.42308366298675537;0.34;0.3492562174797058
0.32;0.325813353061676;0.56;0.6048096418380737;0.12;0.12622328102588654
0.56;0.5706935524940491;0.32;0.30816805362701416;0.36;0.3620113432407379
0.12;0.12762083113193512;0.22;0.20786015689373016;0.26;0.24572345614433289
0.14;0.1377280056476593;0.66;0.6627119779586792;0.48;0.46049362421035767
0.12;0.1138971671462059;0.82;0.7838341593742371;0.14;0.1323409229516983
0.7;0.6973642706871033;0.26;0.24655042588710785;0.48;0.4721088409423828
0.28;0.2795802652835846;0.64;0.6981955766677856;0.28;0.2865757346153259
0.56;0.5666419267654419;0.36;0.3577452301979065;0.28;0.2868579924106598
0.3;0.29109588265419006;0.16;0.16011697053909302;0.36;0.378179132938385
0.22;0.2246491014957428;0.44;0.46955209970474243;0.22;0.22720865905284882
0.28;0.2823242247104645;0.52;0.5303400754928589;0.34;0.34790003299713135
0.26;0.26162001490592957;0.52;0.5406876802444458;0.28;0.2830691933631897
0.1;0.09941063076257706;0.6;0.5939927101135254;0.32;0.31275659799575806
0.3;0.3032374978065491;0.42;0.507610023021698;0.1;0.11274977773427963
0.1;0.10569463670253754;0.22;0.1989196091890335;0.46;0.4586259424686432
0.16;0.15263862907886505;0.2;0.20023170113563538;0.48;0.47461146116256714
0.28;0.27463191747665405;0.54;0.5480048060417175;0.44;0.4385789930820465
0.38;0.34696781635284424;0.24;0.277582585811615;0.46;0.43906116485595703
0.76;0.7548156976699829;0.2;0.1810803860425949;0.42;0.4190889298915863
0.6;0.6153857707977295;0.22;0.2032236009836197;0.22;0.2333603799343109
0.84;0.8507550358772278;0.12;0.12279823422431946;0.5;0.5045658946037292
0.34;0.33610644936561584;0.18;0.17072784900665283;0.3;0.3353497385978699
0.14;0.14982564747333527;0.52;0.5464218854904175;0.1;0.10078088939189911
0.22;0.22266636788845062;0.44;0.4589468836784363;0.18;0.1767069548368454
0.18;0.17853102087974548;0.44;0.43039563298225403;0.22;0.21871881186962128
0.28;0.2726520895957947;0.58;0.6248650550842285;0.16;0.16817668080329895
0.36;0.321370005607605;0.26;0.2727696895599365;0.5;0.47831231355667114
0.5;0.5182420015335083;0.18;0.1757323145866394;0.12;0.14367380738258362
0.24;0.24624399840831757;0.74;0.729346513748169;0.42;0.412959486246109
0.22;0.22147658467292786;0.72;0.7462363243103027;0.38;0.3771902024745941
0.2;0.1984124332666397;0.56;0.6079897284507751;0.1;0.10649174451828003
0.1;0.09810240566730499;0.58;0.5859118700027466;0.18;0.1685820072889328
0.14;0.146636962890625;0.14;0.11797738820314407;0.14;0.16597199440002441
0.2;0.19547685980796814;0.28;0.2753381133079529;0.44;0.43567967414855957
0.12;0.11959165334701538;0.36;0.33946046233177185;0.3;0.3118039071559906
0.46;0.4604679048061371;0.52;0.4875025451183319;0.48;0.47838085889816284
0.82;0.8278493881225586;0.16;0.11117253452539444;0.38;0.3921215832233429
0.16;0.16125495731830597;0.12;0.10757439583539963;0.42;0.40307164192199707
0.38;0.38596585392951965;0.4;0.41030648350715637;0.42;0.4333672523498535
0.72;0.731696367263794;0.16;0.13213175535202026;0.38;0.3747991621494293
0.28;0.2734003961086273;0.56;0.5657337307929993;0.44;0.43722280859947205
0.38;0.3901093900203705;0.5;0.5135216116905212;0.14;0.14196588099002838
0.82;0.8259627223014832;0.14;0.10778041183948517;0.32;0.33159253001213074
0.32;0.31153571605682373;0.36;0.38290104269981384;0.36;0.39033904671669006
0.28;0.27324050664901733;0.4;0.4177981913089752;0.38;0.3931303918361664
0.12;0.11719618737697601;0.8;0.8137925267219543;0.32;0.31802621483802795
0.32;0.32106781005859375;0.62;0.6615636944770813;0.28;0.2904042601585388
0.14;0.13936066627502441;0.66;0.6674402356147766;0.28;0.2753414809703827
0.62;0.5939153432846069;0.14;0.16101571917533875;0.36;0.36030808091163635
0.56;0.5592392086982727;0.24;0.2331065982580185;0.26;0.26645976305007935
0.58;0.5678415894508362;0.14;0.14619256556034088;0.34;0.33876627683639526
0.1;0.11410816758871078;0.26;0.250969797372818;0.2;0.16052794456481934
0.1;0.10749416798353195;0.76;0.7538278102874756;0.48;0.46669888496398926
0.28;0.27470624446868896;0.58;0.5806624293327332;0.5;0.4824678301811218
0.44;0.45869266986846924;0.2;0.18658782541751862;0.14;0.15534715354442596
0.3;0.29851898550987244;0.36;0.3979830741882324;0.2;0.21390946209430695
0.2;0.19485333561897278;0.22;0.21414552628993988;0.46;0.444275438785553
0.5;0.5089337825775146;0.42;0.4065619111061096;0.18;0.18034295737743378
0.56;0.5662343502044678;0.3;0.27870675921440125;0.28;0.28975972533226013
0.22;0.21085362136363983;0.66;0.6805971264839172;0.14;0.13773612678050995
0.12;0.1250162571668625;0.7;0.6939079761505127;0.46;0.4441739022731781
0.16;0.13951820135116577;0.24;0.24208909273147583;0.22;0.20855402946472168
0.14;0.1382894217967987;0.76;0.7811840772628784;0.42;0.41432517766952515
0.78;0.7936976552009583;0.18;0.13467872142791748;0.14;0.15016505122184753
0.14;0.14024634659290314;0.7;0.6918715238571167;0.48;0.46219784021377563
0.46;0.47144457697868347;0.44;0.44357630610466003;0.34;0.35870808362960815
0.38;0.3895820677280426;0.56;0.5677403807640076;0.1;0.10351630300283432
0.68;0.6874752044677734;0.3;0.2719474732875824;0.44;0.42636823654174805
0.14;0.13892602920532227;0.76;0.7733744978904724;0.2;0.1916428506374359
0.56;0.536719560623169;0.18;0.18569830060005188;0.16;0.16640326380729675
0.16;0.15899910032749176;0.44;0.4382503926753998;0.4;0.3990333080291748
0.72;0.7433455586433411;0.14;0.11428721994161606;0.5;0.5199769735336304
0.64;0.6426728367805481;0.18;0.1743650585412979;0.42;0.40866509079933167
0.44;0.44883567094802856;0.5;0.49943336844444275;0.48;0.4868006110191345
0.16;0.16382907330989838;0.22;0.2108568698167801;0.36;0.348899781703949
0.86;0.8426671028137207;0.12;0.09482934325933456;0.2;0.20472636818885803
0.1;0.09927064180374146;0.56;0.5861068367958069;0.14;0.13787181675434113
0.68;0.6919875144958496;0.28;0.2468433827161789;0.28;0.2849615216255188
0.42;0.4169200360774994;0.14;0.13250118494033813;0.42;0.44731587171554565
0.18;0.16868610680103302;0.72;0.7185675501823425;0.12;0.11378518491983414
0.14;0.1318800002336502;0.36;0.33962443470954895;0.3;0.3119121193885803
0.12;0.11487144231796265;0.14;0.13494351506233215;0.22;0.21163907647132874
0.28;0.2799650728702545;0.62;0.6736907958984375;0.3;0.3079753816127777
0.5;0.48923343420028687;0.2;0.19679664075374603;0.2;0.19666688144207
0.7;0.7007821202278137;0.12;0.11975440382957458;0.36;0.37556320428848267
0.74;0.7596790194511414;0.1;0.10349469631910324;0.42;0.40565818548202515
0.72;0.7474159002304077;0.12;0.10575493425130844;0.22;0.24189820885658264
0.2;0.18437793850898743;0.76;0.7149603366851807;0.12;0.1129603162407875
0.26;0.25184521079063416;0.24;0.22974637150764465;0.28;0.3152264654636383
0.68;0.6814477443695068;0.24;0.2425287365913391;0.34;0.3498342037200928
0.28;0.27324938774108887;0.18;0.17422354221343994;0.28;0.2908650040626526
0.16;0.1487303227186203;0.82;0.7534374594688416;0.14;0.12992478907108307
0.6;0.5912777185440063;0.16;0.1508977860212326;0.24;0.2422596514225006
0.26;0.2644985318183899;0.46;0.4682766795158386;0.34;0.3447687029838562
0.14;0.1419239193201065;0.46;0.45447689294815063;0.42;0.4206552505493164
0.16;0.1591452956199646;0.58;0.5919795632362366;0.28;0.2802843153476715
0.62;0.6021954417228699;0.12;0.11890054494142532;0.18;0.18750284612178802
0.24;0.2476917952299118;0.52;0.5380055904388428;0.34;0.34425419569015503
0.68;0.6888428926467896;0.28;0.2602485716342926;0.38;0.37546437978744507
0.54;0.5567643642425537;0.3;0.2789268493652344;0.12;0.13629348576068878
0.54;0.5472491383552551;0.38;0.367583692073822;0.42;0.4222325384616852
0.5;0.5095831155776978;0.34;0.31510061025619507;0.16;0.1650390326976776
0.58;0.5948381423950195;0.26;0.24236422777175903;0.42;0.4332680106163025
0.16;0.15312151610851288;0.42;0.39655810594558716;0.24;0.23598583042621613
0.56;0.5655153393745422;0.36;0.35290512442588806;0.24;0.24672850966453552
0.18;0.1756337434053421;0.26;0.24934954941272736;0.34;0.3518811762332916
0.42;0.41481155157089233;0.1;0.096053846180439;0.44;0.4278407096862793
0.36;0.36386924982070923;0.44;0.45677465200424194;0.38;0.4029823839664459
0.24;0.2376897633075714;0.24;0.2305024266242981;0.14;0.14588211476802826
0.58;0.5948222279548645;0.28;0.2581248879432678;0.16;0.17194996774196625
0.58;0.5795875191688538;0.12;0.11339391767978668;0.26;0.271281898021698
0.64;0.604527473449707;0.1;0.12937383353710175;0.1;0.112632617354393
0.44;0.41075289249420166;0.12;0.1340738832950592;0.16;0.1346813142299652
0.62;0.5848401188850403;0.14;0.16775363683700562;0.22;0.2212906777858734
0.2;0.2030794769525528;0.74;0.7557588219642639;0.32;0.31968626379966736
0.42;0.4149581789970398;0.18;0.1787065863609314;0.26;0.28585976362228394
0.42;0.4301910698413849;0.42;0.4033082127571106;0.16;0.17152149975299835
0.14;0.12548278272151947;0.18;0.18576981127262115;0.38;0.37303462624549866
0.3;0.30364933609962463;0.56;0.6105268597602844;0.12;0.13434483110904694
0.24;0.232370987534523;0.22;0.22194984555244446;0.4;0.4090811610221863
0.58;0.5924627184867859;0.22;0.20658020675182343;0.2;0.2139100581407547
0.26;0.25932377576828003;0.56;0.5782221555709839;0.28;0.2862181067466736
0.28;0.2759164869785309;0.18;0.1800066977739334;0.42;0.4514164924621582
0.46;0.4748287498950958;0.44;0.4451838731765747;0.26;0.2691647410392761
0.32;0.3324931561946869;0.52;0.524247944355011;0.24;0.24795269966125488
0.5;0.500946044921875;0.36;0.34517499804496765;0.5;0.5060364603996277
0.6;0.6170918345451355;0.3;0.28649136424064636;0.12;0.1277323067188263
0.14;0.135118305683136;0.44;0.4359515309333801;0.26;0.2506561279296875
0.84;0.839850127696991;0.12;0.09661903977394104;0.18;0.21034154295921326
0.24;0.24076507985591888;0.32;0.3076150417327881;0.38;0.37718454003334045
0.38;0.37468570470809937;0.12;0.10588759183883667;0.4;0.41211700439453125
0.22;0.22211505472660065;0.64;0.6505860090255737;0.5;0.49318447709083557
0.36;0.36640095710754395;0.56;0.6091302633285522;0.26;0.27264896035194397
0.46;0.471115380525589;0.3;0.30833977460861206;0.32;0.33921152353286743
0.56;0.5690889358520508;0.28;0.2559642493724823;0.3;0.3128088712692261
0.12;0.11976592242717743;0.76;0.7799606919288635;0.18;0.1765860766172409
0.1;0.0971810519695282;0.3;0.28783297538757324;0.3;0.30015164613723755
0.44;0.45471489429473877;0.54;0.5057744383811951;0.1;0.10056384652853012
0.4;0.40478456020355225;0.48;0.492183655500412;0.3;0.31967633962631226
0.1;0.10138268768787384;0.32;0.2974707782268524;0.38;0.3959621787071228
0.32;0.3233751058578491;0.24;0.23981839418411255;0.24;0.2737620770931244
0.2;0.19854579865932465;0.58;0.625399649143219;0.1;0.1062149778008461
0.3;0.2814607620239258;0.16;0.17042633891105652;0.4;0.4205285906791687
0.12;0.12191521376371384;0.68;0.682533860206604;0.26;0.24948862195014954
0.26;0.2596624791622162;0.32;0.31306883692741394;0.24;0.26131314039230347
0.54;0.5525798797607422;0.36;0.3508661091327667;0.34;0.3417661786079407
0.8;0.7971754670143127;0.18;0.14565667510032654;0.46;0.46458831429481506
0.48;0.48292258381843567;0.5;0.46816277503967285;0.3;0.3071335554122925
0.6;0.5868173241615295;0.16;0.16905321180820465;0.14;0.16229647397994995
0.56;0.5625789761543274;0.36;0.3508802354335785;0.18;0.18118074536323547
0.48;0.47958117723464966;0.2;0.20920807123184204;0.18;0.1807805746793747
0.68;0.6833711862564087;0.22;0.22473664581775665;0.28;0.28722476959228516
0.42;0.43062153458595276;0.46;0.4657978415489197;0.12;0.12573793530464172
0.74;0.7671914100646973;0.12;0.11515793949365616;0.22;0.25765347480773926
0.64;0.6544815897941589;0.34;0.2840609848499298;0.12;0.12774117290973663
0.48;0.4623580873012543;0.14;0.16195082664489746;0.46;0.4540916979312897
0.1;0.09501168876886368;0.86;0.803765058517456;0.16;0.15040366351604462
0.2;0.20410104095935822;0.78;0.7583462595939636;0.34;0.33726927638053894
0.58;0.5502268075942993;0.1;0.12398993968963623;0.14;0.15243735909461975
0.58;0.5842493772506714;0.4;0.35766837000846863;0.5;0.5031294822692871
0.38;0.3794374167919159;0.52;0.5408126711845398;0.42;0.4366987645626068
0.3;0.2900618612766266;0.3;0.2982446849346161;0.38;0.3787769675254822
0.22;0.22672075033187866;0.66;0.6861677169799805;0.48;0.47458964586257935
0.48;0.49105215072631836;0.32;0.321950763463974;0.26;0.2694907784461975
0.78;0.7915331721305847;0.16;0.134823277592659;0.14;0.14611253142356873
0.6;0.6018628478050232;0.32;0.31737828254699707;0.2;0.20516419410705566
0.46;0.45818623900413513;0.38;0.3840842843055725;0.5;0.4962644577026367
0.32;0.32287171483039856;0.6;0.6429158449172974;0.42;0.441517174243927
0.24;0.24214357137680054;0.18;0.16269052028656006;0.42;0.43454504013061523
0.16;0.1575179398059845;0.46;0.46042123436927795;0.32;0.3124191164970398
0.2;0.19286444783210754;0.36;0.37098485231399536;0.42;0.4219692349433899
0.6;0.5910369753837585;0.18;0.19177374243736267;0.12;0.11005145311355591
0.5;0.4838104844093323;0.18;0.19671300053596497;0.24;0.2374928742647171
0.2;0.20020616054534912;0.76;0.7551106810569763;0.28;0.27693453431129456
0.52;0.512630045413971;0.12;0.12295769900083542;0.38;0.4101644456386566
0.72;0.722485363483429;0.18;0.17716847360134125;0.1;0.1031845435500145
0.14;0.14375105500221252;0.24;0.2296653836965561;0.38;0.3775967061519623
0.54;0.5457446575164795;0.3;0.27187129855155945;0.22;0.23366698622703552
0.24;0.23799186944961548;0.22;0.20407351851463318;0.36;0.3822057843208313
0.16;0.1600138396024704;0.22;0.2161344587802887;0.34;0.33237728476524353
0.2;0.2068537324666977;0.12;0.12491537630558014;0.48;0.4362902045249939
0.3;0.27726224064826965;0.32;0.32721787691116333;0.48;0.4476746618747711
0.34;0.3440159857273102;0.64;0.6587954163551331;0.3;0.3151540458202362
0.28;0.27881643176078796;0.48;0.5079081058502197;0.24;0.2458873987197876
0.12;0.12229231745004654;0.4;0.3921527564525604;0.48;0.4603860378265381
0.2;0.2042539268732071;0.6;0.6009025573730469;0.38;0.37694811820983887
0.28;0.27132970094680786;0.38;0.4358236789703369;0.14;0.15076711773872375
0.54;0.5630529522895813;0.36;0.3430427312850952;0.1;0.10399488359689713
0.5;0.5108329057693481;0.36;0.346828818321228;0.38;0.39381128549575806
0.32;0.3214086592197418;0.6;0.6460802555084229;0.36;0.3828147351741791
0.26;0.2541463077068329;0.54;0.5553766489028931;0.48;0.4713960289955139
0.1;0.10072614997625351;0.62;0.6182866096496582;0.14;0.13596443831920624
0.68;0.6948438286781311;0.26;0.2604635953903198;0.5;0.48631733655929565
0.22;0.22116194665431976;0.54;0.557001531124115;0.22;0.2150326669216156
0.42;0.4189378321170807;0.12;0.11714411526918411;0.44;0.46171122789382935
0.12;0.1243157759308815;0.72;0.7108627557754517;0.5;0.4780053198337555
0.48;0.489382266998291;0.48;0.4508804678916931;0.44;0.4487430453300476
0.4;0.4045332372188568;0.56;0.5615605711936951;0.44;0.4547483026981354
0.66;0.6691402792930603;0.28;0.2715580463409424;0.18;0.19188907742500305
0.1;0.09838525950908661;0.32;0.2902601361274719;0.46;0.4708137512207031
0.24;0.2333233654499054;0.3;0.28853079676628113;0.36;0.3642292320728302
0.74;0.7500972151756287;0.1;0.10115952044725418;0.24;0.22797147929668427
0.16;0.16289055347442627;0.7;0.7074831128120422;0.46;0.452073872089386
0.1;0.10754377394914627;0.18;0.17769518494606018;0.44;0.4307468831539154
0.3;0.29823991656303406;0.46;0.4766586124897003;0.42;0.43295225501060486
0.22;0.2174903154373169;0.54;0.5553451180458069;0.46;0.4537850022315979
0.2;0.19794677197933197;0.28;0.2718159854412079;0.46;0.45702633261680603
0.28;0.2774128019809723;0.7;0.7155458927154541;0.26;0.2682836353778839
0.12;0.1230819895863533;0.72;0.7111630439758301;0.48;0.46293410658836365
0.64;0.6523380279541016;0.24;0.21856676042079926;0.28;0.2833220362663269
0.1;0.09602510929107666;0.88;0.8328273892402649;0.44;0.42515426874160767
0.36;0.367962121963501;0.5;0.5197855234146118;0.24;0.2475067675113678
0.26;0.2595226764678955;0.4;0.412831574678421;0.28;0.2830108106136322
0.68;0.6844657063484192;0.22;0.209847092628479;0.44;0.4494880139827728
0.3;0.29787930846214294;0.56;0.5603393316268921;0.42;0.428108274936676
0.52;0.5289166569709778;0.4;0.38491392135620117;0.16;0.1616227924823761
0.36;0.3624108135700226;0.52;0.5571825504302979;0.16;0.1640324890613556
0.12;0.11769379675388336;0.86;0.8238010406494141;0.44;0.4257355332374573
0.2;0.1953991800546646;0.26;0.2543274164199829;0.44;0.4360722005367279
0.42;0.430187463760376;0.4;0.41453152894973755;0.34;0.3634708821773529
0.6;0.5994023084640503;0.38;0.3502512276172638;0.22;0.22310927510261536
0.18;0.1677244007587433;0.2;0.19578395783901215;0.24;0.2209814041852951
0.28;0.2810582220554352;0.64;0.6868658065795898;0.36;0.36686354875564575
0.64;0.648774266242981;0.22;0.20160958170890808;0.44;0.4431757926940918
0.22;0.22792546451091766;0.48;0.48730263113975525;0.34;0.34654179215431213
0.28;0.28048744797706604;0.46;0.4783012270927429;0.26;0.2680228650569916
0.1;0.11405336856842041;0.7;0.6887502670288086;0.32;0.3132724165916443
0.42;0.4280472993850708;0.42;0.4384247064590454;0.36;0.38530421257019043
0.66;0.637664258480072;0.1;0.11561106890439987;0.44;0.4484115540981293
0.12;0.1210348978638649;0.36;0.340450644493103;0.28;0.290524423122406
0.26;0.2543792724609375;0.48;0.5016482472419739;0.2;0.19982409477233887
0.1;0.10706740617752075;0.38;0.3456369936466217;0.34;0.3578242361545563
0.4;0.4071815013885498;0.36;0.37165749073028564;0.14;0.1452072113752365
0.3;0.3189743459224701;0.32;0.2888055741786957;0.14;0.17628315091133118
0.54;0.5281716585159302;0.16;0.16500085592269897;0.24;0.24152036011219025
0.32;0.3099979758262634;0.28;0.2837911546230316;0.28;0.304800808429718
0.34;0.3419331908226013;0.36;0.4477136433124542;0.1;0.11312557756900787
0.14;0.14296382665634155;0.72;0.7336472272872925;0.16;0.1571178436279297
0.6;0.6119809746742249;0.2;0.20692218840122223;0.16;0.1688482016324997
0.58;0.5674616098403931;0.16;0.14506730437278748;0.12;0.15190191566944122
0.34;0.3550938069820404;0.44;0.4559462368488312;0.26;0.2757111191749573
0.34;0.34443289041519165;0.52;0.5518444776535034;0.18;0.1822957545518875
0.34;0.34616830945014954;0.48;0.4879874289035797;0.2;0.2011462152004242
0.22;0.21608111262321472;0.14;0.13437771797180176;0.26;0.26690348982810974
0.58;0.5604428648948669;0.12;0.14052170515060425;0.1;0.13429121673107147
0.24;0.23781320452690125;0.3;0.2956382930278778;0.18;0.1919923573732376
0.36;0.3529175817966461;0.3;0.3355758488178253;0.48;0.4884396493434906
0.44;0.4520639479160309;0.42;0.40027064085006714;0.16;0.1657802313566208
0.34;0.3465338349342346;0.58;0.6323546767234802;0.38;0.4027928411960602
0.36;0.3648361265659332;0.58;0.6149981617927551;0.48;0.4934636652469635
0.56;0.5429531335830688;0.18;0.20780177414417267;0.4;0.3792388439178467
0.2;0.19788087904453278;0.64;0.6606366634368896;0.18;0.18189048767089844
0.38;0.37878167629241943;0.52;0.5349498391151428;0.46;0.47280701994895935
0.86;0.8695067763328552;0.1;0.09169686585664749;0.4;0.40106409788131714
0.22;0.23621106147766113;0.3;0.26485830545425415;0.1;0.1114106997847557
0.78;0.7951638698577881;0.2;0.13805216550827026;0.16;0.17015649378299713
0.36;0.35895466804504395;0.14;0.1333116888999939;0.14;0.15849557518959045
0.38;0.3647325038909912;0.28;0.29882892966270447;0.24;0.22932390868663788
0.24;0.22849483788013458;0.14;0.14702853560447693;0.3;0.2857762277126312
0.66;0.664293110370636;0.16;0.149095356464386;0.38;0.40092554688453674
0.72;0.725425660610199;0.1;0.10977558046579361;0.34;0.33729758858680725
0.46;0.4706799387931824;0.48;0.4734472632408142;0.28;0.29002469778060913
0.46;0.4671596884727478;0.36;0.3614197373390198;0.38;0.3976905941963196
0.54;0.5477608442306519;0.32;0.29420772194862366;0.28;0.28783103823661804
0.26;0.262702614068985;0.14;0.13592056930065155;0.22;0.21787956357002258
0.64;0.6461926102638245;0.24;0.2368829995393753;0.14;0.14513561129570007
0.56;0.550758957862854;0.1;0.10005906969308853;0.26;0.2528042793273926
0.42;0.4246295988559723;0.4;0.41852498054504395;0.4;0.42631039023399353
0.46;0.4640416204929352;0.28;0.29429182410240173;0.36;0.3759467303752899
0.52;0.5107322931289673;0.22;0.22703449428081512;0.18;0.17848700284957886
0.44;0.4174432158470154;0.12;0.12985743582248688;0.22;0.19474856555461884
0.48;0.4691406488418579;0.16;0.1843111366033554;0.44;0.4469890594482422
0.82;0.8213921189308167;0.1;0.10547110438346863;0.18;0.1745189130306244
0.4;0.3984644412994385;0.16;0.16531334817409515;0.48;0.477011114358902
0.2;0.20577818155288696;0.1;0.10118664801120758;0.36;0.29194602370262146
0.14;0.13295745849609375;0.44;0.3934943675994873;0.2;0.18446849286556244
0.16;0.14547023177146912;0.36;0.3591521382331848;0.24;0.2561005651950836
0.14;0.13777536153793335;0.72;0.7254853248596191;0.34;0.3397378921508789
0.32;0.32281526923179626;0.66;0.647438645362854;0.12;0.12896490097045898
0.16;0.16067105531692505;0.66;0.6607188582420349;0.36;0.35602375864982605
0.44;0.45442846417427063;0.5;0.498487651348114;0.38;0.39208880066871643
0.7;0.6953653693199158;0.28;0.24093662202358246;0.36;0.3593748211860657
0.18;0.17491918802261353;0.4;0.39932242035865784;0.34;0.33480536937713623
0.26;0.2564409673213959;0.4;0.44221031665802;0.12;0.1241375058889389
0.6;0.61227947473526;0.2;0.1898868829011917;0.34;0.3311464190483093
0.12;0.09940927475690842;0.22;0.23033976554870605;0.5;0.5039910674095154
0.58;0.5972623825073242;0.24;0.23881493508815765;0.12;0.13739106059074402
0.84;0.829713761806488;0.14;0.09748931974172592;0.12;0.15863874554634094
0.54;0.5409939289093018;0.26;0.2510327100753784;0.24;0.24930119514465332
0.1;0.10092378407716751;0.54;0.533612072467804;0.38;0.3818655014038086
0.28;0.3031531274318695;0.32;0.2900391221046448;0.16;0.18776670098304749
0.34;0.34686917066574097;0.48;0.4965279698371887;0.38;0.3996810019016266
0.62;0.6164348125457764;0.1;0.09986577183008194;0.28;0.24959087371826172
0.28;0.2826835811138153;0.62;0.6533190011978149;0.42;0.42382368445396423
0.46;0.47279009222984314;0.24;0.2220170944929123;0.16;0.1600072979927063
0.24;0.2348928302526474;0.4;0.4077172577381134;0.34;0.34117037057876587
0.14;0.1440194547176361;0.7;0.7050303816795349;0.18;0.1756642907857895
0.22;0.23007546365261078;0.72;0.749669075012207;0.48;0.4673730731010437
0.36;0.36772778630256653;0.4;0.40649959444999695;0.5;0.5032141208648682
0.36;0.3631596863269806;0.5;0.5313749313354492;0.16;0.1613818109035492
0.24;0.23207716643810272;0.36;0.38129279017448425;0.46;0.4572693705558777
0.62;0.6274682879447937;0.26;0.2526029944419861;0.46;0.4656732678413391
0.82;0.8286784291267395;0.12;0.10825842618942261;0.24;0.2432151734828949
0.26;0.2548167109489441;0.64;0.6771546602249146;0.26;0.25743257999420166
0.14;0.14462795853614807;0.38;0.38571396470069885;0.3;0.30773112177848816
0.14;0.1305261254310608;0.32;0.31976985931396484;0.18;0.18293075263500214
0.62;0.6253629326820374;0.3;0.30185097455978394;0.5;0.5069167017936707
0.34;0.3463191092014313;0.4;0.4190739095211029;0.24;0.2517114281654358
0.1;0.09817038476467133;0.54;0.5521277189254761;0.14;0.1356322318315506
0.14;0.1440257430076599;0.66;0.6618168354034424;0.18;0.17525562644004822
0.28;0.2726965844631195;0.1;0.10540495812892914;0.22;0.1826200783252716
0.46;0.4677335321903229;0.52;0.48610153794288635;0.34;0.3547995388507843
0.5;0.5071415901184082;0.48;0.44200682640075684;0.48;0.48526301980018616
0.14;0.14007636904716492;0.76;0.7809476852416992;0.32;0.32025155425071716
0.12;0.11816618591547012;0.78;0.8043003082275391;0.3;0.29754406213760376
0.26;0.2641049027442932;0.68;0.7042800784111023;0.4;0.39525383710861206
0.38;0.38812243938446045;0.48;0.4874371886253357;0.18;0.18736304342746735
0.14;0.14243894815444946;0.58;0.5806088447570801;0.42;0.41557151079177856
0.18;0.187250554561615;0.2;0.18843477964401245;0.36;0.36088961362838745
0.3;0.3005656898021698;0.14;0.1372687667608261;0.4;0.420856773853302
0.3;0.2995341718196869;0.56;0.5559198260307312;0.5;0.48974156379699707
0.6;0.5830488801002502;0.1;0.11765974760055542;0.2;0.19023017585277557
0.36;0.36733999848365784;0.6;0.631385326385498;0.36;0.38323673605918884
0.32;0.33116215467453003;0.52;0.5244884490966797;0.26;0.27363044023513794
0.42;0.4411456286907196;0.2;0.17664749920368195;0.12;0.14081868529319763
0.16;0.16144026815891266;0.18;0.1715109646320343;0.42;0.3940468430519104
0.34;0.3203071057796478;0.3;0.3319864571094513;0.44;0.4475107192993164
0.48;0.49257078766822815;0.44;0.4301445484161377;0.42;0.43438977003097534
0.44;0.44807273149490356;0.48;0.4890389144420624;0.18;0.18601563572883606
0.1;0.09781637787818909;0.78;0.8104339838027954;0.24;0.22865867614746094
0.22;0.21972936391830444;0.62;0.6322438716888428;0.42;0.4230022430419922
0.2;0.19294586777687073;0.44;0.44083738327026367;0.36;0.35422417521476746
0.5;0.5048619508743286;0.48;0.4457419812679291;0.32;0.324474036693573
0.28;0.28088974952697754;0.1;0.09259847551584244;0.34;0.32518869638442993
0.12;0.11202392727136612;0.48;0.45460009574890137;0.22;0.20394869148731232
0.36;0.35929882526397705;0.62;0.6244982481002808;0.22;0.23066306114196777
0.12;0.11545480042695999;0.84;0.7745146751403809;0.12;0.110957071185112
0.18;0.17871665954589844;0.44;0.4503135681152344;0.46;0.4536796510219574
0.18;0.1806166023015976;0.72;0.7382494807243347;0.26;0.24986796081066132
0.4;0.3958461284637451;0.22;0.22367796301841736;0.2;0.21330246329307556
0.2;0.19473685324192047;0.46;0.46965861320495605;0.48;0.468390554189682
0.36;0.3673630952835083;0.56;0.5896281599998474;0.1;0.1056174486875534
0.28;0.27010980248451233;0.38;0.40712666511535645;0.28;0.29395875334739685
0.32;0.3173682689666748;0.32;0.32931989431381226;0.5;0.5049951672554016
0.38;0.3851196765899658;0.38;0.39443203806877136;0.14;0.1412012130022049
0.3;0.2939814031124115;0.4;0.4150834381580353;0.32;0.3382827341556549
0.5;0.48765960335731506;0.1;0.10290702432394028;0.5;0.4867171347141266
0.16;0.15488417446613312;0.34;0.33506715297698975;0.14;0.14040526747703552
0.52;0.5113362073898315;0.24;0.2832566797733307;0.14;0.13776364922523499
0.8;0.7923857569694519;0.1;0.12757866084575653;0.32;0.2714602053165436
0.12;0.1206861287355423;0.74;0.7609092593193054;0.2;0.19551032781600952
0.46;0.47010231018066406;0.36;0.35960400104522705;0.34;0.359231561422348
0.2;0.20099930465221405;0.14;0.1296147108078003;0.32;0.28624361753463745
0.4;0.4117051362991333;0.4;0.40521883964538574;0.3;0.32059574127197266
0.34;0.34521231055259705;0.44;0.4561797082424164;0.42;0.4348524212837219
0.6;0.5996925830841064;0.38;0.3510754108428955;0.24;0.24402563273906708
0.26;0.25485023856163025;0.32;0.3426757752895355;0.34;0.34194162487983704
0.36;0.3547343313694;0.32;0.4154563546180725;0.1;0.11240661144256592
0.4;0.40869712829589844;0.46;0.4590796232223511;0.14;0.14555573463439941
0.28;0.30346181988716125;0.3;0.26247045397758484;0.12;0.13802215456962585
0.24;0.23314353823661804;0.48;0.503308117389679;0.16;0.16187413036823273
0.2;0.19474904239177704;0.78;0.7429168224334717;0.22;0.21352581679821014
0.12;0.0994911789894104;0.1;0.12308119237422943;0.32;0.24242110550403595
0.66;0.662055253982544;0.12;0.12889334559440613;0.34;0.32175421714782715
0.56;0.541263222694397;0.16;0.17641553282737732;0.32;0.3117661476135254
0.1;0.08605299890041351;0.24;0.23781037330627441;0.44;0.4411495625972748
0.54;0.5419715642929077;0.42;0.4047123193740845;0.32;0.321744441986084
0.16;0.14302201569080353;0.36;0.3617081344127655;0.26;0.2741733193397522
0.48;0.4888745844364166;0.38;0.36073437333106995;0.5;0.505110502243042
0.24;0.24593308568000793;0.46;0.47570452094078064;0.26;0.25992465019226074
0.46;0.4724045395851135;0.16;0.1462021768093109;0.2;0.23479947447776794
0.28;0.27359914779663086;0.54;0.5481306314468384;0.46;0.45509833097457886
0.46;0.465586394071579;0.52;0.48723214864730835;0.38;0.39405837655067444
0.4;0.3880338966846466;0.26;0.2843472361564636;0.26;0.25799134373664856
0.3;0.31842663884162903;0.14;0.11593224108219147;0.18;0.1823653280735016
0.78;0.7855689525604248;0.2;0.1513364464044571;0.24;0.2496572732925415
0.56;0.5698859095573425;0.16;0.14575523138046265;0.12;0.14739875495433807
0.28;0.28292906284332275;0.26;0.26341119408607483;0.46;0.4776231348514557
0.28;0.2982773184776306;0.22;0.19190450012683868;0.1;0.13201987743377686
0.52;0.5310580730438232;0.16;0.15740227699279785;0.14;0.17318235337734222
0.22;0.218358114361763;0.32;0.3088485598564148;0.32;0.32410410046577454
0.22;0.22968576848506927;0.52;0.538891077041626;0.36;0.36545348167419434
0.12;0.12210170179605484;0.76;0.7792007923126221;0.5;0.4807969629764557
0.3;0.3211575150489807;0.22;0.182077094912529;0.12;0.14587362110614777
0.54;0.5438928604125977;0.26;0.2495659440755844;0.28;0.2889042794704437
0.54;0.5366437435150146;0.22;0.2564035654067993;0.16;0.1564624160528183
0.42;0.40108945965766907;0.12;0.12621791660785675;0.24;0.21181254088878632
0.6;0.6118367910385132;0.2;0.19878198206424713;0.18;0.1880505084991455
0.48;0.49209216237068176;0.42;0.4103941023349762;0.16;0.16089579463005066
0.24;0.23511739075183868;0.48;0.5007011294364929;0.2;0.19612213969230652
0.36;0.35119786858558655;0.14;0.12880638241767883;0.34;0.36038875579833984
0.32;0.3231862485408783;0.58;0.6263031363487244;0.1;0.1094687357544899
0.2;0.19431611895561218;0.42;0.42764896154403687;0.4;0.4060508608818054
0.84;0.85592120885849;0.14;0.11058260500431061;0.46;0.4774342477321625
0.38;0.3860222399234772;0.42;0.43297848105430603;0.22;0.22905302047729492
0.42;0.4211302697658539;0.3;0.30868178606033325;0.4;0.41805320978164673
0.62;0.6332684755325317;0.26;0.2522037625312805;0.12;0.12762482464313507
0.28;0.2836385667324066;0.62;0.6513763070106506;0.44;0.441135972738266
0.6;0.6121973395347595;0.32;0.30452463030815125;0.14;0.14621305465698242
0.54;0.5495367050170898;0.36;0.3486599624156952;0.4;0.4007846415042877
0.22;0.2190520018339157;0.68;0.7152354121208191;0.32;0.3215697407722473
0.46;0.47917670011520386;0.32;0.30327272415161133;0.2;0.21266289055347443
0.22;0.22301320731639862;0.28;0.26505351066589355;0.2;0.21261338889598846
0.72;0.732814610004425;0.2;0.18090394139289856;0.18;0.1827119141817093
0.78;0.779952347278595;0.12;0.13450361788272858;0.3;0.26985010504722595
0.52;0.5291589498519897;0.36;0.34848901629447937;0.46;0.46672993898391724
0.58;0.6005954742431641;0.24;0.2456866055727005;0.1;0.11677096784114838
0.14;0.1413116455078125;0.54;0.5427137017250061;0.38;0.3718588650226593
0.1;0.10219903290271759;0.3;0.2857537865638733;0.38;0.38502010703086853
0.54;0.5521202683448792;0.38;0.364703506231308;0.12;0.11971094459295273
0.32;0.3235582709312439;0.38;0.4708281457424164;0.1;0.11549254506826401
0.16;0.158037468791008;0.78;0.7702346444129944;0.22;0.20667919516563416
0.12;0.10903076827526093;0.12;0.12031955271959305;0.34;0.2972988188266754
0.26;0.26001715660095215;0.6;0.6090923547744751;0.46;0.45663803815841675
0.38;0.3875567615032196;0.58;0.5684318542480469;0.14;0.14337190985679626
0.3;0.30968010425567627;0.28;0.2680593729019165;0.16;0.1900390088558197
0.44;0.417716920375824;0.24;0.263239324092865;0.28;0.2786155939102173
0.48;0.4648774564266205;0.18;0.19398973882198334;0.44;0.42137032747268677
0.56;0.5313015580177307;0.16;0.17699754238128662;0.26;0.2577165961265564
0.58;0.5829799771308899;0.18;0.16747157275676727;0.1;0.12201545387506485
0.28;0.28066062927246094;0.58;0.6296589970588684;0.12;0.13230910897254944
0.28;0.275278240442276;0.42;0.43449002504348755;0.42;0.4336075186729431
0.26;0.2599021792411804;0.64;0.6738228797912598;0.32;0.31679919362068176
0.16;0.1528969258069992;0.74;0.7444992661476135;0.14;0.13467374444007874
0.12;0.11984651535749435;0.56;0.5747017860412598;0.18;0.173500657081604
0.62;0.6192286610603333;0.26;0.25695064663887024;0.36;0.3641144633293152
0.14;0.13429155945777893;0.14;0.1366766393184662;0.2;0.2149323970079422
0.18;0.18045936524868011;0.22;0.2132152020931244;0.32;0.3187963366508484
0.38;0.3837590515613556;0.44;0.4487335979938507;0.4;0.41784220933914185
0.16;0.16503509879112244;0.56;0.5778651833534241;0.14;0.14223989844322205
0.28;0.2721872627735138;0.3;0.31139761209487915;0.4;0.40689021348953247
0.68;0.6841156482696533;0.16;0.14669741690158844;0.34;0.3438703119754791
0.12;0.11511126160621643;0.84;0.8213303089141846;0.28;0.27112722396850586
0.4;0.41090136766433716;0.52;0.5322000980377197;0.1;0.10237091779708862
0.32;0.3282499611377716;0.52;0.5246968865394592;0.46;0.46679800748825073
0.28;0.27613237500190735;0.42;0.42848819494247437;0.38;0.3940832018852234
0.74;0.7296742796897888;0.1;0.10698133707046509;0.18;0.18703754246234894
0.38;0.38678455352783203;0.34;0.35818684101104736;0.16;0.1687089502811432
0.4;0.4062959551811218;0.52;0.5453957915306091;0.34;0.3612692654132843
0.42;0.42953476309776306;0.52;0.5250234603881836;0.3;0.31548431515693665
0.1;0.1002841368317604;0.56;0.5671852231025696;0.34;0.3359149098396301
0.18;0.18752439320087433;0.62;0.6503555774688721;0.1;0.10915627330541611
0.2;0.20531485974788666;0.1;0.10056814551353455;0.34;0.2699924111366272
0.32;0.3180178701877594;0.4;0.413748562335968;0.38;0.4025636613368988
0.16;0.16313417255878448;0.64;0.639746367931366;0.16;0.15403589606285095
0.32;0.3108814060688019;0.3;0.29629752039909363;0.26;0.28025662899017334
0.18;0.18375684320926666;0.72;0.7412959933280945;0.4;0.38665899634361267
0.7;0.6940393447875977;0.26;0.24277405440807343;0.4;0.39842814207077026
0.16;0.1590930074453354;0.6;0.6142194271087646;0.28;0.2789511978626251
0.4;0.39463791251182556;0.26;0.26647281646728516;0.2;0.20781099796295166
0.62;0.6344935297966003;0.22;0.21627429127693176;0.12;0.13065198063850403
0.52;0.49884966015815735;0.2;0.21814052760601044;0.34;0.3399736285209656
0.72;0.7315118908882141;0.2;0.17584440112113953;0.12;0.12332723289728165
0.24;0.24023017287254333;0.62;0.63145911693573;0.38;0.38963666558265686
0.44;0.4544811248779297;0.26;0.24391593039035797;0.12;0.133096382021904
0.2;0.19125264883041382;0.32;0.321609765291214;0.34;0.34476733207702637
0.3;0.2994224429130554;0.64;0.6764589548110962;0.18;0.19054320454597473
0.38;0.3848916292190552;0.4;0.4115106165409088;0.38;0.3949826657772064
0.28;0.27957683801651;0.52;0.5383287072181702;0.28;0.2883390188217163
0.26;0.24846932291984558;0.7;0.6939285397529602;0.22;0.21745821833610535
0.16;0.16207467019557953;0.64;0.6463991403579712;0.24;0.23743334412574768
0.54;0.5492715835571289;0.32;0.2955787479877472;0.3;0.30704265832901
0.24;0.23283790051937103;0.2;0.18350954353809357;0.3;0.3191799223423004
0.14;0.13067574799060822;0.46;0.470112681388855;0.26;0.2519493103027344
0.16;0.1614253968000412;0.58;0.5975903272628784;0.18;0.18086495995521545
0.52;0.5236088037490845;0.46;0.4247317612171173;0.36;0.36507439613342285
0.68;0.6819056868553162;0.22;0.21671544015407562;0.34;0.34980347752571106
0.12;0.12065953761339188;0.56;0.5617188811302185;0.34;0.3324721157550812
0.32;0.32256951928138733;0.12;0.1075613796710968;0.2;0.19868719577789307
0.88;0.8526515960693359;0.1;0.09526542574167252;0.32;0.2482464760541916
0.24;0.2456599920988083;0.38;0.3758021295070648;0.22;0.23704572021961212
0.4;0.36944225430488586;0.22;0.23432371020317078;0.48;0.4600397050380707
0.3;0.2903172969818115;0.2;0.19389797747135162;0.4;0.4138548970222473
0.14;0.14649035036563873;0.38;0.40166836977005005;0.18;0.19509686529636383
0.24;0.24275700747966766;0.7;0.7266996502876282;0.38;0.377699613571167
0.32;0.3132205009460449;0.4;0.415504515171051;0.28;0.29238617420196533
0.18;0.17424428462982178;0.36;0.3392532169818878;0.46;0.47920504212379456
0.46;0.4647163152694702;0.2;0.20216980576515198;0.26;0.2637370824813843
0.22;0.220183327794075;0.24;0.23023690283298492;0.12;0.11587579548358917
0.76;0.770957350730896;0.22;0.1643504649400711;0.22;0.22976374626159668
0.42;0.4325447678565979;0.48;0.49535253643989563;0.1;0.10407203435897827
0.12;0.11958290636539459;0.64;0.6444230079650879;0.16;0.1583525389432907
0.3;0.3003423511981964;0.22;0.22254177927970886;0.5;0.49893277883529663
0.34;0.3396335244178772;0.22;0.22741937637329102;0.3;0.3226236402988434
0.5;0.5078973770141602;0.46;0.4411156475543976;0.38;0.39209097623825073
0.1;0.09730465710163116;0.78;0.8082295060157776;0.28;0.2703082859516144
0.3;0.30375561118125916;0.66;0.6942931413650513;0.28;0.28659000992774963
0.36;0.3615785539150238;0.48;0.49509119987487793;0.38;0.4031349718570709
0.38;0.38442686200141907;0.32;0.3303379416465759;0.48;0.48504528403282166
0.12;0.11989182978868484;0.36;0.33594831824302673;0.46;0.47273221611976624
0.48;0.4932669699192047;0.2;0.20605166256427765;0.14;0.1431591808795929
0.5;0.5178667306900024;0.44;0.4211154580116272;0.1;0.09927064925432205
0.26;0.251014769077301;0.72;0.697507381439209;0.24;0.2359798401594162
0.48;0.4945172965526581;0.38;0.3644121587276459;0.42;0.43661126494407654
0.7;0.7204581499099731;0.28;0.20162010192871094;0.14;0.14792506396770477
0.18;0.19052602350711823;0.74;0.7667877078056335;0.5;0.47848883271217346
0.44;0.45342501997947693;0.34;0.34588491916656494;0.28;0.29687532782554626
0.18;0.18064960837364197;0.36;0.32954105734825134;0.5;0.5324559807777405
0.52;0.5133726596832275;0.24;0.26725393533706665;0.2;0.19545750319957733
0.46;0.4670085906982422;0.4;0.39688095450401306;0.34;0.3581083118915558
0.14;0.14211054146289825;0.72;0.7340179085731506;0.22;0.21227076649665833
0.18;0.18100428581237793;0.62;0.6220265626907349;0.16;0.15687665343284607
0.44;0.44815394282341003;0.36;0.36872032284736633;0.34;0.35897570848464966
0.58;0.5878094434738159;0.26;0.24171999096870422;0.3;0.31278687715530396
0.76;0.7504515647888184;0.12;0.14842700958251953;0.14;0.11568478494882584
0.34;0.34409406781196594;0.62;0.6568170785903931;0.3;0.3152342438697815
0.5;0.4925050437450409;0.24;0.2624635696411133;0.48;0.4805215001106262
0.22;0.22544150054454803;0.54;0.5579782724380493;0.38;0.38090139627456665
0.4;0.40933650732040405;0.3;0.30971935391426086;0.5;0.4928050637245178
0.34;0.3440966308116913;0.58;0.6172149777412415;0.18;0.18709664046764374
0.34;0.33532679080963135;0.2;0.1966812014579773;0.26;0.29067644476890564
0.62;0.6227871179580688;0.22;0.2101173847913742;0.4;0.4101950526237488
0.62;0.6172952651977539;0.36;0.33267083764076233;0.32;0.32572445273399353
0.58;0.5681946277618408;0.14;0.1387605518102646;0.26;0.2762080729007721
0.7;0.7107404470443726;0.2;0.1887008100748062;0.28;0.27962183952331543
0.46;0.4538498818874359;0.14;0.13615968823432922;0.12;0.13369175791740417
0.16;0.15580560266971588;0.48;0.4873671233654022;0.2;0.19613318145275116
0.46;0.44882848858833313;0.14;0.13667398691177368;0.1;0.11935410648584366
0.64;0.6331327557563782;0.12;0.1244225800037384;0.4;0.39583316445350647
0.18;0.17062464356422424;0.42;0.4286474585533142;0.28;0.2696606516838074
0.12;0.11162105202674866;0.5;0.49894586205482483;0.22;0.20591361820697784
0.36;0.36017435789108276;0.52;0.5304152369499207;0.48;0.4917226731777191
0.42;0.42817986011505127;0.18;0.17470751702785492;0.16;0.17149023711681366
0.44;0.46064430475234985;0.22;0.21369829773902893;0.14;0.1582459807395935
0.32;0.2786637544631958;0.26;0.30362892150878906;0.46;0.4557739198207855
0.74;0.7498751282691956;0.24;0.17861150205135345;0.2;0.2099059522151947
0.38;0.39254406094551086;0.58;0.5754321813583374;0.22;0.2382616102695465
0.48;0.48730263113975525;0.38;0.3792474865913391;0.1;0.10700354725122452
0.12;0.13205747306346893;0.56;0.5956016182899475;0.1;0.10246807336807251
0.14;0.14168184995651245;0.4;0.38861793279647827;0.5;0.47088342905044556
0.78;0.7849813103675842;0.16;0.1483231633901596;0.3;0.3030712902545929
0.42;0.3867529630661011;0.26;0.2989848554134369;0.34;0.3313031792640686
0.56;0.5661695599555969;0.28;0.2566644549369812;0.28;0.29256969690322876
0.22;0.2220732569694519;0.56;0.5721083283424377;0.38;0.3774811625480652
0.18;0.17440980672836304;0.36;0.3608129322528839;0.34;0.34679144620895386
0.44;0.4370010197162628;0.28;0.29868564009666443;0.34;0.3537496030330658
0.74;0.7402783632278442;0.16;0.1386752426624298;0.48;0.47621697187423706
0.1;0.0932428240776062;0.28;0.27411866188049316;0.4;0.3987017869949341
0.44;0.4279669523239136;0.22;0.2371499091386795;0.26;0.2630713880062103
0.26;0.26503923535346985;0.5;0.521549642086029;0.32;0.32375985383987427
0.52;0.530662477016449;0.34;0.31860649585723877;0.12;0.12700830399990082
0.64;0.6454805135726929;0.28;0.26933297514915466;0.26;0.26807132363319397
0.52;0.531006932258606;0.38;0.3703664243221283;0.32;0.32275158166885376
0.32;0.3130214810371399;0.38;0.39816945791244507;0.34;0.36912980675697327
0.28;0.2789821922779083;0.6;0.6397028565406799;0.3;0.30860236287117004
0.56;0.5638664364814758;0.4;0.37276342511177063;0.2;0.20287951827049255
0.22;0.21826887130737305;0.58;0.5920460224151611;0.42;0.41815513372421265
0.24;0.22719372808933258;0.28;0.27445662021636963;0.44;0.4378407597541809
0.78;0.7802192568778992;0.12;0.12092599272727966;0.44;0.4096410870552063
0.3;0.32147926092147827;0.28;0.2430853396654129;0.1;0.1254112869501114
0.4;0.37053972482681274;0.1;0.12297908216714859;0.18;0.1456567347049713
0.1;0.10429556667804718;0.18;0.16900494694709778;0.28;0.28956228494644165
0.62;0.627530038356781;0.1;0.08584024757146835;0.5;0.47713106870651245
0.56;0.5568010807037354;0.42;0.38063859939575195;0.5;0.49148884415626526
0.34;0.3453619182109833;0.6;0.6471232175827026;0.36;0.3820175230503082
0.74;0.749178409576416;0.18;0.1590859293937683;0.12;0.12203986942768097
0.76;0.7497155666351318;0.12;0.14959052205085754;0.16;0.13081848621368408
0.18;0.17470602691173553;0.48;0.51362544298172;0.24;0.24436812102794647
0.64;0.6505962014198303;0.2;0.1776575744152069;0.44;0.4432545602321625
0.38;0.3572820723056793;0.1;0.10919599235057831;0.18;0.14653542637825012
0.24;0.2324097901582718;0.64;0.6698904633522034;0.2;0.19956958293914795
0.34;0.3480377793312073;0.5;0.539901614189148;0.1;0.10656460374593735
0.12;0.12286955863237381;0.74;0.7429067492485046;0.48;0.46401873230934143
0.52;0.5181807279586792;0.28;0.2898891568183899;0.5;0.5243440866470337
0.38;0.3796735107898712;0.5;0.5096501111984253;0.42;0.43973508477211
0.36;0.35282424092292786;0.14;0.12681807577610016;0.32;0.3324407935142517
0.26;0.2573792636394501;0.4;0.4284570813179016;0.14;0.14137443900108337
0.26;0.2543245553970337;0.7;0.702236533164978;0.26;0.25558313727378845
0.22;0.22031374275684357;0.5;0.5086119771003723;0.46;0.46153050661087036
0.34;0.33581921458244324;0.12;0.12437912821769714;0.46;0.4832138419151306
0.56;0.5591436624526978;0.22;0.22501753270626068;0.36;0.35757383704185486
0.26;0.24844276905059814;0.72;0.6947415471076965;0.22;0.21735069155693054
0.5;0.4746607840061188;0.14;0.16286055743694305;0.4;0.39732643961906433
0.3;0.30649086833000183;0.62;0.6589138507843018;0.48;0.4799213409423828
0.34;0.32571732997894287;0.3;0.3296586871147156;0.48;0.46212276816368103
0.5;0.497663289308548;0.28;0.3015650808811188;0.14;0.1427651047706604
0.22;0.22536519169807434;0.4;0.40186360478401184;0.24;0.25081196427345276
0.32;0.3287443518638611;0.52;0.5238311290740967;0.48;0.48232969641685486
0.66;0.6565879583358765;0.3;0.28720468282699585;0.32;0.32565224170684814
0.14;0.1414911448955536;0.52;0.5242637395858765;0.34;0.33032673597335815
0.16;0.15712788701057434;0.36;0.349028080701828;0.5;0.5181723237037659
0.54;0.5289667844772339;0.14;0.1453387439250946;0.26;0.2794421911239624
0.14;0.1382579803466797;0.7;0.6951460242271423;0.38;0.3747631907463074
0.2;0.1998397558927536;0.54;0.5582960247993469;0.2;0.19566205143928528
0.34;0.3193475306034088;0.28;0.31318965554237366;0.34;0.3450168967247009
0.52;0.49964404106140137;0.16;0.17635774612426758;0.32;0.32600608468055725
0.22;0.22161872684955597;0.46;0.47294190526008606;0.42;0.41933298110961914
0.58;0.579924464225769;0.2;0.20930781960487366;0.38;0.370106041431427
0.5;0.5027410387992859;0.24;0.26372671127319336;0.22;0.2148500382900238
0.26;0.24536655843257904;0.2;0.1901130974292755;0.26;0.25935202836990356
0.48;0.4843467175960541;0.26;0.27439868450164795;0.42;0.43458715081214905
0.14;0.1434377133846283;0.7;0.7011218667030334;0.22;0.21393899619579315
0.28;0.28847646713256836;0.68;0.694074809551239;0.48;0.4688236713409424
0.64;0.6459758281707764;0.26;0.24411410093307495;0.3;0.30421215295791626
0.16;0.15562084317207336;0.34;0.33540552854537964;0.44;0.4467223584651947
0.44;0.43175798654556274;0.22;0.2353944033384323;0.24;0.248112291097641
0.68;0.6833371520042419;0.14;0.13127341866493225;0.24;0.2546451687812805
0.36;0.364010214805603;0.34;0.3588736355304718;0.24;0.2470351755619049
0.48;0.4514893591403961;0.24;0.2779870927333832;0.32;0.3015304207801819
0.14;0.13828253746032715;0.62;0.6314656138420105;0.44;0.42902177572250366
0.26;0.2536991238594055;0.38;0.3902459442615509;0.34;0.34754478931427
0.5;0.5010026097297668;0.32;0.32084521651268005;0.42;0.44138965010643005
0.44;0.4188110828399658;0.24;0.25305843353271484;0.24;0.2375834882259369
0.12;0.1213885247707367;0.48;0.4666622281074524;0.38;0.37732988595962524
0.6;0.6099532246589661;0.24;0.2246856689453125;0.42;0.4359656274318695
0.74;0.7512781023979187;0.2;0.16560252010822296;0.14;0.14521238207817078
0.7;0.7063001990318298;0.22;0.20454168319702148;0.38;0.3862129747867584
0.52;0.5281497836112976;0.34;0.322022408246994;0.42;0.43155914545059204
0.4;0.3686985969543457;0.1;0.12457135319709778;0.16;0.13229866325855255
0.3;0.29457879066467285;0.22;0.21060965955257416;0.34;0.3675532341003418
0.66;0.6622832417488098;0.14;0.14787155389785767;0.38;0.3924052119255066
0.32;0.3248688876628876;0.66;0.6474322080612183;0.14;0.14936207234859467
0.36;0.36386770009994507;0.6;0.6291663646697998;0.26;0.27252134680747986
0.2;0.21387441456317902;0.34;0.29440391063690186;0.1;0.10280052572488785
0.16;0.16142727434635162;0.58;0.5986142754554749;0.2;0.19895024597644806
0.14;0.14025674760341644;0.74;0.7535739541053772;0.16;0.1561470478773117
0.7;0.7032291889190674;0.18;0.1820288598537445;0.32;0.3203423321247101
0.44;0.4449816048145294;0.38;0.3958785831928253;0.38;0.4009401202201843
0.7;0.6948288679122925;0.28;0.25066912174224854;0.46;0.45199766755104065
0.6;0.6058564782142639;0.26;0.2458818256855011;0.36;0.3749311566352844
0.28;0.27410560846328735;0.68;0.687227725982666;0.14;0.1456432342529297
0.3;0.2960943579673767;0.1;0.09712901711463928;0.28;0.2681133449077606
0.1;0.10066154599189758;0.76;0.7801714539527893;0.2;0.19481611251831055
0.66;0.6710707545280457;0.2;0.1790238618850708;0.48;0.49371129274368286
0.22;0.2273511439561844;0.46;0.48547181487083435;0.26;0.2669914662837982
0.68;0.6826972365379333;0.22;0.2107940912246704;0.38;0.39309200644493103
0.26;0.25776150822639465;0.26;0.24157123267650604;0.18;0.20162245631217957
0.4;0.4068368375301361;0.5;0.5135945081710815;0.16;0.166014164686203
0.42;0.40288543701171875;0.22;0.24751032888889313;0.34;0.3384226858615875
0.42;0.42165786027908325;0.3;0.3275262713432312;0.18;0.18380410969257355
0.3;0.3155966103076935;0.28;0.2499244064092636;0.12;0.14518539607524872
0.22;0.21917462348937988;0.56;0.5735979080200195;0.44;0.43624168634414673
0.16;0.15651513636112213;0.5;0.5333568453788757;0.2;0.19933201372623444
0.68;0.6962487101554871;0.28;0.2253449261188507;0.12;0.12965606153011322
0.26;0.2574216425418854;0.38;0.39366090297698975;0.2;0.20841380953788757
0.36;0.3621301054954529;0.54;0.5768354535102844;0.16;0.16629786789417267
0.6;0.6089051365852356;0.26;0.2454218864440918;0.38;0.3922637104988098
0.3;0.29511553049087524;0.1;0.10110483318567276;0.36;0.352464497089386
0.1;0.10942216962575912;0.18;0.1671670526266098;0.24;0.24096159636974335
0.18;0.18255609273910522;0.58;0.5872265100479126;0.42;0.4129813313484192
0.16;0.16139070689678192;0.4;0.3773408532142639;0.22;0.2256181240081787
0.32;0.3292464315891266;0.52;0.5231419801712036;0.5;0.49735385179519653
0.12;0.12109552323818207;0.58;0.5729474425315857;0.5;0.4696768820285797
0.2;0.194651260972023;0.46;0.4639459550380707;0.4;0.3931926190853119
0.24;0.256127268075943;0.26;0.23637545108795166;0.1;0.1132131814956665
0.16;0.16367200016975403;0.28;0.2575168311595917;0.38;0.40116557478904724
0.38;0.38691407442092896;0.38;0.38979166746139526;0.44;0.4528011679649353
0.24;0.23987539112567902;0.72;0.7256472706794739;0.32;0.3124147355556488
0.32;0.3190084397792816;0.4;0.41370272636413574;0.4;0.42273932695388794
0.34;0.33996328711509705;0.38;0.3884566128253937;0.48;0.48676949739456177
0.36;0.3692071735858917;0.46;0.4829222559928894;0.26;0.27065321803092957
0.34;0.3461436629295349;0.62;0.6530254483222961;0.38;0.4011538624763489
0.14;0.1376342624425888;0.52;0.5295630097389221;0.3;0.29058966040611267
0.58;0.5807791948318481;0.38;0.35591843724250793;0.42;0.4288300573825836
0.12;0.12195280194282532;0.46;0.4474363625049591;0.38;0.3794327974319458
0.18;0.1791178584098816;0.4;0.4061641991138458;0.44;0.43655508756637573
0.32;0.32267850637435913;0.54;0.5524060130119324;0.34;0.3655942976474762
0.12;0.1192374974489212;0.74;0.7438621520996094;0.32;0.3153923451900482
0.2;0.2054145634174347;0.38;0.36893075704574585;0.18;0.17880353331565857
0.26;0.25053539872169495;0.68;0.6735870838165283;0.12;0.11709244549274445
0.16;0.14279313385486603;0.22;0.23014433681964874;0.3;0.28798460960388184
0.14;0.1386905312538147;0.46;0.4255375862121582;0.16;0.14985308051109314
0.26;0.252218097448349;0.34;0.35662946105003357;0.5;0.48933497071266174
0.34;0.3422614336013794;0.12;0.11434190720319748;0.4;0.44228944182395935
0.28;0.27550479769706726;0.68;0.7104009389877319;0.24;0.24835947155952454
0.24;0.22111564874649048;0.16;0.1642885059118271;0.32;0.32439124584198
0.22;0.21755938231945038;0.2;0.1981944888830185;0.5;0.4912732243537903
0.12;0.12777306139469147;0.84;0.7527465224266052;0.1;0.09566698968410492
0.64;0.6489502787590027;0.3;0.2837749719619751;0.16;0.16846424341201782
0.52;0.5266070365905762;0.14;0.131327286362648;0.16;0.1954021453857422
0.32;0.3187216520309448;0.26;0.2618730962276459;0.38;0.40206342935562134
0.54;0.5567047595977783;0.12;0.10313495993614197;0.48;0.49406489729881287
0.56;0.5678280591964722;0.12;0.11133411526679993;0.44;0.444936603307724
0.16;0.15485604107379913;0.76;0.7575532793998718;0.18;0.17055900394916534
0.28;0.281167209148407;0.14;0.13392874598503113;0.38;0.3979411721229553
0.14;0.13700729608535767;0.42;0.4155920445919037;0.4;0.3944980204105377
0.32;0.33814331889152527;0.3;0.2726014256477356;0.14;0.17982521653175354
0.28;0.27366960048675537;0.22;0.20474590361118317;0.3;0.32819700241088867
0.54;0.5487359762191772;0.38;0.37481334805488586;0.3;0.30418676137924194
0.1;0.10542730987071991;0.16;0.1450025737285614;0.38;0.38742509484291077
0.34;0.33854392170906067;0.18;0.1729349046945572;0.36;0.3832200765609741
0.34;0.33725735545158386;0.24;0.2539474070072174;0.28;0.2969709038734436
0.36;0.3635185658931732;0.18;0.161210834980011;0.16;0.18036675453186035
0.28;0.2919471859931946;0.24;0.23326769471168518;0.5;0.5137749910354614
0.86;0.8359500765800476;0.12;0.09558507800102234;0.16;0.1715172529220581
0.32;0.33211246132850647;0.52;0.5249796509742737;0.22;0.22895550727844238
0.24;0.23821373283863068;0.6;0.617005467414856;0.24;0.2384229153394699
0.4;0.4053327441215515;0.5;0.5131564736366272;0.18;0.18726500868797302
0.6;0.5748794078826904;0.1;0.1271185427904129;0.16;0.15935587882995605
0.44;0.39551496505737305;0.1;0.13684388995170593;0.18;0.1260147988796234
0.7;0.702632486820221;0.26;0.22789031267166138;0.3;0.30705925822257996
0.3;0.2970533072948456;0.54;0.5433179140090942;0.38;0.39080744981765747
0.46;0.46655282378196716;0.28;0.29593297839164734;0.32;0.33433741331100464
0.16;0.16025559604167938;0.66;0.661034882068634;0.34;0.33677011728286743
0.18;0.17848943173885345;0.66;0.6861284971237183;0.12;0.12304673343896866
0.74;0.743754506111145;0.2;0.179923415184021;0.46;0.45756110548973083
0.1;0.11156408488750458;0.68;0.6714616417884827;0.28;0.270648330450058
0.12;0.10697724670171738;0.3;0.2980852425098419;0.24;0.24137139320373535
0.32;0.32043808698654175;0.64;0.6572249531745911;0.22;0.23041506111621857
0.64;0.6352939605712891;0.14;0.15036225318908691;0.14;0.1539887934923172
0.42;0.4243144094944;0.42;0.44282266497612;0.4;0.42570480704307556
0.32;0.32487422227859497;0.62;0.6437374949455261;0.18;0.18757592141628265
0.3;0.30223381519317627;0.16;0.1474522203207016;0.22;0.23904311656951904
0.1;0.10463657975196838;0.64;0.6327424049377441;0.32;0.3138909339904785
0.5;0.47887423634529114;0.18;0.20884136855602264;0.46;0.4369146227836609
0.22;0.2183944284915924;0.26;0.2523369789123535;0.24;0.2543609142303467
0.62;0.6026431322097778;0.12;0.11704637855291367;0.2;0.20649078488349915
0.18;0.18043209612369537;0.28;0.2776549458503723;0.24;0.2478240430355072
0.52;0.5237210988998413;0.3;0.29599788784980774;0.4;0.4198969900608063
0.3;0.30310362577438354;0.64;0.6846417784690857;0.32;0.33309805393218994
0.56;0.5849831104278564;0.34;0.32322242856025696;0.1;0.10541518777608871
0.24;0.21215024590492249;0.12;0.1454276144504547;0.46;0.4628354012966156
0.66;0.6518189907073975;0.2;0.2278696447610855;0.1;0.1013486385345459
0.68;0.6859689950942993;0.16;0.13260352611541748;0.44;0.45969805121421814
0.36;0.357915461063385;0.34;0.3754430115222931;0.14;0.154219388961792
0.18;0.1812223494052887;0.56;0.564529538154602;0.36;0.3557873070240021
0.2;0.2154608964920044;0.68;0.7032058835029602;0.5;0.49236568808555603
0.32;0.3325546681880951;0.48;0.4874057173728943;0.16;0.16753539443016052
0.48;0.48981449007987976;0.36;0.3533889055252075;0.26;0.26654258370399475
0.36;0.37215471267700195;0.48;0.50276118516922;0.1;0.1073237881064415
0.5;0.48877084255218506;0.26;0.30155041813850403;0.14;0.13719098269939423
0.44;0.4402296841144562;0.42;0.43858811259269714;0.44;0.4503765106201172
0.16;0.14460638165473938;0.26;0.2586924433708191;0.18;0.16897836327552795
0.22;0.219717338681221;0.72;0.738180935382843;0.3;0.29593294858932495
0.3;0.29961076378822327;0.44;0.45515304803848267;0.36;0.370323121547699
0.18;0.1785845011472702;0.16;0.14609989523887634;0.38;0.3614014983177185
0.24;0.22797878086566925;0.22;0.21332137286663055;0.2;0.2079515904188156
0.14;0.13232634961605072;0.48;0.46663162112236023;0.22;0.20777234435081482
0.16;0.15930727124214172;0.62;0.6295163631439209;0.34;0.3343631625175476
0.56;0.5586734414100647;0.4;0.38225945830345154;0.38;0.38253381848335266
0.22;0.22632193565368652;0.2;0.1863475888967514;0.12;0.12252481281757355
0.52;0.507912278175354;0.14;0.15382076799869537;0.42;0.42362546920776367
0.14;0.11648939549922943;0.26;0.2754766643047333;0.22;0.21843142807483673
0.82;0.8262729048728943;0.14;0.10845326632261276;0.34;0.35135504603385925
0.14;0.1445542573928833;0.5;0.5079025030136108;0.14;0.13985808193683624
0.34;0.33191972970962524;0.34;0.36711588501930237;0.44;0.4595564901828766
0.54;0.5322848558425903;0.1;0.10008158534765244;0.28;0.26499462127685547
0.1;0.10689370334148407;0.7;0.6935616731643677;0.14;0.13594691455364227
0.26;0.25923874974250793;0.4;0.40904468297958374;0.4;0.4019831717014313
0.18;0.1838090866804123;0.62;0.6202769875526428;0.28;0.2711893618106842
0.3;0.3020111918449402;0.6;0.651018500328064;0.3;0.31252068281173706
0.14;0.1318850964307785;0.36;0.3402937948703766;0.32;0.33287376165390015
0.22;0.2240334302186966;0.42;0.42880693078041077;0.18;0.18131950497627258
0.16;0.16119451820850372;0.76;0.7713242173194885;0.28;0.2745300233364105
0.6;0.583045244216919;0.18;0.20464810729026794;0.26;0.25630927085876465
0.74;0.7446709871292114;0.22;0.1859120875597;0.28;0.29350343346595764
0.18;0.1773136854171753;0.4;0.4028877019882202;0.4;0.39796966314315796
0.32;0.31940045952796936;0.26;0.2742157578468323;0.26;0.28096553683280945
0.28;0.26769736409187317;0.38;0.401703417301178;0.34;0.35227757692337036
0.26;0.26426243782043457;0.7;0.7110303044319153;0.4;0.3937781751155853
0.34;0.3382520079612732;0.36;0.3873561918735504;0.22;0.22870048880577087
0.52;0.5169494152069092;0.24;0.2553035616874695;0.48;0.4903150200843811
0.2;0.18854106962680817;0.72;0.7176205515861511;0.16;0.15324363112449646
0.66;0.6567432284355164;0.26;0.24910318851470947;0.38;0.3843544125556946
0.22;0.22221003472805023;0.38;0.37589988112449646;0.16;0.16483378410339355
0.46;0.45284461975097656;0.12;0.14432597160339355;0.5;0.48025646805763245
0.34;0.34736183285713196;0.54;0.5855787992477417;0.28;0.2953419089317322
0.42;0.4093286991119385;0.2;0.21490317583084106;0.36;0.35829249024391174
0.22;0.22036078572273254;0.6;0.6090832352638245;0.32;0.3207314610481262
0.5;0.5094866752624512;0.48;0.43783313035964966;0.22;0.2181556671857834
0.8;0.809151291847229;0.16;0.12022422254085541;0.16;0.16687647998332977
0.32;0.32453739643096924;0.12;0.11964768171310425;0.44;0.45814648270606995
0.16;0.15094764530658722;0.8;0.756801426410675;0.16;0.1491129845380783
0.4;0.39774638414382935;0.16;0.15874072909355164;0.28;0.3107960820198059
0.12;0.11805088818073273;0.32;0.3020170331001282;0.44;0.44915834069252014
0.28;0.2758997976779938;0.48;0.5105275511741638;0.22;0.22528958320617676
