l1_test;l1_pred;l2_test;l2_pred;beta_test;beta_pred;
0.24;0.2381441742181778;0.1;0.09577488154172897;0.3;0.3053593039512634
0.2;0.19838225841522217;0.64;0.6376834511756897;0.22;0.21800923347473145
0.7;0.70000821352005;0.12;0.113889679312706;0.32;0.33353954553604126
0.66;0.65641850233078;0.22;0.22293417155742645;0.34;0.3356172442436218
0.34;0.3557584881782532;0.62;0.6179304122924805;0.5;0.5052838921546936
0.3;0.3031894564628601;0.66;0.6470292806625366;0.12;0.11847370862960815
0.38;0.3767998516559601;0.1;0.10705175995826721;0.26;0.2330959141254425
0.24;0.2464229017496109;0.74;0.7226918935775757;0.26;0.25805753469467163
0.46;0.4592374265193939;0.42;0.4239860773086548;0.32;0.3153746724128723
0.52;0.5167756676673889;0.28;0.2841534912586212;0.42;0.41420531272888184
0.68;0.6745650172233582;0.24;0.23452550172805786;0.4;0.3959117829799652
0.42;0.4261320233345032;0.52;0.5255618691444397;0.36;0.35679641366004944
0.68;0.6731886863708496;0.26;0.2592456340789795;0.32;0.3183467984199524
0.24;0.2448328584432602;0.68;0.6793429255485535;0.36;0.3546242415904999
0.36;0.3802739381790161;0.38;0.3633139133453369;0.2;0.20838341116905212
0.18;0.17962542176246643;0.18;0.1658221036195755;0.32;0.33829742670059204
0.1;0.11647956818342209;0.52;0.4230937659740448;0.1;0.1060686707496643
0.1;0.10858096182346344;0.7;0.6967064142227173;0.28;0.2789461016654968
0.58;0.5699169635772705;0.24;0.25448188185691833;0.4;0.3922058641910553
0.34;0.3451060950756073;0.32;0.31469300389289856;0.34;0.34379345178604126
0.3;0.31046488881111145;0.58;0.5674814581871033;0.18;0.18235866725444794
0.26;0.2811318635940552;0.34;0.286163866519928;0.18;0.21623221039772034
0.5;0.5167319774627686;0.16;0.14150968194007874;0.32;0.33838289976119995
0.32;0.33010950684547424;0.38;0.3761066198348999;0.46;0.4600231647491455
0.1;0.10274679958820343;0.38;0.35115712881088257;0.2;0.20422311127185822
0.66;0.6610334515571594;0.32;0.3032500743865967;0.38;0.3745858073234558
0.46;0.4616946876049042;0.2;0.19731825590133667;0.46;0.46196848154067993
0.52;0.515845537185669;0.36;0.36461564898490906;0.36;0.35610872507095337
0.36;0.368500292301178;0.22;0.21151931583881378;0.4;0.4014226496219635
0.14;0.13379411399364471;0.76;0.7537062764167786;0.16;0.15603530406951904
0.12;0.12723025679588318;0.52;0.5198807716369629;0.36;0.36075282096862793
0.24;0.2420395016670227;0.34;0.33499616384506226;0.48;0.4734390377998352
0.36;0.361737459897995;0.56;0.5637720823287964;0.46;0.45801424980163574
0.18;0.17928704619407654;0.2;0.1822144240140915;0.34;0.3472014367580414
0.82;0.8148748278617859;0.1;0.10384738445281982;0.38;0.37066957354545593
0.16;0.17581625282764435;0.66;0.6171686053276062;0.12;0.12799270451068878
0.24;0.24269217252731323;0.66;0.6664648652076721;0.2;0.19669575989246368
0.42;0.44535088539123535;0.24;0.20392650365829468;0.18;0.20587626099586487
0.4;0.408846914768219;0.54;0.5341343283653259;0.48;0.48139065504074097
0.28;0.29518139362335205;0.32;0.2795362174510956;0.2;0.22920644283294678
0.22;0.22764702141284943;0.74;0.7418086528778076;0.32;0.31938400864601135
0.5;0.49947842955589294;0.48;0.46026092767715454;0.12;0.11252230405807495
0.76;0.7551986575126648;0.14;0.13388624787330627;0.24;0.24702420830726624
0.38;0.3888172209262848;0.18;0.1434900164604187;0.3;0.34871992468833923
0.1;0.11996575444936752;0.58;0.5622539520263672;0.5;0.5267785787582397
0.86;0.78175950050354;0.1;0.11460022628307343;0.14;0.13518348336219788
0.4;0.414087176322937;0.58;0.5500913262367249;0.22;0.217625692486763
0.12;0.12007655203342438;0.34;0.31982818245887756;0.5;0.5084325075149536
0.14;0.1438080072402954;0.52;0.5162079930305481;0.44;0.44224032759666443
0.34;0.32697784900665283;0.16;0.1545095443725586;0.36;0.37299633026123047
0.46;0.472275048494339;0.34;0.3280507028102875;0.16;0.16079775989055634
0.2;0.21205870807170868;0.38;0.3592323362827301;0.22;0.2266407012939453
0.48;0.47173357009887695;0.48;0.4883997142314911;0.5;0.493500292301178
0.16;0.15814930200576782;0.28;0.2572113275527954;0.24;0.24137070775032043
0.12;0.1236596629023552;0.64;0.6464099287986755;0.36;0.35938888788223267
0.2;0.20867201685905457;0.4;0.3908262550830841;0.26;0.2582855820655823
0.36;0.37444785237312317;0.4;0.3919076919555664;0.38;0.3828273415565491
0.64;0.6422657370567322;0.22;0.1903119534254074;0.12;0.12179775536060333
0.56;0.555954098701477;0.26;0.26714834570884705;0.3;0.29050031304359436
0.24;0.23888787627220154;0.3;0.24411612749099731;0.12;0.1418604552745819
0.3;0.30143359303474426;0.5;0.49883848428726196;0.14;0.1309746950864792
0.6;0.5968618392944336;0.36;0.36529844999313354;0.26;0.2553328275680542
0.6;0.6003462076187134;0.28;0.2575528621673584;0.16;0.16084589064121246
0.18;0.19019238650798798;0.34;0.3155672252178192;0.24;0.259587824344635
0.12;0.14360524713993073;0.56;0.5105876326560974;0.16;0.17339646816253662
0.28;0.2888757884502411;0.54;0.5375578999519348;0.48;0.4829483926296234
0.52;0.5322732925415039;0.12;0.09903356432914734;0.4;0.41636019945144653
0.16;0.16153547167778015;0.8;0.8112385869026184;0.24;0.23630449175834656
0.76;0.7548468112945557;0.2;0.1862579882144928;0.16;0.16391393542289734
0.54;0.5361723899841309;0.42;0.41129130125045776;0.18;0.1725497990846634
0.14;0.1367759257555008;0.26;0.22277984023094177;0.14;0.14866656064987183
0.56;0.5620749592781067;0.3;0.28651946783065796;0.14;0.13205859065055847
0.24;0.24968554079532623;0.54;0.5243448615074158;0.12;0.1229027509689331
0.12;0.11676540970802307;0.2;0.18832209706306458;0.24;0.2481570541858673
0.4;0.397264689207077;0.52;0.5217824578285217;0.36;0.35222166776657104
0.44;0.45078590512275696;0.24;0.21092835068702698;0.22;0.24073481559753418
0.28;0.28357309103012085;0.66;0.6567450761795044;0.46;0.45922183990478516
0.38;0.3876804709434509;0.54;0.5423173904418945;0.24;0.2339637279510498
0.22;0.2201041728258133;0.46;0.4607882797718048;0.2;0.19544316828250885
0.6;0.6076423525810242;0.3;0.29974672198295593;0.48;0.47219333052635193
0.18;0.1917170137166977;0.58;0.574371874332428;0.34;0.34356874227523804
0.48;0.4799181818962097;0.36;0.3609466850757599;0.34;0.33823689818382263
0.12;0.13717977702617645;0.58;0.5603858232498169;0.36;0.3678179681301117
0.4;0.40860068798065186;0.36;0.3557277023792267;0.3;0.3000757098197937
0.52;0.4953780174255371;0.1;0.11399578303098679;0.22;0.1976584941148758
0.6;0.6037477850914001;0.34;0.35556620359420776;0.38;0.36847570538520813
0.1;0.09481492638587952;0.16;0.16623906791210175;0.4;0.3980456292629242
0.52;0.5237762331962585;0.44;0.4519469141960144;0.44;0.4292173385620117
0.46;0.4556490182876587;0.38;0.3811829686164856;0.26;0.25779348611831665
0.3;0.3040595054626465;0.18;0.1311447024345398;0.12;0.14932675659656525
0.18;0.1784471571445465;0.14;0.12834806740283966;0.5;0.5083249807357788
0.5;0.4948740303516388;0.12;0.10396349430084229;0.32;0.33175379037857056
0.18;0.1864253729581833;0.5;0.4797315299510956;0.28;0.2847684621810913
0.12;0.10307392477989197;0.16;0.14945971965789795;0.18;0.19728629291057587
0.5;0.49793821573257446;0.46;0.47441911697387695;0.5;0.48896437883377075
0.34;0.34520161151885986;0.56;0.5531392097473145;0.34;0.3364415764808655
0.26;0.27123168110847473;0.32;0.2892530858516693;0.28;0.30265012383461
0.44;0.43901821970939636;0.32;0.29362884163856506;0.12;0.12080568075180054
0.3;0.31230053305625916;0.24;0.20689909160137177;0.22;0.25057727098464966
0.62;0.6119179129600525;0.28;0.2793876528739929;0.24;0.2376156747341156
0.52;0.5049722194671631;0.44;0.4587774872779846;0.3;0.2916298806667328
0.44;0.44312983751296997;0.36;0.35483458638191223;0.24;0.2441057711839676
0.16;0.15137803554534912;0.78;0.7901391983032227;0.42;0.40958499908447266
0.2;0.19978350400924683;0.52;0.5196219682693481;0.32;0.3230133056640625
0.8;0.7908650636672974;0.16;0.1656446009874344;0.44;0.437861829996109
0.16;0.16668124496936798;0.36;0.32639750838279724;0.18;0.19611136615276337
0.36;0.3582096993923187;0.46;0.4637918174266815;0.32;0.31780877709388733
0.26;0.2602575421333313;0.66;0.6556653380393982;0.46;0.45919069647789
0.26;0.24477267265319824;0.72;0.7164965271949768;0.14;0.13538852334022522
0.12;0.11953955143690109;0.3;0.2769929766654968;0.34;0.35200271010398865
0.12;0.12860670685768127;0.7;0.6861057281494141;0.24;0.23932862281799316
0.16;0.17453533411026;0.5;0.47810089588165283;0.28;0.28638553619384766
0.1;0.10670555382966995;0.38;0.3520561158657074;0.24;0.25558605790138245
0.22;0.19918721914291382;0.74;0.7581128478050232;0.1;0.09161639213562012
0.54;0.5589006543159485;0.2;0.17387638986110687;0.5;0.5224412083625793
0.16;0.16309069097042084;0.24;0.21998602151870728;0.32;0.32052290439605713
0.4;0.4041816294193268;0.3;0.28752708435058594;0.26;0.27306315302848816
0.14;0.11579842865467072;0.1;0.11621212214231491;0.22;0.20643922686576843
0.38;0.38831666111946106;0.4;0.3974819481372833;0.44;0.4399625360965729
0.18;0.19680975377559662;0.6;0.5502511262893677;0.1;0.10808853805065155
0.36;0.39595186710357666;0.4;0.32381367683410645;0.1;0.11099179089069366
0.18;0.1897428035736084;0.62;0.6212553977966309;0.38;0.3841438889503479
0.2;0.19949230551719666;0.22;0.20342211425304413;0.34;0.34358933568000793
0.38;0.40081772208213806;0.22;0.1454937607049942;0.16;0.22580602765083313
0.1;0.10894406586885452;0.8;0.7874794006347656;0.3;0.30031973123550415
0.12;0.11715178936719894;0.14;0.12905888259410858;0.4;0.4074229598045349
0.12;0.12221992015838623;0.12;0.12287221103906631;0.12;0.1213240772485733
0.32;0.33306607604026794;0.34;0.3040425181388855;0.2;0.22885064780712128
0.66;0.6672443151473999;0.2;0.19932883977890015;0.46;0.4561634063720703
0.2;0.20121799409389496;0.66;0.6540359258651733;0.34;0.34058207273483276
0.26;0.27514031529426575;0.56;0.5574188232421875;0.38;0.3818718492984772
0.56;0.555031955242157;0.38;0.3868107795715332;0.2;0.19295421242713928
0.34;0.3589530885219574;0.24;0.1558048576116562;0.1;0.15443119406700134
0.36;0.3755863606929779;0.3;0.27329230308532715;0.22;0.24906416237354279
0.3;0.30470412969589233;0.66;0.6637120842933655;0.34;0.33413416147232056
0.28;0.2750939428806305;0.14;0.11862625926733017;0.26;0.2654072642326355
0.12;0.12415298819541931;0.1;0.07615024596452713;0.42;0.4265509247779846
0.16;0.16234296560287476;0.26;0.2562001645565033;0.44;0.4437667727470398
0.62;0.6236723065376282;0.22;0.22380097210407257;0.36;0.3592757284641266
0.6;0.6040731072425842;0.36;0.3721851408481598;0.36;0.3505122661590576
0.24;0.23450183868408203;0.7;0.711392879486084;0.24;0.2372942417860031
0.1;0.11633841693401337;0.56;0.5350754857063293;0.5;0.5185952186584473
0.2;0.20491556823253632;0.38;0.3738188147544861;0.44;0.4436402916908264
0.22;0.21484313905239105;0.76;0.7590078711509705;0.18;0.17228470742702484
0.28;0.2966480851173401;0.28;0.23558492958545685;0.14;0.15698464214801788
0.6;0.6076623797416687;0.24;0.2134280502796173;0.12;0.11389531940221786
0.1;0.11867067217826843;0.64;0.6033653616905212;0.24;0.25269317626953125
0.62;0.6161425709724426;0.32;0.32699230313301086;0.22;0.21131975948810577
0.26;0.24367168545722961;0.16;0.12592655420303345;0.14;0.1577969640493393
0.38;0.3758901059627533;0.46;0.46484434604644775;0.4;0.39511245489120483
0.2;0.1970045268535614;0.68;0.6765540838241577;0.36;0.3600522577762604
0.22;0.22244468331336975;0.66;0.6573903560638428;0.24;0.23813478648662567
0.72;0.7196060419082642;0.26;0.2556665241718292;0.46;0.45485544204711914
0.66;0.658545196056366;0.22;0.22446955740451813;0.4;0.39277777075767517
0.32;0.3248376250267029;0.56;0.5562358498573303;0.42;0.41347408294677734
0.5;0.5255659222602844;0.28;0.23133650422096252;0.1;0.10123112052679062
0.32;0.3317561447620392;0.6;0.5932567119598389;0.4;0.3947281241416931
0.28;0.28906214237213135;0.36;0.3313729465007782;0.24;0.2626142203807831
0.16;0.14354218542575836;0.14;0.13398943841457367;0.16;0.17514273524284363
0.34;0.33967018127441406;0.32;0.314194917678833;0.3;0.30964332818984985
0.38;0.37972787022590637;0.5;0.5039332509040833;0.28;0.2744286358356476
0.36;0.3636208176612854;0.4;0.39960381388664246;0.26;0.259093701839447
0.4;0.40721291303634644;0.44;0.44302454590797424;0.36;0.3559402525424957
0.64;0.6456102728843689;0.3;0.3100971281528473;0.44;0.4314146041870117
0.12;0.12183297425508499;0.24;0.22040623426437378;0.26;0.26730042695999146
0.3;0.30967724323272705;0.52;0.5251628160476685;0.28;0.28013595938682556
0.68;0.6726831197738647;0.22;0.21417748928070068;0.18;0.1819939911365509
0.2;0.19949473440647125;0.5;0.49833938479423523;0.32;0.32184725999832153
0.14;0.14591197669506073;0.3;0.25254544615745544;0.16;0.16712114214897156
0.66;0.6577669382095337;0.12;0.11906840652227402;0.24;0.25156059861183167
0.78;0.7751883268356323;0.18;0.1898036152124405;0.46;0.45380720496177673
0.38;0.38037195801734924;0.44;0.4425608813762665;0.28;0.2775909900665283
0.44;0.4374268054962158;0.4;0.4063645303249359;0.28;0.2720155119895935
0.72;0.7083709836006165;0.18;0.1788136214017868;0.42;0.4176664352416992
0.32;0.32642272114753723;0.5;0.5020405054092407;0.3;0.29849928617477417
0.28;0.26613321900367737;0.1;0.09242966771125793;0.2;0.19184701144695282
0.34;0.3395145833492279;0.26;0.24684299528598785;0.38;0.3890000879764557
0.12;0.12793093919754028;0.7;0.6935751438140869;0.38;0.37981337308883667
0.44;0.44457852840423584;0.24;0.2337772250175476;0.36;0.3649173974990845
0.44;0.4422069191932678;0.54;0.5304896235466003;0.38;0.37317129969596863
0.28;0.3065514862537384;0.26;0.1889737844467163;0.1;0.12889936566352844
0.2;0.20186485350131989;0.36;0.3333042860031128;0.16;0.17343488335609436
0.1;0.10115009546279907;0.14;0.13649827241897583;0.4;0.4129698872566223
0.34;0.3552933633327484;0.28;0.23685799539089203;0.24;0.28637051582336426
0.84;0.8380493521690369;0.1;0.10544101148843765;0.44;0.41849175095558167
0.34;0.3491283655166626;0.34;0.3362553119659424;0.42;0.41477781534194946
0.54;0.5437198281288147;0.32;0.31008443236351013;0.2;0.19938436150550842
0.32;0.3149913549423218;0.18;0.19026106595993042;0.42;0.408081591129303
0.74;0.662972629070282;0.1;0.07687433063983917;0.1;0.1271764039993286
0.28;0.2886459529399872;0.56;0.5604700446128845;0.48;0.48394185304641724
0.1;0.10051708668470383;0.84;0.8560484647750854;0.28;0.27897483110427856
0.14;0.1325509250164032;0.84;0.8278361558914185;0.44;0.4334297180175781
0.44;0.4438261389732361;0.5;0.5022672414779663;0.26;0.25370854139328003
0.36;0.3612343668937683;0.58;0.5859644412994385;0.28;0.2758689522743225
0.28;0.27297359704971313;0.7;0.6953771710395813;0.2;0.1954515278339386
0.4;0.40329259634017944;0.56;0.558799684047699;0.5;0.5009275674819946
0.16;0.16229106485843658;0.76;0.7631278038024902;0.14;0.13768981397151947
0.26;0.2771572172641754;0.28;0.19283288717269897;0.1;0.13545338809490204
0.1;0.10770075023174286;0.8;0.7829207181930542;0.28;0.2822105288505554
0.46;0.4521040618419647;0.14;0.11311770975589752;0.18;0.208211749792099
0.32;0.3336437940597534;0.14;0.10659082978963852;0.2;0.2199983149766922
0.4;0.4146263897418976;0.22;0.17264482378959656;0.28;0.3318246603012085
0.26;0.2561250329017639;0.14;0.13012802600860596;0.44;0.4518260955810547
0.34;0.3509041965007782;0.38;0.37284812331199646;0.44;0.4426787495613098
0.6;0.6008143424987793;0.32;0.32895150780677795;0.28;0.27340877056121826
0.16;0.1538710743188858;0.26;0.24548578262329102;0.34;0.341732919216156
0.1;0.11005594581365585;0.24;0.21922767162322998;0.22;0.22812426090240479
0.16;0.15771836042404175;0.12;0.11934999376535416;0.28;0.2919979989528656
0.14;0.13863304257392883;0.82;0.7998170256614685;0.12;0.11730580031871796
0.3;0.30137887597084045;0.1;0.08315268158912659;0.38;0.38097554445266724
0.34;0.366300493478775;0.28;0.22899706661701202;0.16;0.19922509789466858
0.28;0.28757625818252563;0.3;0.28217682242393494;0.3;0.30684006214141846
0.32;0.3274427652359009;0.26;0.24681679904460907;0.28;0.28673067688941956
0.28;0.28286150097846985;0.66;0.6755199432373047;0.34;0.3345358967781067
0.72;0.7149209976196289;0.26;0.24938219785690308;0.36;0.3499486744403839
0.1;0.10026860237121582;0.3;0.27393457293510437;0.26;0.2700803875923157
0.14;0.14705321192741394;0.68;0.6564358472824097;0.22;0.2229781150817871
0.2;0.20399080216884613;0.32;0.30923211574554443;0.36;0.3759009838104248
0.12;0.125576451420784;0.32;0.2541750967502594;0.14;0.15301774442195892
0.8;0.8044371008872986;0.12;0.12069856375455856;0.16;0.1596391201019287
0.2;0.20480017364025116;0.72;0.726260244846344;0.24;0.23924675583839417
0.32;0.314960777759552;0.18;0.16464972496032715;0.26;0.2832905352115631
0.32;0.32729843258857727;0.4;0.39388084411621094;0.48;0.4804099202156067
0.16;0.16551470756530762;0.44;0.4353594183921814;0.36;0.36263778805732727
0.62;0.6225353479385376;0.28;0.27869418263435364;0.36;0.35403257608413696
0.12;0.1160833090543747;0.34;0.3109639883041382;0.24;0.2488868534564972
0.52;0.5327159762382507;0.46;0.44462406635284424;0.5;0.4985828399658203
0.18;0.17680226266384125;0.78;0.7926753163337708;0.22;0.21650342643260956
0.42;0.4413270354270935;0.38;0.37160590291023254;0.4;0.40221071243286133
0.4;0.40942564606666565;0.32;0.31404969096183777;0.44;0.44166654348373413
0.24;0.2653908133506775;0.46;0.3810592293739319;0.14;0.1742454320192337
0.44;0.45903244614601135;0.3;0.2828502058982849;0.26;0.268589586019516
0.4;0.39588165283203125;0.1;0.11171712726354599;0.4;0.35226255655288696
0.56;0.5537626147270203;0.34;0.3412800431251526;0.4;0.3959527015686035
0.58;0.5818898677825928;0.28;0.28449857234954834;0.34;0.33521825075149536
0.86;0.8133765459060669;0.1;0.10786880552768707;0.16;0.15309765934944153
0.3;0.2947177290916443;0.2;0.2144351303577423;0.3;0.29251164197921753
0.4;0.4066706895828247;0.4;0.4021298885345459;0.2;0.2005624771118164
0.62;0.6186437606811523;0.18;0.18185938894748688;0.42;0.4209674894809723
0.26;0.2568040192127228;0.56;0.5570996999740601;0.14;0.1417381763458252
0.12;0.1257256418466568;0.7;0.674831748008728;0.16;0.15569908916950226
0.14;0.1472567617893219;0.62;0.6240555644035339;0.42;0.412494957447052
0.42;0.4251365065574646;0.56;0.5348148345947266;0.2;0.1952979564666748
0.54;0.5411336421966553;0.32;0.3204094469547272;0.22;0.21498477458953857
0.72;0.7125511169433594;0.12;0.09670103341341019;0.12;0.1375180184841156
0.36;0.3735915422439575;0.38;0.36820879578590393;0.22;0.22729477286338806
0.22;0.22073671221733093;0.68;0.6896583437919617;0.18;0.176161527633667
0.2;0.20482352375984192;0.34;0.3408510982990265;0.38;0.38719281554222107
0.48;0.48221269249916077;0.16;0.13688895106315613;0.14;0.15512903034687042
0.14;0.139656201004982;0.22;0.19473415613174438;0.26;0.27956295013427734
0.4;0.42583024501800537;0.26;0.19912420213222504;0.14;0.17916038632392883
0.44;0.4555644989013672;0.2;0.16482000052928925;0.24;0.27793335914611816
0.18;0.17817272245883942;0.68;0.6712247729301453;0.22;0.21844129264354706
0.52;0.518240749835968;0.12;0.10277476161718369;0.34;0.35722747445106506
0.26;0.27697715163230896;0.3;0.25979435443878174;0.26;0.2909199595451355
0.72;0.7136984467506409;0.18;0.17385545372962952;0.18;0.1877000331878662
0.62;0.6255609393119812;0.16;0.12585820257663727;0.1;0.12421818822622299
0.22;0.22689111530780792;0.22;0.19870875775814056;0.44;0.45503100752830505
0.16;0.16882383823394775;0.2;0.17113971710205078;0.36;0.37975984811782837
0.72;0.7165743708610535;0.22;0.22326044738292694;0.34;0.3367897868156433
0.2;0.20369233191013336;0.74;0.7590633034706116;0.18;0.17322459816932678
0.18;0.15547123551368713;0.14;0.12426311522722244;0.14;0.15941183269023895
0.22;0.22519870102405548;0.44;0.42889079451560974;0.32;0.3287208378314972
0.22;0.225016787648201;0.7;0.7012153267860413;0.32;0.3168894350528717
0.7;0.7000412344932556;0.28;0.2721579968929291;0.22;0.2157621830701828
0.54;0.5399991869926453;0.12;0.11254523694515228;0.42;0.43731689453125
0.1;0.09863225370645523;0.86;0.8451401591300964;0.18;0.17550916969776154
0.34;0.3480239808559418;0.52;0.5154401659965515;0.24;0.23746924102306366
0.54;0.5500832796096802;0.18;0.16795198619365692;0.34;0.3550739884376526
0.34;0.3549857437610626;0.58;0.5761967897415161;0.5;0.5056384801864624
0.6;0.5767291784286499;0.14;0.11503969877958298;0.1;0.1168036237359047
0.26;0.27299603819847107;0.3;0.2693673372268677;0.3;0.32380563020706177
0.16;0.15858089923858643;0.44;0.4439423382282257;0.48;0.47968220710754395
0.18;0.2045903205871582;0.46;0.3692133128643036;0.12;0.15644507110118866
0.18;0.17964249849319458;0.5;0.49729084968566895;0.5;0.49565640091896057
0.26;0.2419736534357071;0.1;0.08759760111570358;0.32;0.31913694739341736
0.48;0.4745010435581207;0.34;0.3574737310409546;0.46;0.45226114988327026
0.38;0.4011612832546234;0.34;0.33297333121299744;0.42;0.4226817190647125
0.12;0.12092307209968567;0.46;0.44077280163764954;0.18;0.1831759512424469
0.38;0.3521999716758728;0.14;0.12317726761102676;0.1;0.13322016596794128
0.72;0.7216924428939819;0.14;0.10211922228336334;0.1;0.12371723353862762
0.34;0.35455864667892456;0.54;0.5299020409584045;0.2;0.198830246925354
0.22;0.22431078553199768;0.56;0.5515000224113464;0.34;0.3416743278503418
0.1;0.08822876960039139;0.12;0.11872580647468567;0.2;0.20736849308013916
0.24;0.24412737786769867;0.28;0.27051275968551636;0.36;0.37362200021743774
0.46;0.45684322714805603;0.42;0.41789510846138;0.2;0.1942063868045807
0.36;0.36999690532684326;0.46;0.45723795890808105;0.24;0.2388075888156891
0.38;0.3931345045566559;0.54;0.5373024940490723;0.22;0.21586033701896667
0.72;0.7230135202407837;0.2;0.19891966879367828;0.28;0.2852959930896759
0.84;0.8291000127792358;0.12;0.131630539894104;0.34;0.33481988310813904
0.14;0.14880158007144928;0.6;0.5914046168327332;0.46;0.4593541622161865
0.38;0.38725078105926514;0.6;0.57917320728302;0.34;0.3374316096305847
0.68;0.6759732365608215;0.3;0.28728780150413513;0.36;0.35524609684944153
0.66;0.6513773798942566;0.2;0.1875227689743042;0.16;0.1634318232536316
0.22;0.2312120646238327;0.22;0.20533090829849243;0.5;0.5153350830078125
0.42;0.4239743947982788;0.48;0.48168185353279114;0.44;0.43608179688453674
0.1;0.122991181910038;0.52;0.49662601947784424;0.36;0.3781850039958954
0.26;0.2686223089694977;0.36;0.34590497612953186;0.28;0.2882991433143616
0.38;0.4085092842578888;0.52;0.4927898049354553;0.1;0.09633701294660568
0.4;0.4135936200618744;0.32;0.31682321429252625;0.4;0.40142735838890076
0.24;0.2596896290779114;0.62;0.5905672907829285;0.12;0.12353823333978653
0.52;0.5265902876853943;0.42;0.4158792495727539;0.1;0.0929812416434288
0.2;0.21214574575424194;0.24;0.22959855198860168;0.46;0.46446648240089417
0.18;0.18591773509979248;0.7;0.6963669061660767;0.4;0.3981035053730011
0.38;0.39808353781700134;0.24;0.21331286430358887;0.48;0.5044073462486267
0.18;0.18828727304935455;0.1;0.0988365188241005;0.34;0.3516257703304291
0.14;0.14612244069576263;0.68;0.6799151301383972;0.32;0.31665459275245667
0.16;0.1663825511932373;0.42;0.43007466197013855;0.44;0.4364967942237854
0.28;0.28798913955688477;0.3;0.29532185196876526;0.42;0.41739338636398315
0.5;0.4714674949645996;0.12;0.11972016096115112;0.22;0.21878699958324432
0.16;0.16558824479579926;0.66;0.6539753675460815;0.5;0.49853381514549255
0.38;0.3925703763961792;0.44;0.4349064528942108;0.38;0.38106605410575867
0.14;0.13144813477993011;0.18;0.15368887782096863;0.1;0.11039286851882935
0.34;0.3334297835826874;0.16;0.13695470988750458;0.24;0.2668702304363251
0.16;0.1677764505147934;0.54;0.5260716676712036;0.38;0.3794776499271393
0.12;0.12506426870822906;0.38;0.35142943263053894;0.26;0.2684590220451355
0.6;0.6059205532073975;0.38;0.3683762550354004;0.32;0.3205973207950592
0.24;0.24677197635173798;0.62;0.6152867674827576;0.34;0.3406297564506531
0.8;0.8014905452728271;0.12;0.10943517833948135;0.26;0.2671123445034027
0.72;0.7089017629623413;0.1;0.09009391814470291;0.3;0.31170326471328735
0.46;0.45844948291778564;0.18;0.13522471487522125;0.1;0.13228628039360046
0.2;0.22344090044498444;0.48;0.4049854576587677;0.14;0.1727800816297531
0.16;0.13161157071590424;0.1;0.1149214580655098;0.22;0.22015509009361267
0.22;0.2034294158220291;0.26;0.20114463567733765;0.1;0.11563871800899506
0.68;0.6811530590057373;0.2;0.20049196481704712;0.46;0.4527997374534607
0.12;0.12639592587947845;0.42;0.374878853559494;0.1;0.09887226670980453
0.12;0.1311226189136505;0.58;0.5726299285888672;0.46;0.46200472116470337
0.58;0.580969512462616;0.26;0.2657985985279083;0.34;0.3361121118068695
0.5;0.4522044360637665;0.1;0.10570186376571655;0.22;0.19781741499900818
0.46;0.4611952602863312;0.12;0.11387841403484344;0.48;0.49683865904808044
0.46;0.4570298492908478;0.36;0.3748795986175537;0.46;0.4552152752876282
0.34;0.3579259514808655;0.48;0.4624704420566559;0.18;0.18373574316501617
0.24;0.24853399395942688;0.58;0.5785359144210815;0.42;0.4193055033683777
0.64;0.6409310102462769;0.32;0.3084006607532501;0.12;0.11919143050909042
0.1;0.10280786454677582;0.42;0.39051997661590576;0.5;0.5135177373886108
0.44;0.43521425127983093;0.42;0.42450031638145447;0.26;0.2536371350288391
0.32;0.3255610167980194;0.62;0.6247838735580444;0.34;0.3355315625667572
0.3;0.31326228380203247;0.3;0.28143590688705444;0.48;0.49112844467163086
0.18;0.1882701814174652;0.78;0.7757735848426819;0.48;0.4761483669281006
0.28;0.3047056198120117;0.28;0.22443051636219025;0.12;0.14142628014087677
0.1;0.08710771054029465;0.16;0.1491973102092743;0.16;0.18358354270458221
0.2;0.20152781903743744;0.74;0.744397759437561;0.48;0.4754837155342102
0.32;0.3247162401676178;0.24;0.23024925589561462;0.36;0.3767114579677582
0.52;0.5258085131645203;0.46;0.42835885286331177;0.1;0.09321145713329315
0.58;0.5840935707092285;0.22;0.20973747968673706;0.28;0.2827666103839874
0.7;0.6966968774795532;0.16;0.15548861026763916;0.3;0.3068890869617462
0.68;0.6796460151672363;0.26;0.261721670627594;0.46;0.4570280909538269
0.22;0.2289656102657318;0.64;0.6328215003013611;0.38;0.3798895478248596
0.4;0.405199259519577;0.32;0.3091931939125061;0.26;0.2680368423461914
0.4;0.4229258894920349;0.22;0.15689679980278015;0.18;0.2409195601940155
0.14;0.14577814936637878;0.58;0.5831437110900879;0.36;0.35520482063293457
0.1;0.10084784030914307;0.88;0.8589475154876709;0.46;0.4572712779045105
0.26;0.24595260620117188;0.16;0.1327866166830063;0.16;0.17514470219612122
0.5;0.5155046582221985;0.12;0.09893971681594849;0.42;0.4342087209224701
0.16;0.15961787104606628;0.6;0.6105419397354126;0.32;0.31199395656585693
0.6;0.602118968963623;0.32;0.32821837067604065;0.32;0.3135308623313904
0.26;0.2752569317817688;0.48;0.4183861017227173;0.14;0.16289973258972168
0.74;0.7320080995559692;0.14;0.1437566578388214;0.28;0.2874573767185211
0.1;0.12083984166383743;0.6;0.55973881483078;0.36;0.3835128843784332
0.8;0.8000036478042603;0.12;0.11787272244691849;0.2;0.20173311233520508
0.32;0.32190650701522827;0.12;0.09587515145540237;0.42;0.4431426525115967
0.28;0.28582650423049927;0.34;0.3314376771450043;0.34;0.3486413359642029
0.34;0.3409176170825958;0.26;0.24856434762477875;0.4;0.403545081615448
0.16;0.1626274138689041;0.26;0.24613307416439056;0.5;0.5109208226203918
0.6;0.5983542203903198;0.32;0.3314301073551178;0.34;0.3267920911312103
0.32;0.3279699385166168;0.16;0.13517235219478607;0.44;0.47375601530075073
0.44;0.43318501114845276;0.48;0.4905506372451782;0.12;0.11340199410915375
0.48;0.48014238476753235;0.3;0.30543196201324463;0.46;0.4561612010002136
0.44;0.43042245507240295;0.12;0.11530650407075882;0.42;0.4343715310096741
0.1;0.11407119780778885;0.72;0.6935330033302307;0.2;0.1985580176115036
0.2;0.2051684409379959;0.14;0.12350240349769592;0.26;0.28958946466445923
0.74;0.734529435634613;0.24;0.20657086372375488;0.14;0.141323521733284
0.56;0.5620971322059631;0.34;0.33512386679649353;0.14;0.13176539540290833
0.64;0.6418094038963318;0.28;0.2761383652687073;0.16;0.15772846341133118
0.2;0.19869281351566315;0.64;0.6394471526145935;0.24;0.23845461010932922
0.1;0.1676095724105835;0.68;0.4907991290092468;0.12;0.166540265083313
0.8;0.7998141050338745;0.16;0.15059801936149597;0.18;0.18928349018096924
0.52;0.5230862498283386;0.24;0.23088453710079193;0.44;0.4432166516780853
0.14;0.13908237218856812;0.74;0.71442049741745;0.2;0.1999242603778839
0.12;0.1328265219926834;0.48;0.4630245864391327;0.34;0.3514000475406647
0.14;0.1509026736021042;0.46;0.43421176075935364;0.22;0.22633576393127441
0.24;0.24153248965740204;0.36;0.36220404505729675;0.42;0.4165189266204834
0.24;0.24703349173069;0.38;0.36309441924095154;0.46;0.47345227003097534
0.22;0.22877702116966248;0.36;0.34926605224609375;0.44;0.4416714310646057
0.36;0.36652636528015137;0.26;0.2546767294406891;0.42;0.41638192534446716
0.58;0.5616402626037598;0.1;0.10183750838041306;0.16;0.16379454731941223
0.18;0.18659135699272156;0.66;0.6538623571395874;0.32;0.3255053460597992
0.14;0.15833845734596252;0.44;0.4234505295753479;0.46;0.4734419882297516
0.28;0.2864113450050354;0.58;0.5695136785507202;0.22;0.21953150629997253
0.42;0.4268072843551636;0.32;0.32370826601982117;0.44;0.435122013092041
0.48;0.4800538122653961;0.28;0.2765381336212158;0.3;0.3041378855705261
0.18;0.18016737699508667;0.78;0.7862268090248108;0.14;0.1365911066532135
0.2;0.1873791515827179;0.22;0.19562052190303802;0.24;0.2510441541671753
0.34;0.35565268993377686;0.38;0.36444059014320374;0.24;0.24886322021484375
0.2;0.2044648379087448;0.66;0.6476831436157227;0.38;0.3867151141166687
0.6;0.5935365557670593;0.36;0.3642180562019348;0.16;0.15160886943340302
0.7;0.7018747329711914;0.24;0.2507955729961395;0.5;0.49470415711402893
0.56;0.5636674761772156;0.32;0.31720754504203796;0.28;0.2744379937648773
0.56;0.5562722086906433;0.4;0.405338317155838;0.28;0.2699461579322815
0.22;0.21249663829803467;0.2;0.18937835097312927;0.38;0.3871271312236786
0.3;0.30488598346710205;0.68;0.666316568851471;0.2;0.19857224822044373
0.72;0.7225144505500793;0.26;0.2473336160182953;0.26;0.2552139163017273
0.52;0.5235548615455627;0.2;0.18519361317157745;0.4;0.40902581810951233
0.22;0.2228287160396576;0.54;0.5327956080436707;0.26;0.2602342963218689
0.5;0.5050229430198669;0.36;0.3583950996398926;0.2;0.1968519389629364
0.44;0.42747196555137634;0.18;0.12262364476919174;0.12;0.16752852499485016
0.22;0.22311146557331085;0.7;0.7061907649040222;0.26;0.25751662254333496
0.12;0.1304405778646469;0.68;0.642883837223053;0.16;0.1587865650653839
0.44;0.44229334592819214;0.18;0.16730201244354248;0.4;0.4183588922023773
0.12;0.12291303277015686;0.16;0.14272144436836243;0.1;0.11142883449792862
0.38;0.3973785936832428;0.18;0.14443887770175934;0.28;0.3238019347190857
0.36;0.36416566371917725;0.14;0.13990113139152527;0.46;0.44623875617980957
0.1;0.10520204901695251;0.42;0.40451860427856445;0.44;0.4456688463687897
0.26;0.26657024025917053;0.34;0.3310205042362213;0.36;0.36792001128196716
0.22;0.2227737456560135;0.7;0.7147825360298157;0.12;0.11795906722545624
0.18;0.18014265596866608;0.12;0.10787750780582428;0.36;0.38332271575927734
0.42;0.441558837890625;0.42;0.4119787812232971;0.48;0.48010721802711487
0.34;0.3440459966659546;0.24;0.2361820936203003;0.44;0.4422973692417145
0.24;0.25301817059516907;0.48;0.47269147634506226;0.38;0.3818959593772888
0.76;0.7550831437110901;0.18;0.19003929197788239;0.36;0.35537463426589966
0.3;0.3064207136631012;0.46;0.4627169072628021;0.26;0.26130256056785583
0.18;0.18886514008045197;0.46;0.4607020318508148;0.46;0.4559229910373688
0.64;0.6430266499519348;0.34;0.30946311354637146;0.2;0.19971802830696106
0.2;0.17155756056308746;0.1;0.10411916673183441;0.2;0.2025589644908905
0.14;0.14551828801631927;0.48;0.46148520708084106;0.24;0.24126049876213074
0.48;0.5008581876754761;0.3;0.25304660201072693;0.1;0.10101336240768433
0.34;0.3251699209213257;0.48;0.47975486516952515;0.16;0.15637607872486115
0.36;0.34785565733909607;0.58;0.590461254119873;0.18;0.17185908555984497
0.18;0.1730789989233017;0.22;0.2071346640586853;0.38;0.37677526473999023
0.64;0.6415408849716187;0.14;0.1318712681531906;0.2;0.21589891612529755
0.22;0.2192188799381256;0.68;0.6866300106048584;0.14;0.13809581100940704
0.3;0.3042988181114197;0.14;0.10822467505931854;0.36;0.38946324586868286
0.5;0.5118238925933838;0.16;0.14827121794223785;0.4;0.41973844170570374
0.26;0.25062426924705505;0.64;0.6459380984306335;0.18;0.1768008917570114
0.26;0.26991644501686096;0.34;0.31603437662124634;0.3;0.3189533054828644
0.14;0.14247344434261322;0.28;0.23718781769275665;0.16;0.16911093890666962
0.14;0.13243618607521057;0.12;0.11745074391365051;0.42;0.4241406321525574
0.5;0.48933061957359314;0.38;0.39106613397598267;0.16;0.14865580201148987
0.52;0.5083442330360413;0.32;0.3329353332519531;0.34;0.3351227641105652
0.68;0.6749700903892517;0.1;0.10246507078409195;0.34;0.34129661321640015
0.4;0.40301769971847534;0.32;0.27175524830818176;0.12;0.1346958428621292
0.18;0.18766547739505768;0.46;0.46328240633010864;0.48;0.47259026765823364
0.2;0.19531814754009247;0.26;0.22151951491832733;0.14;0.14688687026500702
0.14;0.11911080777645111;0.14;0.13547928631305695;0.16;0.17269086837768555
0.54;0.5451692342758179;0.26;0.27130430936813354;0.5;0.48826074600219727
0.72;0.715546190738678;0.12;0.11693231016397476;0.34;0.3452988266944885
0.24;0.24234485626220703;0.52;0.5123482346534729;0.28;0.2812153697013855
0.18;0.1811569631099701;0.66;0.6340441703796387;0.16;0.16242392361164093
0.2;0.19642427563667297;0.24;0.20023036003112793;0.2;0.20979471504688263
0.42;0.43625572323799133;0.34;0.324469655752182;0.2;0.20589618384838104
0.5;0.49606969952583313;0.34;0.34279367327690125;0.32;0.3181217610836029
0.28;0.28046879172325134;0.62;0.6207916140556335;0.16;0.1573915183544159
0.14;0.1474519968032837;0.5;0.4839280843734741;0.32;0.3282374143600464
0.86;0.861329197883606;0.12;0.11189296096563339;0.4;0.3928542733192444
0.68;0.6742360591888428;0.26;0.27031660079956055;0.16;0.15695330500602722
0.1;0.10391876101493835;0.32;0.2910092771053314;0.3;0.3126668334007263
0.16;0.16624242067337036;0.3;0.28181156516075134;0.48;0.4842422604560852
0.42;0.425711065530777;0.36;0.36252835392951965;0.26;0.2565537989139557
0.22;0.22404532134532928;0.38;0.3815068304538727;0.32;0.3189108073711395
0.46;0.4808304011821747;0.16;0.14384868741035461;0.4;0.42272239923477173
0.26;0.24206918478012085;0.22;0.21854451298713684;0.24;0.24786889553070068
0.28;0.2896123230457306;0.62;0.6077547073364258;0.32;0.31923556327819824
0.44;0.44171473383903503;0.5;0.503295361995697;0.34;0.3367021381855011
0.64;0.6351500749588013;0.2;0.186872661113739;0.2;0.20755358040332794
0.22;0.22168990969657898;0.6;0.5961066484451294;0.36;0.35816746950149536
0.28;0.29168641567230225;0.26;0.22999371588230133;0.28;0.30142340064048767
0.32;0.3304305076599121;0.36;0.33009007573127747;0.2;0.2177155762910843
0.22;0.2238241583108902;0.26;0.2505718171596527;0.32;0.3313106596469879
0.56;0.5762186646461487;0.18;0.16337049007415771;0.32;0.33800560235977173
0.22;0.23423786461353302;0.38;0.34421321749687195;0.22;0.2396281659603119
0.36;0.37147581577301025;0.28;0.2694462239742279;0.3;0.31228986382484436
0.48;0.4736311733722687;0.46;0.47191253304481506;0.24;0.23365418612957
0.34;0.3426986336708069;0.2;0.14984820783138275;0.16;0.2065293788909912
0.42;0.420165479183197;0.42;0.4270210564136505;0.26;0.25260454416275024
0.64;0.6403037309646606;0.2;0.20339055359363556;0.36;0.35760319232940674
0.1;0.10173945128917694;0.44;0.4276830554008484;0.3;0.3078635632991791
0.56;0.5557391047477722;0.3;0.2938435971736908;0.2;0.1990121304988861
0.44;0.4504692852497101;0.32;0.31299248337745667;0.36;0.36211079359054565
0.28;0.2970839738845825;0.24;0.17274190485477448;0.1;0.126791313290596
0.4;0.4010729491710663;0.54;0.542740523815155;0.42;0.41602572798728943
0.64;0.6437286734580994;0.12;0.10828847438097;0.26;0.27851173281669617
0.12;0.11333929002285004;0.14;0.12895256280899048;0.42;0.4276124835014343
0.18;0.1860824078321457;0.44;0.4335104525089264;0.42;0.4242079257965088
0.28;0.2787357270717621;0.7;0.6967937350273132;0.3;0.2931232452392578
0.5;0.5277565121650696;0.3;0.2554953098297119;0.1;0.09784986078739166
0.36;0.3769504427909851;0.42;0.4083748757839203;0.38;0.3839760422706604
0.66;0.65291827917099;0.14;0.1383529156446457;0.24;0.2541487216949463
0.48;0.4747931957244873;0.26;0.2730097770690918;0.44;0.43919792771339417
0.58;0.5797998309135437;0.18;0.19159379601478577;0.5;0.5039166808128357
0.2;0.20050424337387085;0.4;0.40182867646217346;0.46;0.45328646898269653
0.42;0.4414098262786865;0.4;0.3938617408275604;0.42;0.4203500747680664
0.4;0.421271950006485;0.2;0.17906175553798676;0.48;0.5096238851547241
0.18;0.19346141815185547;0.48;0.4723995327949524;0.38;0.37788423895835876
0.3;0.30612438917160034;0.3;0.28579726815223694;0.36;0.36991086602211
0.54;0.5402387380599976;0.38;0.38506320118904114;0.46;0.45420533418655396
0.58;0.5955126285552979;0.16;0.1456727385520935;0.34;0.361164927482605
0.64;0.6382307410240173;0.2;0.19848866760730743;0.32;0.32373231649398804
0.18;0.18207566440105438;0.76;0.7701074481010437;0.16;0.1610475778579712
0.28;0.3031422197818756;0.18;0.16319625079631805;0.5;0.5241416692733765
0.82;0.7786271572113037;0.16;0.11426348239183426;0.1;0.12337283045053482
0.3;0.3084363639354706;0.24;0.20960088074207306;0.32;0.3461417257785797
0.4;0.40327346324920654;0.54;0.5388424396514893;0.5;0.5004259347915649
0.76;0.75423663854599;0.16;0.172403484582901;0.36;0.3589014410972595
0.24;0.24037335813045502;0.26;0.26621827483177185;0.44;0.4373089671134949
0.48;0.49313032627105713;0.2;0.19775785505771637;0.48;0.4835703372955322
0.26;0.2438066303730011;0.2;0.1869969367980957;0.28;0.29110187292099
0.14;0.12065904587507248;0.12;0.12244238704442978;0.24;0.2471928894519806
0.14;0.14561611413955688;0.66;0.6452742218971252;0.24;0.23992259800434113
0.24;0.26502537727355957;0.34;0.2682771384716034;0.16;0.20692181587219238
0.46;0.45880889892578125;0.5;0.5042181611061096;0.42;0.4113473892211914
0.62;0.6190320253372192;0.12;0.10650024563074112;0.32;0.3448534905910492
0.14;0.14667649567127228;0.14;0.12140940874814987;0.1;0.11654295027256012
0.34;0.3515079915523529;0.36;0.34732019901275635;0.24;0.24908752739429474
0.14;0.14567619562149048;0.42;0.4190942347049713;0.38;0.38528913259506226
0.82;0.8158052563667297;0.16;0.15877190232276917;0.48;0.4828494191169739
0.76;0.7488240003585815;0.22;0.1986694484949112;0.24;0.24053525924682617
0.38;0.3851626217365265;0.38;0.3693998456001282;0.2;0.20695659518241882
0.6;0.6028573513031006;0.34;0.35360604524612427;0.4;0.38964518904685974
0.38;0.38953015208244324;0.5;0.4948814809322357;0.12;0.10868451744318008
0.58;0.568325936794281;0.4;0.3930228054523468;0.46;0.45594826340675354
0.1;0.10417299717664719;0.68;0.675162672996521;0.36;0.3648304045200348
0.2;0.1981954127550125;0.6;0.5960884094238281;0.24;0.2384328842163086
0.24;0.22975562512874603;0.12;0.10827276855707169;0.24;0.25899380445480347
0.34;0.3433956205844879;0.4;0.3984033167362213;0.5;0.4985395073890686
0.14;0.128498375415802;0.18;0.17580394446849823;0.36;0.36533093452453613
0.18;0.18088652193546295;0.28;0.24075625836849213;0.18;0.18472811579704285
0.56;0.5553134679794312;0.26;0.27015450596809387;0.32;0.31039100885391235
0.14;0.13194318115711212;0.1;0.11471500247716904;0.36;0.34728917479515076
0.18;0.1858832836151123;0.66;0.653235673904419;0.3;0.30611199140548706
0.48;0.48582723736763;0.36;0.34591078758239746;0.12;0.11472535133361816
0.82;0.8210405707359314;0.14;0.13547323644161224;0.4;0.4017934203147888
0.84;0.8443966507911682;0.1;0.10513725876808167;0.48;0.4628220200538635
0.14;0.12291716784238815;0.16;0.15248098969459534;0.18;0.19442637264728546
0.28;0.2818435728549957;0.56;0.5665415525436401;0.3;0.30137157440185547
0.64;0.642980694770813;0.3;0.3174203038215637;0.5;0.4918636381626129
0.42;0.37882816791534424;0.1;0.12482035905122757;0.14;0.14579883217811584
0.1;0.11710625141859055;0.54;0.5169766545295715;0.44;0.4506167471408844
0.14;0.14838318526744843;0.58;0.5750527381896973;0.38;0.3813627362251282
0.48;0.47789105772972107;0.34;0.33724644780158997;0.28;0.2796202003955841
0.34;0.3408820331096649;0.5;0.5018070340156555;0.34;0.33734822273254395
0.52;0.5274349451065063;0.26;0.24409057199954987;0.2;0.2081412374973297
0.38;0.40145576000213623;0.44;0.42619067430496216;0.16;0.16010966897010803
0.36;0.3673457205295563;0.16;0.14122986793518066;0.4;0.41145825386047363
0.52;0.5298353433609009;0.26;0.2478514462709427;0.24;0.24641230702400208
0.38;0.3885464668273926;0.32;0.321540504693985;0.5;0.49884867668151855
0.2;0.19408611953258514;0.78;0.7724195122718811;0.36;0.3568418025970459
0.26;0.2660084068775177;0.36;0.3505680561065674;0.44;0.44808322191238403
0.18;0.18742184340953827;0.6;0.5862625241279602;0.5;0.5042223334312439
0.44;0.45001327991485596;0.26;0.2574344277381897;0.48;0.48383936285972595
0.4;0.3994918763637543;0.12;0.10288412868976593;0.32;0.3329378664493561
0.2;0.22222475707530975;0.72;0.7089816927909851;0.1;0.10005804151296616
0.18;0.17731478810310364;0.36;0.3328930735588074;0.12;0.12177371978759766
0.1;0.10607656836509705;0.44;0.41430503129959106;0.24;0.25401896238327026
0.62;0.6261858344078064;0.24;0.24217702448368073;0.38;0.38165345788002014
0.18;0.17886494100093842;0.34;0.34624868631362915;0.4;0.3988296389579773
0.66;0.6582159996032715;0.26;0.2610277235507965;0.16;0.1591641902923584
0.18;0.18286702036857605;0.76;0.7699952721595764;0.14;0.1386566162109375
0.18;0.17896659672260284;0.74;0.7432177066802979;0.32;0.3158106803894043
0.42;0.4171687662601471;0.42;0.42781010270118713;0.22;0.21473455429077148
0.12;0.12143486738204956;0.64;0.6485269665718079;0.46;0.4516909122467041
0.34;0.35113459825515747;0.6;0.6002334356307983;0.42;0.41823896765708923
0.24;0.24838505685329437;0.74;0.7250285148620605;0.36;0.3593844175338745
0.16;0.16394881904125214;0.58;0.5771701335906982;0.46;0.4550240635871887
0.34;0.3430369198322296;0.32;0.3055613338947296;0.26;0.278663694858551
0.58;0.58794766664505;0.32;0.3025382459163666;0.12;0.11342422664165497
0.14;0.13536711037158966;0.78;0.7939246892929077;0.36;0.3508400619029999
0.22;0.22722624242305756;0.76;0.7394521236419678;0.24;0.23875002562999725
0.12;0.12542790174484253;0.7;0.701442539691925;0.48;0.47589316964149475
0.7;0.7050964832305908;0.14;0.11547117680311203;0.12;0.13997116684913635
0.46;0.45116958022117615;0.26;0.22268515825271606;0.12;0.12752866744995117
0.32;0.3259567320346832;0.38;0.37552791833877563;0.32;0.3240981996059418
0.62;0.6112855076789856;0.32;0.3327174484729767;0.26;0.2535061836242676
0.52;0.5170410871505737;0.32;0.3264620304107666;0.3;0.29696124792099
0.46;0.48183226585388184;0.2;0.15662725269794464;0.12;0.13730746507644653
0.14;0.13473466038703918;0.84;0.8247013092041016;0.46;0.45289167761802673
0.54;0.5440555810928345;0.12;0.11132433265447617;0.44;0.4557883143424988
0.12;0.12158333510160446;0.38;0.364309161901474;0.42;0.42875105142593384
0.54;0.5526146292686462;0.14;0.1302211433649063;0.4;0.4151855409145355
0.16;0.1703273206949234;0.58;0.5524905920028687;0.24;0.2454216480255127
0.48;0.48029011487960815;0.38;0.3737837076187134;0.16;0.15566810965538025
0.5;0.48909950256347656;0.4;0.41961029171943665;0.16;0.14569111168384552
0.38;0.3747410178184509;0.52;0.5238942503929138;0.3;0.2917061150074005
0.18;0.181799054145813;0.38;0.3920072615146637;0.4;0.3949333727359772
0.26;0.2721000015735626;0.3;0.2707236707210541;0.32;0.34789425134658813
0.56;0.5654769539833069;0.2;0.181169793009758;0.2;0.2160269320011139
0.54;0.5623375773429871;0.12;0.09999018162488937;0.5;0.5239881277084351
0.22;0.2295684963464737;0.42;0.4051034450531006;0.3;0.3153589367866516
0.12;0.11901270598173141;0.82;0.829811692237854;0.16;0.1549556702375412
0.16;0.16930939257144928;0.3;0.27906346321105957;0.5;0.5034457445144653
0.52;0.51115882396698;0.46;0.45336511731147766;0.18;0.16749601066112518
0.2;0.2061419039964676;0.32;0.3062489926815033;0.26;0.2752159535884857
0.36;0.40760350227355957;0.4;0.34505516290664673;0.12;0.13035237789154053
0.26;0.25525057315826416;0.58;0.5746897459030151;0.14;0.14214278757572174
0.2;0.20102806389331818;0.4;0.39431875944137573;0.5;0.5036487579345703
0.2;0.21060585975646973;0.1;0.0870317593216896;0.38;0.39780640602111816
0.5;0.4972849488258362;0.24;0.23074206709861755;0.28;0.28744298219680786
0.1;0.10810451954603195;0.74;0.7338719367980957;0.48;0.47712597250938416
0.12;0.12617237865924835;0.3;0.24769440293312073;0.14;0.1482934206724167
0.62;0.6173840165138245;0.32;0.3351811468601227;0.3;0.29375916719436646
0.18;0.18416152894496918;0.32;0.2918660044670105;0.22;0.2387065440416336
0.48;0.47214460372924805;0.4;0.41149264574050903;0.5;0.49674883484840393
0.56;0.5504434108734131;0.36;0.3623255491256714;0.38;0.36916640400886536
0.44;0.4374988079071045;0.14;0.12844958901405334;0.4;0.41978543996810913
0.3;0.33914121985435486;0.54;0.5003167390823364;0.1;0.10075384378433228
0.1;0.10470554977655411;0.62;0.6182712912559509;0.48;0.4811595380306244
0.34;0.3295530378818512;0.16;0.15072450041770935;0.32;0.33200716972351074
0.82;0.8120383024215698;0.1;0.11120850592851639;0.46;0.4492854177951813
0.6;0.5997098088264465;0.14;0.125446155667305;0.24;0.2598537504673004
0.32;0.33545824885368347;0.24;0.18120890855789185;0.12;0.15461823344230652
0.14;0.13430696725845337;0.2;0.1838555932044983;0.32;0.337364137172699
0.66;0.6522135138511658;0.1;0.10437730699777603;0.34;0.35346272587776184
0.42;0.42767593264579773;0.3;0.2897169589996338;0.26;0.26578861474990845
0.14;0.14221210777759552;0.62;0.6270034909248352;0.36;0.35615476965904236
0.7;0.697135865688324;0.2;0.19826310873031616;0.3;0.30253517627716064
0.32;0.3186303675174713;0.5;0.5083239078521729;0.26;0.25729838013648987
0.4;0.41415050625801086;0.34;0.30697134137153625;0.14;0.14639496803283691
0.14;0.14754925668239594;0.4;0.39728620648384094;0.44;0.4432223439216614
0.32;0.32393237948417664;0.12;0.1038346216082573;0.18;0.18918459117412567
0.56;0.5588212013244629;0.26;0.26964765787124634;0.46;0.45600804686546326
0.6;0.593473494052887;0.22;0.21109998226165771;0.2;0.202022522687912
0.42;0.4146069586277008;0.22;0.2068728506565094;0.42;0.42749375104904175
0.46;0.4577473998069763;0.5;0.506377100944519;0.44;0.4309207499027252
0.28;0.2857627272605896;0.3;0.28736764192581177;0.36;0.3683202266693115
0.26;0.25931745767593384;0.68;0.6929916739463806;0.16;0.1588311642408371
0.12;0.11823653429746628;0.32;0.29808658361434937;0.3;0.3103143572807312
0.34;0.35214316844940186;0.4;0.39537790417671204;0.4;0.39983296394348145
0.66;0.6567655205726624;0.28;0.27939367294311523;0.36;0.35510289669036865
0.3;0.30712392926216125;0.42;0.4180852174758911;0.48;0.4848613739013672
0.66;0.6562253832817078;0.26;0.25958186388015747;0.2;0.19880405068397522
0.44;0.4396292567253113;0.26;0.25714796781539917;0.4;0.40398067235946655
0.58;0.5874795913696289;0.16;0.15721450746059418;0.44;0.45793667435646057
0.64;0.6294593214988708;0.16;0.15688878297805786;0.24;0.25258463621139526
0.12;0.12447699904441833;0.28;0.26251646876335144;0.38;0.38457345962524414
0.26;0.30262675881385803;0.6;0.555261492729187;0.1;0.09788719564676285
0.26;0.27360209822654724;0.36;0.33283665776252747;0.2;0.21333210170269012
0.12;0.1213391050696373;0.28;0.23040823638439178;0.14;0.1525200605392456
0.42;0.4252645969390869;0.5;0.5006899237632751;0.34;0.3339703679084778
0.82;0.807327151298523;0.1;0.10312547534704208;0.28;0.270406574010849
0.28;0.2900911271572113;0.4;0.3924763798713684;0.44;0.44227781891822815
0.36;0.3291786015033722;0.1;0.09517187625169754;0.16;0.1675727814435959
0.44;0.4407728612422943;0.42;0.4209819734096527;0.36;0.35728463530540466
0.8;0.7961696982383728;0.14;0.14872606098651886;0.46;0.45927149057388306
0.38;0.38858747482299805;0.46;0.46094509959220886;0.5;0.49927130341529846
0.36;0.37184423208236694;0.38;0.37018612027168274;0.24;0.2452583760023117
0.6;0.5887306928634644;0.12;0.11124658584594727;0.26;0.26825982332229614
0.34;0.34183087944984436;0.1;0.09122033417224884;0.22;0.21239538490772247
0.34;0.34955254197120667;0.14;0.11575370281934738;0.46;0.491690456867218
0.52;0.5246601700782776;0.2;0.19258330762386322;0.48;0.4875972867012024
0.42;0.4236792325973511;0.28;0.2349819839000702;0.14;0.15785640478134155
0.3;0.3077080249786377;0.52;0.5270867347717285;0.32;0.31894925236701965
0.74;0.7520055174827576;0.12;0.11216635257005692;0.5;0.5215142369270325
0.18;0.19324034452438354;0.48;0.43722841143608093;0.18;0.19587409496307373
0.16;0.16918307542800903;0.46;0.4308641254901886;0.28;0.2919948995113373
0.66;0.6780952215194702;0.18;0.17531149089336395;0.46;0.4600696563720703
0.24;0.22273816168308258;0.24;0.22347307205200195;0.2;0.20646969974040985
0.58;0.5734596848487854;0.24;0.250433087348938;0.38;0.3750905692577362
0.1;0.1043534129858017;0.12;0.10285897552967072;0.32;0.3367469012737274
0.34;0.3389042913913727;0.12;0.09836176782846451;0.32;0.33715927600860596
0.48;0.47705602645874023;0.46;0.4724555015563965;0.4;0.38905438780784607
0.1;0.10062402486801147;0.2;0.18282447755336761;0.28;0.2939012050628662
0.36;0.36248546838760376;0.52;0.5196325182914734;0.34;0.3382050395011902
0.34;0.34912216663360596;0.46;0.4515780210494995;0.32;0.3187882602214813
0.28;0.26628103852272034;0.66;0.671890139579773;0.12;0.1161375641822815
0.26;0.266145259141922;0.2;0.17758454382419586;0.4;0.4225454330444336
0.56;0.5789777636528015;0.16;0.14620186388492584;0.34;0.3535752594470978
0.56;0.5614081025123596;0.18;0.17540515959262848;0.44;0.4506365656852722
0.4;0.4018116593360901;0.14;0.11923283338546753;0.36;0.3935699462890625
0.46;0.45763349533081055;0.5;0.4928765296936035;0.22;0.21437740325927734
0.56;0.5640343427658081;0.32;0.3091312050819397;0.14;0.13261832296848297
0.42;0.43559014797210693;0.34;0.3309650421142578;0.28;0.2812840938568115
0.7;0.7202286720275879;0.14;0.1425735503435135;0.5;0.5102189183235168
0.28;0.2841666638851166;0.36;0.3510821461677551;0.36;0.36817893385887146
0.2;0.20377576351165771;0.46;0.447696328163147;0.24;0.24390339851379395
0.12;0.11084167659282684;0.26;0.20380423963069916;0.1;0.11851096153259277
0.34;0.3504163920879364;0.32;0.2925674617290497;0.22;0.24772115051746368
0.16;0.15926168859004974;0.36;0.3571813106536865;0.36;0.3608112931251526
0.46;0.47011151909828186;0.22;0.2100161910057068;0.36;0.3684399425983429
0.52;0.5269781351089478;0.38;0.3801749050617218;0.24;0.23348157107830048
0.16;0.16508498787879944;0.7;0.6725685596466064;0.12;0.11866782605648041
0.2;0.2037440538406372;0.46;0.44153866171836853;0.18;0.1861439198255539
0.62;0.627925455570221;0.32;0.3308923542499542;0.46;0.4507354199886322
0.14;0.1451619565486908;0.7;0.6773342490196228;0.24;0.2407948076725006
0.26;0.2652648091316223;0.5;0.4980507493019104;0.36;0.35920292139053345
0.4;0.40609297156333923;0.18;0.1474347561597824;0.16;0.1954733431339264
0.4;0.4135679602622986;0.2;0.1778183877468109;0.28;0.3026495575904846
0.72;0.7072435617446899;0.22;0.2297617644071579;0.4;0.3973849415779114
0.48;0.47418466210365295;0.38;0.3899688422679901;0.48;0.4764833450317383
0.48;0.4905124306678772;0.2;0.19352971017360687;0.32;0.3295237123966217
0.6;0.6066338419914246;0.26;0.2641989290714264;0.34;0.33469799160957336
0.22;0.21431389451026917;0.74;0.756805956363678;0.18;0.1719987839460373
0.24;0.2326941043138504;0.14;0.13102979958057404;0.44;0.4511243402957916
0.52;0.5260285139083862;0.14;0.12687353789806366;0.36;0.3780417740345001
0.7;0.708590567111969;0.12;0.12261997163295746;0.46;0.47704797983169556
0.1;0.09300108253955841;0.1;0.09236321598291397;0.4;0.3996555805206299
0.3;0.2968483865261078;0.62;0.6355957388877869;0.22;0.21640455722808838
0.2;0.20540443062782288;0.38;0.3738868236541748;0.36;0.3620643615722656
0.42;0.42262983322143555;0.12;0.11671599000692368;0.4;0.40802353620529175
0.34;0.33696162700653076;0.16;0.16634319722652435;0.5;0.49947842955589294
0.16;0.16760188341140747;0.62;0.6273279190063477;0.38;0.3750065267086029
0.44;0.43998441100120544;0.42;0.42241615056991577;0.46;0.4549148976802826
0.28;0.28868725895881653;0.26;0.24973569810390472;0.42;0.4318099617958069
0.32;0.328795850276947;0.26;0.25662603974342346;0.48;0.4885304570198059
0.44;0.45620259642601013;0.28;0.25324615836143494;0.2;0.20800451934337616
0.66;0.6621899604797363;0.2;0.17214587330818176;0.12;0.12742707133293152
0.36;0.36698484420776367;0.16;0.13279026746749878;0.24;0.2724069356918335
0.22;0.217049703001976;0.56;0.5520631670951843;0.24;0.23758001625537872
0.44;0.4379148781299591;0.44;0.4422726333141327;0.46;0.4567027986049652
0.56;0.554378867149353;0.42;0.39897385239601135;0.2;0.1937400847673416
0.16;0.17329789698123932;0.48;0.4598934054374695;0.4;0.40796881914138794
0.6;0.6110232472419739;0.26;0.25907382369041443;0.32;0.3186790645122528
0.34;0.3450348973274231;0.54;0.5371725559234619;0.36;0.3566914200782776
0.18;0.20100320875644684;0.44;0.36268436908721924;0.14;0.17163634300231934
0.48;0.4772701561450958;0.44;0.44525808095932007;0.46;0.45238250494003296
0.58;0.5923222303390503;0.32;0.29285797476768494;0.1;0.09619162231683731
0.52;0.5270929336547852;0.44;0.4478503167629242;0.48;0.4717256426811218
0.22;0.23113667964935303;0.32;0.2829398214817047;0.12;0.13337528705596924
0.26;0.26133599877357483;0.66;0.6552479863166809;0.42;0.41679248213768005
0.18;0.18161459267139435;0.34;0.32992786169052124;0.32;0.33233481645584106
0.2;0.18222616612911224;0.16;0.1366516351699829;0.16;0.18507516384124756
0.38;0.38960325717926025;0.24;0.22706536948680878;0.4;0.40976327657699585
0.54;0.538566529750824;0.22;0.19069702923297882;0.12;0.13622495532035828
0.56;0.557823121547699;0.32;0.31562283635139465;0.2;0.19787359237670898
0.18;0.18887677788734436;0.6;0.5982672572135925;0.42;0.4234464764595032
0.12;0.12724600732326508;0.62;0.6096491813659668;0.28;0.28687769174575806
0.44;0.4342627227306366;0.4;0.40755170583724976;0.26;0.2523114085197449
0.66;0.655009925365448;0.26;0.2558669149875641;0.24;0.23937758803367615
0.66;0.6547136306762695;0.2;0.19844990968704224;0.24;0.23929843306541443
0.54;0.5341644287109375;0.34;0.3497397005558014;0.44;0.4312734007835388
0.26;0.2602340579032898;0.14;0.11764146387577057;0.18;0.19237849116325378
0.3;0.3039032518863678;0.68;0.6681084036827087;0.26;0.25647011399269104
0.54;0.5484721660614014;0.14;0.13143675029277802;0.44;0.4595727026462555
0.54;0.5319921374320984;0.4;0.40764790773391724;0.16;0.15108589828014374
0.38;0.404981404542923;0.4;0.35916370153427124;0.12;0.12598852813243866
0.22;0.21912850439548492;0.3;0.29804497957229614;0.26;0.2686600089073181
0.28;0.29310157895088196;0.26;0.222798153758049;0.26;0.29396820068359375
0.24;0.2421831339597702;0.66;0.6681875586509705;0.16;0.15632322430610657
0.1;0.1157836988568306;0.7;0.6916453838348389;0.5;0.5068433284759521
0.86;0.8666629195213318;0.1;0.10391990095376968;0.34;0.3231862187385559
0.82;0.8262474536895752;0.14;0.1199120506644249;0.14;0.15490582585334778
0.48;0.4713910222053528;0.4;0.40963953733444214;0.2;0.1908666044473648
0.14;0.13968484103679657;0.38;0.3656693696975708;0.32;0.325180321931839
0.3;0.3048076927661896;0.52;0.52702796459198;0.3;0.2989030182361603
0.4;0.4133804440498352;0.24;0.22316747903823853;0.5;0.5145982503890991
0.24;0.2527782618999481;0.5;0.4950193762779236;0.42;0.42204809188842773
0.32;0.3255629241466522;0.52;0.5227928757667542;0.3;0.29845619201660156
0.52;0.5258194208145142;0.44;0.42603322863578796;0.1;0.09316845238208771
0.82;0.8134573101997375;0.14;0.1426614224910736;0.24;0.24653944373130798
0.3;0.32945460081100464;0.36;0.2761366367340088;0.12;0.15649168193340302
0.3;0.30369049310684204;0.58;0.5767487287521362;0.42;0.4154186248779297
0.46;0.45693692564964294;0.34;0.3398801386356354;0.3;0.3014158606529236
0.32;0.3293582797050476;0.64;0.6424488425254822;0.5;0.5010486841201782
0.7;0.6978361010551453;0.26;0.25966453552246094;0.42;0.4205392897129059
0.58;0.5745292901992798;0.4;0.3849831521511078;0.22;0.21645326912403107
0.5;0.49440696835517883;0.22;0.22765624523162842;0.46;0.4574756622314453
0.4;0.4263174831867218;0.26;0.167619526386261;0.1;0.14488674700260162
0.36;0.3849775195121765;0.44;0.4246710240840912;0.2;0.20449504256248474
0.52;0.5232310891151428;0.14;0.12595951557159424;0.28;0.29578977823257446
0.36;0.3798493444919586;0.48;0.46761947870254517;0.14;0.13474547863006592
0.64;0.6436495780944824;0.34;0.3081211745738983;0.18;0.18098631501197815
0.22;0.18471378087997437;0.18;0.15362296998500824;0.12;0.1314050257205963
0.14;0.15222348272800446;0.6;0.5827920436859131;0.24;0.2416137456893921
0.16;0.16353394091129303;0.2;0.17874641716480255;0.44;0.45869213342666626
0.2;0.21104107797145844;0.3;0.27854400873184204;0.5;0.5195831060409546
0.34;0.3601803481578827;0.24;0.21482974290847778;0.2;0.217434361577034
0.2;0.20173749327659607;0.58;0.5711684823036194;0.24;0.2395874559879303
0.12;0.11718808859586716;0.82;0.8326958417892456;0.22;0.21677234768867493
0.36;0.3630310297012329;0.6;0.5962653756141663;0.32;0.31697478890419006
0.2;0.2030387669801712;0.22;0.20272468030452728;0.44;0.44259876012802124
0.1;0.11331871896982193;0.54;0.5296174883842468;0.3;0.3061541020870209
0.24;0.24656246602535248;0.56;0.5583982467651367;0.12;0.11944836378097534
0.14;0.13295878469944;0.8;0.8119921684265137;0.2;0.19845269620418549
0.42;0.42863941192626953;0.18;0.17654851078987122;0.46;0.46552610397338867
0.12;0.11438778042793274;0.14;0.13417387008666992;0.14;0.14535565674304962
0.54;0.5506043434143066;0.1;0.07714594155550003;0.5;0.5214569568634033
0.62;0.6173442006111145;0.26;0.23385900259017944;0.16;0.1636514514684677
0.2;0.20800712704658508;0.32;0.3083542287349701;0.22;0.23056507110595703
0.14;0.1506195068359375;0.58;0.5742462277412415;0.44;0.44184842705726624
0.44;0.44749847054481506;0.12;0.1060757040977478;0.26;0.2810509204864502
0.28;0.2877194583415985;0.44;0.45066893100738525;0.5;0.503078043460846
0.14;0.14959266781806946;0.68;0.671901524066925;0.28;0.2761489748954773
0.26;0.2684997022151947;0.72;0.7079538106918335;0.26;0.2564172148704529
0.2;0.20972955226898193;0.66;0.6515005826950073;0.5;0.5014510750770569
0.32;0.3319037854671478;0.54;0.5346037149429321;0.32;0.3175629675388336
0.46;0.4527805745601654;0.46;0.47140878438949585;0.24;0.23069071769714355
0.3;0.3049057126045227;0.24;0.210963636636734;0.18;0.20333799719810486
0.72;0.7234524488449097;0.14;0.13646630942821503;0.48;0.48996439576148987
0.34;0.3711239993572235;0.28;0.22883981466293335;0.14;0.17178025841712952
0.44;0.45757874846458435;0.26;0.24746672809123993;0.28;0.28964006900787354
0.5;0.4811360836029053;0.16;0.1316135823726654;0.12;0.14252741634845734
0.68;0.6408621072769165;0.12;0.10236451029777527;0.1;0.12223708629608154
0.12;0.09371809661388397;0.1;0.10089601576328278;0.24;0.23092523217201233
0.36;0.3566599488258362;0.14;0.11866890639066696;0.22;0.2385043352842331
0.26;0.2583712637424469;0.68;0.6973167657852173;0.24;0.23568959534168243
0.32;0.3289041519165039;0.36;0.35979318618774414;0.48;0.47848981618881226
0.38;0.38127055764198303;0.1;0.08866238594055176;0.34;0.32351261377334595
0.44;0.46063360571861267;0.16;0.13312296569347382;0.28;0.31012263894081116
0.14;0.13321194052696228;0.82;0.8365981578826904;0.36;0.35042905807495117
0.52;0.5203440189361572;0.42;0.42979809641838074;0.12;0.11083817481994629
0.44;0.4409444034099579;0.5;0.5050360560417175;0.36;0.3546300232410431
0.1;0.11251956969499588;0.62;0.5984236001968384;0.32;0.33087196946144104
0.28;0.26025712490081787;0.1;0.09276619553565979;0.14;0.14405158162117004
0.46;0.45879462361335754;0.4;0.40290576219558716;0.44;0.43469586968421936
0.22;0.21232964098453522;0.18;0.1665978878736496;0.22;0.2256564199924469
0.16;0.1710781306028366;0.46;0.43309155106544495;0.3;0.31051772832870483
0.2;0.20878906548023224;0.28;0.22232261300086975;0.1;0.10794762521982193
0.1;0.10073690116405487;0.2;0.1821165531873703;0.3;0.3103716969490051
0.3;0.3064107298851013;0.28;0.25754112005233765;0.28;0.29487869143486023
0.5;0.5074377655982971;0.46;0.4455273151397705;0.1;0.09318134933710098
0.56;0.5523650646209717;0.14;0.11842793971300125;0.12;0.14394743740558624
0.2;0.20912139117717743;0.42;0.41781550645828247;0.36;0.36249640583992004
0.24;0.24084369838237762;0.54;0.5346459746360779;0.32;0.3167591989040375
0.4;0.4072403013706207;0.22;0.19975890219211578;0.42;0.4354051649570465
0.42;0.44244125485420227;0.16;0.13680793344974518;0.1;0.12853729724884033
0.56;0.5562819242477417;0.1;0.08944456279277802;0.4;0.4126660227775574
0.1;0.10543650388717651;0.38;0.35734882950782776;0.36;0.36926913261413574
0.2;0.20144836604595184;0.34;0.33573856949806213;0.32;0.3325282037258148
0.34;0.34878164529800415;0.56;0.5581128001213074;0.42;0.415928453207016
0.48;0.4878668785095215;0.12;0.11365348845720291;0.26;0.2618480622768402
0.4;0.40715518593788147;0.28;0.26781249046325684;0.32;0.33113178610801697
0.3;0.30232492089271545;0.46;0.46022894978523254;0.44;0.4385262429714203
0.14;0.1366499960422516;0.82;0.8270565867424011;0.18;0.1759794056415558
0.24;0.2328384816646576;0.2;0.18515422940254211;0.34;0.35656285285949707
0.38;0.38570553064346313;0.18;0.18354907631874084;0.44;0.45854654908180237
0.44;0.4374866485595703;0.54;0.54057377576828;0.5;0.4970187246799469
0.52;0.5135314464569092;0.4;0.41950544714927673;0.18;0.16408897936344147
0.12;0.13131235539913177;0.52;0.43385088443756104;0.1;0.10311029106378555
0.54;0.5379398465156555;0.44;0.4281701445579529;0.3;0.2940870225429535
0.26;0.2579185664653778;0.56;0.5528388023376465;0.2;0.1966075450181961
0.12;0.12429635226726532;0.62;0.6295751333236694;0.38;0.3762809932231903
0.38;0.38337841629981995;0.14;0.12057571113109589;0.4;0.41873103380203247
0.26;0.25021666288375854;0.12;0.0998779907822609;0.3;0.31077665090560913
0.68;0.6869547367095947;0.12;0.10981100797653198;0.14;0.15528802573680878
0.14;0.14699023962020874;0.5;0.4872494637966156;0.44;0.44646185636520386
0.4;0.37748458981513977;0.1;0.11354389041662216;0.34;0.3073174059391022
0.18;0.1678083837032318;0.22;0.18944615125656128;0.14;0.1467195451259613
0.18;0.17140740156173706;0.3;0.2513050138950348;0.12;0.12763336300849915
0.26;0.26163843274116516;0.36;0.36380258202552795;0.42;0.4165748655796051
0.14;0.15868383646011353;0.54;0.5085042119026184;0.2;0.20979972183704376
0.12;0.11932387948036194;0.16;0.14868691563606262;0.24;0.2564893364906311
0.66;0.6641994118690491;0.1;0.09831268340349197;0.28;0.2842606008052826
0.26;0.26410359144210815;0.62;0.6061006784439087;0.24;0.24023020267486572
0.22;0.22016219794750214;0.46;0.4576120674610138;0.3;0.3031620383262634
0.34;0.3402984142303467;0.28;0.27023911476135254;0.38;0.3838599622249603
0.26;0.26195043325424194;0.14;0.12883111834526062;0.46;0.46786555647850037
0.1;0.1674797534942627;0.64;0.4923078417778015;0.14;0.19322606921195984
0.36;0.35871317982673645;0.14;0.1330900937318802;0.12;0.13113172352313995
0.38;0.3979470133781433;0.48;0.47380203008651733;0.16;0.1537419557571411
0.46;0.45583590865135193;0.38;0.39034879207611084;0.4;0.39342254400253296
0.38;0.3916282653808594;0.36;0.3545128107070923;0.44;0.44124460220336914
0.5;0.43049317598342896;0.14;0.10850750654935837;0.1;0.13961128890514374
0.22;0.21880559623241425;0.26;0.23157207667827606;0.14;0.14500229060649872
0.16;0.16345098614692688;0.74;0.731784462928772;0.26;0.25495100021362305
0.78;0.778089702129364;0.16;0.15319885313510895;0.2;0.20805612206459045
0.22;0.21253986656665802;0.18;0.16768521070480347;0.2;0.20850196480751038
0.28;0.2857327461242676;0.6;0.5868236422538757;0.1;0.09231619536876678
0.34;0.34168779850006104;0.6;0.6031975746154785;0.32;0.31676045060157776
0.48;0.4660586714744568;0.1;0.08958501368761063;0.3;0.30112722516059875
0.54;0.5340513586997986;0.32;0.33151838183403015;0.44;0.4314660131931305
0.22;0.2333431988954544;0.52;0.5131942629814148;0.5;0.5022175908088684
0.12;0.12906605005264282;0.62;0.6181654930114746;0.4;0.40077924728393555
0.34;0.3422089219093323;0.32;0.3150058388710022;0.32;0.32712817192077637
0.6;0.5574745535850525;0.12;0.09759663045406342;0.1;0.12136950343847275
0.16;0.16579988598823547;0.6;0.6117811799049377;0.42;0.40966930985450745
0.14;0.143774151802063;0.26;0.2263229638338089;0.16;0.1671392023563385
0.8;0.7943302989006042;0.16;0.155917227268219;0.2;0.2071884572505951
0.56;0.5824180245399475;0.14;0.12687444686889648;0.4;0.42337852716445923
0.38;0.4022190570831299;0.2;0.14198066294193268;0.14;0.18162158131599426
0.28;0.27568283677101135;0.62;0.6314501762390137;0.48;0.47467318177223206
0.2;0.19375452399253845;0.78;0.7757294774055481;0.12;0.11609409749507904
0.4;0.40271010994911194;0.46;0.4643752872943878;0.42;0.4131804406642914
0.22;0.21448469161987305;0.68;0.6736977696418762;0.1;0.1017451286315918
0.38;0.41325584053993225;0.26;0.1567239761352539;0.12;0.18719395995140076
0.52;0.5371701717376709;0.16;0.14429226517677307;0.18;0.18398578464984894
0.28;0.2893028259277344;0.28;0.27972346544265747;0.46;0.4679393172264099
0.34;0.34301483631134033;0.28;0.26019802689552307;0.32;0.34147340059280396
0.7;0.6945106983184814;0.26;0.2603451907634735;0.38;0.3777156472206116
0.38;0.39090314507484436;0.14;0.1290062516927719;0.22;0.224755197763443
0.26;0.2693539559841156;0.38;0.365448534488678;0.24;0.25055447220802307
0.16;0.1774539351463318;0.48;0.43955180048942566;0.24;0.25394192337989807
0.22;0.22070124745368958;0.34;0.34590309858322144;0.4;0.3944443166255951
0.56;0.5586420297622681;0.28;0.27740058302879333;0.22;0.2172497808933258
0.22;0.22360996901988983;0.5;0.4913998544216156;0.24;0.24023690819740295
0.26;0.26327693462371826;0.6;0.5826743841171265;0.2;0.2005893886089325
0.24;0.2058245688676834;0.16;0.14323659241199493;0.14;0.14874711632728577
0.58;0.5937931537628174;0.34;0.3187452554702759;0.1;0.09695596247911453
0.28;0.2869316637516022;0.4;0.3932560086250305;0.32;0.3224005401134491
0.38;0.39294174313545227;0.3;0.2798018455505371;0.22;0.23901835083961487
0.3;0.2997934818267822;0.66;0.653367817401886;0.14;0.13723692297935486
0.48;0.5008401274681091;0.18;0.1678210198879242;0.42;0.42966851592063904
0.38;0.40106067061424255;0.2;0.13477563858032227;0.1;0.1513996124267578
0.72;0.7171331644058228;0.24;0.22931832075119019;0.14;0.1344923973083496
0.1;0.09163443744182587;0.16;0.16415387392044067;0.46;0.45469751954078674
0.54;0.5529345870018005;0.14;0.1302964985370636;0.34;0.34817197918891907
0.52;0.5135116577148438;0.32;0.3300229012966156;0.38;0.3771440088748932
0.46;0.4711703360080719;0.18;0.17027215659618378;0.42;0.42889904975891113
0.16;0.15677566826343536;0.78;0.7673068642616272;0.1;0.10101334750652313
0.2;0.19927620887756348;0.3;0.2842845618724823;0.28;0.2983488440513611
0.14;0.13980011641979218;0.24;0.22668878734111786;0.4;0.4064432978630066
0.1;0.10044614225625992;0.36;0.3454759120941162;0.46;0.46497997641563416
0.16;0.1553727090358734;0.2;0.15822261571884155;0.1;0.11625520139932632
0.78;0.7728841304779053;0.2;0.18484754860401154;0.38;0.3731064796447754
0.46;0.45013996958732605;0.28;0.2642182409763336;0.14;0.141856387257576
0.1;0.11837207525968552;0.62;0.5799406170845032;0.3;0.32265764474868774
0.4;0.40866321325302124;0.14;0.11771497875452042;0.34;0.36864086985588074
0.34;0.34210339188575745;0.62;0.6165916323661804;0.24;0.23802947998046875
0.14;0.13517697155475616;0.78;0.7902199625968933;0.42;0.4117030203342438
0.88;0.7828393578529358;0.1;0.12125953286886215;0.18;0.145009383559227
0.38;0.409859836101532;0.22;0.17593763768672943;0.18;0.22048024833202362
0.34;0.34787681698799133;0.52;0.5187979936599731;0.3;0.2994573414325714
0.38;0.38822874426841736;0.58;0.5784287452697754;0.5;0.5032879114151001
0.4;0.40578708052635193;0.46;0.46266812086105347;0.46;0.45458418130874634
0.64;0.6479912996292114;0.34;0.34324678778648376;0.48;0.4702247679233551
0.68;0.6749244928359985;0.2;0.197310209274292;0.34;0.3393826186656952
0.36;0.37281256914138794;0.32;0.3181683123111725;0.46;0.4547151029109955
0.32;0.32741671800613403;0.54;0.5380117297172546;0.3;0.2975296378135681
0.14;0.13789977133274078;0.24;0.21118728816509247;0.22;0.23486462235450745
0.48;0.47506994009017944;0.44;0.458158016204834;0.16;0.14613112807273865
0.1;0.1020423024892807;0.36;0.3427252471446991;0.38;0.39092084765434265
0.56;0.5635730028152466;0.16;0.14815570414066315;0.22;0.23095950484275818
0.2;0.19724366068840027;0.54;0.5400307774543762;0.3;0.30409929156303406
0.18;0.18192608654499054;0.72;0.7267502546310425;0.38;0.3767101466655731
0.16;0.1753840148448944;0.48;0.45620429515838623;0.34;0.34963977336883545
0.26;0.2463001161813736;0.1;0.08651851862668991;0.4;0.4008668065071106
0.18;0.1812840700149536;0.32;0.285953164100647;0.2;0.21283893287181854
0.24;0.24456723034381866;0.68;0.6865238547325134;0.26;0.25714045763015747
0.58;0.5969310402870178;0.16;0.1442623883485794;0.3;0.3182255029678345
0.34;0.3489943742752075;0.5;0.4957953691482544;0.38;0.379509836435318
0.1;0.11151489615440369;0.72;0.7000772953033447;0.22;0.21867088973522186
0.68;0.6734180450439453;0.1;0.10576678812503815;0.16;0.1607639491558075
0.56;0.5607727766036987;0.36;0.3693005442619324;0.12;0.10911031067371368
0.52;0.5356427431106567;0.16;0.14340564608573914;0.46;0.47643962502479553
0.44;0.4440072178840637;0.2;0.18225449323654175;0.32;0.34597137570381165
0.44;0.4422338604927063;0.46;0.45593079924583435;0.28;0.2735738158226013
0.52;0.5244402289390564;0.38;0.3829994201660156;0.22;0.2115677148103714
0.66;0.6535064578056335;0.1;0.10472027957439423;0.2;0.20400282740592957
0.62;0.6405295133590698;0.12;0.10098640620708466;0.42;0.4401893615722656
0.54;0.5446237921714783;0.34;0.33408650755882263;0.3;0.299315482378006
0.26;0.30428093671798706;0.58;0.5382565259933472;0.1;0.0991239920258522
0.12;0.12495893985033035;0.5;0.5075179934501648;0.36;0.35334476828575134
0.44;0.4406058192253113;0.42;0.40838509798049927;0.12;0.11067041009664536
0.32;0.3295031189918518;0.36;0.36323457956314087;0.5;0.4978093206882477
0.2;0.1865868866443634;0.14;0.1254262775182724;0.18;0.2028960883617401
0.12;0.12424813956022263;0.24;0.21771180629730225;0.36;0.37520894408226013
0.84;0.8460220098495483;0.1;0.10535600036382675;0.5;0.4843319356441498
0.32;0.33704668283462524;0.48;0.4765780568122864;0.4;0.39496973156929016
0.42;0.4326167702674866;0.5;0.49995240569114685;0.5;0.5015450119972229
0.18;0.1758272796869278;0.68;0.6706013083457947;0.2;0.1988697648048401
0.4;0.39644479751586914;0.52;0.5195733308792114;0.38;0.3718445897102356
0.44;0.4454783499240875;0.3;0.29667529463768005;0.38;0.38346487283706665
0.14;0.13080352544784546;0.12;0.11022179573774338;0.48;0.4824960231781006
0.48;0.46043428778648376;0.44;0.47232452034950256;0.14;0.1264498382806778
0.48;0.47319504618644714;0.22;0.2130085974931717;0.18;0.18351790308952332
0.62;0.5711563229560852;0.12;0.10187717527151108;0.1;0.11900313198566437
0.26;0.2721107602119446;0.46;0.42218658328056335;0.18;0.18961164355278015
0.36;0.35903891921043396;0.62;0.6025812029838562;0.24;0.2336890697479248
0.32;0.32299819588661194;0.58;0.5769187808036804;0.38;0.37144097685813904
0.6;0.6152617335319519;0.14;0.1270616352558136;0.36;0.3794327974319458
0.36;0.3658181130886078;0.24;0.22236818075180054;0.32;0.34328287839889526
0.22;0.20540310442447662;0.24;0.21181267499923706;0.24;0.24643690884113312
0.22;0.20738472044467926;0.16;0.14675047993659973;0.24;0.2534759044647217
0.14;0.14933212101459503;0.58;0.5756605863571167;0.4;0.3998531103134155
0.54;0.5486478209495544;0.16;0.1459556221961975;0.28;0.2973652482032776
0.14;0.14823000133037567;0.74;0.7245475649833679;0.38;0.38035669922828674
0.42;0.4157002866268158;0.52;0.5246835350990295;0.1;0.09414087235927582
0.82;0.815650224685669;0.14;0.15999086201190948;0.5;0.5041996836662292
0.2;0.2108791172504425;0.56;0.5622575879096985;0.42;0.41856473684310913
0.24;0.24850022792816162;0.38;0.3534727990627289;0.24;0.2582445740699768
0.36;0.3890213072299957;0.42;0.391288697719574;0.14;0.1449931114912033
0.58;0.5952067971229553;0.1;0.0844067633152008;0.5;0.5215330719947815
0.68;0.6715138554573059;0.24;0.23124660551548004;0.32;0.3186658024787903
0.14;0.14346149563789368;0.22;0.19159716367721558;0.3;0.320793092250824
0.12;0.13615797460079193;0.48;0.4623221755027771;0.36;0.3702695369720459
0.16;0.16548363864421844;0.4;0.411606103181839;0.42;0.4132010042667389
0.1;0.11657239496707916;0.56;0.5295669436454773;0.28;0.2936108708381653
0.46;0.486071914434433;0.22;0.17494168877601624;0.12;0.13001640141010284
0.18;0.1776813119649887;0.14;0.12796235084533691;0.48;0.48866432905197144
0.54;0.5368165969848633;0.3;0.29120659828186035;0.14;0.1284988671541214
0.46;0.4604983627796173;0.5;0.5048430562019348;0.36;0.35288357734680176
0.12;0.12878388166427612;0.8;0.7530066967010498;0.1;0.10337108373641968
0.54;0.5408075451850891;0.36;0.3557969629764557;0.14;0.131676584482193
0.1;0.10304375737905502;0.82;0.8229758143424988;0.46;0.4558209776878357
0.32;0.2968158721923828;0.58;0.5979107022285461;0.12;0.11108801513910294
0.3;0.29785212874412537;0.46;0.46457433700561523;0.24;0.2393868863582611
0.52;0.5061206221580505;0.3;0.3124702572822571;0.34;0.33547234535217285
0.74;0.7360455989837646;0.12;0.09558305889368057;0.12;0.1378725916147232
0.5;0.4890310764312744;0.28;0.28990885615348816;0.38;0.3713035583496094
0.78;0.7769782543182373;0.16;0.1517876237630844;0.22;0.22756139934062958
0.34;0.35211697220802307;0.4;0.3960759937763214;0.34;0.34367719292640686
0.14;0.13955213129520416;0.62;0.6223548054695129;0.46;0.44968852400779724
0.14;0.13184641301631927;0.8;0.8120248913764954;0.42;0.4115617871284485
0.28;0.27137520909309387;0.66;0.6795445680618286;0.2;0.19411078095436096
0.4;0.3978064954280853;0.58;0.5710731148719788;0.38;0.3732779026031494
0.14;0.1428551971912384;0.74;0.7196457386016846;0.18;0.17745833098888397
0.54;0.5376362204551697;0.24;0.22606825828552246;0.38;0.38846608996391296
0.2;0.20645830035209656;0.16;0.14945358037948608;0.48;0.49247971177101135
0.32;0.32235029339790344;0.66;0.6460977792739868;0.22;0.21837744116783142
0.14;0.1344272941350937;0.44;0.4363054633140564;0.22;0.21992230415344238
0.14;0.12008018791675568;0.2;0.17709697782993317;0.16;0.18008634448051453
0.14;0.14274156093597412;0.82;0.811417281627655;0.14;0.13615603744983673
0.28;0.2840934097766876;0.54;0.5498222708702087;0.3;0.29971200227737427
0.48;0.48813995718955994;0.48;0.47375935316085815;0.18;0.1713106334209442
0.16;0.1653042733669281;0.48;0.4591509997844696;0.5;0.5070244073867798
0.76;0.7621516585350037;0.18;0.16073988378047943;0.12;0.12769153714179993
0.52;0.5218092203140259;0.36;0.3519369065761566;0.14;0.1316971629858017
0.3;0.2934924364089966;0.48;0.4841560423374176;0.22;0.2183038741350174
0.74;0.7334927916526794;0.18;0.1828295886516571;0.22;0.2192460000514984
0.16;0.15181775391101837;0.4;0.40525883436203003;0.28;0.2802923619747162
0.24;0.2448902577161789;0.62;0.6155519485473633;0.3;0.30069732666015625
0.62;0.6242277026176453;0.3;0.29110950231552124;0.12;0.11811871826648712
0.12;0.13073869049549103;0.46;0.445966899394989;0.36;0.3701118528842926
0.1;0.1052013486623764;0.34;0.3107112944126129;0.3;0.3157995343208313
0.22;0.2193153351545334;0.46;0.4514893889427185;0.24;0.24343490600585938
0.2;0.20825836062431335;0.68;0.672684907913208;0.48;0.48022904992103577
0.7;0.7040658593177795;0.2;0.1969735026359558;0.48;0.4752233028411865
0.62;0.6125167012214661;0.26;0.25078538060188293;0.22;0.2217923104763031
0.52;0.5170794129371643;0.3;0.30699408054351807;0.3;0.2953154444694519
0.1;0.10653451830148697;0.84;0.8500111699104309;0.5;0.5041896104812622
0.34;0.3477659821510315;0.44;0.4387192130088806;0.46;0.46059170365333557
0.34;0.34276166558265686;0.6;0.6020364761352539;0.38;0.3745531439781189
0.22;0.22391051054000854;0.7;0.7071475982666016;0.24;0.23842200636863708
0.62;0.6294811964035034;0.16;0.14552541077136993;0.16;0.17436754703521729
0.32;0.32517009973526;0.22;0.1924467533826828;0.18;0.2016780823469162
0.12;0.12538878619670868;0.64;0.6451531052589417;0.38;0.37896931171417236
0.46;0.42058122158050537;0.12;0.12653112411499023;0.1;0.12535834312438965
0.46;0.4345788061618805;0.12;0.09760013967752457;0.16;0.1855737268924713
0.64;0.620283305644989;0.14;0.14628565311431885;0.32;0.33863338828086853
0.1;0.09953027963638306;0.14;0.13782168924808502;0.14;0.1482941210269928
0.52;0.4816635847091675;0.1;0.10425116121768951;0.26;0.24552276730537415
0.18;0.17374472320079803;0.78;0.7934513092041016;0.12;0.11623294651508331
0.54;0.543700635433197;0.28;0.262132853269577;0.12;0.11538805812597275
0.5;0.499375581741333;0.44;0.4521405100822449;0.38;0.37370094656944275
0.48;0.4715484082698822;0.14;0.12111367285251617;0.2;0.22057661414146423
0.24;0.24388952553272247;0.44;0.42671117186546326;0.26;0.26697614789009094
0.28;0.29676929116249084;0.44;0.36863136291503906;0.12;0.1443023383617401
0.12;0.12402119487524033;0.46;0.46325209736824036;0.32;0.3213312327861786
0.22;0.22644586861133575;0.64;0.6382923722267151;0.24;0.24009501934051514
0.6;0.5886608362197876;0.18;0.1807042956352234;0.24;0.25384384393692017
0.78;0.7786629796028137;0.14;0.1503431648015976;0.48;0.4758867621421814
0.1;0.10784987360239029;0.88;0.8574793338775635;0.5;0.5043231248855591
0.46;0.45464903116226196;0.34;0.34410011768341064;0.34;0.33951061964035034
0.18;0.1557101160287857;0.22;0.1851225644350052;0.12;0.12928983569145203
0.42;0.42655837535858154;0.46;0.4602270722389221;0.34;0.33823519945144653
0.52;0.5107305645942688;0.12;0.11237651854753494;0.26;0.2657938599586487
0.3;0.3019421100616455;0.64;0.648388147354126;0.42;0.4156990647315979
0.26;0.2612701654434204;0.54;0.5380460023880005;0.4;0.3974374234676361
0.44;0.437927782535553;0.52;0.5159823894500732;0.22;0.21250271797180176
0.26;0.29909035563468933;0.62;0.5769599080085754;0.1;0.09783655405044556
0.12;0.12739114463329315;0.7;0.6852741837501526;0.22;0.21916785836219788
0.56;0.5565328001976013;0.32;0.3208734393119812;0.42;0.41752880811691284
0.44;0.4372301399707794;0.1;0.11767880618572235;0.12;0.13638851046562195
0.1;0.10253480821847916;0.8;0.8027862906455994;0.46;0.4530155658721924
0.14;0.14875981211662292;0.66;0.6579170227050781;0.38;0.37517839670181274
0.36;0.3703789710998535;0.26;0.24607737362384796;0.32;0.33597904443740845
0.4;0.39241719245910645;0.56;0.5695772171020508;0.28;0.2711569368839264
0.52;0.5205307006835938;0.32;0.3091076910495758;0.12;0.1104298084974289
0.36;0.3531411588191986;0.6;0.598685622215271;0.16;0.15307340025901794
0.74;0.744909405708313;0.14;0.11641761660575867;0.12;0.13422136008739471
0.52;0.5196036100387573;0.4;0.4105358123779297;0.48;0.47182855010032654
0.7;0.7006882429122925;0.28;0.272071897983551;0.48;0.4763950705528259
0.22;0.22619186341762543;0.36;0.35619083046913147;0.42;0.41530266404151917
0.3;0.3031020164489746;0.68;0.6722568869590759;0.48;0.4792846739292145
0.58;0.5813911557197571;0.32;0.3195454180240631;0.46;0.4546148180961609
0.24;0.24302805960178375;0.5;0.47903940081596375;0.22;0.22757184505462646
0.56;0.5525899529457092;0.34;0.34145838022232056;0.38;0.3748478889465332
0.48;0.49276813864707947;0.26;0.21027638018131256;0.1;0.11116035282611847
0.64;0.6400632262229919;0.18;0.17686425149440765;0.34;0.3465297818183899
0.14;0.1452082246541977;0.38;0.364154577255249;0.48;0.4902464747428894
0.36;0.3670591413974762;0.16;0.13986991345882416;0.36;0.3719264566898346
0.26;0.27164405584335327;0.26;0.1779434084892273;0.1;0.13369235396385193
0.1;0.10608074069023132;0.74;0.7310511469841003;0.22;0.21631097793579102
0.28;0.2785551846027374;0.22;0.2101377248764038;0.32;0.34170764684677124
0.64;0.6481155753135681;0.18;0.15653614699840546;0.14;0.15235908329486847
0.44;0.4108291268348694;0.1;0.1212768629193306;0.1;0.11970202624797821
0.44;0.4573543071746826;0.14;0.12319838255643845;0.3;0.3192186951637268
0.16;0.15320825576782227;0.3;0.2629559338092804;0.2;0.2048901617527008
0.3;0.2973134517669678;0.48;0.4829387068748474;0.48;0.4770486354827881
0.48;0.46574661135673523;0.1;0.09229165315628052;0.42;0.4186382293701172
0.46;0.4690524637699127;0.32;0.3103184401988983;0.16;0.16371116042137146
0.12;0.12010975927114487;0.66;0.6665182113647461;0.46;0.4499071538448334
0.26;0.25236162543296814;0.1;0.08763723075389862;0.46;0.4591989517211914
0.28;0.28655704855918884;0.36;0.3498474955558777;0.46;0.4648280143737793
0.38;0.37042930722236633;0.12;0.12874741852283478;0.14;0.14106908440589905
0.18;0.16020630300045013;0.14;0.13050508499145508;0.18;0.2045316994190216
0.48;0.4732652008533478;0.16;0.13003388047218323;0.12;0.1430068463087082
0.58;0.5185220241546631;0.12;0.09441538155078888;0.16;0.1842522919178009
0.56;0.5646293759346008;0.24;0.22635522484779358;0.24;0.2465796023607254
0.18;0.17933067679405212;0.12;0.11455560475587845;0.32;0.3432393968105316
0.4;0.4085170030593872;0.3;0.2919544577598572;0.3;0.3074154257774353
0.54;0.5078471302986145;0.1;0.07606379687786102;0.1;0.1296074390411377
0.6;0.6046674251556396;0.28;0.24928942322731018;0.12;0.1159217581152916
0.76;0.7555868625640869;0.14;0.13625085353851318;0.26;0.2655283510684967
0.2;0.18492268025875092;0.28;0.2526521682739258;0.16;0.1614971160888672
0.3;0.29568442702293396;0.2;0.18497781455516815;0.32;0.34194499254226685
0.4;0.43457913398742676;0.26;0.21307463943958282;0.16;0.19197195768356323
0.82;0.8216961026191711;0.12;0.13593940436840057;0.48;0.47949594259262085
0.46;0.46091189980506897;0.52;0.5121175050735474;0.32;0.31379014253616333
0.56;0.5595362186431885;0.34;0.3460792601108551;0.44;0.4308229386806488
0.1;0.10829752683639526;0.82;0.8223572373390198;0.26;0.2606685161590576
0.32;0.32417556643486023;0.22;0.18870852887630463;0.3;0.33302563428878784
0.68;0.6720199584960938;0.18;0.17505235970020294;0.2;0.20237192511558533
0.34;0.3474888503551483;0.46;0.46061262488365173;0.22;0.21923676133155823
0.12;0.11507641524076462;0.86;0.8540567755699158;0.38;0.37639889121055603
0.68;0.6800783276557922;0.3;0.2840365767478943;0.3;0.29779675602912903
0.12;0.11874846369028091;0.32;0.3001100718975067;0.32;0.33177274465560913
0.16;0.14990021288394928;0.14;0.12494708597660065;0.1;0.11657103151082993
0.5;0.4998110234737396;0.2;0.1924198567867279;0.36;0.3653152585029602
0.58;0.5867961049079895;0.18;0.17092293500900269;0.32;0.3309953510761261
0.44;0.4347705841064453;0.14;0.13305899500846863;0.42;0.440643310546875
0.48;0.4781056344509125;0.1;0.08883150666952133;0.38;0.37766510248184204
0.66;0.6585596799850464;0.3;0.2953561544418335;0.26;0.2590274512767792
0.42;0.4285372793674469;0.16;0.15962092578411102;0.5;0.520759642124176
0.44;0.47261375188827515;0.28;0.22227710485458374;0.1;0.10871009528636932
0.38;0.3809550404548645;0.12;0.1008429303765297;0.42;0.41744518280029297
0.1;0.10019529610872269;0.3;0.2744652032852173;0.22;0.23013153672218323
0.1;0.11869444698095322;0.7;0.6646214127540588;0.22;0.22172848880290985
0.58;0.5798512101173401;0.22;0.2096349149942398;0.24;0.24623949825763702
0.52;0.5119713544845581;0.38;0.38883185386657715;0.34;0.33136609196662903
0.38;0.38361871242523193;0.46;0.4571415185928345;0.44;0.4386467933654785
0.28;0.28754377365112305;0.3;0.27474671602249146;0.28;0.2969171702861786
0.1;0.10900075733661652;0.8;0.7758991718292236;0.14;0.13615819811820984
0.14;0.14610764384269714;0.72;0.7074110507965088;0.3;0.2971401810646057
0.44;0.44089823961257935;0.16;0.1290590763092041;0.2;0.2386818379163742
0.7;0.6958826184272766;0.22;0.21847477555274963;0.32;0.32071635127067566
0.6;0.5995407104492188;0.34;0.3499225378036499;0.44;0.43383312225341797
0.12;0.13036537170410156;0.76;0.7389277219772339;0.28;0.2813241481781006
0.3;0.30903300642967224;0.6;0.6021613478660583;0.5;0.5000412464141846
0.1;0.10823634266853333;0.4;0.36525630950927734;0.26;0.27590593695640564
0.7;0.6960069537162781;0.14;0.12602072954177856;0.14;0.15908707678318024
0.44;0.4345177412033081;0.46;0.46376821398735046;0.46;0.45584386587142944
0.6;0.605850100517273;0.24;0.2409563809633255;0.32;0.317465603351593
0.56;0.5527693629264832;0.36;0.3636062443256378;0.42;0.4138430655002594
0.14;0.1507110297679901;0.46;0.4578377306461334;0.46;0.4605728089809418
0.66;0.644043505191803;0.26;0.2534506022930145;0.3;0.2962648272514343
0.82;0.8220285177230835;0.16;0.14015477895736694;0.32;0.3267243206501007
0.36;0.3735758364200592;0.34;0.3198484480381012;0.2;0.21222057938575745
0.24;0.24063220620155334;0.58;0.5737514495849609;0.24;0.2415408194065094
0.54;0.5476154088973999;0.18;0.17512501776218414;0.46;0.471395343542099
0.3;0.3016864061355591;0.16;0.12634317576885223;0.28;0.30677810311317444
0.22;0.1930544376373291;0.14;0.11361479759216309;0.1;0.12464960664510727
0.14;0.14517037570476532;0.4;0.39801064133644104;0.42;0.42654895782470703
0.4;0.41266652941703796;0.46;0.44084206223487854;0.1;0.09404398500919342
0.12;0.12646691501140594;0.82;0.7739839553833008;0.1;0.10245876014232635
0.44;0.43836840987205505;0.34;0.34567585587501526;0.34;0.3356785178184509
0.1;0.10573849827051163;0.42;0.4037059247493744;0.4;0.4090302884578705
0.68;0.6825586557388306;0.22;0.20302529633045197;0.12;0.12351026386022568
0.66;0.6539211869239807;0.22;0.22289404273033142;0.32;0.316855251789093
0.24;0.24510158598423004;0.42;0.4148733913898468;0.42;0.41810446977615356
0.18;0.1830005645751953;0.78;0.7860268950462341;0.4;0.39725151658058167
0.24;0.23008722066879272;0.14;0.1262703686952591;0.24;0.2563575804233551
0.66;0.6525042653083801;0.2;0.19259242713451385;0.2;0.20153295993804932
0.18;0.18695670366287231;0.66;0.6570991277694702;0.36;0.3657408058643341
0.28;0.2847069501876831;0.48;0.45888757705688477;0.16;0.16705995798110962
0.24;0.2475903481245041;0.52;0.5128611922264099;0.38;0.3822703957557678
0.2;0.20286856591701508;0.42;0.402129203081131;0.16;0.16893771290779114
0.24;0.24566859006881714;0.7;0.6950092911720276;0.48;0.47875189781188965
0.46;0.4657818078994751;0.38;0.36785000562667847;0.14;0.13108888268470764
0.6;0.5988965034484863;0.26;0.2655709385871887;0.46;0.45183148980140686
0.1;0.1028953492641449;0.62;0.6267367601394653;0.44;0.4350363612174988
0.24;0.24279041588306427;0.42;0.42126789689064026;0.46;0.45436978340148926
0.14;0.14131489396095276;0.48;0.4843631684780121;0.36;0.3553568720817566
0.42;0.4307399094104767;0.38;0.37257644534111023;0.3;0.30037760734558105
0.12;0.10849787294864655;0.2;0.18117912113666534;0.16;0.17167608439922333
0.36;0.36587369441986084;0.18;0.15745383501052856;0.34;0.36506322026252747
0.26;0.26145729422569275;0.62;0.6168617010116577;0.32;0.3185631036758423
0.44;0.4450491964817047;0.38;0.38627174496650696;0.42;0.4163796901702881
0.44;0.4285924732685089;0.14;0.11070450395345688;0.14;0.17218351364135742
0.2;0.19783419370651245;0.2;0.18780013918876648;0.32;0.3273259401321411
0.48;0.49010786414146423;0.28;0.2384469360113144;0.1;0.10444559901952744
0.16;0.16078412532806396;0.24;0.21934498846530914;0.3;0.3011799454689026
0.74;0.730840802192688;0.2;0.20393508672714233;0.2;0.19832949340343475
0.34;0.3453756272792816;0.48;0.4813535809516907;0.26;0.2593526244163513
0.14;0.13965219259262085;0.24;0.22286398708820343;0.34;0.34882259368896484
0.28;0.295317143201828;0.36;0.3417043685913086;0.22;0.2301219254732132
0.66;0.648992657661438;0.26;0.25219523906707764;0.32;0.31504765152931213
0.22;0.2197425812482834;0.64;0.6303714513778687;0.2;0.19861677289009094
0.38;0.3984702229499817;0.22;0.17939519882202148;0.26;0.3037508726119995
0.3;0.30513641238212585;0.26;0.2473146915435791;0.34;0.3592716455459595
0.18;0.18606434762477875;0.76;0.7609533071517944;0.46;0.4548250138759613
0.32;0.3338265120983124;0.44;0.4313585162162781;0.38;0.37927553057670593
0.12;0.12263712286949158;0.38;0.3545539975166321;0.34;0.35020142793655396
0.38;0.3837551176548004;0.16;0.1466892808675766;0.38;0.40534085035324097
0.16;0.16890878975391388;0.46;0.44679880142211914;0.4;0.40242481231689453
0.2;0.20256498456001282;0.16;0.13816781342029572;0.24;0.2686014771461487
0.2;0.19830623269081116;0.6;0.5894519090652466;0.2;0.19547896087169647
0.42;0.4343304932117462;0.38;0.37161707878112793;0.32;0.32116198539733887
0.26;0.27028900384902954;0.48;0.4710431694984436;0.46;0.46418970823287964
0.18;0.19013628363609314;0.48;0.4516102373600006;0.22;0.228183314204216
0.62;0.6452099680900574;0.12;0.09453389048576355;0.44;0.4702919125556946
0.46;0.4552662968635559;0.36;0.3740636110305786;0.42;0.41420966386795044
0.24;0.24803787469863892;0.52;0.5126090049743652;0.4;0.40073633193969727
0.38;0.38735124468803406;0.58;0.5757699012756348;0.32;0.318066269159317
0.1;0.14359107613563538;0.62;0.5261160135269165;0.2;0.23793399333953857
0.58;0.5914502739906311;0.18;0.16750846803188324;0.3;0.3093525767326355
0.36;0.37867748737335205;0.22;0.149942085146904;0.12;0.1681624948978424
0.6;0.6005995869636536;0.36;0.3526339530944824;0.14;0.13581247627735138
0.3;0.30869463086128235;0.56;0.5572320222854614;0.26;0.25903233885765076
0.26;0.2634742558002472;0.38;0.3760957419872284;0.46;0.4582912027835846
0.78;0.7768951058387756;0.16;0.16841307282447815;0.42;0.4174644947052002
0.12;0.127216637134552;0.62;0.6247074604034424;0.42;0.4172220826148987
0.16;0.1666964441537857;0.54;0.5259984731674194;0.48;0.48047930002212524
0.4;0.4108731150627136;0.18;0.1683165580034256;0.32;0.336784690618515
0.22;0.22508102655410767;0.48;0.4785594344139099;0.48;0.4777035713195801
0.12;0.13262459635734558;0.46;0.4497407078742981;0.42;0.42602190375328064
0.34;0.3377440869808197;0.18;0.17120516300201416;0.42;0.4322062134742737
0.62;0.6311865448951721;0.34;0.3083876371383667;0.1;0.10038070380687714
0.12;0.12111546844244003;0.52;0.5102217197418213;0.2;0.1938183754682541
0.64;0.6348958015441895;0.24;0.24484294652938843;0.46;0.45193833112716675
0.54;0.5430011749267578;0.4;0.39963576197624207;0.48;0.4763435423374176
0.3;0.3205595910549164;0.48;0.4517727792263031;0.12;0.11775809526443481
0.36;0.3598769009113312;0.58;0.5886022448539734;0.26;0.25519615411758423
0.56;0.5696393251419067;0.2;0.17811307311058044;0.22;0.2377762347459793
0.76;0.7515215277671814;0.18;0.17945164442062378;0.24;0.2417418509721756
0.28;0.3187299966812134;0.42;0.29450106620788574;0.1;0.1441115140914917
0.28;0.2795617878437042;0.5;0.5046776533126831;0.18;0.1764540821313858
0.38;0.3896571099758148;0.3;0.29906511306762695;0.48;0.4784666895866394
0.44;0.4374738931655884;0.44;0.44019514322280884;0.44;0.43701133131980896
0.3;0.3249451518058777;0.22;0.17525283992290497;0.1;0.11574269831180573
0.18;0.19438986480236053;0.62;0.6116966605186462;0.34;0.34282246232032776
0.34;0.34488627314567566;0.62;0.6154144406318665;0.34;0.33645159006118774
0.44;0.42687663435935974;0.14;0.12303277850151062;0.26;0.29173028469085693
0.2;0.20807667076587677;0.6;0.5964873433113098;0.34;0.33949393033981323
0.2;0.19813816249370575;0.74;0.744324266910553;0.46;0.4544431269168854
0.6;0.5969108939170837;0.38;0.37526997923851013;0.5;0.4987718462944031
0.58;0.5606448650360107;0.14;0.1307792365550995;0.2;0.21077652275562286
0.24;0.23943176865577698;0.26;0.26244959235191345;0.46;0.46442335844039917
0.6;0.6044707894325256;0.3;0.29672181606292725;0.44;0.4353119730949402
0.24;0.23737427592277527;0.2;0.1809689849615097;0.44;0.45201849937438965
0.18;0.19988633692264557;0.64;0.5894069671630859;0.1;0.1096402183175087
0.26;0.2630414068698883;0.62;0.6233873963356018;0.42;0.4162217974662781
0.12;0.18201379477977753;0.58;0.4000689685344696;0.1;0.15012319386005402
0.16;0.16266274452209473;0.24;0.21426396071910858;0.2;0.2078924924135208
0.12;0.12285901606082916;0.14;0.1357460618019104;0.28;0.2927873730659485
0.3;0.2422502487897873;0.1;0.0996650829911232;0.12;0.12788942456245422
0.54;0.5505438446998596;0.18;0.15917496383190155;0.26;0.27969950437545776
0.56;0.5576161742210388;0.38;0.3938791751861572;0.26;0.2473854124546051
0.24;0.25779715180397034;0.52;0.45835334062576294;0.1;0.11088933050632477
0.5;0.4827229380607605;0.14;0.12395735085010529;0.14;0.15563572943210602
0.4;0.38091912865638733;0.16;0.12917734682559967;0.1;0.14589731395244598
0.56;0.5534562468528748;0.34;0.3413499593734741;0.36;0.3525727689266205
0.72;0.7212998270988464;0.26;0.24700933694839478;0.28;0.2740684449672699
0.64;0.6255673766136169;0.16;0.17384067177772522;0.36;0.36456048488616943
0.28;0.29814612865448;0.38;0.3269098699092865;0.16;0.19043803215026855
0.5;0.49914488196372986;0.4;0.40719714760780334;0.44;0.4326416552066803
0.3;0.3435788154602051;0.36;0.24384373426437378;0.1;0.14150086045265198
0.74;0.7367944717407227;0.16;0.16662199795246124;0.32;0.3237653970718384
0.54;0.5372617244720459;0.36;0.3572678864002228;0.36;0.3579042851924896
0.72;0.7042480111122131;0.14;0.13479261100292206;0.2;0.21401801705360413
0.48;0.47350457310676575;0.42;0.4269450306892395;0.22;0.21257789433002472
0.38;0.38710570335388184;0.14;0.12350157648324966;0.46;0.4804965853691101
0.78;0.7759703993797302;0.16;0.15132075548171997;0.24;0.24832136929035187
0.32;0.32832056283950806;0.56;0.5541229248046875;0.36;0.3554677963256836
0.14;0.14431986212730408;0.62;0.6245468258857727;0.26;0.25464797019958496
0.56;0.5575377345085144;0.32;0.31786635518074036;0.34;0.33899974822998047
0.56;0.5602683424949646;0.36;0.35975882411003113;0.3;0.29153773188591003
0.4;0.4049167037010193;0.58;0.5639695525169373;0.46;0.4599947929382324
0.26;0.2701098322868347;0.48;0.4797825813293457;0.36;0.3600075840950012
0.3;0.2997871935367584;0.66;0.6682372093200684;0.24;0.23528499901294708
0.16;0.15797722339630127;0.26;0.24649393558502197;0.36;0.3601202964782715
0.54;0.5466556549072266;0.24;0.22241687774658203;0.44;0.4445767402648926
0.36;0.3885501027107239;0.28;0.19366945326328278;0.16;0.23457393050193787
0.8;0.792926549911499;0.16;0.17015454173088074;0.48;0.4793509542942047
0.1;0.10613884031772614;0.7;0.6997566819190979;0.34;0.3397974967956543
0.64;0.6304439902305603;0.12;0.12216565757989883;0.38;0.39104095101356506
0.52;0.5115196108818054;0.28;0.2887003719806671;0.32;0.31372934579849243
0.24;0.25921323895454407;0.5;0.4601219594478607;0.12;0.13110312819480896
0.58;0.5930280089378357;0.14;0.1311960071325302;0.3;0.30974143743515015
0.28;0.28230178356170654;0.58;0.5794530510902405;0.3;0.3014231324195862
0.22;0.2296866774559021;0.54;0.511953592300415;0.12;0.1262747347354889
0.26;0.2602096498012543;0.5;0.5038976669311523;0.22;0.2199879139661789
0.5;0.4986172616481781;0.34;0.3504799008369446;0.24;0.23590096831321716
0.4;0.41631996631622314;0.36;0.35070639848709106;0.28;0.2821543514728546
0.16;0.14584653079509735;0.18;0.14736492931842804;0.1;0.11721953004598618
0.5;0.5013731122016907;0.4;0.39897066354751587;0.38;0.37846115231513977
0.72;0.7084416747093201;0.12;0.11364524066448212;0.28;0.28890228271484375
0.12;0.13439491391181946;0.58;0.556979775428772;0.28;0.28871312737464905
0.42;0.42561575770378113;0.46;0.4630182981491089;0.44;0.43633660674095154
0.8;0.802798867225647;0.12;0.10848477482795715;0.28;0.28890830278396606
0.36;0.36880025267601013;0.58;0.5773012638092041;0.38;0.37957996129989624
0.28;0.2849718928337097;0.56;0.5652363300323486;0.32;0.32224202156066895
0.68;0.6725415587425232;0.22;0.21070796251296997;0.32;0.32192257046699524
0.44;0.4251098334789276;0.52;0.525930643081665;0.1;0.09228314459323883
0.1;0.10251539200544357;0.82;0.8285786509513855;0.22;0.21676158905029297
0.22;0.19890636205673218;0.12;0.10150739550590515;0.14;0.155360147356987
0.34;0.3521038889884949;0.34;0.34040287137031555;0.46;0.45209208130836487
0.24;0.24995018541812897;0.34;0.3152101933956146;0.3;0.3200470805168152
0.54;0.5364872217178345;0.38;0.3892655372619629;0.44;0.43002548813819885
0.72;0.7061825394630432;0.1;0.10060421377420425;0.18;0.18665894865989685
0.54;0.5521208643913269;0.24;0.221054345369339;0.28;0.28716427087783813
0.66;0.6565176248550415;0.32;0.2998781204223633;0.28;0.2802058756351471
0.34;0.35702595114707947;0.36;0.29904139041900635;0.12;0.14341768622398376
0.36;0.36900490522384644;0.42;0.4177129566669464;0.46;0.46267032623291016
0.2;0.21565429866313934;0.4;0.35385826230049133;0.18;0.2039071023464203
0.36;0.36264634132385254;0.52;0.5080586075782776;0.1;0.08998811990022659
0.18;0.18485036492347717;0.14;0.12383149564266205;0.4;0.4136723577976227
0.2;0.20816226303577423;0.48;0.46988287568092346;0.38;0.3862605690956116
0.12;0.1155952513217926;0.16;0.14920878410339355;0.34;0.3512353301048279
0.32;0.33144864439964294;0.22;0.2144162952899933;0.42;0.42626628279685974
0.34;0.35263288021087646;0.58;0.572444498538971;0.3;0.2990354299545288
0.24;0.24948225915431976;0.48;0.46817144751548767;0.26;0.2633666396141052
0.62;0.6106497645378113;0.2;0.19740691781044006;0.26;0.2666236460208893
0.54;0.5404988527297974;0.34;0.34089353680610657;0.22;0.2115873545408249
0.16;0.15837116539478302;0.18;0.16547083854675293;0.44;0.46057963371276855
0.42;0.417796790599823;0.2;0.1829686164855957;0.38;0.3991582989692688
0.18;0.18538403511047363;0.58;0.5671323537826538;0.26;0.2665044665336609
0.54;0.5451638102531433;0.34;0.33742451667785645;0.26;0.2552088797092438
0.28;0.2786358594894409;0.56;0.5613594651222229;0.12;0.11405336856842041
0.74;0.7381854057312012;0.24;0.2207132875919342;0.36;0.3513350784778595
0.4;0.40640056133270264;0.26;0.24320927262306213;0.3;0.32201385498046875
0.1;0.10924430936574936;0.76;0.7468886375427246;0.28;0.28109675645828247
0.14;0.14257974922657013;0.66;0.6283941268920898;0.16;0.1598053276538849
0.64;0.6306912302970886;0.28;0.2800455391407013;0.24;0.23632478713989258
0.66;0.6531573534011841;0.22;0.20482544600963593;0.16;0.1648039072751999
0.6;0.6022491455078125;0.16;0.14629043638706207;0.26;0.28543126583099365
0.26;0.24919089674949646;0.18;0.15599986910820007;0.28;0.2940698564052582
0.12;0.12100492417812347;0.5;0.453587144613266;0.12;0.11714638769626617
0.3;0.30747029185295105;0.36;0.3504662811756134;0.38;0.38111162185668945
0.5;0.4921164810657501;0.42;0.4306924045085907;0.36;0.3493942618370056
0.16;0.16508425772190094;0.74;0.7373999357223511;0.36;0.35814231634140015
0.1;0.10083627700805664;0.88;0.8747901916503906;0.24;0.2322540283203125
0.56;0.55204838514328;0.42;0.4096356928348541;0.36;0.34963175654411316
0.5;0.45374563336372375;0.12;0.1227857694029808;0.14;0.15079209208488464
0.22;0.22615928947925568;0.38;0.3739888668060303;0.26;0.2589736580848694
0.52;0.5236099362373352;0.1;0.07450023293495178;0.5;0.5135151743888855
0.12;0.13728740811347961;0.68;0.608327329158783;0.14;0.1427854299545288
0.36;0.3744211792945862;0.32;0.3199976086616516;0.48;0.47529029846191406
0.1;0.11460216343402863;0.72;0.7145125865936279;0.5;0.50478196144104
0.36;0.36238396167755127;0.48;0.4818022549152374;0.36;0.35904961824417114
0.1;0.104253850877285;0.7;0.7018721103668213;0.46;0.45847636461257935
0.3;0.30762919783592224;0.24;0.2370542287826538;0.42;0.426846981048584
0.36;0.3688232898712158;0.16;0.14954917132854462;0.44;0.4440675675868988
0.1;0.10800153762102127;0.88;0.8079915642738342;0.12;0.12128665298223495
0.12;0.12130160629749298;0.22;0.1985972672700882;0.46;0.47265464067459106
0.82;0.8219799995422363;0.12;0.12273874133825302;0.16;0.16387201845645905
0.7;0.6889325380325317;0.22;0.21803529560565948;0.36;0.3608442544937134
0.46;0.4549424648284912;0.44;0.4396081864833832;0.48;0.4781053960323334
0.52;0.5367915034294128;0.32;0.29276135563850403;0.1;0.09297280013561249
0.12;0.11138514429330826;0.18;0.16154886782169342;0.36;0.374742329120636
0.54;0.5528746247291565;0.2;0.17682668566703796;0.44;0.4565865397453308
0.66;0.6598109602928162;0.22;0.22214725613594055;0.46;0.45382994413375854
0.34;0.36166512966156006;0.46;0.43458500504493713;0.12;0.11809928715229034
0.68;0.6945656538009644;0.22;0.19168147444725037;0.1;0.10472116619348526
0.66;0.6625332832336426;0.32;0.29573720693588257;0.22;0.22035560011863708
0.32;0.321875661611557;0.46;0.45879611372947693;0.18;0.17913886904716492
0.58;0.5715029239654541;0.24;0.23786643147468567;0.22;0.22071747481822968
0.18;0.18825052678585052;0.6;0.6020739674568176;0.4;0.4040418565273285
0.36;0.3759385943412781;0.52;0.5084711313247681;0.22;0.21577003598213196
0.18;0.19028320908546448;0.46;0.4575693905353546;0.44;0.43829280138015747
0.12;0.1219453290104866;0.22;0.2026129812002182;0.42;0.434539258480072
0.72;0.7220038175582886;0.2;0.2006921023130417;0.48;0.4736563563346863
0.48;0.4745602607727051;0.4;0.4080030918121338;0.46;0.4535049498081207
0.5;0.5100621581077576;0.18;0.18252523243427277;0.48;0.48664093017578125
0.6;0.6333020329475403;0.2;0.16259267926216125;0.1;0.10864466428756714
0.16;0.2050335854291916;0.54;0.4006311893463135;0.1;0.14260156452655792
0.18;0.17172235250473022;0.12;0.11616803705692291;0.26;0.28469154238700867
0.28;0.28934618830680847;0.36;0.3450907766819;0.26;0.2711621820926666
0.18;0.17863774299621582;0.36;0.3704226016998291;0.4;0.400099515914917
0.2;0.21037256717681885;0.54;0.5414822697639465;0.42;0.4214922785758972
0.38;0.3901694715023041;0.5;0.49419498443603516;0.36;0.35956111550331116
0.66;0.6492626070976257;0.28;0.2833358347415924;0.32;0.31410375237464905
0.1;0.10737009346485138;0.78;0.7604115009307861;0.22;0.2196900099515915
0.12;0.11420582234859467;0.2;0.17030708491802216;0.1;0.10920657962560654
0.36;0.37350961565971375;0.26;0.23739781975746155;0.48;0.49805107712745667
0.48;0.4886150062084198;0.5;0.477064311504364;0.18;0.17156648635864258
0.52;0.5282675623893738;0.28;0.26888856291770935;0.22;0.22494621574878693
0.2;0.20773199200630188;0.42;0.3969337046146393;0.24;0.25008854269981384
0.46;0.48676589131355286;0.24;0.17772436141967773;0.1;0.1115017682313919
0.68;0.6714819669723511;0.26;0.25873541831970215;0.38;0.3722410500049591
0.26;0.26589974761009216;0.32;0.31300097703933716;0.38;0.3817378282546997
0.12;0.1164628192782402;0.82;0.8387450575828552;0.3;0.2949008047580719
0.1;0.14214280247688293;0.72;0.5755892395973206;0.12;0.13999919593334198
0.7;0.7014467120170593;0.26;0.26681768894195557;0.26;0.2550334334373474
0.18;0.18252645432949066;0.38;0.3924422562122345;0.5;0.49386364221572876
0.48;0.4848213791847229;0.22;0.23017242550849915;0.5;0.5034535527229309
0.44;0.4540431499481201;0.3;0.2944568693637848;0.4;0.4039665162563324
0.5;0.5000589489936829;0.42;0.42173516750335693;0.42;0.41483187675476074
0.74;0.7309320569038391;0.24;0.21426913142204285;0.16;0.15590806305408478
0.78;0.7862083911895752;0.2;0.15118518471717834;0.12;0.13253755867481232
0.34;0.347901314496994;0.5;0.4985086917877197;0.28;0.28075313568115234
0.72;0.7074588537216187;0.1;0.09542092680931091;0.2;0.20734286308288574
0.22;0.22402532398700714;0.66;0.6525232791900635;0.42;0.4170127809047699
0.48;0.47390562295913696;0.18;0.14949706196784973;0.16;0.17641203105449677
0.68;0.6784284710884094;0.2;0.19657592475414276;0.28;0.28039807081222534
0.76;0.7596516609191895;0.22;0.17300531268119812;0.12;0.12857767939567566
0.1;0.10447978973388672;0.8;0.8006571531295776;0.36;0.35693085193634033
0.1;0.12853987514972687;0.58;0.5113580226898193;0.22;0.24960188567638397
0.22;0.2091095745563507;0.3;0.2875243127346039;0.18;0.18522077798843384
0.42;0.4255165755748749;0.52;0.5268267393112183;0.4;0.395341157913208
0.1;0.10415046662092209;0.38;0.3631247878074646;0.42;0.42527514696121216
0.2;0.21315695345401764;0.1;0.07116593420505524;0.48;0.4979616105556488
0.5;0.49359750747680664;0.48;0.4747658371925354;0.28;0.27581676840782166
0.62;0.6163462400436401;0.2;0.18274247646331787;0.2;0.21007490158081055
0.24;0.24568568170070648;0.4;0.3802456259727478;0.18;0.19303584098815918
0.18;0.18785829842090607;0.42;0.40455979108810425;0.34;0.3464749753475189
0.38;0.39785921573638916;0.24;0.2045890837907791;0.28;0.3241884112358093
0.3;0.29966533184051514;0.48;0.483053594827652;0.24;0.23970942199230194
0.24;0.24376675486564636;0.34;0.33776023983955383;0.36;0.36157160997390747
0.56;0.5767729878425598;0.32;0.28800782561302185;0.1;0.09520240873098373
0.62;0.6183363795280457;0.3;0.3063201308250427;0.32;0.3149591088294983
0.32;0.3015676438808441;0.1;0.10388718545436859;0.22;0.20316553115844727
0.26;0.24567702412605286;0.68;0.7062857747077942;0.18;0.17428912222385406
0.36;0.3363478481769562;0.5;0.5211343169212341;0.12;0.10205324739217758
0.18;0.16912473738193512;0.16;0.1280355602502823;0.12;0.13774950802326202
0.54;0.5364536643028259;0.34;0.3455756902694702;0.5;0.49769148230552673
0.56;0.5637300610542297;0.34;0.3359937369823456;0.12;0.11055165529251099
0.24;0.23833663761615753;0.68;0.7049245238304138;0.16;0.1547989845275879
0.16;0.16901351511478424;0.54;0.5165762305259705;0.28;0.2807409167289734
0.24;0.24863500893115997;0.58;0.5785559415817261;0.48;0.4752587378025055
0.28;0.28380391001701355;0.5;0.4961158335208893;0.42;0.41744381189346313
0.6;0.6042964458465576;0.36;0.3720395267009735;0.38;0.3701739013195038
0.48;0.4954732060432434;0.22;0.18281535804271698;0.12;0.1247064620256424
0.14;0.14197097718715668;0.38;0.3667188882827759;0.36;0.36751294136047363
0.58;0.5850521326065063;0.2;0.18115775287151337;0.16;0.16989532113075256
0.46;0.44883501529693604;0.3;0.27864590287208557;0.12;0.11929310858249664
0.36;0.3892533779144287;0.36;0.2721540927886963;0.1;0.12447477877140045
0.44;0.46733859181404114;0.24;0.20308193564414978;0.2;0.22210128605365753
0.88;0.7214255332946777;0.1;0.12079109251499176;0.14;0.12457390129566193
0.42;0.41788914799690247;0.26;0.24762286245822906;0.26;0.27448713779449463
0.18;0.19027279317378998;0.28;0.2574829161167145;0.5;0.505010187625885
0.44;0.4341960549354553;0.46;0.4609045684337616;0.44;0.4359835684299469
0.3;0.3440508246421814;0.46;0.38962024450302124;0.1;0.10989491641521454
0.52;0.5273019671440125;0.22;0.19964851438999176;0.34;0.35160452127456665
0.58;0.5777280330657959;0.28;0.2839403748512268;0.38;0.3766997456550598
0.3;0.3009311854839325;0.62;0.6167782545089722;0.44;0.4352782368659973
0.18;0.18587316572666168;0.32;0.29155823588371277;0.24;0.2620323598384857
0.3;0.3094518780708313;0.42;0.3839658200740814;0.24;0.25588712096214294
0.32;0.32765957713127136;0.4;0.3953430950641632;0.36;0.3616248667240143
0.64;0.6445305943489075;0.16;0.12980547547340393;0.1;0.12178651988506317
0.42;0.4175824522972107;0.1;0.10592755675315857;0.46;0.4424108564853668
0.24;0.2542751431465149;0.32;0.28697383403778076;0.16;0.17918606102466583
0.38;0.38211873173713684;0.18;0.18434588611125946;0.42;0.4378855228424072
0.18;0.18135549128055573;0.66;0.6563956141471863;0.28;0.2831650972366333
0.52;0.5292332172393799;0.16;0.1470784842967987;0.42;0.4340999722480774
0.2;0.20321762561798096;0.4;0.4030856192111969;0.38;0.3763028383255005
0.2;0.2073463648557663;0.38;0.3629181981086731;0.26;0.26673033833503723
0.26;0.2742600440979004;0.46;0.4565172791481018;0.42;0.4200196862220764
0.58;0.5697154998779297;0.1;0.09911996871232986;0.3;0.2972005307674408
0.28;0.2844303548336029;0.62;0.6136331558227539;0.34;0.3359162211418152
0.36;0.3803606927394867;0.46;0.44940638542175293;0.2;0.20205190777778625
0.14;0.13822929561138153;0.32;0.25742077827453613;0.14;0.15301378071308136
0.72;0.7148309946060181;0.18;0.1790267825126648;0.22;0.22508692741394043
0.58;0.5684323906898499;0.1;0.10445554554462433;0.32;0.3163582384586334
0.32;0.32915881276130676;0.22;0.20995862782001495;0.38;0.3877869248390198
0.16;0.16750596463680267;0.64;0.6296989917755127;0.5;0.5000986456871033
0.5;0.44999366998672485;0.1;0.12716320157051086;0.16;0.14450690150260925
0.1;0.10240665823221207;0.82;0.8278015851974487;0.34;0.33378833532333374
0.26;0.2848761975765228;0.22;0.20877237617969513;0.5;0.515601634979248
0.22;0.2236027866601944;0.44;0.42756974697113037;0.26;0.26988235116004944
0.52;0.48359206318855286;0.1;0.11293137073516846;0.2;0.18568524718284607
0.68;0.6779180765151978;0.12;0.11568012088537216;0.28;0.2919076085090637
0.1;0.11167609691619873;0.48;0.4610636532306671;0.46;0.4712907373905182
0.62;0.6271118521690369;0.34;0.3549604117870331;0.42;0.4079328179359436
0.24;0.24813343584537506;0.48;0.48186299204826355;0.5;0.5034133791923523
0.14;0.13007919490337372;0.14;0.1204715371131897;0.48;0.49586987495422363
0.2;0.19692470133304596;0.48;0.4804658591747284;0.48;0.47924813628196716
0.22;0.2299131155014038;0.44;0.4311969578266144;0.44;0.4415906071662903
0.12;0.13472673296928406;0.66;0.6145662665367126;0.16;0.15967613458633423
0.56;0.5488609075546265;0.38;0.3925687074661255;0.44;0.4254806637763977
0.2;0.19910116493701935;0.12;0.1148260310292244;0.34;0.35950177907943726
0.22;0.2374459207057953;0.52;0.4811440408229828;0.12;0.13376542925834656
0.42;0.42051929235458374;0.18;0.16675861179828644;0.36;0.3840744197368622
0.14;0.1300562471151352;0.18;0.17456784844398499;0.42;0.42786017060279846
0.44;0.44443318247795105;0.22;0.2131977528333664;0.42;0.4215485453605652
0.1;0.10638709366321564;0.42;0.3958494961261749;0.34;0.351961225271225
0.32;0.32717618346214294;0.38;0.3741469383239746;0.38;0.37933334708213806
0.2;0.19918671250343323;0.7;0.6982567310333252;0.34;0.33822786808013916
0.32;0.3457042872905731;0.5;0.47463589906692505;0.14;0.13989602029323578
0.5;0.4885596036911011;0.28;0.29088568687438965;0.26;0.25507044792175293
0.22;0.21886152029037476;0.52;0.49656620621681213;0.2;0.20679111778736115
0.52;0.5248015522956848;0.46;0.45383182168006897;0.42;0.4133468270301819
0.1;0.10572192817926407;0.24;0.21444998681545258;0.32;0.3366091251373291
0.72;0.7235816717147827;0.26;0.2579493820667267;0.48;0.4757809638977051
0.34;0.3558977544307709;0.38;0.3731309175491333;0.3;0.31049904227256775
0.24;0.22964707016944885;0.28;0.2868756055831909;0.2;0.20946547389030457
0.18;0.18392151594161987;0.4;0.3990154266357422;0.42;0.4243156313896179
0.72;0.7193484902381897;0.12;0.11576154083013535;0.4;0.41044721007347107
0.6;0.598033607006073;0.3;0.30456167459487915;0.34;0.3281418979167938
0.2;0.2036246359348297;0.24;0.21749913692474365;0.34;0.3439001441001892
0.1;0.10344196856021881;0.3;0.29038751125335693;0.46;0.46789854764938354
0.48;0.4799831509590149;0.34;0.35074058175086975;0.48;0.4774535298347473
0.46;0.47792360186576843;0.48;0.46669551730155945;0.1;0.09521108120679855
0.18;0.17789164185523987;0.74;0.7487068176269531;0.28;0.2762284576892853
0.66;0.6729839444160461;0.16;0.1661294847726822;0.46;0.46654778718948364
0.44;0.439179390668869;0.38;0.38029229640960693;0.3;0.29547318816185
0.3;0.30563247203826904;0.36;0.35610002279281616;0.46;0.4611559808254242
0.18;0.1738334745168686;0.24;0.2252301722764969;0.36;0.35782140493392944
0.18;0.18711237609386444;0.46;0.44079697132110596;0.24;0.24476368725299835
0.36;0.3634796738624573;0.54;0.5342262387275696;0.32;0.3167995810508728
0.12;0.11927184462547302;0.86;0.8576173186302185;0.36;0.35414692759513855
0.64;0.6453078985214233;0.32;0.3373440206050873;0.46;0.4464174211025238
0.32;0.3259599506855011;0.12;0.09391988813877106;0.32;0.34224218130111694
0.52;0.4978831708431244;0.1;0.11809339374303818;0.24;0.2109840363264084
0.36;0.36693379282951355;0.56;0.5503516793251038;0.38;0.3784704804420471
0.16;0.17322613298892975;0.66;0.6314679384231567;0.14;0.1451772153377533
0.42;0.440158873796463;0.42;0.41145333647727966;0.46;0.45908284187316895
0.22;0.20047760009765625;0.22;0.17025166749954224;0.1;0.11304402351379395
0.34;0.34271466732025146;0.58;0.5773997902870178;0.32;0.3158600926399231
0.46;0.4535715878009796;0.34;0.3499305546283722;0.36;0.354909211397171
0.28;0.2522570788860321;0.16;0.13732926547527313;0.14;0.15438249707221985
0.14;0.1389840841293335;0.24;0.2297879308462143;0.46;0.4653933048248291
0.4;0.4104236364364624;0.3;0.29424262046813965;0.28;0.28511476516723633
0.32;0.32930517196655273;0.66;0.6492189168930054;0.5;0.5009020566940308
0.1;0.10398443043231964;0.22;0.2065902054309845;0.38;0.3852803111076355
0.28;0.30784687399864197;0.4;0.31003710627555847;0.12;0.16375389695167542
0.38;0.384024441242218;0.46;0.46288520097732544;0.26;0.2553289532661438
0.1;0.11668898910284042;0.84;0.7753031253814697;0.1;0.10808084160089493
0.74;0.7306618094444275;0.24;0.2347612828016281;0.44;0.42856884002685547
0.2;0.20933862030506134;0.34;0.3403085768222809;0.4;0.4043659269809723
0.24;0.24614840745925903;0.56;0.5581054091453552;0.28;0.2800443768501282
0.36;0.36655193567276;0.12;0.11422518640756607;0.26;0.2520197331905365
0.58;0.5767388343811035;0.36;0.3711981475353241;0.2;0.19254417717456818
0.22;0.22795630991458893;0.38;0.36168110370635986;0.5;0.5049781203269958
0.36;0.35554733872413635;0.16;0.1270710527896881;0.16;0.1988023966550827
0.1;0.09778249263763428;0.78;0.765224039554596;0.2;0.19811514019966125
0.66;0.6583781838417053;0.18;0.1667374223470688;0.2;0.2118673324584961
0.32;0.3247711658477783;0.56;0.5560299158096313;0.44;0.43398165702819824
0.48;0.5004293918609619;0.16;0.13334819674491882;0.28;0.31149178743362427
0.2;0.19868062436580658;0.3;0.26182278990745544;0.12;0.12596814334392548
0.78;0.7830938100814819;0.14;0.13138143718242645;0.14;0.14563754200935364
0.3;0.3108944892883301;0.44;0.4361000657081604;0.32;0.3201693594455719
0.28;0.28331929445266724;0.46;0.4618901014328003;0.48;0.4813723564147949
0.18;0.17166002094745636;0.24;0.2149178683757782;0.22;0.22600999474525452
0.2;0.2002284973859787;0.36;0.35906678438186646;0.3;0.3064984381198883
0.4;0.4046757221221924;0.56;0.5559572577476501;0.24;0.23403584957122803
0.12;0.12232261896133423;0.34;0.3250313103199005;0.46;0.4619569778442383
0.14;0.13908889889717102;0.38;0.34179022908210754;0.12;0.12152759730815887
0.36;0.3748074471950531;0.36;0.3436300456523895;0.2;0.2083357572555542
0.26;0.2636130452156067;0.5;0.49052664637565613;0.48;0.4842948019504547
0.28;0.27517110109329224;0.52;0.5245659351348877;0.14;0.1354488581418991
0.2;0.19571739435195923;0.18;0.16714875400066376;0.38;0.3929550051689148
0.58;0.5641316175460815;0.36;0.37070703506469727;0.44;0.43048030138015747
0.3;0.28736722469329834;0.12;0.10951142758131027;0.14;0.1446218341588974
0.3;0.3373396694660187;0.38;0.2785659432411194;0.1;0.12893308699131012
0.4;0.41043728590011597;0.44;0.4421481192111969;0.32;0.318229079246521
0.26;0.25936514139175415;0.14;0.11919713765382767;0.24;0.2530674338340759
0.12;0.11861629784107208;0.46;0.4520322382450104;0.22;0.21995416283607483
0.38;0.3798580765724182;0.12;0.09685809165239334;0.36;0.36575809121131897
0.26;0.26367855072021484;0.38;0.371513307094574;0.48;0.482352077960968
0.2;0.19474206864833832;0.26;0.21718457341194153;0.18;0.18762293457984924
0.24;0.22488254308700562;0.1;0.1021822988986969;0.42;0.42028602957725525
0.56;0.5648149251937866;0.36;0.36929842829704285;0.5;0.49301424622535706
0.24;0.2179759293794632;0.1;0.08521831035614014;0.14;0.15164554119110107
0.36;0.364179402589798;0.56;0.5554366111755371;0.32;0.3163131773471832
0.12;0.1181899905204773;0.18;0.15863649547100067;0.46;0.47447624802589417
0.32;0.32517412304878235;0.6;0.5958103537559509;0.16;0.157658189535141
0.28;0.2886776030063629;0.3;0.2951156795024872;0.44;0.4373100697994232
0.3;0.3020487427711487;0.58;0.5772098302841187;0.34;0.33714550733566284
0.1;0.09777947515249252;0.12;0.13159909844398499;0.14;0.13929088413715363
0.4;0.4052165150642395;0.42;0.4202191233634949;0.42;0.41766557097435
0.34;0.3398266136646271;0.2;0.13854177296161652;0.1;0.14715954661369324
0.62;0.6152734756469727;0.24;0.2261592149734497;0.2;0.204980731010437
0.28;0.2950822412967682;0.44;0.40004023909568787;0.26;0.28152400255203247
0.74;0.720308780670166;0.1;0.09259352833032608;0.16;0.16735227406024933
0.44;0.4513150155544281;0.44;0.42363595962524414;0.14;0.13295844197273254
0.24;0.24484403431415558;0.6;0.586703896522522;0.22;0.22100982069969177
0.5;0.5049405097961426;0.14;0.14447614550590515;0.5;0.5285760164260864
0.2;0.19633996486663818;0.78;0.7687584161758423;0.3;0.29624348878860474
0.16;0.16161593794822693;0.78;0.7867739200592041;0.18;0.1802695095539093
0.7;0.7107797265052795;0.1;0.09599961340427399;0.5;0.5167249441146851
0.66;0.6677953600883484;0.22;0.21697689592838287;0.5;0.4954683184623718
0.3;0.3050967752933502;0.6;0.5949039459228516;0.14;0.1341497004032135
0.16;0.1813732534646988;0.52;0.4772089421749115;0.18;0.18963590264320374
0.5;0.4619733691215515;0.1;0.12522345781326294;0.18;0.15391840040683746
0.28;0.2946421802043915;0.44;0.43202894926071167;0.4;0.4024063050746918
0.28;0.28948691487312317;0.58;0.5638207197189331;0.1;0.09307561814785004
0.5;0.49835899472236633;0.4;0.40691766142845154;0.4;0.39305543899536133
0.62;0.6221598982810974;0.34;0.329509437084198;0.12;0.11648581176996231
0.36;0.3663509786128998;0.4;0.3975248634815216;0.24;0.23973245918750763
0.56;0.5556526780128479;0.16;0.12191623449325562;0.1;0.1281391680240631
0.5;0.4916286766529083;0.3;0.30483415722846985;0.36;0.35602205991744995
0.56;0.5639899373054504;0.32;0.3223835229873657;0.5;0.49637284874916077
0.2;0.20974886417388916;0.24;0.2336440235376358;0.48;0.4843767583370209
0.6;0.6226780414581299;0.2;0.17210568487644196;0.12;0.1259344220161438
0.18;0.15377043187618256;0.1;0.11316592991352081;0.22;0.2257368564605713
0.46;0.4590456783771515;0.4;0.4025365710258484;0.3;0.2964472472667694
0.48;0.4752030670642853;0.42;0.42761683464050293;0.32;0.3116088807582855
0.32;0.3493463397026062;0.34;0.27808767557144165;0.12;0.1429753303527832
0.14;0.13192729651927948;0.84;0.8440232276916504;0.34;0.3302101492881775
0.5;0.5026882886886597;0.24;0.2243373543024063;0.3;0.3107793629169464
0.24;0.24669678509235382;0.72;0.7156272530555725;0.46;0.4583958685398102
0.86;0.8656482696533203;0.1;0.10314405709505081;0.3;0.27973082661628723
0.36;0.3655504882335663;0.18;0.1600075662136078;0.36;0.3841654062271118
0.68;0.676572859287262;0.1;0.10622391849756241;0.24;0.2377685010433197
0.2;0.20084959268569946;0.4;0.40758755803108215;0.42;0.41131335496902466
0.88;0.8847097158432007;0.1;0.10318218171596527;0.42;0.3827993869781494
0.26;0.2685192823410034;0.66;0.6655706167221069;0.22;0.21920306980609894
0.12;0.11784547567367554;0.78;0.7660474181175232;0.18;0.1771593540906906
0.1;0.10052861273288727;0.16;0.16059282422065735;0.32;0.3307185471057892
0.14;0.13687093555927277;0.18;0.16881734132766724;0.48;0.49153009057044983
0.34;0.3471933603286743;0.2;0.1912006288766861;0.4;0.4080234169960022
0.46;0.4731668531894684;0.14;0.11777442693710327;0.36;0.38948193192481995
0.42;0.40949389338493347;0.1;0.10877356678247452;0.24;0.227901890873909
0.66;0.6499888896942139;0.1;0.10511202365159988;0.38;0.3885417580604553
0.26;0.25082260370254517;0.16;0.11623501032590866;0.12;0.1430261731147766
0.3;0.31167176365852356;0.3;0.2843649387359619;0.46;0.4689024090766907
0.46;0.4569593369960785;0.48;0.48426172137260437;0.2;0.1911354959011078
0.12;0.11189132183790207;0.1;0.08439087122678757;0.34;0.3329661786556244
0.4;0.408914178609848;0.46;0.4608067274093628;0.48;0.47696995735168457
0.28;0.27431148290634155;0.14;0.11094357818365097;0.3;0.3126694858074188
0.34;0.3269502818584442;0.62;0.6237084269523621;0.14;0.13377904891967773
0.62;0.5614551901817322;0.1;0.1001419946551323;0.12;0.12418778985738754
0.42;0.42897212505340576;0.5;0.49549350142478943;0.3;0.29595884680747986
0.2;0.20709021389484406;0.66;0.6494430303573608;0.4;0.40369290113449097
0.3;0.301303505897522;0.66;0.6664040088653564;0.42;0.4160051941871643
0.14;0.13634039461612701;0.4;0.38913801312446594;0.24;0.24489998817443848
0.26;0.27274465560913086;0.58;0.5760714411735535;0.26;0.26497870683670044
0.76;0.7506828308105469;0.2;0.18699778616428375;0.14;0.14540448784828186
0.32;0.32118159532546997;0.42;0.4234250485897064;0.48;0.47450461983680725
0.4;0.4041964113712311;0.4;0.4011807143688202;0.38;0.3785192370414734
0.18;0.17709539830684662;0.32;0.2925337255001068;0.16;0.1610356569290161
0.52;0.4866395890712738;0.16;0.12554378807544708;0.12;0.1486348807811737
0.7;0.6938680410385132;0.14;0.12712180614471436;0.18;0.19735224545001984
0.64;0.6341959238052368;0.26;0.24852785468101501;0.2;0.1980195939540863
0.48;0.49450650811195374;0.14;0.13786335289478302;0.48;0.5057862997055054
0.34;0.3433566391468048;0.4;0.3651888966560364;0.14;0.1438867449760437
0.72;0.7197833061218262;0.12;0.11750143021345139;0.46;0.4741707444190979
0.38;0.3736173212528229;0.12;0.11274906992912292;0.26;0.25776174664497375
0.72;0.7051898837089539;0.14;0.13661126792430878;0.22;0.2333562821149826
0.56;0.5671707987785339;0.32;0.3105815052986145;0.24;0.23856592178344727
0.48;0.4946341812610626;0.18;0.15620163083076477;0.2;0.21815171837806702
0.68;0.6831578612327576;0.3;0.28358447551727295;0.22;0.21856966614723206
0.46;0.4399009346961975;0.1;0.08879677951335907;0.2;0.21733181178569794
0.32;0.33562201261520386;0.48;0.47287142276763916;0.38;0.37599822878837585
0.3;0.3066823482513428;0.16;0.13491341471672058;0.42;0.44410309195518494
0.6;0.603970468044281;0.18;0.18304617702960968;0.48;0.4817360043525696
0.18;0.18762682378292084;0.32;0.2932627201080322;0.26;0.2808994948863983
0.22;0.21104519069194794;0.22;0.20090918242931366;0.28;0.2836022973060608
0.56;0.5546190738677979;0.12;0.11576775461435318;0.34;0.35446926951408386
0.24;0.2639431655406952;0.5;0.42010411620140076;0.1;0.11953581869602203
0.88;0.8814318776130676;0.1;0.10488078743219376;0.38;0.33156031370162964
0.28;0.28477755188941956;0.62;0.6160719990730286;0.26;0.25602203607559204
0.7;0.6955446004867554;0.22;0.21410217881202698;0.42;0.4175803065299988
0.56;0.5653302073478699;0.22;0.20507003366947174;0.26;0.2659214437007904
0.1;0.0977737307548523;0.2;0.18507765233516693;0.5;0.5067285299301147
0.2;0.20522797107696533;0.44;0.432138055562973;0.26;0.26386070251464844
0.68;0.6817514300346375;0.3;0.28679749369621277;0.48;0.47582894563674927
0.14;0.1391763985157013;0.84;0.8399146795272827;0.26;0.2524643540382385
0.16;0.16066859662532806;0.38;0.3555396497249603;0.24;0.25540608167648315
0.1;0.12220282107591629;0.54;0.5194875597953796;0.34;0.35237666964530945
0.8;0.799357533454895;0.16;0.1491771638393402;0.26;0.26656782627105713
0.32;0.32076066732406616;0.66;0.6432079076766968;0.28;0.27786001563072205
0.48;0.47574421763420105;0.46;0.46726474165916443;0.44;0.43067359924316406
0.4;0.40572866797447205;0.38;0.38062140345573425;0.44;0.43366527557373047
0.32;0.3201032876968384;0.14;0.10797341167926788;0.24;0.26011180877685547
0.6;0.6121231913566589;0.12;0.11070114374160767;0.36;0.37536388635635376
0.62;0.6224215030670166;0.32;0.3369937241077423;0.36;0.3526492714881897
0.24;0.2446868121623993;0.56;0.5553332567214966;0.48;0.4761955142021179
0.46;0.45372825860977173;0.26;0.24008895456790924;0.14;0.14417986571788788
0.38;0.3814651668071747;0.2;0.19713275134563446;0.38;0.3871835172176361
0.38;0.38753044605255127;0.48;0.47941723465919495;0.46;0.4592921733856201
0.24;0.2556639313697815;0.32;0.29324549436569214;0.2;0.22335901856422424
0.32;0.3284068703651428;0.42;0.413394033908844;0.28;0.28527697920799255
0.5;0.4996860921382904;0.2;0.17952121794223785;0.26;0.27403610944747925
0.14;0.14669013023376465;0.7;0.6932749152183533;0.3;0.2974379062652588
0.52;0.5181219577789307;0.12;0.11325733363628387;0.2;0.19954131543636322
0.24;0.25241541862487793;0.32;0.2709154188632965;0.14;0.16887299716472626
0.76;0.7517741918563843;0.2;0.1966218203306198;0.26;0.26014918088912964
0.76;0.7569543123245239;0.2;0.21035602688789368;0.46;0.45022448897361755
0.4;0.42315253615379333;0.42;0.39047184586524963;0.1;0.10298947244882584
0.1;0.1152903214097023;0.86;0.7862796187400818;0.1;0.10776393115520477
0.2;0.20568861067295074;0.36;0.3269502818584442;0.12;0.1298225075006485
0.2;0.2003563940525055;0.34;0.33261197805404663;0.3;0.3153509199619293
0.16;0.15936411917209625;0.28;0.25966212153434753;0.3;0.30398866534233093
0.22;0.23105472326278687;0.34;0.3251516819000244;0.22;0.23275652527809143
0.2;0.21381542086601257;0.26;0.23942109942436218;0.36;0.3665256202220917
0.52;0.5286692380905151;0.24;0.22679448127746582;0.22;0.23162880539894104
0.58;0.5746995806694031;0.26;0.2528306841850281;0.18;0.17592687904834747
0.14;0.14212507009506226;0.34;0.3189542591571808;0.42;0.42895108461380005
0.54;0.5488981604576111;0.24;0.21922601759433746;0.32;0.3278544247150421
0.4;0.4146183431148529;0.48;0.46824097633361816;0.24;0.2374463826417923
0.28;0.28026825189590454;0.66;0.6758989095687866;0.26;0.2551223933696747
0.36;0.37052348256111145;0.48;0.47503677010536194;0.24;0.23786048591136932
0.8;0.787365198135376;0.18;0.16460512578487396;0.36;0.36095157265663147
0.6;0.6085200905799866;0.26;0.2589132785797119;0.3;0.29892289638519287
0.1;0.10933760553598404;0.26;0.21719396114349365;0.14;0.1518459916114807
0.74;0.7306671142578125;0.24;0.2245277613401413;0.22;0.21615782380104065
0.6;0.6034419536590576;0.28;0.2826465964317322;0.48;0.46964502334594727
0.3;0.3090706765651703;0.28;0.24231605231761932;0.24;0.2732735276222229
0.36;0.36925891041755676;0.34;0.32778871059417725;0.28;0.2925567328929901
0.56;0.5597590208053589;0.42;0.3995286524295807;0.22;0.2142445594072342
0.36;0.3673139810562134;0.2;0.1966552883386612;0.42;0.4315394461154938
0.42;0.41969820857048035;0.14;0.14990486204624176;0.48;0.4912589490413666
0.44;0.4337475597858429;0.46;0.459625244140625;0.2;0.19187596440315247
0.28;0.2956950068473816;0.24;0.21001431345939636;0.46;0.48780161142349243
0.28;0.28687170147895813;0.66;0.6708182096481323;0.28;0.27774515748023987
0.12;0.13903214037418365;0.48;0.4635829031467438;0.44;0.45194777846336365
0.32;0.3188745677471161;0.56;0.5585922002792358;0.26;0.2537655532360077
0.24;0.24815884232521057;0.46;0.45466622710227966;0.42;0.42023468017578125
0.12;0.12633740901947021;0.62;0.6203935146331787;0.46;0.45590487122535706
0.58;0.5673937797546387;0.14;0.12102048099040985;0.12;0.1373741328716278
0.7;0.7000958919525146;0.28;0.26503536105155945;0.34;0.3374783992767334
0.64;0.6358908414840698;0.18;0.17277038097381592;0.24;0.25057584047317505
0.5;0.49074921011924744;0.36;0.3723422586917877;0.3;0.2943938374519348
0.68;0.6707273125648499;0.18;0.1704486906528473;0.16;0.1650570183992386
0.1;0.10846398025751114;0.66;0.6525570154190063;0.32;0.32431209087371826
0.58;0.5784317851066589;0.14;0.1289372444152832;0.24;0.25062814354896545
0.1;0.11771095544099808;0.64;0.6117411851882935;0.3;0.312910795211792
0.46;0.46015068888664246;0.22;0.22017283737659454;0.42;0.42079266905784607
0.4;0.4410395324230194;0.28;0.21842975914478302;0.12;0.14119219779968262
0.44;0.45192664861679077;0.32;0.3103511333465576;0.26;0.2637937664985657
0.62;0.6055788397789001;0.18;0.18648774921894073;0.28;0.28504836559295654
0.16;0.15986564755439758;0.4;0.37827908992767334;0.12;0.11815492063760757
0.26;0.2646883428096771;0.26;0.25596076250076294;0.46;0.4687767028808594
0.3;0.30589520931243896;0.3;0.2813536524772644;0.26;0.27184897661209106
0.16;0.16631446778774261;0.4;0.3819642663002014;0.16;0.16755244135856628
0.36;0.36544033885002136;0.46;0.4626089036464691;0.46;0.4552803933620453
0.42;0.42513909935951233;0.32;0.32320696115493774;0.4;0.3974142074584961
0.3;0.29929065704345703;0.1;0.09464859962463379;0.24;0.2232247292995453
0.5;0.5034348368644714;0.3;0.30879342555999756;0.48;0.47663483023643494
0.62;0.6148051619529724;0.36;0.3489035964012146;0.28;0.2748940885066986
0.18;0.19161754846572876;0.7;0.6745313405990601;0.12;0.12313960492610931
0.22;0.22589237987995148;0.74;0.7469991445541382;0.16;0.15600049495697021
0.42;0.4256541132926941;0.56;0.5486380457878113;0.32;0.3171369433403015
0.6;0.6235100030899048;0.12;0.10917066782712936;0.5;0.5231761932373047
0.16;0.1678355634212494;0.38;0.37992987036705017;0.5;0.4966639578342438
0.46;0.47277897596359253;0.52;0.49102774262428284;0.16;0.15389947593212128
0.2;0.20920652151107788;0.28;0.2526813745498657;0.38;0.39370277523994446
0.22;0.21194618940353394;0.28;0.27683696150779724;0.26;0.27420711517333984
0.64;0.5932830572128296;0.12;0.09575150907039642;0.1;0.1248946413397789
0.48;0.47398027777671814;0.18;0.1946183443069458;0.46;0.4639831483364105
0.54;0.5277350544929504;0.4;0.41347289085388184;0.36;0.35124674439430237
0.74;0.7342578768730164;0.18;0.17382729053497314;0.18;0.18191702663898468
0.28;0.283083975315094;0.5;0.5025054216384888;0.24;0.23911988735198975
0.48;0.47652021050453186;0.46;0.477655291557312;0.16;0.14802086353302002
0.32;0.3231174349784851;0.3;0.28948405385017395;0.28;0.2918587327003479
0.26;0.27199724316596985;0.58;0.5797316431999207;0.36;0.3620150089263916
0.46;0.4659338891506195;0.36;0.3499802350997925;0.22;0.22690454125404358
0.12;0.12361018359661102;0.72;0.7138451933860779;0.42;0.4191017150878906
0.14;0.14163005352020264;0.76;0.724897027015686;0.1;0.09982322156429291
0.3;0.30091404914855957;0.32;0.3096928298473358;0.34;0.3517119884490967
0.5;0.5050362944602966;0.26;0.2307797372341156;0.12;0.12500198185443878
0.1;0.13786698877811432;0.66;0.5562005043029785;0.18;0.214339941740036
0.68;0.6763573288917542;0.24;0.23785936832427979;0.26;0.2596066892147064
0.14;0.14960354566574097;0.58;0.5726977586746216;0.5;0.5014337301254272
0.5;0.4855295419692993;0.28;0.2955615222454071;0.36;0.347755491733551
0.36;0.3744604289531708;0.36;0.35210680961608887;0.46;0.46385878324508667
0.38;0.38970518112182617;0.26;0.24975354969501495;0.5;0.5145084261894226
0.64;0.6338540315628052;0.22;0.20793581008911133;0.2;0.2046455442905426
0.14;0.11090593785047531;0.1;0.1138778030872345;0.26;0.2504299581050873
0.1;0.10173659771680832;0.34;0.3008686900138855;0.24;0.2561226189136505
0.8;0.8034183979034424;0.14;0.13239949941635132;0.12;0.12622325122356415
0.1;0.10839536041021347;0.24;0.21911722421646118;0.36;0.37307608127593994
0.22;0.21720284223556519;0.12;0.1148533821105957;0.44;0.46075439453125
0.3;0.313586562871933;0.4;0.3725942075252533;0.22;0.22923699021339417
0.3;0.2998279929161072;0.46;0.45589542388916016;0.18;0.18035590648651123
0.34;0.3270774781703949;0.1;0.08581077307462692;0.3;0.2950575649738312
0.3;0.26327255368232727;0.12;0.10576149076223373;0.12;0.13467374444007874
0.44;0.45555439591407776;0.32;0.3158215582370758;0.44;0.4374828338623047
0.18;0.17772406339645386;0.3;0.2696892023086548;0.14;0.14254000782966614
0.18;0.17991696298122406;0.12;0.09469660371541977;0.5;0.512778639793396
0.54;0.4997851252555847;0.14;0.11094258725643158;0.14;0.16900894045829773
0.56;0.5476314425468445;0.28;0.2761157751083374;0.18;0.17861945927143097
0.28;0.2809309959411621;0.7;0.6917077898979187;0.22;0.2156001627445221
0.44;0.4497934877872467;0.38;0.3860211968421936;0.46;0.45660656690597534
0.68;0.690986692905426;0.14;0.1147489845752716;0.12;0.14155790209770203
0.34;0.3533737361431122;0.46;0.4564138352870941;0.4;0.3985982835292816
0.54;0.5342932343482971;0.34;0.3459332585334778;0.4;0.39457693696022034
0.12;0.12942133843898773;0.5;0.4743708670139313;0.18;0.18225377798080444
0.4;0.40421998500823975;0.48;0.481977641582489;0.42;0.4163206219673157
0.16;0.17197185754776;0.52;0.5032641291618347;0.46;0.4637586176395416
0.22;0.208355113863945;0.18;0.16678763926029205;0.26;0.2686719298362732
0.6;0.603475034236908;0.24;0.24548465013504028;0.36;0.35567349195480347
0.18;0.21415020525455475;0.48;0.3657689690589905;0.1;0.1386694759130478
0.22;0.2226865589618683;0.72;0.7183412909507751;0.5;0.49804097414016724
0.36;0.3701620101928711;0.6;0.598585844039917;0.5;0.504076361656189
0.52;0.5179581046104431;0.36;0.36206719279289246;0.38;0.3783823549747467
0.48;0.4377879500389099;0.12;0.12710244953632355;0.12;0.1374511420726776
0.38;0.4052451550960541;0.3;0.2508265972137451;0.16;0.1886543482542038
0.24;0.23950301110744476;0.52;0.514964759349823;0.26;0.26043224334716797
0.46;0.46456727385520935;0.26;0.25391799211502075;0.36;0.3664845824241638
0.16;0.16573865711688995;0.56;0.5538173317909241;0.42;0.4179295599460602
0.14;0.13854578137397766;0.76;0.7421037554740906;0.24;0.2377461940050125
0.46;0.46923530101776123;0.12;0.10211152583360672;0.28;0.3010581135749817
0.74;0.7392608523368835;0.14;0.14326348900794983;0.5;0.5013740658760071
0.14;0.1357325315475464;0.82;0.779335618019104;0.1;0.10004031658172607
0.44;0.4580698311328888;0.38;0.3587535321712494;0.14;0.13538222014904022
0.38;0.38390788435935974;0.52;0.5160634517669678;0.18;0.17483577132225037
0.28;0.28669264912605286;0.54;0.543556272983551;0.24;0.23758864402770996
0.24;0.24499773979187012;0.66;0.656459629535675;0.36;0.354876309633255
0.5;0.4326305389404297;0.1;0.12361592799425125;0.14;0.13927948474884033
0.16;0.1638428121805191;0.56;0.5549519658088684;0.46;0.4546970725059509
0.5;0.4926135540008545;0.38;0.39637619256973267;0.5;0.49192875623703003
0.4;0.42713505029678345;0.36;0.33391308784484863;0.18;0.19061529636383057
0.74;0.7278884053230286;0.16;0.1601792275905609;0.46;0.4549141824245453
0.1;0.11095824092626572;0.72;0.7112006545066833;0.38;0.38112226128578186
0.68;0.6757779121398926;0.22;0.21041233837604523;0.3;0.3012610077857971
0.14;0.1352301388978958;0.28;0.24921926856040955;0.2;0.20430894196033478
0.3;0.2929126024246216;0.14;0.11953577399253845;0.22;0.2318268120288849
0.46;0.46034950017929077;0.22;0.1823095977306366;0.14;0.15341468155384064
0.28;0.2775757908821106;0.6;0.5916611552238464;0.14;0.1367795765399933
0.26;0.25230872631073;0.1;0.0878521278500557;0.48;0.48691385984420776
0.16;0.17360806465148926;0.6;0.5619298815727234;0.16;0.1667182445526123
0.28;0.2866624891757965;0.32;0.3137124180793762;0.38;0.38214099407196045
0.58;0.5821385979652405;0.2;0.18933969736099243;0.32;0.32055142521858215
0.66;0.67875075340271;0.16;0.13179431855678558;0.12;0.13842591643333435
0.28;0.28444454073905945;0.36;0.3507741093635559;0.44;0.44627881050109863
0.5;0.46904411911964417;0.1;0.1137223020195961;0.26;0.23108521103858948
0.76;0.7493605613708496;0.2;0.1948045790195465;0.24;0.24079036712646484
0.32;0.34065908193588257;0.42;0.3401298522949219;0.1;0.1192927211523056
0.46;0.4646746516227722;0.28;0.28290584683418274;0.44;0.4432658553123474
0.58;0.5838860869407654;0.18;0.16242241859436035;0.22;0.24060139060020447
0.5;0.5121865272521973;0.26;0.21609675884246826;0.1;0.1068023294210434
0.22;0.23871257901191711;0.36;0.30049726366996765;0.16;0.19529950618743896
0.64;0.6334118247032166;0.24;0.227777898311615;0.2;0.20219621062278748
0.28;0.2886766493320465;0.66;0.6708847880363464;0.32;0.3166753053665161
0.24;0.22972668707370758;0.14;0.1300770789384842;0.22;0.23713836073875427
0.12;0.12176426500082016;0.84;0.8419883847236633;0.48;0.4784718453884125
0.14;0.1385391354560852;0.38;0.3575040400028229;0.2;0.2095385044813156
0.34;0.3460104763507843;0.54;0.5401926040649414;0.42;0.4157200753688812
0.86;0.8424063324928284;0.12;0.10342760384082794;0.18;0.17353211343288422
0.52;0.52826988697052;0.22;0.2011880874633789;0.32;0.33099421858787537
0.62;0.5981312990188599;0.14;0.11040649563074112;0.1;0.12323860824108124
0.24;0.24121560156345367;0.64;0.6365197896957397;0.44;0.4361237585544586
0.22;0.20740337669849396;0.16;0.14711403846740723;0.3;0.3155345916748047
0.26;0.26532837748527527;0.34;0.3352982699871063;0.42;0.4241470396518707
0.42;0.39835622906684875;0.1;0.12533532083034515;0.1;0.11047692596912384
0.4;0.4141654968261719;0.36;0.3545021712779999;0.24;0.24159149825572968
0.62;0.610743522644043;0.28;0.2824349105358124;0.26;0.2583875060081482
0.3;0.29002711176872253;0.2;0.21417458355426788;0.22;0.22281451523303986
0.2;0.20525719225406647;0.48;0.46604159474372864;0.16;0.16246859729290009
0.24;0.2600104510784149;0.6;0.5673327445983887;0.1;0.10128100216388702
0.24;0.24178370833396912;0.26;0.25974780321121216;0.4;0.410513311624527
0.22;0.22804485261440277;0.26;0.25187376141548157;0.34;0.35450562834739685
0.48;0.47403383255004883;0.44;0.4455185830593109;0.48;0.47589167952537537
0.14;0.15410353243350983;0.6;0.5421767234802246;0.16;0.16704043745994568
0.18;0.19516171514987946;0.42;0.390358030796051;0.22;0.22818271815776825
0.8;0.8049531579017639;0.16;0.14071550965309143;0.14;0.15045517683029175
0.26;0.22762882709503174;0.14;0.1152472272515297;0.14;0.15471795201301575
0.26;0.26367148756980896;0.54;0.543048083782196;0.32;0.31769877672195435
0.54;0.557486891746521;0.26;0.23327623307704926;0.12;0.1201077327132225
0.26;0.24563653767108917;0.66;0.6818176507949829;0.18;0.17366017401218414
0.36;0.36533522605895996;0.48;0.4759524166584015;0.46;0.4572697579860687
0.24;0.2404208928346634;0.26;0.24584156274795532;0.14;0.14521965384483337
0.26;0.2501619756221771;0.2;0.16959050297737122;0.14;0.1552797108888626
0.5;0.5015202164649963;0.4;0.40218019485473633;0.12;0.1083253026008606
0.54;0.5456449389457703;0.32;0.3188403248786926;0.24;0.23738300800323486
0.52;0.5186670422554016;0.18;0.15669244527816772;0.14;0.15224888920783997
0.24;0.246660977602005;0.68;0.6737778186798096;0.48;0.48002010583877563
0.6;0.6016981601715088;0.3;0.29874587059020996;0.32;0.31291303038597107
0.16;0.15365873277187347;0.12;0.1135406419634819;0.14;0.14715343713760376
0.16;0.16265884041786194;0.7;0.692952573299408;0.3;0.29846009612083435
0.1;0.10455963760614395;0.3;0.2440934032201767;0.12;0.13517722487449646
0.78;0.785271942615509;0.2;0.14238449931144714;0.1;0.11475467681884766
0.26;0.25064921379089355;0.22;0.21838556230068207;0.2;0.2089078426361084
0.14;0.14420202374458313;0.48;0.42426395416259766;0.12;0.1262773722410202
0.36;0.3588494062423706;0.1;0.06929377466440201;0.3;0.304886132478714
0.36;0.38726797699928284;0.28;0.14659641683101654;0.1;0.18033437430858612
0.3;0.30451667308807373;0.22;0.1920546442270279;0.14;0.15481479465961456
0.54;0.5371288657188416;0.28;0.2893621027469635;0.34;0.3344712257385254
0.24;0.22952954471111298;0.74;0.740062952041626;0.18;0.17350104451179504
0.34;0.35530921816825867;0.5;0.4884612560272217;0.2;0.20032019913196564
0.56;0.5578291416168213;0.4;0.39985790848731995;0.32;0.3142855763435364
0.84;0.8250466585159302;0.12;0.10473010689020157;0.14;0.1521216183900833
0.74;0.736510694026947;0.14;0.12965410947799683;0.14;0.15112629532814026
0.4;0.40739917755126953;0.24;0.22042611241340637;0.34;0.36005935072898865
0.24;0.24465298652648926;0.5;0.49446389079093933;0.28;0.2826983332633972
0.62;0.6171497702598572;0.18;0.18038472533226013;0.36;0.3621806204319
0.34;0.39304840564727783;0.38;0.29682284593582153;0.1;0.1187875047326088
0.3;0.30324897170066833;0.32;0.31251585483551025;0.32;0.32774123549461365
0.3;0.3037059009075165;0.68;0.667539119720459;0.3;0.29572737216949463
0.22;0.21993978321552277;0.46;0.4574059247970581;0.28;0.28447338938713074
0.52;0.5309492349624634;0.12;0.09854494780302048;0.42;0.4438071846961975
0.28;0.2921125292778015;0.24;0.21336086094379425;0.42;0.4407067894935608
0.3;0.30877676606178284;0.1;0.06356930732727051;0.48;0.4971400797367096
0.28;0.27714723348617554;0.56;0.5536260008811951;0.14;0.13987542688846588
0.24;0.2415887415409088;0.44;0.4273495078086853;0.28;0.28880178928375244
0.26;0.26615431904792786;0.34;0.3335062861442566;0.38;0.3871556222438812
0.32;0.3330835700035095;0.5;0.49711647629737854;0.36;0.3583810329437256
0.74;0.7354003190994263;0.22;0.20274946093559265;0.14;0.14213968813419342
0.5;0.49482256174087524;0.34;0.3445866107940674;0.28;0.2791774272918701
0.24;0.23318146169185638;0.12;0.09810527414083481;0.16;0.1739008128643036
0.38;0.38796523213386536;0.2;0.1812320053577423;0.3;0.328671395778656
0.3;0.3056497573852539;0.16;0.1406959891319275;0.38;0.3960830271244049
0.16;0.162896990776062;0.12;0.11259867995977402;0.34;0.3499915599822998
0.52;0.5231012105941772;0.42;0.4264559745788574;0.48;0.46981295943260193
0.46;0.4591444432735443;0.1;0.08830559253692627;0.46;0.46517544984817505
0.22;0.2244967222213745;0.28;0.2709254324436188;0.44;0.444274365901947
0.38;0.38181814551353455;0.6;0.5871899127960205;0.48;0.4797056317329407
0.14;0.13248123228549957;0.16;0.1548006534576416;0.26;0.2764502167701721
0.54;0.5455321669578552;0.22;0.20079819858074188;0.36;0.36887675523757935
0.2;0.2008233368396759;0.4;0.4022834599018097;0.4;0.397571325302124
0.16;0.15207327902317047;0.12;0.1014184057712555;0.5;0.5102038383483887
0.6;0.595679759979248;0.16;0.1776919960975647;0.48;0.4824947416782379
0.1;0.10045013576745987;0.12;0.10105103999376297;0.46;0.47781533002853394
0.12;0.13615170121192932;0.76;0.686083972454071;0.1;0.10506489127874374
0.2;0.20818202197551727;0.32;0.3065052628517151;0.24;0.25339454412460327
0.1;0.1422300487756729;0.68;0.569719672203064;0.14;0.15402141213417053
0.1;0.10997240245342255;0.82;0.8029338717460632;0.14;0.13559764623641968
0.26;0.26482895016670227;0.7;0.6899089217185974;0.48;0.48168039321899414
0.4;0.4069938361644745;0.3;0.28589922189712524;0.24;0.250998318195343
0.86;0.840901792049408;0.1;0.10309819877147675;0.18;0.1705470085144043
0.42;0.4138508141040802;0.22;0.20575149357318878;0.44;0.4494205415248871
0.44;0.4367747902870178;0.44;0.43834176659584045;0.42;0.41787663102149963
0.28;0.27783146500587463;0.64;0.6408215165138245;0.44;0.43561315536499023
0.5;0.500884473323822;0.34;0.33099743723869324;0.12;0.1128997951745987
0.3;0.3126840889453888;0.26;0.23165778815746307;0.16;0.17349760234355927
0.44;0.4433738589286804;0.48;0.48097503185272217;0.28;0.2725646495819092
0.62;0.6412791609764099;0.18;0.14372718334197998;0.1;0.11615779250860214
0.12;0.12315618991851807;0.34;0.32605648040771484;0.36;0.3629390001296997
0.74;0.7409453988075256;0.22;0.24068942666053772;0.5;0.487891286611557
0.5;0.4896831214427948;0.46;0.47468364238739014;0.26;0.2514491081237793
0.5;0.5016694664955139;0.48;0.468403160572052;0.2;0.18824298679828644
0.48;0.472806453704834;0.42;0.42705047130584717;0.48;0.4767916798591614
0.18;0.18571501970291138;0.28;0.2645697295665741;0.4;0.40566831827163696
0.36;0.37644630670547485;0.3;0.29120534658432007;0.36;0.360077440738678
0.32;0.3400450646877289;0.6;0.5871443152427673;0.14;0.1366405040025711
0.18;0.17812998592853546;0.7;0.694179356098175;0.22;0.21706560254096985
0.78;0.7739577293395996;0.12;0.11016027629375458;0.18;0.183051198720932
0.46;0.450903981924057;0.1;0.10538241267204285;0.14;0.1543368101119995
0.56;0.5774684548377991;0.36;0.338629812002182;0.1;0.09623056650161743
0.5;0.4997120797634125;0.26;0.25542113184928894;0.36;0.3622521758079529
0.7;0.6975923776626587;0.28;0.26698583364486694;0.4;0.39892059564590454
0.2;0.20396949350833893;0.46;0.4630691111087799;0.3;0.2983139157295227
0.24;0.25003549456596375;0.6;0.6006884574890137;0.48;0.47619199752807617
0.26;0.26588478684425354;0.34;0.3346497118473053;0.4;0.40569084882736206
0.18;0.18286477029323578;0.36;0.32859471440315247;0.18;0.19732017815113068
0.3;0.30667853355407715;0.24;0.2377200871706009;0.4;0.4028615951538086
0.36;0.35572242736816406;0.46;0.4598182439804077;0.18;0.17976251244544983
0.38;0.4067322015762329;0.54;0.5178717970848083;0.1;0.09810387343168259
0.7;0.7020666003227234;0.28;0.27126264572143555;0.26;0.2544407248497009
0.76;0.7525519728660583;0.22;0.20821763575077057;0.38;0.3690027594566345
0.18;0.18191005289554596;0.38;0.38845351338386536;0.36;0.35941165685653687
0.28;0.28731203079223633;0.32;0.3117124140262604;0.44;0.4435250759124756
0.6;0.5985701084136963;0.32;0.32864129543304443;0.26;0.2542894780635834
0.72;0.7168763279914856;0.12;0.11613196134567261;0.36;0.3664270043373108
0.32;0.32290390133857727;0.38;0.362375944852829;0.28;0.2934000492095947
0.1;0.11158165335655212;0.52;0.4659043550491333;0.12;0.11834152787923813
0.56;0.5454425811767578;0.1;0.09127634018659592;0.36;0.3791598379611969
0.16;0.16371533274650574;0.42;0.3929656445980072;0.18;0.19311437010765076
0.74;0.7363066077232361;0.2;0.20255756378173828;0.38;0.37907445430755615
0.16;0.15327560901641846;0.4;0.4105720818042755;0.34;0.33650851249694824
0.32;0.3205024302005768;0.56;0.5586932301521301;0.38;0.3724462389945984
0.1;0.10320936888456345;0.14;0.12314371019601822;0.24;0.25814491510391235
0.26;0.26450812816619873;0.54;0.5331212878227234;0.5;0.49601203203201294
0.42;0.430375874042511;0.18;0.1771303117275238;0.48;0.48970094323158264
0.22;0.2290186583995819;0.56;0.5521569848060608;0.48;0.47797513008117676
0.62;0.6151344776153564;0.22;0.2055012285709381;0.18;0.1831342875957489
0.1;0.10456670075654984;0.82;0.8256100416183472;0.24;0.23884356021881104
0.6;0.5853883028030396;0.1;0.10329114645719528;0.32;0.3164578974246979
0.68;0.6727690696716309;0.2;0.18825192749500275;0.16;0.16482554376125336
0.52;0.5215078592300415;0.4;0.4069477319717407;0.5;0.4982369542121887
0.46;0.4563194215297699;0.4;0.4050220549106598;0.46;0.4562832713127136
0.4;0.3965648412704468;0.36;0.36349934339523315;0.34;0.33555299043655396
0.16;0.15902309119701385;0.44;0.4459417462348938;0.46;0.4601286053657532
0.2;0.21262195706367493;0.7;0.6986179947853088;0.18;0.17995113134384155
0.64;0.6344797015190125;0.26;0.24982555210590363;0.22;0.21929819881916046
0.16;0.16285017132759094;0.68;0.6724891662597656;0.26;0.2602309286594391
0.38;0.3861335813999176;0.58;0.5767467617988586;0.46;0.46192750334739685
0.18;0.17908316850662231;0.52;0.5187525749206543;0.46;0.4553205966949463
0.62;0.6266188025474548;0.3;0.30490151047706604;0.48;0.4741430878639221
0.36;0.3730841279029846;0.28;0.2687385380268097;0.28;0.29587146639823914
0.26;0.2476358562707901;0.7;0.7149598002433777;0.18;0.17543648183345795
0.46;0.47146567702293396;0.14;0.11137059330940247;0.3;0.3356475234031677
0.36;0.3631453812122345;0.44;0.436066597700119;0.3;0.3013060688972473
0.2;0.20469991862773895;0.18;0.15789631009101868;0.22;0.23727631568908691
0.68;0.6793819665908813;0.24;0.2379143089056015;0.44;0.43768540024757385
0.26;0.268981397151947;0.3;0.2833559513092041;0.36;0.3755013048648834
0.62;0.6254608035087585;0.12;0.11271947622299194;0.22;0.2273436039686203
0.64;0.6343227624893188;0.18;0.17621585726737976;0.3;0.3098691701889038
0.16;0.15954981744289398;0.7;0.6988532543182373;0.42;0.4127825200557709
0.1;0.10307841002941132;0.44;0.4302065670490265;0.32;0.326541930437088
0.16;0.16791002452373505;0.2;0.17188820242881775;0.4;0.42231446504592896
0.68;0.6701915860176086;0.14;0.11387716233730316;0.1;0.12486253678798676
0.34;0.3189806640148163;0.58;0.595366358757019;0.16;0.15229395031929016
0.38;0.4007130563259125;0.1;0.06510558724403381;0.48;0.481084406375885
0.14;0.14434903860092163;0.3;0.28381261229515076;0.48;0.48564672470092773
0.42;0.4177357256412506;0.34;0.34888526797294617;0.44;0.4279710650444031
0.68;0.6847897171974182;0.26;0.2513298988342285;0.12;0.11797584593296051
0.14;0.12092381715774536;0.18;0.16505379974842072;0.14;0.15055549144744873
0.18;0.19029004871845245;0.1;0.0747561827301979;0.48;0.4898381233215332
0.32;0.33358463644981384;0.64;0.6219500303268433;0.14;0.13765795528888702
0.72;0.7196756601333618;0.24;0.25023314356803894;0.46;0.45502105355262756
0.82;0.818242073059082;0.12;0.12469929456710815;0.28;0.27912798523902893
0.22;0.2191385179758072;0.22;0.2014552652835846;0.38;0.387717068195343
0.32;0.32311052083969116;0.62;0.6170389652252197;0.16;0.15743300318717957
0.18;0.18523208796977997;0.5;0.49627408385276794;0.44;0.4334346652030945
0.14;0.14255943894386292;0.2;0.1738680750131607;0.48;0.5033067464828491
0.46;0.4710916578769684;0.26;0.2491588145494461;0.26;0.26771029829978943
0.16;0.15603922307491302;0.26;0.23015977442264557;0.2;0.2050979882478714
0.38;0.38151049613952637;0.58;0.5806785821914673;0.48;0.4797520637512207
0.26;0.29424843192100525;0.46;0.3893462121486664;0.1;0.11256024986505508
0.18;0.1808089166879654;0.58;0.5654085874557495;0.22;0.22383737564086914
0.42;0.42164307832717896;0.14;0.12698350846767426;0.26;0.2827852666378021
0.18;0.1811876744031906;0.7;0.6972607374191284;0.48;0.4756591320037842
0.2;0.2068876028060913;0.24;0.2231014370918274;0.4;0.4061274528503418
0.42;0.42251306772232056;0.4;0.40364718437194824;0.26;0.2562811076641083
0.32;0.31860074400901794;0.14;0.11971493065357208;0.38;0.400996595621109
0.5;0.5068221688270569;0.14;0.14071251451969147;0.46;0.48042240738868713
0.56;0.5476862192153931;0.12;0.11516684293746948;0.32;0.3368121385574341
0.12;0.1251833736896515;0.26;0.2450236678123474;0.4;0.4067608416080475
0.36;0.36865663528442383;0.36;0.32384198904037476;0.16;0.1742418110370636
0.76;0.732769787311554;0.1;0.12554946541786194;0.2;0.185274139046669
0.58;0.5567551851272583;0.12;0.09918732941150665;0.12;0.14120501279830933
0.74;0.7381290197372437;0.16;0.1681215912103653;0.28;0.2853050231933594
0.18;0.17654509842395782;0.8;0.7963096499443054;0.22;0.2159164696931839
0.6;0.6063068509101868;0.16;0.15344233810901642;0.32;0.333001971244812
0.46;0.4662820100784302;0.2;0.19123519957065582;0.5;0.5100851655006409
0.24;0.2354719042778015;0.68;0.6932871341705322;0.22;0.21694879233837128
0.24;0.2077530026435852;0.1;0.08726271241903305;0.16;0.16729561984539032
0.72;0.7076634168624878;0.16;0.16631297767162323;0.28;0.2853449583053589
0.5;0.5088635683059692;0.36;0.35836756229400635;0.22;0.21878257393836975
0.14;0.14304962754249573;0.26;0.2488962709903717;0.44;0.4442734122276306
0.42;0.4215807020664215;0.28;0.270362913608551;0.26;0.2698155343532562
0.28;0.28398844599723816;0.14;0.11163562536239624;0.36;0.373557448387146
0.22;0.21369649469852448;0.16;0.14334578812122345;0.36;0.37381473183631897
0.32;0.3259674906730652;0.6;0.5994231700897217;0.28;0.2772434651851654
0.36;0.34925132989883423;0.62;0.5936015844345093;0.1;0.09304751455783844
0.28;0.2706993520259857;0.64;0.6511983275413513;0.14;0.13491633534431458
0.34;0.36267486214637756;0.44;0.40393078327178955;0.12;0.1188008040189743
0.1;0.10001744329929352;0.18;0.1670953631401062;0.38;0.3880464434623718
0.48;0.4891679883003235;0.2;0.1817958503961563;0.2;0.2114686220884323
0.72;0.7129086852073669;0.22;0.22667141258716583;0.2;0.1972130537033081
0.4;0.395053505897522;0.58;0.5658454298973083;0.16;0.15201762318611145
0.2;0.19708213210105896;0.18;0.167049840092659;0.4;0.4113028645515442
0.24;0.25199323892593384;0.5;0.49819210171699524;0.5;0.5040497183799744
0.42;0.40690115094184875;0.12;0.10889758169651031;0.3;0.32388702034950256
0.24;0.23871444165706635;0.62;0.6145788431167603;0.24;0.24083149433135986
0.1;0.11344701051712036;0.82;0.7686310410499573;0.12;0.1226264238357544
0.1;0.09606969356536865;0.82;0.8151903748512268;0.18;0.17545190453529358
0.3;0.31476742029190063;0.16;0.12184591591358185;0.2;0.2226753979921341
0.22;0.21839818358421326;0.3;0.2944198250770569;0.34;0.35467973351478577
0.48;0.4135807752609253;0.12;0.12155226618051529;0.1;0.12642420828342438
0.3;0.2542596757411957;0.14;0.11519129574298859;0.1;0.12335290759801865
0.78;0.7706964015960693;0.12;0.11352594196796417;0.2;0.2022576779127121
0.48;0.4803410768508911;0.38;0.3859559893608093;0.36;0.3553670048713684
0.36;0.36660516262054443;0.34;0.3348816931247711;0.32;0.3276941180229187
0.44;0.43558359146118164;0.1;0.08142316341400146;0.32;0.3391740918159485
0.66;0.6620860695838928;0.2;0.20235587656497955;0.38;0.3773307502269745
0.2;0.20398232340812683;0.54;0.5433905124664307;0.36;0.36256903409957886
0.56;0.559759259223938;0.38;0.38632097840309143;0.22;0.21284182369709015
0.26;0.256510466337204;0.68;0.694246232509613;0.2;0.19528934359550476
0.38;0.4383198022842407;0.36;0.2815385162830353;0.1;0.11749043315649033
0.26;0.3006365895271301;0.56;0.5221004486083984;0.1;0.09904123842716217
0.1;0.11393921822309494;0.72;0.7084203958511353;0.26;0.2585673928260803
0.6;0.6001806259155273;0.28;0.28619521856307983;0.34;0.3312840461730957
0.58;0.5806490182876587;0.28;0.2833150029182434;0.36;0.3563995957374573
0.54;0.4719298183917999;0.14;0.10491044819355011;0.12;0.1558343917131424
0.44;0.4411494731903076;0.24;0.23291324079036713;0.3;0.31156930327415466
0.1;0.10490810126066208;0.5;0.4749329090118408;0.2;0.2043965756893158
0.18;0.1812553107738495;0.34;0.33933427929878235;0.34;0.34335237741470337
0.38;0.38596558570861816;0.36;0.3611709773540497;0.48;0.48069724440574646
0.24;0.2448655664920807;0.68;0.6786066293716431;0.1;0.09644773602485657
0.26;0.26479485630989075;0.54;0.5403175354003906;0.22;0.21642784774303436
0.14;0.15411658585071564;0.52;0.4892732799053192;0.28;0.29657867550849915
0.18;0.1919333040714264;0.1;0.08740992099046707;0.4;0.4142722487449646
0.42;0.42653194069862366;0.28;0.2738877236843109;0.5;0.5036385655403137
0.68;0.6806589365005493;0.14;0.13149389624595642;0.26;0.2747289836406708
0.48;0.4748297333717346;0.44;0.4535242021083832;0.28;0.2705785930156708
0.6;0.5944119691848755;0.38;0.37931907176971436;0.46;0.45244479179382324
0.36;0.3647906482219696;0.24;0.224997416138649;0.38;0.3907921314239502
0.22;0.21003541350364685;0.16;0.13816609978675842;0.16;0.17576144635677338
0.36;0.3664809465408325;0.48;0.47838258743286133;0.26;0.25870272517204285
0.32;0.29608216881752014;0.12;0.10938549041748047;0.16;0.16934895515441895
0.48;0.4859031140804291;0.16;0.16591082513332367;0.42;0.42950671911239624
0.18;0.1778474748134613;0.2;0.18590083718299866;0.28;0.286861777305603
0.36;0.3703208267688751;0.26;0.24471911787986755;0.46;0.4653354585170746
0.14;0.14484210312366486;0.68;0.6825914978981018;0.34;0.3374704420566559
0.32;0.3309023976325989;0.42;0.42055872082710266;0.4;0.39581990242004395
0.16;0.14798085391521454;0.32;0.2649539113044739;0.12;0.12934516370296478
0.1;0.10734434425830841;0.32;0.31066447496414185;0.42;0.4308154582977295
0.24;0.24274271726608276;0.24;0.21806994080543518;0.3;0.3164059519767761
0.16;0.16192132234573364;0.38;0.38995423913002014;0.44;0.43827471137046814
0.34;0.3578345477581024;0.4;0.35336989164352417;0.12;0.12850259244441986
0.58;0.6130775809288025;0.12;0.10288546979427338;0.5;0.5293285250663757
0.3;0.30238357186317444;0.14;0.10668186098337173;0.34;0.3711210787296295
0.32;0.3292291462421417;0.5;0.4886198937892914;0.5;0.5035196542739868
0.42;0.44183048605918884;0.32;0.3040263056755066;0.28;0.28606459498405457
0.44;0.438444584608078;0.34;0.34367814660072327;0.3;0.29710322618484497
0.32;0.3333872854709625;0.54;0.5282186269760132;0.18;0.18276140093803406
0.76;0.7537593841552734;0.2;0.18824708461761475;0.18;0.18074801564216614
0.24;0.24949127435684204;0.58;0.577719509601593;0.36;0.3604438006877899
0.22;0.19137981534004211;0.12;0.1145518347620964;0.2;0.21739335358142853
0.34;0.3685857355594635;0.26;0.19686008989810944;0.16;0.2062012404203415
0.26;0.24383863806724548;0.2;0.18952417373657227;0.22;0.2292986810207367
0.38;0.3916522264480591;0.2;0.15207630395889282;0.2;0.25347059965133667
0.46;0.4654683768749237;0.3;0.2952222526073456;0.28;0.2845713496208191
0.54;0.5228927135467529;0.18;0.15691930055618286;0.14;0.16028738021850586
0.1;0.10402911901473999;0.34;0.30834293365478516;0.28;0.29340308904647827
0.26;0.23865510523319244;0.12;0.09963531047105789;0.14;0.15379631519317627
0.2;0.19301564991474152;0.76;0.770577609539032;0.38;0.3753489851951599
0.24;0.24844783544540405;0.38;0.37328219413757324;0.4;0.4051746428012848
0.42;0.4177268147468567;0.12;0.11218962073326111;0.22;0.23699763417243958
0.4;0.43370139598846436;0.24;0.19012781977653503;0.16;0.2021217793226242
0.24;0.22498363256454468;0.12;0.11498325318098068;0.38;0.39475446939468384
0.16;0.17925013601779938;0.54;0.477966845035553;0.2;0.21805068850517273
0.2;0.19913050532341003;0.74;0.7633752226829529;0.2;0.19322796165943146
0.76;0.7575359344482422;0.16;0.16736522316932678;0.44;0.4394948482513428
0.16;0.1567789614200592;0.16;0.13345296680927277;0.1;0.11444505304098129
0.28;0.28745099902153015;0.58;0.5825724601745605;0.48;0.48299282789230347
0.54;0.531162440776825;0.42;0.4176409840583801;0.16;0.15311801433563232
0.42;0.4246886968612671;0.2;0.1856933832168579;0.46;0.47686782479286194
0.2;0.203558087348938;0.16;0.14701113104820251;0.44;0.45603618025779724
0.32;0.31964626908302307;0.2;0.18426698446273804;0.28;0.29622721672058105
0.88;0.6337145566940308;0.1;0.11535314470529556;0.1;0.09864822030067444
0.24;0.24765630066394806;0.6;0.5981086492538452;0.28;0.2825320363044739
0.24;0.23081360757350922;0.12;0.12568213045597076;0.5;0.515880823135376
0.6;0.6100852489471436;0.3;0.2989872694015503;0.5;0.4948548376560211
0.6;0.5969467163085938;0.18;0.1808813065290451;0.3;0.3039362132549286
0.54;0.5395315289497375;0.12;0.10767737776041031;0.32;0.3392665982246399
0.48;0.47913435101509094;0.34;0.3349287509918213;0.3;0.30210787057876587
0.16;0.16130827367305756;0.1;0.11019035428762436;0.34;0.3316534161567688
0.32;0.3303583562374115;0.24;0.1793357878923416;0.14;0.18113671243190765
0.52;0.533340334892273;0.34;0.3123662769794464;0.1;0.09323750436306
0.12;0.1267695277929306;0.28;0.246688112616539;0.18;0.18891772627830505
0.14;0.14043420553207397;0.3;0.25957348942756653;0.18;0.18511167168617249
0.3;0.298295259475708;0.64;0.6449058055877686;0.16;0.15708579123020172
0.26;0.2707461416721344;0.28;0.2482849806547165;0.18;0.20318087935447693
0.38;0.3690285384654999;0.58;0.5873357653617859;0.2;0.19037295877933502
0.16;0.15474337339401245;0.38;0.3761899471282959;0.3;0.30504685640335083
0.26;0.24410861730575562;0.56;0.5645513534545898;0.12;0.11712382733821869
0.3;0.30431240797042847;0.3;0.2870621085166931;0.32;0.33015885949134827
0.16;0.1582535356283188;0.3;0.2921958267688751;0.3;0.30749979615211487
0.14;0.15756002068519592;0.58;0.5378206372261047;0.2;0.20480549335479736
0.62;0.6497997641563416;0.12;0.09343616664409637;0.46;0.4897788166999817
0.3;0.3130778670310974;0.5;0.5021921992301941;0.32;0.3165624439716339
0.14;0.12883061170578003;0.18;0.16622766852378845;0.2;0.21542033553123474
0.5;0.4918404519557953;0.42;0.4318276345729828;0.28;0.27434787154197693
0.78;0.7754395604133606;0.14;0.12170373648405075;0.1;0.11097749322652817
0.3;0.310497522354126;0.38;0.37356483936309814;0.4;0.39788609743118286
0.1;0.12148069590330124;0.56;0.5259109139442444;0.32;0.3388321101665497
0.22;0.24801388382911682;0.38;0.27786630392074585;0.12;0.16660328209400177
0.26;0.3035212457180023;0.34;0.2258308231830597;0.1;0.1395856887102127
0.24;0.24944333732128143;0.22;0.20593862235546112;0.44;0.45887428522109985
0.24;0.24730335175991058;0.6;0.5972249507904053;0.32;0.32188665866851807
0.34;0.3535071611404419;0.38;0.3648165464401245;0.22;0.23026423156261444
0.54;0.5382356643676758;0.44;0.4295608401298523;0.26;0.24829471111297607
0.18;0.18807290494441986;0.62;0.6113377809524536;0.5;0.5028623342514038
0.32;0.3658961057662964;0.3;0.21198764443397522;0.1;0.1299431324005127
0.16;0.1599181592464447;0.22;0.18959006667137146;0.16;0.17708179354667664
0.6;0.6045310497283936;0.24;0.24192769825458527;0.5;0.4973359704017639
0.46;0.4699460566043854;0.16;0.12540020048618317;0.32;0.36960431933403015
0.28;0.286050945520401;0.34;0.3354299068450928;0.4;0.40132951736450195
0.64;0.6426991820335388;0.12;0.1145075187087059;0.18;0.1941368281841278
0.12;0.11957857757806778;0.8;0.8010735511779785;0.3;0.2949386537075043
0.62;0.6313067078590393;0.34;0.35124775767326355;0.48;0.4759746491909027
0.68;0.6857373118400574;0.16;0.12368112057447433;0.1;0.12151674926280975
0.32;0.3445214629173279;0.46;0.4375227689743042;0.14;0.13724111020565033
0.5;0.49745216965675354;0.16;0.14259527623653412;0.2;0.20834679901599884
0.56;0.5675967335700989;0.2;0.1830540895462036;0.16;0.17318491637706757
0.1;0.10775340348482132;0.26;0.24219395220279694;0.42;0.4313887655735016
0.58;0.5803616046905518;0.18;0.16405902802944183;0.2;0.21768656373023987
0.38;0.3855963349342346;0.5;0.4962991774082184;0.18;0.1758534014225006
0.36;0.35003137588500977;0.56;0.5694466233253479;0.18;0.17284706234931946
0.32;0.3297753930091858;0.38;0.3477925956249237;0.16;0.16992227733135223
0.16;0.15392932295799255;0.26;0.25137048959732056;0.38;0.3827037513256073
0.1;0.10509396344423294;0.5;0.4753502607345581;0.24;0.2514248788356781
0.46;0.48127174377441406;0.22;0.16116423904895782;0.1;0.11868991702795029
0.2;0.19971191883087158;0.22;0.2018473744392395;0.42;0.42251062393188477
0.56;0.5557600855827332;0.24;0.23595021665096283;0.4;0.40489664673805237
0.28;0.2855135500431061;0.48;0.46936118602752686;0.18;0.18386909365653992
0.4;0.41552841663360596;0.44;0.4211057424545288;0.1;0.09586154669523239
0.12;0.1277705281972885;0.82;0.8005982041358948;0.12;0.11708228290081024
0.82;0.7662103772163391;0.12;0.11095883697271347;0.1;0.11902166903018951
0.22;0.186636820435524;0.2;0.1607096791267395;0.1;0.11223671585321426
0.12;0.1616791933774948;0.68;0.5457156300544739;0.1;0.11939678341150284
0.16;0.16257436573505402;0.46;0.4480922222137451;0.48;0.4878406524658203
0.3;0.3066747784614563;0.34;0.33014804124832153;0.3;0.3102029263973236
0.16;0.15209084749221802;0.1;0.09864287078380585;0.5;0.49074044823646545
0.76;0.7525644302368164;0.22;0.20682749152183533;0.36;0.34944361448287964
0.7;0.7010014057159424;0.14;0.14578235149383545;0.44;0.4504709243774414
0.42;0.42222827672958374;0.1;0.10956454277038574;0.18;0.17255954444408417
0.5;0.4984624981880188;0.34;0.34154215455055237;0.18;0.1759570837020874
0.12;0.124509796500206;0.48;0.45777803659439087;0.18;0.1822449266910553
0.14;0.14329801499843597;0.76;0.7586073875427246;0.38;0.3762287497520447
0.18;0.17980508506298065;0.2;0.1836635321378708;0.22;0.22990942001342773
0.36;0.3727370798587799;0.3;0.2926979064941406;0.44;0.4403131604194641
0.1;0.10910525918006897;0.62;0.6161471605300903;0.4;0.4044952392578125
0.36;0.3643287122249603;0.42;0.4115975499153137;0.28;0.2830623984336853
0.2;0.2013390213251114;0.22;0.19021080434322357;0.2;0.2066129446029663
0.18;0.18944768607616425;0.58;0.5690892934799194;0.48;0.482963502407074
0.7;0.6979376673698425;0.2;0.2035205364227295;0.26;0.26299038529396057
0.24;0.22764544188976288;0.14;0.12579481303691864;0.34;0.3544696271419525
0.82;0.8115551471710205;0.16;0.11716387420892715;0.12;0.13822612166404724
0.34;0.34893542528152466;0.54;0.5335491299629211;0.3;0.2975102663040161
0.64;0.6367288827896118;0.22;0.1956668496131897;0.14;0.14313443005084991
0.18;0.182490736246109;0.74;0.7399548888206482;0.3;0.29828086495399475
0.56;0.5661665797233582;0.22;0.2005309909582138;0.44;0.44885244965553284
0.32;0.33595648407936096;0.62;0.6099053025245667;0.14;0.13735851645469666
0.32;0.3253057897090912;0.36;0.3575199246406555;0.32;0.32095298171043396
0.58;0.5757699012756348;0.24;0.2455308437347412;0.3;0.28973931074142456
0.44;0.4418845474720001;0.54;0.5230655670166016;0.24;0.2325334995985031
0.3;0.30227231979370117;0.54;0.541945219039917;0.4;0.3977404534816742
0.52;0.5192272663116455;0.28;0.28097784519195557;0.3;0.2959084212779999
0.68;0.6756049394607544;0.2;0.20028573274612427;0.24;0.23807454109191895
0.28;0.29566121101379395;0.44;0.4298974871635437;0.38;0.3818521499633789
0.14;0.13537144660949707;0.3;0.23490943014621735;0.1;0.10550165176391602
0.22;0.22179609537124634;0.58;0.5760449767112732;0.32;0.3190602660179138
0.26;0.2627117335796356;0.4;0.39239445328712463;0.32;0.32718268036842346
0.5;0.4875634014606476;0.28;0.2892056405544281;0.28;0.2739318013191223
0.14;0.12060557305812836;0.16;0.15491001307964325;0.38;0.39349275827407837
0.2;0.19629035890102386;0.6;0.5826542377471924;0.16;0.15865007042884827
0.12;0.1199645921587944;0.26;0.24224990606307983;0.48;0.4824867844581604
0.56;0.5482454895973206;0.38;0.3869440257549286;0.42;0.41147008538246155
0.42;0.40334439277648926;0.12;0.11158178746700287;0.2;0.22160539031028748
0.14;0.13226161897182465;0.16;0.1406337469816208;0.5;0.5153025388717651
0.3;0.3011438548564911;0.68;0.6723437309265137;0.42;0.41576963663101196
0.1;0.09564482420682907;0.86;0.8522759675979614;0.2;0.19430367648601532
0.12;0.09509965777397156;0.1;0.1003330796957016;0.22;0.21112792193889618
0.52;0.5195248126983643;0.26;0.2683207392692566;0.5;0.4881274104118347
0.6;0.591283917427063;0.14;0.12537749111652374;0.12;0.12995865941047668
0.8;0.791925311088562;0.1;0.09840579330921173;0.26;0.2563403248786926
0.18;0.17946234345436096;0.1;0.10089359432458878;0.12;0.12442000955343246
0.12;0.11718668043613434;0.16;0.15174546837806702;0.3;0.31641149520874023
0.24;0.25894057750701904;0.34;0.2976980209350586;0.22;0.2507237195968628
0.22;0.2083064764738083;0.74;0.7560336589813232;0.22;0.21387848258018494
0.38;0.3793995678424835;0.38;0.37760138511657715;0.28;0.2808815538883209
0.24;0.22220513224601746;0.1;0.09367997944355011;0.26;0.2707286477088928
0.46;0.45883405208587646;0.36;0.35677218437194824;0.3;0.29982179403305054
0.1;0.09211769700050354;0.1;0.12723560631275177;0.16;0.14221739768981934
0.44;0.4377373158931732;0.1;0.09189088642597198;0.2;0.21276184916496277
0.62;0.6226365566253662;0.22;0.2237333506345749;0.42;0.41613730788230896
0.44;0.4590279161930084;0.34;0.33238741755485535;0.46;0.4580402970314026
0.16;0.16806256771087646;0.52;0.5035071969032288;0.5;0.5017159581184387
0.22;0.21268950402736664;0.28;0.27625125646591187;0.22;0.21838530898094177
0.1;0.11420858651399612;0.62;0.6002227663993835;0.36;0.37267565727233887
0.24;0.2232104241847992;0.68;0.7205025553703308;0.14;0.13378772139549255
0.2;0.207758828997612;0.28;0.25300511717796326;0.42;0.4299589991569519
0.7;0.7024455666542053;0.22;0.22263161838054657;0.48;0.47322002053260803
0.22;0.21828660368919373;0.54;0.5273966789245605;0.18;0.18062464892864227
0.44;0.44707342982292175;0.16;0.14396929740905762;0.36;0.3832666873931885
0.64;0.6411920189857483;0.28;0.2740996778011322;0.14;0.14022748172283173
0.1;0.08465578407049179;0.1;0.09862896800041199;0.28;0.273829847574234
0.34;0.336898535490036;0.12;0.09062109142541885;0.28;0.29730239510536194
0.42;0.43386855721473694;0.28;0.24506331980228424;0.16;0.17598994076251984
0.28;0.27861788868904114;0.58;0.5686367750167847;0.14;0.13887451589107513
0.44;0.4413032829761505;0.42;0.4208522140979767;0.34;0.3384634852409363
0.2;0.17889755964279175;0.16;0.1320781260728836;0.14;0.16226337850093842
0.3;0.3091984987258911;0.3;0.28808024525642395;0.44;0.44629335403442383
0.44;0.43484529852867126;0.48;0.4795663356781006;0.42;0.413571834564209
0.1;0.1140250638127327;0.58;0.5502460598945618;0.32;0.33816736936569214
0.48;0.4760024845600128;0.46;0.4674755036830902;0.42;0.4113788604736328
0.34;0.3507925570011139;0.48;0.47231850028038025;0.4;0.3992447257041931
0.22;0.2262556403875351;0.72;0.7373189330101013;0.16;0.15510156750679016
0.48;0.4793092906475067;0.16;0.13486947119235992;0.24;0.27514731884002686
0.24;0.23777297139167786;0.64;0.6280987858772278;0.14;0.14166681468486786
0.28;0.28148379921913147;0.52;0.5258525013923645;0.26;0.25792983174324036
0.34;0.35534238815307617;0.4;0.3945557475090027;0.26;0.2647409439086914
0.56;0.5572938323020935;0.4;0.40219518542289734;0.3;0.2925202548503876
0.16;0.16359253227710724;0.18;0.1617349535226822;0.36;0.37547188997268677
0.52;0.5249886512756348;0.12;0.11684247851371765;0.22;0.21463553607463837
0.4;0.4165226221084595;0.54;0.5303078889846802;0.22;0.2186117172241211
0.1;0.10027610510587692;0.18;0.16113786399364471;0.18;0.19535763561725616
0.76;0.7603877186775208;0.14;0.12004122883081436;0.14;0.14837947487831116
0.18;0.17837247252464294;0.26;0.23078006505966187;0.24;0.24337847530841827
0.38;0.39290571212768555;0.48;0.4786756634712219;0.32;0.3196084499359131
0.1;0.106606625020504;0.44;0.42708632349967957;0.38;0.3873249590396881
0.38;0.4125742018222809;0.28;0.1928902268409729;0.12;0.1696006953716278
0.12;0.12105005234479904;0.44;0.43659451603889465;0.3;0.3033910393714905
0.1;0.0971895083785057;0.18;0.16121329367160797;0.5;0.5172009468078613
0.48;0.46802815794944763;0.18;0.1347440481185913;0.1;0.13043300807476044
0.54;0.5594353079795837;0.18;0.15956048667430878;0.32;0.3322698771953583
0.24;0.23636159300804138;0.24;0.22623184323310852;0.16;0.1645282804965973
0.74;0.7363916039466858;0.24;0.22290338575839996;0.38;0.37053582072257996
0.64;0.6214809417724609;0.14;0.11196743696928024;0.1;0.12639585137367249
0.1;0.14383813738822937;0.74;0.5878515839576721;0.1;0.12098038196563721
0.34;0.35426637530326843;0.12;0.09440704435110092;0.24;0.24929611384868622
0.14;0.15535612404346466;0.52;0.4889582693576813;0.26;0.2746916115283966
0.3;0.3033373951911926;0.14;0.10971445590257645;0.3;0.3243942856788635
0.76;0.752913773059845;0.14;0.130415678024292;0.18;0.18471059203147888
0.36;0.38253509998321533;0.22;0.17318184673786163;0.16;0.19634822010993958
0.16;0.1563401222229004;0.38;0.3733503222465515;0.32;0.3286288380622864
0.14;0.13848446309566498;0.42;0.41735324263572693;0.2;0.1985526978969574
0.48;0.474772185087204;0.36;0.36391693353652954;0.28;0.27747642993927
0.46;0.46220293641090393;0.34;0.3343607485294342;0.22;0.22643856704235077
0.16;0.15385715663433075;0.26;0.24057821929454803;0.26;0.26017266511917114
0.56;0.5785894989967346;0.42;0.370656281709671;0.1;0.09633920341730118
0.72;0.7316657900810242;0.24;0.18919192254543304;0.1;0.11278506368398666
0.48;0.4917486011981964;0.24;0.20686915516853333;0.12;0.12577497959136963
0.2;0.1965632140636444;0.2;0.18307921290397644;0.44;0.4446795880794525
0.22;0.21484579145908356;0.14;0.14235526323318481;0.48;0.4994443356990814
0.28;0.2839057147502899;0.64;0.6465454697608948;0.18;0.17860226333141327
0.1;0.10408511012792587;0.34;0.30854275822639465;0.26;0.27075642347335815
0.36;0.36163321137428284;0.52;0.5203145146369934;0.32;0.3176829516887665
0.44;0.4344615638256073;0.44;0.4419466257095337;0.24;0.2317638099193573
0.32;0.3267153799533844;0.66;0.648344099521637;0.46;0.45744210481643677
0.16;0.15620046854019165;0.24;0.22972644865512848;0.4;0.3985552489757538
0.5;0.4726524353027344;0.1;0.12306226789951324;0.2;0.16502632200717926
0.54;0.5265465974807739;0.42;0.4399479925632477;0.38;0.365527868270874
0.46;0.4591781795024872;0.46;0.4630588889122009;0.32;0.31216925382614136
0.36;0.35690170526504517;0.44;0.4390415549278259;0.18;0.18079055845737457
0.38;0.37397971749305725;0.1;0.10656274855136871;0.1;0.1088070496916771
0.26;0.26112744212150574;0.62;0.6258091926574707;0.46;0.45647677779197693
0.4;0.4204077422618866;0.24;0.21230439841747284;0.26;0.293667733669281
0.26;0.24608251452445984;0.2;0.18974833190441132;0.24;0.2489362210035324
0.26;0.2563711404800415;0.22;0.224515900015831;0.28;0.2869543433189392
0.7;0.6976001858711243;0.1;0.09166240692138672;0.34;0.3517606854438782
0.8;0.7988026738166809;0.18;0.1532907783985138;0.18;0.19082684814929962
0.36;0.369796484708786;0.32;0.3045837879180908;0.26;0.27747297286987305
0.2;0.1944129317998886;0.18;0.1665669083595276;0.34;0.35464033484458923
0.58;0.5862979888916016;0.2;0.18670673668384552;0.28;0.2835332751274109
0.4;0.40973758697509766;0.46;0.45335835218429565;0.22;0.21560236811637878
0.68;0.6843500733375549;0.14;0.1478085219860077;0.42;0.4302442669868469
0.34;0.3240126967430115;0.46;0.46464383602142334;0.16;0.15680083632469177
0.32;0.3292213976383209;0.36;0.35790935158729553;0.46;0.4578723907470703
0.38;0.38045182824134827;0.54;0.5373507142066956;0.42;0.4151157736778259
0.3;0.31920573115348816;0.38;0.3142024874687195;0.12;0.14581023156642914
0.38;0.38305699825286865;0.14;0.11919918656349182;0.24;0.2615319788455963
0.16;0.1620948761701584;0.62;0.6282333135604858;0.42;0.4117611050605774
0.12;0.12208666652441025;0.3;0.2841908633708954;0.38;0.3911190927028656
0.5;0.4990983009338379;0.44;0.44914907217025757;0.48;0.4707212448120117
0.7;0.6897315382957458;0.18;0.18030951917171478;0.38;0.3773096203804016
0.26;0.25973376631736755;0.16;0.13665178418159485;0.2;0.21575912833213806
0.28;0.2687348425388336;0.16;0.1365380734205246;0.28;0.2930235266685486
0.18;0.1862165927886963;0.68;0.6762319803237915;0.34;0.34140071272850037
0.28;0.2872326970100403;0.54;0.5454597473144531;0.34;0.34077197313308716
0.44;0.45125871896743774;0.48;0.476145476102829;0.14;0.1318405568599701
0.28;0.280214786529541;0.48;0.47564220428466797;0.46;0.45990902185440063
0.42;0.4365205764770508;0.3;0.22463956475257874;0.1;0.11479203402996063
0.26;0.2817372679710388;0.46;0.38698530197143555;0.14;0.16924960911273956
0.56;0.5588251948356628;0.14;0.12825612723827362;0.3;0.32298725843429565
0.42;0.4344729483127594;0.4;0.3888123035430908;0.16;0.15812325477600098
0.58;0.5796322822570801;0.22;0.20411479473114014;0.16;0.15714970231056213
0.26;0.2641652524471283;0.64;0.638675332069397;0.44;0.4370594918727875
0.44;0.4319428503513336;0.48;0.49073633551597595;0.48;0.47391271591186523
0.14;0.14242061972618103;0.72;0.7113626003265381;0.48;0.4820428788661957
0.3;0.27696850895881653;0.16;0.12792092561721802;0.12;0.14464108645915985
0.34;0.37032565474510193;0.32;0.22397999465465546;0.12;0.1714411973953247
0.1;0.10915431380271912;0.52;0.5117378830909729;0.3;0.3082720637321472
0.1;0.11565708369016647;0.72;0.6624654531478882;0.18;0.181844562292099
0.56;0.5639021992683411;0.36;0.3655863106250763;0.48;0.47559937834739685
0.1;0.08451355248689651;0.16;0.15941520035266876;0.5;0.5065125226974487
0.46;0.4534006118774414;0.36;0.3753092586994171;0.44;0.43564948439598083
0.46;0.46314024925231934;0.1;0.09814946353435516;0.16;0.1688341200351715
0.12;0.1226983293890953;0.28;0.25444117188453674;0.2;0.20543161034584045
0.46;0.4747598171234131;0.2;0.1717991828918457;0.22;0.24674466252326965
0.32;0.32439756393432617;0.14;0.11200830340385437;0.16;0.18005692958831787
0.12;0.12556850910186768;0.22;0.199248269200325;0.36;0.37315696477890015
0.38;0.39271366596221924;0.56;0.5550705194473267;0.16;0.1538897305727005
0.34;0.34783539175987244;0.62;0.6191573143005371;0.44;0.43845778703689575
0.16;0.15172947943210602;0.1;0.10570637881755829;0.28;0.27852728962898254
0.12;0.12914857268333435;0.76;0.7449440360069275;0.32;0.32241350412368774
0.26;0.2701348066329956;0.3;0.29223936796188354;0.48;0.49470528960227966
0.52;0.5171565413475037;0.12;0.1096351370215416;0.28;0.2885914146900177
0.74;0.7380874156951904;0.24;0.21973992884159088;0.34;0.3312481939792633
0.34;0.3577408790588379;0.46;0.444687157869339;0.18;0.1850380152463913
0.52;0.5210524797439575;0.42;0.4328547716140747;0.22;0.20808494091033936
0.26;0.2752141058444977;0.42;0.3855302035808563;0.18;0.19331511855125427
0.58;0.5839703679084778;0.2;0.18676252663135529;0.4;0.4042023718357086
0.56;0.5588486790657043;0.22;0.19814790785312653;0.18;0.19121110439300537
0.28;0.28372448682785034;0.22;0.2140791416168213;0.38;0.3889409601688385
0.1;0.1109948679804802;0.56;0.5404777526855469;0.42;0.4312366545200348
0.18;0.19974446296691895;0.42;0.3223227858543396;0.1;0.12716123461723328
0.14;0.14333654940128326;0.36;0.3450780510902405;0.48;0.4897368550300598
0.42;0.4369663596153259;0.42;0.4019087255001068;0.12;0.11369211971759796
0.1;0.10564398765563965;0.82;0.8328636884689331;0.5;0.5005298852920532
0.32;0.32791855931282043;0.42;0.41943123936653137;0.38;0.3765963315963745
0.72;0.7131348252296448;0.2;0.20007207989692688;0.2;0.19900795817375183
0.3;0.3169678747653961;0.48;0.4726262092590332;0.38;0.37978121638298035
0.22;0.22805236279964447;0.44;0.42186596989631653;0.38;0.3889433443546295
0.26;0.2661324441432953;0.36;0.36073046922683716;0.34;0.3414302468299866
0.1;0.13249704241752625;0.56;0.4857480227947235;0.12;0.13699933886528015
0.54;0.4953273832798004;0.16;0.11533714830875397;0.12;0.15574510395526886
0.3;0.3120030164718628;0.38;0.35995614528656006;0.26;0.27153176069259644
0.24;0.2380223274230957;0.7;0.7239323854446411;0.16;0.1557358056306839
0.14;0.14628815650939941;0.84;0.8206722736358643;0.5;0.5000283122062683
0.38;0.3770478367805481;0.54;0.5466329455375671;0.3;0.29191774129867554
0.14;0.13588537275791168;0.42;0.41238898038864136;0.26;0.2657748758792877
0.66;0.6549370884895325;0.24;0.2333294302225113;0.34;0.33898618817329407
0.38;0.39074990153312683;0.24;0.22804202139377594;0.32;0.33808502554893494
0.24;0.24157865345478058;0.2;0.19710305333137512;0.5;0.5035813450813293
0.76;0.754037618637085;0.2;0.20019453763961792;0.3;0.29519468545913696
0.52;0.514485239982605;0.34;0.35099902749061584;0.4;0.39311298727989197
0.28;0.28459492325782776;0.64;0.6403851509094238;0.34;0.3364717960357666
0.82;0.816199004650116;0.1;0.11187716573476791;0.2;0.18587152659893036
0.34;0.3524818420410156;0.36;0.3567827641963959;0.32;0.32606834173202515
0.18;0.18611907958984375;0.54;0.5345200300216675;0.34;0.3445682227611542
0.22;0.21932139992713928;0.32;0.3266174793243408;0.5;0.5003905892372131
0.54;0.544399619102478;0.22;0.20061418414115906;0.4;0.4106407165527344
0.86;0.7093062996864319;0.1;0.1068771481513977;0.1;0.11567647755146027
0.44;0.45820632576942444;0.18;0.13940483331680298;0.2;0.2451179325580597
0.56;0.562759518623352;0.34;0.3404776453971863;0.26;0.25236639380455017
0.66;0.659860372543335;0.16;0.14843185245990753;0.2;0.2132062464952469
0.24;0.2518255412578583;0.5;0.49589160084724426;0.38;0.38265833258628845
0.38;0.3920254409313202;0.52;0.5223801732063293;0.5;0.5054818391799927
0.54;0.49797168374061584;0.12;0.09622476994991302;0.16;0.18671584129333496
0.32;0.32883572578430176;0.34;0.3304740786552429;0.4;0.39819106459617615
0.12;0.11371511220932007;0.82;0.8315359354019165;0.38;0.373521625995636
0.26;0.2760101854801178;0.46;0.4099225401878357;0.2;0.22029328346252441
0.6;0.6026521325111389;0.24;0.24532845616340637;0.38;0.3766885995864868
0.34;0.3255121111869812;0.12;0.10319996625185013;0.36;0.3813000023365021
0.28;0.2962317168712616;0.4;0.37248969078063965;0.2;0.20850177109241486
0.44;0.4408021867275238;0.32;0.2724946439266205;0.1;0.1028253585100174
0.56;0.558731198310852;0.3;0.2884303033351898;0.16;0.15815500915050507
0.24;0.23382140696048737;0.22;0.19823820888996124;0.16;0.1690928041934967
0.66;0.6483873724937439;0.32;0.30712321400642395;0.3;0.2955123484134674
0.68;0.6743446588516235;0.1;0.10149937123060226;0.36;0.35921934247016907
0.44;0.4454033672809601;0.32;0.3033211827278137;0.18;0.18845458328723907
0.28;0.27273914217948914;0.62;0.6247365474700928;0.14;0.1336245834827423
0.1;0.10602366924285889;0.26;0.23660196363925934;0.46;0.4714300036430359
0.38;0.3998755216598511;0.42;0.40652814507484436;0.16;0.1625605821609497
0.32;0.3305911421775818;0.42;0.3930550515651703;0.16;0.16507181525230408
0.14;0.11778343468904495;0.2;0.17880094051361084;0.14;0.155913308262825
0.7;0.6929853558540344;0.1;0.09654298424720764;0.28;0.29045456647872925
0.2;0.20113417506217957;0.76;0.7651062607765198;0.34;0.33907365798950195
0.14;0.15860503911972046;0.7;0.622355043888092;0.1;0.10563220828771591
0.42;0.43445175886154175;0.34;0.331531286239624;0.3;0.3019704818725586
0.22;0.22744037210941315;0.56;0.5532156825065613;0.42;0.4206964373588562
0.18;0.18261820077896118;0.8;0.7849326729774475;0.32;0.3189462125301361
0.7;0.7014473080635071;0.12;0.12024097889661789;0.38;0.3915068805217743
0.54;0.5363454222679138;0.34;0.3408307135105133;0.34;0.33688825368881226
0.12;0.12424731999635696;0.38;0.35382920503616333;0.22;0.2292410433292389
0.5;0.502168595790863;0.3;0.30289262533187866;0.18;0.17433729767799377
0.2;0.2113182544708252;0.58;0.5844329595565796;0.42;0.4179152846336365
0.22;0.20681056380271912;0.28;0.2724286913871765;0.18;0.17354421317577362
0.12;0.11876941472291946;0.26;0.24534910917282104;0.46;0.46641334891319275
0.34;0.33773618936538696;0.5;0.5048636794090271;0.32;0.3165793716907501
0.36;0.3697853982448578;0.62;0.5917621850967407;0.14;0.13297975063323975
0.12;0.1281249076128006;0.5;0.49682876467704773;0.42;0.41785669326782227
0.62;0.6135485172271729;0.22;0.21183280646800995;0.22;0.224829763174057
0.68;0.6745999455451965;0.2;0.19967687129974365;0.22;0.21830213069915771
0.3;0.31011706590652466;0.52;0.5150309801101685;0.4;0.40084752440452576
0.14;0.14086219668388367;0.32;0.3111329674720764;0.32;0.32859116792678833
0.38;0.39095255732536316;0.38;0.37136393785476685;0.24;0.2435709536075592
0.4;0.3961851894855499;0.58;0.5655343532562256;0.2;0.19327481091022491
0.34;0.34235522150993347;0.54;0.5435932874679565;0.44;0.4335615634918213
0.16;0.16584409773349762;0.54;0.5289397239685059;0.34;0.3378780484199524
0.16;0.19338446855545044;0.52;0.4164290428161621;0.12;0.15478172898292542
0.12;0.10510164499282837;0.1;0.08980090916156769;0.3;0.2910885810852051
0.28;0.28212401270866394;0.22;0.21019937098026276;0.4;0.4170463979244232
0.36;0.3612004220485687;0.1;0.07613146305084229;0.34;0.349999338388443
0.64;0.6478299498558044;0.32;0.32947689294815063;0.42;0.4124011993408203
0.16;0.1754455268383026;0.48;0.42888253927230835;0.14;0.1583368480205536
0.26;0.2551698088645935;0.16;0.14950986206531525;0.38;0.3908208906650543
0.2;0.21302856504917145;0.1;0.0686713233590126;0.5;0.518755316734314
0.34;0.35655298829078674;0.44;0.42147719860076904;0.32;0.3237784504890442
0.44;0.4478975534439087;0.22;0.20717357099056244;0.48;0.4848559498786926
0.3;0.3014785647392273;0.32;0.30054008960723877;0.28;0.3008747696876526
0.48;0.4743824899196625;0.16;0.17785510420799255;0.48;0.4953056275844574
0.16;0.15634216368198395;0.24;0.20478278398513794;0.16;0.1731472611427307
0.36;0.3773558735847473;0.18;0.14319895207881927;0.26;0.29973655939102173
0.62;0.62986820936203;0.24;0.23869508504867554;0.48;0.4762606620788574
0.34;0.34680524468421936;0.6;0.6020418405532837;0.44;0.4376460909843445
0.24;0.2783700227737427;0.38;0.27957814931869507;0.12;0.1629590541124344
0.7;0.7132228016853333;0.14;0.14326301217079163;0.48;0.4900433421134949
0.4;0.4088011085987091;0.34;0.34015512466430664;0.44;0.43657398223876953
0.8;0.7927262187004089;0.12;0.12296450883150101;0.46;0.45769262313842773
0.28;0.28182923793792725;0.16;0.1312023401260376;0.34;0.35866254568099976
0.28;0.3320424258708954;0.36;0.20504914224147797;0.1;0.1693933755159378
0.12;0.12486259639263153;0.78;0.7578094601631165;0.22;0.22214563190937042
0.42;0.40795180201530457;0.12;0.10931333899497986;0.26;0.28271979093551636
0.22;0.21904730796813965;0.58;0.5773394107818604;0.3;0.2989080548286438
0.38;0.3954266309738159;0.36;0.3185212314128876;0.12;0.13274577260017395
0.46;0.4777368903160095;0.5;0.47562482953071594;0.1;0.09541914612054825
0.66;0.6572805047035217;0.14;0.13677003979682922;0.2;0.21138477325439453
0.58;0.5862032175064087;0.34;0.3422408699989319;0.26;0.25443822145462036
0.46;0.4675429165363312;0.18;0.16998320817947388;0.44;0.4528267979621887
0.26;0.26312100887298584;0.46;0.4682490825653076;0.5;0.5023441314697266
0.8;0.7920145392417908;0.1;0.10235979408025742;0.14;0.13396483659744263
0.4;0.3963211476802826;0.52;0.5319782495498657;0.28;0.27095332741737366
0.44;0.4426073729991913;0.42;0.42268556356430054;0.32;0.3177485167980194
0.16;0.16459591686725616;0.42;0.43098920583724976;0.42;0.41658973693847656
0.44;0.4689074754714966;0.3;0.24857132136821747;0.1;0.10651423037052155
0.2;0.19780756533145905;0.3;0.2821239233016968;0.2;0.20019373297691345
0.46;0.46280524134635925;0.3;0.3017815947532654;0.4;0.3992364704608917
0.28;0.2800476849079132;0.16;0.1383741796016693;0.5;0.5100797414779663
0.16;0.15736441314220428;0.16;0.1526259481906891;0.28;0.2944878041744232
0.22;0.21607841551303864;0.34;0.346012681722641;0.36;0.363010436296463
0.1;0.09765814244747162;0.78;0.7572557330131531;0.16;0.15425574779510498
0.4;0.40900564193725586;0.16;0.15036937594413757;0.36;0.38050374388694763
0.46;0.4514501690864563;0.52;0.5186001658439636;0.5;0.49484461545944214
0.12;0.12660567462444305;0.74;0.7233973145484924;0.26;0.2583274841308594
0.26;0.27230992913246155;0.4;0.37206462025642395;0.18;0.1972086876630783
0.18;0.1842830628156662;0.34;0.31050312519073486;0.28;0.305929571390152
0.26;0.26492390036582947;0.66;0.6574338674545288;0.36;0.35498711466789246
0.36;0.352970689535141;0.62;0.602647066116333;0.16;0.15303626656532288
0.4;0.4168418347835541;0.42;0.4097694456577301;0.18;0.18194444477558136
0.16;0.1667054444551468;0.56;0.5527921319007874;0.36;0.361397385597229
0.48;0.4763452708721161;0.4;0.4041617214679718;0.42;0.4166223406791687
0.12;0.14598579704761505;0.66;0.5824345946311951;0.12;0.12435935437679291
0.7;0.6993328928947449;0.12;0.12466692924499512;0.42;0.43171802163124084
0.46;0.4654693007469177;0.28;0.26061147451400757;0.2;0.20727813243865967
0.26;0.26366546750068665;0.68;0.6751226186752319;0.44;0.43775510787963867
0.4;0.4070204794406891;0.3;0.2891380190849304;0.34;0.3483623266220093
0.64;0.6408503651618958;0.26;0.2426399439573288;0.14;0.14366105198860168
0.72;0.709168553352356;0.2;0.20092995464801788;0.38;0.3827992081642151
0.18;0.1849173754453659;0.3;0.27856019139289856;0.28;0.29932069778442383
0.36;0.3659698963165283;0.24;0.22920921444892883;0.42;0.42298683524131775
0.44;0.4488375782966614;0.22;0.20503486692905426;0.5;0.5060200095176697
0.52;0.5187187790870667;0.2;0.18914471566677094;0.36;0.3718497157096863
0.12;0.11137443780899048;0.34;0.27557870745658875;0.12;0.13290676474571228
0.44;0.4247089624404907;0.5;0.5157243013381958;0.1;0.09237982332706451
0.5;0.4911021292209625;0.34;0.34887975454330444;0.3;0.2955000698566437
0.14;0.1468995064496994;0.48;0.4745014011859894;0.4;0.3973916172981262
0.2;0.20339997112751007;0.2;0.18098938465118408;0.18;0.18839435279369354
0.38;0.3771221339702606;0.46;0.46811443567276;0.3;0.29648637771606445
0.28;0.2899150550365448;0.26;0.2556156516075134;0.48;0.49169668555259705
0.86;0.7474074363708496;0.1;0.11416254192590714;0.12;0.1250534951686859
0.36;0.360477089881897;0.62;0.6022331714630127;0.3;0.2968513071537018
0.18;0.17902961373329163;0.16;0.14235524833202362;0.2;0.2290525883436203
0.16;0.15944743156433105;0.72;0.7076848149299622;0.2;0.1967986524105072
0.12;0.12220717966556549;0.36;0.33673200011253357;0.32;0.32731568813323975
0.66;0.6598299145698547;0.24;0.23993615806102753;0.42;0.4145730137825012
0.1;0.10969173908233643;0.76;0.7542315125465393;0.32;0.32027822732925415
0.16;0.15427455306053162;0.16;0.14627230167388916;0.38;0.39849841594696045
0.36;0.38500919938087463;0.24;0.14703308045864105;0.14;0.2111528217792511
0.46;0.4626399576663971;0.36;0.37425392866134644;0.5;0.49486875534057617
0.3;0.3111012876033783;0.4;0.350218266248703;0.16;0.1773272007703781
0.56;0.5674545168876648;0.34;0.34113216400146484;0.48;0.4778403639793396
0.8;0.7937547564506531;0.18;0.1583154946565628;0.2;0.20862913131713867
0.16;0.15459337830543518;0.4;0.40748411417007446;0.32;0.31732094287872314
0.28;0.29650822281837463;0.28;0.2508593201637268;0.18;0.19495649635791779
0.54;0.5373713374137878;0.28;0.29108431935310364;0.32;0.3115866780281067
0.54;0.5371391773223877;0.3;0.30777236819267273;0.32;0.31628382205963135
0.48;0.4767969846725464;0.34;0.340396523475647;0.34;0.33996254205703735
0.24;0.24762140214443207;0.58;0.578821063041687;0.5;0.49466443061828613
0.2;0.19963188469409943;0.22;0.20305664837360382;0.36;0.3622221350669861
0.24;0.24265135824680328;0.52;0.5127913951873779;0.3;0.3020819425582886
0.64;0.6482428312301636;0.32;0.3370179235935211;0.5;0.49302226305007935
0.24;0.24501076340675354;0.62;0.6155098676681519;0.32;0.3209764361381531
0.62;0.627244234085083;0.34;0.3504004180431366;0.38;0.3745945394039154
0.26;0.2592662274837494;0.12;0.11115535348653793;0.5;0.5068615674972534
0.76;0.7524101734161377;0.22;0.20993395149707794;0.4;0.38875284790992737
0.28;0.29537147283554077;0.42;0.41726937890052795;0.48;0.4866419732570648
0.28;0.28417807817459106;0.46;0.46116483211517334;0.46;0.46088117361068726
0.46;0.46700477600097656;0.46;0.45826101303100586;0.16;0.15034601092338562
0.1;0.099330373108387;0.76;0.7605627179145813;0.44;0.43275174498558044
0.12;0.11701592803001404;0.3;0.2770247161388397;0.3;0.3077038526535034
0.22;0.21958069503307343;0.68;0.6770548820495605;0.36;0.355419784784317
0.3;0.3119569718837738;0.66;0.6604034900665283;0.36;0.35614410042762756
0.26;0.2702919542789459;0.52;0.5181361436843872;0.34;0.3381469249725342
0.38;0.3785880208015442;0.48;0.4852808713912964;0.42;0.4148264527320862
0.44;0.452393114566803;0.34;0.3175435960292816;0.14;0.14382313191890717
0.32;0.33684754371643066;0.46;0.44869786500930786;0.3;0.30192023515701294
0.74;0.7320210933685303;0.14;0.14519689977169037;0.32;0.32666802406311035
0.66;0.6517519950866699;0.2;0.1962420642375946;0.22;0.21813201904296875
0.4;0.40371498465538025;0.48;0.48156431317329407;0.4;0.39634522795677185
0.36;0.3651539981365204;0.5;0.49898022413253784;0.38;0.37961259484291077
0.66;0.662714958190918;0.1;0.09334919601678848;0.46;0.46921491622924805
0.38;0.3810290992259979;0.6;0.5837835669517517;0.42;0.41768088936805725
0.6;0.5962401628494263;0.34;0.3486761450767517;0.18;0.1687782108783722
0.6;0.5973711609840393;0.34;0.3496514856815338;0.5;0.49520450830459595
0.38;0.39369627833366394;0.46;0.4568891227245331;0.34;0.3408951163291931
0.3;0.30609962344169617;0.28;0.266496479511261;0.34;0.3501046299934387
0.36;0.3683016300201416;0.24;0.21779710054397583;0.28;0.30757468938827515
0.14;0.14017438888549805;0.34;0.32223665714263916;0.3;0.30973464250564575
0.28;0.2779841423034668;0.7;0.7010756134986877;0.36;0.3522609770298004
0.36;0.3716837167739868;0.12;0.09748763591051102;0.48;0.5017739534378052
0.72;0.7164430022239685;0.26;0.23356415331363678;0.14;0.1336597055196762
0.68;0.6361608505249023;0.1;0.0965147614479065;0.12;0.12938366830348969
0.16;0.15372797846794128;0.26;0.23468120396137238;0.22;0.2235444039106369
0.14;0.1370401531457901;0.32;0.3092000484466553;0.28;0.28641611337661743
0.5;0.5002252459526062;0.42;0.43012356758117676;0.12;0.11068873107433319
0.32;0.3301416039466858;0.5;0.5014394521713257;0.24;0.2384069263935089
0.4;0.4021763801574707;0.18;0.18362538516521454;0.44;0.44752997159957886
0.36;0.3632957339286804;0.2;0.1940629780292511;0.38;0.3978272080421448
0.38;0.39389944076538086;0.44;0.43382006883621216;0.36;0.36183038353919983
0.86;0.863365888595581;0.1;0.10554328560829163;0.48;0.46288973093032837
0.52;0.5237083435058594;0.24;0.22348004579544067;0.32;0.32875075936317444
0.3;0.3044792115688324;0.22;0.19195683300495148;0.24;0.27058255672454834
0.2;0.19443321228027344;0.12;0.11487758904695511;0.26;0.27913349866867065
0.68;0.6749975085258484;0.24;0.24438288807868958;0.22;0.21832795441150665
0.1;0.122866190969944;0.54;0.5204982757568359;0.36;0.36731284856796265
0.48;0.48121944069862366;0.34;0.33655840158462524;0.24;0.24354533851146698
0.16;0.1585235893726349;0.32;0.307369202375412;0.34;0.3447275757789612
0.68;0.6766136288642883;0.24;0.24144847691059113;0.24;0.23974080383777618
0.24;0.241799995303154;0.7;0.7053179144859314;0.4;0.3946496546268463
0.78;0.7726351022720337;0.1;0.10421676933765411;0.42;0.4135550558567047
0.26;0.2703452408313751;0.42;0.4123842716217041;0.44;0.4406754970550537
0.38;0.3790839612483978;0.44;0.4454503357410431;0.2;0.19778670370578766
0.78;0.7727545499801636;0.18;0.16847361624240875;0.32;0.32022494077682495
0.52;0.5348657369613647;0.1;0.07071655988693237;0.48;0.48784512281417847
0.8;0.7934092879295349;0.12;0.12247467041015625;0.44;0.43782418966293335
0.5;0.4955998957157135;0.24;0.22989439964294434;0.24;0.2486587017774582
0.44;0.4451310336589813;0.22;0.1580774188041687;0.12;0.15018686652183533
0.2;0.19898754358291626;0.22;0.18998363614082336;0.18;0.188390851020813
0.24;0.2605133652687073;0.36;0.3056834936141968;0.18;0.215801402926445
0.46;0.45847049355506897;0.48;0.48008379340171814;0.22;0.21498961746692657
0.44;0.44277864694595337;0.54;0.5273662805557251;0.36;0.3546866476535797
0.32;0.31369951367378235;0.12;0.09852450340986252;0.28;0.2921123504638672
0.38;0.3724118769168854;0.46;0.4738440215587616;0.14;0.12553390860557556
0.2;0.20437605679035187;0.58;0.5750759243965149;0.28;0.2809372842311859
0.66;0.6556761860847473;0.22;0.1982431411743164;0.14;0.14249616861343384
0.24;0.23587197065353394;0.74;0.7207888960838318;0.1;0.09454180300235748
0.6;0.5998376607894897;0.24;0.24460628628730774;0.48;0.4759773313999176
0.4;0.41266974806785583;0.16;0.13668407499790192;0.18;0.20852592587471008
0.2;0.20547333359718323;0.74;0.7469831109046936;0.26;0.2587476074695587
0.24;0.22168035805225372;0.18;0.13133074343204498;0.1;0.12211966514587402
0.14;0.12934570014476776;0.14;0.12549206614494324;0.46;0.47145262360572815
0.46;0.46699073910713196;0.26;0.25405511260032654;0.32;0.3272364139556885
0.36;0.3790825307369232;0.48;0.4680178761482239;0.2;0.19881275296211243
0.24;0.24691133201122284;0.32;0.3161238729953766;0.46;0.46200284361839294
0.38;0.40637415647506714;0.32;0.25886571407318115;0.12;0.14388707280158997
0.58;0.5753135681152344;0.38;0.3813641369342804;0.2;0.19292740523815155
0.14;0.13862356543540955;0.28;0.24309751391410828;0.18;0.1870611011981964
0.32;0.3249480724334717;0.6;0.6046783924102783;0.2;0.19982406497001648
0.22;0.22575443983078003;0.76;0.7493406534194946;0.16;0.1562994420528412
0.1;0.10655234009027481;0.4;0.3668084740638733;0.28;0.29560917615890503
0.68;0.6790991425514221;0.12;0.11722029000520706;0.2;0.20869192481040955
0.48;0.49329471588134766;0.16;0.15184856951236725;0.38;0.3992166817188263
0.3;0.30439504981040955;0.56;0.559183657169342;0.38;0.37801405787467957
0.34;0.33922091126441956;0.18;0.15933336317539215;0.18;0.200044184923172
0.32;0.32012319564819336;0.1;0.08738017827272415;0.4;0.4069482684135437
0.62;0.614497184753418;0.18;0.1822071075439453;0.34;0.34127211570739746
0.54;0.5414352416992188;0.24;0.21868659555912018;0.16;0.16494442522525787
0.38;0.37792474031448364;0.54;0.543726921081543;0.18;0.1718064248561859
0.32;0.33576804399490356;0.26;0.19672182202339172;0.18;0.23389515280723572
0.34;0.3374629318714142;0.14;0.11711877584457397;0.36;0.38462862372398376
0.56;0.5615187287330627;0.34;0.33281561732292175;0.3;0.29382047057151794
0.7;0.7007302045822144;0.12;0.11586770415306091;0.34;0.3526570498943329
0.3;0.3012487590312958;0.22;0.19286669790744781;0.16;0.18097178637981415
0.58;0.5660833716392517;0.1;0.09774542599916458;0.38;0.3938947319984436
0.26;0.2849268317222595;0.32;0.2542642652988434;0.18;0.22711673378944397
0.26;0.2962567210197449;0.54;0.4972901940345764;0.1;0.10302313417196274
0.12;0.130624920129776;0.58;0.5740659832954407;0.48;0.48171359300613403
0.18;0.17881081998348236;0.14;0.13441313803195953;0.3;0.32397782802581787
0.64;0.6435565948486328;0.18;0.1757120043039322;0.38;0.38460302352905273
0.54;0.5434973239898682;0.38;0.3816210925579071;0.28;0.27320003509521484
0.36;0.3812864422798157;0.28;0.23540502786636353;0.2;0.2403540313243866
0.36;0.36788567900657654;0.54;0.5378467440605164;0.44;0.44012540578842163
0.18;0.19019706547260284;0.6;0.5873830318450928;0.3;0.3048160672187805
0.36;0.364791601896286;0.62;0.6022576093673706;0.42;0.4184509217739105
0.12;0.12442212551832199;0.4;0.3826868534088135;0.22;0.22581446170806885
0.1;0.10814402252435684;0.12;0.10330585390329361;0.34;0.35942479968070984
0.12;0.12108375877141953;0.8;0.7982206344604492;0.26;0.2587767243385315
0.22;0.21986784040927887;0.3;0.29373204708099365;0.28;0.2931976914405823
0.34;0.3440214693546295;0.52;0.5186722874641418;0.36;0.3581075966358185
0.1;0.09875622391700745;0.38;0.34724459052085876;0.5;0.5188977718353271
0.32;0.31794795393943787;0.16;0.12189389020204544;0.14;0.1648871898651123
0.64;0.64187091588974;0.1;0.08251766860485077;0.4;0.4122316241264343
0.32;0.33997786045074463;0.44;0.3714927136898041;0.1;0.1099424809217453
0.26;0.27658241987228394;0.44;0.3996281027793884;0.24;0.26015010476112366
0.64;0.6386960744857788;0.24;0.24139206111431122;0.44;0.4371013641357422
0.3;0.3061482310295105;0.26;0.25182080268859863;0.36;0.37043195962905884
0.34;0.34899410605430603;0.64;0.6178351044654846;0.36;0.3567444980144501
0.7;0.697165310382843;0.16;0.15628671646118164;0.32;0.32625502347946167
0.32;0.32999762892723083;0.3;0.2741594612598419;0.24;0.2662540376186371
0.46;0.47059527039527893;0.34;0.34788715839385986;0.5;0.4962690472602844
0.22;0.24034374952316284;0.46;0.4028918147087097;0.12;0.14201252162456512
0.32;0.31766337156295776;0.32;0.3062995672225952;0.32;0.33782657980918884
0.2;0.23764745891094208;0.46;0.35887375473976135;0.1;0.1327410638332367
0.16;0.16207461059093475;0.76;0.7648442983627319;0.38;0.3746010959148407
0.1;0.10533104091882706;0.68;0.6693438291549683;0.3;0.30531492829322815
0.38;0.39107173681259155;0.32;0.3137829005718231;0.44;0.44257012009620667
0.32;0.32823580503463745;0.14;0.11281902343034744;0.46;0.49541085958480835
0.22;0.21891281008720398;0.66;0.6565642952919006;0.2;0.19894838333129883
0.5;0.4917115867137909;0.36;0.36594057083129883;0.28;0.2796187996864319
0.1;0.11392263323068619;0.68;0.6544991135597229;0.22;0.22090303897857666
0.24;0.2463255673646927;0.42;0.3954864740371704;0.2;0.2165781706571579
0.34;0.3418097198009491;0.64;0.6198018789291382;0.22;0.21606197953224182
0.36;0.3553483486175537;0.56;0.5660337209701538;0.16;0.1512574702501297
0.16;0.16322900354862213;0.34;0.31012576818466187;0.22;0.23953333497047424
0.28;0.2810016870498657;0.66;0.6750474572181702;0.22;0.21594564616680145
0.46;0.46029722690582275;0.36;0.3746722936630249;0.48;0.4746115803718567
0.2;0.18284882605075836;0.12;0.11463931947946548;0.2;0.21516895294189453
0.14;0.1835453063249588;0.54;0.39969921112060547;0.1;0.13904577493667603
0.24;0.24166856706142426;0.7;0.7096298933029175;0.2;0.19581618905067444
0.52;0.5276287794113159;0.24;0.19312074780464172;0.1;0.113943912088871
0.12;0.13160838186740875;0.54;0.5130141377449036;0.32;0.33462411165237427
0.14;0.13518592715263367;0.16;0.1526905596256256;0.24;0.2560146450996399
0.14;0.15221214294433594;0.52;0.4956437945365906;0.5;0.5117713212966919
0.72;0.7153069376945496;0.14;0.13439320027828217;0.38;0.3932814300060272
0.58;0.5726367831230164;0.16;0.15141154825687408;0.2;0.213618665933609
0.16;0.15440905094146729;0.16;0.1510811299085617;0.44;0.4482716917991638
0.38;0.38870635628700256;0.46;0.45983612537384033;0.24;0.2356911450624466
0.52;0.5165292620658875;0.42;0.43703198432922363;0.4;0.38914814591407776
0.26;0.22586505115032196;0.18;0.14981378614902496;0.14;0.15550287067890167
0.16;0.16212098300457;0.42;0.40813693404197693;0.26;0.2658727169036865
0.3;0.2874295115470886;0.14;0.11506658047437668;0.12;0.138291597366333
0.18;0.185045063495636;0.36;0.3531759977340698;0.3;0.30840110778808594
0.42;0.4220697283744812;0.3;0.2999875247478485;0.36;0.36138010025024414
0.36;0.392937570810318;0.42;0.3517445921897888;0.1;0.10634450614452362
0.62;0.6136911511421204;0.34;0.3410623371601105;0.22;0.21088509261608124
0.2;0.2010609209537506;0.48;0.4722943603992462;0.26;0.2654850482940674
0.52;0.5098772644996643;0.28;0.28594380617141724;0.38;0.3756083548069
0.62;0.6298657059669495;0.26;0.26082414388656616;0.5;0.4927731156349182
0.22;0.20834088325500488;0.26;0.24495838582515717;0.2;0.19643577933311462
0.1;0.18900161981582642;0.66;0.4367334246635437;0.12;0.19622258841991425
0.44;0.4598883092403412;0.16;0.13077867031097412;0.12;0.1443653106689453
0.5;0.49963220953941345;0.38;0.3734786808490753;0.14;0.13290266692638397
0.12;0.1929280012845993;0.6;0.39271214604377747;0.1;0.15984991192817688
0.14;0.13501407206058502;0.44;0.4364474415779114;0.28;0.28424668312072754
0.1;0.1108064353466034;0.56;0.5439960360527039;0.4;0.4090023934841156
0.3;0.32029834389686584;0.28;0.21302896738052368;0.18;0.23429527878761292
0.2;0.22333762049674988;0.44;0.3498836159706116;0.12;0.16022416949272156
0.24;0.2421855628490448;0.34;0.33518171310424805;0.4;0.4060036242008209
0.62;0.6257907748222351;0.16;0.14575447142124176;0.18;0.19255860149860382
0.46;0.4575077295303345;0.44;0.44211119413375854;0.28;0.2711016833782196
0.1;0.09726627171039581;0.8;0.7931849360466003;0.2;0.1981648951768875
0.28;0.29326331615448;0.42;0.40646669268608093;0.34;0.3450041115283966
0.32;0.2982717454433441;0.56;0.5708283185958862;0.12;0.11071442067623138
0.56;0.5512016415596008;0.32;0.32453927397727966;0.36;0.3547503352165222
0.12;0.11945165693759918;0.22;0.20152869820594788;0.26;0.26738497614860535
0.14;0.1468701958656311;0.66;0.6544700264930725;0.48;0.4774842858314514
0.12;0.11939588934183121;0.82;0.811490535736084;0.14;0.13624942302703857
0.7;0.6997532248497009;0.26;0.2658928334712982;0.48;0.47591620683670044
0.28;0.289982408285141;0.64;0.6414945721626282;0.28;0.2788596749305725
0.56;0.560949444770813;0.36;0.3639911711215973;0.28;0.2713086009025574
0.3;0.3034900724887848;0.16;0.13414019346237183;0.36;0.3822571039199829
0.22;0.22017109394073486;0.44;0.429424524307251;0.22;0.22573351860046387
0.28;0.29247960448265076;0.52;0.5230658054351807;0.34;0.3380007743835449
0.26;0.2648179233074188;0.52;0.5192118287086487;0.28;0.2795940637588501
0.1;0.11304627358913422;0.6;0.5684083104133606;0.32;0.3359685242176056
0.3;0.3391503393650055;0.42;0.3383301794528961;0.1;0.12212010473012924
0.1;0.10169330984354019;0.22;0.2049262374639511;0.46;0.47147685289382935
0.16;0.15869571268558502;0.2;0.18143993616104126;0.48;0.5009652376174927
0.28;0.2867720127105713;0.54;0.5368554592132568;0.44;0.44071799516677856
0.38;0.3965488076210022;0.24;0.21136504411697388;0.46;0.4875408113002777
0.76;0.7550463676452637;0.2;0.2065071016550064;0.42;0.41074666380882263
0.6;0.5874449014663696;0.22;0.21782006323337555;0.22;0.2213331162929535
0.84;0.8503389358520508;0.12;0.11907804012298584;0.5;0.4943949580192566
0.34;0.3363164961338043;0.18;0.1520506590604782;0.3;0.3337540328502655
0.14;0.16727401316165924;0.52;0.4141771197319031;0.1;0.1243983656167984
0.22;0.22751443088054657;0.44;0.39610570669174194;0.18;0.204908087849617
0.18;0.18526098132133484;0.44;0.43735045194625854;0.22;0.2134723663330078
0.28;0.28573837876319885;0.58;0.5620797872543335;0.16;0.16294708847999573
0.36;0.3751642107963562;0.26;0.24060067534446716;0.5;0.5113483667373657
0.5;0.4993218779563904;0.18;0.14537204802036285;0.12;0.13581964373588562
0.24;0.24615754187107086;0.74;0.7250978350639343;0.42;0.4175242781639099
0.22;0.22443833947181702;0.72;0.7275938987731934;0.38;0.3763841986656189
0.2;0.21713554859161377;0.56;0.5187848806381226;0.1;0.10608267784118652
0.1;0.13060255348682404;0.58;0.5157353281974792;0.18;0.20212092995643616
0.14;0.12018223106861115;0.14;0.13215330243110657;0.14;0.1518522948026657
0.2;0.21040219068527222;0.28;0.2544679045677185;0.44;0.44590815901756287
0.12;0.12298502027988434;0.36;0.3379458487033844;0.3;0.30676159262657166
0.46;0.45268484950065613;0.52;0.5146790146827698;0.48;0.4742586016654968
0.82;0.8230003118515015;0.16;0.14146475493907928;0.38;0.38240060210227966
0.16;0.15878911316394806;0.12;0.10803928226232529;0.42;0.42920437455177307
0.38;0.3863582909107208;0.4;0.3977273404598236;0.42;0.41927647590637207
0.72;0.7035487294197083;0.16;0.16692927479743958;0.38;0.3804469704627991
0.28;0.2857711613178253;0.56;0.558885931968689;0.44;0.44198736548423767
0.38;0.3722470700740814;0.5;0.5104912519454956;0.14;0.1260201632976532
0.82;0.8235576152801514;0.14;0.13515810668468475;0.32;0.3243233859539032
0.32;0.32549136877059937;0.36;0.3544483780860901;0.36;0.3603079915046692
0.28;0.28737449645996094;0.4;0.39023616909980774;0.38;0.37977561354637146
0.12;0.11958558112382889;0.8;0.8051483631134033;0.32;0.3133912980556488
0.32;0.323585569858551;0.62;0.6243659257888794;0.28;0.2778559923171997
0.14;0.15057411789894104;0.66;0.6504195928573608;0.28;0.275826632976532
0.62;0.6185010075569153;0.14;0.13994471728801727;0.36;0.3734439015388489
0.56;0.5656150579452515;0.24;0.2253061681985855;0.26;0.26510128378868103
0.58;0.5936795473098755;0.14;0.12842437624931335;0.34;0.3604554235935211
0.1;0.1119309514760971;0.26;0.22705790400505066;0.2;0.2157575637102127
0.1;0.10159415751695633;0.76;0.7642675042152405;0.48;0.4721315801143646
0.28;0.286199152469635;0.58;0.5831695795059204;0.5;0.5013495683670044
0.44;0.45741504430770874;0.2;0.14406630396842957;0.14;0.17412535846233368
0.3;0.3141111433506012;0.36;0.32686859369277954;0.2;0.2222737818956375
0.2;0.20091380178928375;0.22;0.20390388369560242;0.46;0.4671797752380371
0.5;0.49795767664909363;0.42;0.43803346157073975;0.18;0.1656026542186737
0.56;0.5636835694313049;0.3;0.3014349341392517;0.28;0.2759246230125427
0.22;0.22446209192276;0.66;0.6449655294418335;0.14;0.1417998969554901
0.12;0.12401510030031204;0.7;0.7015014290809631;0.46;0.4554843008518219
0.16;0.1580488681793213;0.24;0.2171800136566162;0.22;0.2268243283033371
0.14;0.14309051632881165;0.76;0.7549198269844055;0.42;0.41581326723098755
0.78;0.7808592319488525;0.18;0.16058209538459778;0.14;0.1481359452009201
0.14;0.14072780311107635;0.7;0.695862889289856;0.48;0.47852373123168945
0.46;0.4604427218437195;0.44;0.4381774663925171;0.34;0.33802133798599243
0.38;0.4051573872566223;0.56;0.5351675152778625;0.1;0.09979112446308136
0.68;0.6779553294181824;0.3;0.28466904163360596;0.44;0.43472179770469666
0.14;0.1391347199678421;0.76;0.7447625398635864;0.2;0.20038242638111115
0.56;0.5425918102264404;0.18;0.16970568895339966;0.16;0.17479532957077026
0.16;0.1659642904996872;0.44;0.43845027685165405;0.4;0.40149611234664917
0.72;0.7270269989967346;0.14;0.13608378171920776;0.5;0.5092440247535706
0.64;0.6458421945571899;0.18;0.1776285618543625;0.42;0.4206295907497406
0.44;0.4313385486602783;0.5;0.5148748159408569;0.48;0.4728657603263855
0.16;0.16285140812397003;0.22;0.19613519310951233;0.36;0.37255844473838806
0.86;0.8552124500274658;0.12;0.1002984270453453;0.2;0.19198887050151825
0.1;0.12993435561656952;0.56;0.4969153106212616;0.14;0.1616930365562439
0.68;0.6821506023406982;0.28;0.2787588834762573;0.28;0.2775706648826599
0.42;0.4131922125816345;0.14;0.1415749192237854;0.42;0.43556728959083557
0.18;0.1912500411272049;0.72;0.7051346302032471;0.12;0.12193603813648224
0.14;0.13752791285514832;0.36;0.33753523230552673;0.3;0.3091028034687042
0.12;0.1079324409365654;0.14;0.13293030858039856;0.22;0.2324937880039215
0.28;0.28238996863365173;0.62;0.6112691760063171;0.3;0.295661985874176
0.5;0.4988035559654236;0.2;0.18734893202781677;0.2;0.20412668585777283
0.7;0.7010696530342102;0.12;0.11815765500068665;0.36;0.3719073534011841
0.74;0.7399654984474182;0.1;0.10165780037641525;0.42;0.4164801239967346
0.72;0.7053794860839844;0.12;0.11059750616550446;0.22;0.23440952599048615
0.2;0.1947377324104309;0.76;0.7723445296287537;0.12;0.11626273393630981
0.26;0.25820600986480713;0.24;0.254126638174057;0.28;0.291390597820282
0.68;0.6721352338790894;0.24;0.2295675277709961;0.34;0.3372683525085449
0.28;0.2751431167125702;0.18;0.14468802511692047;0.28;0.307364821434021
0.16;0.1593639850616455;0.82;0.804225742816925;0.14;0.1351301223039627
0.6;0.6020206809043884;0.16;0.1423690766096115;0.24;0.26493993401527405
0.26;0.27539685368537903;0.46;0.4471135139465332;0.34;0.3426057994365692
0.14;0.1506875604391098;0.46;0.45841121673583984;0.42;0.4205189347267151
0.16;0.17101509869098663;0.58;0.5649194121360779;0.28;0.2830563187599182
0.62;0.6226860880851746;0.12;0.11642253398895264;0.18;0.18183961510658264
0.24;0.24447689950466156;0.52;0.5126178860664368;0.34;0.34295210242271423
0.68;0.6759263873100281;0.28;0.28044527769088745;0.38;0.37464991211891174
0.54;0.5423866510391235;0.3;0.2844017744064331;0.12;0.11136243492364883
0.54;0.5380083918571472;0.38;0.38230597972869873;0.42;0.41449111700057983
0.5;0.49347755312919617;0.34;0.3435904085636139;0.16;0.14905361831188202
0.58;0.5694667100906372;0.26;0.2711884081363678;0.42;0.4155835211277008
0.16;0.1671411097049713;0.42;0.41008833050727844;0.24;0.24195238947868347
0.56;0.5650097131729126;0.36;0.36011531949043274;0.24;0.2357797622680664
0.18;0.18122760951519012;0.26;0.2367350161075592;0.34;0.3480972945690155
0.42;0.4082486629486084;0.1;0.09914545714855194;0.44;0.43549513816833496
0.36;0.3746980130672455;0.44;0.43287086486816406;0.38;0.383950412273407
0.24;0.2411871999502182;0.24;0.21541830897331238;0.14;0.14757253229618073
0.58;0.5844205021858215;0.28;0.2625545859336853;0.16;0.15800899267196655
0.58;0.5745120048522949;0.12;0.1074836328625679;0.26;0.2700539231300354
0.64;0.5666635036468506;0.1;0.08095751702785492;0.1;0.12315955013036728
0.44;0.43127888441085815;0.12;0.100942462682724;0.16;0.1849435567855835
0.62;0.6286619305610657;0.14;0.11638183891773224;0.22;0.24565792083740234
0.2;0.1985670030117035;0.74;0.7486467361450195;0.32;0.3183845579624176
0.42;0.42325690388679504;0.18;0.15639159083366394;0.26;0.2913505434989929
0.42;0.4346453547477722;0.42;0.406900018453598;0.16;0.15676644444465637
0.14;0.12776434421539307;0.18;0.17493028938770294;0.38;0.38910335302352905
0.3;0.31422629952430725;0.56;0.5445555448532104;0.12;0.1148814707994461
0.24;0.2446574717760086;0.22;0.19768103957176208;0.4;0.41821756958961487
0.58;0.5703238844871521;0.22;0.20950157940387726;0.2;0.20566923916339874
0.26;0.268676221370697;0.56;0.5630137920379639;0.28;0.28286582231521606
0.28;0.2928365468978882;0.18;0.14849629998207092;0.42;0.4447670578956604
0.46;0.4565403461456299;0.44;0.4376150965690613;0.26;0.25398343801498413
0.32;0.31513547897338867;0.52;0.5266585946083069;0.24;0.23592019081115723
0.5;0.49582409858703613;0.36;0.3735286295413971;0.5;0.4936772286891937
0.6;0.605243444442749;0.3;0.27922913432121277;0.12;0.1159093827009201
0.14;0.13405871391296387;0.44;0.44195690751075745;0.26;0.2582326829433441
0.84;0.842805802822113;0.12;0.10733967274427414;0.18;0.18747587502002716
0.24;0.24572652578353882;0.32;0.3138209283351898;0.38;0.3891758918762207
0.38;0.3808237910270691;0.12;0.1066901832818985;0.4;0.38909995555877686
0.22;0.22803165018558502;0.64;0.6358917951583862;0.5;0.4945853352546692
0.36;0.3634098172187805;0.56;0.5639840364456177;0.26;0.254974901676178
0.46;0.4638652503490448;0.3;0.29816684126853943;0.32;0.3230593502521515
0.56;0.5600507259368896;0.28;0.2849152386188507;0.3;0.29637593030929565
0.12;0.11784175783395767;0.76;0.7368966937065125;0.18;0.1783161163330078
0.1;0.10161667317152023;0.3;0.26696279644966125;0.3;0.3171423375606537
0.44;0.4265367090702057;0.54;0.5284668803215027;0.1;0.09210190176963806
0.4;0.4180039167404175;0.48;0.47231361269950867;0.3;0.30168798565864563
0.1;0.10740558803081512;0.32;0.3050448000431061;0.38;0.3994683623313904
0.32;0.331585168838501;0.24;0.20732466876506805;0.24;0.269503653049469
0.2;0.2149812877178192;0.58;0.5513891577720642;0.1;0.10356255620718002
0.3;0.30310526490211487;0.16;0.1271461546421051;0.4;0.4308653771877289
0.12;0.128727987408638;0.68;0.6721107959747314;0.26;0.25699013471603394
0.26;0.27581772208213806;0.32;0.2761726975440979;0.24;0.27155789732933044
0.54;0.5382106900215149;0.36;0.3596591651439667;0.34;0.33475929498672485
0.8;0.7899917960166931;0.18;0.17351266741752625;0.46;0.4569525122642517
0.48;0.4821045398712158;0.5;0.48915615677833557;0.3;0.295930951833725
0.6;0.6195734143257141;0.16;0.14766259491443634;0.14;0.14750295877456665
0.56;0.5550243258476257;0.36;0.3691309690475464;0.18;0.1721813678741455
0.48;0.48609235882759094;0.2;0.17755240201950073;0.18;0.19164018332958221
0.68;0.6771405339241028;0.22;0.2133871614933014;0.28;0.28237366676330566
0.42;0.43003690242767334;0.46;0.4452572464942932;0.12;0.11008547246456146
0.74;0.7228882312774658;0.12;0.12016668915748596;0.22;0.2253917008638382
0.64;0.644065260887146;0.34;0.3084578812122345;0.12;0.12017740309238434
0.48;0.4877546429634094;0.14;0.137665793299675;0.46;0.48798713088035583
0.1;0.10383069515228271;0.86;0.8402445912361145;0.16;0.15542832016944885
0.2;0.201244056224823;0.78;0.7692543864250183;0.34;0.33938068151474
0.58;0.5528247952461243;0.1;0.09347913414239883;0.14;0.1512763798236847
0.58;0.5768477916717529;0.4;0.390705943107605;0.5;0.4946189522743225
0.38;0.38026654720306396;0.52;0.5193379521369934;0.42;0.41751450300216675
0.3;0.3064693510532379;0.3;0.2944768965244293;0.38;0.3782094120979309
0.22;0.21700870990753174;0.66;0.6567549109458923;0.48;0.47377723455429077
0.48;0.47121620178222656;0.32;0.32559770345687866;0.26;0.25907158851623535
0.78;0.7826998829841614;0.16;0.15169519186019897;0.14;0.14611777663230896
0.6;0.5976783633232117;0.32;0.32753098011016846;0.2;0.1923493593931198
0.46;0.45847463607788086;0.38;0.39115777611732483;0.5;0.494711697101593
0.32;0.3292570114135742;0.6;0.59296715259552;0.42;0.4138471186161041
0.24;0.23805516958236694;0.18;0.16724497079849243;0.42;0.43029356002807617
0.16;0.16939613223075867;0.46;0.43397256731987;0.32;0.33144593238830566
0.2;0.20076221227645874;0.36;0.3694702386856079;0.42;0.4205886721611023
0.6;0.6288045644760132;0.18;0.1561916321516037;0.12;0.12938694655895233
0.5;0.5060508251190186;0.18;0.1619538515806198;0.24;0.2497849464416504
0.2;0.20638246834278107;0.76;0.7627115249633789;0.28;0.27757030725479126
0.52;0.5290367603302002;0.12;0.09952139854431152;0.38;0.3974406123161316
0.72;0.7373436093330383;0.18;0.1370687037706375;0.1;0.11493997275829315
0.14;0.13984812796115875;0.24;0.2248961627483368;0.38;0.38625940680503845
0.54;0.5401840806007385;0.3;0.301847368478775;0.22;0.21440818905830383
0.24;0.24274209141731262;0.22;0.19964531064033508;0.36;0.3750382363796234
0.16;0.1669139415025711;0.22;0.1969776153564453;0.34;0.34819263219833374
0.2;0.19972793757915497;0.12;0.11119750142097473;0.48;0.49136996269226074
0.3;0.30820176005363464;0.32;0.3140789866447449;0.48;0.4797549843788147
0.34;0.3484482169151306;0.64;0.6162244081497192;0.3;0.30032211542129517
0.28;0.2804311215877533;0.48;0.4852277636528015;0.24;0.23884232342243195
0.12;0.12419604510068893;0.4;0.3843012750148773;0.48;0.4833862781524658
0.2;0.2093448042869568;0.6;0.5981857776641846;0.38;0.3793403208255768
0.28;0.30555641651153564;0.38;0.3076510727405548;0.14;0.178224116563797
0.54;0.5503401160240173;0.36;0.3403174579143524;0.1;0.09222187101840973
0.5;0.5000768303871155;0.36;0.3639253079891205;0.38;0.37850165367126465
0.32;0.3322236239910126;0.6;0.5929260849952698;0.36;0.35672086477279663
0.26;0.26673054695129395;0.54;0.5340213179588318;0.48;0.47694939374923706
0.1;0.182879239320755;0.62;0.4404100775718689;0.14;0.21467526257038116
0.68;0.6856164336204529;0.26;0.2682265043258667;0.5;0.49819955229759216
0.22;0.2193308025598526;0.54;0.5356003642082214;0.22;0.21689271926879883
0.42;0.42686331272125244;0.12;0.12131329625844955;0.44;0.44205912947654724
0.12;0.12377423793077469;0.72;0.7240726351737976;0.5;0.4969307780265808
0.48;0.4777527451515198;0.48;0.48812833428382874;0.44;0.4304182529449463
0.4;0.40272754430770874;0.56;0.5593236684799194;0.44;0.43820419907569885
0.66;0.6586682200431824;0.28;0.28213053941726685;0.18;0.17771944403648376
0.1;0.10431241989135742;0.32;0.30766066908836365;0.46;0.4751048982143402
0.24;0.24257560074329376;0.3;0.2988947331905365;0.36;0.3623771071434021
0.74;0.7174897789955139;0.1;0.0999421551823616;0.24;0.2363540232181549
0.16;0.16473273932933807;0.7;0.6929613351821899;0.46;0.4552702009677887
0.1;0.09713847935199738;0.18;0.16327282786369324;0.44;0.45547398924827576
0.3;0.30644527077674866;0.46;0.4587736129760742;0.42;0.4192270338535309
0.22;0.2332613468170166;0.54;0.5381619930267334;0.46;0.4570680558681488
0.2;0.21001610159873962;0.28;0.2516727149486542;0.46;0.4689250886440277
0.28;0.2779290974140167;0.7;0.6948361992835999;0.26;0.25359639525413513
0.12;0.12247944623231888;0.72;0.7229567170143127;0.48;0.47626399993896484
0.64;0.634492039680481;0.24;0.23902392387390137;0.28;0.28136134147644043
0.1;0.09948771446943283;0.88;0.863950788974762;0.44;0.43582648038864136
0.36;0.36969926953315735;0.5;0.4948385953903198;0.24;0.23502321541309357
0.26;0.266932874917984;0.4;0.3790554404258728;0.28;0.29741936922073364
0.68;0.6798529624938965;0.22;0.21712683141231537;0.44;0.4378536343574524
0.3;0.30372384190559387;0.56;0.5572466850280762;0.42;0.41794705390930176
0.52;0.5171999335289001;0.4;0.40631213784217834;0.16;0.14994236826896667
0.36;0.36037352681159973;0.52;0.5217027068138123;0.16;0.15351922810077667
0.12;0.11595689505338669;0.86;0.8504076600074768;0.44;0.434387743473053
0.2;0.21423427760601044;0.26;0.24115386605262756;0.44;0.4414353370666504
0.42;0.43325310945510864;0.4;0.3946046829223633;0.34;0.3378713130950928
0.6;0.5933818817138672;0.38;0.3693426251411438;0.22;0.2126949280500412
0.18;0.172054722905159;0.2;0.18578672409057617;0.24;0.25027936697006226
0.28;0.28111839294433594;0.64;0.6392507553100586;0.36;0.35489076375961304
0.64;0.644977331161499;0.22;0.2181650549173355;0.44;0.44055619835853577
0.22;0.22569000720977783;0.48;0.4754820466041565;0.34;0.340537965297699
0.28;0.2820475101470947;0.46;0.437303364276886;0.26;0.27197131514549255
0.1;0.10679975152015686;0.7;0.6929888129234314;0.32;0.32233184576034546
0.42;0.4283360242843628;0.42;0.42297589778900146;0.36;0.3555415868759155
0.66;0.6577504277229309;0.1;0.09404724091291428;0.44;0.4492705464363098
0.12;0.12084640562534332;0.36;0.3338013291358948;0.28;0.29356974363327026
0.26;0.2649914622306824;0.48;0.44133543968200684;0.2;0.21529069542884827
0.1;0.10556390136480331;0.38;0.3549169898033142;0.34;0.3515438139438629
0.4;0.4186690151691437;0.36;0.324795126914978;0.14;0.1479348987340927
0.3;0.33159834146499634;0.32;0.23580530285835266;0.14;0.18870890140533447
0.54;0.537490725517273;0.16;0.13810676336288452;0.24;0.26214471459388733
0.32;0.3249664902687073;0.28;0.25617650151252747;0.28;0.30239972472190857
0.34;0.38751503825187683;0.36;0.26324424147605896;0.1;0.12863536179065704
0.14;0.13354825973510742;0.72;0.7043361067771912;0.16;0.15234851837158203
0.6;0.601844310760498;0.2;0.18669390678405762;0.16;0.15551933646202087
0.58;0.5839928984642029;0.16;0.14652080833911896;0.12;0.13147585093975067
0.34;0.347808837890625;0.44;0.4363207519054413;0.26;0.2635391056537628
0.34;0.3600737750530243;0.52;0.5058110952377319;0.18;0.1820451021194458
0.34;0.35202592611312866;0.48;0.4737682342529297;0.2;0.19963231682777405
0.22;0.2165440022945404;0.14;0.12143341451883316;0.26;0.28336653113365173
0.58;0.5435874462127686;0.12;0.08778244256973267;0.1;0.13168418407440186
0.24;0.24331195652484894;0.3;0.30020567774772644;0.18;0.18420036137104034
0.36;0.37436702847480774;0.3;0.29181981086730957;0.48;0.481804758310318
0.44;0.4428035020828247;0.42;0.4122743606567383;0.16;0.1538701057434082
0.34;0.34018465876579285;0.58;0.5757282972335815;0.38;0.37281349301338196
0.36;0.3589632511138916;0.58;0.5838413238525391;0.48;0.47769245505332947
0.56;0.5659732222557068;0.18;0.17235225439071655;0.4;0.4140739440917969
0.2;0.20946016907691956;0.64;0.6223173141479492;0.18;0.1794130504131317
0.38;0.3894582688808441;0.52;0.5181677937507629;0.46;0.4626839756965637
0.86;0.8579722046852112;0.1;0.11104317009449005;0.4;0.3854331374168396
0.22;0.23589381575584412;0.3;0.23302476108074188;0.1;0.11867843568325043
0.78;0.776185154914856;0.2;0.1708759367465973;0.16;0.1696324199438095
0.36;0.34534308314323425;0.14;0.11957933753728867;0.14;0.1620885282754898
0.38;0.39001139998435974;0.28;0.25305813550949097;0.24;0.2741551399230957
0.24;0.23058770596981049;0.14;0.12330316752195358;0.3;0.31008267402648926
0.66;0.6610454320907593;0.16;0.16512402892112732;0.38;0.3864317238330841
0.72;0.7137433290481567;0.1;0.0907953605055809;0.34;0.3521083891391754
0.46;0.458254337310791;0.48;0.4930248260498047;0.28;0.27132394909858704
0.46;0.45268717408180237;0.36;0.3696516454219818;0.38;0.37612679600715637
0.54;0.5470091104507446;0.32;0.31564709544181824;0.28;0.2794293761253357
0.26;0.2674518823623657;0.14;0.11797293275594711;0.22;0.23257198929786682
0.64;0.6345183253288269;0.24;0.21374686062335968;0.14;0.14352738857269287
0.56;0.5605451464653015;0.1;0.08270994573831558;0.26;0.2722408175468445
0.42;0.4413231313228607;0.4;0.393074631690979;0.4;0.3999551832675934
0.46;0.46501994132995605;0.28;0.27568453550338745;0.36;0.3649529814720154
0.52;0.5295729637145996;0.22;0.20100544393062592;0.18;0.19015979766845703
0.44;0.42087072134017944;0.12;0.10836327075958252;0.22;0.24863258004188538
0.48;0.47671762108802795;0.16;0.17177458107471466;0.44;0.4530807435512543
0.82;0.8162881731987;0.1;0.11554569751024246;0.18;0.16566359996795654
0.4;0.4102085530757904;0.16;0.1672438383102417;0.48;0.4919857978820801
0.2;0.20564477145671844;0.1;0.09237842261791229;0.36;0.3752470910549164
0.14;0.13444794714450836;0.44;0.4233633279800415;0.2;0.20527324080467224
0.16;0.166062131524086;0.36;0.33776628971099854;0.24;0.2519516050815582
0.14;0.1436147838830948;0.72;0.7124307751655579;0.34;0.33962389826774597
0.32;0.2942858934402466;0.66;0.6512953639030457;0.12;0.11545141786336899
0.16;0.16677074134349823;0.66;0.6685412526130676;0.36;0.3588864803314209
0.44;0.43993809819221497;0.5;0.5072317719459534;0.38;0.3728453516960144
0.7;0.6963415741920471;0.28;0.2657763957977295;0.36;0.3576527535915375
0.18;0.1860027313232422;0.4;0.39185014367103577;0.34;0.34878358244895935
0.26;0.27713659405708313;0.4;0.3657272160053253;0.12;0.130610853433609
0.6;0.6013633608818054;0.2;0.19654765725135803;0.34;0.34090524911880493
0.12;0.12298820912837982;0.22;0.19264015555381775;0.5;0.5060526132583618
0.58;0.5884007811546326;0.24;0.22189944982528687;0.12;0.11388631910085678
0.84;0.7914843559265137;0.14;0.10985023528337479;0.12;0.1347629576921463
0.54;0.5495635867118835;0.26;0.24174007773399353;0.24;0.2473510205745697
0.1;0.12416607141494751;0.54;0.5127884149551392;0.38;0.3915397822856903
0.28;0.3098367750644684;0.32;0.24039971828460693;0.16;0.2100658118724823
0.34;0.35380712151527405;0.48;0.4726049602031708;0.38;0.38044995069503784
0.62;0.5889183878898621;0.1;0.09694061428308487;0.28;0.28274697065353394
0.28;0.2775665521621704;0.62;0.6212518811225891;0.42;0.4137873649597168
0.46;0.46204426884651184;0.24;0.2201506644487381;0.16;0.16875116527080536
0.24;0.24346870183944702;0.4;0.397115021944046;0.34;0.3448197841644287
0.14;0.14309345185756683;0.7;0.6792647242546082;0.18;0.17771747708320618
0.22;0.2202860713005066;0.72;0.7184803485870361;0.48;0.476541668176651
0.36;0.3679618239402771;0.4;0.39468562602996826;0.5;0.5054770708084106
0.36;0.35817813873291016;0.5;0.5044471621513367;0.16;0.1534886360168457
0.24;0.2409885823726654;0.36;0.35986194014549255;0.46;0.45673903822898865
0.62;0.6190743446350098;0.26;0.2658347189426422;0.46;0.4512431025505066
0.82;0.8144506812095642;0.12;0.13149899244308472;0.24;0.23758773505687714
0.26;0.27251264452934265;0.64;0.6327083110809326;0.26;0.25739383697509766
0.14;0.13889117538928986;0.38;0.36597612500190735;0.3;0.30444371700286865
0.14;0.13455574214458466;0.32;0.27190908789634705;0.18;0.18750984966754913
0.62;0.6308713555335999;0.3;0.30443570017814636;0.5;0.49699774384498596
0.34;0.35187584161758423;0.4;0.3953843414783478;0.24;0.24341051280498505
0.1;0.11729809641838074;0.54;0.49226441979408264;0.14;0.14806966483592987
0.14;0.14286386966705322;0.66;0.6408865451812744;0.18;0.17987017333507538
0.28;0.26714247465133667;0.1;0.089503213763237;0.22;0.2115432322025299
0.46;0.4611278176307678;0.52;0.5078083276748657;0.34;0.33488336205482483
0.5;0.503972053527832;0.48;0.47398465871810913;0.48;0.47240370512008667
0.14;0.1427212804555893;0.76;0.7513918876647949;0.32;0.3169453740119934
0.12;0.12700234353542328;0.78;0.7661489844322205;0.3;0.2991434633731842
0.26;0.25852739810943604;0.68;0.684325098991394;0.4;0.3960108160972595
0.38;0.3832271993160248;0.48;0.4830867350101471;0.18;0.17492243647575378
0.14;0.14883014559745789;0.58;0.5790536999702454;0.42;0.417382150888443
0.18;0.18097469210624695;0.2;0.18188156187534332;0.36;0.36437079310417175
0.3;0.3089839220046997;0.14;0.11267061531543732;0.4;0.42265447974205017
0.3;0.3058646321296692;0.56;0.5610134601593018;0.5;0.5047527551651001
0.6;0.5887902975082397;0.1;0.10502173751592636;0.2;0.18780681490898132
0.36;0.3661462962627411;0.6;0.5941964983940125;0.36;0.35814571380615234
0.32;0.3176616132259369;0.52;0.526335597038269;0.26;0.257124662399292
0.42;0.43660423159599304;0.2;0.1308882236480713;0.12;0.1658565253019333
0.16;0.16268430650234222;0.18;0.16343575716018677;0.42;0.43630868196487427
0.34;0.34462350606918335;0.3;0.2858508229255676;0.44;0.4495687484741211
0.48;0.4761001467704773;0.44;0.4431281089782715;0.42;0.4137416481971741
0.44;0.44714412093162537;0.48;0.4721660912036896;0.18;0.17160166800022125
0.1;0.11151682585477829;0.78;0.7542546987533569;0.24;0.2428942620754242
0.22;0.22919125854969025;0.62;0.6167899966239929;0.42;0.4174579679965973
0.2;0.2095974236726761;0.44;0.43850958347320557;0.36;0.3591448664665222
0.5;0.49823668599128723;0.48;0.48063862323760986;0.32;0.31338614225387573
0.28;0.2779475748538971;0.1;0.07741144299507141;0.34;0.3327387869358063
0.12;0.12402954697608948;0.48;0.4642995297908783;0.22;0.2224431335926056
0.36;0.3634014427661896;0.62;0.598070502281189;0.22;0.2138773500919342
0.12;0.12639206647872925;0.84;0.809866189956665;0.12;0.11726327985525131
0.18;0.18677881360054016;0.44;0.4334137737751007;0.46;0.4626529812812805
0.18;0.1763022243976593;0.72;0.7135095596313477;0.26;0.25638312101364136
0.4;0.4280262291431427;0.22;0.17177711427211761;0.2;0.24514970183372498
0.2;0.19818834960460663;0.46;0.466738760471344;0.48;0.4703807830810547
0.36;0.35535016655921936;0.56;0.5607807636260986;0.1;0.09189309179782867
0.28;0.287286639213562;0.38;0.36267411708831787;0.28;0.2948775887489319
0.32;0.3272736072540283;0.32;0.3158925175666809;0.5;0.5017253756523132
0.38;0.3840816915035248;0.38;0.3463851511478424;0.14;0.14775283634662628
0.3;0.30557167530059814;0.4;0.3941178023815155;0.32;0.32399794459342957
0.5;0.5104096531867981;0.1;0.08092951029539108;0.5;0.5083019733428955
0.16;0.15529029071331024;0.34;0.2936972379684448;0.14;0.14877799153327942
0.52;0.5252699851989746;0.24;0.21549202501773834;0.14;0.14958253502845764
0.8;0.7978445291519165;0.1;0.0939517617225647;0.32;0.3217405676841736
0.12;0.12417101114988327;0.74;0.7186304330825806;0.2;0.19797952473163605
0.46;0.45408013463020325;0.36;0.36442816257476807;0.34;0.3374902606010437
0.2;0.2056138515472412;0.14;0.1257862150669098;0.32;0.3495588004589081
0.4;0.41735729575157166;0.4;0.3872421383857727;0.3;0.3041546046733856
0.34;0.3566954433917999;0.44;0.4350956082344055;0.42;0.4218374788761139
0.6;0.5920342206954956;0.38;0.37012067437171936;0.24;0.23481062054634094
0.26;0.2683386504650116;0.32;0.2997993230819702;0.34;0.35684818029403687
0.36;0.39526131749153137;0.32;0.2033344805240631;0.1;0.15024973452091217
0.4;0.41767510771751404;0.46;0.44932135939598083;0.14;0.1322208195924759
0.28;0.3088623881340027;0.3;0.24111273884773254;0.12;0.13688257336616516
0.24;0.256448894739151;0.48;0.43291130661964417;0.16;0.1773035079240799
0.2;0.20040977001190186;0.78;0.7755469083786011;0.22;0.2149282693862915
0.12;0.10534026473760605;0.1;0.08629848062992096;0.32;0.3157331943511963
0.66;0.6506129503250122;0.12;0.12031397223472595;0.34;0.3560965061187744
0.56;0.5756406188011169;0.16;0.14604507386684418;0.32;0.3354800343513489
0.1;0.10506768524646759;0.24;0.22034762799739838;0.44;0.45730677247047424
0.54;0.5274516344070435;0.42;0.43793296813964844;0.32;0.3079521358013153
0.16;0.16042061150074005;0.36;0.3337007462978363;0.26;0.2765141725540161
0.48;0.4729400873184204;0.38;0.39286333322525024;0.5;0.4958023428916931
0.24;0.24898351728916168;0.46;0.44236886501312256;0.26;0.26860547065734863
0.46;0.47998347878456116;0.16;0.13265888392925262;0.2;0.23002441227436066
0.28;0.28784480690956116;0.54;0.5369897484779358;0.46;0.4615305960178375
0.46;0.4602997601032257;0.52;0.5059120059013367;0.38;0.3736313581466675
0.4;0.4158289432525635;0.26;0.2458895742893219;0.26;0.278278648853302
0.3;0.30280759930610657;0.14;0.11994773894548416;0.18;0.19151493906974792
0.78;0.7739178538322449;0.2;0.17195849120616913;0.24;0.24499961733818054
0.56;0.5612271428108215;0.16;0.14113661646842957;0.12;0.13852021098136902
0.28;0.2894371747970581;0.26;0.25431641936302185;0.46;0.47314947843551636
0.28;0.2940806448459625;0.22;0.14793850481510162;0.1;0.13314823806285858
0.52;0.5136816501617432;0.16;0.13223755359649658;0.14;0.15939879417419434
0.22;0.22160738706588745;0.32;0.3137574791908264;0.32;0.3297445476055145
0.22;0.22505144774913788;0.52;0.5199025273323059;0.36;0.3634108006954193
0.12;0.12696246802806854;0.76;0.764641523361206;0.5;0.49850043654441833
0.3;0.31116047501564026;0.22;0.1862425059080124;0.12;0.13422153890132904
0.54;0.549554169178009;0.26;0.24529880285263062;0.28;0.2849838435649872
0.54;0.5418797731399536;0.22;0.20360210537910461;0.16;0.17129534482955933
0.42;0.4320957362651825;0.12;0.11295998841524124;0.24;0.2531394958496094
0.6;0.5977158546447754;0.2;0.18543842434883118;0.18;0.18319284915924072
0.48;0.47717639803886414;0.42;0.43202465772628784;0.16;0.1480044424533844
0.24;0.25010693073272705;0.48;0.4496616721153259;0.2;0.2087884396314621
0.36;0.3619190454483032;0.14;0.11485695838928223;0.34;0.35657188296318054
0.32;0.31459808349609375;0.58;0.5770649313926697;0.1;0.09143783897161484
0.2;0.2078281044960022;0.42;0.4233633577823639;0.4;0.3990359306335449
0.84;0.844589352607727;0.14;0.12435286492109299;0.46;0.45956915616989136
0.38;0.3991328477859497;0.42;0.411715030670166;0.22;0.22273623943328857
0.42;0.42395907640457153;0.3;0.2982310354709625;0.4;0.4021017551422119
0.62;0.6206780672073364;0.26;0.22777648270130157;0.12;0.1203443631529808
0.28;0.2787691354751587;0.62;0.6233679056167603;0.44;0.4347965717315674
0.6;0.6033891439437866;0.32;0.3138105869293213;0.14;0.1347552388906479
0.54;0.5378894805908203;0.36;0.3633595108985901;0.4;0.39356186985969543
0.22;0.2248678207397461;0.68;0.6768589019775391;0.32;0.316113144159317
0.46;0.45875465869903564;0.32;0.3206598162651062;0.2;0.2071727216243744
0.22;0.20565469563007355;0.28;0.264364629983902;0.2;0.20057106018066406
0.72;0.7114146947860718;0.2;0.1965542435646057;0.18;0.17930543422698975
0.78;0.7790606021881104;0.12;0.10653170943260193;0.3;0.3047999441623688
0.52;0.5152842402458191;0.36;0.3676460385322571;0.46;0.4560821056365967
0.58;0.6112658977508545;0.24;0.20247706770896912;0.1;0.100411057472229
0.14;0.15452435612678528;0.54;0.5292662382125854;0.38;0.38124674558639526
0.1;0.10320179164409637;0.3;0.286039799451828;0.38;0.3924463391304016
0.54;0.539683997631073;0.38;0.3899722397327423;0.12;0.10939426720142365
0.32;0.3475957214832306;0.38;0.2631250023841858;0.1;0.13892421126365662
0.16;0.16022799909114838;0.78;0.7946287989616394;0.22;0.217909574508667
0.12;0.12880463898181915;0.12;0.11185277998447418;0.34;0.34891700744628906
0.26;0.26644667983055115;0.6;0.6019453406333923;0.46;0.4594143033027649
0.38;0.36756661534309387;0.58;0.5908815860748291;0.14;0.12950852513313293
0.3;0.3201136589050293;0.28;0.204864501953125;0.16;0.21201404929161072
0.44;0.45568132400512695;0.24;0.22705881297588348;0.28;0.2917620837688446
0.48;0.48509880900382996;0.18;0.18276172876358032;0.44;0.4457022547721863
0.56;0.5736182332038879;0.16;0.14827071130275726;0.26;0.2708814740180969
0.58;0.5934760570526123;0.18;0.15204554796218872;0.1;0.11419446766376495
0.28;0.2771424949169159;0.58;0.5776978135108948;0.12;0.11517097800970078
0.28;0.2982299029827118;0.42;0.40655967593193054;0.42;0.4257914125919342
0.26;0.25760847330093384;0.64;0.6413664817810059;0.32;0.3136461675167084
0.16;0.16199126839637756;0.74;0.7326182126998901;0.14;0.13775455951690674
0.12;0.13915888965129852;0.56;0.5051103234291077;0.18;0.19928495585918427
0.62;0.6225700974464417;0.26;0.2607230842113495;0.36;0.35841360688209534
0.14;0.11627846956253052;0.14;0.1366075575351715;0.2;0.21813316643238068
0.18;0.17832082509994507;0.22;0.207598015666008;0.32;0.31869015097618103
0.38;0.37512117624282837;0.44;0.44575080275535583;0.4;0.3959943354129791
0.16;0.17959219217300415;0.56;0.492287278175354;0.14;0.15472514927387238
0.28;0.28764277696609497;0.3;0.2944405674934387;0.4;0.396524578332901
0.68;0.6849363446235657;0.16;0.15371493995189667;0.34;0.35096436738967896
0.12;0.11559010297060013;0.84;0.8565888404846191;0.28;0.2744438946247101
0.4;0.4084313213825226;0.52;0.5149492621421814;0.1;0.09513311088085175
0.32;0.31984272599220276;0.52;0.5183436870574951;0.46;0.4576445519924164
0.28;0.29799240827560425;0.42;0.4070613980293274;0.38;0.3827166259288788
0.74;0.7158583998680115;0.1;0.10264698415994644;0.18;0.1829873025417328
0.38;0.40163326263427734;0.34;0.30146199464797974;0.16;0.17321813106536865
0.4;0.40128058195114136;0.52;0.5219690799713135;0.34;0.33358511328697205
0.42;0.4298411011695862;0.52;0.5213399529457092;0.3;0.2977943420410156
0.1;0.11674243956804276;0.56;0.537712037563324;0.34;0.3520749509334564
0.18;0.1950901448726654;0.62;0.5741551518440247;0.1;0.10896490514278412
0.2;0.20150597393512726;0.1;0.09722505509853363;0.34;0.35339754819869995
0.32;0.33205434679985046;0.4;0.3972909450531006;0.38;0.3794192671775818
0.16;0.17421001195907593;0.64;0.61313796043396;0.16;0.16567811369895935
0.32;0.3254806697368622;0.3;0.28487569093704224;0.26;0.2771756947040558
0.18;0.1824936419725418;0.72;0.7242197394371033;0.4;0.3964613974094391
0.7;0.6963804960250854;0.26;0.26003003120422363;0.4;0.39863330125808716
0.16;0.1681094467639923;0.6;0.5968927145004272;0.28;0.27773618698120117
0.4;0.4076182246208191;0.26;0.21495425701141357;0.2;0.23945817351341248
0.62;0.629768431186676;0.22;0.18780764937400818;0.12;0.12284424155950546
0.52;0.5255910158157349;0.2;0.18104267120361328;0.34;0.35025814175605774
0.72;0.7215198874473572;0.2;0.1834229975938797;0.12;0.12637528777122498
0.24;0.25134190917015076;0.62;0.6172685623168945;0.38;0.3786982595920563
0.44;0.44263437390327454;0.26;0.21087686717510223;0.12;0.13233862817287445
0.2;0.20406895875930786;0.32;0.32020360231399536;0.34;0.3451765477657318
0.3;0.29837408661842346;0.64;0.6498705744743347;0.18;0.1773691475391388
0.38;0.38989150524139404;0.4;0.39662984013557434;0.38;0.38076019287109375
0.28;0.2884509861469269;0.52;0.5265864133834839;0.28;0.2786850333213806
0.26;0.2668156325817108;0.7;0.7021092772483826;0.22;0.21695975959300995
0.16;0.16522613167762756;0.64;0.6332641243934631;0.24;0.24090123176574707
0.54;0.5452107191085815;0.32;0.31696629524230957;0.3;0.3006179630756378
0.24;0.22708716988563538;0.2;0.1828368604183197;0.3;0.31520503759384155
0.14;0.14996609091758728;0.46;0.4382256269454956;0.26;0.2648555338382721
0.16;0.17125917971134186;0.58;0.5379988551139832;0.18;0.187676340341568
0.52;0.5154050588607788;0.46;0.46296393871307373;0.36;0.35118818283081055
0.68;0.6744035482406616;0.22;0.2096143662929535;0.34;0.3421960771083832
0.12;0.12787175178527832;0.56;0.5424712300300598;0.34;0.34946948289871216
0.32;0.31462740898132324;0.12;0.1056608259677887;0.2;0.20724734663963318
0.88;0.872342050075531;0.1;0.10460782796144485;0.32;0.26595109701156616
0.24;0.24788659811019897;0.38;0.36070823669433594;0.22;0.23108310997486115
0.4;0.4189671277999878;0.22;0.19603507220745087;0.48;0.4990420341491699
0.3;0.29711267352104187;0.2;0.19161255657672882;0.4;0.4116274416446686
0.14;0.13893848657608032;0.38;0.3506365120410919;0.18;0.19193658232688904
0.24;0.24804438650608063;0.7;0.7046211957931519;0.38;0.37717556953430176
0.32;0.3272862434387207;0.4;0.3861371874809265;0.28;0.2904023230075836
0.18;0.17838191986083984;0.36;0.37711620330810547;0.46;0.4563317894935608
0.46;0.46692997217178345;0.2;0.18226896226406097;0.26;0.2847135663032532
0.22;0.19698533415794373;0.24;0.19522425532341003;0.12;0.13263538479804993
0.76;0.7506276965141296;0.22;0.19423966109752655;0.22;0.22122344374656677
0.42;0.42083123326301575;0.48;0.47510144114494324;0.1;0.09207891672849655
0.12;0.13496971130371094;0.64;0.5971094369888306;0.16;0.15738016366958618
0.3;0.30292606353759766;0.22;0.2088214010000229;0.5;0.5193926095962524
0.34;0.34930673241615295;0.22;0.20973724126815796;0.3;0.3056361675262451
0.5;0.5020850896835327;0.46;0.4690842628479004;0.38;0.3739689886569977
0.1;0.11129440367221832;0.78;0.7590062618255615;0.28;0.2836456894874573
0.3;0.31141647696495056;0.66;0.6574632525444031;0.28;0.27957940101623535
0.36;0.36610856652259827;0.48;0.47750481963157654;0.38;0.3796079158782959
0.38;0.3935143053531647;0.32;0.3190357983112335;0.48;0.47858697175979614
0.12;0.12188711017370224;0.36;0.3391484320163727;0.46;0.4662333130836487
0.48;0.49783235788345337;0.2;0.17496536672115326;0.14;0.14269013702869415
0.5;0.5081587433815002;0.44;0.43652763962745667;0.1;0.09306873381137848
0.26;0.258440226316452;0.72;0.7121898531913757;0.24;0.2345704585313797
0.48;0.47610026597976685;0.38;0.3854230046272278;0.42;0.4180925488471985
0.7;0.6973808407783508;0.28;0.2581495940685272;0.14;0.13377174735069275
0.18;0.19628745317459106;0.74;0.733934760093689;0.5;0.4974910616874695
0.44;0.4371512830257416;0.34;0.34592142701148987;0.28;0.27560147643089294
0.18;0.18570421636104584;0.36;0.36656877398490906;0.5;0.4968121647834778
0.52;0.5268447995185852;0.24;0.22397136688232422;0.2;0.21205279231071472
0.46;0.4603501856327057;0.4;0.4032595455646515;0.34;0.33757781982421875
0.14;0.14299865067005157;0.72;0.6985828280448914;0.22;0.21879521012306213
0.18;0.18704234063625336;0.62;0.6003333926200867;0.16;0.16123951971530914
0.44;0.438571572303772;0.36;0.36544448137283325;0.34;0.33618077635765076
0.58;0.5784233808517456;0.26;0.2653175890445709;0.3;0.2932378947734833
0.76;0.7586360573768616;0.12;0.10889220237731934;0.14;0.14445030689239502
0.34;0.3489387035369873;0.62;0.611859142780304;0.3;0.30057498812675476
0.5;0.49430638551712036;0.24;0.25748932361602783;0.48;0.47568780183792114
0.22;0.22907567024230957;0.54;0.5329045057296753;0.38;0.3823985457420349
0.4;0.4093573987483978;0.3;0.296927273273468;0.5;0.5018534064292908
0.34;0.35255518555641174;0.58;0.5713290572166443;0.18;0.17991551756858826
0.34;0.3540424108505249;0.2;0.17528629302978516;0.26;0.28162989020347595
0.62;0.6206139326095581;0.22;0.22568432986736298;0.4;0.39532461762428284
0.62;0.6211634278297424;0.36;0.352542519569397;0.32;0.31779155135154724
0.58;0.5843229293823242;0.14;0.130259171128273;0.26;0.27035701274871826
0.7;0.6990898251533508;0.2;0.20092526078224182;0.28;0.28359872102737427
0.46;0.45202258229255676;0.14;0.1248333752155304;0.12;0.14345653355121613
0.16;0.17226649820804596;0.48;0.4565422832965851;0.2;0.2046477049589157
0.46;0.4325130581855774;0.14;0.12994877994060516;0.1;0.1322653889656067
0.64;0.6314102411270142;0.12;0.122822105884552;0.4;0.40951594710350037
0.18;0.19108514487743378;0.42;0.39314430952072144;0.28;0.293346107006073
0.12;0.12246222048997879;0.5;0.47658562660217285;0.22;0.2267170399427414
0.36;0.35958540439605713;0.52;0.5283750295639038;0.48;0.4762859344482422
0.42;0.4130525588989258;0.18;0.13909894227981567;0.16;0.20431160926818848
0.44;0.4606179893016815;0.22;0.17145918309688568;0.14;0.16282537579536438
0.32;0.32765552401542664;0.26;0.25690367817878723;0.46;0.4649585783481598
0.74;0.7275688648223877;0.24;0.22312451899051666;0.2;0.196261927485466
0.38;0.38582685589790344;0.58;0.5734275579452515;0.22;0.21338105201721191
0.48;0.496089369058609;0.38;0.3565653860569;0.1;0.09463419765233994
0.12;0.1586955338716507;0.56;0.43067604303359985;0.1;0.12802448868751526
0.14;0.1508251577615738;0.4;0.38332369923591614;0.5;0.5071329474449158
0.78;0.7754552364349365;0.16;0.15393757820129395;0.3;0.3062763512134552
0.42;0.4228985905647278;0.26;0.254338800907135;0.34;0.3456237316131592
0.56;0.5593264698982239;0.28;0.2837178707122803;0.28;0.2751581072807312
0.22;0.22763170301914215;0.56;0.5504602193832397;0.38;0.3815440833568573
0.18;0.18073953688144684;0.36;0.3609989881515503;0.34;0.3460962474346161
0.44;0.44840091466903687;0.28;0.2714883089065552;0.34;0.3467005789279938
0.74;0.7341062426567078;0.16;0.159688338637352;0.48;0.47407928109169006
0.1;0.10364232212305069;0.28;0.27657923102378845;0.4;0.3996269106864929
0.44;0.44149476289749146;0.22;0.19935159385204315;0.26;0.2849740982055664
0.26;0.26830270886421204;0.5;0.49764543771743774;0.32;0.32049790024757385
0.52;0.5220757126808167;0.34;0.32744795083999634;0.12;0.1109352856874466
0.64;0.6281623840332031;0.28;0.28130412101745605;0.26;0.2572902739048004
0.52;0.5129047632217407;0.38;0.38106077909469604;0.32;0.3167877793312073
0.32;0.32893794775009155;0.38;0.37662479281425476;0.34;0.34194713830947876
0.28;0.2846492528915405;0.6;0.5923900604248047;0.3;0.2999882698059082
0.56;0.5534892678260803;0.4;0.39706671237945557;0.2;0.1931232362985611
0.22;0.2265334129333496;0.58;0.5772728323936462;0.42;0.41924160718917847
0.24;0.23853929340839386;0.28;0.287780225276947;0.44;0.43701472878456116
0.78;0.7747662663459778;0.12;0.11977841705083847;0.44;0.4467291831970215
0.3;0.3233199119567871;0.28;0.1865779459476471;0.1;0.14393174648284912
0.4;0.3978729248046875;0.1;0.13302090764045715;0.18;0.15190735459327698
0.1;0.10701014846563339;0.18;0.17156550288200378;0.28;0.28918251395225525
0.62;0.6544718742370605;0.1;0.07128400355577469;0.5;0.5285854935646057
0.56;0.562737762928009;0.42;0.4126685857772827;0.5;0.4915006756782532
0.34;0.3504007160663605;0.6;0.5973231792449951;0.36;0.35725468397140503
0.74;0.7438116073608398;0.18;0.15637314319610596;0.12;0.12896135449409485
0.76;0.752758800983429;0.12;0.11503888666629791;0.16;0.16540232300758362
0.18;0.1881902813911438;0.48;0.45991116762161255;0.24;0.24299247562885284
0.64;0.6474777460098267;0.2;0.20035669207572937;0.44;0.4366196095943451
0.38;0.3484971523284912;0.1;0.09663985669612885;0.18;0.1764022409915924
0.24;0.2474338561296463;0.64;0.6315224170684814;0.2;0.19973227381706238
0.34;0.37995481491088867;0.5;0.45553237199783325;0.1;0.09985611587762833
0.12;0.12315019220113754;0.74;0.739368200302124;0.48;0.47796377539634705
0.52;0.5276374816894531;0.28;0.2825098931789398;0.5;0.49753132462501526
0.38;0.3812343180179596;0.5;0.5024270415306091;0.42;0.4166494905948639
0.36;0.363695353269577;0.14;0.11960509419441223;0.32;0.3303806781768799
0.26;0.2896229028701782;0.4;0.31875646114349365;0.14;0.1856672763824463
0.26;0.26901552081108093;0.7;0.7042441964149475;0.26;0.25675255060195923
0.22;0.23131072521209717;0.5;0.5012204051017761;0.46;0.46034106612205505
0.34;0.3553638756275177;0.12;0.10021217167377472;0.46;0.4841153621673584
0.56;0.5631358027458191;0.22;0.20338013768196106;0.36;0.3668477237224579
0.26;0.26713359355926514;0.72;0.7056955695152283;0.22;0.21719388663768768
0.5;0.5211562514305115;0.14;0.12178482860326767;0.4;0.42246562242507935
0.3;0.30297401547431946;0.62;0.6197927594184875;0.48;0.4788896441459656
0.34;0.3494829535484314;0.3;0.28802064061164856;0.48;0.4866616129875183
0.5;0.5082017779350281;0.28;0.26561763882637024;0.14;0.13951097428798676
0.22;0.2284490317106247;0.4;0.3752880096435547;0.24;0.2542734146118164
0.32;0.3192146122455597;0.52;0.5191145539283752;0.48;0.47885018587112427
0.66;0.6502601504325867;0.3;0.301839679479599;0.32;0.31369972229003906
0.14;0.15101788938045502;0.52;0.5059036016464233;0.34;0.34690383076667786
0.16;0.16842998564243317;0.36;0.354618102312088;0.5;0.5023137927055359
0.54;0.5362369418144226;0.14;0.12124282121658325;0.26;0.28111952543258667
0.14;0.14696279168128967;0.7;0.6895213723182678;0.38;0.37893980741500854
0.2;0.2014465034008026;0.54;0.5257924795150757;0.2;0.1973152905702591
0.34;0.34097108244895935;0.28;0.26419323682785034;0.34;0.3544631898403168
0.52;0.5141130089759827;0.16;0.15014097094535828;0.32;0.33754613995552063
0.22;0.22984300553798676;0.46;0.45063289999961853;0.42;0.42025765776634216
0.58;0.583160936832428;0.2;0.18597090244293213;0.38;0.3845345377922058
0.5;0.5067835450172424;0.24;0.2279752790927887;0.22;0.22433283925056458
0.26;0.23911383748054504;0.2;0.1862533539533615;0.26;0.2709606885910034
0.48;0.47567084431648254;0.26;0.27024897933006287;0.42;0.4195927083492279
0.14;0.14663998782634735;0.7;0.6732856631278992;0.22;0.22276052832603455
0.28;0.2793424427509308;0.68;0.6747954487800598;0.48;0.479747474193573
0.64;0.6312259435653687;0.26;0.2577671408653259;0.3;0.29883450269699097
0.16;0.1658407598733902;0.34;0.3329494893550873;0.44;0.4418920576572418
0.44;0.45849260687828064;0.22;0.19381850957870483;0.24;0.26317110657691956
0.68;0.6794979572296143;0.14;0.13043111562728882;0.24;0.25665491819381714
0.36;0.37318143248558044;0.34;0.3223416209220886;0.24;0.2545042037963867
0.48;0.47802650928497314;0.24;0.24111443758010864;0.32;0.32298046350479126
0.14;0.14301501214504242;0.62;0.621113121509552;0.44;0.43303385376930237
0.26;0.2613195776939392;0.38;0.37465521693229675;0.34;0.35038477182388306
0.5;0.4974701702594757;0.32;0.3227986693382263;0.42;0.42172589898109436
0.44;0.4635063111782074;0.24;0.2171686738729477;0.24;0.2553125321865082
0.12;0.1381668746471405;0.48;0.4649469256401062;0.38;0.38828104734420776
0.6;0.6005106568336487;0.24;0.24498051404953003;0.42;0.41983336210250854
0.74;0.7373043298721313;0.2;0.1883971095085144;0.14;0.14435364305973053
0.7;0.6914649605751038;0.22;0.21601693332195282;0.38;0.3803855776786804
0.52;0.5157092809677124;0.34;0.34749138355255127;0.42;0.41570407152175903
0.4;0.378678560256958;0.1;0.12796589732170105;0.16;0.14588701725006104
0.3;0.30398088693618774;0.22;0.18709471821784973;0.34;0.37196865677833557
0.66;0.6501607298851013;0.14;0.14768093824386597;0.38;0.3904629945755005
0.32;0.3331047594547272;0.66;0.6245225667953491;0.14;0.1377715766429901
0.36;0.3578275144100189;0.6;0.6017508506774902;0.26;0.2553739547729492
0.2;0.20859110355377197;0.34;0.2751602828502655;0.1;0.11558826267719269
0.16;0.16618655622005463;0.58;0.5335036516189575;0.2;0.2087700068950653
0.14;0.13392020761966705;0.74;0.7234945297241211;0.16;0.15304572880268097
0.7;0.691826581954956;0.18;0.1797531545162201;0.32;0.3214462399482727
0.44;0.4445725977420807;0.38;0.3840373754501343;0.38;0.37530434131622314
0.7;0.6995815634727478;0.28;0.27194973826408386;0.46;0.4577823281288147
0.6;0.607304573059082;0.26;0.2642894685268402;0.36;0.35455143451690674
0.28;0.2680481970310211;0.68;0.6820467114448547;0.14;0.13619466125965118
0.3;0.3065637946128845;0.1;0.08835739642381668;0.28;0.2619122862815857
0.1;0.10309644043445587;0.76;0.7530402541160583;0.2;0.1940591037273407
0.66;0.6695460677146912;0.2;0.19626536965370178;0.48;0.47692885994911194
0.22;0.21960438787937164;0.46;0.4554647207260132;0.26;0.26424217224121094
0.68;0.6740216612815857;0.22;0.21281751990318298;0.38;0.37843143939971924
0.26;0.2540138065814972;0.26;0.24467386305332184;0.18;0.19893285632133484
0.4;0.3986061215400696;0.5;0.5039507746696472;0.16;0.14931532740592957
0.42;0.4173659086227417;0.22;0.20138594508171082;0.34;0.35920533537864685
0.42;0.4232802391052246;0.3;0.2666340470314026;0.18;0.19232170283794403
0.3;0.3203955590724945;0.28;0.19605056941509247;0.12;0.1652916967868805
0.22;0.22655931115150452;0.56;0.5543867349624634;0.44;0.4400296211242676
0.16;0.1733190417289734;0.5;0.48469963669776917;0.2;0.2022899091243744
0.68;0.6847481727600098;0.28;0.2620270252227783;0.12;0.1181630864739418
0.26;0.2723720073699951;0.38;0.36242857575416565;0.2;0.21097739040851593
0.36;0.3598109781742096;0.54;0.5425584316253662;0.16;0.15322433412075043
0.6;0.6052663922309875;0.26;0.26431792974472046;0.38;0.37435224652290344
0.3;0.3051242530345917;0.1;0.08370482176542282;0.36;0.3550187051296234
0.1;0.11662321537733078;0.18;0.1646994799375534;0.24;0.2540302872657776
0.18;0.18517233431339264;0.58;0.5857922434806824;0.42;0.42044368386268616
0.16;0.15867292881011963;0.4;0.3834865093231201;0.22;0.23010054230690002
0.32;0.31853172183036804;0.52;0.5209799408912659;0.5;0.5004974007606506
0.12;0.1334189772605896;0.58;0.5697291493415833;0.5;0.5043236613273621
0.2;0.2034561038017273;0.46;0.45939603447914124;0.4;0.39615628123283386
0.24;0.2662433385848999;0.26;0.1853533685207367;0.1;0.12650081515312195
0.16;0.15930010378360748;0.28;0.27774155139923096;0.38;0.3858092427253723
0.38;0.38619765639305115;0.38;0.3771184980869293;0.44;0.43862971663475037
0.24;0.24477776885032654;0.72;0.7230904698371887;0.32;0.3177858591079712
0.32;0.32536643743515015;0.4;0.39770451188087463;0.4;0.3983157277107239
0.34;0.3494751751422882;0.38;0.3759656548500061;0.48;0.4794135093688965
0.36;0.36461085081100464;0.46;0.46075546741485596;0.26;0.25770336389541626
0.34;0.34204575419425964;0.62;0.618678092956543;0.38;0.3740386366844177
0.14;0.1517494022846222;0.52;0.505808413028717;0.3;0.3060287833213806
0.58;0.566249668598175;0.38;0.3908197283744812;0.42;0.4106000065803528
0.12;0.13181599974632263;0.46;0.4491908550262451;0.38;0.38748699426651
0.18;0.18411006033420563;0.4;0.3985203206539154;0.44;0.4443770945072174
0.32;0.3234644830226898;0.54;0.539557933807373;0.34;0.3352855443954468
0.12;0.12834544479846954;0.74;0.7295324802398682;0.32;0.3209424614906311
0.2;0.21550898253917694;0.38;0.3315177261829376;0.18;0.209809809923172
0.26;0.22856922447681427;0.68;0.7154932618141174;0.12;0.11329207569360733
0.16;0.16506490111351013;0.22;0.1954507827758789;0.3;0.31246334314346313
0.14;0.15124045312404633;0.46;0.4245600700378418;0.16;0.16771602630615234
0.26;0.27157554030418396;0.34;0.3159255385398865;0.5;0.5188085436820984
0.34;0.3438549339771271;0.12;0.10672639310359955;0.4;0.4124436378479004
0.28;0.28877705335617065;0.68;0.6834985613822937;0.24;0.23653897643089294
0.24;0.23017923533916473;0.16;0.1454547494649887;0.32;0.3322063982486725
0.22;0.22520732879638672;0.2;0.17584726214408875;0.5;0.5133455991744995
0.12;0.12554116547107697;0.84;0.7832996845245361;0.1;0.10242518037557602
0.64;0.6424621343612671;0.3;0.2969697415828705;0.16;0.15813082456588745
0.52;0.515194833278656;0.14;0.11671487987041473;0.16;0.17585305869579315
0.32;0.3211541473865509;0.26;0.253526896238327;0.38;0.3928220272064209
0.54;0.5574137568473816;0.12;0.10278233140707016;0.48;0.5027717351913452
0.56;0.5820654630661011;0.12;0.10783872753381729;0.44;0.4571476876735687
0.16;0.16163970530033112;0.76;0.762151837348938;0.18;0.18047818541526794
0.28;0.2800925374031067;0.14;0.10400930047035217;0.38;0.4007781147956848
0.14;0.14796818792819977;0.42;0.4189462959766388;0.4;0.404945433139801
0.32;0.3465120494365692;0.3;0.23455123603343964;0.14;0.17970749735832214
0.28;0.2781752049922943;0.22;0.2301119863986969;0.3;0.3016001582145691
0.54;0.5426936149597168;0.38;0.378765344619751;0.3;0.29429861903190613
0.1;0.09379712492227554;0.16;0.16561195254325867;0.38;0.3836899399757385
0.34;0.339898943901062;0.18;0.1711449772119522;0.36;0.36497077345848083
0.34;0.3437425196170807;0.24;0.22474084794521332;0.28;0.2959771156311035
0.36;0.3676393926143646;0.18;0.1380818784236908;0.16;0.19833548367023468
0.28;0.29424044489860535;0.24;0.21877169609069824;0.5;0.5196579098701477
0.86;0.8155806660652161;0.12;0.10823667049407959;0.16;0.15547676384449005
0.32;0.33346328139305115;0.52;0.513185441493988;0.22;0.21923275291919708
0.24;0.2410900741815567;0.6;0.5941604375839233;0.24;0.24213507771492004
0.4;0.41725170612335205;0.5;0.48210129141807556;0.18;0.17715048789978027
0.6;0.5726078748703003;0.1;0.10021250694990158;0.16;0.15478499233722687
0.44;0.4324071407318115;0.1;0.08999039977788925;0.18;0.19473199546337128
0.7;0.7016987204551697;0.26;0.2621224820613861;0.3;0.29575011134147644
0.3;0.3022044599056244;0.54;0.545130729675293;0.38;0.3775906562805176
0.46;0.46888962388038635;0.28;0.27242428064346313;0.32;0.32588061690330505
0.16;0.16887961328029633;0.66;0.6634151935577393;0.34;0.3395727872848511
0.18;0.19393295049667358;0.66;0.6199124455451965;0.12;0.1278102844953537
0.74;0.7328555583953857;0.2;0.21296298503875732;0.46;0.4546511769294739
0.1;0.1040530651807785;0.68;0.6834886074066162;0.28;0.28016674518585205
0.12;0.11110391467809677;0.3;0.2722989618778229;0.24;0.24724702537059784
0.32;0.32289376854896545;0.64;0.6425341367721558;0.22;0.21864628791809082
0.64;0.6522428393363953;0.14;0.12532347440719604;0.14;0.15510840713977814
0.42;0.4331285059452057;0.42;0.41935086250305176;0.4;0.3953600227832794
0.32;0.3218762278556824;0.62;0.6225970983505249;0.18;0.17732632160186768
0.3;0.3103869557380676;0.16;0.1216777041554451;0.22;0.2431248426437378
0.1;0.11274533718824387;0.64;0.6284380555152893;0.32;0.3248380422592163
0.5;0.5073659420013428;0.18;0.17824524641036987;0.46;0.4633520245552063
0.22;0.21150773763656616;0.26;0.24012541770935059;0.24;0.23859600722789764
0.62;0.6248530149459839;0.12;0.11414016783237457;0.2;0.20520181953907013
0.18;0.17639292776584625;0.28;0.24470563232898712;0.24;0.2478332817554474
0.52;0.5124416351318359;0.3;0.30972057580947876;0.4;0.3969118595123291
0.3;0.31315451860427856;0.64;0.641833484172821;0.32;0.31799250841140747
0.56;0.5765625834465027;0.34;0.31264710426330566;0.1;0.09529087692499161
0.24;0.2291812002658844;0.12;0.11806643754243851;0.46;0.4788474142551422
0.66;0.6755310893058777;0.2;0.1575920134782791;0.1;0.1112990751862526
0.68;0.6938762664794922;0.16;0.15746669471263885;0.44;0.44891786575317383
0.36;0.3820294439792633;0.34;0.29519322514533997;0.14;0.16037146747112274
0.18;0.18663981556892395;0.56;0.5565526485443115;0.36;0.3662526309490204
0.2;0.20694774389266968;0.68;0.6739399433135986;0.5;0.5004631876945496
0.32;0.33005303144454956;0.48;0.4654536247253418;0.16;0.16060857474803925
0.48;0.4691862463951111;0.36;0.37172752618789673;0.26;0.2554996907711029
0.36;0.3729827404022217;0.48;0.4603642225265503;0.1;0.0942191556096077
0.5;0.5035693645477295;0.26;0.24467593431472778;0.14;0.143545463681221
0.44;0.4400835633277893;0.42;0.42050793766975403;0.44;0.4354397654533386
0.16;0.16087840497493744;0.26;0.22744037210941315;0.18;0.18591956794261932
0.22;0.22577491402626038;0.72;0.7281831502914429;0.3;0.29889601469039917
0.3;0.31122881174087524;0.44;0.43909013271331787;0.36;0.3560701012611389
0.18;0.18230247497558594;0.16;0.1459663361310959;0.38;0.3973560333251953
0.24;0.2293415516614914;0.22;0.2044955939054489;0.2;0.2060891091823578
0.14;0.1488414853811264;0.48;0.45674389600753784;0.22;0.22079896926879883
0.16;0.17264868319034576;0.62;0.6172868013381958;0.34;0.3385273218154907
0.56;0.5492944121360779;0.4;0.404715895652771;0.38;0.3705679774284363
0.22;0.19241763651371002;0.2;0.16969914734363556;0.12;0.12701687216758728
0.52;0.5313370823860168;0.14;0.12610644102096558;0.42;0.43957871198654175
0.14;0.13756196200847626;0.26;0.2400369495153427;0.22;0.22131744027137756
0.82;0.824720561504364;0.14;0.13428761065006256;0.34;0.34340453147888184
0.14;0.15344560146331787;0.5;0.46420663595199585;0.14;0.14895184338092804
0.34;0.35213765501976013;0.34;0.33926987648010254;0.44;0.4299758970737457
0.54;0.503246545791626;0.1;0.08843407779932022;0.28;0.2996896505355835
0.1;0.13373994827270508;0.7;0.6059072613716125;0.14;0.14543278515338898
0.26;0.26172780990600586;0.4;0.39172613620758057;0.4;0.4039708077907562
0.18;0.18503110110759735;0.62;0.6154150366783142;0.28;0.2822486460208893
0.3;0.3052869737148285;0.6;0.5907700061798096;0.3;0.29495006799697876
0.14;0.13710223138332367;0.36;0.3355199992656708;0.32;0.3306035101413727
0.22;0.23714758455753326;0.42;0.35930296778678894;0.18;0.21641910076141357
0.16;0.16505111753940582;0.76;0.7686579823493958;0.28;0.2741428315639496
0.6;0.5947155356407166;0.18;0.17974825203418732;0.26;0.27134719491004944
0.74;0.7394425868988037;0.22;0.21505983173847198;0.28;0.27482694387435913
0.18;0.1849702000617981;0.4;0.3974973261356354;0.4;0.40473467111587524
0.32;0.32937005162239075;0.26;0.24405993521213531;0.26;0.2700173854827881
0.28;0.28701409697532654;0.38;0.37441474199295044;0.34;0.34187254309654236
0.26;0.25966957211494446;0.7;0.7025415301322937;0.4;0.3970974385738373
0.34;0.3542323112487793;0.36;0.34027498960494995;0.22;0.23139724135398865
0.52;0.5238739252090454;0.24;0.2354269027709961;0.48;0.4801274836063385
0.2;0.1987031102180481;0.72;0.7329556345939636;0.16;0.15677881240844727
0.66;0.6572433114051819;0.26;0.2535460591316223;0.38;0.3770989179611206
0.22;0.2386198788881302;0.38;0.3261162042617798;0.16;0.1911483108997345
0.46;0.4738365411758423;0.12;0.11142630130052567;0.5;0.5149624347686768
0.34;0.34571993350982666;0.54;0.5359698534011841;0.28;0.2760971784591675
0.42;0.42168018221855164;0.2;0.18141277134418488;0.36;0.37830719351768494
0.22;0.22588855028152466;0.6;0.5982072353363037;0.32;0.3191712498664856
0.5;0.5006491541862488;0.48;0.46558305621147156;0.22;0.2108742743730545
0.8;0.8030044436454773;0.16;0.14535284042358398;0.16;0.169249027967453
0.32;0.3267972767353058;0.12;0.09148584306240082;0.44;0.4646337628364563
0.16;0.15845894813537598;0.8;0.8062599301338196;0.16;0.15725107491016388
0.4;0.4032074809074402;0.16;0.13628631830215454;0.28;0.31657591462135315
0.12;0.12159568816423416;0.32;0.3141094148159027;0.44;0.4358416497707367
0.28;0.2753598988056183;0.48;0.47786471247673035;0.22;0.21964406967163086
