l1_test;l1_pred;l2_test;l2_pred;beta_test;beta_pred;
0.24;0.38006332516670227;0.1;0.315716952085495;0.3;0.24102680385112762
0.2;0.3507959246635437;0.64;0.39385005831718445;0.22;0.31547659635543823
0.7;0.4601095914840698;0.12;0.3281758725643158;0.32;0.2773420214653015
0.66;0.27858152985572815;0.22;0.5224172472953796;0.34;0.2593248784542084
0.34;0.2227858155965805;0.62;0.6698089838027954;0.5;0.46836742758750916
0.3;0.24368198215961456;0.66;0.3194078505039215;0.12;0.3037257194519043
0.38;0.6216865181922913;0.1;0.1740892231464386;0.26;0.22237858176231384
0.24;0.2269090861082077;0.74;0.6407914161682129;0.26;0.3621053099632263
0.46;0.4336853325366974;0.42;0.37390390038490295;0.32;0.31105419993400574
0.52;0.4989457130432129;0.28;0.32895585894584656;0.42;0.3181718587875366
0.68;0.2775132954120636;0.24;0.4903515577316284;0.4;0.21237830817699432
0.42;0.23372197151184082;0.52;0.5568491816520691;0.36;0.40608900785446167
0.68;0.6384875774383545;0.26;0.1991628110408783;0.32;0.34128400683403015
0.24;0.24939531087875366;0.68;0.6105145812034607;0.36;0.4296821653842926
0.36;0.2829805314540863;0.38;0.3148500919342041;0.2;0.22300973534584045
0.18;0.3337521553039551;0.18;0.21440094709396362;0.32;0.31210047006607056
0.1;0.6148010492324829;0.52;0.14814642071723938;0.1;0.2526935935020447
0.1;0.2003391683101654;0.7;0.5913615822792053;0.28;0.3884752094745636
0.58;0.28137633204460144;0.24;0.431634783744812;0.4;0.3675581216812134
0.34;0.25659340620040894;0.32;0.44595015048980713;0.34;0.343593955039978
0.3;0.3637264370918274;0.58;0.31207725405693054;0.18;0.2688222825527191
0.26;0.3957129418849945;0.34;0.23112483322620392;0.18;0.28958362340927124
0.5;0.42235612869262695;0.16;0.21669305860996246;0.32;0.2131238728761673
0.32;0.3628576397895813;0.38;0.39634957909584045;0.46;0.47508859634399414
0.1;0.405989408493042;0.38;0.22520297765731812;0.2;0.2545936107635498
0.66;0.5804551839828491;0.32;0.28923937678337097;0.38;0.3821972608566284
0.46;0.39982545375823975;0.2;0.34906643629074097;0.46;0.31116437911987305
0.52;0.39317768812179565;0.36;0.47149404883384705;0.36;0.3228251039981842
0.36;0.36618804931640625;0.22;0.37029215693473816;0.4;0.30201852321624756
0.14;0.35600340366363525;0.76;0.44174930453300476;0.16;0.316328227519989
0.12;0.12501752376556396;0.52;0.4565123915672302;0.36;0.3650384247303009
0.24;0.37881895899772644;0.34;0.3417479395866394;0.48;0.35808682441711426
0.36;0.3522104024887085;0.56;0.5225940942764282;0.46;0.5019829273223877
0.18;0.46049240231513977;0.2;0.4198853373527527;0.34;0.33074116706848145
0.82;0.5207524299621582;0.1;0.33215638995170593;0.38;0.2144862711429596
0.16;0.452222615480423;0.66;0.2321310192346573;0.12;0.25128039717674255
0.24;0.3717968165874481;0.66;0.42512717843055725;0.2;0.34259042143821716
0.42;0.42299315333366394;0.24;0.27490007877349854;0.18;0.2458745241165161
0.4;0.3061750829219818;0.54;0.6090238690376282;0.48;0.44883766770362854
0.28;0.35357657074928284;0.32;0.26838159561157227;0.2;0.2145247757434845
0.22;0.28901025652885437;0.74;0.49375271797180176;0.32;0.43252983689308167
0.5;0.43721437454223633;0.48;0.2857186496257782;0.12;0.2895120680332184
0.76;0.4564705193042755;0.14;0.23764413595199585;0.24;0.22164516150951385
0.38;0.3797054886817932;0.18;0.2243044078350067;0.3;0.35285109281539917
0.1;0.1096588745713234;0.58;0.6020476818084717;0.5;0.4944935739040375
0.86;0.2886962294578552;0.1;0.2941519021987915;0.14;0.23694828152656555
0.4;0.4069741368293762;0.58;0.38178956508636475;0.22;0.3092806935310364
0.12;0.027192676439881325;0.34;0.49163469672203064;0.5;0.36527925729751587
0.14;0.18899475038051605;0.52;0.6174713373184204;0.44;0.4515663683414459
0.34;0.4345596134662628;0.16;0.2741926610469818;0.36;0.28090453147888184
0.46;0.5178003311157227;0.34;0.21138669550418854;0.16;0.223603755235672
0.2;0.7028412818908691;0.38;0.18094708025455475;0.22;0.4072728157043457
0.48;0.1951562613248825;0.48;0.5916946530342102;0.5;0.46503934264183044
0.16;0.36788299679756165;0.28;0.30089524388313293;0.24;0.23884601891040802
0.12;0.31857576966285706;0.64;0.4878727197647095;0.36;0.41918498277664185
0.2;0.5060825943946838;0.4;0.259976863861084;0.26;0.3392432928085327
0.36;0.4534928798675537;0.4;0.28006666898727417;0.38;0.4181603789329529
0.64;0.45782747864723206;0.22;0.25973111391067505;0.12;0.22229333221912384
0.56;0.4657016098499298;0.26;0.26627641916275024;0.3;0.30451884865760803
0.24;0.426268994808197;0.3;0.2204079031944275;0.12;0.27863818407058716
0.3;0.554483950138092;0.5;0.13954056799411774;0.14;0.2608828842639923
0.6;0.3339381814002991;0.36;0.3735800087451935;0.26;0.3282802700996399
0.6;0.4572351276874542;0.28;0.1346651315689087;0.16;0.2449694573879242
0.18;0.338529497385025;0.34;0.3085606098175049;0.24;0.3389001488685608
0.12;0.2753123939037323;0.56;0.38888317346572876;0.16;0.3112240731716156
0.28;0.17358042299747467;0.54;0.6368057727813721;0.48;0.41819554567337036
0.52;0.335822194814682;0.12;0.28850021958351135;0.4;0.2724485993385315
0.16;0.3547057509422302;0.8;0.4672003984451294;0.24;0.3433545231819153
0.76;0.3983185589313507;0.2;0.32399699091911316;0.16;0.2716479003429413
0.54;0.39092475175857544;0.42;0.2544077932834625;0.18;0.19296978414058685
0.14;0.4242134690284729;0.26;0.2227039933204651;0.14;0.2588006854057312
0.56;0.46756768226623535;0.3;0.13855089247226715;0.14;0.23282858729362488
0.24;0.22093923389911652;0.54;0.16018208861351013;0.12;0.33781102299690247
0.12;0.2638545632362366;0.2;0.1996421217918396;0.24;0.3768352270126343
0.4;0.24527107179164886;0.52;0.4748261570930481;0.36;0.45042362809181213
0.44;0.41891026496887207;0.24;0.23319607973098755;0.22;0.2400560826063156
0.28;0.20139846205711365;0.66;0.6793299317359924;0.46;0.5086009502410889
0.38;0.31082960963249207;0.54;0.43790626525878906;0.24;0.3279644548892975
0.22;0.4676980972290039;0.46;0.23951086401939392;0.2;0.21473439037799835
0.6;0.35932114720344543;0.3;0.40347540378570557;0.48;0.41445836424827576
0.18;0.31041261553764343;0.58;0.4112270474433899;0.34;0.494493305683136
0.48;0.5768212676048279;0.36;0.2690179646015167;0.34;0.33738794922828674
0.12;0.22378523647785187;0.58;0.5627768039703369;0.36;0.32378438115119934
0.4;0.40319791436195374;0.36;0.40648242831230164;0.3;0.35317325592041016
0.52;0.43812957406044006;0.1;0.16385836899280548;0.22;0.12170441448688507
0.6;0.5571436882019043;0.34;0.4134921133518219;0.38;0.33060112595558167
0.1;0.2100350260734558;0.16;0.38978448510169983;0.4;0.23033300042152405
0.52;0.23298503458499908;0.44;0.5051395893096924;0.44;0.30130165815353394
0.46;0.4294395446777344;0.38;0.3662412166595459;0.26;0.30059781670570374
0.3;0.34480828046798706;0.18;0.2164085954427719;0.12;0.19023267924785614
0.18;0.32697147130966187;0.14;0.30009037256240845;0.5;0.269231379032135
0.5;0.38513898849487305;0.12;0.25011005997657776;0.32;0.24901017546653748
0.18;0.38975781202316284;0.5;0.4241282343864441;0.28;0.2525594234466553
0.12;0.42826199531555176;0.16;0.2260039895772934;0.18;0.2650485634803772
0.5;0.30574992299079895;0.46;0.6093124151229858;0.5;0.46540871262550354
0.34;0.3770137131214142;0.56;0.4306359887123108;0.34;0.4446919560432434
0.26;0.3223639726638794;0.32;0.3356373906135559;0.28;0.3117469251155853
0.44;0.5179943442344666;0.32;0.21325239539146423;0.12;0.16338281333446503
0.3;0.4926961362361908;0.24;0.18126653134822845;0.22;0.2087659388780594
0.62;0.41600745916366577;0.28;0.21805359423160553;0.24;0.24839060008525848
0.52;0.5833888053894043;0.44;0.23967966437339783;0.3;0.40315112471580505
0.44;0.45979374647140503;0.36;0.2671118676662445;0.24;0.34664884209632874
0.16;0.19949853420257568;0.78;0.7153842449188232;0.42;0.4296666085720062
0.2;0.23760618269443512;0.52;0.32173919677734375;0.32;0.41659122705459595
0.8;0.38137707114219666;0.16;0.2958125174045563;0.44;0.2724517285823822
0.16;0.34793728590011597;0.36;0.2665538489818573;0.18;0.22371110320091248
0.36;0.2086513340473175;0.46;0.6195242404937744;0.32;0.3065216541290283
0.26;0.20686131715774536;0.66;0.6876665353775024;0.46;0.48191899061203003
0.26;0.2972094714641571;0.72;0.3532818555831909;0.14;0.2999400496482849
0.12;0.26269787549972534;0.3;0.3040982782840729;0.34;0.318538099527359
0.12;0.3081449270248413;0.7;0.4565824270248413;0.24;0.34291356801986694
0.16;0.12417636066675186;0.5;0.5584444403648376;0.28;0.3238850235939026
0.1;0.15058590471744537;0.38;0.45716699957847595;0.24;0.2767608165740967
0.22;0.3853766918182373;0.74;0.30957040190696716;0.1;0.28764694929122925
0.54;0.4172781705856323;0.2;0.3646455705165863;0.5;0.36308032274246216
0.16;0.24547675251960754;0.24;0.34903883934020996;0.32;0.23597586154937744
0.4;0.4356870949268341;0.3;0.2680134177207947;0.26;0.238782599568367
0.14;0.4178065061569214;0.1;0.11458820849657059;0.22;0.19542530179023743
0.38;0.19586481153964996;0.4;0.5857158899307251;0.44;0.36084240674972534
0.18;0.45976021885871887;0.6;0.26486673951148987;0.1;0.21276089549064636
0.36;0.4838719367980957;0.4;0.17235077917575836;0.1;0.21277472376823425
0.18;0.21668653190135956;0.62;0.5676205158233643;0.38;0.3810602128505707
0.2;0.3751853108406067;0.22;0.3026275634765625;0.34;0.2459333837032318
0.38;0.45603692531585693;0.22;0.3636689782142639;0.16;0.23722629249095917
0.1;0.18812347948551178;0.8;0.4566952884197235;0.3;0.4330415725708008
0.12;0.3772905170917511;0.14;0.2812980115413666;0.4;0.1656402200460434
0.12;0.4898017644882202;0.12;0.11694642156362534;0.12;0.1874953657388687
0.32;0.19088760018348694;0.34;0.45622023940086365;0.2;0.256456583738327
0.66;0.4462153911590576;0.2;0.3119029998779297;0.46;0.3230849504470825
0.2;0.2689179480075836;0.66;0.5573678016662598;0.34;0.4626491963863373
0.26;0.3731746971607208;0.56;0.40525850653648376;0.38;0.4706513285636902
0.56;0.3285960257053375;0.38;0.2648700475692749;0.2;0.3897482752799988
0.34;0.5115169882774353;0.24;0.08367379754781723;0.1;0.245526522397995
0.36;0.3738563060760498;0.3;0.20217853784561157;0.22;0.23941893875598907
0.3;0.39664775133132935;0.66;0.37768250703811646;0.34;0.49707841873168945
0.28;0.35495343804359436;0.14;0.2208889275789261;0.26;0.18178024888038635
0.12;0.3582618832588196;0.1;0.28507140278816223;0.42;0.2048102617263794
0.16;0.30121058225631714;0.26;0.3676777780056;0.44;0.32055526971817017
0.62;0.29056602716445923;0.22;0.31979289650917053;0.36;0.2305830419063568
0.6;0.5166980624198914;0.36;0.37962666153907776;0.36;0.3797159194946289
0.24;0.2072838991880417;0.7;0.5346428751945496;0.24;0.36450809240341187
0.1;0.14199061691761017;0.56;0.4984435737133026;0.5;0.5173543691635132
0.2;0.1789686679840088;0.38;0.41756051778793335;0.44;0.3466838300228119
0.22;0.425484299659729;0.76;0.4067535698413849;0.18;0.3592910170555115
0.28;0.3936291038990021;0.28;0.2755666673183441;0.14;0.2569130063056946
0.6;0.43379130959510803;0.24;0.20929129421710968;0.12;0.24440424144268036
0.1;0.2815316617488861;0.64;0.5334126353263855;0.24;0.32517021894454956
0.62;0.5583125352859497;0.32;0.21150271594524384;0.22;0.2755589485168457
0.26;0.46768611669540405;0.16;0.1704079806804657;0.14;0.2140178233385086
0.38;0.363593727350235;0.46;0.4561288058757782;0.4;0.3961828947067261
0.2;0.148335263133049;0.68;0.6464301943778992;0.36;0.41313058137893677
0.22;0.2200368493795395;0.66;0.4677368700504303;0.24;0.39038217067718506
0.72;0.5852568745613098;0.26;0.3056553602218628;0.46;0.38087141513824463
0.66;0.5383318662643433;0.22;0.23601458966732025;0.4;0.21703700721263885
0.32;0.32558390498161316;0.56;0.5389984846115112;0.42;0.47957515716552734
0.5;0.44468116760253906;0.28;0.2790035307407379;0.1;0.2783598005771637
0.32;0.41182371973991394;0.6;0.4541408121585846;0.4;0.4810976982116699
0.28;0.2879575490951538;0.36;0.33369311690330505;0.24;0.3061544597148895
0.16;0.45219680666923523;0.14;0.13323014974594116;0.16;0.1955893635749817
0.34;0.31512579321861267;0.32;0.4236803948879242;0.3;0.3030675947666168
0.38;0.3670337498188019;0.5;0.3680740296840668;0.28;0.3741309940814972
0.36;0.33511167764663696;0.4;0.35358327627182007;0.26;0.35452526807785034
0.4;0.35345250368118286;0.44;0.35931628942489624;0.36;0.38303303718566895
0.64;0.364644318819046;0.3;0.4870874881744385;0.44;0.35750991106033325
0.12;0.33798107504844666;0.24;0.4054780900478363;0.26;0.2689981460571289
0.3;0.25080639123916626;0.52;0.500815212726593;0.28;0.3077808916568756
0.68;0.4487687945365906;0.22;0.17177651822566986;0.18;0.24672456085681915
0.2;0.26349470019340515;0.5;0.4492962956428528;0.32;0.34555715322494507
0.14;0.4728761911392212;0.3;0.17600098252296448;0.16;0.18554966151714325
0.66;0.4491165578365326;0.12;0.23778049647808075;0.24;0.24239225685596466
0.78;0.5956178307533264;0.18;0.37308773398399353;0.46;0.29633888602256775
0.38;0.3655128479003906;0.44;0.3781137764453888;0.28;0.4042111337184906
0.44;0.3588888645172119;0.4;0.480526864528656;0.28;0.2825149595737457
0.72;0.32639652490615845;0.18;0.2784227132797241;0.42;0.21123428642749786
0.32;0.3279961049556732;0.5;0.49953654408454895;0.3;0.2647964656352997
0.28;0.3469795882701874;0.1;0.20752325654029846;0.2;0.15725262463092804
0.34;0.14586105942726135;0.26;0.3566890358924866;0.38;0.31067731976509094
0.12;0.2562134861946106;0.7;0.3750487267971039;0.38;0.487028032541275
0.44;0.3362448513507843;0.24;0.321967214345932;0.36;0.23389868438243866
0.44;0.35941770672798157;0.54;0.5178722143173218;0.38;0.41611260175704956
0.28;0.2859925925731659;0.26;0.21516543626785278;0.1;0.23978975415229797
0.2;0.30541956424713135;0.36;0.32114583253860474;0.16;0.20083168148994446
0.1;0.3323025107383728;0.14;0.2938239872455597;0.4;0.23321838676929474
0.34;0.25876885652542114;0.28;0.35487300157546997;0.24;0.30458053946495056
0.84;0.6632046103477478;0.1;0.2063443809747696;0.44;0.30328017473220825
0.34;0.3614952564239502;0.34;0.40529605746269226;0.42;0.3518541157245636
0.54;0.41588929295539856;0.32;0.11215300858020782;0.2;0.32248634099960327
0.32;0.3092808723449707;0.18;0.34076136350631714;0.42;0.23934733867645264
0.74;0.5953962206840515;0.1;0.14459644258022308;0.1;0.3443661630153656
0.28;0.20323112607002258;0.56;0.6266974806785583;0.48;0.47057342529296875
0.1;0.2183346301317215;0.84;0.5037581920623779;0.28;0.3452938199043274
0.14;0.15713568031787872;0.84;0.716928243637085;0.44;0.47658100724220276
0.44;0.4136236906051636;0.5;0.4759875237941742;0.26;0.26819202303886414
0.36;0.17303773760795593;0.58;0.630142092704773;0.28;0.2825157046318054
0.28;0.18023575842380524;0.7;0.4507829546928406;0.2;0.3097740709781647
0.4;0.4145224392414093;0.56;0.4972960650920868;0.5;0.5153125524520874
0.16;0.6247562170028687;0.76;0.28901195526123047;0.14;0.37390726804733276
0.26;0.5639742016792297;0.28;0.05309771001338959;0.1;0.197849303483963
0.1;0.4758346378803253;0.8;0.38478630781173706;0.28;0.39683103561401367
0.46;0.47277912497520447;0.14;0.15430468320846558;0.18;0.18121813237667084
0.32;0.4644259214401245;0.14;0.1507837176322937;0.2;0.2539394497871399
0.4;0.4616619944572449;0.22;0.2401551455259323;0.28;0.28993695974349976
0.26;0.2912834584712982;0.14;0.3990733027458191;0.44;0.29541701078414917
0.34;0.38864147663116455;0.38;0.3234677016735077;0.44;0.3955847918987274
0.6;0.37736496329307556;0.32;0.22886629402637482;0.28;0.2585977017879486
0.16;0.1775965541601181;0.26;0.32980796694755554;0.34;0.34372249245643616
0.1;0.4991283416748047;0.24;0.23749175667762756;0.22;0.1933869868516922
0.16;0.5788173675537109;0.12;0.07668571174144745;0.28;0.17686784267425537
0.14;0.5043354034423828;0.82;0.37866902351379395;0.12;0.2297789603471756
0.3;0.309656023979187;0.1;0.2316049188375473;0.38;0.20885086059570312
0.34;0.5244826674461365;0.28;0.14379917085170746;0.16;0.2043234407901764
0.28;0.334367573261261;0.3;0.3894284665584564;0.3;0.24316518008708954
0.32;0.3486027419567108;0.26;0.32244637608528137;0.28;0.32204458117485046
0.28;0.3941989839076996;0.66;0.49440205097198486;0.34;0.4422878324985504
0.72;0.6574814915657043;0.26;0.10787107050418854;0.36;0.3998248875141144
0.1;0.35826125741004944;0.3;0.32495546340942383;0.26;0.2691539525985718
0.14;0.4320172369480133;0.68;0.35256528854370117;0.22;0.381812185049057
0.2;0.16681025922298431;0.32;0.4494781792163849;0.36;0.35378605127334595
0.12;0.429256409406662;0.32;0.32171759009361267;0.14;0.22741937637329102
0.8;0.373104065656662;0.12;0.23729485273361206;0.16;0.18372206389904022
0.2;0.4027855694293976;0.72;0.4527581036090851;0.24;0.3555949926376343
0.32;0.4036324918270111;0.18;0.22617881000041962;0.26;0.2319907248020172
0.32;0.1336357146501541;0.4;0.4616100788116455;0.48;0.4336181581020355
0.16;0.3346311151981354;0.44;0.4753662347793579;0.36;0.37155312299728394
0.62;0.37195882201194763;0.28;0.3506593108177185;0.36;0.2876368761062622
0.12;0.3468383848667145;0.34;0.2896113693714142;0.24;0.16638216376304626
0.52;0.4362195134162903;0.46;0.4164177477359772;0.5;0.4980245530605316
0.18;0.4534398317337036;0.78;0.3846345543861389;0.22;0.3767814040184021
0.42;0.40406468510627747;0.38;0.389496386051178;0.4;0.40908631682395935
0.4;0.3886164426803589;0.32;0.37546905875205994;0.44;0.43600091338157654
0.24;0.4461338520050049;0.46;0.2593262195587158;0.14;0.23360013961791992
0.44;0.3619108200073242;0.3;0.3574689030647278;0.26;0.17137405276298523
0.4;0.5120778679847717;0.1;0.28587839007377625;0.4;0.2905426025390625
0.56;0.5649108290672302;0.34;0.26671576499938965;0.4;0.4692784249782562
0.58;0.48836037516593933;0.28;0.2495165467262268;0.34;0.20276108384132385
0.86;0.35105690360069275;0.1;0.167409285902977;0.16;0.1317077875137329
0.3;0.27776142954826355;0.2;0.44003698229789734;0.3;0.2865332365036011
0.4;0.2806301414966583;0.4;0.3692784011363983;0.2;0.3122715353965759
0.62;0.24261824786663055;0.18;0.4041392207145691;0.42;0.2088717520236969
0.26;0.4553082287311554;0.56;0.29072290658950806;0.14;0.30988389253616333
0.12;0.27465444803237915;0.7;0.32278263568878174;0.16;0.3491802215576172
0.14;0.18206331133842468;0.62;0.6101136803627014;0.42;0.4239051342010498
0.42;0.3902607858181;0.56;0.3954656422138214;0.2;0.29255154728889465
0.54;0.36569714546203613;0.32;0.23922426998615265;0.22;0.22929790616035461
0.72;0.3545382022857666;0.12;0.21563059091567993;0.12;0.21335768699645996
0.36;0.4000023901462555;0.38;0.3482196629047394;0.22;0.28755325078964233
0.22;0.4552909731864929;0.68;0.37320151925086975;0.18;0.3257962763309479
0.2;0.2991892993450165;0.34;0.4056428074836731;0.38;0.24908439815044403
0.48;0.4672904312610626;0.16;0.17654991149902344;0.14;0.23526997864246368
0.14;0.4455450773239136;0.22;0.21630850434303284;0.26;0.2166995257139206
0.4;0.3906313180923462;0.26;0.20482902228832245;0.14;0.2432059347629547
0.44;0.4577154219150543;0.2;0.2237519770860672;0.24;0.2145683765411377
0.18;0.41684970259666443;0.68;0.4303297698497772;0.22;0.349322646856308
0.52;0.3435744643211365;0.12;0.2892341613769531;0.34;0.23240980505943298
0.26;0.36811503767967224;0.3;0.1722431480884552;0.26;0.2891386151313782
0.72;0.4656856656074524;0.18;0.2980578541755676;0.18;0.18708278238773346
0.62;0.3759268820285797;0.16;0.14988365769386292;0.1;0.19109518826007843
0.22;0.3317873477935791;0.22;0.35695555806159973;0.44;0.20037338137626648
0.16;0.3325648605823517;0.2;0.1751449555158615;0.36;0.2597788870334625
0.72;0.46705734729766846;0.22;0.28299129009246826;0.34;0.2929578721523285
0.2;0.2975112795829773;0.74;0.4783477485179901;0.18;0.348345547914505
0.18;0.33035901188850403;0.14;0.2906700670719147;0.14;0.22368201613426208
0.22;0.32962438464164734;0.44;0.33192920684814453;0.32;0.33487677574157715
0.22;0.42714130878448486;0.7;0.42922112345695496;0.32;0.41844090819358826
0.7;0.44874608516693115;0.28;0.26674842834472656;0.22;0.19885650277137756
0.54;0.43063420057296753;0.12;0.2622290551662445;0.42;0.34021252393722534
0.1;0.5202516317367554;0.86;0.307919979095459;0.18;0.3484426438808441
0.34;0.27089667320251465;0.52;0.42367368936538696;0.24;0.3443489968776703
0.54;0.37316015362739563;0.18;0.3290974497795105;0.34;0.2781111001968384
0.34;0.35233163833618164;0.58;0.5766252279281616;0.5;0.5298752784729004
0.6;0.5508919358253479;0.14;0.101468525826931;0.1;0.17193152010440826
0.26;0.3739558458328247;0.3;0.3790731430053711;0.3;0.3245052993297577
0.16;0.19307267665863037;0.44;0.497084379196167;0.48;0.4700889587402344
0.18;0.26696184277534485;0.46;0.2150893360376358;0.12;0.27253246307373047
0.18;0.21530672907829285;0.5;0.5483622550964355;0.5;0.47659140825271606
0.26;0.4084961712360382;0.1;0.22090394794940948;0.32;0.20720212161540985
0.48;0.4168771803379059;0.34;0.4398355782032013;0.46;0.36799100041389465
0.38;0.33869850635528564;0.34;0.2893376648426056;0.42;0.40058842301368713
0.12;0.28146126866340637;0.46;0.3470897972583771;0.18;0.2751014232635498
0.38;0.3272950351238251;0.14;0.204098179936409;0.1;0.15080967545509338
0.72;0.47435641288757324;0.14;0.14196838438510895;0.1;0.18646898865699768
0.34;0.37378719449043274;0.54;0.3584277927875519;0.2;0.2763177454471588
0.22;0.47679251432418823;0.56;0.4173845052719116;0.34;0.4162764549255371
0.1;0.5684821605682373;0.12;0.07589798420667648;0.2;0.2632628381252289
0.24;0.5348901152610779;0.28;0.2911876142024994;0.36;0.32964545488357544
0.46;0.4336579442024231;0.42;0.3596307337284088;0.2;0.3454262316226959
0.36;0.5312125086784363;0.46;0.25767794251441956;0.24;0.2517399191856384
0.38;0.3051130771636963;0.54;0.247928649187088;0.22;0.3715898096561432
0.72;0.41653838753700256;0.2;0.2715161144733429;0.28;0.25123244524002075
0.84;0.4922720491886139;0.12;0.22628040611743927;0.34;0.14804838597774506
0.14;0.12539806962013245;0.6;0.6529741883277893;0.46;0.4434351921081543
0.38;0.40844884514808655;0.6;0.43816936016082764;0.34;0.36668825149536133
0.68;0.3859717547893524;0.3;0.28823745250701904;0.36;0.3422791361808777
0.66;0.42797040939331055;0.2;0.19201545417308807;0.16;0.17651709914207458
0.22;0.2863156199455261;0.22;0.49003106355667114;0.5;0.34526458382606506
0.42;0.3461052179336548;0.48;0.5393770337104797;0.44;0.4660106599330902
0.1;0.42225611209869385;0.52;0.3085906505584717;0.36;0.45865172147750854
0.26;0.1829642951488495;0.36;0.34793880581855774;0.28;0.33871278166770935
0.38;0.419725626707077;0.52;0.23696647584438324;0.1;0.18750885128974915
0.4;0.3887171447277069;0.32;0.44273725152015686;0.4;0.34219300746917725
0.24;0.4554402232170105;0.62;0.3118562400341034;0.12;0.3711080253124237
0.52;0.4417264461517334;0.42;0.2729937434196472;0.1;0.2518785297870636
0.2;0.19532263278961182;0.24;0.3834301233291626;0.46;0.302237331867218
0.18;0.15695984661579132;0.7;0.641353964805603;0.4;0.421656996011734
0.38;0.37482112646102905;0.24;0.42144641280174255;0.48;0.41968441009521484
0.18;0.32975518703460693;0.1;0.30140987038612366;0.34;0.23313574492931366
0.14;0.1842660754919052;0.68;0.5569981932640076;0.32;0.39540523290634155
0.16;0.1797323077917099;0.42;0.4336700141429901;0.44;0.4182039201259613
0.28;0.2288842499256134;0.3;0.46931299567222595;0.42;0.31669580936431885
0.5;0.3236739933490753;0.12;0.3409465551376343;0.22;0.26249805092811584
0.16;0.11387674510478973;0.66;0.7042896747589111;0.5;0.48364362120628357
0.38;0.31012657284736633;0.44;0.4723924994468689;0.38;0.362169086933136
0.14;0.36533883213996887;0.18;0.2221858650445938;0.1;0.21838369965553284
0.34;0.36669275164604187;0.16;0.1837868094444275;0.24;0.16031987965106964
0.16;0.22170065343379974;0.54;0.488578736782074;0.38;0.4266362190246582
0.12;0.4357219636440277;0.38;0.26134416460990906;0.26;0.26185062527656555
0.6;0.3647206127643585;0.38;0.4097907841205597;0.32;0.35454118251800537
0.24;0.1960303634405136;0.62;0.6665987372398376;0.34;0.39965367317199707
0.8;0.3602202236652374;0.12;0.26305121183395386;0.26;0.18334384262561798
0.72;0.5630798935890198;0.1;0.07779560983181;0.3;0.1791273057460785
0.46;0.4551926553249359;0.18;0.2256934642791748;0.1;0.15843728184700012
0.2;0.46830472350120544;0.48;0.26938721537590027;0.14;0.19469964504241943
0.16;0.46514031291007996;0.1;0.2168234884738922;0.22;0.16799196600914001
0.22;0.34640926122665405;0.26;0.24618655443191528;0.1;0.2772596776485443
0.68;0.3746451437473297;0.2;0.3813525438308716;0.46;0.4229698181152344
0.12;0.28189772367477417;0.42;0.31095415353775024;0.1;0.2768148183822632
0.12;0.12495497614145279;0.58;0.5955944657325745;0.46;0.48891133069992065
0.58;0.3530787527561188;0.26;0.2616806924343109;0.34;0.30295923352241516
0.5;0.34505751729011536;0.1;0.1949843466281891;0.22;0.24110861122608185
0.46;0.4245096743106842;0.12;0.3394237756729126;0.48;0.27990126609802246
0.46;0.40981170535087585;0.36;0.36048653721809387;0.46;0.4012817442417145
0.34;0.3793832063674927;0.48;0.3451544940471649;0.18;0.2616540193557739
0.24;0.35992783308029175;0.58;0.49125075340270996;0.42;0.4523465037345886
0.64;0.4668731689453125;0.32;0.23528173565864563;0.12;0.20081672072410583
0.1;0.11697904020547867;0.42;0.5143022537231445;0.5;0.4110387861728668
0.44;0.4095170497894287;0.42;0.4443276822566986;0.26;0.29795369505882263
0.32;0.14932991564273834;0.62;0.5421529412269592;0.34;0.3477261960506439
0.3;0.18991027772426605;0.3;0.4880426526069641;0.48;0.3721969425678253
0.18;0.1607433706521988;0.78;0.6987024545669556;0.48;0.4871944487094879
0.28;0.4062839150428772;0.28;0.18160510063171387;0.12;0.24573342502117157
0.1;0.5205462574958801;0.16;0.11534957587718964;0.16;0.18895500898361206
0.2;0.09060883522033691;0.74;0.757581353187561;0.48;0.5151166319847107
0.32;0.5319001078605652;0.24;0.30185455083847046;0.36;0.3501559793949127
0.52;0.35117295384407043;0.46;0.36444219946861267;0.1;0.21923820674419403
0.58;0.44044065475463867;0.22;0.1935817450284958;0.28;0.24506621062755585
0.7;0.30691903829574585;0.16;0.353812038898468;0.3;0.23200492560863495
0.68;0.6787543296813965;0.26;0.32573550939559937;0.46;0.3929590582847595
0.22;0.32810044288635254;0.64;0.48919397592544556;0.38;0.467533677816391
0.4;0.49752306938171387;0.32;0.2512694299221039;0.26;0.313953697681427
0.4;0.35710862278938293;0.22;0.2554977536201477;0.18;0.23597049713134766
0.14;0.2481663078069687;0.58;0.41197556257247925;0.36;0.43690863251686096
0.1;0.15660157799720764;0.88;0.7010120153427124;0.46;0.5128715634346008
0.26;0.5736292600631714;0.16;0.08087035268545151;0.16;0.22808405756950378
0.5;0.41805699467658997;0.12;0.2236711084842682;0.42;0.267225056886673
0.16;0.3286464214324951;0.6;0.500407338142395;0.32;0.39322564005851746
0.6;0.47942277789115906;0.32;0.37897789478302;0.32;0.36216217279434204
0.26;0.45428982377052307;0.48;0.22088564932346344;0.14;0.2551037669181824
0.74;0.4020240306854248;0.14;0.23672783374786377;0.28;0.2441425621509552
0.1;0.2729208767414093;0.6;0.5224990248680115;0.36;0.36705511808395386
0.8;0.4935758113861084;0.12;0.191823348402977;0.2;0.20366136729717255
0.32;0.458652138710022;0.12;0.3016771674156189;0.42;0.30391940474510193
0.28;0.3449495732784271;0.34;0.43310582637786865;0.34;0.319602906703949
0.34;0.4862009882926941;0.26;0.30581748485565186;0.4;0.3685782551765442
0.16;0.1542883962392807;0.26;0.4753987789154053;0.5;0.3662751019001007
0.6;0.3513960838317871;0.32;0.4979414939880371;0.34;0.3138517141342163
0.32;0.35405904054641724;0.16;0.13095036149024963;0.44;0.35148894786834717
0.44;0.5687177777290344;0.48;0.23021449148654938;0.12;0.3727886378765106
0.48;0.4735177755355835;0.3;0.31858983635902405;0.46;0.41368550062179565
0.44;0.3091525137424469;0.12;0.31247448921203613;0.42;0.3071373999118805
0.1;0.25111261010169983;0.72;0.47311845421791077;0.2;0.32564839720726013
0.2;0.2927161753177643;0.14;0.2068394422531128;0.26;0.26993638277053833
0.74;0.4899405241012573;0.24;0.17624108493328094;0.14;0.21245399117469788
0.56;0.4131205677986145;0.34;0.17571231722831726;0.14;0.2682863175868988
0.64;0.43334469199180603;0.28;0.25747594237327576;0.16;0.22401289641857147
0.2;0.16749565303325653;0.64;0.4353533089160919;0.24;0.42145004868507385
0.1;0.5711556077003479;0.68;0.2175654023885727;0.12;0.3232021927833557
0.8;0.3845341205596924;0.16;0.23505865037441254;0.18;0.2137981355190277
0.52;0.3500920534133911;0.24;0.36524996161460876;0.44;0.30552536249160767
0.14;0.34626972675323486;0.74;0.4281105399131775;0.2;0.28814637660980225
0.12;0.20235230028629303;0.48;0.5454529523849487;0.34;0.36549288034439087
0.14;0.2929624021053314;0.46;0.35013002157211304;0.22;0.31968823075294495
0.24;0.2809443771839142;0.36;0.5376720428466797;0.42;0.33060789108276367
0.24;0.33377698063850403;0.38;0.4743247330188751;0.46;0.3910415768623352
0.22;0.17830213904380798;0.36;0.4785764813423157;0.44;0.3882066309452057
0.36;0.33957257866859436;0.26;0.25410446524620056;0.42;0.4141574800014496
0.58;0.4629785120487213;0.1;0.23459793627262115;0.16;0.24213764071464539
0.18;0.2698838710784912;0.66;0.6087432503700256;0.32;0.38363873958587646
0.14;0.12922793626785278;0.44;0.5313581228256226;0.46;0.42230933904647827
0.28;0.2611914873123169;0.58;0.42908239364624023;0.22;0.27611812949180603
0.42;0.32022997736930847;0.32;0.513439416885376;0.44;0.3893873393535614
0.48;0.37440013885498047;0.28;0.41918689012527466;0.3;0.28150883316993713
0.18;0.2611813247203827;0.78;0.3561834990978241;0.14;0.3250798285007477
0.2;0.4519056975841522;0.22;0.13152728974819183;0.24;0.21047401428222656
0.34;0.3763903081417084;0.38;0.1888018548488617;0.24;0.3955082297325134
0.2;0.17822390794754028;0.66;0.5213713049888611;0.38;0.4647649824619293
0.6;0.5378259420394897;0.36;0.1877480298280716;0.16;0.30888381600379944
0.7;0.2740299105644226;0.24;0.3588363826274872;0.5;0.3716796338558197
0.56;0.24012909829616547;0.32;0.4304041564464569;0.28;0.30840399861335754
0.56;0.5370135307312012;0.4;0.30102109909057617;0.28;0.40062427520751953
0.22;0.13349708914756775;0.2;0.3250124752521515;0.38;0.301980584859848
0.3;0.348990261554718;0.68;0.3873477876186371;0.2;0.3381471037864685
0.72;0.6437448859214783;0.26;0.1610410511493683;0.26;0.2663608193397522
0.52;0.40737423300743103;0.2;0.2884979546070099;0.4;0.2988862991333008
0.22;0.3733886480331421;0.54;0.3332209289073944;0.26;0.3930828869342804
0.5;0.37063896656036377;0.36;0.3209802806377411;0.2;0.17874875664710999
0.44;0.4530622959136963;0.18;0.11264380067586899;0.12;0.19068312644958496
0.22;0.17125952243804932;0.7;0.5672265887260437;0.26;0.3068739175796509
0.12;0.43349435925483704;0.68;0.3489360213279724;0.16;0.2560998797416687
0.44;0.4226533770561218;0.18;0.27885702252388;0.4;0.24146291613578796
0.12;0.2814835011959076;0.16;0.20558860898017883;0.1;0.1646415889263153
0.38;0.37351512908935547;0.18;0.1637272834777832;0.28;0.213155597448349
0.36;0.37333744764328003;0.14;0.28302842378616333;0.46;0.2984115481376648
0.1;0.18786728382110596;0.42;0.5400144457817078;0.44;0.42112845182418823
0.26;0.31266728043556213;0.34;0.3783850073814392;0.36;0.3683748245239258
0.22;0.3917020261287689;0.7;0.39602193236351013;0.12;0.27792903780937195
0.18;0.41354283690452576;0.12;0.25387507677078247;0.36;0.228795126080513
0.42;0.29780349135398865;0.42;0.4656458795070648;0.48;0.43822288513183594
0.34;0.21036367118358612;0.24;0.3541639447212219;0.44;0.3728334605693817
0.24;0.16562911868095398;0.48;0.6583969593048096;0.38;0.3462119698524475
0.76;0.338135302066803;0.18;0.2893352806568146;0.36;0.21134468913078308
0.3;0.24831616878509521;0.46;0.31805419921875;0.26;0.26758530735969543
0.18;0.112399160861969;0.46;0.553514301776886;0.46;0.4159221649169922
0.64;0.41035255789756775;0.34;0.2837207019329071;0.2;0.20598146319389343
0.2;0.36636117100715637;0.1;0.2011052519083023;0.2;0.2188187837600708
0.14;0.1626954972743988;0.48;0.3312532603740692;0.24;0.3591460585594177
0.48;0.2984911799430847;0.3;0.25906816124916077;0.1;0.313227117061615
0.34;0.4063320755958557;0.48;0.22302281856536865;0.16;0.24230718612670898
0.36;0.35233333706855774;0.58;0.41339239478111267;0.18;0.24174590408802032
0.18;0.30786463618278503;0.22;0.38178402185440063;0.38;0.27113908529281616
0.64;0.41435593366622925;0.14;0.2723034918308258;0.2;0.18537947535514832
0.22;0.43620821833610535;0.68;0.376155823469162;0.14;0.22390954196453094
0.3;0.352536141872406;0.14;0.3096948564052582;0.36;0.28121793270111084
0.5;0.3831229507923126;0.16;0.297908216714859;0.4;0.26248759031295776
0.26;0.2257533073425293;0.64;0.29304999113082886;0.18;0.27296894788742065
0.26;0.21489834785461426;0.34;0.36341872811317444;0.3;0.27966153621673584
0.14;0.4007927477359772;0.28;0.2478341907262802;0.16;0.1908431500196457
0.14;0.3568236827850342;0.12;0.13232846558094025;0.42;0.30406054854393005
0.5;0.6275343298912048;0.38;0.19999666512012482;0.16;0.31287428736686707
0.52;0.4397068917751312;0.32;0.3347164988517761;0.34;0.31478551030158997
0.68;0.6702133417129517;0.1;0.18290700018405914;0.34;0.3196043074131012
0.4;0.5210801959037781;0.32;0.1437201201915741;0.12;0.23669025301933289
0.18;0.20558513700962067;0.46;0.5129222273826599;0.48;0.4522872865200043
0.2;0.48544344305992126;0.26;0.17218993604183197;0.14;0.18434938788414001
0.14;0.4610024392604828;0.14;0.0704248920083046;0.16;0.20882222056388855
0.54;0.5034382939338684;0.26;0.3338277339935303;0.5;0.32457828521728516
0.72;0.5359481573104858;0.12;0.21399790048599243;0.34;0.22363552451133728
0.24;0.3689427673816681;0.52;0.45061707496643066;0.28;0.30940061807632446
0.18;0.33919018507003784;0.66;0.3652704954147339;0.16;0.2596275508403778
0.2;0.5464511513710022;0.24;0.2784007787704468;0.2;0.23469142615795135
0.42;0.4063153564929962;0.34;0.2744848132133484;0.2;0.2465759813785553
0.5;0.38033387064933777;0.34;0.25949785113334656;0.32;0.23161442577838898
0.28;0.5129194259643555;0.62;0.3291643559932709;0.16;0.35511142015457153
0.14;0.1619977504014969;0.5;0.5627859830856323;0.32;0.34925225377082825
0.86;0.4732165038585663;0.12;0.22854232788085938;0.4;0.22263748943805695
0.68;0.5337963700294495;0.26;0.2471071183681488;0.16;0.15338531136512756
0.1;0.21444547176361084;0.32;0.45536109805107117;0.3;0.22323580086231232
0.16;0.0794718936085701;0.3;0.47615939378738403;0.48;0.37887006998062134
0.42;0.4668522775173187;0.36;0.3449867069721222;0.26;0.23449793457984924
0.22;0.17850106954574585;0.38;0.4645763635635376;0.32;0.2925756275653839
0.46;0.3859817385673523;0.16;0.39615941047668457;0.4;0.2277483493089676
0.26;0.30167651176452637;0.22;0.3290996551513672;0.24;0.21485698223114014
0.28;0.20647868514060974;0.62;0.5838632583618164;0.32;0.3955483138561249
0.44;0.2999521791934967;0.5;0.4798763394355774;0.34;0.4174569249153137
0.64;0.4757806360721588;0.2;0.3327624201774597;0.2;0.20338638126850128
0.22;0.288481205701828;0.6;0.5482812523841858;0.36;0.3842553198337555
0.28;0.2451694756746292;0.26;0.2917284369468689;0.28;0.37053781747817993
0.32;0.3535640835762024;0.36;0.2777153253555298;0.2;0.2763587534427643
0.22;0.23119816184043884;0.26;0.373187780380249;0.32;0.24027566611766815
0.56;0.41015416383743286;0.18;0.31714630126953125;0.32;0.2736290991306305
0.22;0.318917453289032;0.38;0.3621900975704193;0.22;0.2246886044740677
0.36;0.41860029101371765;0.28;0.304684579372406;0.3;0.3329688310623169
0.48;0.3548826575279236;0.46;0.3633604645729065;0.24;0.26141366362571716
0.34;0.26577267050743103;0.2;0.10653310269117355;0.16;0.3076550364494324
0.42;0.6708714962005615;0.42;0.13564077019691467;0.26;0.42420855164527893
0.64;0.4933244585990906;0.2;0.2618550956249237;0.36;0.25046926736831665
0.1;0.5148126482963562;0.44;0.1416303515434265;0.3;0.31460392475128174
0.56;0.4502670466899872;0.3;0.29219895601272583;0.2;0.25650477409362793
0.44;0.40286219120025635;0.32;0.3452780842781067;0.36;0.3317723870277405
0.28;0.38618341088294983;0.24;0.15582464635372162;0.1;0.17443016171455383
0.4;0.3197120726108551;0.54;0.4701159596443176;0.42;0.41888266801834106
0.64;0.5302482843399048;0.12;0.25093215703964233;0.26;0.20928697288036346
0.12;0.5096886157989502;0.14;0.17384490370750427;0.42;0.3177248537540436
0.18;0.14103077352046967;0.44;0.5458278059959412;0.42;0.4305935800075531
0.28;0.45091676712036133;0.7;0.4102312922477722;0.3;0.4220499098300934
0.5;0.4397755265235901;0.3;0.22762693464756012;0.1;0.2709725499153137
0.36;0.4653891324996948;0.42;0.409371942281723;0.38;0.3778702914714813
0.66;0.47997361421585083;0.14;0.14472855627536774;0.24;0.24158091843128204
0.48;0.3870161771774292;0.26;0.4549347460269928;0.44;0.3630540668964386
0.58;0.45313170552253723;0.18;0.37985318899154663;0.5;0.31109899282455444
0.2;0.24729754030704498;0.4;0.5817814469337463;0.46;0.4365939497947693
0.42;0.5392695069313049;0.4;0.32966047525405884;0.42;0.475409597158432
0.4;0.3662399649620056;0.2;0.3189885914325714;0.48;0.33554860949516296
0.18;0.2330828756093979;0.48;0.4340301752090454;0.38;0.3580757975578308
0.3;0.2613157331943512;0.3;0.3196830451488495;0.36;0.3920368254184723
0.54;0.39430004358291626;0.38;0.33912914991378784;0.46;0.45192623138427734
0.58;0.4165888726711273;0.16;0.3704030513763428;0.34;0.2718934714794159
0.64;0.4273073971271515;0.2;0.22530122101306915;0.32;0.20814064145088196
0.18;0.3577342927455902;0.76;0.2526566684246063;0.16;0.26991036534309387
0.28;0.2722094655036926;0.18;0.41501426696777344;0.5;0.30098605155944824
0.82;0.30945178866386414;0.16;0.20237691700458527;0.1;0.1610940396785736
0.3;0.42027461528778076;0.24;0.27742999792099;0.32;0.25193971395492554
0.4;0.293319433927536;0.54;0.6241294145584106;0.5;0.4705374836921692
0.76;0.42998507618904114;0.16;0.23440881073474884;0.36;0.28417661786079407
0.24;0.4708406925201416;0.26;0.3192365765571594;0.44;0.2927873730659485
0.48;0.36589711904525757;0.2;0.3874267637729645;0.48;0.2439996302127838
0.26;0.43337664008140564;0.2;0.23003129661083221;0.28;0.26066309213638306
0.14;0.47483137249946594;0.12;0.18271231651306152;0.24;0.20542354881763458
0.14;0.12237898260354996;0.66;0.3961987793445587;0.24;0.38092225790023804
0.24;0.4875609874725342;0.34;0.19058983027935028;0.16;0.22758683562278748
0.46;0.21042312681674957;0.5;0.5702541470527649;0.42;0.41423100233078003
0.62;0.4838080108165741;0.12;0.2716384828090668;0.32;0.31910860538482666
0.14;0.43983110785484314;0.14;0.15586283802986145;0.1;0.20044085383415222
0.34;0.37209081649780273;0.36;0.28840315341949463;0.24;0.22668734192848206
0.14;0.27385035157203674;0.42;0.3575369119644165;0.38;0.41539448499679565
0.82;0.5707988739013672;0.16;0.27089935541152954;0.48;0.34986788034439087
0.76;0.32171231508255005;0.22;0.33499810099601746;0.24;0.2777692675590515
0.38;0.5694718360900879;0.38;0.2624753713607788;0.2;0.3229281008243561
0.6;0.461367666721344;0.34;0.350946307182312;0.4;0.378621369600296
0.38;0.5009017586708069;0.5;0.1879819929599762;0.12;0.16398613154888153
0.58;0.4609290063381195;0.4;0.44318196177482605;0.46;0.4421420991420746
0.1;0.21308422088623047;0.68;0.6296181678771973;0.36;0.36875686049461365
0.2;0.33219781517982483;0.6;0.39320480823516846;0.24;0.34277647733688354
0.24;0.5412432551383972;0.12;0.17674967646598816;0.24;0.24337856471538544
0.34;0.27521514892578125;0.4;0.5539976358413696;0.5;0.3818160891532898
0.14;0.2946895360946655;0.18;0.38554394245147705;0.36;0.23246853053569794
0.18;0.34245991706848145;0.28;0.29792001843452454;0.18;0.315429151058197
0.56;0.3891529142856598;0.26;0.2654479742050171;0.32;0.35907191038131714
0.14;0.28411605954170227;0.1;0.25035524368286133;0.36;0.27650678157806396
0.18;0.32273656129837036;0.66;0.5193712711334229;0.3;0.35915619134902954
0.48;0.4012603759765625;0.36;0.33280420303344727;0.12;0.2870597541332245
0.82;0.3176036477088928;0.14;0.2624666392803192;0.4;0.2785288095474243
0.84;0.4516148865222931;0.1;0.2797650992870331;0.48;0.2907024025917053
0.14;0.4455054998397827;0.16;0.29637792706489563;0.18;0.23784124851226807
0.28;0.30573877692222595;0.56;0.4709770679473877;0.3;0.3580680191516876
0.64;0.4057909846305847;0.3;0.47719308733940125;0.5;0.40618371963500977
0.42;0.28244897723197937;0.1;0.17615880072116852;0.14;0.1710573136806488
0.1;0.12244965136051178;0.54;0.6151278614997864;0.44;0.3795640766620636
0.14;0.03865404799580574;0.58;0.5311700105667114;0.38;0.3989504873752594
0.48;0.44003215432167053;0.34;0.2900390923023224;0.28;0.34376561641693115
0.34;0.19453388452529907;0.5;0.5615847706794739;0.34;0.3818705379962921
0.52;0.4850386083126068;0.26;0.2526249885559082;0.2;0.20382802188396454
0.38;0.4980500638484955;0.44;0.1851601004600525;0.16;0.2855655550956726
0.36;0.33458569645881653;0.16;0.34846702218055725;0.4;0.27211225032806396
0.52;0.3885296881198883;0.26;0.2587566077709198;0.24;0.26504164934158325
0.38;0.38541698455810547;0.32;0.4622184932231903;0.5;0.4516727328300476
0.2;0.3109901249408722;0.78;0.6277196407318115;0.36;0.41135159134864807
0.26;0.2751297950744629;0.36;0.48485440015792847;0.44;0.32580050826072693
0.18;0.2252623289823532;0.6;0.6195449233055115;0.5;0.48749399185180664
0.44;0.2949848473072052;0.26;0.4746125638484955;0.48;0.36094579100608826
0.4;0.31552425026893616;0.12;0.17011462152004242;0.32;0.24837028980255127
0.2;0.2538278102874756;0.72;0.4065011739730835;0.1;0.2727589011192322
0.18;0.44326916337013245;0.36;0.2999260723590851;0.12;0.20688898861408234
0.1;0.340615451335907;0.44;0.3781292140483856;0.24;0.3685353100299835
0.62;0.3968174457550049;0.24;0.30932918190956116;0.38;0.22582118213176727
0.18;0.0664614886045456;0.34;0.27483537793159485;0.4;0.40206533670425415
0.66;0.46928870677948;0.26;0.2206568717956543;0.16;0.21109600365161896
0.18;0.4084131121635437;0.76;0.24549099802970886;0.14;0.22077950835227966
0.18;0.3908749222755432;0.74;0.47882816195487976;0.32;0.4110102653503418
0.42;0.4385283887386322;0.42;0.22057543694972992;0.22;0.23896417021751404
0.12;0.1518700271844864;0.64;0.5751785635948181;0.46;0.49170130491256714
0.34;0.2742158770561218;0.6;0.5897682905197144;0.42;0.4796175956726074
0.24;0.3817129135131836;0.74;0.5037611722946167;0.36;0.4640164375305176
0.16;0.10911238938570023;0.58;0.6413865685462952;0.46;0.3542782664299011
0.34;0.4617280066013336;0.32;0.26833370327949524;0.26;0.23806598782539368
0.58;0.5532709956169128;0.32;0.19445453584194183;0.12;0.18736442923545837
0.14;0.10687899589538574;0.78;0.6403365731239319;0.36;0.4229786992073059
0.22;0.39653071761131287;0.76;0.4187370836734772;0.24;0.33334624767303467
0.12;0.06141128018498421;0.7;0.69541996717453;0.48;0.5017584562301636
0.7;0.5253760814666748;0.14;0.14777186512947083;0.12;0.20622806251049042
0.46;0.6317130923271179;0.26;0.08264303207397461;0.12;0.326748251914978
0.32;0.3064914345741272;0.38;0.4256279170513153;0.32;0.31100818514823914
0.62;0.32736581563949585;0.32;0.39135852456092834;0.26;0.2579273283481598
0.52;0.3800659477710724;0.32;0.21800357103347778;0.3;0.35156336426734924
0.46;0.39404812455177307;0.2;0.17566631734371185;0.12;0.18067465722560883
0.14;0.11613951623439789;0.84;0.7672450542449951;0.46;0.4995875358581543
0.54;0.16449536383152008;0.12;0.3396572768688202;0.44;0.19948074221611023
0.12;0.13882511854171753;0.38;0.5002108812332153;0.42;0.3783000409603119
0.54;0.4903709888458252;0.14;0.32726219296455383;0.4;0.24603447318077087
0.16;0.08822222799062729;0.58;0.5598158836364746;0.24;0.32198402285575867
0.48;0.35447534918785095;0.38;0.27738261222839355;0.16;0.2857916057109833
0.5;0.37489739060401917;0.4;0.3155364394187927;0.16;0.2597423791885376
0.38;0.26783913373947144;0.52;0.5134636759757996;0.3;0.33164623379707336
0.18;0.06925904005765915;0.38;0.5993185639381409;0.4;0.27479010820388794
0.26;0.40729817748069763;0.3;0.42918556928634644;0.32;0.31338879466056824
0.56;0.42672744393348694;0.2;0.1720900982618332;0.2;0.28090575337409973
0.54;0.43794751167297363;0.12;0.3255003094673157;0.5;0.30372101068496704
0.22;0.2221185863018036;0.42;0.38205400109291077;0.3;0.36871880292892456
0.12;0.27137160301208496;0.82;0.4047544002532959;0.16;0.3748570680618286
0.16;0.1386002153158188;0.3;0.5870130062103271;0.5;0.36295342445373535
0.52;0.45155179500579834;0.46;0.21521669626235962;0.18;0.21756932139396667
0.2;0.2689414322376251;0.32;0.2726360261440277;0.26;0.30489712953567505
0.36;0.32239821553230286;0.4;0.3025851547718048;0.12;0.2344057559967041
0.26;0.40688738226890564;0.58;0.2587827742099762;0.14;0.157544806599617
0.2;0.16421514749526978;0.4;0.5772230625152588;0.5;0.3750341832637787
0.2;0.41857069730758667;0.1;0.2076711505651474;0.38;0.20124204456806183
0.5;0.593102216720581;0.24;0.273457795381546;0.28;0.34974947571754456
0.1;0.0746050700545311;0.74;0.7632941603660583;0.48;0.46223822236061096
0.12;0.43823644518852234;0.3;0.2532903850078583;0.14;0.21313825249671936
0.62;0.45984700322151184;0.32;0.330992192029953;0.3;0.3126528859138489
0.18;0.2541065514087677;0.32;0.19565518200397491;0.22;0.3268086910247803
0.48;0.27098363637924194;0.4;0.5106403231620789;0.5;0.38869234919548035
0.56;0.5892556309700012;0.36;0.23649440705776215;0.38;0.44695910811424255
0.44;0.282590389251709;0.14;0.29512184858322144;0.4;0.29383620619773865
0.3;0.384183406829834;0.54;0.2462615966796875;0.1;0.27902108430862427
0.1;0.19818425178527832;0.62;0.586089015007019;0.48;0.4856801927089691
0.34;0.4644924998283386;0.16;0.15235261619091034;0.32;0.16912773251533508
0.82;0.4626863896846771;0.1;0.21863645315170288;0.46;0.32739150524139404
0.6;0.45670533180236816;0.14;0.17987297475337982;0.24;0.26252132654190063
0.32;0.4518740177154541;0.24;0.3569706380367279;0.12;0.2349783480167389
0.14;0.3163878321647644;0.2;0.2362002283334732;0.32;0.3510443866252899
0.66;0.48280173540115356;0.1;0.2013138383626938;0.34;0.21228453516960144
0.42;0.3101198673248291;0.3;0.4155994951725006;0.26;0.28140658140182495
0.14;0.31231990456581116;0.62;0.35154053568840027;0.36;0.4512680470943451
0.7;0.5440900325775146;0.2;0.16929499804973602;0.3;0.2088738977909088
0.32;0.15101993083953857;0.5;0.3264637291431427;0.26;0.3334061801433563
0.4;0.490745484828949;0.34;0.1662113219499588;0.14;0.22205321490764618
0.14;0.30437442660331726;0.4;0.5484198927879333;0.44;0.4216674268245697
0.32;0.40577271580696106;0.12;0.10147500038146973;0.18;0.18524357676506042
0.56;0.2876025438308716;0.26;0.4422639310359955;0.46;0.3713701069355011
0.6;0.3927144706249237;0.22;0.21936361491680145;0.2;0.21644511818885803
0.42;0.31041887402534485;0.22;0.3830891251564026;0.42;0.30514591932296753
0.46;0.47253307700157166;0.5;0.37029778957366943;0.44;0.47817450761795044
0.28;0.39066994190216064;0.3;0.33944442868232727;0.36;0.4212203025817871
0.26;0.5162116289138794;0.68;0.26397842168807983;0.16;0.32044482231140137
0.12;0.30261489748954773;0.32;0.3209293782711029;0.3;0.33277204632759094
0.34;0.21317405998706818;0.4;0.515868604183197;0.4;0.28595083951950073
0.66;0.7000504732131958;0.28;0.16384010016918182;0.36;0.4344577193260193
0.3;0.15855808556079865;0.42;0.5520650148391724;0.48;0.3895188570022583
0.66;0.4880448281764984;0.26;0.2916194200515747;0.2;0.26459431648254395
0.44;0.4160696566104889;0.26;0.2854800820350647;0.4;0.3744434118270874
0.58;0.352422833442688;0.16;0.38129720091819763;0.44;0.18170897662639618
0.64;0.5037146806716919;0.16;0.21093995869159698;0.24;0.1831323802471161
0.12;0.13877348601818085;0.28;0.36032772064208984;0.38;0.4377170503139496
0.26;0.3586711883544922;0.6;0.28403884172439575;0.1;0.17442527413368225
0.26;0.38811537623405457;0.36;0.4160021245479584;0.2;0.26404112577438354
0.12;0.4815361499786377;0.28;0.08889506012201309;0.14;0.19600233435630798
0.42;0.27057868242263794;0.5;0.5358163118362427;0.34;0.4124075770378113
0.82;0.6386582255363464;0.1;0.16660338640213013;0.28;0.2948336601257324
0.28;0.36785465478897095;0.4;0.38893309235572815;0.44;0.4657214283943176
0.36;0.35767096281051636;0.1;0.20833063125610352;0.16;0.2954557240009308
0.44;0.3734549283981323;0.42;0.4589475095272064;0.36;0.4189590513706207
0.8;0.6496211290359497;0.14;0.27990904450416565;0.46;0.2895609438419342
0.38;0.33887824416160583;0.46;0.469758003950119;0.5;0.49561938643455505
0.36;0.48961758613586426;0.38;0.2833688259124756;0.24;0.3105928897857666
0.6;0.31951257586479187;0.12;0.29250210523605347;0.26;0.17132923007011414
0.34;0.489935964345932;0.1;0.17702974379062653;0.22;0.1803818792104721
0.34;0.25454026460647583;0.14;0.392287015914917;0.46;0.3009742200374603
0.52;0.34218284487724304;0.2;0.2864355742931366;0.48;0.41287145018577576
0.42;0.5045973658561707;0.28;0.16418185830116272;0.14;0.20529937744140625
0.3;0.20382492244243622;0.52;0.3768715560436249;0.32;0.34331393241882324
0.74;0.5066790580749512;0.12;0.2582959234714508;0.5;0.2832011282444
0.18;0.18811635673046112;0.48;0.34752821922302246;0.18;0.28407272696495056
0.16;0.37045344710350037;0.46;0.1387646496295929;0.28;0.3716910481452942
0.66;0.2894290089607239;0.18;0.41964441537857056;0.46;0.30971184372901917
0.24;0.27645233273506165;0.24;0.3041941821575165;0.2;0.2328120768070221
0.58;0.2594393491744995;0.24;0.3604409098625183;0.38;0.36537307500839233
0.1;0.3691934645175934;0.12;0.1667347103357315;0.32;0.24178704619407654
0.34;0.35169386863708496;0.12;0.2885548174381256;0.32;0.20078130066394806
0.48;0.35053500533103943;0.46;0.48414817452430725;0.4;0.4513889253139496
0.1;0.4371856153011322;0.2;0.23303855955600739;0.28;0.2444717139005661
0.36;0.2996683120727539;0.52;0.4573080241680145;0.34;0.3485468029975891
0.34;0.34745705127716064;0.46;0.37451836466789246;0.32;0.38872089982032776
0.28;0.3329591155052185;0.66;0.4687172472476959;0.12;0.3096969723701477
0.26;0.302977055311203;0.2;0.2555587887763977;0.4;0.22284607589244843
0.56;0.401883989572525;0.16;0.3264300227165222;0.34;0.2852918803691864
0.56;0.5230276584625244;0.18;0.2908802926540375;0.44;0.31443583965301514
0.4;0.24823904037475586;0.14;0.34021005034446716;0.36;0.27520471811294556
0.46;0.37176692485809326;0.5;0.42153599858283997;0.22;0.26571375131607056
0.56;0.48361873626708984;0.32;0.26876622438430786;0.14;0.2827965021133423
0.42;0.3453962504863739;0.34;0.3310042917728424;0.28;0.2768147885799408
0.7;0.45741429924964905;0.14;0.25836384296417236;0.5;0.19151468575000763
0.28;0.362923800945282;0.36;0.31361013650894165;0.36;0.4053362011909485
0.2;0.26709434390068054;0.46;0.2840617597103119;0.24;0.33148515224456787
0.12;0.45059001445770264;0.26;0.22002790868282318;0.1;0.21364760398864746
0.34;0.3598930537700653;0.32;0.24713174998760223;0.22;0.2882823348045349
0.16;0.27677956223487854;0.36;0.3467244803905487;0.36;0.37753838300704956
0.46;0.34396418929100037;0.22;0.29646265506744385;0.36;0.25747057795524597
0.52;0.2842920422554016;0.38;0.403301864862442;0.24;0.19786538183689117
0.16;0.3998282849788666;0.7;0.3230654001235962;0.12;0.28265607357025146
0.2;0.3087432384490967;0.46;0.2607819139957428;0.18;0.32878559827804565
0.62;0.46936720609664917;0.32;0.3484095335006714;0.46;0.4269695281982422
0.14;0.2078637033700943;0.7;0.5689138174057007;0.24;0.3790462017059326
0.26;0.3874824643135071;0.5;0.46669745445251465;0.36;0.4431416392326355
0.4;0.43968138098716736;0.18;0.25479912757873535;0.16;0.17574095726013184
0.4;0.3987579643726349;0.2;0.2810502350330353;0.28;0.24968257546424866
0.72;0.5281033515930176;0.22;0.3462596833705902;0.4;0.24684107303619385
0.48;0.5808976292610168;0.38;0.28358036279678345;0.48;0.4890443682670593
0.48;0.4091545343399048;0.2;0.28091490268707275;0.32;0.27304452657699585
0.6;0.45972535014152527;0.26;0.3779212236404419;0.34;0.3292178511619568
0.22;0.33681145310401917;0.74;0.49221131205558777;0.18;0.303640753030777
0.24;0.1981276273727417;0.14;0.3679536283016205;0.44;0.27303075790405273
0.52;0.25294533371925354;0.14;0.356096088886261;0.36;0.2612559497356415
0.7;0.480356901884079;0.12;0.22600747644901276;0.46;0.3336271643638611
0.1;0.34368738532066345;0.1;0.2894653081893921;0.4;0.21172599494457245
0.3;0.4271464943885803;0.62;0.35303863883018494;0.22;0.3609071671962738
0.2;0.41718992590904236;0.38;0.4500465393066406;0.36;0.3369200527667999
0.42;0.33967551589012146;0.12;0.3348875641822815;0.4;0.2962392270565033
0.34;0.22175881266593933;0.16;0.3190055191516876;0.5;0.38904139399528503
0.16;0.3181218206882477;0.62;0.552703320980072;0.38;0.46589213609695435
0.44;0.3131641447544098;0.42;0.4954700469970703;0.46;0.4605006277561188
0.28;0.2901994585990906;0.26;0.34915485978126526;0.42;0.27782657742500305
0.32;0.43270576000213623;0.26;0.3574012219905853;0.48;0.3498647212982178
0.44;0.37385424971580505;0.28;0.29496854543685913;0.2;0.1758970469236374
0.66;0.5037396550178528;0.2;0.13803745806217194;0.12;0.21035508811473846
0.36;0.3805582821369171;0.16;0.23012451827526093;0.24;0.22081856429576874
0.22;0.30807575583457947;0.56;0.300030916929245;0.24;0.34705403447151184
0.44;0.2958797514438629;0.44;0.5720299482345581;0.46;0.40135765075683594
0.56;0.4205619692802429;0.42;0.32589972019195557;0.2;0.2603307366371155
0.16;0.18725962936878204;0.48;0.45794937014579773;0.4;0.4067392349243164
0.6;0.4732488691806793;0.26;0.35482466220855713;0.32;0.32321104407310486
0.34;0.3563619554042816;0.54;0.4703024625778198;0.36;0.46367329359054565
0.18;0.4469207227230072;0.44;0.2980450391769409;0.14;0.22210340201854706
0.48;0.3317106068134308;0.44;0.5952391028404236;0.46;0.41291093826293945
0.58;0.42360591888427734;0.32;0.2120639532804489;0.1;0.22173357009887695
0.52;0.3309067189693451;0.44;0.49457091093063354;0.48;0.4331386685371399
0.22;0.5089905858039856;0.32;0.2007899284362793;0.12;0.21836574375629425
0.26;0.26097267866134644;0.66;0.615955114364624;0.42;0.453517347574234
0.18;0.347677618265152;0.34;0.2954083979129791;0.32;0.3700944781303406
0.2;0.405330091714859;0.16;0.2005859911441803;0.16;0.17367465794086456
0.38;0.4140479266643524;0.24;0.2707003057003021;0.4;0.2903597950935364
0.54;0.45075809955596924;0.22;0.15992297232151031;0.12;0.2518754303455353
0.56;0.38607242703437805;0.32;0.2796868681907654;0.2;0.3245294988155365
0.18;0.12821125984191895;0.6;0.6661424040794373;0.42;0.41957932710647583
0.12;0.22893397510051727;0.62;0.4509095251560211;0.28;0.35255539417266846
0.44;0.38546842336654663;0.4;0.3993833661079407;0.26;0.2986876368522644
0.66;0.5047574043273926;0.26;0.3223123252391815;0.24;0.2953041195869446
0.66;0.42749252915382385;0.2;0.2600570619106293;0.24;0.2260824739933014
0.54;0.35955625772476196;0.34;0.41706129908561707;0.44;0.42033737897872925
0.26;0.4360082149505615;0.14;0.15814030170440674;0.18;0.26001954078674316
0.3;0.5289613604545593;0.68;0.31871297955513;0.26;0.5189825296401978
0.54;0.419808954000473;0.14;0.31666243076324463;0.44;0.25398629903793335
0.54;0.5061595439910889;0.4;0.27062323689460754;0.16;0.2209811955690384
0.38;0.3351518213748932;0.4;0.3069850504398346;0.12;0.27996358275413513
0.22;0.39342936873435974;0.3;0.26175516843795776;0.26;0.24306480586528778
0.28;0.43834060430526733;0.26;0.2555042803287506;0.26;0.2303764373064041
0.24;0.4912862181663513;0.66;0.3509843945503235;0.16;0.27625253796577454
0.1;0.10147672891616821;0.7;0.7180171012878418;0.5;0.48797568678855896
0.86;0.48837175965309143;0.1;0.25634098052978516;0.34;0.24868133664131165
0.82;0.5300521850585938;0.14;0.2922668159008026;0.14;0.23323361575603485
0.48;0.4850296676158905;0.4;0.26544395089149475;0.2;0.20998971164226532
0.14;0.1743181049823761;0.38;0.3073002099990845;0.32;0.3632749617099762
0.3;0.317638635635376;0.52;0.373228520154953;0.3;0.35079333186149597
0.4;0.4356527626514435;0.24;0.34704819321632385;0.5;0.4039466977119446
0.24;0.1846187263727188;0.5;0.4622352421283722;0.42;0.49336567521095276
0.32;0.5213867425918579;0.52;0.3085208833217621;0.3;0.4449854791164398
0.52;0.6783048510551453;0.44;0.17746351659297943;0.1;0.32345160841941833
0.82;0.14221885800361633;0.14;0.2815364897251129;0.24;0.1598571240901947
0.3;0.38776350021362305;0.36;0.29178208112716675;0.12;0.21823640167713165
0.3;0.328205406665802;0.58;0.5287837982177734;0.42;0.47609367966651917
0.46;0.33967161178588867;0.34;0.388815701007843;0.3;0.3377559781074524
0.32;0.22197982668876648;0.64;0.7027188539505005;0.5;0.4648520052433014
0.7;0.5342659950256348;0.26;0.27245745062828064;0.42;0.37346386909484863
0.58;0.3295736014842987;0.4;0.2719438374042511;0.22;0.2678188681602478
0.5;0.38902854919433594;0.22;0.2582409381866455;0.46;0.4475349485874176
0.4;0.4188641905784607;0.26;0.2550610303878784;0.1;0.13250139355659485
0.36;0.4279993772506714;0.44;0.22651071846485138;0.2;0.30337217450141907
0.52;0.3319412171840668;0.14;0.29651227593421936;0.28;0.25316327810287476
0.36;0.5081155300140381;0.48;0.26914480328559875;0.14;0.27099883556365967
0.64;0.37444448471069336;0.34;0.28329095244407654;0.18;0.2579362988471985
0.22;0.5004187822341919;0.18;0.2698250710964203;0.12;0.3257441222667694
0.14;0.37770727276802063;0.6;0.37190231680870056;0.24;0.3496900796890259
0.16;0.08391892164945602;0.2;0.44654232263565063;0.44;0.22005757689476013
0.2;0.09012225270271301;0.3;0.6083846092224121;0.5;0.373033344745636
0.34;0.49251213669776917;0.24;0.17238569259643555;0.2;0.18171292543411255
0.2;0.2668613791465759;0.58;0.4102146029472351;0.24;0.34537291526794434
0.12;0.18786248564720154;0.82;0.46439695358276367;0.22;0.4260014593601227
0.36;0.39219439029693604;0.6;0.4323943257331848;0.32;0.4170059263706207
0.2;0.2271532565355301;0.22;0.43400055170059204;0.44;0.3114185631275177
0.1;0.2751316428184509;0.54;0.47592976689338684;0.3;0.36079710721969604
0.24;0.40052783489227295;0.56;0.3585350811481476;0.12;0.2937726378440857
0.14;0.4338686466217041;0.8;0.3560999929904938;0.2;0.36880382895469666
0.42;0.3936721086502075;0.18;0.25434374809265137;0.46;0.3136407434940338
0.12;0.4369213879108429;0.14;0.21370680630207062;0.14;0.23052243888378143
0.54;0.44809117913246155;0.1;0.19702845811843872;0.5;0.27935728430747986
0.62;0.44466322660446167;0.26;0.25017115473747253;0.16;0.1973298341035843
0.2;0.1317383199930191;0.32;0.2899521291255951;0.22;0.2945873439311981
0.14;0.05907190218567848;0.58;0.66990727186203;0.44;0.3620513081550598
0.44;0.31852149963378906;0.12;0.3255038559436798;0.26;0.24712367355823517
0.28;0.2234429270029068;0.44;0.5795136094093323;0.5;0.4724874496459961
0.14;0.14310070872306824;0.68;0.6026709079742432;0.28;0.341189444065094
0.26;0.23151805996894836;0.72;0.5181915760040283;0.26;0.33830535411834717
0.2;0.21547622978687286;0.66;0.5987207889556885;0.5;0.5616655945777893
0.32;0.5575646758079529;0.54;0.2744554877281189;0.32;0.41994810104370117
0.46;0.39801502227783203;0.46;0.37092629075050354;0.24;0.24149945378303528
0.3;0.410931259393692;0.24;0.2426537722349167;0.18;0.22901718318462372
0.72;0.44378340244293213;0.14;0.27030012011528015;0.48;0.23088371753692627
0.34;0.5128306150436401;0.28;0.24046002328395844;0.14;0.23420700430870056
0.44;0.4799765348434448;0.26;0.2512269914150238;0.28;0.27521252632141113
0.5;0.35494861006736755;0.16;0.2171410322189331;0.12;0.19440071284770966
0.68;0.30124539136886597;0.12;0.17087581753730774;0.1;0.2753550112247467
0.12;0.4645657241344452;0.1;0.18480950593948364;0.24;0.1525237262248993
0.36;0.20792925357818604;0.14;0.3707272708415985;0.22;0.2130638062953949
0.26;0.2094888538122177;0.68;0.6029012203216553;0.24;0.23034867644309998
0.32;0.35422131419181824;0.36;0.4100567698478699;0.48;0.4781494140625
0.38;0.3076787292957306;0.1;0.3593144714832306;0.34;0.21670755743980408
0.44;0.48207971453666687;0.16;0.2497754842042923;0.28;0.24268531799316406
0.14;0.143474742770195;0.82;0.6104809045791626;0.36;0.46049270033836365
0.52;0.24226157367229462;0.42;0.4073356091976166;0.12;0.22790896892547607
0.44;0.2830200791358948;0.5;0.581731915473938;0.36;0.3650340139865875
0.1;0.2391875684261322;0.62;0.5210257172584534;0.32;0.3806273341178894
0.28;0.4070828855037689;0.1;0.23639728128910065;0.14;0.22304418683052063
0.46;0.4222254455089569;0.4;0.404056191444397;0.44;0.43234825134277344
0.22;0.44827237725257874;0.18;0.12182962149381638;0.22;0.21199604868888855
0.16;0.3439908027648926;0.46;0.40209102630615234;0.3;0.4141162931919098
0.2;0.45598021149635315;0.28;0.1350671947002411;0.1;0.1676466315984726
0.1;0.3841584622859955;0.2;0.26761260628700256;0.3;0.2243737280368805
0.3;0.25531622767448425;0.28;0.3614133596420288;0.28;0.2913701832294464
0.5;0.4138750433921814;0.46;0.2827722132205963;0.1;0.182161346077919
0.56;0.5164740681648254;0.14;0.10598382353782654;0.12;0.2005174607038498
0.2;0.3048804700374603;0.42;0.4498211443424225;0.36;0.34385889768600464
0.24;0.3860229551792145;0.54;0.3891712725162506;0.32;0.3450864255428314
0.4;0.4298126697540283;0.22;0.38604921102523804;0.42;0.3152669370174408
0.42;0.4612886309623718;0.16;0.1506681740283966;0.1;0.1914607137441635
0.56;0.3658917546272278;0.1;0.19866132736206055;0.4;0.19438569247722626
0.1;0.08456207066774368;0.38;0.40617239475250244;0.36;0.36490559577941895
0.2;0.5437158942222595;0.34;0.33040308952331543;0.32;0.34102362394332886
0.34;0.4208660125732422;0.56;0.44108614325523376;0.42;0.46167439222335815
0.48;0.3204430937767029;0.12;0.2495744228363037;0.26;0.22987067699432373
0.4;0.49179020524024963;0.28;0.2315843105316162;0.32;0.2912515699863434
0.3;0.13443981111049652;0.46;0.5732678174972534;0.44;0.4287274479866028
0.14;0.38631731271743774;0.82;0.39348483085632324;0.18;0.27857786417007446
0.24;0.16868367791175842;0.2;0.4211682677268982;0.34;0.22911152243614197
0.38;0.267334908246994;0.18;0.3850800096988678;0.44;0.31206291913986206
0.44;0.32331687211990356;0.54;0.5960204005241394;0.5;0.4150167405605316
0.52;0.42590832710266113;0.4;0.2408723384141922;0.18;0.22272782027721405
0.12;0.3551478385925293;0.52;0.17854535579681396;0.1;0.23732265830039978
0.54;0.49639222025871277;0.44;0.32815903425216675;0.3;0.3361019492149353
0.26;0.2833327353000641;0.56;0.5390918254852295;0.2;0.27086734771728516
0.12;0.27153849601745605;0.62;0.6119698286056519;0.38;0.384674608707428
0.38;0.3246650993824005;0.14;0.3155960738658905;0.4;0.2563651204109192
0.26;0.5033511519432068;0.12;0.14303550124168396;0.3;0.18407045304775238
0.68;0.5782935619354248;0.12;0.1930827498435974;0.14;0.22150912880897522
0.14;0.3901803493499756;0.5;0.44253331422805786;0.44;0.396609902381897
0.4;0.2993135154247284;0.1;0.266892671585083;0.34;0.20797646045684814
0.18;0.3877272605895996;0.22;0.21418359875679016;0.14;0.26660868525505066
0.18;0.21744850277900696;0.3;0.29705289006233215;0.12;0.230855792760849
0.26;0.21332474052906036;0.36;0.5234555602073669;0.42;0.3542373776435852
0.14;0.263688862323761;0.54;0.4165363609790802;0.2;0.280822217464447
0.12;0.3727318346500397;0.16;0.30479565262794495;0.24;0.19049997627735138
0.66;0.3573722243309021;0.1;0.2684686481952667;0.28;0.15965433418750763
0.26;0.531265139579773;0.62;0.37503597140312195;0.24;0.4251773953437805
0.22;0.2756713032722473;0.46;0.3696269392967224;0.3;0.3614518940448761
0.34;0.3258839547634125;0.28;0.325374037027359;0.38;0.26545968651771545
0.26;0.44411763548851013;0.14;0.391458123922348;0.46;0.35640639066696167
0.1;0.23058931529521942;0.64;0.36414825916290283;0.14;0.17520549893379211
0.36;0.33562931418418884;0.14;0.3429735600948334;0.12;0.23777008056640625
0.38;0.39982903003692627;0.48;0.2648812234401703;0.16;0.3189583420753479
0.46;0.21341966092586517;0.38;0.500385046005249;0.4;0.3650102913379669
0.38;0.3845028877258301;0.36;0.44880199432373047;0.44;0.40178561210632324
0.5;0.4909936189651489;0.14;0.2466261088848114;0.1;0.1981486678123474
0.22;0.4179414212703705;0.26;0.2526276111602783;0.14;0.1668894737958908
0.16;0.38569891452789307;0.74;0.46402257680892944;0.26;0.35929521918296814
0.78;0.49536392092704773;0.16;0.18033164739608765;0.2;0.1216423287987709
0.22;0.4800266623497009;0.18;0.19277246296405792;0.2;0.21027831733226776
0.28;0.4494439661502838;0.6;0.3496341407299042;0.1;0.27854475378990173
0.34;0.35230639576911926;0.6;0.41989871859550476;0.32;0.40576475858688354
0.48;0.5353260636329651;0.1;0.22616538405418396;0.3;0.2432049810886383
0.54;0.30888211727142334;0.32;0.49109557271003723;0.44;0.36942607164382935
0.22;0.14220157265663147;0.52;0.6749250888824463;0.5;0.4351035952568054
0.12;0.16478672623634338;0.62;0.5654405355453491;0.4;0.4914558529853821
0.34;0.3757416605949402;0.32;0.3984360098838806;0.32;0.2894534766674042
0.6;0.40682271122932434;0.12;0.2405310869216919;0.1;0.23525795340538025
0.16;0.13680702447891235;0.6;0.6421270966529846;0.42;0.3865036368370056
0.14;0.44552791118621826;0.26;0.18287283182144165;0.16;0.2194698601961136
0.8;0.432740718126297;0.16;0.2806174159049988;0.2;0.2327759712934494
0.56;0.2762164771556854;0.14;0.2784388065338135;0.4;0.26751336455345154
0.38;0.5419348478317261;0.2;0.09930650144815445;0.14;0.1885720193386078
0.28;0.18220894038677216;0.62;0.6455690264701843;0.48;0.5149430632591248
0.2;0.28418490290641785;0.78;0.4358828663825989;0.12;0.2616674304008484
0.4;0.3932400345802307;0.46;0.46596062183380127;0.42;0.42468175292015076
0.22;0.41340896487236023;0.68;0.23274046182632446;0.1;0.21583621203899384
0.38;0.35455942153930664;0.26;0.2226472645998001;0.12;0.25134554505348206
0.52;0.35387393832206726;0.16;0.27950534224510193;0.18;0.1939457803964615
0.28;0.3636499345302582;0.28;0.373507022857666;0.46;0.3241237998008728
0.34;0.4842529296875;0.28;0.3041905164718628;0.32;0.2981777787208557
0.7;0.49639663100242615;0.26;0.25676867365837097;0.38;0.2727876305580139
0.38;0.4154614508152008;0.14;0.2516040802001953;0.22;0.2087545394897461
0.26;0.28634873032569885;0.38;0.36182907223701477;0.24;0.28932300209999084
0.16;0.40838131308555603;0.48;0.27997058629989624;0.24;0.3527655303478241
0.22;0.24101576209068298;0.34;0.35695093870162964;0.4;0.35265451669692993
0.56;0.4676794707775116;0.28;0.3466155529022217;0.22;0.2668919861316681
0.22;0.3040255904197693;0.5;0.3695937693119049;0.24;0.2508854866027832
0.26;0.32277151942253113;0.6;0.40530890226364136;0.2;0.33500808477401733
0.24;0.18908023834228516;0.16;0.24346117675304413;0.14;0.18061403930187225
0.58;0.4678194522857666;0.34;0.310752272605896;0.1;0.2871587574481964
0.28;0.3112834393978119;0.4;0.3620172441005707;0.32;0.3647172451019287
0.38;0.5164592266082764;0.3;0.2358769178390503;0.22;0.18982093036174774
0.3;0.3274211585521698;0.66;0.2904946208000183;0.14;0.3386165499687195
0.48;0.42399588227272034;0.18;0.35049012303352356;0.42;0.2613011300563812
0.38;0.46541666984558105;0.2;0.1729089617729187;0.1;0.1721971482038498
0.72;0.5379623770713806;0.24;0.1466076523065567;0.14;0.20991787314414978
0.1;0.12651212513446808;0.16;0.3892752230167389;0.46;0.31511738896369934
0.54;0.46809524297714233;0.14;0.16602694988250732;0.34;0.19916146993637085
0.52;0.3820512890815735;0.32;0.38066214323043823;0.38;0.2828194499015808
0.46;0.4618462026119232;0.18;0.25224295258522034;0.42;0.25357842445373535
0.16;0.5766414999961853;0.78;0.20497193932533264;0.1;0.3085154891014099
0.2;0.2281019687652588;0.3;0.4255984425544739;0.28;0.23462596535682678
0.14;0.12266357988119125;0.24;0.3389088213443756;0.4;0.3690548837184906
0.1;0.05208326876163483;0.36;0.47239869832992554;0.46;0.37673670053482056
0.16;0.46226996183395386;0.2;0.16056957840919495;0.1;0.1641998440027237
0.78;0.46771833300590515;0.2;0.33164727687835693;0.38;0.3142889738082886
0.46;0.5023462176322937;0.28;0.14723436534404755;0.14;0.15747058391571045
0.1;0.16652953624725342;0.62;0.32633185386657715;0.3;0.5308490991592407
0.4;0.34283822774887085;0.14;0.23284350335597992;0.34;0.19535142183303833
0.34;0.21421076357364655;0.62;0.4730609953403473;0.24;0.35898634791374207
0.14;0.15609557926654816;0.78;0.6376611590385437;0.42;0.46722611784935
0.88;0.3457023501396179;0.1;0.29931560158729553;0.18;0.2247236669063568
0.38;0.4855169355869293;0.22;0.17606055736541748;0.18;0.20939108729362488
0.34;0.3955518901348114;0.52;0.3924095332622528;0.3;0.45471078157424927
0.38;0.3257237374782562;0.58;0.65036541223526;0.5;0.46475735306739807
0.4;0.32973212003707886;0.46;0.48455697298049927;0.46;0.4441905915737152
0.64;0.5558083653450012;0.34;0.36350664496421814;0.48;0.4094181954860687
0.68;0.5581309199333191;0.2;0.23063112795352936;0.34;0.36697322130203247
0.36;0.413342148065567;0.32;0.3476133942604065;0.46;0.46307915449142456
0.32;0.39870142936706543;0.54;0.34522539377212524;0.3;0.3827815353870392
0.14;0.5365177392959595;0.24;0.2236337661743164;0.22;0.27556854486465454
0.48;0.26935166120529175;0.44;0.24607285857200623;0.16;0.351093590259552
0.1;0.14181609451770782;0.36;0.3596576750278473;0.38;0.2962702512741089
0.56;0.47893717885017395;0.16;0.24293866753578186;0.22;0.20216155052185059
0.2;0.22958853840827942;0.54;0.5629011392593384;0.3;0.3222738802433014
0.18;0.3572186231613159;0.72;0.5766146779060364;0.38;0.4368968904018402
0.16;0.2325616478919983;0.48;0.5428483486175537;0.34;0.32450026273727417
0.26;0.3079509735107422;0.1;0.32073843479156494;0.4;0.34191766381263733
0.18;0.4697706997394562;0.32;0.1978996992111206;0.2;0.18512418866157532
0.24;0.5483302474021912;0.68;0.28958696126937866;0.26;0.4263401925563812
0.58;0.32217225432395935;0.16;0.23456111550331116;0.3;0.21275386214256287
0.34;0.2891111373901367;0.5;0.4947661757469177;0.38;0.38006776571273804
0.1;0.11164701730012894;0.72;0.41396093368530273;0.22;0.33213603496551514
0.68;0.3212655186653137;0.1;0.18321971595287323;0.16;0.22001942992210388
0.56;0.4052738547325134;0.36;0.3024424612522125;0.12;0.23424740135669708
0.52;0.44645267724990845;0.16;0.2869722843170166;0.46;0.3161672055721283
0.44;0.4413576126098633;0.2;0.24853035807609558;0.32;0.17766711115837097
0.44;0.5384709239006042;0.46;0.2959671914577484;0.28;0.3713318705558777
0.52;0.44013717770576477;0.38;0.19562342762947083;0.22;0.2872186303138733
0.66;0.415402889251709;0.1;0.1960517317056656;0.2;0.18402928113937378
0.62;0.48449960350990295;0.12;0.2752028703689575;0.42;0.2666545808315277
0.54;0.3924642503261566;0.34;0.36375901103019714;0.3;0.29158586263656616
0.26;0.37028998136520386;0.58;0.28810980916023254;0.1;0.24347057938575745
0.12;0.20352472364902496;0.5;0.46986326575279236;0.36;0.42806100845336914
0.44;0.432005375623703;0.42;0.17956674098968506;0.12;0.1920708417892456
0.32;0.293647438287735;0.36;0.5445358157157898;0.5;0.42873135209083557
0.2;0.5507045984268188;0.14;0.1826966404914856;0.18;0.25276365876197815
0.12;0.21594670414924622;0.24;0.2948511838912964;0.36;0.3652242422103882
0.84;0.6745033264160156;0.1;0.20858176052570343;0.5;0.33395320177078247
0.32;0.29689261317253113;0.48;0.5008702874183655;0.4;0.4208623766899109
0.42;0.36341041326522827;0.5;0.5284528732299805;0.5;0.48359012603759766
0.18;0.4178718328475952;0.68;0.31276431679725647;0.2;0.40914469957351685
0.4;0.22112470865249634;0.52;0.589100182056427;0.38;0.39921674132347107
0.44;0.34139132499694824;0.3;0.4066058397293091;0.38;0.39381712675094604
0.14;0.31944313645362854;0.12;0.30647462606430054;0.48;0.2584848701953888
0.48;0.3791954517364502;0.44;0.21838106215000153;0.14;0.2205277979373932
0.48;0.5197621583938599;0.22;0.15048003196716309;0.18;0.18574592471122742
0.62;0.4938364028930664;0.12;0.2895655930042267;0.1;0.25411921739578247
0.26;0.5116163492202759;0.46;0.2628732919692993;0.18;0.2766485810279846
0.36;0.4881829619407654;0.62;0.3636852204799652;0.24;0.30993860960006714
0.32;0.2939355671405792;0.58;0.49032482504844666;0.38;0.4240816533565521
0.6;0.44276389479637146;0.14;0.2729754149913788;0.36;0.191268652677536
0.36;0.39958950877189636;0.24;0.4130595326423645;0.32;0.30631595849990845
0.22;0.3125244677066803;0.24;0.2815764546394348;0.24;0.24673640727996826
0.22;0.447078138589859;0.16;0.22589312493801117;0.24;0.18898722529411316
0.14;0.1341935098171234;0.58;0.5795551538467407;0.4;0.41413813829421997
0.54;0.5046447515487671;0.16;0.2703642249107361;0.28;0.35634779930114746
0.14;0.219671830534935;0.74;0.6179081201553345;0.38;0.39957576990127563
0.42;0.36021968722343445;0.52;0.26617130637168884;0.1;0.25705206394195557
0.82;0.3076831102371216;0.14;0.2717284858226776;0.5;0.28183022141456604
0.2;0.16525733470916748;0.56;0.5851146578788757;0.42;0.36602500081062317
0.24;0.3968687057495117;0.38;0.23457124829292297;0.24;0.34882989525794983
0.36;0.361750066280365;0.42;0.40491247177124023;0.14;0.20344528555870056
0.58;0.44450268149375916;0.1;0.2461877465248108;0.5;0.24390944838523865
0.68;0.4788822531700134;0.24;0.32328346371650696;0.32;0.24888737499713898
0.14;0.42142072319984436;0.22;0.2750418484210968;0.3;0.26359954476356506
0.12;0.1485019326210022;0.48;0.4399855136871338;0.36;0.39945608377456665
0.16;0.36396297812461853;0.4;0.4408755898475647;0.42;0.41176119446754456
0.1;0.2249198704957962;0.56;0.4064924716949463;0.28;0.2874593138694763
0.46;0.4205493628978729;0.22;0.24315807223320007;0.12;0.15679340064525604
0.18;0.3243504464626312;0.14;0.3252817690372467;0.48;0.2318091094493866
0.54;0.3899078965187073;0.3;0.29389283061027527;0.14;0.2876209020614624
0.46;0.2782575786113739;0.5;0.5208064317703247;0.36;0.339308500289917
0.12;0.31723877787590027;0.8;0.24378949403762817;0.1;0.27370506525039673
0.54;0.3804278075695038;0.36;0.2681233286857605;0.14;0.20647545158863068
0.1;0.10976452380418777;0.82;0.7177578210830688;0.46;0.49464067816734314
0.32;0.35737231373786926;0.58;0.2958754897117615;0.12;0.2644287645816803
0.3;0.3854979872703552;0.46;0.33959969878196716;0.24;0.3078087568283081
0.52;0.5056007504463196;0.3;0.2193399965763092;0.34;0.34144535660743713
0.74;0.5136058330535889;0.12;0.2692776620388031;0.12;0.2578252851963043
0.5;0.3507024049758911;0.28;0.47446370124816895;0.38;0.35287562012672424
0.78;0.419696569442749;0.16;0.21221473813056946;0.22;0.26177144050598145
0.34;0.3605456054210663;0.4;0.3908208906650543;0.34;0.3151341378688812
0.14;0.18613484501838684;0.62;0.5745476484298706;0.46;0.49648982286453247
0.14;0.24181409180164337;0.8;0.6620425581932068;0.42;0.4936490058898926
0.28;0.5341600775718689;0.66;0.3233641982078552;0.2;0.3706248998641968
0.4;0.4304608702659607;0.58;0.41495606303215027;0.38;0.40467900037765503
0.14;0.41070184111595154;0.74;0.38397547602653503;0.18;0.31446751952171326
0.54;0.26608550548553467;0.24;0.3759964108467102;0.38;0.2875862121582031
0.2;0.26816025376319885;0.16;0.2927866578102112;0.48;0.2910013794898987
0.32;0.40337470173835754;0.66;0.3825583755970001;0.22;0.32075613737106323
0.14;0.2006409913301468;0.44;0.35801899433135986;0.22;0.34039968252182007
0.14;0.555521547794342;0.2;0.19081555306911469;0.16;0.15733151137828827
0.14;0.2764396071434021;0.82;0.3518257141113281;0.14;0.3700339198112488
0.28;0.2608731687068939;0.54;0.42715898156166077;0.3;0.3840119242668152
0.48;0.5130382776260376;0.48;0.2284979373216629;0.18;0.3171451985836029
0.16;0.145516037940979;0.48;0.49017104506492615;0.5;0.517196774482727
0.76;0.39150968194007874;0.18;0.2707095742225647;0.12;0.1561826765537262
0.52;0.3011190891265869;0.36;0.3872581720352173;0.14;0.2799249291419983
0.3;0.5297272801399231;0.48;0.2794576585292816;0.22;0.28929388523101807
0.74;0.45978862047195435;0.18;0.2525538206100464;0.22;0.21675017476081848
0.16;0.14478598535060883;0.4;0.32189828157424927;0.28;0.31967228651046753
0.24;0.6039459705352783;0.62;0.32894471287727356;0.3;0.445556640625
0.62;0.4103350043296814;0.3;0.2653040885925293;0.12;0.1618243306875229
0.12;0.19397586584091187;0.46;0.433848112821579;0.36;0.35180968046188354
0.1;0.41779616475105286;0.34;0.3700158894062042;0.3;0.28821316361427307
0.22;0.2632632553577423;0.46;0.4062827527523041;0.24;0.3821113407611847
0.2;0.18469445407390594;0.68;0.642963171005249;0.48;0.5076842904090881
0.7;0.31863588094711304;0.2;0.35800597071647644;0.48;0.3902839720249176
0.62;0.41426441073417664;0.26;0.216759592294693;0.22;0.19871258735656738
0.52;0.299307256937027;0.3;0.3687375783920288;0.3;0.22035494446754456
0.1;0.05614588037133217;0.84;0.7645492553710938;0.5;0.5354276895523071
0.34;0.2889302968978882;0.44;0.5568191409111023;0.46;0.41882380843162537
0.34;0.18677319586277008;0.6;0.6219558119773865;0.38;0.3416734039783478
0.22;0.44001755118370056;0.7;0.323171466588974;0.24;0.30075111985206604
0.62;0.5692746043205261;0.16;0.21782143414020538;0.16;0.21302923560142517
0.32;0.341426819562912;0.22;0.2829497456550598;0.18;0.2717452943325043
0.12;0.17467059195041656;0.64;0.5229644775390625;0.38;0.48710155487060547
0.46;0.5643652677536011;0.12;0.1599518060684204;0.1;0.1871498078107834
0.46;0.42925041913986206;0.12;0.24721650779247284;0.16;0.19275152683258057
0.64;0.30906572937965393;0.14;0.3584339916706085;0.32;0.25880861282348633
0.1;0.3927343487739563;0.14;0.21141821146011353;0.14;0.17065322399139404
0.52;0.49614042043685913;0.1;0.20424218475818634;0.26;0.16952075064182281
0.18;0.4408418536186218;0.78;0.40782269835472107;0.12;0.24729275703430176
0.54;0.39804908633232117;0.28;0.27893754839897156;0.12;0.20704302191734314
0.5;0.3494795262813568;0.44;0.43322113156318665;0.38;0.38876989483833313
0.48;0.3655215799808502;0.14;0.21638250350952148;0.2;0.22426557540893555
0.24;0.30745142698287964;0.44;0.43419957160949707;0.26;0.32281312346458435
0.28;0.4874454140663147;0.44;0.18254053592681885;0.12;0.21172824501991272
0.12;0.20209525525569916;0.46;0.3853217661380768;0.32;0.3952247202396393
0.22;0.5510006546974182;0.64;0.3126910626888275;0.24;0.40135034918785095
0.6;0.43038591742515564;0.18;0.29805800318717957;0.24;0.2626107335090637
0.78;0.3506568670272827;0.14;0.3932904005050659;0.48;0.2666226029396057
0.1;0.09925056248903275;0.88;0.8015353679656982;0.5;0.5497556924819946
0.46;0.40967079997062683;0.34;0.36434149742126465;0.34;0.3284252882003784
0.18;0.4823473393917084;0.22;0.1616501361131668;0.12;0.22597570717334747
0.42;0.44224515557289124;0.46;0.3962514102458954;0.34;0.4499734044075012
0.52;0.4198041558265686;0.12;0.241740882396698;0.26;0.23189087212085724
0.3;0.3316672444343567;0.64;0.5749009251594543;0.42;0.42809924483299255
0.26;0.25269758701324463;0.54;0.5914138555526733;0.4;0.3742356598377228
0.44;0.44968125224113464;0.52;0.3144981563091278;0.22;0.30524924397468567
0.26;0.5070633292198181;0.62;0.2495400458574295;0.1;0.1765746772289276
0.12;0.3135545253753662;0.7;0.4260021448135376;0.22;0.33232206106185913
0.56;0.4327505826950073;0.32;0.48837167024612427;0.42;0.4324869215488434
0.44;0.4254278242588043;0.1;0.17070573568344116;0.12;0.24845054745674133
0.1;0.13641083240509033;0.8;0.6445646286010742;0.46;0.493068128824234
0.14;0.2709116041660309;0.66;0.6157465577125549;0.38;0.383989542722702
0.36;0.520817220211029;0.26;0.1701611578464508;0.32;0.23363344371318817
0.4;0.29886648058891296;0.56;0.5308313369750977;0.28;0.3319329619407654
0.52;0.5758639574050903;0.32;0.15361016988754272;0.12;0.21483032405376434
0.36;0.3933950364589691;0.6;0.3675553798675537;0.16;0.2588250935077667
0.74;0.502608597278595;0.14;0.16853828728199005;0.12;0.22069351375102997
0.52;0.3518717885017395;0.4;0.5643265247344971;0.48;0.4243415892124176
0.7;0.39835643768310547;0.28;0.45494699478149414;0.48;0.3406497836112976
0.22;0.3216533362865448;0.36;0.4743937849998474;0.42;0.3719223141670227
0.3;0.22870025038719177;0.68;0.6816626787185669;0.48;0.4805328845977783
0.58;0.3712780475616455;0.32;0.46930477023124695;0.46;0.44195500016212463
0.24;0.3082481324672699;0.5;0.25130531191825867;0.22;0.332366943359375
0.56;0.5077241063117981;0.34;0.4182451367378235;0.38;0.40745002031326294
0.48;0.4667045772075653;0.26;0.09253960847854614;0.1;0.16202816367149353
0.64;0.3967554271221161;0.18;0.30687442421913147;0.34;0.32881852984428406
0.14;0.17097458243370056;0.38;0.5039907097816467;0.48;0.4156375825405121
0.36;0.26241740584373474;0.16;0.35534512996673584;0.36;0.3754652440547943
0.26;0.39562463760375977;0.26;0.22868846356868744;0.1;0.24809065461158752
0.1;0.18075188994407654;0.74;0.4208551347255707;0.22;0.38359174132347107
0.28;0.3910393714904785;0.22;0.3523308336734772;0.32;0.20696735382080078
0.64;0.4258861839771271;0.18;0.36611002683639526;0.14;0.26747632026672363
0.44;0.4174855351448059;0.1;0.2257717400789261;0.1;0.2199428379535675
0.44;0.5235605239868164;0.14;0.23726388812065125;0.3;0.23437587916851044
0.16;0.3153162896633148;0.3;0.3220338523387909;0.2;0.24537798762321472
0.3;0.2954736053943634;0.48;0.5695890188217163;0.48;0.4386958181858063
0.48;0.3477006256580353;0.1;0.2204023003578186;0.42;0.2026204764842987
0.46;0.3180491030216217;0.32;0.3169541656970978;0.16;0.33044224977493286
0.12;0.13547606766223907;0.66;0.6928973197937012;0.46;0.4730364680290222
0.26;0.555751621723175;0.1;0.2660016417503357;0.46;0.2878533601760864
0.28;0.26084721088409424;0.36;0.5393341779708862;0.46;0.42080679535865784
0.38;0.42699432373046875;0.12;0.17194686830043793;0.14;0.18620876967906952
0.18;0.4316293001174927;0.14;0.22400863468647003;0.18;0.2649115025997162
0.48;0.3476056158542633;0.16;0.21136058866977692;0.12;0.19007568061351776
0.58;0.5523911714553833;0.12;0.14039704203605652;0.16;0.17417342960834503
0.56;0.371210515499115;0.24;0.334064245223999;0.24;0.2504085898399353
0.18;0.46839505434036255;0.12;0.20624813437461853;0.32;0.26734256744384766
0.4;0.4062332510948181;0.3;0.2326565682888031;0.3;0.23049476742744446
0.54;0.39163413643836975;0.1;0.23454397916793823;0.1;0.2807192802429199
0.6;0.38135701417922974;0.28;0.3334117829799652;0.12;0.26205506920814514
0.76;0.3219315707683563;0.14;0.2625327408313751;0.26;0.24850861728191376
0.2;0.3920617699623108;0.28;0.19861218333244324;0.16;0.1925559937953949
0.3;0.2603340148925781;0.2;0.29992151260375977;0.32;0.16942241787910461
0.4;0.4068220555782318;0.26;0.27512577176094055;0.16;0.2942725718021393
0.82;0.3609185516834259;0.12;0.36566829681396484;0.48;0.23224154114723206
0.46;0.20494218170642853;0.52;0.6609629988670349;0.32;0.269531786441803
0.56;0.47800493240356445;0.34;0.3362712264060974;0.44;0.45545655488967896
0.1;0.5200573801994324;0.82;0.36684948205947876;0.26;0.4513366222381592
0.32;0.25836536288261414;0.22;0.3113414943218231;0.3;0.2606986165046692
0.68;0.37993061542510986;0.18;0.34023597836494446;0.2;0.29501163959503174
0.34;0.35219860076904297;0.46;0.28626418113708496;0.22;0.2739751935005188
0.12;0.18253687024116516;0.86;0.6080584526062012;0.38;0.47566327452659607
0.68;0.5318187475204468;0.3;0.33054760098457336;0.3;0.2820644974708557
0.12;0.16598866879940033;0.32;0.37725624442100525;0.32;0.32243651151657104
0.16;0.47386085987091064;0.14;0.09051039069890976;0.1;0.2046583592891693
0.5;0.24509777128696442;0.2;0.40609055757522583;0.36;0.2965664267539978
0.58;0.4772176444530487;0.18;0.3054438531398773;0.32;0.27437523007392883
0.44;0.3521634042263031;0.14;0.3274286091327667;0.42;0.34077781438827515
0.48;0.5151965022087097;0.1;0.1247253343462944;0.38;0.26871219277381897
0.66;0.452443927526474;0.3;0.3124579191207886;0.26;0.3163812756538391
0.42;0.332678884267807;0.16;0.30280420184135437;0.5;0.31169217824935913
0.44;0.36287516355514526;0.28;0.2615898549556732;0.1;0.22355397045612335
0.38;0.3211674392223358;0.12;0.2943098247051239;0.42;0.22342915832996368
0.1;0.32701942324638367;0.3;0.25418034195899963;0.22;0.23116452991962433
0.1;0.31063228845596313;0.7;0.5599780082702637;0.22;0.3624861538410187
0.58;0.5199984312057495;0.22;0.23563599586486816;0.24;0.29171544313430786
0.52;0.44138073921203613;0.38;0.38795870542526245;0.34;0.30715927481651306
0.38;0.39183637499809265;0.46;0.4938683807849884;0.44;0.3900893032550812
0.28;0.4419049322605133;0.3;0.24623648822307587;0.28;0.24615533649921417
0.1;0.4850432574748993;0.8;0.32288697361946106;0.14;0.30439090728759766
0.14;0.4617825448513031;0.72;0.3966139853000641;0.3;0.4209117889404297
0.44;0.30356326699256897;0.16;0.19122536480426788;0.2;0.19226178526878357
0.7;0.5317223072052002;0.22;0.307110995054245;0.32;0.2769233286380768
0.6;0.38732483983039856;0.34;0.4215008318424225;0.44;0.4113696217536926
0.12;0.13676899671554565;0.76;0.6871874928474426;0.28;0.31585219502449036
0.3;0.21406561136245728;0.6;0.6256565451622009;0.5;0.4941789507865906
0.1;0.28127360343933105;0.4;0.3096185326576233;0.26;0.3477432131767273
0.7;0.42993295192718506;0.14;0.14226657152175903;0.14;0.248758465051651
0.44;0.23642608523368835;0.46;0.5974240303039551;0.46;0.41348856687545776
0.6;0.4630773067474365;0.24;0.2911697030067444;0.32;0.22185437381267548
0.56;0.4282344877719879;0.36;0.4036928117275238;0.42;0.3265981078147888
0.14;0.11431971937417984;0.46;0.5125513672828674;0.46;0.4258693754673004
0.66;0.35943999886512756;0.26;0.3949010670185089;0.3;0.27917376160621643
0.82;0.478189080953598;0.16;0.17198696732521057;0.32;0.22316518425941467
0.36;0.395861953496933;0.34;0.3378322720527649;0.2;0.20401640236377716
0.24;0.2743220925331116;0.58;0.4200531244277954;0.24;0.2839861214160919
0.54;0.4744705259799957;0.18;0.2372732013463974;0.46;0.22561320662498474
0.3;0.3123476803302765;0.16;0.3154515027999878;0.28;0.2274113893508911
0.22;0.37758901715278625;0.14;0.12396802008152008;0.1;0.17893801629543304
0.14;0.38099056482315063;0.4;0.472688227891922;0.42;0.348503053188324
0.4;0.4195287227630615;0.46;0.29861411452293396;0.1;0.25890523195266724
0.12;0.24371875822544098;0.82;0.34295567870140076;0.1;0.32526636123657227
0.44;0.22140958905220032;0.34;0.4537486135959625;0.34;0.2882939279079437
0.1;0.15310417115688324;0.42;0.42859947681427;0.4;0.4345378875732422
0.68;0.3586759567260742;0.22;0.18862384557724;0.12;0.27709075808525085
0.66;0.41445109248161316;0.22;0.3185220956802368;0.32;0.28384459018707275
0.24;0.4557455778121948;0.42;0.32674020528793335;0.42;0.48075753450393677
0.18;0.01722378097474575;0.78;0.8305625319480896;0.4;0.3436906933784485
0.24;0.38713040947914124;0.14;0.20884759724140167;0.24;0.20229139924049377
0.66;0.4456839859485626;0.2;0.24963822960853577;0.2;0.2640296220779419
0.18;0.16766157746315002;0.66;0.5357807278633118;0.36;0.3974350094795227
0.28;0.214919313788414;0.48;0.3220084309577942;0.16;0.3684593737125397
0.24;0.24956342577934265;0.52;0.4623761475086212;0.38;0.3804447054862976
0.2;0.21760831773281097;0.42;0.3770657479763031;0.16;0.2605692744255066
0.24;0.2104184776544571;0.7;0.6825597882270813;0.48;0.5233826637268066
0.46;0.2801893949508667;0.38;0.30638614296913147;0.14;0.29795682430267334
0.6;0.310944527387619;0.26;0.4167926609516144;0.46;0.33868199586868286
0.1;0.20905299484729767;0.62;0.5126188397407532;0.44;0.44013261795043945
0.24;0.3196381628513336;0.42;0.4344026744365692;0.46;0.46310701966285706
0.14;0.1113521084189415;0.48;0.43803003430366516;0.36;0.3767600655555725
0.42;0.2453417330980301;0.38;0.4469515085220337;0.3;0.3159218430519104
0.12;0.3168845772743225;0.2;0.1946873664855957;0.16;0.22353415191173553
0.36;0.33891162276268005;0.18;0.34197086095809937;0.34;0.22238416969776154
0.26;0.25720101594924927;0.62;0.4578395485877991;0.32;0.40335845947265625
0.44;0.40707018971443176;0.38;0.3711176812648773;0.42;0.4218157231807709
0.44;0.4854314923286438;0.14;0.17644605040550232;0.14;0.17400363087654114
0.2;0.24331732094287872;0.2;0.283962607383728;0.32;0.2177618443965912
0.48;0.5141372680664062;0.28;0.2706541121006012;0.1;0.24903544783592224
0.16;0.3788919150829315;0.24;0.30404072999954224;0.3;0.3050798177719116
0.74;0.35735082626342773;0.2;0.21751615405082703;0.2;0.2196093499660492
0.34;0.3122100234031677;0.48;0.34644025564193726;0.26;0.31812435388565063
0.14;0.46178677678108215;0.24;0.3242122530937195;0.34;0.3425637185573578
0.28;0.29213619232177734;0.36;0.34206098318099976;0.22;0.27792829275131226
0.66;0.5371626615524292;0.26;0.2731931805610657;0.32;0.3210873007774353
0.22;0.396378755569458;0.64;0.28342413902282715;0.2;0.3551432490348816
0.38;0.3926989734172821;0.22;0.26141422986984253;0.26;0.27216795086860657
0.3;0.42122164368629456;0.26;0.2978370189666748;0.34;0.26709267497062683
0.18;0.1571601778268814;0.76;0.7745869159698486;0.46;0.42608165740966797
0.32;0.342427134513855;0.44;0.45871639251708984;0.38;0.3528040647506714
0.12;0.2384347915649414;0.38;0.34994083642959595;0.34;0.3919222950935364
0.38;0.3960542380809784;0.16;0.38505762815475464;0.38;0.2601153254508972
0.16;0.23326116800308228;0.46;0.5837567448616028;0.4;0.32616204023361206
0.2;0.43630653619766235;0.16;0.24245423078536987;0.24;0.2203712910413742
0.2;0.4603617191314697;0.6;0.33343949913978577;0.2;0.308693528175354
0.42;0.3525244891643524;0.38;0.4017334282398224;0.32;0.3880355954170227
0.26;0.2026437520980835;0.48;0.6093370914459229;0.46;0.42780810594558716
0.18;0.39671802520751953;0.48;0.33958593010902405;0.22;0.2872701585292816
0.62;0.47634902596473694;0.12;0.2955533266067505;0.44;0.288765013217926
0.46;0.29443901777267456;0.36;0.40463584661483765;0.42;0.34199339151382446
0.24;0.14801186323165894;0.52;0.5276004672050476;0.4;0.3655661940574646
0.38;0.37314650416374207;0.58;0.5307976603507996;0.32;0.35461118817329407
0.1;0.3994367718696594;0.62;0.363674134016037;0.2;0.3741750419139862
0.58;0.42650145292282104;0.18;0.23691368103027344;0.3;0.34899431467056274
0.36;0.49923136830329895;0.22;0.18011842668056488;0.12;0.1786573827266693
0.6;0.5598281621932983;0.36;0.21263913810253143;0.14;0.2646852731704712
0.3;0.20441755652427673;0.56;0.41964709758758545;0.26;0.3728562891483307
0.26;0.24734032154083252;0.38;0.3910005986690521;0.46;0.429029643535614
0.78;0.5305289626121521;0.16;0.35167720913887024;0.42;0.3081637918949127
0.12;0.11513355374336243;0.62;0.5599478483200073;0.42;0.45555371046066284
0.16;0.2010248899459839;0.54;0.6102606654167175;0.48;0.459461510181427
0.4;0.38999101519584656;0.18;0.29378482699394226;0.32;0.19154763221740723
0.22;0.24417461454868317;0.48;0.4950205385684967;0.48;0.4477051794528961
0.12;0.20305706560611725;0.46;0.39392516016960144;0.42;0.43151387572288513
0.34;0.40442997217178345;0.18;0.32882559299468994;0.42;0.20273666083812714
0.62;0.48519688844680786;0.34;0.22260940074920654;0.1;0.20038452744483948
0.12;0.3635968863964081;0.52;0.3244667649269104;0.2;0.23381304740905762
0.64;0.42964085936546326;0.24;0.43702948093414307;0.46;0.31778690218925476
0.54;0.32354429364204407;0.4;0.6064321398735046;0.48;0.35055670142173767
0.3;0.4094979465007782;0.48;0.23431338369846344;0.12;0.21519744396209717
0.36;0.2702932059764862;0.58;0.5015869140625;0.26;0.3081203103065491
0.56;0.38409483432769775;0.2;0.20026357471942902;0.22;0.2887948453426361
0.76;0.47145867347717285;0.18;0.1563338041305542;0.24;0.24836580455303192
0.28;0.390683114528656;0.42;0.19374313950538635;0.1;0.188371941447258
0.28;0.43441981077194214;0.5;0.24447624385356903;0.18;0.22556257247924805
0.38;0.2411901205778122;0.3;0.4384253919124603;0.48;0.38003379106521606
0.44;0.4320153594017029;0.44;0.46209222078323364;0.44;0.39090293645858765
0.3;0.3553030788898468;0.22;0.20916704833507538;0.1;0.18889574706554413
0.18;0.31644946336746216;0.62;0.3938559591770172;0.34;0.4404464662075043
0.34;0.33322638273239136;0.62;0.48862701654434204;0.34;0.468360036611557
0.44;0.23717845976352692;0.14;0.3284333050251007;0.26;0.12132149934768677
0.2;0.22618287801742554;0.6;0.4794936180114746;0.34;0.40155211091041565
0.2;0.16814039647579193;0.74;0.7478911876678467;0.46;0.483924001455307
0.6;0.48496007919311523;0.38;0.40546873211860657;0.5;0.4729587435722351
0.58;0.4237310290336609;0.14;0.26852917671203613;0.2;0.22142407298088074
0.24;0.24514223635196686;0.26;0.39862674474716187;0.46;0.4126701354980469
0.6;0.30885592103004456;0.3;0.5588245987892151;0.44;0.3240649104118347
0.24;0.3108600676059723;0.2;0.34662529826164246;0.44;0.275295615196228
0.18;0.4019845128059387;0.64;0.2647830545902252;0.1;0.27739381790161133
0.26;0.23723691701889038;0.62;0.5724153518676758;0.42;0.409966379404068
0.12;0.4711897671222687;0.58;0.2422390729188919;0.1;0.22201737761497498
0.16;0.29758182168006897;0.24;0.33545997738838196;0.2;0.24203118681907654
0.12;0.4259069561958313;0.14;0.16223090887069702;0.28;0.20099392533302307
0.3;0.3492427468299866;0.1;0.19648131728172302;0.12;0.24309957027435303
0.54;0.4978562295436859;0.18;0.19429752230644226;0.26;0.2128196656703949
0.56;0.3017359673976898;0.38;0.45545533299446106;0.26;0.32691672444343567
0.24;0.4926009774208069;0.52;0.22757023572921753;0.1;0.28252795338630676
0.5;0.4209860563278198;0.14;0.2761138677597046;0.14;0.23700706660747528
0.4;0.4998401403427124;0.16;0.13328228890895844;0.1;0.17658841609954834
0.56;0.5657617449760437;0.34;0.23616503179073334;0.36;0.36605384945869446
0.72;0.7478079199790955;0.26;0.05641815438866615;0.28;0.34843748807907104
0.64;0.32546180486679077;0.16;0.32582369446754456;0.36;0.28155067563056946
0.28;0.4495067596435547;0.38;0.27182266116142273;0.16;0.21638989448547363
0.5;0.18731260299682617;0.4;0.4674866199493408;0.44;0.3702337443828583
0.3;0.4396311938762665;0.36;0.2942565381526947;0.1;0.18055200576782227
0.74;0.41244029998779297;0.16;0.27147555351257324;0.32;0.18279972672462463
0.54;0.3516576588153839;0.36;0.3580157160758972;0.36;0.27712637186050415
0.72;0.3837217688560486;0.14;0.26316890120506287;0.2;0.2309855967760086
0.48;0.508467972278595;0.42;0.3151353895664215;0.22;0.34301117062568665
0.38;0.3788481056690216;0.14;0.23781348764896393;0.46;0.41151076555252075
0.78;0.38449761271476746;0.16;0.20676840841770172;0.24;0.3312557339668274
0.32;0.3067950904369354;0.56;0.48046213388442993;0.36;0.4386530816555023
0.14;0.24091370403766632;0.62;0.3903537094593048;0.26;0.4010143280029297
0.56;0.2989649772644043;0.32;0.4698319733142853;0.34;0.32395249605178833
0.56;0.330155611038208;0.36;0.31333044171333313;0.3;0.35331791639328003
0.4;0.37120285630226135;0.58;0.5775304436683655;0.46;0.45502346754074097
0.26;0.3069978654384613;0.48;0.5085052251815796;0.36;0.3800879418849945
0.3;0.38716474175453186;0.66;0.3499743938446045;0.24;0.4363024830818176
0.16;0.3461669683456421;0.26;0.2483784556388855;0.36;0.21112290024757385
0.54;0.4130168855190277;0.24;0.37352070212364197;0.44;0.41741353273391724
0.36;0.3230234384536743;0.28;0.28485584259033203;0.16;0.2530826926231384
0.8;0.4278374910354614;0.16;0.35695257782936096;0.48;0.25474661588668823
0.1;0.08361884206533432;0.7;0.6845917701721191;0.34;0.34285271167755127
0.64;0.4417242407798767;0.12;0.19468243420124054;0.38;0.21134689450263977
0.52;0.4351770281791687;0.28;0.30038976669311523;0.32;0.34698915481567383
0.24;0.2770538926124573;0.5;0.2728895843029022;0.12;0.300758421421051
0.58;0.5413488745689392;0.14;0.1397939771413803;0.3;0.19511841237545013
0.28;0.3321312367916107;0.58;0.45451587438583374;0.3;0.3375147879123688
0.22;0.3555215895175934;0.54;0.31516021490097046;0.12;0.2284635305404663
0.26;0.38155505061149597;0.5;0.40999191999435425;0.22;0.32359570264816284
0.5;0.3050970435142517;0.34;0.299397349357605;0.24;0.2323785275220871
0.4;0.5241345167160034;0.36;0.24696208536624908;0.28;0.414384126663208
0.16;0.3617504835128784;0.18;0.16144558787345886;0.1;0.23587250709533691
0.5;0.4231318235397339;0.4;0.41687294840812683;0.38;0.43675994873046875
0.72;0.5282310843467712;0.12;0.16415853798389435;0.28;0.15946045517921448
0.12;0.22637073695659637;0.58;0.38363099098205566;0.28;0.42613857984542847
0.42;0.4521785378456116;0.46;0.41222137212753296;0.44;0.4723981022834778
0.8;0.30630895495414734;0.12;0.3347545266151428;0.28;0.30285826325416565
0.36;0.2906467616558075;0.58;0.5758835077285767;0.38;0.3941532075405121
0.28;0.2975892126560211;0.56;0.460438072681427;0.32;0.34987959265708923
0.68;0.33924049139022827;0.22;0.3820117712020874;0.32;0.25600606203079224
0.44;0.5169586539268494;0.52;0.20523454248905182;0.1;0.2140895426273346
0.1;0.1876116842031479;0.82;0.48684531450271606;0.22;0.36111122369766235
0.22;0.463429719209671;0.12;0.14393047988414764;0.14;0.2353401631116867
0.34;0.3554541766643524;0.34;0.40315452218055725;0.46;0.4352371096611023
0.24;0.2892979383468628;0.34;0.3334767520427704;0.3;0.3250708281993866
0.54;0.22171127796173096;0.38;0.5488952398300171;0.44;0.33945101499557495
0.72;0.34414806962013245;0.1;0.24067313969135284;0.18;0.12683013081550598
0.54;0.43988487124443054;0.24;0.3541721701622009;0.28;0.3123641610145569
0.66;0.29859021306037903;0.32;0.37001746892929077;0.28;0.28366798162460327
0.34;0.30199483036994934;0.36;0.21216042339801788;0.12;0.20881226658821106
0.36;0.3286592662334442;0.42;0.43740588426589966;0.46;0.4161599278450012
0.2;0.4435098171234131;0.4;0.27054426074028015;0.18;0.23216906189918518
0.36;0.39952337741851807;0.52;0.2601538300514221;0.1;0.22689175605773926
0.18;0.29874318838119507;0.14;0.2806837558746338;0.4;0.2752951681613922
0.2;0.3483888804912567;0.48;0.5541996955871582;0.38;0.3510452210903168
0.12;0.4462823271751404;0.16;0.2340216338634491;0.34;0.23104719817638397
0.32;0.4057416319847107;0.22;0.28440389037132263;0.42;0.30424243211746216
0.34;0.3452213406562805;0.58;0.5063076019287109;0.3;0.36068907380104065
0.24;0.35281503200531006;0.48;0.3680444657802582;0.26;0.2572568953037262
0.62;0.43217340111732483;0.2;0.27622196078300476;0.26;0.248493954539299
0.54;0.39743316173553467;0.34;0.23659314215183258;0.22;0.30179670453071594
0.16;0.3463785946369171;0.18;0.2372492402791977;0.44;0.2865980863571167
0.42;0.3554646670818329;0.2;0.24976234138011932;0.38;0.19389192759990692
0.18;0.31529462337493896;0.58;0.44384267926216125;0.26;0.36062711477279663
0.54;0.4698072075843811;0.34;0.2568551301956177;0.26;0.2521436810493469
0.28;0.4759237766265869;0.56;0.25213417410850525;0.12;0.25696536898612976
0.74;0.47216418385505676;0.24;0.3527209162712097;0.36;0.3669179379940033
0.4;0.3664153218269348;0.26;0.3313596844673157;0.3;0.2639354169368744
0.1;0.20211005210876465;0.76;0.5468477010726929;0.28;0.3695835471153259
0.14;0.23810333013534546;0.66;0.2554186284542084;0.16;0.29197701811790466
0.64;0.3869715929031372;0.28;0.2946203052997589;0.24;0.2601272463798523
0.66;0.4233030676841736;0.22;0.2647649347782135;0.16;0.19605018198490143
0.6;0.5170469880104065;0.16;0.2320670336484909;0.26;0.2139989137649536
0.26;0.43901053071022034;0.18;0.21932394802570343;0.28;0.16850265860557556
0.12;0.40303274989128113;0.5;0.27317169308662415;0.12;0.2504112124443054
0.3;0.4488941431045532;0.36;0.3630979359149933;0.38;0.43810001015663147
0.5;0.6405447721481323;0.42;0.24506443738937378;0.36;0.40174880623817444
0.16;0.341820627450943;0.74;0.5478150248527527;0.36;0.4325335621833801
0.1;0.2359667420387268;0.88;0.45473358035087585;0.24;0.3645365536212921
0.56;0.33206090331077576;0.42;0.5163816213607788;0.36;0.35683831572532654
0.5;0.4461797773838043;0.12;0.17371754348278046;0.14;0.27918022871017456
0.22;0.4088078737258911;0.38;0.27908217906951904;0.26;0.38556188344955444
0.52;0.4022696912288666;0.1;0.24510155618190765;0.5;0.22351916134357452
0.12;0.5054581165313721;0.68;0.30871909856796265;0.14;0.3138943612575531
0.36;0.29727888107299805;0.32;0.4106246531009674;0.48;0.43278592824935913
0.1;0.10925102233886719;0.72;0.7232456207275391;0.5;0.47099190950393677
0.36;0.3356102705001831;0.48;0.5403264760971069;0.36;0.31254178285598755
0.1;0.0790461003780365;0.7;0.5706550478935242;0.46;0.5360578298568726
0.3;0.2776350677013397;0.24;0.4414394497871399;0.42;0.3192346692085266
0.36;0.48527300357818604;0.16;0.2879698574542999;0.44;0.3281480371952057
0.1;0.3314525783061981;0.88;0.3658475875854492;0.12;0.36812493205070496
0.12;0.11259407550096512;0.22;0.2500613331794739;0.46;0.4512062966823578
0.82;0.42091190814971924;0.12;0.28224849700927734;0.16;0.20906436443328857
0.7;0.45170140266418457;0.22;0.2994484305381775;0.36;0.302007257938385
0.46;0.38198864459991455;0.44;0.4660254120826721;0.48;0.4708673357963562
0.52;0.43869927525520325;0.32;0.24862855672836304;0.1;0.2086658924818039
0.12;0.18268483877182007;0.18;0.3013152778148651;0.36;0.3457437753677368
0.54;0.30305206775665283;0.2;0.39577969908714294;0.44;0.26273787021636963
0.66;0.4001960754394531;0.22;0.34321266412734985;0.46;0.3159235119819641
0.34;0.3360289931297302;0.46;0.26508381962776184;0.12;0.2593889832496643
0.68;0.2753167450428009;0.22;0.2565997838973999;0.1;0.1974586397409439
0.66;0.5149902105331421;0.32;0.14579197764396667;0.22;0.3152223229408264
0.32;0.43148964643478394;0.46;0.2921231985092163;0.18;0.3198922872543335
0.58;0.4606024920940399;0.24;0.14704377949237823;0.22;0.28998783230781555
0.18;0.3442518413066864;0.6;0.531832218170166;0.4;0.4505205750465393
0.36;0.2455463409423828;0.52;0.34195032715797424;0.22;0.32586589455604553
0.18;0.2891235649585724;0.46;0.5146359205245972;0.44;0.4161757528781891
0.12;0.3162367045879364;0.22;0.3604501783847809;0.42;0.33020883798599243
0.72;0.5478227734565735;0.2;0.32196930050849915;0.48;0.39464205503463745
0.48;0.24336110055446625;0.4;0.5197486281394958;0.46;0.4019414484500885
0.5;0.32726389169692993;0.18;0.3684486746788025;0.48;0.32484322786331177
0.6;0.3826838433742523;0.2;0.31136423349380493;0.1;0.22529587149620056
0.16;0.45343950390815735;0.54;0.15077701210975647;0.1;0.3095279932022095
0.18;0.43912458419799805;0.12;0.16639463603496552;0.26;0.21062862873077393
0.28;0.4457678198814392;0.36;0.2808113694190979;0.26;0.3062959313392639
0.18;0.13370761275291443;0.36;0.47797873616218567;0.4;0.38913068175315857
0.2;0.20622184872627258;0.54;0.5582603216171265;0.42;0.3938959836959839
0.38;0.3057297170162201;0.5;0.5215873122215271;0.36;0.3673568069934845
0.66;0.48617634177207947;0.28;0.2953510582447052;0.32;0.30585673451423645
0.1;0.24462048709392548;0.78;0.3425825536251068;0.22;0.3691675364971161
0.12;0.5419084429740906;0.2;0.15106378495693207;0.1;0.19321879744529724
0.36;0.4752424955368042;0.26;0.17553989589214325;0.48;0.4359249472618103
0.48;0.5128300786018372;0.5;0.30679014325141907;0.18;0.2857521176338196
0.52;0.48409411311149597;0.28;0.2284749448299408;0.22;0.22076551616191864
0.2;0.2249339073896408;0.42;0.3948077857494354;0.24;0.2916540503501892
0.46;0.48316657543182373;0.24;0.1939379870891571;0.1;0.24447672069072723
0.68;0.32660266757011414;0.26;0.37055474519729614;0.38;0.19689509272575378
0.26;0.20342886447906494;0.32;0.45114704966545105;0.38;0.3176388442516327
0.12;0.24748824536800385;0.82;0.55473393201828;0.3;0.3668668568134308
0.1;0.3812348544597626;0.72;0.27601027488708496;0.12;0.221360445022583
0.7;0.27689364552497864;0.26;0.3257976472377777;0.26;0.331464022397995
0.18;0.14855016767978668;0.38;0.418796181678772;0.5;0.40994367003440857
0.48;0.31827419996261597;0.22;0.25890353322029114;0.5;0.42358413338661194
0.44;0.3524419367313385;0.3;0.40073519945144653;0.4;0.309165894985199
0.5;0.37172558903694153;0.42;0.44263023138046265;0.42;0.4123530387878418
0.74;0.5655906200408936;0.24;0.3015938103199005;0.16;0.25078096985816956
0.78;0.5304243564605713;0.2;0.14412625133991241;0.12;0.2118792086839676
0.34;0.3757393956184387;0.5;0.3408106863498688;0.28;0.3207426369190216
0.72;0.3338424563407898;0.1;0.2830197215080261;0.2;0.17358002066612244
0.22;0.24131372570991516;0.66;0.5808412432670593;0.42;0.44926053285598755
0.48;0.5252705812454224;0.18;0.22856420278549194;0.16;0.20781779289245605
0.68;0.5940565466880798;0.2;0.1884598433971405;0.28;0.24222354590892792
0.76;0.43166011571884155;0.22;0.18724679946899414;0.12;0.20681950449943542
0.1;0.0406535379588604;0.8;0.7614375352859497;0.36;0.4034404754638672
0.1;0.38141974806785583;0.58;0.24426724016666412;0.22;0.42048463225364685
0.22;0.4020431935787201;0.3;0.22330155968666077;0.18;0.26733115315437317
0.42;0.4149397313594818;0.52;0.4717108905315399;0.4;0.4584485590457916
0.1;-0.04106302186846733;0.38;0.5442779064178467;0.42;0.3825320601463318
0.2;0.3176412284374237;0.1;0.2863346338272095;0.48;0.3422524333000183
0.5;0.2915375232696533;0.48;0.48258090019226074;0.28;0.28699102997779846
0.62;0.46727097034454346;0.2;0.16843117773532867;0.2;0.21800930798053741
0.24;0.4165808856487274;0.4;0.31805849075317383;0.18;0.307926744222641
0.18;0.4601041078567505;0.42;0.3320935368537903;0.34;0.32584795355796814
0.38;0.44653233885765076;0.24;0.27461305260658264;0.28;0.3128106892108917
0.3;0.4413199722766876;0.48;0.23100115358829498;0.24;0.303703248500824
0.24;0.266051322221756;0.34;0.391308456659317;0.36;0.37496787309646606
0.56;0.4034249782562256;0.32;0.19787506759166718;0.1;0.20730099081993103
0.62;0.4576534926891327;0.3;0.36615318059921265;0.32;0.2932347059249878
0.32;0.18555830419063568;0.1;0.1575373113155365;0.22;0.29551202058792114
0.26;0.35161450505256653;0.68;0.40483319759368896;0.18;0.3105781376361847
0.36;0.435260534286499;0.5;0.2548810839653015;0.12;0.14826785027980804
0.18;0.37831181287765503;0.16;0.1781804859638214;0.12;0.15467588603496552
0.54;0.48282623291015625;0.34;0.3800433874130249;0.5;0.4257856011390686
0.56;0.5039913654327393;0.34;0.21530215442180634;0.12;0.31212174892425537
0.24;0.2902704179286957;0.68;0.4552666246891022;0.16;0.2966950535774231
0.16;0.26960378885269165;0.54;0.41208648681640625;0.28;0.33979475498199463
0.24;0.18165159225463867;0.58;0.6777091026306152;0.48;0.47274941205978394
0.28;0.24700352549552917;0.5;0.5508252382278442;0.42;0.4098742604255676
0.6;0.4011097848415375;0.36;0.4527893662452698;0.38;0.361005038022995
0.48;0.41320085525512695;0.22;0.2907738983631134;0.12;0.1845701038837433
0.14;0.17527882754802704;0.38;0.37180253863334656;0.36;0.429971843957901
0.58;0.3297143280506134;0.2;0.2354142814874649;0.16;0.2038394957780838
0.46;0.4335918128490448;0.3;0.22587482631206512;0.12;0.17579993605613708
0.36;0.45002901554107666;0.36;0.267764687538147;0.1;0.1921607106924057
0.44;0.3894762396812439;0.24;0.37843555212020874;0.2;0.255149781703949
0.88;0.549668550491333;0.1;0.11802162230014801;0.14;0.16201134026050568
0.42;0.3101676404476166;0.26;0.29586905241012573;0.26;0.27284228801727295
0.18;0.20866021513938904;0.28;0.44587084650993347;0.5;0.3703386187553406
0.44;0.39344558119773865;0.46;0.42975836992263794;0.44;0.45190301537513733
0.3;0.34994280338287354;0.46;0.28146857023239136;0.1;0.1622382551431656
0.52;0.5110545754432678;0.22;0.2809021770954132;0.34;0.3984474837779999
0.58;0.2985888719558716;0.28;0.5257375240325928;0.38;0.30898040533065796
0.3;0.2709769010543823;0.62;0.593608558177948;0.44;0.45992031693458557
0.18;0.42087221145629883;0.32;0.26823747158050537;0.24;0.19002839922904968
0.3;0.467326819896698;0.42;0.19784170389175415;0.24;0.21810796856880188
0.32;0.34330424666404724;0.4;0.429680734872818;0.36;0.3331467807292938
0.64;0.4359123408794403;0.16;0.10697294771671295;0.1;0.21449542045593262
0.42;0.39961278438568115;0.1;0.2784903645515442;0.46;0.24301393330097198
0.24;0.16365057229995728;0.32;0.22624753415584564;0.16;0.26858437061309814
0.38;0.33233124017715454;0.18;0.38648203015327454;0.42;0.33500850200653076
0.18;0.15317174792289734;0.66;0.41838476061820984;0.28;0.4173758625984192
0.52;0.39425188302993774;0.16;0.3441702425479889;0.42;0.27016550302505493
0.2;0.24652555584907532;0.4;0.5080721378326416;0.38;0.34781286120414734
0.2;0.2901875376701355;0.38;0.38662829995155334;0.26;0.3574824929237366
0.26;0.24429543316364288;0.46;0.5601933002471924;0.42;0.4113958477973938
0.58;0.3838518559932709;0.1;0.2311200648546219;0.3;0.20545756816864014
0.28;0.42323485016822815;0.62;0.4285915195941925;0.34;0.4171826243400574
0.36;0.24858957529067993;0.46;0.4354669451713562;0.2;0.2916555106639862
0.14;0.281429260969162;0.32;0.22176027297973633;0.14;0.2804188132286072
0.72;0.48003098368644714;0.18;0.159229576587677;0.22;0.14772212505340576
0.58;0.432147353887558;0.1;0.19107022881507874;0.32;0.1760396957397461
0.32;0.4008197486400604;0.22;0.2070411890745163;0.38;0.4223484396934509
0.16;0.17117156088352203;0.64;0.6692391037940979;0.5;0.5281250476837158
0.5;0.5203683376312256;0.1;0.027941349893808365;0.16;0.2945370078086853
0.1;0.26965031027793884;0.82;0.618171215057373;0.34;0.4234994947910309
0.26;0.2555956542491913;0.22;0.44874319434165955;0.5;0.3835054636001587
0.22;0.19021426141262054;0.44;0.4276452362537384;0.26;0.3580772280693054
0.52;0.4614241123199463;0.1;0.27062293887138367;0.2;0.25699564814567566
0.68;0.3822014629840851;0.12;0.27496248483657837;0.28;0.15605995059013367
0.1;0.13365678489208221;0.48;0.5790801644325256;0.46;0.4797378480434418
0.62;0.5090240240097046;0.34;0.37628689408302307;0.42;0.33660534024238586
0.24;0.1704910546541214;0.48;0.5442779660224915;0.5;0.4697180390357971
0.14;0.39008423686027527;0.14;0.27883946895599365;0.48;0.25061309337615967
0.2;0.18712936341762543;0.48;0.5888081192970276;0.48;0.4181315302848816
0.22;0.2470473051071167;0.44;0.45515671372413635;0.44;0.41763973236083984
0.12;0.44992169737815857;0.66;0.3118938207626343;0.16;0.2678810954093933
0.56;0.48867520689964294;0.38;0.3771933615207672;0.44;0.44058457016944885
0.2;0.467679500579834;0.12;0.19571565091609955;0.34;0.250728577375412
0.22;0.5741906762123108;0.52;0.2024735063314438;0.12;0.29778948426246643
0.42;0.4116783142089844;0.18;0.35093235969543457;0.36;0.3005896508693695
0.14;0.30107322335243225;0.18;0.3539348542690277;0.42;0.24062606692314148
0.44;0.2900419533252716;0.22;0.4127509891986847;0.42;0.3248209059238434
0.1;0.3072780668735504;0.42;0.4815956652164459;0.34;0.36913982033729553
0.32;0.14534255862236023;0.38;0.4281255006790161;0.38;0.3849795460700989
0.2;0.41211533546447754;0.7;0.5221798419952393;0.34;0.42005905508995056
0.32;0.3452923893928528;0.5;0.2754073441028595;0.14;0.33164599537849426
0.5;0.4836343228816986;0.28;0.22496575117111206;0.26;0.27044472098350525
0.22;0.30844447016716003;0.52;0.30401480197906494;0.2;0.23349742591381073
0.52;0.34161531925201416;0.46;0.5051682591438293;0.42;0.42216935753822327
0.1;0.3872206211090088;0.24;0.22198297083377838;0.32;0.23119202256202698
0.72;0.6776901483535767;0.26;0.24164216220378876;0.48;0.4258851110935211
0.34;0.3098430037498474;0.38;0.29445600509643555;0.3;0.36641308665275574
0.24;0.29500049352645874;0.28;0.34426870942115784;0.2;0.22606179118156433
0.18;0.15356206893920898;0.4;0.4485352635383606;0.42;0.40128597617149353
0.72;0.3511521518230438;0.12;0.2771109342575073;0.4;0.22199197113513947
0.6;0.4217992424964905;0.3;0.3823888897895813;0.34;0.27852851152420044
0.2;0.2936686873435974;0.24;0.25260403752326965;0.34;0.3442329466342926
0.1;0.12612466514110565;0.3;0.5811392068862915;0.46;0.28669071197509766
0.48;0.5305992364883423;0.34;0.31171801686286926;0.48;0.4214511811733246
0.46;0.5302632451057434;0.48;0.2080060839653015;0.1;0.2115100920200348
0.18;0.29153257608413696;0.74;0.5601628422737122;0.28;0.37184542417526245
0.66;0.5202927589416504;0.16;0.3532537519931793;0.46;0.3475951552391052
0.44;0.21461069583892822;0.38;0.37898001074790955;0.3;0.3607664704322815
0.3;0.4034554064273834;0.36;0.3500385582447052;0.46;0.4780034124851227
0.18;0.25520503520965576;0.24;0.3322311043739319;0.36;0.3126184344291687
0.18;0.2712162733078003;0.46;0.31034988164901733;0.24;0.3564719557762146
0.36;0.22059231996536255;0.54;0.5902140140533447;0.32;0.315656840801239
0.12;0.22780907154083252;0.86;0.6690423488616943;0.36;0.4239792823791504
0.64;0.3711647689342499;0.32;0.4573077857494354;0.46;0.29732823371887207
0.32;0.3845387101173401;0.12;0.23012547194957733;0.32;0.22394290566444397
0.52;0.4436573386192322;0.1;0.14587928354740143;0.24;0.1732584834098816
0.36;0.35890695452690125;0.56;0.6126296520233154;0.38;0.3676096498966217
0.16;0.38668957352638245;0.66;0.33027270436286926;0.14;0.31999942660331726
0.42;0.3428857922554016;0.42;0.4731929898262024;0.46;0.4485403895378113
0.22;0.5543805360794067;0.22;0.20915904641151428;0.1;0.21778717637062073
0.34;0.311481773853302;0.58;0.5016383528709412;0.32;0.29461202025413513
0.46;0.3277316689491272;0.34;0.41737100481987;0.36;0.34211403131484985
0.28;0.4610009491443634;0.16;0.22137334942817688;0.14;0.230091854929924
0.14;0.193911612033844;0.24;0.3844866156578064;0.46;0.4204219877719879
0.4;0.4199610650539398;0.3;0.32313987612724304;0.28;0.2808534502983093
0.32;0.36436599493026733;0.66;0.588243842124939;0.5;0.5205239653587341
0.1;0.3018220067024231;0.22;0.25030946731567383;0.38;0.3857496976852417
0.28;0.3296387493610382;0.4;0.17433194816112518;0.12;0.20839336514472961
0.38;0.37619748711586;0.46;0.40242525935173035;0.26;0.24742254614830017
0.1;0.3882407546043396;0.84;0.3801746964454651;0.1;0.1726291924715042
0.74;0.44925013184547424;0.24;0.2982593774795532;0.44;0.3159394860267639
0.2;0.18727682530879974;0.34;0.4429436922073364;0.4;0.321336954832077
0.24;0.1686277538537979;0.56;0.4147930145263672;0.28;0.4201713502407074
0.36;0.4029461145401001;0.12;0.2931917607784271;0.26;0.1839103251695633
0.58;0.23631982505321503;0.36;0.2937672436237335;0.2;0.3117060661315918
0.22;0.1831246167421341;0.38;0.5960098505020142;0.5;0.43688422441482544
0.36;0.29925400018692017;0.16;0.1874578297138214;0.16;0.17993374168872833
0.1;0.19969214498996735;0.78;0.43329229950904846;0.2;0.3576934337615967
0.66;0.425233393907547;0.18;0.21572338044643402;0.2;0.23968419432640076
0.32;0.3003677725791931;0.56;0.6004154682159424;0.44;0.4539586901664734
0.48;0.3328327536582947;0.16;0.2701825797557831;0.28;0.2616083323955536
0.2;0.42277398705482483;0.3;0.17376722395420074;0.12;0.2105017602443695
0.78;0.5010095834732056;0.14;0.2425955832004547;0.14;0.2663412094116211
0.3;0.31874313950538635;0.44;0.3589477241039276;0.32;0.3507895767688751
0.28;0.3050633668899536;0.46;0.5241592526435852;0.48;0.468172550201416
0.18;0.38992738723754883;0.24;0.23037952184677124;0.22;0.21693019568920135
0.2;0.17806082963943481;0.36;0.4492673873901367;0.3;0.3378331959247589
0.4;0.314016729593277;0.56;0.36560964584350586;0.24;0.40217074751853943
0.12;0.15714643895626068;0.34;0.5399030447006226;0.46;0.3921487033367157
0.14;0.44312477111816406;0.38;0.21815049648284912;0.12;0.14807942509651184
0.36;0.27303236722946167;0.36;0.34285399317741394;0.2;0.3251745104789734
0.26;0.2489701211452484;0.5;0.5733121037483215;0.48;0.46374472975730896
0.28;0.2647005021572113;0.52;0.38750407099723816;0.14;0.27822813391685486
0.2;0.3433244228363037;0.18;0.17406083643436432;0.38;0.33824819326400757
0.58;0.36394956707954407;0.36;0.50199955701828;0.44;0.41879644989967346
0.3;0.21606184542179108;0.12;0.2696453332901001;0.14;0.20288965106010437
0.3;0.3968489170074463;0.38;0.24461381137371063;0.1;0.20266732573509216
0.4;0.3266114294528961;0.44;0.4729675054550171;0.32;0.4013223648071289
0.26;0.30503609776496887;0.14;0.1861330270767212;0.24;0.24010388553142548
0.12;0.3821079134941101;0.46;0.3679516613483429;0.22;0.2306065559387207
0.38;0.32837408781051636;0.12;0.3113492727279663;0.36;0.25825101137161255
0.26;0.3197929263114929;0.38;0.47085320949554443;0.48;0.44842129945755005
0.2;0.25303512811660767;0.26;0.30074334144592285;0.18;0.3169272243976593
0.24;0.42206010222435;0.1;0.24467740952968597;0.42;0.1905430555343628
0.56;0.5135899782180786;0.36;0.4052281975746155;0.5;0.4486183226108551
0.24;0.3394744396209717;0.1;0.35857489705085754;0.14;0.1921592503786087
0.36;0.2884701192378998;0.56;0.45070698857307434;0.32;0.36091554164886475
0.12;0.2507290542125702;0.18;0.21324893832206726;0.46;0.2920181453227997
0.32;0.357217401266098;0.6;0.2817530333995819;0.16;0.23236696422100067
0.28;0.3096553087234497;0.3;0.3875344693660736;0.44;0.3088737726211548
0.3;0.32646551728248596;0.58;0.48119595646858215;0.34;0.40995854139328003
0.1;0.402494341135025;0.12;0.24928522109985352;0.14;0.19446873664855957
0.4;0.3355559706687927;0.42;0.3289959132671356;0.42;0.4627557694911957
0.34;0.39986780285835266;0.2;0.17020292580127716;0.1;0.20930957794189453
0.62;0.47988560795783997;0.24;0.24396228790283203;0.2;0.17270924150943756
0.28;0.4274124205112457;0.44;0.34821704030036926;0.26;0.2723158001899719
0.74;0.5211150646209717;0.1;0.22653524577617645;0.16;0.2712860703468323
0.44;0.49635380506515503;0.44;0.1933942437171936;0.14;0.2277604639530182
0.24;0.3488614559173584;0.6;0.3927503526210785;0.22;0.25118890404701233
0.5;0.5924908518791199;0.14;0.24611686170101166;0.5;0.3078135848045349
0.2;0.3283270001411438;0.78;0.5739351511001587;0.3;0.382431298494339
0.16;0.26145678758621216;0.78;0.36111980676651;0.18;0.24826085567474365
0.7;0.48947083950042725;0.1;0.2859194576740265;0.5;0.15293647348880768
0.66;0.4238029420375824;0.22;0.42167821526527405;0.5;0.39815467596054077
0.3;0.3408600687980652;0.6;0.25588926672935486;0.14;0.25407975912094116
0.16;0.3622966408729553;0.52;0.25958898663520813;0.18;0.24178874492645264
0.5;0.3889019191265106;0.1;0.1838289052248001;0.18;0.19075068831443787
0.28;0.1764839142560959;0.44;0.5138131976127625;0.4;0.34130334854125977
0.28;0.27535122632980347;0.58;0.24502117931842804;0.1;0.21035102009773254
0.5;0.4921855628490448;0.4;0.37732163071632385;0.4;0.39492449164390564
0.62;0.5737807154655457;0.34;0.16899579763412476;0.12;0.2602924108505249
0.36;0.3464697599411011;0.4;0.47466570138931274;0.24;0.2799423336982727
0.56;0.5337870121002197;0.16;0.1563580185174942;0.1;0.17933043837547302
0.5;0.3644026815891266;0.3;0.39074358344078064;0.36;0.265336811542511
0.56;0.5971303582191467;0.32;0.33814743161201477;0.5;0.41383689641952515
0.2;0.22661660611629486;0.24;0.3506316542625427;0.48;0.32001927495002747
0.6;0.5515375733375549;0.2;0.15489859879016876;0.12;0.2590644955635071
0.18;0.36967694759368896;0.1;0.26395002007484436;0.22;0.19410379230976105
0.46;0.30160701274871826;0.4;0.313679575920105;0.3;0.37192124128341675
0.48;0.29804858565330505;0.42;0.41435113549232483;0.32;0.34897297620773315
0.32;0.3701765835285187;0.34;0.21964743733406067;0.12;0.31016823649406433
0.14;0.15946312248706818;0.84;0.6049081683158875;0.34;0.4136489927768707
0.5;0.4053327143192291;0.24;0.24150985479354858;0.3;0.1938701719045639
0.24;0.21863101422786713;0.72;0.6789329051971436;0.46;0.4644702076911926
0.86;0.4220350384712219;0.1;0.21841083467006683;0.3;0.22694611549377441
0.36;0.251163125038147;0.18;0.334254652261734;0.36;0.2703297734260559
0.68;0.4578430950641632;0.1;0.2053615152835846;0.24;0.1755131036043167
0.2;0.11569969356060028;0.4;0.3936570882797241;0.42;0.4118761420249939
0.88;0.5835758447647095;0.1;0.23121464252471924;0.42;0.27337846159935
0.26;0.210545614361763;0.66;0.5880901217460632;0.22;0.30673351883888245
0.12;0.28295430541038513;0.78;0.5300214290618896;0.18;0.2797158658504486
0.1;0.47061243653297424;0.16;0.19658419489860535;0.32;0.24001765251159668
0.14;0.5844994187355042;0.18;0.19509942829608917;0.48;0.34851688146591187
0.34;0.32018330693244934;0.2;0.24890808761119843;0.4;0.2658674120903015
0.46;0.42714977264404297;0.14;0.2432563304901123;0.36;0.21703402698040009
0.42;0.48417893052101135;0.1;0.21585939824581146;0.24;0.2716524302959442
0.66;0.5152344107627869;0.1;0.32470083236694336;0.38;0.19468474388122559
0.26;0.291628897190094;0.16;0.3452301025390625;0.12;0.2854776084423065
0.3;0.3069876432418823;0.3;0.4662879705429077;0.46;0.29839423298835754
0.46;0.4885435402393341;0.48;0.24149933457374573;0.2;0.3098042607307434
0.12;0.08908066153526306;0.1;0.19253511726856232;0.34;0.27320700883865356
0.4;0.314087837934494;0.46;0.5417845845222473;0.48;0.4601251184940338
0.28;0.7042770981788635;0.14;0.17875972390174866;0.3;0.32839471101760864
0.34;0.3369750380516052;0.62;0.24081605672836304;0.14;0.2196817398071289
0.62;0.38009029626846313;0.1;0.10509985685348511;0.12;0.18589164316654205
0.42;0.43610066175460815;0.5;0.4456633925437927;0.3;0.34498199820518494
0.2;0.10230564326047897;0.66;0.595079779624939;0.4;0.45324477553367615
0.3;0.2921644449234009;0.66;0.6132020354270935;0.42;0.4823874533176422
0.14;0.2519604563713074;0.4;0.3157155215740204;0.24;0.30808764696121216
0.26;0.3920884132385254;0.58;0.3581509292125702;0.26;0.3876842260360718
0.76;0.44501349329948425;0.2;0.1498328149318695;0.14;0.2205764353275299
0.32;0.1950855702161789;0.42;0.5303148627281189;0.48;0.4674212336540222
0.4;0.3310199975967407;0.4;0.4030952453613281;0.38;0.40227794647216797
0.18;0.2690020501613617;0.32;0.34860628843307495;0.16;0.23993365466594696
0.52;0.4280744194984436;0.16;0.1251557469367981;0.12;0.1695166379213333
0.7;0.47229593992233276;0.14;0.2372557520866394;0.18;0.22275197505950928
0.64;0.39358440041542053;0.26;0.2721477448940277;0.2;0.2625008225440979
0.48;0.3425191640853882;0.14;0.28714415431022644;0.48;0.3018307089805603
0.34;0.36098170280456543;0.4;0.28698062896728516;0.14;0.22864973545074463
0.72;0.42170244455337524;0.12;0.2779909670352936;0.46;0.2781933546066284
0.38;0.42874011397361755;0.12;0.1869189441204071;0.26;0.20535847544670105
0.72;0.4991787374019623;0.14;0.24122408032417297;0.22;0.2055160254240036
0.56;0.43092429637908936;0.32;0.33003491163253784;0.24;0.30094438791275024
0.48;0.45616161823272705;0.18;0.25658711791038513;0.2;0.22210533916950226
0.68;0.43425410985946655;0.3;0.20122253894805908;0.22;0.25460296869277954
0.46;0.49544164538383484;0.1;0.09402847290039062;0.2;0.18411830067634583
0.32;0.312583863735199;0.48;0.49322956800460815;0.38;0.38266780972480774
0.3;0.4080869257450104;0.16;0.3576047420501709;0.42;0.23122236132621765
0.6;0.5430517196655273;0.18;0.30336594581604004;0.48;0.36616846919059753
0.18;0.5821804404258728;0.32;0.28369128704071045;0.26;0.37989142537117004
0.22;0.3427007794380188;0.22;0.31903600692749023;0.28;0.24758121371269226
0.56;0.4104546308517456;0.12;0.24852411448955536;0.34;0.21202564239501953
0.24;0.24197286367416382;0.5;0.24991410970687866;0.1;0.16823378205299377
0.88;0.48935404419898987;0.1;0.14931105077266693;0.38;0.1962757408618927
0.28;0.20556984841823578;0.62;0.5621313452720642;0.26;0.3313719630241394
0.7;0.48518356680870056;0.22;0.3165280520915985;0.42;0.2946268916130066
0.56;0.5674512982368469;0.22;0.2082393765449524;0.26;0.2520570456981659
0.1;0.2727767825126648;0.2;0.2678743898868561;0.5;0.39883607625961304
0.2;0.22346338629722595;0.44;0.37216904759407043;0.26;0.36209505796432495
0.68;0.6375952959060669;0.3;0.25947827100753784;0.48;0.43768948316574097
0.14;0.30326494574546814;0.84;0.5259565114974976;0.26;0.45137232542037964
0.16;0.26947206258773804;0.38;0.3437003195285797;0.24;0.3310593366622925
0.1;0.2756754755973816;0.54;0.4299451410770416;0.34;0.3608699440956116
0.8;0.7983887195587158;0.16;0.10567235201597214;0.26;0.4291735589504242
0.32;0.2904221713542938;0.66;0.47710320353507996;0.28;0.3382870852947235
0.48;0.3076918423175812;0.46;0.5775831937789917;0.44;0.417131245136261
0.4;0.2517330050468445;0.38;0.5486874580383301;0.44;0.40476369857788086
0.32;0.44614142179489136;0.14;0.1583910584449768;0.24;0.17771311104297638
0.6;0.4663181006908417;0.12;0.26136669516563416;0.36;0.24778810143470764
0.62;0.3302988111972809;0.32;0.43840736150741577;0.36;0.3409866690635681
0.24;0.1899336725473404;0.56;0.5825964212417603;0.48;0.469606876373291
0.46;0.38516566157341003;0.26;0.26842939853668213;0.14;0.1990044265985489
0.38;0.41585272550582886;0.2;0.4597182273864746;0.38;0.2869383692741394
0.38;0.2571464776992798;0.48;0.4880295991897583;0.46;0.4835019111633301
0.24;0.39760833978652954;0.32;0.2507147192955017;0.2;0.2796078324317932
0.32;0.3766748011112213;0.42;0.40002936124801636;0.28;0.39984771609306335
0.5;0.462204247713089;0.2;0.2401827722787857;0.26;0.30319780111312866
0.14;0.15193256735801697;0.7;0.5354618430137634;0.3;0.3731840252876282
0.52;0.4548111855983734;0.12;0.17054709792137146;0.2;0.2743808627128601
0.24;0.5129227638244629;0.32;0.20779986679553986;0.14;0.2200072556734085
0.76;0.5278615951538086;0.2;0.2661401927471161;0.26;0.28552529215812683
0.76;0.3490998148918152;0.2;0.3927997648715973;0.46;0.34002912044525146
0.4;0.40429720282554626;0.42;0.21031726896762848;0.1;0.22630850970745087
0.1;0.3397294878959656;0.86;0.3135523498058319;0.1;0.23470079898834229
0.2;0.3038270175457001;0.36;0.17842964828014374;0.12;0.301405131816864
0.2;0.3582944869995117;0.34;0.2860649526119232;0.3;0.34575822949409485
0.16;0.4216385781764984;0.28;0.34123799204826355;0.3;0.2543228566646576
0.22;0.39862945675849915;0.34;0.38674822449684143;0.22;0.30707624554634094
0.2;0.2569138705730438;0.26;0.36293449997901917;0.36;0.25790727138519287
0.52;0.5218818187713623;0.24;0.2677229642868042;0.22;0.27998238801956177
0.58;0.3876152038574219;0.26;0.23146691918373108;0.18;0.250692754983902
0.14;0.16158780455589294;0.34;0.49178242683410645;0.42;0.3873348534107208
0.54;0.38795149326324463;0.24;0.39133474230766296;0.32;0.27522510290145874
0.4;0.28064700961112976;0.48;0.28742358088493347;0.24;0.2821759879589081
0.28;0.2866341769695282;0.66;0.5662595629692078;0.26;0.31030672788619995
0.36;0.5335099697113037;0.48;0.2764871120452881;0.24;0.40545764565467834
0.8;0.30930012464523315;0.18;0.18215426802635193;0.36;0.2896280884742737
0.6;0.5828564167022705;0.26;0.26924794912338257;0.3;0.3475715219974518
0.1;0.3403063416481018;0.26;0.22430264949798584;0.14;0.18106889724731445
0.74;0.5013394355773926;0.24;0.13110026717185974;0.22;0.21563772857189178
0.6;0.3952329456806183;0.28;0.4054628908634186;0.48;0.3294021487236023
0.3;0.4610917270183563;0.28;0.3271617591381073;0.24;0.3032541573047638
0.36;0.30087006092071533;0.34;0.41759631037712097;0.28;0.3136608898639679
0.56;0.44624045491218567;0.42;0.26879504323005676;0.22;0.2756093442440033
0.36;0.2544708847999573;0.2;0.29240986704826355;0.42;0.3611885905265808
0.42;0.4688858091831207;0.14;0.2410665899515152;0.48;0.24628014862537384
0.44;0.4300621449947357;0.46;0.24039775133132935;0.2;0.3515486717224121
0.28;0.3291129469871521;0.24;0.39854884147644043;0.46;0.29091736674308777
0.28;0.1435670554637909;0.66;0.5895570516586304;0.28;0.35296013951301575
0.12;0.17904327809810638;0.48;0.6391750574111938;0.44;0.3859776258468628
0.32;0.2622736692428589;0.56;0.4415784180164337;0.26;0.33694174885749817
0.24;0.2408510148525238;0.46;0.5601698160171509;0.42;0.31687992811203003
0.12;0.1530519276857376;0.62;0.6204075217247009;0.46;0.4990074038505554
0.58;0.406798392534256;0.14;0.21027284860610962;0.12;0.24035048484802246
0.7;0.4251212477684021;0.28;0.45039698481559753;0.34;0.24488119781017303
0.64;0.4124654531478882;0.18;0.2006339728832245;0.24;0.24275970458984375
0.5;0.4533346891403198;0.36;0.3016386330127716;0.3;0.2863054871559143
0.68;0.4771662950515747;0.18;0.19573816657066345;0.16;0.20499496161937714
0.1;0.20523905754089355;0.66;0.5005955696105957;0.32;0.3477977514266968
0.58;0.5081589221954346;0.14;0.07956570386886597;0.24;0.28050366044044495
0.1;0.22585023939609528;0.64;0.5275378823280334;0.3;0.4214515686035156
0.46;0.4657394587993622;0.22;0.2669435441493988;0.42;0.35834676027297974
0.4;0.4345632493495941;0.28;0.23387254774570465;0.12;0.26582175493240356
0.44;0.4479948580265045;0.32;0.2667158246040344;0.26;0.24490487575531006
0.62;0.5144765973091125;0.18;0.2609277367591858;0.28;0.3301621973514557
0.16;0.4282066226005554;0.4;0.20767280459403992;0.12;0.2622787356376648
0.26;0.23914963006973267;0.26;0.4951375424861908;0.46;0.34656912088394165
0.3;0.3088696300983429;0.3;0.31633350253105164;0.26;0.2798073887825012
0.16;0.1792556345462799;0.4;0.24545468389987946;0.16;0.2720589339733124
0.36;0.4156748652458191;0.46;0.4783639907836914;0.46;0.47062617540359497
0.42;0.35524505376815796;0.32;0.3150067627429962;0.4;0.28743600845336914
0.3;0.4143148362636566;0.1;0.2220432460308075;0.24;0.1720574051141739
0.5;0.3423152565956116;0.3;0.4472704827785492;0.48;0.33220136165618896
0.62;0.5056408643722534;0.36;0.33251357078552246;0.28;0.3349452316761017
0.18;0.5045779943466187;0.7;0.10792233049869537;0.12;0.39538127183914185
0.22;0.5384565591812134;0.74;0.31772610545158386;0.16;0.36081159114837646
0.42;0.5843867659568787;0.56;0.3074064552783966;0.32;0.47342586517333984
0.6;0.4048860967159271;0.12;0.2540476620197296;0.5;0.20147113502025604
0.16;0.20569632947444916;0.38;0.3630855083465576;0.5;0.495797336101532
0.46;0.5215659737586975;0.52;0.1984904557466507;0.16;0.30423301458358765
0.2;0.3289424479007721;0.28;0.311291366815567;0.38;0.3232865333557129
0.22;0.42656469345092773;0.28;0.27243462204933167;0.26;0.23885691165924072
0.64;0.48423150181770325;0.12;0.12116573750972748;0.1;0.16256529092788696
0.48;0.3287765681743622;0.18;0.3103679120540619;0.46;0.27642202377319336
0.54;0.3758944869041443;0.4;0.3831697106361389;0.36;0.30924203991889954
0.74;0.6875734329223633;0.18;0.15831303596496582;0.18;0.25828468799591064
0.28;0.35438165068626404;0.5;0.32724645733833313;0.24;0.30019766092300415
0.48;0.37372100353240967;0.46;0.2960045337677002;0.16;0.3273533582687378
0.32;0.4006926119327545;0.3;0.2862429916858673;0.28;0.28765252232551575
0.26;0.229324609041214;0.58;0.5404318571090698;0.36;0.41974180936813354
0.46;0.35543176531791687;0.36;0.3055536448955536;0.22;0.24201443791389465
0.12;0.22449195384979248;0.72;0.6237419843673706;0.42;0.4892002046108246
0.14;0.4396182894706726;0.76;0.22332727909088135;0.1;0.22094294428825378
0.3;0.351513534784317;0.32;0.3730456233024597;0.34;0.31355029344558716
0.5;0.4453202784061432;0.26;0.11697296053171158;0.12;0.2213299721479416
0.1;0.39525526762008667;0.66;0.36860671639442444;0.18;0.31161195039749146
0.68;0.3483109772205353;0.24;0.24780748784542084;0.26;0.2642953395843506
0.14;0.1546420305967331;0.58;0.6391828060150146;0.5;0.46859827637672424
0.5;0.461536705493927;0.28;0.34339162707328796;0.36;0.3311409056186676
0.36;0.2808493971824646;0.36;0.4983523488044739;0.46;0.38216695189476013
0.38;0.3280348479747772;0.26;0.33011457324028015;0.5;0.4336833357810974
0.64;0.35326695442199707;0.22;0.23192095756530762;0.2;0.20767991244792938
0.14;0.4346095025539398;0.1;0.1821964532136917;0.26;0.19351020455360413
0.1;0.21016472578048706;0.34;0.31255975365638733;0.24;0.20133821666240692
0.8;0.5337424874305725;0.14;0.0749608725309372;0.12;0.16634884476661682
0.1;0.18251359462738037;0.24;0.3800451457500458;0.36;0.23934869468212128
0.22;0.33910679817199707;0.12;0.26372578740119934;0.44;0.2614319920539856
0.3;0.5599574446678162;0.4;0.2121211737394333;0.22;0.34652405977249146
0.3;0.2989899218082428;0.46;0.33967894315719604;0.18;0.23466706275939941
0.34;0.36399534344673157;0.1;0.233494833111763;0.3;0.2457994967699051
0.3;0.5540617108345032;0.12;0.1685229241847992;0.12;0.2015906572341919
0.44;0.161939799785614;0.32;0.6044149398803711;0.44;0.27390256524086
0.18;0.3608633577823639;0.3;0.2506400942802429;0.14;0.24639911949634552
0.18;0.22916299104690552;0.12;0.2993786931037903;0.5;0.3367164731025696
0.54;0.2258463054895401;0.14;0.13575847446918488;0.14;0.17686215043067932
0.56;0.42043569684028625;0.28;0.19579611718654633;0.18;0.2037186622619629
0.28;0.35944464802742004;0.7;0.39150792360305786;0.22;0.3558671176433563
0.44;0.40697181224823;0.38;0.4727742373943329;0.46;0.3671170175075531
0.68;0.4128267467021942;0.14;0.13091370463371277;0.12;0.19700191915035248
0.34;0.34342458844184875;0.46;0.3849906921386719;0.4;0.45796728134155273
0.54;0.45820292830467224;0.34;0.3486979901790619;0.4;0.4499568045139313
0.12;0.23153755068778992;0.5;0.32475027441978455;0.18;0.2859441339969635
0.4;0.45641836524009705;0.48;0.4146399199962616;0.42;0.388333797454834
0.16;0.13110224902629852;0.52;0.5951529145240784;0.46;0.431572288274765
0.22;0.28625521063804626;0.18;0.25693678855895996;0.26;0.23487111926078796
0.6;0.4101567268371582;0.24;0.33134016394615173;0.36;0.2846270799636841
0.18;0.38479265570640564;0.48;0.1834615170955658;0.1;0.26666852831840515
0.22;0.20506955683231354;0.72;0.7217463850975037;0.5;0.49660176038742065
0.36;0.27626892924308777;0.6;0.6299553513526917;0.5;0.5099201798439026
0.52;0.4110763669013977;0.36;0.3795347213745117;0.38;0.34117892384529114
0.48;0.655272901058197;0.12;0.07371122390031815;0.12;0.3482094705104828
0.38;0.4406845271587372;0.3;0.34074145555496216;0.16;0.2930128276348114
0.24;0.46901947259902954;0.52;0.29993465542793274;0.26;0.30341434478759766
0.46;0.434346079826355;0.26;0.3257533311843872;0.36;0.3443268835544586
0.16;0.20670124888420105;0.56;0.615525484085083;0.42;0.3822459280490875
0.14;0.229806050658226;0.76;0.5585748553276062;0.24;0.32856544852256775
0.46;0.5521051287651062;0.12;0.17512820661067963;0.28;0.19868218898773193
0.74;0.3408629894256592;0.14;0.3114853799343109;0.5;0.35177093744277954
0.14;0.3283027410507202;0.82;0.36095207929611206;0.1;0.26444050669670105
0.44;0.4137198328971863;0.38;0.33643293380737305;0.14;0.29551687836647034
0.38;0.46136826276779175;0.52;0.37702199816703796;0.18;0.2792786955833435
0.28;0.2535618841648102;0.54;0.4772416651248932;0.24;0.3320237994194031
0.24;0.3009708523750305;0.66;0.5466235280036926;0.36;0.4342750608921051
0.5;0.43802738189697266;0.1;0.10989135503768921;0.14;0.17534269392490387
0.16;0.21404589712619781;0.56;0.6351807117462158;0.46;0.4299277663230896
0.5;0.4190124571323395;0.38;0.5207363367080688;0.5;0.41548776626586914
0.4;0.4111139476299286;0.36;0.32756736874580383;0.18;0.2586795687675476
0.74;0.6197959780693054;0.16;0.20457832515239716;0.46;0.3094894289970398
0.1;0.30177465081214905;0.72;0.5095653533935547;0.38;0.4643884599208832
0.68;0.3388046622276306;0.22;0.42588117718696594;0.3;0.3430316150188446
0.14;0.4632388651371002;0.28;0.21743743121623993;0.2;0.1985057294368744
0.3;0.489836722612381;0.14;0.159735307097435;0.22;0.22201454639434814
0.46;0.4267748296260834;0.22;0.125477135181427;0.14;0.18999452888965607
0.28;0.4279562830924988;0.6;0.19503509998321533;0.14;0.25241655111312866
0.26;0.06844562292098999;0.1;0.40020397305488586;0.48;0.26678869128227234
0.16;0.2721843421459198;0.6;0.3117751181125641;0.16;0.23490986227989197
0.28;0.3883228302001953;0.32;0.3178912401199341;0.38;0.37576824426651
0.58;0.48997411131858826;0.2;0.24664172530174255;0.32;0.26677265763282776
0.66;0.6156525611877441;0.16;0.20780183374881744;0.12;0.22162160277366638
0.28;0.2943301796913147;0.36;0.45634084939956665;0.44;0.35981982946395874
0.5;0.4434894919395447;0.1;0.1917998194694519;0.26;0.23835165798664093
0.76;0.4720163345336914;0.2;0.23200485110282898;0.24;0.24425628781318665
0.32;0.44935306906700134;0.42;0.32661011815071106;0.1;0.28131020069122314
0.46;0.3918988108634949;0.28;0.3454068601131439;0.44;0.2787171006202698
0.58;0.4560740292072296;0.18;0.16641026735305786;0.22;0.2615116536617279
0.5;0.410646915435791;0.26;0.2533772885799408;0.1;0.2193179577589035
0.22;0.41070249676704407;0.36;0.21911948919296265;0.16;0.19000789523124695
0.64;0.5325436592102051;0.24;0.2258112132549286;0.2;0.20427577197551727
0.28;0.2042805403470993;0.66;0.6007050275802612;0.32;0.40940770506858826
0.24;0.3443177044391632;0.14;0.21961285173892975;0.22;0.2586463689804077
0.12;0.13045227527618408;0.84;0.7967470288276672;0.48;0.5518825650215149
0.14;0.24535687267780304;0.38;0.30216917395591736;0.2;0.2573360800743103
0.34;0.41136476397514343;0.54;0.43218281865119934;0.42;0.45742368698120117
0.86;0.4396722614765167;0.12;0.16972710192203522;0.18;0.13786110281944275
0.52;0.3703150153160095;0.22;0.37553656101226807;0.32;0.2981111407279968
0.62;0.23353399336338043;0.14;0.15024353563785553;0.1;0.1733660101890564
0.24;0.21815624833106995;0.64;0.6037776470184326;0.44;0.4618469774723053
0.22;0.23272393643856049;0.16;0.2502721846103668;0.3;0.22807006537914276
0.26;0.3480547368526459;0.34;0.3564193546772003;0.42;0.35488361120224
0.42;0.342081755399704;0.1;0.2380153238773346;0.1;0.20411653816699982
0.4;0.5101830363273621;0.36;0.24900850653648376;0.24;0.312402606010437
0.62;0.48459962010383606;0.28;0.3602253198623657;0.26;0.3349064290523529
0.3;0.6122896075248718;0.2;0.09029990434646606;0.22;0.307992160320282
0.2;0.44015878438949585;0.48;0.34244877099990845;0.16;0.3337877690792084
0.24;0.4263816475868225;0.6;0.2565077245235443;0.1;0.25996726751327515
0.24;0.423438161611557;0.26;0.27909135818481445;0.4;0.3122035264968872
0.22;0.26941022276878357;0.26;0.3711804747581482;0.34;0.22121408581733704
0.48;0.39838770031929016;0.44;0.46780893206596375;0.48;0.4487382769584656
0.14;0.300424724817276;0.6;0.26595792174339294;0.16;0.3824324309825897
0.18;0.33036932349205017;0.42;0.29438501596450806;0.22;0.24321138858795166
0.8;0.42407509684562683;0.16;0.16064505279064178;0.14;0.20926864445209503
0.26;0.2196456491947174;0.14;0.11564148217439651;0.14;0.1557827889919281
0.26;0.38626202940940857;0.54;0.38665154576301575;0.32;0.38951998949050903
0.54;0.45699843764305115;0.26;0.13045838475227356;0.12;0.19781801104545593
0.26;0.3376505374908447;0.66;0.3711182773113251;0.18;0.3597773015499115
0.36;0.2990167737007141;0.48;0.5425094962120056;0.46;0.4398612082004547
0.24;0.3637080192565918;0.26;0.26246991753578186;0.14;0.21917298436164856
0.26;0.4594212472438812;0.2;0.21661211550235748;0.14;0.2550559937953949
0.5;0.45784735679626465;0.4;0.36713409423828125;0.12;0.32047566771507263
0.54;0.4376300275325775;0.32;0.27146410942077637;0.24;0.23403696715831757
0.52;0.4175797998905182;0.18;0.31893354654312134;0.14;0.21433544158935547
0.24;0.13050000369548798;0.68;0.6798707842826843;0.48;0.5408689975738525
0.6;0.4380301237106323;0.3;0.3191486597061157;0.32;0.25910526514053345
0.16;0.23617826402187347;0.12;0.19262368977069855;0.14;0.29556387662887573
0.16;0.3802848160266876;0.7;0.4407558739185333;0.3;0.4078996777534485
0.1;0.3428363502025604;0.3;0.29922088980674744;0.12;0.19498828053474426
0.78;0.2987913489341736;0.2;0.2566531300544739;0.1;0.1740708202123642
0.26;0.5159146785736084;0.22;0.2142697125673294;0.2;0.24283365905284882
0.14;0.2819300591945648;0.48;0.28356119990348816;0.12;0.2242865115404129
0.36;0.24888494610786438;0.1;0.27051764726638794;0.3;0.3124687373638153
0.36;0.407682865858078;0.28;0.16078516840934753;0.1;0.19579079747200012
0.3;0.42308539152145386;0.22;0.26744914054870605;0.14;0.22985157370567322
0.54;0.587552547454834;0.28;0.2363082468509674;0.34;0.35133129358291626
0.24;0.373246967792511;0.74;0.44172120094299316;0.18;0.22027453780174255
0.34;0.44423216581344604;0.5;0.2395651489496231;0.2;0.27725595235824585
0.56;0.541509211063385;0.4;0.37980446219444275;0.32;0.34932854771614075
0.84;0.42079535126686096;0.12;0.20311501622200012;0.14;0.2042752206325531
0.74;0.5019106864929199;0.14;0.15830907225608826;0.14;0.11552746593952179
0.4;0.4457924962043762;0.24;0.27008548378944397;0.34;0.37319812178611755
0.24;0.26749342679977417;0.5;0.3656027615070343;0.28;0.35216209292411804
0.62;0.4006859064102173;0.18;0.28081369400024414;0.36;0.2478448450565338
0.34;0.22775109112262726;0.38;0.1978672295808792;0.1;0.3101525902748108
0.3;0.3594353199005127;0.32;0.37739476561546326;0.32;0.25439661741256714
0.3;0.40983152389526367;0.68;0.5124180912971497;0.3;0.3189920485019684
0.22;0.33493953943252563;0.46;0.3678041100502014;0.28;0.386860191822052
0.52;0.22277489304542542;0.12;0.3878069519996643;0.42;0.2379772961139679
0.28;0.3593634068965912;0.24;0.45643889904022217;0.42;0.3379316031932831
0.3;0.28205132484436035;0.1;0.3021101653575897;0.48;0.2429068386554718
0.28;0.3869841992855072;0.56;0.27656540274620056;0.14;0.23421445488929749
0.24;0.26737669110298157;0.44;0.41628384590148926;0.28;0.4218108057975769
0.26;0.4090680181980133;0.34;0.1541493833065033;0.38;0.4584711194038391
0.32;0.42877116799354553;0.5;0.3920765817165375;0.36;0.4206625819206238
0.74;0.38303709030151367;0.22;0.24531809985637665;0.14;0.18156543374061584
0.5;0.46231603622436523;0.34;0.33085906505584717;0.28;0.30657631158828735
0.24;0.4415135979652405;0.12;0.10218165069818497;0.16;0.30019643902778625
0.38;0.44505244493484497;0.2;0.3040103018283844;0.3;0.24278979003429413
0.3;0.32400673627853394;0.16;0.33317118883132935;0.38;0.35607221722602844
0.16;0.4041776657104492;0.12;0.1878623217344284;0.34;0.21040859818458557
0.52;0.2989388108253479;0.42;0.5854218602180481;0.48;0.39705607295036316
0.46;0.3025382459163666;0.1;0.26658907532691956;0.46;0.2652321457862854
0.22;0.10383540391921997;0.28;0.37509870529174805;0.44;0.37676385045051575
0.38;0.2681167721748352;0.6;0.6337026953697205;0.48;0.43862876296043396
0.14;0.31569749116897583;0.16;0.2901889383792877;0.26;0.24778518080711365
0.54;0.3944122791290283;0.22;0.2489447146654129;0.36;0.3075811266899109
0.2;0.15853168070316315;0.4;0.44675111770629883;0.4;0.3843497633934021
0.16;0.31411901116371155;0.12;0.2646162807941437;0.5;0.2789475917816162
0.6;0.3379332423210144;0.16;0.33301976323127747;0.48;0.261331707239151
0.1;0.2808690667152405;0.12;0.27744510769844055;0.46;0.24766281247138977
0.12;0.5378297567367554;0.76;0.2374366968870163;0.1;0.23701956868171692
0.2;0.20998629927635193;0.32;0.3571343421936035;0.24;0.2977912425994873
0.1;0.3792911767959595;0.68;0.2812737226486206;0.14;0.32163333892822266
0.1;0.19324304163455963;0.82;0.30507656931877136;0.14;0.29179808497428894
0.26;0.2303743064403534;0.7;0.7402791976928711;0.48;0.4902710020542145
0.4;0.4390915632247925;0.3;0.23043544590473175;0.24;0.275193452835083
0.86;0.4306592345237732;0.1;0.17805325984954834;0.18;0.22448763251304626
0.42;0.49607333540916443;0.22;0.24903114140033722;0.44;0.4111199378967285
0.44;0.3665943145751953;0.44;0.42452192306518555;0.42;0.43667975068092346
0.28;0.3792465925216675;0.64;0.5851790904998779;0.44;0.4604557156562805
0.5;0.4174658954143524;0.34;0.1056293472647667;0.12;0.2327730357646942
0.3;0.3164594769477844;0.26;0.27149373292922974;0.16;0.24748365581035614
0.44;0.2235676646232605;0.48;0.4986957907676697;0.28;0.34168532490730286
0.62;0.6389635801315308;0.18;0.1539856195449829;0.1;0.23376759886741638
0.12;0.17922350764274597;0.34;0.2855217456817627;0.36;0.3145272731781006
0.74;0.5219524502754211;0.22;0.31666210293769836;0.5;0.3569278419017792
0.5;0.3735347390174866;0.46;0.2972489595413208;0.26;0.30141201615333557
0.5;0.44757410883903503;0.48;0.1985168308019638;0.2;0.2377203404903412
0.48;0.2897871732711792;0.42;0.5346871614456177;0.48;0.44305649399757385
0.18;0.12902508676052094;0.28;0.406187504529953;0.4;0.3435159921646118
0.36;0.4738461673259735;0.3;0.364775151014328;0.36;0.3650679886341095
0.32;0.38878875970840454;0.6;0.3613588809967041;0.14;0.27693673968315125
0.18;0.26587364077568054;0.7;0.43785160779953003;0.22;0.401390939950943
0.78;0.43568652868270874;0.12;0.21284711360931396;0.18;0.19957813620567322
0.46;0.4550725221633911;0.1;0.24025443196296692;0.14;0.20676741003990173
0.56;0.3836088478565216;0.36;0.2098817080259323;0.1;0.21599812805652618
0.5;0.3595147430896759;0.26;0.27719172835350037;0.36;0.24206368625164032
0.7;0.3984833359718323;0.28;0.38353508710861206;0.4;0.23971030116081238
0.2;0.2178281992673874;0.46;0.49249356985092163;0.3;0.31869247555732727
0.24;0.14471080899238586;0.6;0.6822157502174377;0.48;0.43432870507240295
0.26;0.3907065689563751;0.34;0.33235618472099304;0.4;0.40108203887939453
0.18;0.37413454055786133;0.36;0.23133213818073273;0.18;0.2600555419921875
0.3;0.3137444853782654;0.24;0.3104402422904968;0.4;0.29915839433670044
0.36;0.41538089513778687;0.46;0.22734273970127106;0.18;0.2502714693546295
0.38;0.3495856523513794;0.54;0.1548551619052887;0.1;0.21449105441570282
0.7;0.4038323760032654;0.28;0.10230415314435959;0.26;0.40146905183792114
0.76;0.7771934866905212;0.22;0.08106378465890884;0.38;0.45125192403793335
0.18;0.2781704068183899;0.38;0.37112435698509216;0.36;0.2775808870792389
0.28;0.2532408833503723;0.32;0.4364435374736786;0.44;0.36284297704696655
0.6;0.3966810703277588;0.32;0.3449859321117401;0.26;0.24594640731811523
0.72;0.4473256468772888;0.12;0.1789923459291458;0.36;0.25453662872314453
0.32;0.3852795660495758;0.38;0.3627459704875946;0.28;0.2766842842102051
0.1;0.40224361419677734;0.52;0.2610969543457031;0.12;0.187077134847641
0.56;0.4774335026741028;0.1;0.2043251097202301;0.36;0.20676836371421814
0.16;0.22362679243087769;0.42;0.31640109419822693;0.18;0.3091530203819275
0.74;0.5145639181137085;0.2;0.3294944167137146;0.38;0.3254910707473755
0.16;0.2767793834209442;0.4;0.23252391815185547;0.34;0.4014328122138977
0.32;0.3105165958404541;0.56;0.4885442554950714;0.38;0.4045325219631195
0.1;0.5243693590164185;0.14;0.22959165275096893;0.24;0.19373920559883118
0.26;0.18353590369224548;0.54;0.5352103114128113;0.5;0.4898815155029297
0.42;0.333015114068985;0.18;0.4028145670890808;0.48;0.3205607831478119
0.22;0.23623551428318024;0.56;0.5104588270187378;0.48;0.5094297528266907
0.62;0.3163034915924072;0.22;0.28369107842445374;0.18;0.2330123633146286
0.1;0.29891127347946167;0.82;0.400786429643631;0.24;0.4235219955444336
0.6;0.4183523654937744;0.1;0.22876214981079102;0.32;0.278236985206604
0.68;0.4631864130496979;0.2;0.1761525422334671;0.16;0.19916421175003052
0.52;0.4618385434150696;0.4;0.3865159749984741;0.5;0.49826163053512573
0.46;0.4496099650859833;0.4;0.4007059633731842;0.46;0.4823032319545746
0.4;0.3694031536579132;0.36;0.2951265275478363;0.34;0.37610185146331787
0.16;0.3101397752761841;0.44;0.4583599269390106;0.46;0.42785778641700745
0.2;0.48535779118537903;0.7;0.2831697463989258;0.18;0.434089720249176
0.64;0.46514683961868286;0.26;0.35321903228759766;0.22;0.2529441714286804
0.16;0.36935552954673767;0.68;0.4200142025947571;0.26;0.43443813920021057
0.38;0.26559165120124817;0.58;0.6329848170280457;0.46;0.44409188628196716
0.18;0.17546617984771729;0.52;0.5558907389640808;0.46;0.44936761260032654
0.62;0.5382866859436035;0.3;0.3215728998184204;0.48;0.43089064955711365
0.36;0.48154810070991516;0.28;0.26329749822616577;0.28;0.32054924964904785
0.26;0.5182167887687683;0.7;0.38166025280952454;0.18;0.3116043210029602
0.46;0.3843303918838501;0.14;0.23006577789783478;0.3;0.2676375210285187
0.36;0.34787747263908386;0.44;0.38996511697769165;0.3;0.3479061722755432
0.2;0.5241609811782837;0.18;0.14940989017486572;0.22;0.15354204177856445
0.68;0.27566269040107727;0.24;0.5762034058570862;0.44;0.28442054986953735
0.26;0.3854662775993347;0.3;0.3625885546207428;0.36;0.3165041208267212
0.62;0.46026864647865295;0.12;0.2835550308227539;0.22;0.17783352732658386
0.64;0.4828625023365021;0.18;0.1395195722579956;0.3;0.324126660823822
0.16;0.1488344818353653;0.7;0.6769155859947205;0.42;0.39992231130599976
0.1;0.30938342213630676;0.44;0.3391093313694;0.32;0.30699360370635986
0.16;0.24016840755939484;0.2;0.42438971996307373;0.4;0.31426236033439636
0.68;0.5459275841712952;0.14;0.21233874559402466;0.1;0.21672192215919495
0.34;0.4340135157108307;0.58;0.36682453751564026;0.16;0.3439318537712097
0.38;0.2774648070335388;0.1;0.32303228974342346;0.48;0.2404833734035492
0.14;0.15449638664722443;0.3;0.5499934554100037;0.48;0.35204681754112244
0.42;0.27179044485092163;0.34;0.5009779334068298;0.44;0.3236744999885559
0.68;0.42108651995658875;0.26;0.26000455021858215;0.12;0.26915332674980164
0.14;0.46764564514160156;0.18;0.20144443213939667;0.14;0.183839350938797
0.18;0.32236233353614807;0.1;0.3123377859592438;0.48;0.3276117444038391
0.32;0.36933013796806335;0.64;0.35971200466156006;0.14;0.23955030739307404
0.72;0.4167079031467438;0.24;0.41184431314468384;0.46;0.3395974040031433
0.82;0.41117191314697266;0.12;0.18627497553825378;0.28;0.17260505259037018
0.22;0.39527425169944763;0.22;0.25756391882896423;0.38;0.30223560333251953
0.32;0.3736610412597656;0.62;0.32337695360183716;0.16;0.23500943183898926
0.18;0.17518189549446106;0.5;0.5129695534706116;0.44;0.4655281901359558
0.14;0.2927798926830292;0.2;0.4482014775276184;0.48;0.332454115152359
0.46;0.2759040892124176;0.26;0.352443128824234;0.26;0.2206314504146576
0.16;0.18525660037994385;0.26;0.24417445063591003;0.2;0.33713778853416443
0.38;0.2929956316947937;0.58;0.6152035593986511;0.48;0.4436921179294586
0.26;0.40592193603515625;0.46;0.2245897352695465;0.1;0.23504796624183655
0.18;0.3296154737472534;0.58;0.463408887386322;0.22;0.2739424705505371
0.42;0.46531978249549866;0.14;0.28815722465515137;0.26;0.3066749572753906
0.18;0.20009279251098633;0.7;0.6247600317001343;0.48;0.5287122130393982
0.2;0.2830550968647003;0.24;0.4574514925479889;0.4;0.289116770029068
0.42;0.38692572712898254;0.4;0.26852738857269287;0.26;0.34417662024497986
0.32;0.41235968470573425;0.14;0.15681041777133942;0.38;0.26671332120895386
0.5;0.4334930181503296;0.14;0.25943896174430847;0.46;0.2720016837120056
0.56;0.4064120054244995;0.12;0.31116151809692383;0.32;0.2550048232078552
0.12;0.252447247505188;0.26;0.2611336410045624;0.4;0.3503456711769104
0.36;0.4386628270149231;0.36;0.28989025950431824;0.16;0.2222299873828888
0.76;0.475732684135437;0.1;0.20706255733966827;0.2;0.184060737490654
0.58;0.5216460227966309;0.12;0.14235687255859375;0.12;0.17737022042274475
0.74;0.4017755389213562;0.16;0.22159746289253235;0.28;0.2624838352203369
0.18;0.3872658610343933;0.8;0.4500296115875244;0.22;0.2895171642303467
0.6;0.4336598515510559;0.16;0.24287596344947815;0.32;0.23395267128944397
0.46;0.43808045983314514;0.2;0.3881269097328186;0.5;0.35300901532173157
0.24;0.5577107071876526;0.68;0.3681371510028839;0.22;0.40781211853027344
0.24;0.1681634485721588;0.1;0.1996467411518097;0.16;0.2869563102722168
0.72;0.402085542678833;0.16;0.25531139969825745;0.28;0.19443044066429138
0.5;0.522864580154419;0.36;0.14768429100513458;0.22;0.31854724884033203
0.14;0.6268304586410522;0.26;0.24694938957691193;0.44;0.3402869999408722
0.42;0.5096516013145447;0.28;0.2534465193748474;0.26;0.290057510137558
0.28;0.37801483273506165;0.14;0.2995021343231201;0.36;0.17858652770519257
0.22;0.38956907391548157;0.16;0.22399131953716278;0.36;0.1981273591518402
0.32;0.37977850437164307;0.6;0.4446113705635071;0.28;0.35887259244918823
0.36;0.5162314772605896;0.62;0.24753886461257935;0.1;0.25622376799583435
0.28;0.39425280690193176;0.64;0.2690468728542328;0.14;0.2118411511182785
0.34;0.4069562256336212;0.44;0.2932349145412445;0.12;0.21450892090797424
0.1;0.3232077956199646;0.18;0.24998889863491058;0.38;0.2498151957988739
0.48;0.3975850045681;0.2;0.26720157265663147;0.2;0.20915918052196503
0.72;0.4350287616252899;0.22;0.33037880063056946;0.2;0.1864437311887741
0.4;0.3376181423664093;0.58;0.35499095916748047;0.16;0.3104257881641388
0.2;0.3171464204788208;0.18;0.3420830965042114;0.4;0.2537842094898224
0.24;0.16526059806346893;0.5;0.6924240589141846;0.5;0.38350552320480347
0.42;0.3829849660396576;0.12;0.204666867852211;0.3;0.2524898648262024
0.24;0.4175742268562317;0.62;0.36665770411491394;0.24;0.4287789463996887
0.1;0.19639268517494202;0.82;0.40134090185165405;0.12;0.27581125497817993
0.1;0.29126328229904175;0.82;0.4259946942329407;0.18;0.3430432975292206
0.3;0.391114741563797;0.16;0.2469405084848404;0.2;0.2400519847869873
0.22;0.29664137959480286;0.3;0.44002729654312134;0.34;0.33405017852783203
0.48;0.616771936416626;0.12;0.22221197187900543;0.1;0.22023606300354004
0.3;0.3985764980316162;0.14;0.1667264997959137;0.1;0.21038523316383362
0.78;0.6220079660415649;0.12;0.12273041158914566;0.2;0.2792629599571228
0.48;0.26412123441696167;0.38;0.5518787503242493;0.36;0.3424050211906433
0.36;0.5101131200790405;0.34;0.29727107286453247;0.32;0.334602028131485
0.44;0.3823820948600769;0.1;0.19495435059070587;0.32;0.24193599820137024
0.66;0.3806263208389282;0.2;0.3376990854740143;0.38;0.2248043268918991
0.2;0.16758134961128235;0.54;0.5612853169441223;0.36;0.41510429978370667
0.56;0.23776264488697052;0.38;0.3663466274738312;0.22;0.2629200220108032
0.26;0.3790271580219269;0.68;0.3195387125015259;0.2;0.380799800157547
0.38;0.5358257293701172;0.36;0.1656215637922287;0.1;0.25051817297935486
0.26;0.4145415723323822;0.56;0.18192704021930695;0.1;0.20726220309734344
0.1;0.1954742819070816;0.72;0.5033122897148132;0.26;0.37619727849960327
0.6;0.48702272772789;0.28;0.31291085481643677;0.34;0.3025561571121216
0.58;0.4354211091995239;0.28;0.39935463666915894;0.36;0.28434687852859497
0.54;0.4403325319290161;0.14;0.20049159228801727;0.12;0.20117728412151337
0.44;0.3006865680217743;0.24;0.2757090926170349;0.3;0.31252285838127136
0.1;0.24107740819454193;0.5;0.3219245672225952;0.2;0.3319108784198761
0.18;0.18688802421092987;0.34;0.4051956534385681;0.34;0.3337554931640625
0.38;0.29739025235176086;0.36;0.45039358735084534;0.48;0.41413626074790955
0.24;0.3439839482307434;0.68;0.3428049683570862;0.1;0.183051198720932
0.26;0.5436237454414368;0.54;0.1209007203578949;0.22;0.3913739323616028
0.14;0.37168100476264954;0.52;0.26772555708885193;0.28;0.34350043535232544
0.18;0.40683186054229736;0.1;0.2579082250595093;0.4;0.20971965789794922
0.42;0.3906167447566986;0.28;0.2983606457710266;0.5;0.4782944321632385
0.68;0.3796479105949402;0.14;0.1378953456878662;0.26;0.3092629313468933
0.48;0.4556029736995697;0.44;0.3922790586948395;0.28;0.3079221248626709
0.6;0.4773092567920685;0.38;0.4307864010334015;0.46;0.3651517331600189
0.36;0.25597521662712097;0.24;0.41597890853881836;0.38;0.2715587019920349
0.22;0.4617542326450348;0.16;0.12199684232473373;0.16;0.19543445110321045
0.36;0.3639318346977234;0.48;0.3988781273365021;0.26;0.341083824634552
0.32;0.469801664352417;0.12;0.17661996185779572;0.16;0.15493711829185486
0.48;0.43020394444465637;0.16;0.23662069439888;0.42;0.25528305768966675
0.18;0.20172084867954254;0.2;0.20621055364608765;0.28;0.2826418876647949
0.36;0.33922770619392395;0.26;0.27417635917663574;0.46;0.3890770375728607
0.14;0.21470674872398376;0.68;0.43939903378486633;0.34;0.46321743726730347
0.32;0.443643182516098;0.42;0.34243983030319214;0.4;0.4079103469848633
0.16;0.47325965762138367;0.32;0.1805252730846405;0.12;0.199875146150589
0.1;0.25013232231140137;0.32;0.45829081535339355;0.42;0.3467642664909363
0.24;0.47210997343063354;0.24;0.3553512692451477;0.3;0.26140040159225464
0.16;0.17737096548080444;0.38;0.36261045932769775;0.44;0.42780303955078125
0.34;0.4414718449115753;0.4;0.20901721715927124;0.12;0.2025729864835739
0.58;0.42500218749046326;0.12;0.23110678791999817;0.5;0.19970554113388062
0.3;0.3904891312122345;0.14;0.20657023787498474;0.34;0.20982369780540466
0.32;0.21624614298343658;0.5;0.5706527829170227;0.5;0.490847110748291
0.42;0.3663540482521057;0.32;0.49998143315315247;0.28;0.33518701791763306
0.44;0.45845770835876465;0.34;0.2863486111164093;0.3;0.35378363728523254
0.32;0.364084929227829;0.54;0.22970017790794373;0.18;0.23675081133842468
0.76;0.5840418338775635;0.2;0.21815478801727295;0.18;0.24570044875144958
0.24;0.38942939043045044;0.58;0.4645983576774597;0.36;0.424093633890152
0.22;0.36424604058265686;0.12;0.3256250321865082;0.2;0.27504080533981323
0.34;0.3237287402153015;0.26;0.23300334811210632;0.16;0.25429993867874146
0.26;0.41996240615844727;0.2;0.27504411339759827;0.22;0.18420441448688507
0.38;0.39590486884117126;0.2;0.23243005573749542;0.2;0.21099400520324707
0.46;0.32700538635253906;0.3;0.18681451678276062;0.28;0.3191242814064026
0.54;0.4257800877094269;0.18;0.25733277201652527;0.14;0.26163360476493835
0.1;0.1965055614709854;0.34;0.2393370121717453;0.28;0.3852989077568054
0.26;0.4458465874195099;0.12;0.24779421091079712;0.14;0.20408055186271667
0.2;0.15497960150241852;0.76;0.6578347086906433;0.38;0.41467350721359253
0.24;0.2616053521633148;0.38;0.4424666464328766;0.4;0.33998042345046997
0.42;0.4607327878475189;0.12;0.22315458953380585;0.22;0.19829581677913666
0.4;0.5750516057014465;0.24;0.30749741196632385;0.16;0.17312389612197876
0.24;0.38336944580078125;0.12;0.35524415969848633;0.38;0.23747405409812927
0.16;0.34060439467430115;0.54;0.23885469138622284;0.2;0.3153800070285797
0.2;0.523888885974884;0.74;0.23842447996139526;0.2;0.30516988039016724
0.76;0.5331277847290039;0.16;0.24605010449886322;0.44;0.26994186639785767
0.16;0.440207839012146;0.16;0.1389998346567154;0.1;0.22322824597358704
0.28;0.14502815902233124;0.58;0.5964297652244568;0.48;0.45929908752441406
0.54;0.19542387127876282;0.42;0.27375397086143494;0.16;0.18878571689128876
0.42;0.33840274810791016;0.2;0.4082990884780884;0.46;0.3541709780693054
0.2;0.34917598962783813;0.16;0.29279372096061707;0.44;0.19169270992279053
0.32;0.4354257881641388;0.2;0.20995725691318512;0.28;0.21311967074871063
0.88;0.41700994968414307;0.1;0.1603062003850937;0.1;0.2687891721725464
0.24;0.217166930437088;0.6;0.5274136662483215;0.28;0.36709266901016235
0.24;0.38711467385292053;0.12;0.20933397114276886;0.5;0.32176727056503296
0.6;0.3658047616481781;0.3;0.41019341349601746;0.5;0.41626614332199097
0.6;0.39703673124313354;0.18;0.32867634296417236;0.3;0.20706045627593994
0.54;0.18885301053524017;0.12;0.297235369682312;0.32;0.18377681076526642
0.48;0.36627495288848877;0.34;0.502042829990387;0.3;0.3014511466026306
0.16;0.24221226572990417;0.1;0.2615501880645752;0.34;0.21600446105003357
0.32;0.23033319413661957;0.24;0.31430134177207947;0.14;0.2746172845363617
0.52;0.3910280168056488;0.34;0.26660290360450745;0.1;0.13629792630672455
0.12;0.38121700286865234;0.28;0.3243691325187683;0.18;0.15870943665504456
0.14;0.3403867483139038;0.3;0.21279343962669373;0.18;0.3218781352043152
0.3;0.34775498509407043;0.64;0.3359088599681854;0.16;0.3247336745262146
0.26;0.5092061161994934;0.28;0.2902691960334778;0.18;0.3033812940120697
0.38;0.47062039375305176;0.58;0.2910357117652893;0.2;0.31589657068252563
0.16;0.2720356285572052;0.38;0.4287373423576355;0.3;0.34214675426483154
0.26;0.48441168665885925;0.56;0.23222295939922333;0.12;0.18137359619140625
0.3;0.39465412497520447;0.3;0.23151907324790955;0.32;0.3131130635738373
0.16;0.3683139681816101;0.3;0.3920243978500366;0.3;0.2894558608531952
0.14;0.41618022322654724;0.58;0.4365484416484833;0.2;0.33120474219322205
0.62;0.4003615975379944;0.12;0.28639209270477295;0.46;0.26956358551979065
0.3;0.1949794441461563;0.5;0.5281205773353577;0.32;0.36371123790740967
0.14;0.5118688344955444;0.18;0.15165215730667114;0.2;0.2085520476102829
0.5;0.37609273195266724;0.42;0.34355494379997253;0.28;0.4022333025932312
0.78;0.42871832847595215;0.14;0.151117205619812;0.1;0.25210246443748474
0.3;0.3527570366859436;0.38;0.3532673418521881;0.4;0.43539220094680786
0.1;0.24272699654102325;0.56;0.47231635451316833;0.32;0.40182170271873474
0.22;0.2728101313114166;0.38;0.24524761736392975;0.12;0.23436947166919708
0.26;0.35615313053131104;0.34;0.18498174846172333;0.1;0.2043338567018509
0.24;0.19245891273021698;0.22;0.3955864906311035;0.44;0.29275673627853394
0.24;0.32861337065696716;0.6;0.484586238861084;0.32;0.3524954915046692
0.34;0.474583238363266;0.38;0.1973462700843811;0.22;0.28248918056488037
0.54;0.28748130798339844;0.44;0.4123283922672272;0.26;0.4337274432182312
0.18;0.2415163516998291;0.62;0.6273692846298218;0.5;0.49611204862594604
0.32;0.46801722049713135;0.3;0.17424824833869934;0.1;0.21339865028858185
0.16;0.5146413445472717;0.22;0.22067002952098846;0.16;0.28810566663742065
0.6;0.37142521142959595;0.24;0.4570453464984894;0.5;0.36188143491744995
0.46;0.41802483797073364;0.16;0.2500203251838684;0.32;0.23662348091602325
0.28;0.0498347245156765;0.34;0.5484555959701538;0.4;0.4022284150123596
0.64;0.46873852610588074;0.12;0.16383370757102966;0.18;0.1842409372329712
0.12;0.2127951979637146;0.8;0.5527045130729675;0.3;0.4333677887916565
0.62;0.4388013184070587;0.34;0.4040534794330597;0.48;0.3805634379386902
0.68;0.3971622586250305;0.16;0.21681280434131622;0.1;0.26625901460647583
0.32;0.32822826504707336;0.46;0.3215698301792145;0.14;0.2280188351869583
0.5;0.38650211691856384;0.16;0.3766036033630371;0.2;0.20408105850219727
0.56;0.4092249274253845;0.2;0.23468829691410065;0.16;0.18740293383598328
0.1;0.18408186733722687;0.26;0.332352876663208;0.42;0.34809210896492004
0.58;0.42766422033309937;0.18;0.24893097579479218;0.2;0.2637891471385956
0.38;0.31870371103286743;0.5;0.4208575487136841;0.18;0.24478168785572052
0.36;0.3978223502635956;0.56;0.22803378105163574;0.18;0.2867088317871094
0.32;0.35270610451698303;0.38;0.39176318049430847;0.16;0.28870731592178345
0.16;0.24573221802711487;0.26;0.2705853581428528;0.38;0.2786031663417816
0.1;0.6013445258140564;0.5;0.34794166684150696;0.24;0.3106447458267212
0.46;0.34232544898986816;0.22;0.19081778824329376;0.1;0.23346522450447083
0.2;0.28739193081855774;0.22;0.43138715624809265;0.42;0.2851901352405548
0.56;0.4412778317928314;0.24;0.3728085160255432;0.4;0.3260886073112488
0.28;0.43808451294898987;0.48;0.2547985017299652;0.18;0.2392500340938568
0.4;0.4541873037815094;0.44;0.20208796858787537;0.1;0.3184610605239868
0.12;0.3936927914619446;0.82;0.3630461096763611;0.12;0.2792830169200897
0.82;0.48309728503227234;0.12;0.07905381172895432;0.1;0.1683177649974823
0.22;0.3291184902191162;0.2;0.27717557549476624;0.1;0.21201220154762268
0.12;0.4380631446838379;0.68;0.12921975553035736;0.1;0.19583222270011902
0.16;0.20574851334095;0.46;0.6188632249832153;0.48;0.463130384683609
0.3;0.35388198494911194;0.34;0.3889167904853821;0.3;0.35837623476982117
0.16;0.3773970603942871;0.1;0.2414703071117401;0.5;0.33888697624206543
0.76;0.49276086688041687;0.22;0.3098713755607605;0.36;0.31501954793930054
0.7;0.38121768832206726;0.14;0.3955089747905731;0.44;0.2836025357246399
0.42;0.44432440400123596;0.1;0.170502707362175;0.18;0.196398064494133
0.5;0.3443177044391632;0.34;0.35558030009269714;0.18;0.18308085203170776
0.12;0.29125067591667175;0.48;0.3841097354888916;0.18;0.31457358598709106
0.14;0.04953213408589363;0.76;0.7548415064811707;0.38;0.41358479857444763
0.18;0.3960099220275879;0.2;0.2515067756175995;0.22;0.25852712988853455
0.36;0.3630664646625519;0.3;0.4733181893825531;0.44;0.3903876841068268
0.1;0.10250984132289886;0.62;0.543092668056488;0.4;0.39687806367874146
0.36;0.32031458616256714;0.42;0.4013979434967041;0.28;0.3252790868282318
0.2;0.46703028678894043;0.22;0.23044665157794952;0.2;0.22974491119384766
0.18;0.10820715129375458;0.58;0.6663594245910645;0.48;0.4593917727470398
0.7;0.38439658284187317;0.2;0.2964341342449188;0.26;0.17159824073314667
0.24;0.3252823054790497;0.14;0.1713554710149765;0.34;0.26067906618118286
0.82;0.48026251792907715;0.16;0.13392528891563416;0.12;0.19098325073719025
0.34;0.3815450370311737;0.54;0.3578942120075226;0.3;0.32080501317977905
0.64;0.5455114245414734;0.22;0.19425778090953827;0.14;0.24938471615314484
0.18;0.3348333537578583;0.74;0.37865588068962097;0.3;0.401580274105072
0.56;0.3096044063568115;0.22;0.3879782557487488;0.44;0.29605627059936523
0.32;0.36100876331329346;0.62;0.267350435256958;0.14;0.28999385237693787
0.32;0.3634532392024994;0.36;0.37389928102493286;0.32;0.2742401361465454
0.58;0.42050668597221375;0.24;0.21541224420070648;0.3;0.23943884670734406
0.44;0.42030471563339233;0.54;0.3936387002468109;0.24;0.282976895570755
0.3;0.23669947683811188;0.54;0.5453681945800781;0.4;0.44003087282180786
0.52;0.6217145919799805;0.28;0.21293504536151886;0.3;0.31710073351860046
0.68;0.41208505630493164;0.2;0.24594438076019287;0.24;0.20693600177764893
0.28;0.2071095108985901;0.44;0.5363914966583252;0.38;0.32814812660217285
0.14;0.41588905453681946;0.3;0.24415168166160583;0.1;0.24559172987937927
0.22;0.2715677320957184;0.58;0.6110307574272156;0.32;0.3635728657245636
0.26;0.5106631517410278;0.4;0.32589685916900635;0.32;0.3367522358894348
0.5;0.3793208599090576;0.28;0.3301761746406555;0.28;0.26747646927833557
0.14;0.37234705686569214;0.16;0.2811916470527649;0.38;0.2292439490556717
0.2;0.33968234062194824;0.6;0.40366947650909424;0.16;0.288837730884552
0.12;0.15212225914001465;0.26;0.4154214859008789;0.48;0.34268853068351746
0.56;0.3801681697368622;0.38;0.4464968144893646;0.42;0.3470322787761688
0.42;0.42553195357322693;0.12;0.16824309527873993;0.2;0.2060556411743164
0.14;0.2060902714729309;0.16;0.42500925064086914;0.5;0.2522987425327301
0.3;0.21636341512203217;0.68;0.5778119564056396;0.42;0.438870370388031
0.1;0.3073163628578186;0.86;0.3969854712486267;0.2;0.32863110303878784
0.12;0.37751108407974243;0.1;0.16358526051044464;0.22;0.17190757393836975
0.52;0.3729581832885742;0.26;0.42851096391677856;0.5;0.368350625038147
0.6;0.4204699695110321;0.14;0.20689161121845245;0.12;0.201825350522995
0.8;0.36651530861854553;0.1;0.27325499057769775;0.26;0.24355943500995636
0.18;0.4478468894958496;0.1;0.10718155652284622;0.12;0.19110390543937683
0.12;0.08462333679199219;0.16;0.25886476039886475;0.3;0.12218125909566879
0.24;0.5646812319755554;0.34;0.19591358304023743;0.22;0.30297017097473145
0.22;0.37957900762557983;0.74;0.4354773759841919;0.22;0.28933924436569214
0.38;0.31137293577194214;0.38;0.3900262713432312;0.28;0.27787449955940247
0.24;0.3603787422180176;0.1;0.23604124784469604;0.26;0.19013015925884247
0.46;0.4306468963623047;0.36;0.2480929046869278;0.3;0.4275481104850769
0.1;0.3256447911262512;0.1;0.29600027203559875;0.16;0.16282066702842712
0.44;0.4236849844455719;0.1;0.23247742652893066;0.2;0.19170138239860535
0.62;0.5361061096191406;0.22;0.28812944889068604;0.42;0.33429864048957825
0.44;0.4297771751880646;0.34;0.2825603783130646;0.46;0.4555234909057617
0.16;0.1110888421535492;0.52;0.6830798387527466;0.5;0.4365294575691223
0.22;0.29095014929771423;0.28;0.30620691180229187;0.22;0.29450613260269165
0.1;0.05726233124732971;0.62;0.637999415397644;0.36;0.33454781770706177
0.24;0.43353021144866943;0.68;0.24621263146400452;0.14;0.24665741622447968
0.2;0.208718940615654;0.28;0.20574191212654114;0.42;0.4278544485569
0.7;0.3038482666015625;0.22;0.513202965259552;0.48;0.29614850878715515
0.22;0.37386348843574524;0.54;0.36869341135025024;0.18;0.3133719563484192
0.44;0.24973149597644806;0.16;0.32592132687568665;0.36;0.23318305611610413
0.64;0.5081780552864075;0.28;0.31030043959617615;0.14;0.38272157311439514
0.1;0.4058365225791931;0.1;0.1461038887500763;0.28;0.31085169315338135
0.34;0.414449006319046;0.12;0.2165195345878601;0.28;0.19811314344406128
0.42;0.4351198971271515;0.28;0.24601532518863678;0.16;0.24191050231456757
0.28;0.4203628897666931;0.58;0.24287186563014984;0.14;0.19616195559501648
0.44;0.30820751190185547;0.42;0.5213550329208374;0.34;0.38913482427597046
0.2;0.5435311198234558;0.16;0.214104562997818;0.14;0.20718452334403992
0.3;0.17484718561172485;0.3;0.3907282054424286;0.44;0.3592800199985504
0.44;0.3602614998817444;0.48;0.5752047896385193;0.42;0.3953326940536499
0.1;0.112115278840065;0.58;0.4586751461029053;0.32;0.4113573133945465
0.48;0.36859673261642456;0.46;0.552604615688324;0.42;0.36719605326652527
0.34;0.3582858443260193;0.48;0.425737589597702;0.4;0.45389261841773987
0.22;0.5372903347015381;0.72;0.22685082256793976;0.16;0.27997025847435
0.48;0.2656072974205017;0.16;0.2997204065322876;0.24;0.2860937714576721
0.24;0.30497705936431885;0.64;0.30383700132369995;0.14;0.2989545464515686
0.28;0.36033228039741516;0.52;0.40420740842819214;0.26;0.21657916903495789
0.34;0.24906247854232788;0.4;0.3469902575016022;0.26;0.2480504810810089
0.56;0.30312278866767883;0.4;0.34772199392318726;0.3;0.2725122570991516
0.16;0.16843590140342712;0.18;0.3260933756828308;0.36;0.32304978370666504
0.52;0.5299290418624878;0.12;0.13612617552280426;0.22;0.21446958184242249
0.4;0.4043309986591339;0.54;0.3911098837852478;0.22;0.3197092115879059
0.1;0.3424791097640991;0.18;0.21034109592437744;0.18;0.2282676249742508
0.76;0.4622887074947357;0.14;0.1297752559185028;0.14;0.16684295237064362
0.18;0.28630530834198;0.26;0.34615564346313477;0.24;0.24813500046730042
0.38;0.36837926506996155;0.48;0.3643181324005127;0.32;0.41200047731399536
0.1;0.10861815512180328;0.44;0.5210991501808167;0.38;0.3347828984260559
0.38;0.42663753032684326;0.28;0.27486222982406616;0.12;0.17613238096237183
0.12;0.36486953496932983;0.44;0.32647979259490967;0.3;0.34756940603256226
0.1;0.1849975734949112;0.18;0.2709699273109436;0.5;0.3620506525039673
0.48;0.344740092754364;0.18;0.22602179646492004;0.1;0.1937934160232544
0.54;0.4177195727825165;0.18;0.21841362118721008;0.32;0.21739740669727325
0.24;0.31057631969451904;0.24;0.21846427023410797;0.16;0.23249273002147675
0.74;0.49122127890586853;0.24;0.36084452271461487;0.38;0.35316434502601624
0.64;0.5092657804489136;0.14;0.1394048035144806;0.1;0.20819628238677979
0.1;0.42948755621910095;0.74;0.282787948846817;0.1;0.32574498653411865
0.34;0.45159289240837097;0.12;0.2674553692340851;0.24;0.19375893473625183
0.14;0.3587688207626343;0.52;0.4588172733783722;0.26;0.3066287338733673
0.3;0.3199633061885834;0.14;0.22852367162704468;0.3;0.22621957957744598
0.76;0.3743249773979187;0.14;0.2059258371591568;0.18;0.16642418503761292
0.36;0.5405046343803406;0.22;0.1889268159866333;0.16;0.2018345147371292
0.16;0.17016896605491638;0.38;0.5226268172264099;0.32;0.3165562152862549
0.14;0.4122953414916992;0.42;0.19449688494205475;0.2;0.23460689187049866
0.48;0.45625996589660645;0.36;0.36054012179374695;0.28;0.2921796441078186
0.46;0.43616214394569397;0.34;0.21169279515743256;0.22;0.36822816729545593
0.16;0.09208010882139206;0.26;0.38932058215141296;0.26;0.21586719155311584
0.56;0.6011057496070862;0.42;0.13474337756633759;0.1;0.23548345267772675
0.72;0.49256354570388794;0.24;0.16578297317028046;0.1;0.23224277794361115
0.48;0.38263171911239624;0.24;0.32752272486686707;0.12;0.234150692820549
0.2;0.28865596652030945;0.2;0.33532649278640747;0.44;0.30668896436691284
0.22;0.32658451795578003;0.14;0.3425317108631134;0.48;0.2716596722602844
0.28;0.37834039330482483;0.64;0.3431081175804138;0.18;0.37462377548217773
0.1;0.23918208479881287;0.34;0.3137154281139374;0.26;0.210805743932724
0.36;0.3188684582710266;0.52;0.5521810054779053;0.32;0.3145788311958313
0.44;0.38405168056488037;0.44;0.37960129976272583;0.24;0.33456602692604065
0.32;0.2641458511352539;0.66;0.6349388957023621;0.46;0.4766491949558258
0.16;0.23593609035015106;0.24;0.3854299783706665;0.4;0.2787558138370514
0.5;0.47213253378868103;0.1;0.23921114206314087;0.2;0.262276828289032
0.54;0.24368639290332794;0.42;0.43353503942489624;0.38;0.2719195783138275
0.46;0.3777546286582947;0.46;0.49676135182380676;0.32;0.31069889664649963
0.36;0.6160935163497925;0.44;0.17029592394828796;0.18;0.3768027126789093
0.38;0.46134302020072937;0.1;0.12675531208515167;0.1;0.2325015515089035
0.26;0.21439288556575775;0.62;0.6019483208656311;0.46;0.45373255014419556
0.4;0.33943653106689453;0.24;0.29283303022384644;0.26;0.21501079201698303
0.26;0.47039690613746643;0.2;0.2605501115322113;0.24;0.22117802500724792
0.26;0.3824347257614136;0.22;0.2232472151517868;0.28;0.2389839142560959
0.7;0.24575135111808777;0.1;0.28751295804977417;0.34;0.26245999336242676
0.8;0.48984119296073914;0.18;0.23020119965076447;0.18;0.22480925917625427
0.36;0.36527833342552185;0.32;0.2493414282798767;0.26;0.3387150168418884
0.2;0.35318490862846375;0.18;0.3320510983467102;0.34;0.2371838390827179
0.58;0.3920280635356903;0.2;0.23612427711486816;0.28;0.23068630695343018
0.4;0.31427067518234253;0.46;0.355891615152359;0.22;0.3277297616004944
0.68;0.4309207499027252;0.14;0.2657756507396698;0.42;0.2126622200012207
0.34;0.5536034107208252;0.46;0.22750994563102722;0.16;0.3376440703868866
0.32;0.3007779121398926;0.36;0.5350508689880371;0.46;0.3491652309894562
0.38;0.40943577885627747;0.54;0.4820919632911682;0.42;0.46365422010421753
0.3;0.41748175024986267;0.38;0.18589217960834503;0.12;0.19289346039295197
0.38;0.42306262254714966;0.14;0.18139991164207458;0.24;0.19114205241203308
0.16;0.07937582582235336;0.62;0.6711235642433167;0.42;0.4472211003303528
0.12;0.26116859912872314;0.3;0.330401211977005;0.38;0.27880409359931946
0.5;0.4420562982559204;0.44;0.4690600633621216;0.48;0.44447726011276245
0.7;0.42667248845100403;0.18;0.33168721199035645;0.38;0.3122582733631134
0.26;0.439746230840683;0.16;0.2029649019241333;0.2;0.20984557271003723
0.28;0.3889487087726593;0.16;0.19311532378196716;0.28;0.204512357711792
0.18;0.28868719935417175;0.68;0.4925699234008789;0.34;0.42281484603881836
0.28;0.3387008309364319;0.54;0.44164976477622986;0.34;0.35574641823768616
0.44;0.3854243755340576;0.48;0.3506483733654022;0.14;0.2692934572696686
0.28;0.21660782396793365;0.48;0.6595911383628845;0.46;0.38923972845077515
0.42;0.5188409686088562;0.3;0.06952062249183655;0.1;0.16321755945682526
0.26;0.4107905328273773;0.46;0.25855791568756104;0.14;0.35765236616134644
0.56;0.34198546409606934;0.14;0.3486321270465851;0.3;0.2792971730232239
0.42;0.4824722111225128;0.4;0.18506856262683868;0.16;0.1655663549900055
0.58;0.2949274182319641;0.22;0.1673092246055603;0.16;0.33006757497787476
0.26;0.3638301491737366;0.64;0.5163071751594543;0.44;0.5231910943984985
0.44;0.32703492045402527;0.48;0.471118688583374;0.48;0.4629128575325012
0.14;0.12640796601772308;0.72;0.7203382849693298;0.48;0.45884862542152405
0.3;0.2767704427242279;0.16;0.23814702033996582;0.12;0.23670367896556854
0.34;0.3599385619163513;0.32;0.23474247753620148;0.12;0.25659239292144775
0.1;0.16982856392860413;0.52;0.4191077947616577;0.3;0.3756893277168274
0.1;0.274360716342926;0.72;0.38579118251800537;0.18;0.3776824176311493
0.56;0.449853777885437;0.36;0.4324145019054413;0.48;0.4733021855354309
0.1;0.2150813192129135;0.16;0.4001958966255188;0.5;0.3550755977630615
0.46;0.4414685070514679;0.36;0.3738800883293152;0.44;0.4761628210544586
0.46;0.4191344380378723;0.1;0.2135644555091858;0.16;0.2026616632938385
0.12;0.2575787603855133;0.28;0.13149361312389374;0.2;0.3862808644771576
0.46;0.3774055242538452;0.2;0.22233326733112335;0.22;0.20461833477020264
0.32;0.6368184089660645;0.14;0.1511993408203125;0.16;0.23145222663879395
0.12;0.19675791263580322;0.22;0.3429146707057953;0.36;0.32990726828575134
0.38;0.4034214913845062;0.56;0.20265233516693115;0.16;0.20410040020942688
0.34;0.3697092831134796;0.62;0.5233213901519775;0.44;0.5299419164657593
0.16;0.39862069487571716;0.1;0.22770525515079498;0.28;0.19081196188926697
0.12;0.1899413764476776;0.76;0.5790546536445618;0.32;0.39104509353637695
0.26;0.23362082242965698;0.3;0.5992916822433472;0.48;0.3379274010658264
0.52;0.4223353862762451;0.12;0.2940596640110016;0.28;0.23903390765190125
0.74;0.5089549422264099;0.24;0.27164801955223083;0.34;0.2500637173652649
0.34;0.4075426459312439;0.46;0.25939440727233887;0.18;0.23182979226112366
0.52;0.427798330783844;0.42;0.37414824962615967;0.22;0.2894120216369629
0.26;0.3609676659107208;0.42;0.35250523686408997;0.18;0.2578069567680359
0.58;0.3721544146537781;0.2;0.446710467338562;0.4;0.2601791322231293
0.56;0.5827577710151672;0.22;0.15236739814281464;0.18;0.278028666973114
0.28;0.2770218849182129;0.22;0.416169673204422;0.38;0.23185281455516815
0.1;0.17846545577049255;0.56;0.5308452844619751;0.42;0.4672396779060364
0.18;0.5212456583976746;0.42;0.15252286195755005;0.1;0.2353336066007614
0.14;0.15528778731822968;0.36;0.3971497714519501;0.48;0.4824697971343994
0.42;0.3876987397670746;0.42;0.2581325173377991;0.12;0.23216620087623596
0.1;-0.0069712502881884575;0.82;0.8651372194290161;0.5;0.5257958769798279
0.32;0.4496862292289734;0.42;0.31047481298446655;0.38;0.48082345724105835
0.72;0.4228057563304901;0.2;0.24205659329891205;0.2;0.20007972419261932
0.3;0.4460693299770355;0.48;0.3884170949459076;0.38;0.47394123673439026
0.22;0.19431528449058533;0.44;0.4218079745769501;0.38;0.4446989893913269
0.26;0.4553951621055603;0.36;0.2914453148841858;0.34;0.3346410393714905
0.1;0.30621442198753357;0.56;0.3624689280986786;0.12;0.30048710107803345
0.54;0.10704071074724197;0.16;0.3524465560913086;0.12;0.22023475170135498
0.3;0.34065327048301697;0.38;0.36337190866470337;0.26;0.28453895449638367
0.24;0.3428477346897125;0.7;0.3959977328777313;0.16;0.36877870559692383
0.14;0.06431735306978226;0.84;0.8316982388496399;0.5;0.5115548372268677
0.38;0.4031772017478943;0.54;0.36148616671562195;0.3;0.3956799805164337
0.14;0.2700680196285248;0.42;0.2697875201702118;0.26;0.4235767722129822
0.66;0.4491131603717804;0.24;0.29039785265922546;0.34;0.28209051489830017
0.38;0.3584097921848297;0.24;0.33515626192092896;0.32;0.3112812936306
0.24;0.2941458821296692;0.2;0.38574010133743286;0.5;0.3770822584629059
0.76;0.4018241763114929;0.2;0.1315096914768219;0.3;0.34238916635513306
0.52;0.5442467927932739;0.34;0.36163070797920227;0.4;0.3887144923210144
0.28;0.29993829131126404;0.64;0.6344441771507263;0.34;0.3320177495479584
0.82;0.36126407980918884;0.1;0.14983457326889038;0.2;0.23270681500434875
0.34;0.3109647035598755;0.36;0.4077394902706146;0.32;0.32877975702285767
0.18;0.25853487849235535;0.54;0.47901853919029236;0.34;0.38458019495010376
0.22;0.32041215896606445;0.32;0.3805965781211853;0.5;0.43453559279441833
0.54;0.2147245854139328;0.22;0.29088252782821655;0.4;0.34219756722450256
0.86;0.38720425963401794;0.1;0.2812463045120239;0.1;0.2823311686515808
0.44;0.4005126953125;0.18;0.21776285767555237;0.2;0.19539129734039307
0.56;0.31978389620780945;0.34;0.32582226395606995;0.26;0.2784367501735687
0.66;0.420159250497818;0.16;0.2577185332775116;0.2;0.21609564125537872
0.24;0.21766768395900726;0.5;0.5746638774871826;0.38;0.4434318542480469
0.38;0.19849668443202972;0.52;0.6349350214004517;0.5;0.4650003910064697
0.54;0.41805002093315125;0.12;0.2678166329860687;0.16;0.15667276084423065
0.32;0.21255114674568176;0.34;0.3839457035064697;0.4;0.39537888765335083
0.12;0.2012183666229248;0.82;0.6840448975563049;0.38;0.4224914610385895
0.26;0.28850504755973816;0.46;0.25637537240982056;0.2;0.37742745876312256
0.6;0.4232889413833618;0.24;0.43673253059387207;0.38;0.2250678837299347
0.34;0.41563960909843445;0.12;0.18238221108913422;0.36;0.23239962756633759
0.28;0.2530049979686737;0.4;0.30957546830177307;0.2;0.2428998053073883
0.44;0.449307918548584;0.32;0.2454543560743332;0.1;0.18245036900043488
0.56;0.5523715615272522;0.3;0.2211398035287857;0.16;0.2331644594669342
0.24;0.21975602209568024;0.22;0.29556503891944885;0.16;0.16927450895309448
0.66;0.3380614221096039;0.32;0.417708158493042;0.3;0.20585842430591583
0.68;0.2564908266067505;0.1;0.2770981192588806;0.36;0.24082808196544647
0.44;0.4272681176662445;0.32;0.25038573145866394;0.18;0.18664732575416565
0.28;0.3034078776836395;0.62;0.36712953448295593;0.14;0.3009307086467743
0.1;0.2446250021457672;0.26;0.35560843348503113;0.46;0.343984454870224
0.38;0.44651758670806885;0.42;0.2883376479148865;0.16;0.2597857713699341
0.32;0.34710267186164856;0.42;0.2652015686035156;0.16;0.2375745326280594
0.14;0.26841774582862854;0.2;0.24587382376194;0.14;0.19879592955112457
0.7;0.4285711646080017;0.1;0.19345436990261078;0.28;0.22565576434135437
0.2;0.34783419966697693;0.76;0.5910608172416687;0.34;0.45868462324142456
0.14;0.3938412368297577;0.7;0.2594369947910309;0.1;0.2357683628797531
0.42;0.41984760761260986;0.34;0.3367239832878113;0.3;0.27185240387916565
0.22;0.38357871770858765;0.56;0.4664798378944397;0.42;0.47996386885643005
0.18;0.23414099216461182;0.8;0.657214343547821;0.32;0.38820046186447144
0.7;0.4505113959312439;0.12;0.31200775504112244;0.38;0.25409623980522156
0.54;0.4331773817539215;0.34;0.4067777991294861;0.34;0.35501500964164734
0.12;0.5195693373680115;0.38;0.17520253360271454;0.22;0.18535052239894867
0.5;0.4228261411190033;0.3;0.36446937918663025;0.18;0.19967392086982727
0.2;0.2732754647731781;0.58;0.5122356414794922;0.42;0.46209344267845154
0.22;0.359403520822525;0.28;0.32151249051094055;0.18;0.19427363574504852
0.12;0.07651732861995697;0.26;0.38057565689086914;0.46;0.4295736253261566
0.34;0.28595829010009766;0.5;0.42643436789512634;0.32;0.4132271707057953
0.36;0.37290289998054504;0.62;0.32873156666755676;0.14;0.326983779668808
0.12;0.1839672178030014;0.5;0.4093036353588104;0.42;0.42374879121780396
0.62;0.4713152348995209;0.22;0.08554228395223618;0.22;0.26656627655029297
0.68;0.4623667597770691;0.2;0.23219366371631622;0.22;0.2881506681442261
0.3;0.1872420310974121;0.52;0.48970678448677063;0.4;0.4077763557434082
0.14;0.2853437662124634;0.32;0.38133373856544495;0.32;0.319649338722229
0.38;0.2769739329814911;0.38;0.26583680510520935;0.24;0.26373106241226196
0.4;0.2919195294380188;0.58;0.22567124664783478;0.2;0.40115538239479065
0.34;0.2954099178314209;0.54;0.5525391101837158;0.44;0.4918389320373535
0.16;0.14539873600006104;0.54;0.4889442026615143;0.34;0.38162678480148315
0.16;0.15926039218902588;0.52;0.3532825708389282;0.12;0.2797364294528961
0.12;0.40888985991477966;0.1;0.24799633026123047;0.3;0.19760921597480774
0.28;0.24294966459274292;0.22;0.46820783615112305;0.4;0.34663528203964233
0.36;0.45792120695114136;0.1;0.25610029697418213;0.34;0.19890150427818298
0.64;0.577592134475708;0.32;0.38929295539855957;0.42;0.3223794102668762
0.16;0.3698463439941406;0.48;0.2345118373632431;0.14;0.20140568912029266
0.26;0.319047749042511;0.16;0.2667405605316162;0.38;0.24675266444683075
0.2;0.2322462499141693;0.1;0.22311948239803314;0.5;0.2856244444847107
0.34;0.21905720233917236;0.44;0.4231972396373749;0.32;0.3555663824081421
0.44;0.22219231724739075;0.22;0.5484076738357544;0.48;0.35943859815597534
0.3;0.26778218150138855;0.32;0.3829181492328644;0.28;0.31711411476135254
0.48;0.18569976091384888;0.16;0.4171421229839325;0.48;0.3618069291114807
0.16;0.37176117300987244;0.24;0.23502445220947266;0.16;0.21181552112102509
0.36;0.36467549204826355;0.18;0.40559300780296326;0.26;0.1963759958744049
0.62;0.44635990262031555;0.24;0.3209660053253174;0.48;0.42241692543029785
0.34;0.24452942609786987;0.6;0.6515430808067322;0.44;0.4076761305332184
0.24;0.3486303687095642;0.38;0.2783387303352356;0.12;0.17237386107444763
0.7;0.4923161268234253;0.14;0.38052934408187866;0.48;0.30705803632736206
0.4;0.4037154018878937;0.34;0.34113773703575134;0.44;0.4540068507194519
0.8;0.4523582458496094;0.12;0.31865736842155457;0.46;0.263994038105011
0.28;0.41632476449012756;0.16;0.2897373139858246;0.34;0.2811865210533142
0.28;0.4682139754295349;0.36;0.3071121275424957;0.1;0.25774914026260376
0.12;0.2242630571126938;0.78;0.4878624975681305;0.22;0.3184701204299927
0.42;0.5171645879745483;0.12;0.1783570647239685;0.26;0.23361746966838837
0.22;0.341031014919281;0.58;0.5120214223861694;0.3;0.41178378462791443
0.38;0.4853449761867523;0.36;0.03646528720855713;0.12;0.2338208258152008
0.46;0.3242015242576599;0.5;0.30255126953125;0.1;0.24484117329120636
0.66;0.4795936942100525;0.14;0.1924804300069809;0.2;0.1698230803012848
0.58;0.6588448882102966;0.34;0.1901962012052536;0.26;0.34342461824417114
0.46;0.3879846930503845;0.18;0.21700429916381836;0.44;0.22512993216514587
0.26;0.14777223765850067;0.46;0.6755403280258179;0.5;0.35510796308517456
0.8;0.3585205078125;0.1;0.16271370649337769;0.14;0.23788408935070038
0.4;0.30729880928993225;0.52;0.40516310930252075;0.28;0.36415985226631165
0.44;0.4306338131427765;0.42;0.45250585675239563;0.32;0.3006468415260315
0.16;0.1807655394077301;0.42;0.4210900664329529;0.42;0.41446274518966675
0.44;0.43999266624450684;0.3;0.20588847994804382;0.1;0.2142065018415451
0.2;0.4440806806087494;0.3;0.18301723897457123;0.2;0.31513383984565735
0.46;0.2510901987552643;0.3;0.45876115560531616;0.4;0.36797893047332764
0.28;0.22656305134296417;0.16;0.44210413098335266;0.5;0.293639600276947
0.16;-0.096535824239254;0.16;0.2251729667186737;0.28;0.330596387386322
0.22;0.25676584243774414;0.34;0.447731614112854;0.36;0.33118847012519836
0.1;0.48881450295448303;0.78;0.30420055985450745;0.16;0.4010958671569824
0.4;0.4216561019420624;0.16;0.30330890417099;0.36;0.3181750178337097
0.46;0.3904954195022583;0.52;0.530663013458252;0.5;0.4958726763725281
0.12;0.21058771014213562;0.74;0.4242144823074341;0.26;0.3766057789325714
0.26;0.28345832228660583;0.4;0.28059953451156616;0.18;0.2616087794303894
0.18;0.25087106227874756;0.34;0.41010046005249023;0.28;0.28551626205444336
0.26;0.2917844355106354;0.66;0.565943717956543;0.36;0.4149671494960785
0.36;0.38093137741088867;0.62;0.305052787065506;0.16;0.24725213646888733
0.4;0.411275178194046;0.42;0.3682154417037964;0.18;0.29458874464035034
0.16;0.07011637091636658;0.56;0.5588714480400085;0.36;0.3860526382923126
0.48;0.3553358316421509;0.4;0.5389711260795593;0.42;0.36250537633895874
0.12;0.3749956786632538;0.66;0.37859222292900085;0.12;0.27043062448501587
0.7;0.44703033566474915;0.12;0.2682088613510132;0.42;0.21085529029369354
0.46;0.37090450525283813;0.28;0.27094826102256775;0.2;0.23048564791679382
0.26;0.23815034329891205;0.68;0.5879520177841187;0.44;0.44133299589157104
0.4;0.2665718197822571;0.3;0.4032365381717682;0.34;0.339713990688324
0.64;0.47929781675338745;0.26;0.1709008514881134;0.14;0.18569891154766083
0.72;0.45448675751686096;0.2;0.27522507309913635;0.38;0.28644996881484985
0.18;0.25613972544670105;0.3;0.3605448007583618;0.28;0.2692505717277527
0.36;0.3043951690196991;0.24;0.32745474576950073;0.42;0.29502055048942566
0.44;0.3229874074459076;0.22;0.39189475774765015;0.5;0.3706355392932892
0.52;0.4092544615268707;0.2;0.27379658818244934;0.36;0.24322178959846497
0.12;0.4580973982810974;0.34;0.23645813763141632;0.12;0.27702510356903076
0.44;0.39940157532691956;0.5;0.2850627899169922;0.1;0.25525158643722534
0.5;0.4349176585674286;0.34;0.29908129572868347;0.3;0.2826194167137146
0.14;0.21534010767936707;0.48;0.5190213918685913;0.4;0.4170241355895996
0.2;0.46409550309181213;0.2;0.19849584996700287;0.18;0.172077938914299
0.38;0.2880482077598572;0.46;0.4998777508735657;0.3;0.336915522813797
0.28;0.246538445353508;0.26;0.47906047105789185;0.48;0.2968410551548004
0.86;0.4884304404258728;0.1;0.061679866164922714;0.12;0.1551990509033203
0.36;0.4342392385005951;0.62;0.33926981687545776;0.3;0.3563433587551117
0.18;0.4299563765525818;0.16;0.2362259179353714;0.2;0.24979165196418762
0.16;0.2105569839477539;0.72;0.43229803442955017;0.2;0.3181130290031433
0.12;0.22260846197605133;0.36;0.4223085045814514;0.32;0.31920871138572693
0.66;0.2592369019985199;0.24;0.37971627712249756;0.42;0.33202818036079407
0.1;0.20137444138526917;0.76;0.547807514667511;0.32;0.4302973747253418
0.16;0.3589411675930023;0.16;0.22171160578727722;0.38;0.21495461463928223
0.36;0.48105403780937195;0.24;0.15596018731594086;0.14;0.24171428382396698
0.46;0.3373042643070221;0.36;0.49567103385925293;0.5;0.42795276641845703
0.3;0.4298256039619446;0.4;0.22593450546264648;0.16;0.2498583346605301
0.56;0.4060596525669098;0.34;0.4371839165687561;0.48;0.36161524057388306
0.8;0.35389429330825806;0.18;0.3018536865711212;0.2;0.22703561186790466
0.16;0.16961219906806946;0.4;0.43039247393608093;0.32;0.35508471727371216
0.28;0.4401565492153168;0.28;0.1830092966556549;0.18;0.24461083114147186
0.54;0.3932969570159912;0.28;0.3585606813430786;0.32;0.21989509463310242
0.54;0.366730272769928;0.3;0.31848353147506714;0.32;0.25578445196151733
0.48;0.41906943917274475;0.34;0.3111599385738373;0.34;0.3213704228401184
0.24;0.1934065967798233;0.58;0.6789658665657043;0.5;0.47876062989234924
0.2;0.30500876903533936;0.22;0.33309420943260193;0.36;0.2419341504573822
0.24;0.369473397731781;0.52;0.35763633251190186;0.3;0.35752958059310913
0.64;0.21626852452754974;0.32;0.5442241430282593;0.5;0.33634153008461
0.24;0.2922716438770294;0.62;0.5184934735298157;0.32;0.4141677916049957
0.62;0.363678514957428;0.34;0.3795444965362549;0.38;0.33026671409606934
0.26;0.2918500006198883;0.12;0.22025392949581146;0.5;0.3514789044857025
0.76;0.38231968879699707;0.22;0.3818071782588959;0.4;0.22215485572814941
0.28;0.3986164927482605;0.42;0.46559351682662964;0.48;0.41272592544555664
0.28;0.3076072931289673;0.46;0.43770188093185425;0.46;0.45047512650489807
0.46;0.4306098222732544;0.46;0.29904288053512573;0.16;0.23147106170654297
0.1;0.12486246973276138;0.76;0.6837919354438782;0.44;0.47114402055740356
0.12;0.25582262873649597;0.3;0.3071826696395874;0.3;0.27940696477890015
0.22;0.3244192898273468;0.68;0.530450701713562;0.36;0.4358817934989929
0.3;0.3265875279903412;0.66;0.6022614240646362;0.36;0.4327758252620697
0.26;0.39803627133369446;0.52;0.4299776256084442;0.34;0.3444233536720276
0.38;0.37443801760673523;0.48;0.4606621563434601;0.42;0.4019926190376282
0.44;0.37550637125968933;0.34;0.238625630736351;0.14;0.1927768737077713
0.32;0.37525030970573425;0.46;0.32438403367996216;0.3;0.2999119162559509
0.74;0.41580986976623535;0.14;0.28228050470352173;0.32;0.21188285946846008
0.66;0.4200538098812103;0.2;0.28478628396987915;0.22;0.2222956120967865
0.4;0.3641691207885742;0.48;0.49305999279022217;0.4;0.420559823513031
0.36;0.3811585009098053;0.5;0.5023465156555176;0.38;0.4634062647819519
0.66;0.5712964534759521;0.1;0.2055511325597763;0.46;0.1880839616060257
0.38;0.3933464288711548;0.6;0.46548914909362793;0.42;0.48324888944625854
0.6;0.5121617317199707;0.34;0.1756710559129715;0.18;0.1771756261587143
0.6;0.23050542175769806;0.34;0.645860493183136;0.5;0.36375558376312256
0.38;0.385595440864563;0.46;0.42868930101394653;0.34;0.4487973153591156
0.3;0.3352568447589874;0.28;0.3561931848526001;0.34;0.32944706082344055
0.36;0.4898506999015808;0.24;0.29227080941200256;0.28;0.2542964816093445
0.14;0.41961669921875;0.34;0.39443251490592957;0.3;0.2446066439151764
0.28;0.16096854209899902;0.7;0.6510591506958008;0.36;0.3928252160549164
0.36;0.38593539595603943;0.12;0.22862395644187927;0.48;0.24179916083812714
0.72;0.5431320071220398;0.26;0.2765257954597473;0.14;0.22364719212055206
0.68;0.5195934176445007;0.1;0.16232727468013763;0.12;0.23899777233600616
0.16;0.4505174458026886;0.26;0.27804312109947205;0.22;0.22686593234539032
0.14;0.1775021255016327;0.32;0.33041608333587646;0.28;0.2813873291015625
0.5;0.3422093689441681;0.42;0.28694039583206177;0.12;0.2548619210720062
0.32;0.306437224149704;0.5;0.41600629687309265;0.24;0.3284436762332916
0.4;0.41341593861579895;0.18;0.19203299283981323;0.44;0.31893491744995117
0.36;0.40172338485717773;0.2;0.2713172435760498;0.38;0.23771509528160095
0.38;0.2890348732471466;0.44;0.4572489261627197;0.36;0.38051432371139526
0.86;0.6699923276901245;0.1;0.1606673002243042;0.48;0.23195615410804749
0.52;0.3202879726886749;0.24;0.2867194414138794;0.32;0.2938775420188904
0.3;0.5018731951713562;0.22;0.19186589121818542;0.24;0.266146719455719
0.2;0.38201484084129333;0.12;0.254607617855072;0.26;0.2307223528623581
0.68;0.3861609697341919;0.24;0.3223886787891388;0.22;0.2634221911430359
0.1;0.22243331372737885;0.54;0.5404496192932129;0.36;0.3979107141494751
0.48;0.42053380608558655;0.34;0.3156795799732208;0.24;0.3312937617301941
0.16;0.13012351095676422;0.32;0.26975709199905396;0.34;0.47857466340065
0.68;0.4688758850097656;0.24;0.22716188430786133;0.24;0.2325524091720581
0.24;0.23692123591899872;0.7;0.5871596932411194;0.4;0.43048152327537537
0.78;0.6163012981414795;0.1;0.1380244791507721;0.42;0.2888339161872864
0.26;0.2991626560688019;0.42;0.5196388959884644;0.44;0.4398137927055359
0.38;0.36535215377807617;0.44;0.3663780987262726;0.2;0.2717403769493103
0.78;0.459306925535202;0.18;0.2692992091178894;0.32;0.2650160491466522
0.52;0.5473135709762573;0.1;0.20518821477890015;0.48;0.20505204796791077
0.8;0.4674469530582428;0.12;0.24617193639278412;0.44;0.20999065041542053
0.5;0.42634227871894836;0.24;0.19786018133163452;0.24;0.2274932563304901
0.44;0.39714083075523376;0.22;0.18657061457633972;0.12;0.20068156719207764
0.2;0.491886705160141;0.22;0.1646900475025177;0.18;0.22591173648834229
0.24;0.36924028396606445;0.36;0.1822199821472168;0.18;0.26280349493026733
0.46;0.3649403750896454;0.48;0.3682193160057068;0.22;0.24117937684059143
0.44;0.31675025820732117;0.54;0.5381795763969421;0.36;0.30223584175109863
0.32;0.36501362919807434;0.12;0.14532802999019623;0.28;0.32994550466537476
0.38;0.6106067299842834;0.46;0.22914114594459534;0.14;0.28987082839012146
0.2;0.33164873719215393;0.58;0.4702710509300232;0.28;0.39651334285736084
0.66;0.5045024156570435;0.22;0.23574060201644897;0.14;0.2463262528181076
0.24;0.46621203422546387;0.74;0.2120922952890396;0.1;0.24093253910541534
0.6;0.24304530024528503;0.24;0.4531341791152954;0.48;0.3795107901096344
0.4;0.34371158480644226;0.16;0.3073606491088867;0.18;0.25613370537757874
0.2;0.3479606807231903;0.74;0.4975169599056244;0.26;0.3838511109352112
0.24;0.3258911967277527;0.18;0.22414745390415192;0.1;0.2166694849729538
0.14;0.175575390458107;0.14;0.32910916209220886;0.46;0.28402554988861084
0.46;0.43434128165245056;0.26;0.35065412521362305;0.32;0.25024810433387756
0.36;0.32662564516067505;0.48;0.2799045443534851;0.2;0.27044957876205444
0.24;0.27473607659339905;0.32;0.4431326389312744;0.46;0.32467034459114075
0.38;0.40861737728118896;0.32;0.18914829194545746;0.12;0.3351909816265106
0.58;0.4850604832172394;0.38;0.1100219264626503;0.2;0.22005777060985565
0.14;0.3765617311000824;0.28;0.27933764457702637;0.18;0.17259566485881805
0.32;0.3681272864341736;0.6;0.333109050989151;0.2;0.42938899993896484
0.22;0.3634397089481354;0.76;0.29476198554039;0.16;0.32188186049461365
0.1;0.28785306215286255;0.4;0.3683781325817108;0.28;0.23295298218727112
0.68;0.3122514486312866;0.12;0.2758984863758087;0.2;0.19635549187660217
0.48;0.44334039092063904;0.16;0.1907634139060974;0.38;0.25955215096473694
0.3;0.2791028916835785;0.56;0.5697267651557922;0.38;0.3857859671115875
0.34;0.4591904282569885;0.18;0.2086644470691681;0.18;0.21422553062438965
0.32;0.3980136215686798;0.1;0.24075043201446533;0.4;0.18093781173229218
0.62;0.3683364689350128;0.18;0.35683706402778625;0.34;0.22583195567131042
0.54;0.5108291506767273;0.24;0.20909610390663147;0.16;0.2251567840576172
0.38;0.3467673659324646;0.54;0.31437087059020996;0.18;0.2825930118560791
0.32;0.39428916573524475;0.26;0.265189528465271;0.18;0.2408938705921173
0.34;0.3157663941383362;0.14;0.3444695770740509;0.36;0.2956191897392273
0.56;0.341683566570282;0.34;0.44714537262916565;0.3;0.309908390045166
0.7;0.3300039768218994;0.12;0.23670528829097748;0.34;0.24080505967140198
0.3;0.5561981797218323;0.22;0.08434941619634628;0.16;0.1419862061738968
0.58;0.4854458272457123;0.1;0.2772674262523651;0.38;0.23510980606079102
0.26;0.31309595704078674;0.32;0.3419058918952942;0.18;0.29198533296585083
0.26;0.39549675583839417;0.54;0.25158530473709106;0.1;0.25036221742630005
0.12;0.13322098553180695;0.58;0.6028053760528564;0.48;0.4828740954399109
0.18;0.36776939034461975;0.14;0.17385201156139374;0.3;0.23718567192554474
0.64;0.41146740317344666;0.18;0.22004784643650055;0.38;0.21140548586845398
0.54;0.4250691533088684;0.38;0.3146049380302429;0.28;0.33905768394470215
0.36;0.6198905110359192;0.28;0.23877529799938202;0.2;0.30191078782081604
0.36;0.3421514630317688;0.54;0.5551924109458923;0.44;0.4118444323539734
0.18;0.15055249631404877;0.6;0.5307638645172119;0.3;0.33172136545181274
0.36;0.2895435392856598;0.62;0.5840981602668762;0.42;0.43422096967697144
0.12;0.1888841688632965;0.4;0.398114413022995;0.22;0.31425940990448
0.1;0.429977685213089;0.12;0.20101694762706757;0.34;0.18616251647472382
0.12;0.21561723947525024;0.8;0.5872328281402588;0.26;0.3644305467605591
0.22;0.2736642062664032;0.3;0.3660065531730652;0.28;0.2788107693195343
0.34;0.5080035924911499;0.52;0.3894321918487549;0.36;0.4491347372531891
0.1;0.11748775839805603;0.38;0.476248562335968;0.5;0.4287516474723816
0.32;0.4133281409740448;0.16;0.23144842684268951;0.14;0.27605167031288147
0.64;0.3831915259361267;0.1;0.23991230130195618;0.4;0.23642122745513916
0.32;0.23725184798240662;0.44;0.26083657145500183;0.1;0.22674377262592316
0.26;0.19058434665203094;0.44;0.37692469358444214;0.24;0.4109340310096741
0.64;0.4535437822341919;0.24;0.3341011703014374;0.44;0.28096216917037964
0.3;0.260028600692749;0.26;0.34087061882019043;0.36;0.24663145840168
0.34;0.21745915710926056;0.64;0.6601454615592957;0.36;0.3251044750213623
0.7;0.608785092830658;0.16;0.20279546082019806;0.32;0.23473119735717773
0.32;0.3953101933002472;0.3;0.25930899381637573;0.24;0.2979806363582611
0.46;0.44101428985595703;0.34;0.40874603390693665;0.5;0.4013243317604065
0.22;0.3777036666870117;0.46;0.26084083318710327;0.12;0.22120395302772522
0.32;0.3647855222225189;0.32;0.38085055351257324;0.32;0.32852694392204285
0.2;0.6810544729232788;0.46;0.14129871129989624;0.1;0.35374537110328674
0.16;0.16896860301494598;0.76;0.6659739017486572;0.38;0.39837944507598877
0.1;0.07954221218824387;0.68;0.4860083758831024;0.3;0.37729138135910034
0.38;0.30663084983825684;0.32;0.44197458028793335;0.44;0.3509555459022522
0.32;0.34442827105522156;0.14;0.2904956340789795;0.46;0.26874232292175293
0.22;0.3596934974193573;0.66;0.40205198526382446;0.2;0.27894312143325806
0.5;0.41107437014579773;0.36;0.2478122115135193;0.28;0.2013399600982666
0.1;0.1992429941892624;0.68;0.32745838165283203;0.22;0.368232786655426
0.24;0.3545902967453003;0.42;0.3330230712890625;0.2;0.26338276267051697
0.34;0.4605524241924286;0.64;0.34375664591789246;0.22;0.33773213624954224
0.36;0.4329334795475006;0.56;0.3490176796913147;0.16;0.3566350042819977
0.16;0.4092925488948822;0.34;0.286873459815979;0.22;0.26428544521331787
0.28;0.3135060667991638;0.66;0.5644755363464355;0.22;0.3262048363685608
0.46;0.3194374442100525;0.36;0.5276506543159485;0.48;0.36774295568466187
0.2;0.11689531803131104;0.12;0.3543185293674469;0.2;0.21018333733081818
0.14;0.36753904819488525;0.54;0.19774480164051056;0.1;0.19611220061779022
0.24;0.430006742477417;0.7;0.29635024070739746;0.2;0.27783989906311035
0.52;0.45515066385269165;0.24;0.14147736132144928;0.1;0.2739049196243286
0.12;0.13844208419322968;0.54;0.4059739112854004;0.32;0.3865232765674591
0.14;0.499370276927948;0.16;0.2662808299064636;0.24;0.2057608813047409
0.14;0.12507738173007965;0.52;0.6467068791389465;0.5;0.46359243988990784
0.72;0.4216174781322479;0.14;0.32066476345062256;0.38;0.2555620074272156
0.58;0.39768388867378235;0.16;0.224258154630661;0.2;0.2376968413591385
0.16;0.2650829553604126;0.16;0.3261442482471466;0.44;0.3139333128929138
0.38;0.41423678398132324;0.46;0.3275614082813263;0.24;0.3053990304470062
0.52;0.3094542324542999;0.42;0.5474960207939148;0.4;0.3377757668495178
0.26;0.34390369057655334;0.18;0.2759910821914673;0.14;0.1807921677827835
0.16;0.26161301136016846;0.42;0.4116998612880707;0.26;0.3322311043739319
0.3;0.33017778396606445;0.14;0.20324572920799255;0.12;0.23340272903442383
0.18;0.13643138110637665;0.36;0.41757962107658386;0.3;0.34715187549591064
0.42;0.23883789777755737;0.3;0.3097282648086548;0.36;0.39287716150283813
0.36;0.4391144812107086;0.42;0.08717852085828781;0.1;0.24737825989723206
0.62;0.38815948367118835;0.34;0.2510289251804352;0.22;0.217813640832901
0.2;0.4222935438156128;0.48;0.3683333694934845;0.26;0.33549222350120544
0.52;0.4574407935142517;0.28;0.30286774039268494;0.38;0.351906955242157
0.62;0.29365503787994385;0.26;0.5636013746261597;0.5;0.37057584524154663
0.22;0.4846111834049225;0.26;0.31717756390571594;0.2;0.3152569532394409
0.1;0.3358129560947418;0.66;0.2646583616733551;0.12;0.22961799800395966
0.44;0.3766557276248932;0.16;0.2137865275144577;0.12;0.248712420463562
0.5;0.49953794479370117;0.38;0.3439810574054718;0.14;0.31455597281455994
0.12;0.37729233503341675;0.6;0.3072768449783325;0.1;0.27382102608680725
0.14;0.20901060104370117;0.44;0.39566323161125183;0.28;0.3348327875137329
0.1;0.16841480135917664;0.56;0.509841799736023;0.4;0.4339645504951477
0.3;0.13818345963954926;0.28;0.2758999466896057;0.18;0.23291699588298798
0.2;0.44119754433631897;0.44;0.23434562981128693;0.12;0.22294119000434875
0.24;0.3144723176956177;0.34;0.6057380437850952;0.4;0.3228670358657837
0.62;0.4815961718559265;0.16;0.24050793051719666;0.18;0.22418518364429474
0.46;0.518092930316925;0.44;0.3197779059410095;0.28;0.2887801229953766
0.1;0.2612873613834381;0.8;0.3479970693588257;0.2;0.29348593950271606
0.28;0.39020800590515137;0.42;0.3902027904987335;0.34;0.37329670786857605
0.32;0.3542410731315613;0.56;0.3077383041381836;0.12;0.24387650191783905
0.56;0.5724770426750183;0.32;0.30014216899871826;0.36;0.4469579756259918
0.12;0.3860243856906891;0.22;0.19390538334846497;0.26;0.21186688542366028
0.14;0.08914271742105484;0.66;0.7325210571289062;0.48;0.4407370686531067
0.12;0.17062684893608093;0.82;0.3786351680755615;0.14;0.2829395830631256
0.7;0.4252261519432068;0.26;0.44381195306777954;0.48;0.391010582447052
0.28;0.3664240539073944;0.64;0.42931437492370605;0.28;0.41283541917800903
0.56;0.5867172479629517;0.36;0.2681552767753601;0.28;0.27299684286117554
0.3;0.4426156282424927;0.16;0.3795742690563202;0.36;0.22489365935325623
0.22;0.32314345240592957;0.44;0.2668067216873169;0.22;0.3746769428253174
0.28;0.306185781955719;0.52;0.5091680884361267;0.34;0.3456955552101135
0.26;0.35614174604415894;0.52;0.4214903712272644;0.28;0.33124303817749023
0.1;0.16200941801071167;0.6;0.537591814994812;0.32;0.3789782226085663
0.3;0.42269718647003174;0.42;0.1280009150505066;0.1;0.17263716459274292
0.1;0.1563241332769394;0.22;0.3741586208343506;0.46;0.35982125997543335
0.16;0.21308979392051697;0.2;0.385277658700943;0.48;0.3058081269264221
0.28;0.2739196717739105;0.54;0.5105847716331482;0.44;0.5119579434394836
0.38;0.2602303624153137;0.24;0.44018658995628357;0.46;0.2826138138771057
0.76;0.3511727750301361;0.2;0.4636387825012207;0.42;0.29238924384117126
0.6;0.42268919944763184;0.22;0.24770474433898926;0.22;0.24329373240470886
0.84;0.7463542222976685;0.12;0.12525679171085358;0.5;0.3389938175678253
0.34;0.3876984715461731;0.18;0.31825390458106995;0.3;0.3082182705402374
0.14;0.3946760892868042;0.52;0.1987103968858719;0.1;0.2558475136756897
0.22;0.3825690448284149;0.44;0.2675646245479584;0.18;0.22610783576965332
0.18;0.3525533080101013;0.44;0.3162352740764618;0.22;0.26913946866989136
0.28;0.29648134112358093;0.58;0.35296398401260376;0.16;0.20375752449035645
0.36;0.41681867837905884;0.26;0.29659801721572876;0.5;0.343891441822052
0.5;0.3747783303260803;0.18;0.2789892852306366;0.12;0.25041908025741577
0.24;0.1188758984208107;0.74;0.7236698269844055;0.42;0.37262338399887085
0.22;0.18648962676525116;0.72;0.5704370737075806;0.38;0.42034634947776794
0.2;0.4128897190093994;0.56;0.17969660460948944;0.1;0.264938622713089
0.1;0.30513274669647217;0.58;0.28538376092910767;0.18;0.24017934501171112
0.14;0.355221152305603;0.14;0.23524963855743408;0.14;0.1891530305147171
0.2;0.2493244856595993;0.28;0.35166415572166443;0.44;0.338872492313385
0.12;0.27183130383491516;0.36;0.2536836564540863;0.3;0.25535422563552856
0.46;0.2803424298763275;0.52;0.5781136751174927;0.48;0.4949338436126709
0.82;0.4109746515750885;0.16;0.22857585549354553;0.38;0.2237272709608078
0.16;0.34260961413383484;0.12;0.26226407289505005;0.42;0.24200919270515442
0.38;0.28796324133872986;0.4;0.4488057792186737;0.42;0.3630882501602173
0.72;0.4667913615703583;0.16;0.38746553659439087;0.38;0.25266748666763306
0.28;0.3067229986190796;0.56;0.5563272833824158;0.44;0.48139867186546326
0.38;0.3667771518230438;0.5;0.34036681056022644;0.14;0.28232043981552124
0.82;0.3225756585597992;0.14;0.36796414852142334;0.32;0.18955019116401672
0.32;0.2293008267879486;0.36;0.48599734902381897;0.36;0.3076613247394562
0.28;0.24833044409751892;0.4;0.4151062071323395;0.38;0.37047749757766724
0.12;0.20876528322696686;0.8;0.646431565284729;0.32;0.3609863519668579
0.32;0.4581958055496216;0.62;0.2860235869884491;0.28;0.4685530662536621
0.14;0.1265306919813156;0.66;0.5268837809562683;0.28;0.3950331509113312
0.62;0.5602878928184509;0.14;0.25849011540412903;0.36;0.3366028964519501
0.56;0.2588256597518921;0.24;0.39583033323287964;0.26;0.26435190439224243
0.58;0.5715360045433044;0.14;0.2120341658592224;0.34;0.20672392845153809
0.1;0.28783664107322693;0.26;0.15891194343566895;0.2;0.22358918190002441
0.1;0.14875245094299316;0.76;0.6859286427497864;0.48;0.4872869551181793
0.28;0.20842459797859192;0.58;0.5948255658149719;0.5;0.4726218283176422
0.44;0.47707122564315796;0.2;0.15435007214546204;0.14;0.18792256712913513
0.3;0.2794865667819977;0.36;0.2773298919200897;0.2;0.22113244235515594
0.2;0.22279152274131775;0.22;0.3684888184070587;0.46;0.3451666235923767
0.5;0.39944988489151;0.42;0.27217966318130493;0.18;0.2716529071331024
0.56;0.4270124137401581;0.3;0.3581157624721527;0.28;0.29712751507759094
0.22;0.5281301736831665;0.66;0.2718287408351898;0.14;0.31004798412323
0.12;0.17871713638305664;0.7;0.6990348100662231;0.46;0.48701781034469604
0.16;0.4631384015083313;0.24;0.21977373957633972;0.22;0.1805449277162552
0.14;0.2227630764245987;0.76;0.6091014742851257;0.42;0.5116748809814453
0.78;0.4502057135105133;0.18;0.2696511745452881;0.14;0.20653609931468964
0.14;0.1354401558637619;0.7;0.707610011100769;0.48;0.4752168655395508
0.46;0.3263179659843445;0.44;0.41582581400871277;0.34;0.3306942880153656
0.38;0.5509527921676636;0.56;0.29638320207595825;0.1;0.24937763810157776
0.68;0.5388153791427612;0.3;0.32300224900245667;0.44;0.4041233956813812
0.14;0.2842991352081299;0.76;0.4243769347667694;0.2;0.41473618149757385
0.56;0.5815526843070984;0.18;0.08371797949075699;0.16;0.2282257378101349
0.16;0.3116375505924225;0.44;0.44681960344314575;0.4;0.35871654748916626
0.72;0.49991801381111145;0.14;0.2833583950996399;0.5;0.29751506447792053
0.64;0.3961223065853119;0.18;0.3077279329299927;0.42;0.34322425723075867
0.44;0.3215085566043854;0.5;0.577343225479126;0.48;0.44695672392845154
0.16;0.4111379384994507;0.22;0.248484268784523;0.36;0.3229992985725403
0.86;0.4752727448940277;0.12;0.1638527661561966;0.2;0.16806446015834808
0.1;0.6262146234512329;0.56;0.21608082950115204;0.14;0.2911691665649414
0.68;0.7363535761833191;0.28;0.18767404556274414;0.28;0.25400906801223755
0.42;0.24648182094097137;0.14;0.35011494159698486;0.42;0.2697661221027374
0.18;0.210478737950325;0.72;0.4220448136329651;0.12;0.2794513404369354
0.14;0.3604414165019989;0.36;0.35307934880256653;0.3;0.27726560831069946
0.12;0.41654542088508606;0.14;0.26148927211761475;0.22;0.21673187613487244
0.28;0.11958836764097214;0.62;0.5795906186103821;0.3;0.31350165605545044
0.5;0.2234993875026703;0.2;0.2509211003780365;0.2;0.26601049304008484
0.7;0.4600704610347748;0.12;0.24487271904945374;0.36;0.2598423659801483
0.74;0.5598397850990295;0.1;0.22932283580303192;0.42;0.3087947964668274
0.72;0.5522298812866211;0.12;0.22311332821846008;0.22;0.2162015736103058
0.2;0.5071088671684265;0.76;0.2598518431186676;0.12;0.2772863507270813
0.26;0.4130261242389679;0.24;0.25755271315574646;0.28;0.2788406014442444
0.68;0.3388088047504425;0.24;0.40441134572029114;0.34;0.3241499066352844
0.28;0.419450581073761;0.18;0.3918139636516571;0.28;0.2903873920440674
0.16;0.4099182188510895;0.82;0.389007031917572;0.14;0.22967462241649628
0.6;0.30301761627197266;0.16;0.30746394395828247;0.24;0.23968668282032013
0.26;0.3004554510116577;0.46;0.3740745484828949;0.34;0.39263761043548584
0.14;0.2039855569601059;0.46;0.4772595167160034;0.42;0.4254133105278015
0.16;0.42227378487586975;0.58;0.32768774032592773;0.28;0.43192338943481445
0.62;0.6543810367584229;0.12;0.20432934165000916;0.18;0.26481103897094727
0.24;0.2011287808418274;0.52;0.6104905009269714;0.34;0.3336065113544464
0.68;0.4670644700527191;0.28;0.2755124866962433;0.38;0.23008763790130615
0.54;0.37712690234184265;0.3;0.34989067912101746;0.12;0.2137143909931183
0.54;0.47820228338241577;0.38;0.46088266372680664;0.42;0.3958152234554291
0.5;0.5437790751457214;0.34;0.19326208531856537;0.16;0.2026260644197464
0.58;0.6352099180221558;0.26;0.2518552243709564;0.42;0.3510884642601013
0.16;0.29461488127708435;0.42;0.30416321754455566;0.24;0.24374985694885254
0.56;0.4067061245441437;0.36;0.28252309560775757;0.24;0.2985128164291382
0.18;0.40519824624061584;0.26;0.34522345662117004;0.34;0.2969188094139099
0.42;0.6767185926437378;0.1;0.16202005743980408;0.44;0.2868708372116089
0.36;0.3412036597728729;0.44;0.4707902669906616;0.38;0.41464948654174805
0.24;0.4132392704486847;0.24;0.24711662530899048;0.14;0.20691052079200745
0.58;0.3367927074432373;0.28;0.32014718651771545;0.16;0.23544582724571228
0.58;0.5180159211158752;0.12;0.13353195786476135;0.26;0.25001129508018494
0.64;0.5097813606262207;0.1;0.09062998741865158;0.1;0.2530050575733185
0.44;0.4291639029979706;0.12;0.23877602815628052;0.16;0.24147403240203857
0.62;0.445603609085083;0.14;0.05187155306339264;0.22;0.1387450098991394
0.2;0.10348067432641983;0.74;0.7072752118110657;0.32;0.361390084028244
0.42;0.5091256499290466;0.18;0.15803560614585876;0.26;0.19357427954673767
0.42;0.3961799442768097;0.42;0.22924213111400604;0.16;0.24641115963459015
0.14;0.23221242427825928;0.18;0.27339649200439453;0.38;0.257032573223114
0.3;0.28701502084732056;0.56;0.34235432744026184;0.12;0.1482469141483307
0.24;0.20906266570091248;0.22;0.19090107083320618;0.4;0.3255922496318817
0.58;0.3998878300189972;0.22;0.33922362327575684;0.2;0.1496334820985794
0.26;0.39014455676078796;0.56;0.44918087124824524;0.28;0.3369191288948059
0.28;0.49666285514831543;0.18;0.25374454259872437;0.42;0.2527540326118469
0.46;0.3667306900024414;0.44;0.3430197834968567;0.26;0.317585289478302
0.32;0.2980065643787384;0.52;0.449106901884079;0.24;0.3136044144630432
0.5;0.3950398862361908;0.36;0.4785679876804352;0.5;0.4490295350551605
0.6;0.4494898021221161;0.3;0.2694071829319;0.12;0.2046315222978592
0.14;0.12201529741287231;0.44;0.4279612898826599;0.26;0.3234896659851074
0.84;0.3244217038154602;0.12;0.25843119621276855;0.18;0.25119930505752563
0.24;0.28549548983573914;0.32;0.3535418212413788;0.38;0.3325692117214203
0.38;0.3518313765525818;0.12;0.32158946990966797;0.4;0.18990880250930786
0.22;0.15876106917858124;0.64;0.7643933296203613;0.5;0.45748987793922424
0.36;0.42791011929512024;0.56;0.43921375274658203;0.26;0.35269424319267273
0.46;0.45480430126190186;0.3;0.25555193424224854;0.32;0.4165220260620117
0.56;0.35837143659591675;0.28;0.3136962056159973;0.3;0.3289856016635895
0.12;0.41259464621543884;0.76;0.3849409818649292;0.18;0.3708341717720032
0.1;0.3290232717990875;0.3;0.1947425901889801;0.3;0.34479185938835144
0.44;0.5785225629806519;0.54;0.2526254951953888;0.1;0.32493793964385986
0.4;0.42423948645591736;0.48;0.34958943724632263;0.3;0.3265771269798279
0.1;0.27184873819351196;0.32;0.29517194628715515;0.38;0.33641502261161804
0.32;0.44948136806488037;0.24;0.29906025528907776;0.24;0.25804460048675537
0.2;0.32057809829711914;0.58;0.3100225627422333;0.1;0.289372056722641
0.3;0.2727246582508087;0.16;0.34274759888648987;0.4;0.1860683411359787
0.12;0.45273327827453613;0.68;0.39130446314811707;0.26;0.40255680680274963
0.26;0.3169931471347809;0.32;0.2361869215965271;0.24;0.1985476166009903
0.54;0.6168367266654968;0.36;0.27118510007858276;0.34;0.40062466263771057
0.8;0.3536490797996521;0.18;0.4523742198944092;0.46;0.2758180499076843
0.48;0.314679890871048;0.5;0.47074389457702637;0.3;0.34778067469596863
0.6;0.5388621687889099;0.16;0.21864628791809082;0.14;0.2822943925857544
0.56;0.5488795042037964;0.36;0.294033944606781;0.18;0.3267584443092346
0.48;0.4524343013763428;0.2;0.24312324821949005;0.18;0.22308850288391113
0.68;0.39574772119522095;0.22;0.32484787702560425;0.28;0.16391155123710632
0.42;0.4649508595466614;0.46;0.22710146009922028;0.12;0.2021883726119995
0.74;0.45792919397354126;0.12;0.22931772470474243;0.22;0.2591802477836609
0.64;0.3774801194667816;0.34;0.20857544243335724;0.12;0.20618987083435059
0.48;0.45430096983909607;0.14;0.25426116585731506;0.46;0.29019874334335327
0.1;0.5018419623374939;0.86;0.2505393922328949;0.16;0.34915462136268616
0.2;0.38240307569503784;0.78;0.5610764622688293;0.34;0.44333869218826294
0.58;0.5602962374687195;0.1;0.18874084949493408;0.14;0.22844132781028748
0.58;0.5161576867103577;0.4;0.4077657461166382;0.5;0.43638572096824646
0.38;0.2654527425765991;0.52;0.5606408715248108;0.42;0.4506135880947113
0.3;0.327674001455307;0.3;0.3235735595226288;0.38;0.3410753011703491
0.22;0.1599198877811432;0.66;0.6938287615776062;0.48;0.46453437209129333
0.48;0.4093942642211914;0.32;0.24476590752601624;0.26;0.3477775454521179
0.78;0.47159451246261597;0.16;0.2174743115901947;0.14;0.2155405580997467
0.6;0.45242220163345337;0.32;0.2128872126340866;0.2;0.22406205534934998
0.46;0.3611063063144684;0.38;0.5091639161109924;0.5;0.41303539276123047
0.32;0.20486710965633392;0.6;0.651643693447113;0.42;0.3795314431190491
0.24;0.3093990683555603;0.18;0.20098523795604706;0.42;0.39720848202705383
0.16;0.29181262850761414;0.46;0.56122887134552;0.32;0.306301087141037
0.2;0.21383552253246307;0.36;0.38837140798568726;0.42;0.42962542176246643
0.6;0.4106878936290741;0.18;0.2001752406358719;0.12;0.1747179627418518
0.5;0.5703897476196289;0.18;0.242906391620636;0.24;0.20825143158435822
0.2;0.3259725868701935;0.76;0.4541296064853668;0.28;0.3168553411960602
0.52;0.46526291966438293;0.12;0.18886514008045197;0.38;0.2046729326248169
0.72;0.3682524561882019;0.18;0.1331949084997177;0.1;0.19307807087898254
0.14;0.30002471804618835;0.24;0.3585093319416046;0.38;0.3017006814479828
0.54;0.3774150311946869;0.3;0.2615703046321869;0.22;0.2329581081867218
0.24;0.29194092750549316;0.22;0.35692423582077026;0.36;0.2820340394973755
0.16;0.09899362176656723;0.22;0.48222944140434265;0.34;0.2690325379371643
0.2;0.258004367351532;0.12;0.26159101724624634;0.48;0.39151614904403687
0.3;0.3252769708633423;0.32;0.34015676379203796;0.48;0.44586044549942017
0.34;0.32878828048706055;0.64;0.5596900582313538;0.3;0.31433171033859253
0.28;0.34795811772346497;0.48;0.3535589873790741;0.24;0.3343042731285095
0.12;0.16355885565280914;0.4;0.4433307349681854;0.48;0.4298563003540039
0.2;0.2761050760746002;0.6;0.5108671188354492;0.38;0.39204704761505127
0.28;0.4568668007850647;0.38;0.19264256954193115;0.14;0.3130180537700653
0.54;0.5329914689064026;0.36;0.19636209309101105;0.1;0.24277034401893616
0.5;0.3578573763370514;0.36;0.44177767634391785;0.38;0.3511708080768585
0.32;0.20035776495933533;0.6;0.5777024030685425;0.36;0.37023237347602844
0.26;0.1978910118341446;0.54;0.5893791913986206;0.48;0.48455366492271423
0.1;0.4573914110660553;0.62;0.3111327886581421;0.14;0.348336398601532
0.68;0.2749890983104706;0.26;0.4622747600078583;0.5;0.3241940438747406
0.22;0.23770219087600708;0.54;0.4239778518676758;0.22;0.35295218229293823
0.42;0.3005789518356323;0.12;0.27216267585754395;0.44;0.30205217003822327
0.12;0.1766652762889862;0.72;0.6515607833862305;0.5;0.507050633430481
0.48;0.3388536274433136;0.48;0.6249064207077026;0.44;0.40189123153686523
0.4;0.40895748138427734;0.56;0.44890034198760986;0.44;0.4897550642490387
0.66;0.3939894139766693;0.28;0.19771359860897064;0.18;0.22682079672813416
0.1;0.0008987588225863874;0.32;0.466105192899704;0.46;0.399971067905426
0.24;0.25236785411834717;0.3;0.4434328079223633;0.36;0.38067740201950073
0.74;0.4484674334526062;0.1;0.1890900433063507;0.24;0.19957959651947021
0.16;0.11714400351047516;0.7;0.8122352361679077;0.46;0.42722082138061523
0.1;0.36280113458633423;0.18;0.2824036777019501;0.44;0.2720496654510498
0.3;0.3397580683231354;0.46;0.5337586402893066;0.42;0.3840099573135376
0.22;0.18685393035411835;0.54;0.5916299223899841;0.46;0.44612544775009155
0.2;0.12384981662034988;0.28;0.3666868209838867;0.46;0.31884434819221497
0.28;0.35856807231903076;0.7;0.41602423787117004;0.26;0.406241238117218
0.12;0.07425269484519958;0.72;0.7724091410636902;0.48;0.4050407409667969
0.64;0.22252604365348816;0.24;0.1760214865207672;0.28;0.4314762055873871
0.1;0.1897737830877304;0.88;0.7141126990318298;0.44;0.45138120651245117
0.36;0.41819366812705994;0.5;0.3922431170940399;0.24;0.2891341745853424
0.26;0.36099937558174133;0.4;0.40359237790107727;0.28;0.3535350263118744
0.68;0.5020620822906494;0.22;0.431995689868927;0.44;0.30972328782081604
0.3;0.365666925907135;0.56;0.41306787729263306;0.42;0.48097020387649536
0.52;0.21909338235855103;0.4;0.2596462070941925;0.16;0.2550249695777893
0.36;0.41058802604675293;0.52;0.35569220781326294;0.16;0.3056589663028717
0.12;0.09777254611253738;0.86;0.839666485786438;0.44;0.4663715362548828
0.2;0.3522021770477295;0.26;0.3361356854438782;0.44;0.34831589460372925
0.42;0.37888628244400024;0.4;0.41292130947113037;0.34;0.3692130148410797
0.6;0.4643709361553192;0.38;0.222608283162117;0.22;0.23667649924755096
0.18;0.3181561827659607;0.2;0.2658427357673645;0.24;0.1681211143732071
0.28;0.25440025329589844;0.64;0.4918876588344574;0.36;0.4101349711418152
0.64;0.5320225358009338;0.22;0.3100641369819641;0.44;0.3524807095527649
0.22;0.154838427901268;0.48;0.5040199756622314;0.34;0.3759033977985382
0.28;0.278199166059494;0.46;0.49842458963394165;0.26;0.33756715059280396
0.1;0.1758313626050949;0.7;0.5554865002632141;0.32;0.43336743116378784
0.42;0.32007521390914917;0.42;0.48294371366500854;0.36;0.3993523418903351
0.66;0.513238251209259;0.1;0.267840713262558;0.44;0.251595675945282
0.12;0.3529621660709381;0.36;0.3360740840435028;0.28;0.2838558852672577
0.26;0.2897719144821167;0.48;0.2505587339401245;0.2;0.389388769865036
0.1;0.3008500635623932;0.38;0.385435551404953;0.34;0.2842099070549011
0.4;0.43074843287467957;0.36;0.25190338492393494;0.14;0.15894241631031036
0.3;0.32356178760528564;0.32;0.2398991733789444;0.14;0.21254758536815643
0.54;0.3925309181213379;0.16;0.3003275394439697;0.24;0.31246310472488403
0.32;0.4734983444213867;0.28;0.2626326084136963;0.28;0.2936277389526367
0.34;0.40133580565452576;0.36;0.2952737510204315;0.1;0.18628741800785065
0.14;0.34958165884017944;0.72;0.39221659302711487;0.16;0.29999133944511414
0.6;0.40761107206344604;0.2;0.31877365708351135;0.16;0.21549737453460693
0.58;0.4311521053314209;0.16;0.09156029671430588;0.12;0.25013887882232666
0.34;0.2206597924232483;0.44;0.37988439202308655;0.26;0.21028900146484375
0.34;0.40119504928588867;0.52;0.44237127900123596;0.18;0.3228667974472046
0.34;0.38120874762535095;0.48;0.3566478192806244;0.2;0.2804177701473236
0.22;0.3431738317012787;0.14;0.2365197092294693;0.26;0.19751381874084473
0.58;0.3459996283054352;0.12;0.16006267070770264;0.1;0.2362717092037201
0.24;0.48353686928749084;0.3;0.19570814073085785;0.18;0.28811413049697876
0.36;0.23675419390201569;0.3;0.4942111670970917;0.48;0.385003924369812
0.44;0.3566629886627197;0.42;0.3990926444530487;0.16;0.27771833539009094
0.34;0.43516090512275696;0.58;0.39086776971817017;0.38;0.4113524854183197
0.36;0.35427626967430115;0.58;0.4781421720981598;0.48;0.5256158113479614
0.56;0.664387583732605;0.18;0.15914899110794067;0.4;0.30767056345939636
0.2;0.2714025676250458;0.64;0.31846511363983154;0.18;0.2568609416484833
0.38;0.3383711576461792;0.52;0.5777599811553955;0.46;0.43393802642822266
0.86;0.4528311491012573;0.1;0.17989085614681244;0.4;0.17970483005046844
0.22;0.33595818281173706;0.3;0.25202035903930664;0.1;0.25950342416763306
0.78;0.25563356280326843;0.2;0.16993938386440277;0.16;0.237769216299057
0.36;0.5766336917877197;0.14;0.24341246485710144;0.14;0.23580317199230194
0.38;0.4590494632720947;0.28;0.23358848690986633;0.24;0.33672481775283813
0.24;0.34959676861763;0.14;0.17607441544532776;0.3;0.21188397705554962
0.66;0.34229034185409546;0.16;0.24232268333435059;0.38;0.270946741104126
0.72;0.5018450617790222;0.1;0.17099802196025848;0.34;0.1922643929719925
0.46;0.40547144412994385;0.48;0.46200236678123474;0.28;0.3365534543991089
0.46;0.37894269824028015;0.36;0.3900003135204315;0.38;0.2687448561191559
0.54;0.3649510145187378;0.32;0.4843754470348358;0.28;0.22950875759124756
0.26;0.4250161051750183;0.14;0.18854808807373047;0.22;0.18273286521434784
0.64;0.6852132678031921;0.24;0.18763336539268494;0.14;0.26658716797828674
0.56;0.5499334335327148;0.1;0.24952447414398193;0.26;0.2242128849029541
0.42;0.3585505783557892;0.4;0.2840988039970398;0.4;0.5144141912460327
0.46;0.2774413824081421;0.28;0.29401475191116333;0.36;0.3052195906639099
0.52;0.5134780406951904;0.22;0.22669106721878052;0.18;0.22287778556346893
0.44;0.4448936879634857;0.12;0.11079449206590652;0.22;0.2427799254655838
0.48;0.36170995235443115;0.16;0.33386296033859253;0.44;0.3116069436073303
0.82;0.4324483871459961;0.1;0.18399900197982788;0.18;0.22102563083171844
0.4;0.34032899141311646;0.16;0.27388590574264526;0.48;0.35976874828338623
0.2;0.3634111285209656;0.1;0.09077134728431702;0.36;0.16999459266662598
0.14;0.44205665588378906;0.44;0.2401251345872879;0.2;0.20942477881908417
0.16;0.3801780939102173;0.36;0.30830204486846924;0.24;0.3233923316001892
0.14;0.18552939593791962;0.72;0.6057616472244263;0.34;0.43401432037353516
0.32;0.3010513484477997;0.66;0.3880465030670166;0.12;0.2307099550962448
0.16;0.2930556535720825;0.66;0.6017711758613586;0.36;0.44369229674339294
0.44;0.2896054983139038;0.5;0.563871443271637;0.38;0.35643547773361206
0.7;0.3644894063472748;0.28;0.3446305990219116;0.36;0.26302143931388855
0.18;0.3374044895172119;0.4;0.44683513045310974;0.34;0.33707812428474426
0.26;0.45338207483291626;0.4;0.24180088937282562;0.12;0.18758413195610046
0.6;0.22858089208602905;0.2;0.24678628146648407;0.34;0.37144482135772705
0.12;0.15377484261989594;0.22;0.3614484965801239;0.5;0.3646744191646576
0.58;0.38723817467689514;0.24;0.22723643481731415;0.12;0.22949448227882385
0.84;0.49232926964759827;0.14;0.1786503791809082;0.12;0.22539977729320526
0.54;0.4677477478981018;0.26;0.371474027633667;0.24;0.3063789904117584
0.1;0.16858623921871185;0.54;0.5384625196456909;0.38;0.4578518867492676
0.28;0.3946774899959564;0.32;0.22595787048339844;0.16;0.24917027354240417
0.34;0.47607067227363586;0.48;0.4276774227619171;0.38;0.4728071093559265
0.62;0.3258115351200104;0.1;0.18757660686969757;0.28;0.19480004906654358
0.28;0.2949209213256836;0.62;0.580143392086029;0.42;0.45469236373901367
0.46;0.344155877828598;0.24;0.23903675377368927;0.16;0.17748859524726868
0.24;0.19794538617134094;0.4;0.48115262389183044;0.34;0.35698798298835754
0.14;0.18053500354290009;0.7;0.41477781534194946;0.18;0.34725719690322876
0.22;0.10960391908884048;0.72;0.7771544456481934;0.48;0.44642987847328186
0.36;0.22478105127811432;0.4;0.5309130549430847;0.5;0.4505801200866699
0.36;0.4082120656967163;0.5;0.21297551691532135;0.16;0.2040398120880127
0.24;0.2675382196903229;0.36;0.45465850830078125;0.46;0.33976221084594727
0.62;0.4475386440753937;0.26;0.3133545517921448;0.46;0.440216600894928
0.82;0.43299049139022827;0.12;0.16439393162727356;0.24;0.15051111578941345
0.26;0.48667946457862854;0.64;0.3665623068809509;0.26;0.41672593355178833
0.14;0.24648521840572357;0.38;0.31618523597717285;0.3;0.32307174801826477
0.14;0.35285094380378723;0.32;0.2879261076450348;0.18;0.22702166438102722
0.62;0.34802767634391785;0.3;0.5585043430328369;0.5;0.41853561997413635
0.34;0.3511665165424347;0.4;0.2111668735742569;0.24;0.23171047866344452
0.1;0.3342268168926239;0.54;0.20540368556976318;0.14;0.2897058427333832
0.14;0.42442500591278076;0.66;0.4185906648635864;0.18;0.2819313406944275
0.28;0.4344823360443115;0.1;0.2698183059692383;0.22;0.16945986449718475
0.46;0.4804346263408661;0.52;0.39914003014564514;0.34;0.43656080961227417
0.5;0.3167218565940857;0.48;0.5604904294013977;0.48;0.43995875120162964
0.14;0.16656607389450073;0.76;0.5949191451072693;0.32;0.3315611481666565
0.12;0.33361151814460754;0.78;0.4623185992240906;0.3;0.39333364367485046
0.26;0.24026189744472504;0.68;0.5870499014854431;0.4;0.48394137620925903
0.38;0.4330624043941498;0.48;0.35103633999824524;0.18;0.28154367208480835
0.14;0.21644137799739838;0.58;0.565248429775238;0.42;0.44639626145362854
0.18;0.4734925329685211;0.2;0.23516634106636047;0.36;0.2806560695171356
0.3;0.4492758810520172;0.14;0.24296292662620544;0.4;0.24634580314159393
0.3;0.2563425898551941;0.56;0.6823417544364929;0.5;0.4115203022956848
0.6;0.40446266531944275;0.1;0.144643172621727;0.2;0.25517940521240234
0.36;0.4803674817085266;0.6;0.36144113540649414;0.36;0.441718190908432
0.32;0.31682711839675903;0.52;0.3435779809951782;0.26;0.37711578607559204
0.42;0.3759731948375702;0.2;0.37402504682540894;0.12;0.22695712745189667
0.16;0.2434530407190323;0.18;0.3179682493209839;0.42;0.2526804506778717
0.34;0.2189832627773285;0.3;0.372270405292511;0.44;0.4093495309352875
0.48;0.40873146057128906;0.44;0.5693348050117493;0.42;0.34137657284736633
0.44;0.44264087080955505;0.48;0.22839614748954773;0.18;0.24241936206817627
0.1;0.20809145271778107;0.78;0.5406619906425476;0.24;0.2959108352661133
0.22;0.1261625587940216;0.62;0.6846105456352234;0.42;0.4084596633911133
0.2;0.2106589525938034;0.44;0.4857470691204071;0.36;0.3266698122024536
0.5;0.32928895950317383;0.48;0.3667391836643219;0.32;0.2622831463813782
0.28;0.3897685706615448;0.1;0.23967784643173218;0.34;0.17725740373134613
0.12;0.23848171532154083;0.48;0.36885255575180054;0.22;0.30790406465530396
0.36;0.3278409242630005;0.62;0.415178507566452;0.22;0.22157637774944305
0.12;0.2849515676498413;0.84;0.2840893268585205;0.12;0.30819976329803467
0.18;0.1920575350522995;0.44;0.5299062728881836;0.46;0.3975031077861786
0.18;0.33280885219573975;0.72;0.4303317070007324;0.26;0.38130730390548706
0.4;0.44014257192611694;0.22;0.19817881286144257;0.2;0.16842475533485413
0.2;0.19668273627758026;0.46;0.5785395503044128;0.48;0.4398224353790283
0.36;0.28164029121398926;0.56;0.2995963990688324;0.1;0.23104241490364075
0.28;0.39203760027885437;0.38;0.37404388189315796;0.28;0.3101450502872467
0.32;0.36014223098754883;0.32;0.4236958622932434;0.5;0.4477424621582031
0.38;0.45393696427345276;0.38;0.20596876740455627;0.14;0.17934559285640717
0.3;0.47694867849349976;0.4;0.381072998046875;0.32;0.3946155309677124
0.5;0.3479207456111908;0.1;0.24730314314365387;0.5;0.28694188594818115
0.16;0.32981929183006287;0.34;0.2877243161201477;0.14;0.22554275393486023
0.52;0.4553055763244629;0.24;0.28857749700546265;0.14;0.2571287453174591
0.8;0.4629427194595337;0.1;0.14796632528305054;0.32;0.1958337128162384
0.12;0.30693376064300537;0.74;0.4455963671207428;0.2;0.3748434782028198
0.46;0.3283243477344513;0.36;0.3655695617198944;0.34;0.30754268169403076
0.2;0.42588308453559875;0.14;0.2343430072069168;0.32;0.18904650211334229
0.4;0.27170711755752563;0.4;0.3810470402240753;0.3;0.4005405306816101
0.34;0.3851715624332428;0.44;0.4308249354362488;0.42;0.43618664145469666
0.6;0.42766082286834717;0.38;0.3257809281349182;0.24;0.2762274444103241
0.26;0.4176628887653351;0.32;0.315817654132843;0.34;0.3066505789756775
0.36;0.4060089588165283;0.32;0.3159113824367523;0.1;0.22308850288391113
0.4;0.29381707310676575;0.46;0.23683758080005646;0.14;0.24671530723571777
0.28;0.382065087556839;0.3;0.3011992275714874;0.12;0.23975148797035217
0.24;0.29292893409729004;0.48;0.23076003789901733;0.16;0.25795629620552063
0.2;0.5003228187561035;0.78;0.41008320450782776;0.22;0.34850767254829407
0.12;0.4410993754863739;0.1;0.2455337643623352;0.32;0.1628963202238083
0.66;0.598569929599762;0.12;0.23990407586097717;0.34;0.22795292735099792
0.56;0.3479607105255127;0.16;0.30588454008102417;0.32;0.2112610787153244
0.1;0.1205509677529335;0.24;0.2552533745765686;0.44;0.38013574481010437
0.54;0.3147525191307068;0.42;0.29793697595596313;0.32;0.23764562606811523
0.16;0.23584528267383575;0.36;0.28893327713012695;0.26;0.29342907667160034
0.48;0.438509464263916;0.38;0.44622138142585754;0.5;0.5183876752853394
0.24;0.38192859292030334;0.46;0.36547207832336426;0.26;0.2979104816913605
0.46;0.4611191749572754;0.16;0.2039017677307129;0.2;0.1662592589855194
0.28;0.32199975848197937;0.54;0.5245618224143982;0.46;0.5025920271873474
0.46;0.20359565317630768;0.52;0.5428020358085632;0.38;0.341335266828537
0.4;0.33540457487106323;0.26;0.23799709975719452;0.26;0.26444298028945923
0.3;0.42637044191360474;0.14;0.27840369939804077;0.18;0.20159046351909637
0.78;0.4581874907016754;0.2;0.2711462676525116;0.24;0.18200761079788208
0.56;0.4495442509651184;0.16;0.2584618628025055;0.12;0.24568316340446472
0.28;0.24459895491600037;0.26;0.47124597430229187;0.46;0.30843573808670044
0.28;0.5127881765365601;0.22;0.19477488100528717;0.1;0.16622395813465118
0.52;0.3263557255268097;0.16;0.2445213943719864;0.14;0.22973661124706268
0.22;0.2850894331932068;0.32;0.26188236474990845;0.32;0.18464219570159912
0.22;0.3398169279098511;0.52;0.485408753156662;0.36;0.3677477240562439
0.12;0.13233782351016998;0.76;0.7665911912918091;0.5;0.529238760471344
0.3;0.38325804471969604;0.22;0.23935924470424652;0.12;0.19871002435684204
0.54;0.5311803817749023;0.26;0.212450310587883;0.28;0.36442017555236816
0.54;0.3803366720676422;0.22;0.37088295817375183;0.16;0.16078181564807892
0.42;0.4166174829006195;0.12;0.27637457847595215;0.24;0.28926926851272583
0.6;0.4020150303840637;0.2;0.19146059453487396;0.18;0.21413934230804443
0.48;0.520693838596344;0.42;0.1435995250940323;0.16;0.18288686871528625
0.24;0.35142838954925537;0.48;0.33476340770721436;0.2;0.29358190298080444
0.36;0.31729984283447266;0.14;0.2946758568286896;0.34;0.22467151284217834
0.32;0.42953890562057495;0.58;0.37066856026649475;0.1;0.26174837350845337
0.2;0.29300880432128906;0.42;0.45202308893203735;0.4;0.4056636691093445
0.84;0.3754230737686157;0.14;0.22721658647060394;0.46;0.3136213421821594
0.38;0.30159512162208557;0.42;0.3822268843650818;0.22;0.20550572872161865
0.42;0.40139204263687134;0.3;0.3821071982383728;0.4;0.436534583568573
0.62;0.42803531885147095;0.26;0.1469506174325943;0.12;0.24703101813793182
0.28;0.22988884150981903;0.62;0.6087291836738586;0.44;0.41227635741233826
0.6;0.5207754969596863;0.32;0.20093123614788055;0.14;0.21016795933246613
0.54;0.5711031556129456;0.36;0.3013196885585785;0.4;0.39297226071357727
0.22;0.2929057776927948;0.68;0.5948265194892883;0.32;0.405622661113739
0.46;0.5007604956626892;0.32;0.28959405422210693;0.2;0.1876378357410431
0.22;0.512923538684845;0.28;0.2770909368991852;0.2;0.2802872061729431
0.72;0.3222264051437378;0.2;0.32299596071243286;0.18;0.20363764464855194
0.78;0.5005683898925781;0.12;0.23671139776706696;0.3;0.20151372253894806
0.52;0.415042906999588;0.36;0.40516799688339233;0.46;0.45240336656570435
0.58;0.6844606399536133;0.24;0.1965417116880417;0.1;0.28362613916397095
0.14;0.29105645418167114;0.54;0.4304235279560089;0.38;0.42520660161972046
0.1;0.20401258766651154;0.3;0.35537275671958923;0.38;0.3774029612541199
0.54;0.35738277435302734;0.38;0.23643247783184052;0.12;0.21382704377174377
0.32;0.5760429501533508;0.38;0.24763068556785583;0.1;0.23322376608848572
0.16;0.22883348166942596;0.78;0.5548131465911865;0.22;0.3043934106826782
0.12;0.4277645945549011;0.12;0.2710694670677185;0.34;0.21870803833007812
0.26;0.22646315395832062;0.6;0.6576151251792908;0.46;0.46816205978393555
0.38;0.5829834342002869;0.58;0.16903991997241974;0.14;0.3590795397758484
0.3;0.6853483319282532;0.28;0.17507390677928925;0.16;0.37556713819503784
0.44;0.4126867353916168;0.24;0.32176968455314636;0.28;0.23182740807533264
0.48;0.3394773006439209;0.18;0.36988338828086853;0.44;0.2624436616897583
0.56;0.390701562166214;0.16;0.24324072897434235;0.26;0.20337431132793427
0.58;0.4233849346637726;0.18;0.26415392756462097;0.1;0.26127952337265015
0.28;0.1641598790884018;0.58;0.3373655378818512;0.12;0.332574725151062
0.28;0.2664249837398529;0.42;0.5295408964157104;0.42;0.42018890380859375
0.26;0.34101229906082153;0.64;0.5211105346679688;0.32;0.3855113387107849
0.16;0.3577044904232025;0.74;0.321851521730423;0.14;0.32383888959884644
0.12;0.4118419885635376;0.56;0.3208477199077606;0.18;0.28168174624443054
0.62;0.6975483298301697;0.26;0.20512859523296356;0.36;0.42219242453575134
0.14;0.40556055307388306;0.14;0.13695180416107178;0.2;0.21552467346191406
0.18;0.44090092182159424;0.22;0.3337482213973999;0.32;0.31353646516799927
0.38;0.2955821752548218;0.44;0.5041438341140747;0.4;0.38185301423072815
0.16;0.5150254964828491;0.56;0.18091924488544464;0.14;0.2611751854419708
0.28;0.3514593839645386;0.3;0.37385234236717224;0.4;0.30060499906539917
0.68;0.4193888306617737;0.16;0.2421092838048935;0.34;0.27042636275291443
0.12;0.16843290627002716;0.84;0.5441006422042847;0.28;0.44960203766822815
0.4;0.43421614170074463;0.52;0.2005852907896042;0.1;0.2655174434185028
0.32;0.19354431331157684;0.52;0.6424504518508911;0.46;0.3978542387485504
0.28;0.31755709648132324;0.42;0.3901703357696533;0.38;0.451876163482666
0.74;0.40503841638565063;0.1;0.24385030567646027;0.18;0.16939683258533478
0.38;0.450777530670166;0.34;0.2990456819534302;0.16;0.2623857259750366
0.4;0.32746821641921997;0.52;0.418371319770813;0.34;0.4361328184604645
0.42;0.2965342700481415;0.52;0.4138239920139313;0.3;0.41124582290649414
0.1;0.18392309546470642;0.56;0.3957849144935608;0.34;0.4251638352870941
0.18;0.31269192695617676;0.62;0.3207172155380249;0.1;0.22723862528800964
0.2;0.45369645953178406;0.1;0.14761503040790558;0.34;0.14473041892051697
0.32;0.3025234639644623;0.4;0.5042064785957336;0.38;0.34796059131622314
0.16;0.3804223835468292;0.64;0.390194833278656;0.16;0.30763062834739685
0.32;0.3874143362045288;0.3;0.46655306220054626;0.26;0.3085481822490692
0.18;0.2272624373435974;0.72;0.5669565200805664;0.4;0.4397847652435303
0.7;0.4935491681098938;0.26;0.3966374695301056;0.4;0.2671370804309845
0.16;0.343631386756897;0.6;0.41153547167778015;0.28;0.3282252848148346
0.4;0.39665839076042175;0.26;0.1938100904226303;0.2;0.20269186794757843
0.62;0.3608595132827759;0.22;0.2073523998260498;0.12;0.17602485418319702
0.52;0.2845751941204071;0.2;0.3636642396450043;0.34;0.3275064527988434
0.72;0.5329399704933167;0.2;0.2005172073841095;0.12;0.21026122570037842
0.24;0.27125120162963867;0.62;0.5670244693756104;0.38;0.4187648296356201
0.44;0.4056258797645569;0.26;0.27072596549987793;0.12;0.21244743466377258
0.2;0.2505773901939392;0.32;0.3335965871810913;0.34;0.33720242977142334
0.3;0.22887007892131805;0.64;0.3564010262489319;0.18;0.3382648825645447
0.38;0.4067624509334564;0.4;0.35872116684913635;0.38;0.405931293964386
0.28;0.37190768122673035;0.52;0.3772551715373993;0.28;0.29364562034606934
0.26;0.36688268184661865;0.7;0.4937900900840759;0.22;0.38513845205307007
0.16;0.1836172342300415;0.64;0.4666299521923065;0.24;0.3626522719860077
0.54;0.2642055153846741;0.32;0.41103360056877136;0.3;0.3470754027366638
0.24;0.34148645401000977;0.2;0.36869150400161743;0.3;0.20811477303504944
0.14;0.3463713526725769;0.46;0.3713301420211792;0.26;0.30267369747161865
0.16;0.1975105255842209;0.58;0.4192666709423065;0.18;0.3077172636985779
0.52;0.17372797429561615;0.46;0.4003583788871765;0.36;0.36532649397850037
0.68;0.49323570728302;0.22;0.21586982905864716;0.34;0.2835726737976074
0.12;0.14049553871154785;0.56;0.5820141434669495;0.34;0.3484777510166168
0.32;0.2804498076438904;0.12;0.24111415445804596;0.2;0.23528778553009033
0.88;0.4770960509777069;0.1;0.30583426356315613;0.32;0.2547026574611664
0.24;0.389055073261261;0.38;0.381706565618515;0.22;0.23008103668689728
0.4;0.3197675347328186;0.22;0.32809650897979736;0.48;0.38926082849502563
0.3;0.34705135226249695;0.2;0.3514145016670227;0.4;0.27636465430259705
0.14;0.31430888175964355;0.38;0.36929014325141907;0.18;0.2734559178352356
0.24;0.19199931621551514;0.7;0.6305501461029053;0.38;0.4252311587333679
0.32;0.41875168681144714;0.4;0.33478328585624695;0.28;0.4402388632297516
0.18;0.2703534960746765;0.36;0.36074334383010864;0.46;0.3681153357028961
0.46;0.4191277325153351;0.2;0.2825438678264618;0.26;0.1855703741312027
0.22;0.5080633163452148;0.24;0.16621747612953186;0.12;0.28873544931411743
0.76;0.3174339830875397;0.22;0.2971392869949341;0.22;0.19574329257011414
0.42;0.33641117811203003;0.48;0.3786442279815674;0.1;0.23294655978679657
0.12;0.3544755280017853;0.64;0.2865763306617737;0.16;0.21828672289848328
0.3;0.3781072497367859;0.22;0.41849052906036377;0.5;0.3814179003238678
0.34;0.35366806387901306;0.22;0.3134614825248718;0.3;0.30803412199020386
0.5;0.4781308174133301;0.46;0.4256652593612671;0.38;0.42024946212768555
0.1;0.1525343507528305;0.78;0.4673193693161011;0.28;0.38318511843681335
0.3;0.45622968673706055;0.66;0.3746495842933655;0.28;0.34471675753593445
0.36;0.34682121872901917;0.48;0.3979896306991577;0.38;0.4457697868347168
0.38;0.23379433155059814;0.32;0.5318137407302856;0.48;0.3713862895965576
0.12;0.14077310264110565;0.36;0.5556883215904236;0.46;0.37603357434272766
0.48;0.25922954082489014;0.2;0.28195619583129883;0.14;0.14814786612987518
0.5;0.4051044285297394;0.44;0.13511110842227936;0.1;0.2671695351600647
0.26;0.2592466175556183;0.72;0.5112020969390869;0.24;0.33629560470581055
0.48;0.391372948884964;0.38;0.406427800655365;0.42;0.4087924063205719
0.7;0.38864198327064514;0.28;0.20917671918869019;0.14;0.18671083450317383
0.18;0.17539411783218384;0.74;0.6907195448875427;0.5;0.5208591222763062
0.44;0.3892159163951874;0.34;0.2683161795139313;0.28;0.2703603208065033
0.18;0.1036788672208786;0.36;0.49253377318382263;0.5;0.35610827803611755
0.52;0.46969467401504517;0.24;0.20513105392456055;0.2;0.238976389169693
0.46;0.3790629506111145;0.4;0.3869982659816742;0.34;0.3424319624900818
0.14;0.3334140479564667;0.72;0.4398631453514099;0.22;0.3548230230808258
0.18;0.20756970345973969;0.62;0.363851934671402;0.16;0.27034467458724976
0.44;0.359653502702713;0.36;0.3999548852443695;0.34;0.41870132088661194
0.58;0.3577157258987427;0.26;0.39269375801086426;0.3;0.33345353603363037
0.76;0.40367913246154785;0.12;0.2202717512845993;0.14;0.16734525561332703
0.34;0.2928740382194519;0.62;0.44569501280784607;0.3;0.40022945404052734
0.5;0.2820200026035309;0.24;0.4743131697177887;0.48;0.30576133728027344
0.22;0.47306737303733826;0.54;0.3876214623451233;0.38;0.44859829545021057
0.4;0.39038926362991333;0.3;0.2808802127838135;0.5;0.5356910824775696
0.34;0.49374866485595703;0.58;0.3310001492500305;0.18;0.32949551939964294
0.34;0.3869378864765167;0.2;0.2823166847229004;0.26;0.26031914353370667
0.62;0.31273555755615234;0.22;0.3471710681915283;0.4;0.24355967342853546
0.62;0.4716857671737671;0.36;0.41747426986694336;0.32;0.23550868034362793
0.58;0.44960686564445496;0.14;0.16409362852573395;0.26;0.21353928744792938
0.7;0.29538699984550476;0.2;0.32006362080574036;0.28;0.28419071435928345
0.46;0.3694504201412201;0.14;0.29528212547302246;0.12;0.17461299896240234
0.16;0.5076737999916077;0.48;0.3556298017501831;0.2;0.22613796591758728
0.46;0.443744033575058;0.14;0.17542622983455658;0.1;0.2085225135087967
0.64;0.34935513138771057;0.12;0.3387458324432373;0.4;0.2683306336402893
0.18;0.2964636981487274;0.42;0.35761895775794983;0.28;0.34620431065559387
0.12;0.3046528398990631;0.5;0.4806288778781891;0.22;0.2899228036403656
0.36;0.21542537212371826;0.52;0.6026999354362488;0.48;0.4343256950378418
0.42;0.4557082951068878;0.18;0.25077295303344727;0.16;0.24024894833564758
0.44;0.30567049980163574;0.22;0.31362462043762207;0.14;0.22997717559337616
0.32;0.3033076822757721;0.26;0.47702181339263916;0.46;0.3098451793193817
0.74;0.4764026403427124;0.24;0.15115459263324738;0.2;0.17381814122200012
0.38;0.4028371274471283;0.58;0.3454078733921051;0.22;0.3575981855392456
0.48;0.41084763407707214;0.38;0.21870003640651703;0.1;0.20358042418956757
0.12;0.3921859860420227;0.56;0.17235836386680603;0.1;0.2143799066543579
0.14;0.1469714641571045;0.4;0.5337050557136536;0.5;0.4212552011013031
0.78;0.3937704265117645;0.16;0.22435134649276733;0.3;0.17024430632591248
0.42;0.3274651765823364;0.26;0.32522884011268616;0.34;0.3014785647392273
0.56;0.48090070486068726;0.28;0.3019997477531433;0.28;0.24825017154216766
0.22;0.24699766933918;0.56;0.5832471251487732;0.38;0.4330710768699646
0.18;0.32170459628105164;0.36;0.4170409142971039;0.34;0.3421000838279724
0.44;0.28653988242149353;0.28;0.40445777773857117;0.34;0.32436603307724
0.74;0.3583736717700958;0.16;0.3586909770965576;0.48;0.3415203392505646
0.1;0.36596187949180603;0.28;0.22687916457653046;0.4;0.317728191614151
0.44;0.3950866460800171;0.22;0.3503626883029938;0.26;0.22880741953849792
0.26;0.45988425612449646;0.5;0.1752597540616989;0.32;0.5777938365936279
0.52;0.36887669563293457;0.34;0.277139276266098;0.12;0.2322242707014084
0.64;0.27050477266311646;0.28;0.30002716183662415;0.26;0.31431788206100464
0.52;0.6139593720436096;0.38;0.23995782434940338;0.32;0.38109222054481506
0.32;0.3605993390083313;0.38;0.38857102394104004;0.34;0.3866897225379944
0.28;0.4867197275161743;0.6;0.35554277896881104;0.3;0.40401679277420044
0.56;0.5836490988731384;0.4;0.21122589707374573;0.2;0.31156355142593384
0.22;0.22984324395656586;0.58;0.5897332429885864;0.42;0.4256364703178406
0.24;0.12133105844259262;0.28;0.5155500173568726;0.44;0.3727867603302002
0.78;0.7380928993225098;0.12;0.15527373552322388;0.44;0.3428650200366974
0.3;0.20306433737277985;0.28;0.24890470504760742;0.1;0.17409202456474304
0.4;0.4971604347229004;0.1;0.2107129842042923;0.18;0.18279924988746643
0.1;0.35349491238594055;0.18;0.26994943618774414;0.28;0.2074168622493744
0.62;0.5238808393478394;0.1;0.26875796914100647;0.5;0.2677963376045227
0.56;0.21650533378124237;0.42;0.664537250995636;0.5;0.43235501646995544
0.34;0.37826740741729736;0.6;0.4451052248477936;0.36;0.4564567506313324
0.74;0.4297581613063812;0.18;0.20296092331409454;0.12;0.20022425055503845
0.76;0.5170061588287354;0.12;0.18436405062675476;0.16;0.24220529198646545
0.18;0.31628602743148804;0.48;0.40636980533599854;0.24;0.3402754068374634
0.64;0.3117143511772156;0.2;0.35789477825164795;0.44;0.3120519518852234
0.38;0.454384982585907;0.1;0.207105353474617;0.18;0.2096172571182251
0.24;0.5051355957984924;0.64;0.28953295946121216;0.2;0.3575579524040222
0.34;0.5416877269744873;0.5;0.1752912998199463;0.1;0.17276759445667267
0.12;0.14736729860305786;0.74;0.6876755356788635;0.48;0.5028700232505798
0.52;0.3334917426109314;0.28;0.45396149158477783;0.5;0.35685038566589355
0.38;0.38091540336608887;0.5;0.4810897707939148;0.42;0.46406498551368713
0.36;0.4036489725112915;0.14;0.2434367686510086;0.32;0.2954116761684418
0.26;0.40873590111732483;0.4;0.24331694841384888;0.14;0.24043190479278564
0.26;0.29220566153526306;0.7;0.5064399242401123;0.26;0.3645676374435425
0.22;0.23149122297763824;0.5;0.5469761490821838;0.46;0.40482836961746216
0.34;0.38307228684425354;0.12;0.24915048480033875;0.46;0.19669130444526672
0.56;0.4310034215450287;0.22;0.3249450623989105;0.36;0.28787171840667725
0.26;0.4449425935745239;0.72;0.3358618915081024;0.22;0.39144524931907654
0.5;0.387190043926239;0.14;0.21683232486248016;0.4;0.34639468789100647
0.3;0.13799704611301422;0.62;0.7339468598365784;0.48;0.4615788459777832
0.34;0.19943217933177948;0.3;0.5123629570007324;0.48;0.37060731649398804
0.5;0.34934869408607483;0.28;0.2533513903617859;0.14;0.20121558010578156
0.22;0.3704257011413574;0.4;0.31518834829330444;0.24;0.2635709345340729
0.32;0.2981971204280853;0.52;0.5776647925376892;0.48;0.49661320447921753
0.66;0.29309624433517456;0.3;0.43386805057525635;0.32;0.35172903537750244
0.14;0.21928250789642334;0.52;0.4177740514278412;0.34;0.4372707009315491
0.16;0.16624313592910767;0.36;0.513667643070221;0.5;0.43189820647239685
0.54;0.43984147906303406;0.14;0.300325483083725;0.26;0.22608008980751038
0.14;0.2281133532524109;0.7;0.5339627861976624;0.38;0.47644346952438354
0.2;0.2681075930595398;0.54;0.3789650499820709;0.2;0.2973707616329193
0.34;0.3431972563266754;0.28;0.3100064992904663;0.34;0.33450987935066223
0.52;0.2974247634410858;0.16;0.3021305203437805;0.32;0.2312527894973755
0.22;0.3041159510612488;0.46;0.5575773119926453;0.42;0.4248853325843811
0.58;0.3847436010837555;0.2;0.2766417860984802;0.38;0.3666205108165741
0.5;0.39258912205696106;0.24;0.34011417627334595;0.22;0.2750440835952759
0.26;0.41872987151145935;0.2;0.1972627490758896;0.26;0.23442968726158142
0.48;0.5796316862106323;0.26;0.27470189332962036;0.42;0.35626283288002014
0.14;0.17498059570789337;0.7;0.4660043716430664;0.22;0.3637872040271759
0.28;0.12101835757493973;0.68;0.6954448223114014;0.48;0.47184568643569946
0.64;0.47049906849861145;0.26;0.2492114156484604;0.3;0.32299599051475525
0.16;0.2466500848531723;0.34;0.28294774889945984;0.44;0.4701712727546692
0.44;0.24196869134902954;0.22;0.3259446322917938;0.24;0.2399911880493164
0.68;0.41391459107398987;0.14;0.2690495550632477;0.24;0.26208606362342834
0.36;0.4282664656639099;0.34;0.2985439896583557;0.24;0.3055189847946167
0.48;0.439731240272522;0.24;0.31703710556030273;0.32;0.2933470904827118
0.14;0.24237112700939178;0.62;0.5552867650985718;0.44;0.4916859269142151
0.26;0.24280500411987305;0.38;0.4516279399394989;0.34;0.4172990918159485
0.5;0.49589216709136963;0.32;0.31144657731056213;0.42;0.4111472964286804
0.44;0.32318633794784546;0.24;0.22243480384349823;0.24;0.3887864947319031
0.12;0.24187980592250824;0.48;0.46745070815086365;0.38;0.3586360514163971
0.6;0.4419075846672058;0.24;0.3065184950828552;0.42;0.29160064458847046
0.74;0.4546632468700409;0.2;0.17889001965522766;0.14;0.24495550990104675
0.7;0.5862728953361511;0.22;0.26622065901756287;0.38;0.32259559631347656
0.52;0.43980368971824646;0.34;0.3514595031738281;0.42;0.4336843490600586
0.4;0.43260663747787476;0.1;0.1496027410030365;0.16;0.20980139076709747
0.3;0.447483628988266;0.22;0.3594847619533539;0.34;0.37944191694259644
0.66;0.13768893480300903;0.14;0.3472115695476532;0.38;0.24099870026111603
0.32;0.3093564212322235;0.66;0.29784685373306274;0.14;0.2798561453819275
0.36;0.42923372983932495;0.6;0.3915301263332367;0.26;0.32344546914100647
0.2;0.39792412519454956;0.34;0.23507076501846313;0.1;0.2235301434993744
0.16;0.34350425004959106;0.58;0.351984441280365;0.2;0.3357073664665222
0.14;0.444495290517807;0.74;0.28580766916275024;0.16;0.2864266335964203
0.7;0.3284977972507477;0.18;0.35958239436149597;0.32;0.24838700890541077
0.44;0.4188847243785858;0.38;0.33698439598083496;0.38;0.36101365089416504
0.7;0.6590535044670105;0.28;0.2870572507381439;0.46;0.4108094274997711
0.6;0.4235790967941284;0.26;0.390931636095047;0.36;0.34717559814453125
0.28;0.4610980451107025;0.68;0.1973446160554886;0.14;0.30498725175857544
0.3;0.45463135838508606;0.1;0.23918300867080688;0.28;0.18573260307312012
0.1;0.307883083820343;0.76;0.40511462092399597;0.2;0.331011027097702
0.66;0.34271225333213806;0.2;0.44576141238212585;0.48;0.2982432246208191
0.22;0.35820120573043823;0.46;0.350576788187027;0.26;0.2796703577041626
0.68;0.19866962730884552;0.22;0.42469149827957153;0.38;0.3202635943889618
0.26;0.3252476155757904;0.26;0.29419222474098206;0.18;0.27149638533592224
0.4;0.3168313205242157;0.5;0.22076521813869476;0.16;0.33829885721206665
0.42;0.37904518842697144;0.22;0.3017716705799103;0.34;0.2723913788795471
0.42;0.39730679988861084;0.3;0.18063293397426605;0.18;0.22517025470733643
0.3;0.4233704209327698;0.28;0.06638540327548981;0.12;0.3004682660102844
0.22;0.24016301333904266;0.56;0.5854501724243164;0.44;0.4475473463535309
0.16;0.3143366873264313;0.5;0.2338276207447052;0.2;0.28332993388175964
0.68;0.3983626663684845;0.28;0.22887760400772095;0.12;0.23876389861106873
0.26;0.32326236367225647;0.38;0.24688617885112762;0.2;0.25525468587875366
0.36;0.38205236196517944;0.54;0.30645471811294556;0.16;0.2352398931980133
0.6;0.5925105810165405;0.26;0.21953916549682617;0.38;0.3333193063735962
0.3;0.3920183777809143;0.1;0.3347398340702057;0.36;0.19941513240337372
0.1;0.44546079635620117;0.18;0.17104394733905792;0.24;0.21039560437202454
0.18;0.2156926840543747;0.58;0.6147087216377258;0.42;0.38898757100105286
0.16;0.35426077246665955;0.4;0.3410804569721222;0.22;0.24581506848335266
0.32;0.2638584077358246;0.52;0.49547725915908813;0.5;0.515064001083374
0.12;0.14146201312541962;0.58;0.6040022373199463;0.5;0.48655185103416443
0.2;0.28965944051742554;0.46;0.443888396024704;0.4;0.44002780318260193
0.24;0.3396649658679962;0.26;0.21230408549308777;0.1;0.21028335392475128
0.16;0.1764986515045166;0.28;0.39028286933898926;0.38;0.3645211458206177
0.38;0.258440762758255;0.38;0.5291474461555481;0.44;0.4251222610473633
0.24;0.39101696014404297;0.72;0.43955522775650024;0.32;0.4358801245689392
0.32;0.2624232769012451;0.4;0.4592406749725342;0.4;0.41015881299972534
0.34;0.2700660526752472;0.38;0.4073313772678375;0.48;0.4350109100341797
0.36;0.34756556153297424;0.46;0.3371654450893402;0.26;0.3253660500049591
0.34;0.3286522924900055;0.62;0.5257634520530701;0.38;0.36191728711128235
0.14;0.21912676095962524;0.52;0.32693615555763245;0.3;0.37822094559669495
0.58;0.35623565316200256;0.38;0.4288994073867798;0.42;0.4046713709831238
0.12;0.23005130887031555;0.46;0.340860515832901;0.38;0.44669342041015625
0.18;0.15470296144485474;0.4;0.4119461476802826;0.44;0.4019041061401367
0.32;0.32936060428619385;0.54;0.5121283531188965;0.34;0.3822162449359894
0.12;0.21789215505123138;0.74;0.4848262667655945;0.32;0.4411761164665222
0.2;0.4144248068332672;0.38;0.2762342691421509;0.18;0.2432943880558014
0.26;0.32177644968032837;0.68;0.19127598404884338;0.12;0.22376041114330292
0.16;0.368848592042923;0.22;0.2921698987483978;0.3;0.24586030840873718
0.14;0.3949480652809143;0.46;0.28387805819511414;0.16;0.29619860649108887
0.26;0.24033072590827942;0.34;0.49247968196868896;0.5;0.46797722578048706
0.34;0.4496363401412964;0.12;0.32758739590644836;0.4;0.23278860747814178
0.28;0.23982852697372437;0.68;0.532156765460968;0.24;0.2605089247226715
0.24;0.28136172890663147;0.16;0.25931331515312195;0.32;0.31038618087768555
0.22;0.14202262461185455;0.2;0.36019957065582275;0.5;0.3448248505592346
0.12;0.5224544405937195;0.84;0.26929426193237305;0.1;0.2976754307746887
0.64;0.4398671090602875;0.3;0.2480766475200653;0.16;0.21421225368976593
0.52;0.5008169412612915;0.14;0.17386765778064728;0.16;0.17504122853279114
0.32;0.4230023920536041;0.26;0.3337005078792572;0.38;0.3347889184951782
0.54;0.4199303686618805;0.12;0.28277403116226196;0.48;0.21145012974739075
0.56;0.40430864691734314;0.12;0.2706291675567627;0.44;0.18675602972507477
0.16;0.4357976019382477;0.76;0.33188381791114807;0.18;0.2720588147640228
0.28;0.24014371633529663;0.14;0.28841632604599;0.38;0.3134419620037079
0.14;0.13060599565505981;0.42;0.5451115369796753;0.4;0.31446170806884766
0.32;0.2925068438053131;0.3;0.3748466968536377;0.14;0.28663474321365356
0.28;0.33820903301239014;0.22;0.3142743706703186;0.3;0.2769133448600769
0.54;0.34179818630218506;0.38;0.37869757413864136;0.3;0.34719541668891907
0.1;0.38567766547203064;0.16;0.32072293758392334;0.38;0.26348310708999634
0.34;0.36650094389915466;0.18;0.31298691034317017;0.36;0.25366559624671936
0.34;0.45766496658325195;0.24;0.2712121605873108;0.28;0.2765541076660156
0.36;0.6308565735816956;0.18;0.16635490953922272;0.16;0.15551556646823883
0.28;0.27198919653892517;0.24;0.4365943670272827;0.5;0.36755356192588806
0.86;0.4842216372489929;0.12;0.21258440613746643;0.16;0.2565358877182007
0.32;0.35565289855003357;0.52;0.44603201746940613;0.22;0.3041016161441803
0.24;0.36992257833480835;0.6;0.3737848401069641;0.24;0.3711928129196167
0.4;0.424550861120224;0.5;0.35209009051322937;0.18;0.2898555397987366
0.6;0.4444470703601837;0.1;0.2133314311504364;0.16;0.20525780320167542
0.44;0.4878978729248047;0.1;0.12376642972230911;0.18;0.19668927788734436
0.7;0.3491913676261902;0.26;0.40309447050094604;0.3;0.22688868641853333
0.3;0.33274853229522705;0.54;0.4588310718536377;0.38;0.4491945803165436
0.46;0.4032585322856903;0.28;0.3329746723175049;0.32;0.2681518495082855
0.16;0.3466137945652008;0.66;0.4638943076133728;0.34;0.46184682846069336
0.18;0.32980868220329285;0.66;0.3438061773777008;0.12;0.23932333290576935
0.74;0.521519124507904;0.2;0.22753950953483582;0.46;0.2778104245662689
0.1;0.281486451625824;0.68;0.46542292833328247;0.28;0.38457897305488586
0.12;0.38109368085861206;0.3;0.3185949921607971;0.24;0.21277737617492676
0.32;0.47042688727378845;0.64;0.36041611433029175;0.22;0.4071406424045563
0.64;0.36698800325393677;0.14;0.26535284519195557;0.14;0.19043263792991638
0.42;0.262864351272583;0.42;0.45043468475341797;0.4;0.3532763123512268
0.32;0.3256653845310211;0.62;0.3267616033554077;0.18;0.36226069927215576
0.3;0.41187578439712524;0.16;0.2195434421300888;0.22;0.2112330198287964
0.1;0.2419532686471939;0.64;0.6082174777984619;0.32;0.38705340027809143
0.5;0.4238331615924835;0.18;0.23248940706253052;0.46;0.29761752486228943
0.22;0.40265142917633057;0.26;0.36894235014915466;0.24;0.22767671942710876
0.62;0.369575560092926;0.12;0.2731144428253174;0.2;0.15160150825977325
0.18;0.2866063714027405;0.28;0.2959980070590973;0.24;0.22548599541187286
0.52;0.35019949078559875;0.3;0.496126651763916;0.4;0.37869954109191895
0.3;0.1564374417066574;0.64;0.502562940120697;0.32;0.37849804759025574
0.56;0.4105718433856964;0.34;0.2137290984392166;0.1;0.26084697246551514
0.24;0.383945107460022;0.12;0.2225581705570221;0.46;0.2137318104505539
0.66;0.5808700323104858;0.2;0.2287946194410324;0.1;0.2531265616416931
0.68;0.4557313024997711;0.16;0.3674018681049347;0.44;0.29724442958831787
0.36;0.4057728350162506;0.34;0.3300511837005615;0.14;0.24304017424583435
0.18;0.3492262065410614;0.56;0.4594683051109314;0.36;0.4116373062133789
0.2;0.1468288153409958;0.68;0.6901131868362427;0.5;0.47288113832473755
0.32;0.4460660517215729;0.48;0.31098654866218567;0.16;0.2822747230529785
0.48;0.5728150606155396;0.36;0.24564848840236664;0.26;0.24297209084033966
0.36;0.4871441125869751;0.48;0.17673411965370178;0.1;0.28003183007240295
0.5;0.4442485570907593;0.26;0.30844277143478394;0.14;0.20341888070106506
0.44;0.34391385316848755;0.42;0.5323168039321899;0.44;0.4034751057624817
0.16;0.46102604269981384;0.26;0.19610939919948578;0.18;0.18016678094863892
0.22;0.305166631937027;0.72;0.5373523235321045;0.3;0.35418620705604553
0.3;0.2659633159637451;0.44;0.4878060519695282;0.36;0.38599875569343567
0.18;0.29202571511268616;0.16;0.17618978023529053;0.38;0.35448867082595825
0.24;0.19933676719665527;0.22;0.2809736430644989;0.2;0.1354866772890091
0.14;0.3656492829322815;0.48;0.37535181641578674;0.22;0.34025177359580994
0.16;0.24694718420505524;0.62;0.4973900616168976;0.34;0.38726842403411865
0.56;0.3054890036582947;0.4;0.5101481080055237;0.38;0.37369686365127563
0.22;0.43150952458381653;0.2;0.23399828374385834;0.12;0.18980291485786438
0.52;0.22990331053733826;0.14;0.4255080223083496;0.42;0.21132531762123108
0.14;0.38525548577308655;0.26;0.26536428928375244;0.22;0.22432038187980652
0.82;0.42004624009132385;0.14;0.26312536001205444;0.34;0.24437777698040009
0.14;0.28538569808006287;0.5;0.40467122197151184;0.14;0.22541752457618713
0.34;0.34608638286590576;0.34;0.40260401368141174;0.44;0.41703492403030396
0.54;0.38195353746414185;0.1;0.25587472319602966;0.28;0.22509765625
0.1;0.4973236918449402;0.7;0.31437212228775024;0.14;0.34247130155563354
0.26;0.12018276005983353;0.4;0.47850531339645386;0.4;0.4375259280204773
0.18;0.3294985890388489;0.62;0.5194143652915955;0.28;0.34009724855422974
0.3;0.3065265119075775;0.6;0.46215128898620605;0.3;0.3529067635536194
0.14;0.18489404022693634;0.36;0.3879762291908264;0.32;0.331316202878952
0.22;0.4288989007472992;0.42;0.2868386507034302;0.18;0.25659507513046265
0.16;0.11284270882606506;0.76;0.5451497435569763;0.28;0.35479503870010376
0.6;0.41149911284446716;0.18;0.2229251265525818;0.26;0.20943379402160645
0.74;0.45137032866477966;0.22;0.303453266620636;0.28;0.3207691013813019
0.18;0.2275022268295288;0.4;0.3814414143562317;0.4;0.4635421633720398
0.32;0.3457920253276825;0.26;0.32540592551231384;0.26;0.25566452741622925
0.28;0.4114186763763428;0.38;0.30783841013908386;0.34;0.30630677938461304
0.26;0.27207061648368835;0.7;0.6112639307975769;0.4;0.47224026918411255
0.34;0.2953449785709381;0.36;0.27383968234062195;0.22;0.251252681016922
0.52;0.3718418478965759;0.24;0.444627970457077;0.48;0.42927590012550354
0.2;0.41697853803634644;0.72;0.4345378577709198;0.16;0.3295848071575165
0.66;0.3282041847705841;0.26;0.3788706362247467;0.38;0.34707963466644287
0.22;0.34274590015411377;0.38;0.2617310881614685;0.16;0.2037031203508377
0.46;0.3997969925403595;0.12;0.2179626077413559;0.5;0.23438823223114014
0.34;0.39284640550613403;0.54;0.44732892513275146;0.28;0.37145698070526123
0.42;0.3766998052597046;0.2;0.2783392071723938;0.36;0.26461032032966614
0.22;0.31125974655151367;0.6;0.4971412420272827;0.32;0.3957328796386719
0.5;0.5072692036628723;0.48;0.29326000809669495;0.22;0.2678453028202057
0.8;0.44663122296333313;0.16;0.2057153731584549;0.16;0.20245423913002014
0.32;0.26769423484802246;0.12;0.25963959097862244;0.44;0.2006695717573166
0.16;0.2357102334499359;0.8;0.4506414532661438;0.16;0.29191267490386963
0.4;0.3137071430683136;0.16;0.29639801383018494;0.28;0.39474135637283325
0.12;0.06412453949451447;0.32;0.49235135316848755;0.44;0.3350875675678253
0.28;0.5329765677452087;0.48;0.31907907128334045;0.22;0.2919124662876129
