l1_test;l1_pred;l2_test;l2_pred;beta_test;beta_pred;
0.24;0.20829425752162933;0.1;0.11427529156208038;0.3;0.23385421931743622
0.2;0.20048141479492188;0.64;0.6551941633224487;0.22;0.2218608409166336
0.7;0.694765031337738;0.12;0.12244673073291779;0.32;0.33890682458877563
0.66;0.6497625112533569;0.22;0.279269814491272;0.34;0.31178250908851624
0.34;0.34576353430747986;0.62;0.5569456815719604;0.5;0.422126829624176
0.3;0.3071851432323456;0.66;0.5834824442863464;0.12;0.09618144482374191
0.38;0.3498779237270355;0.1;0.12039433419704437;0.26;0.18621358275413513
0.24;0.24046243727207184;0.74;0.6752945184707642;0.26;0.23507460951805115
0.46;0.45878705382347107;0.42;0.4485403895378113;0.32;0.3327098488807678
0.52;0.5268780589103699;0.28;0.24967533349990845;0.42;0.4228878915309906
0.68;0.6789403557777405;0.24;0.2484920769929886;0.4;0.3782021403312683
0.42;0.4326571226119995;0.52;0.5361002087593079;0.36;0.38333573937416077
0.68;0.685265839099884;0.26;0.26335564255714417;0.32;0.32412105798721313
0.24;0.2462337166070938;0.68;0.6487797498703003;0.36;0.34048688411712646
0.36;0.36826327443122864;0.38;0.38232386112213135;0.2;0.2423323690891266
0.18;0.1712486296892166;0.18;0.1791926771402359;0.32;0.3143272399902344
0.1;0.11990650743246078;0.52;0.552064061164856;0.1;0.11242083460092545
0.1;0.10304876416921616;0.7;0.7303304076194763;0.28;0.29089945554733276
0.58;0.586218535900116;0.24;0.2559436559677124;0.4;0.4106789529323578
0.34;0.33921512961387634;0.32;0.3523578643798828;0.34;0.4154893457889557
0.3;0.3052588701248169;0.58;0.5475098490715027;0.18;0.15336808562278748
0.26;0.23918212950229645;0.34;0.34374454617500305;0.18;0.14866209030151367
0.5;0.4935218393802643;0.16;0.17591065168380737;0.32;0.31729426980018616
0.32;0.32613223791122437;0.38;0.37866631150245667;0.46;0.4715604782104492
0.1;0.12164857238531113;0.38;0.3707106113433838;0.2;0.21058626472949982
0.66;0.6436079740524292;0.32;0.3179895579814911;0.38;0.37310516834259033
0.46;0.492101788520813;0.2;0.19457238912582397;0.46;0.48948439955711365
0.52;0.5192219018936157;0.36;0.39118456840515137;0.36;0.3663349151611328
0.36;0.3764511048793793;0.22;0.23186762630939484;0.4;0.39860299229621887
0.14;0.1478695422410965;0.76;0.7470499873161316;0.16;0.16440850496292114
0.12;0.12115450948476791;0.52;0.5118410587310791;0.36;0.35141029953956604
0.24;0.24524614214897156;0.34;0.3432580232620239;0.48;0.4894983172416687
0.36;0.36761999130249023;0.56;0.522973358631134;0.46;0.45393508672714233
0.18;0.1802782118320465;0.2;0.20358356833457947;0.34;0.33209121227264404
0.82;0.8224397897720337;0.1;0.13435016572475433;0.38;0.34709811210632324
0.16;0.15546928346157074;0.66;0.6464104056358337;0.12;0.12016024440526962
0.24;0.23865927755832672;0.66;0.5827597975730896;0.2;0.17151740193367004
0.42;0.4320579469203949;0.24;0.23530198633670807;0.18;0.1973925530910492
0.4;0.40520745515823364;0.54;0.5398373603820801;0.48;0.45166388154029846
0.28;0.30851444602012634;0.32;0.299304336309433;0.2;0.23233142495155334
0.22;0.2280871868133545;0.74;0.6805673241615295;0.32;0.32188114523887634
0.5;0.5287160873413086;0.48;0.4022689163684845;0.12;0.10578499734401703
0.76;0.7820076942443848;0.14;0.15295915305614471;0.24;0.21985122561454773
0.38;0.3799518942832947;0.18;0.18614287674427032;0.3;0.2722357511520386
0.1;0.10284785181283951;0.58;0.5803803205490112;0.5;0.4790169596672058
0.86;0.7657742500305176;0.1;0.16459712386131287;0.14;0.14205273985862732
0.4;0.40046536922454834;0.58;0.5742642879486084;0.22;0.25207892060279846
0.12;0.1344672292470932;0.34;0.34044569730758667;0.5;0.5241800546646118
0.14;0.137929767370224;0.52;0.5076220631599426;0.44;0.41159167885780334
0.34;0.3402027189731598;0.16;0.15582488477230072;0.36;0.39469248056411743
0.46;0.46287375688552856;0.34;0.3293200135231018;0.16;0.15895453095436096
0.2;0.20061472058296204;0.38;0.3694205582141876;0.22;0.20721812546253204
0.48;0.48588138818740845;0.48;0.4312366843223572;0.5;0.49964889883995056
0.16;0.17160318791866302;0.28;0.2741743326187134;0.24;0.2545817494392395
0.12;0.11748813092708588;0.64;0.6648983359336853;0.36;0.38913512229919434
0.2;0.19802825152873993;0.4;0.3904385566711426;0.26;0.24821054935455322
0.36;0.35248005390167236;0.4;0.4226454496383667;0.38;0.41631466150283813
0.64;0.6321586966514587;0.22;0.28569647669792175;0.12;0.11191762983798981
0.56;0.5606565475463867;0.26;0.2439713180065155;0.3;0.2970001697540283
0.24;0.24800442159175873;0.3;0.2868986427783966;0.12;0.14024469256401062
0.3;0.30486422777175903;0.5;0.49566078186035156;0.14;0.12444889545440674
0.6;0.6058341264724731;0.36;0.31019437313079834;0.26;0.23907510936260223
0.6;0.5934373736381531;0.28;0.31165918707847595;0.16;0.15793871879577637
0.18;0.1839940845966339;0.34;0.32677021622657776;0.24;0.2571480870246887
0.12;0.1323520541191101;0.56;0.5496671795845032;0.16;0.16047796607017517
0.28;0.27809515595436096;0.54;0.49955007433891296;0.48;0.41775617003440857
0.52;0.5123267769813538;0.12;0.11732850223779678;0.4;0.4045035243034363
0.16;0.15974634885787964;0.8;0.7573031187057495;0.24;0.2263490855693817
0.76;0.7809067964553833;0.2;0.1636238694190979;0.16;0.17611224949359894
0.54;0.560174822807312;0.42;0.3723331391811371;0.18;0.15436561405658722
0.14;0.1408456712961197;0.26;0.2578536868095398;0.14;0.13808318972587585
0.56;0.5574368834495544;0.3;0.28200212121009827;0.14;0.1557874232530594
0.24;0.24693389236927032;0.54;0.5537286400794983;0.12;0.11635778844356537
0.12;0.12478305399417877;0.2;0.19096806645393372;0.24;0.25148338079452515
0.4;0.4196173846721649;0.52;0.49878737330436707;0.36;0.35403767228126526
0.44;0.44963395595550537;0.24;0.23847617208957672;0.22;0.2356639802455902
0.28;0.29394641518592834;0.66;0.657305896282196;0.46;0.4527970850467682
0.38;0.3877558410167694;0.54;0.523541271686554;0.24;0.2692264914512634
0.22;0.2203831672668457;0.46;0.4863101541996002;0.2;0.21053080260753632
0.6;0.6014379858970642;0.3;0.3581991493701935;0.48;0.48514968156814575
0.18;0.16782501339912415;0.58;0.5595924854278564;0.34;0.3113163113594055
0.48;0.4736636281013489;0.36;0.405394583940506;0.34;0.3560379445552826
0.12;0.11674156785011292;0.58;0.5719507932662964;0.36;0.33954381942749023
0.4;0.40247592329978943;0.36;0.35091596841812134;0.3;0.3155531883239746
0.52;0.49241361021995544;0.1;0.11044749617576599;0.22;0.15432856976985931
0.6;0.5977317690849304;0.34;0.3761034309864044;0.38;0.38914334774017334
0.1;0.09925653785467148;0.16;0.1625526398420334;0.4;0.4034510552883148
0.52;0.4992765486240387;0.44;0.4440946877002716;0.44;0.4604325294494629
0.46;0.4561518728733063;0.38;0.43185102939605713;0.26;0.27522414922714233
0.3;0.33209502696990967;0.18;0.14356504380702972;0.12;0.15029382705688477
0.18;0.15584886074066162;0.14;0.16235683858394623;0.5;0.4466571807861328
0.5;0.48529791831970215;0.12;0.13480105996131897;0.32;0.2919856905937195
0.18;0.17473763227462769;0.5;0.5308257341384888;0.28;0.2996048033237457
0.12;0.1160760149359703;0.16;0.1848146617412567;0.18;0.20591847598552704
0.5;0.4995631277561188;0.46;0.4389113783836365;0.5;0.49803099036216736
0.34;0.3440532684326172;0.56;0.5232301354408264;0.34;0.35151994228363037
0.26;0.2672353982925415;0.32;0.3274425268173218;0.28;0.3049933612346649
0.44;0.42973169684410095;0.32;0.41038644313812256;0.12;0.13968095183372498
0.3;0.28627678751945496;0.24;0.22931432723999023;0.22;0.25209930539131165
0.62;0.609468936920166;0.28;0.30602264404296875;0.24;0.23110873997211456
0.52;0.5058820843696594;0.44;0.4549259841442108;0.3;0.308378130197525
0.44;0.4500214755535126;0.36;0.3345847427845001;0.24;0.20049266517162323
0.16;0.15856721997261047;0.78;0.7487199902534485;0.42;0.4236912727355957
0.2;0.1973201185464859;0.52;0.5212331414222717;0.32;0.3367985785007477
0.8;0.8021290898323059;0.16;0.1580091416835785;0.44;0.4486566185951233
0.16;0.16915194690227509;0.36;0.3505352735519409;0.18;0.201203390955925
0.36;0.3639700710773468;0.46;0.4817693829536438;0.32;0.3583301901817322
0.26;0.26853132247924805;0.66;0.6549055576324463;0.46;0.411914199590683
0.26;0.25062644481658936;0.72;0.5732637643814087;0.14;0.10800877958536148
0.12;0.1254884898662567;0.3;0.2870102524757385;0.34;0.3624369204044342
0.12;0.1192312091588974;0.7;0.6752163171768188;0.24;0.22670169174671173
0.16;0.15928217768669128;0.5;0.5182822346687317;0.28;0.28605231642723083
0.1;0.12435996532440186;0.38;0.3625410199165344;0.24;0.25924524664878845
0.22;0.23814162611961365;0.74;0.7176291346549988;0.1;0.08916814625263214
0.54;0.5601623058319092;0.2;0.16978195309638977;0.5;0.5079403519630432
0.16;0.1692255586385727;0.24;0.24144460260868073;0.32;0.32317548990249634
0.4;0.3900219798088074;0.3;0.3423025608062744;0.26;0.3158910274505615
0.14;0.13402105867862701;0.1;0.14355601370334625;0.22;0.15365846455097198
0.38;0.38753700256347656;0.4;0.3998720645904541;0.44;0.44394779205322266
0.18;0.19737835228443146;0.6;0.6348026394844055;0.1;0.09207357466220856
0.36;0.3930692970752716;0.4;0.3680913746356964;0.1;0.10662517696619034
0.18;0.17440438270568848;0.62;0.6394888162612915;0.38;0.35611435770988464
0.2;0.20690885186195374;0.22;0.189482182264328;0.34;0.39163559675216675
0.38;0.3826298117637634;0.22;0.22023965418338776;0.16;0.17403064668178558
0.1;0.10096703469753265;0.8;0.7974991798400879;0.3;0.2844516336917877
0.12;0.09317021816968918;0.14;0.16277644038200378;0.4;0.3486943244934082
0.12;0.11286617070436478;0.12;0.12348993122577667;0.12;0.1560744196176529
0.32;0.3340971767902374;0.34;0.3538949191570282;0.2;0.20663776993751526
0.66;0.6524253487586975;0.2;0.22415167093276978;0.46;0.46330761909484863
0.2;0.1957353800535202;0.66;0.6472205519676208;0.34;0.28518182039260864
0.26;0.2657022178173065;0.56;0.5132173299789429;0.38;0.35986608266830444
0.56;0.5595484375953674;0.38;0.3760676980018616;0.2;0.2108486145734787
0.34;0.3579884171485901;0.24;0.2063792645931244;0.1;0.12486551702022552
0.36;0.35606715083122253;0.3;0.3263283371925354;0.22;0.21746568381786346
0.3;0.3081623911857605;0.66;0.589061439037323;0.34;0.28440913558006287
0.28;0.30462369322776794;0.14;0.12272055447101593;0.26;0.22479362785816193
0.12;0.10714974254369736;0.1;0.12345325946807861;0.42;0.3570355474948883
0.16;0.1631489098072052;0.26;0.2640053629875183;0.44;0.4408292770385742
0.62;0.6042065620422363;0.22;0.27210482954978943;0.36;0.3290218412876129
0.6;0.5924504399299622;0.36;0.3451184630393982;0.36;0.3633878529071808
0.24;0.2394513189792633;0.7;0.6236419081687927;0.24;0.22326239943504333
0.1;0.10535391420125961;0.56;0.5745039582252502;0.5;0.48695507645606995
0.2;0.1984393149614334;0.38;0.388582706451416;0.44;0.47967737913131714
0.22;0.2182316780090332;0.76;0.6366356611251831;0.18;0.15250083804130554
0.28;0.2881912589073181;0.28;0.2501852214336395;0.14;0.18474455177783966
0.6;0.5679814219474792;0.24;0.3484656810760498;0.12;0.09849931299686432
0.1;0.1045006737112999;0.64;0.6264000535011292;0.24;0.22818787395954132
0.62;0.619745135307312;0.32;0.3246331810951233;0.22;0.2095506489276886
0.26;0.27974605560302734;0.16;0.12930601835250854;0.14;0.17498210072517395
0.38;0.3834882378578186;0.46;0.49033045768737793;0.4;0.39353078603744507
0.2;0.202381893992424;0.68;0.7243202924728394;0.36;0.38668155670166016
0.22;0.22298958897590637;0.66;0.6981340050697327;0.24;0.23902325332164764
0.72;0.7297976613044739;0.26;0.23003703355789185;0.46;0.46435150504112244
0.66;0.6637738943099976;0.22;0.24129895865917206;0.4;0.4239595830440521
0.32;0.34030234813690186;0.56;0.5725616216659546;0.42;0.42961302399635315
0.5;0.5096041560173035;0.28;0.28766101598739624;0.1;0.11457892507314682
0.32;0.3297962248325348;0.6;0.5711950063705444;0.4;0.3827430009841919
0.28;0.2832842767238617;0.36;0.36613091826438904;0.24;0.2288931906223297
0.16;0.15677262842655182;0.14;0.14876312017440796;0.16;0.14785078167915344
0.34;0.3506312966346741;0.32;0.3183318078517914;0.3;0.30726486444473267
0.38;0.3820157051086426;0.5;0.4798283278942108;0.28;0.2813652455806732
0.36;0.3611198365688324;0.4;0.4133029580116272;0.26;0.29464513063430786
0.4;0.40626049041748047;0.44;0.45542141795158386;0.36;0.39296773076057434
0.64;0.6382132768630981;0.3;0.3078712522983551;0.44;0.4242551922798157
0.12;0.11325895041227341;0.24;0.23805026710033417;0.26;0.2810104489326477
0.3;0.3054709732532501;0.52;0.5712687969207764;0.28;0.2951684892177582
0.68;0.6585560441017151;0.22;0.2534176707267761;0.18;0.13364183902740479
0.2;0.1936778724193573;0.5;0.5290530323982239;0.32;0.33467239141464233
0.14;0.1430569440126419;0.3;0.29784873127937317;0.16;0.17850355803966522
0.66;0.6382940411567688;0.12;0.13257423043251038;0.24;0.23286843299865723
0.78;0.7797618508338928;0.18;0.17676323652267456;0.46;0.4380873143672943
0.38;0.3929853141307831;0.44;0.41983312368392944;0.28;0.31208083033561707
0.44;0.4328756332397461;0.4;0.4295991063117981;0.28;0.3280945420265198
0.72;0.7233411073684692;0.18;0.22745101153850555;0.42;0.4211920201778412
0.32;0.334216833114624;0.5;0.5164848566055298;0.3;0.31320372223854065
0.28;0.2881333529949188;0.1;0.09223270416259766;0.2;0.17395314574241638
0.34;0.36157894134521484;0.26;0.2929191589355469;0.38;0.39594322443008423
0.12;0.12185492366552353;0.7;0.7134856581687927;0.38;0.37577712535858154
0.44;0.45475348830223083;0.24;0.2502153217792511;0.36;0.3916701376438141
0.44;0.44843924045562744;0.54;0.5445543527603149;0.38;0.384926438331604
0.28;0.31681832671165466;0.26;0.20336776971817017;0.1;0.11756481975317001
0.2;0.19500364363193512;0.36;0.35676997900009155;0.16;0.15245883166790009
0.1;0.10702693462371826;0.14;0.14606890082359314;0.4;0.4496835172176361
0.34;0.35336005687713623;0.28;0.2845042049884796;0.24;0.26978498697280884
0.84;0.8391785621643066;0.1;0.12491705268621445;0.44;0.44710856676101685
0.34;0.34332993626594543;0.34;0.33564233779907227;0.42;0.4484514594078064
0.54;0.5558277368545532;0.32;0.298105388879776;0.2;0.20818278193473816
0.32;0.3274955451488495;0.18;0.19605626165866852;0.42;0.44459429383277893
0.74;0.7150028944015503;0.1;0.09780921787023544;0.1;0.11418601125478745
0.28;0.30201902985572815;0.56;0.518048882484436;0.48;0.42658600211143494
0.1;0.10442579537630081;0.84;0.8074623942375183;0.28;0.2759365439414978
0.14;0.1311900019645691;0.84;0.7876846790313721;0.44;0.41749653220176697
0.44;0.45131585001945496;0.5;0.4620143473148346;0.26;0.2664948105812073
0.36;0.36092203855514526;0.58;0.5275910496711731;0.28;0.26275044679641724
0.28;0.28464066982269287;0.7;0.6423516273498535;0.2;0.19363586604595184
0.4;0.4142991602420807;0.56;0.5562626719474792;0.5;0.44576430320739746
0.16;0.1533755660057068;0.76;0.7279245257377625;0.14;0.1475100815296173
0.26;0.27973073720932007;0.28;0.24887311458587646;0.1;0.13952350616455078
0.1;0.10303330421447754;0.8;0.8424971103668213;0.28;0.2903059422969818
0.46;0.4677578806877136;0.14;0.12949055433273315;0.18;0.21149936318397522
0.32;0.3356092572212219;0.14;0.13148941099643707;0.2;0.19361913204193115
0.4;0.4060770273208618;0.22;0.23584909737110138;0.28;0.2838425040245056
0.26;0.2621573805809021;0.14;0.13405930995941162;0.44;0.4528058171272278
0.34;0.3499399423599243;0.38;0.3704838752746582;0.44;0.4271247982978821
0.6;0.6017037630081177;0.32;0.30764567852020264;0.28;0.2641201913356781
0.16;0.1685338169336319;0.26;0.2467973232269287;0.34;0.36325883865356445
0.1;0.1049310490489006;0.24;0.22926099598407745;0.22;0.22245267033576965
0.16;0.16829870641231537;0.12;0.13469500839710236;0.28;0.3197628855705261
0.14;0.16001491248607635;0.82;0.7072534561157227;0.12;0.11974034458398819
0.3;0.3094252645969391;0.1;0.10450103133916855;0.38;0.27291664481163025
0.34;0.3423554003238678;0.28;0.28036990761756897;0.16;0.1594230681657791
0.28;0.2976911962032318;0.3;0.3019373416900635;0.3;0.322806179523468
0.32;0.32904577255249023;0.26;0.2632254660129547;0.28;0.31162071228027344
0.28;0.2887985408306122;0.66;0.6376992464065552;0.34;0.32381677627563477
0.72;0.7344213128089905;0.26;0.20685113966464996;0.36;0.4104158878326416
0.1;0.11530216783285141;0.3;0.2868299186229706;0.26;0.29161155223846436
0.14;0.1402420848608017;0.68;0.7192158699035645;0.22;0.2518221437931061
0.2;0.20558765530586243;0.32;0.31968453526496887;0.36;0.37960678339004517
0.12;0.12816543877124786;0.32;0.3149169981479645;0.14;0.15712004899978638
0.8;0.8133935332298279;0.12;0.14058445394039154;0.16;0.22321872413158417
0.2;0.20376372337341309;0.72;0.715811550617218;0.24;0.21687932312488556
0.32;0.32365691661834717;0.18;0.17270907759666443;0.26;0.27982595562934875
0.32;0.33377742767333984;0.4;0.39110755920410156;0.48;0.4617149233818054
0.16;0.15829122066497803;0.44;0.4383765459060669;0.36;0.372835248708725
0.62;0.6183993220329285;0.28;0.26639842987060547;0.36;0.37691617012023926
0.12;0.1348712146282196;0.34;0.3250197172164917;0.24;0.27177146077156067
0.52;0.5096465349197388;0.46;0.4493476152420044;0.5;0.4819599986076355
0.18;0.17166166007518768;0.78;0.7410175800323486;0.22;0.22157016396522522
0.42;0.4223535656929016;0.38;0.35433250665664673;0.4;0.4135323166847229
0.4;0.41182032227516174;0.32;0.31528934836387634;0.44;0.46297305822372437
0.24;0.22781720757484436;0.46;0.4710683226585388;0.14;0.11744324862957001
0.44;0.4432471692562103;0.3;0.2825497090816498;0.26;0.2596019506454468
0.4;0.39941784739494324;0.1;0.09606803208589554;0.4;0.35838034749031067
0.56;0.5594107508659363;0.34;0.35877835750579834;0.4;0.3849779963493347
0.58;0.591772198677063;0.28;0.26868391036987305;0.34;0.3653854727745056
0.86;0.7996931076049805;0.1;0.12587735056877136;0.16;0.14556200802326202
0.3;0.30695801973342896;0.2;0.17988590896129608;0.3;0.3714916408061981
0.4;0.40205368399620056;0.4;0.37832358479499817;0.2;0.21609953045845032
0.62;0.6156892776489258;0.18;0.1712905317544937;0.42;0.4347488284111023
0.26;0.2629315257072449;0.56;0.5462404489517212;0.14;0.13411284983158112
0.12;0.1215682402253151;0.7;0.653714120388031;0.16;0.15300226211547852
0.14;0.1395830661058426;0.62;0.5998824238777161;0.42;0.37064170837402344
0.42;0.4252544045448303;0.56;0.48707979917526245;0.2;0.20937547087669373
0.54;0.5413194894790649;0.32;0.3155919313430786;0.22;0.23147836327552795
0.72;0.7220232486724854;0.12;0.08922857791185379;0.12;0.10350887477397919
0.36;0.3646039068698883;0.38;0.36862367391586304;0.22;0.2250044345855713
0.22;0.22242385149002075;0.68;0.6726358532905579;0.18;0.1698114573955536
0.2;0.21360090374946594;0.34;0.33148428797721863;0.38;0.40724772214889526
0.48;0.4816388487815857;0.16;0.15607398748397827;0.14;0.13901624083518982
0.14;0.12149850279092789;0.22;0.23462560772895813;0.26;0.24223065376281738
0.4;0.4121960401535034;0.26;0.2490738481283188;0.14;0.1563328504562378
0.44;0.4430413544178009;0.2;0.2095412313938141;0.24;0.22668281197547913
0.18;0.17847907543182373;0.68;0.635960578918457;0.22;0.21069200336933136
0.52;0.5242968797683716;0.12;0.11166407912969589;0.34;0.3324573040008545
0.26;0.27267327904701233;0.3;0.30283793807029724;0.26;0.27603834867477417
0.72;0.7229093313217163;0.18;0.22199858725070953;0.18;0.16108550131320953
0.62;0.6226829886436462;0.16;0.1552911400794983;0.1;0.10806743800640106
0.22;0.23335003852844238;0.22;0.21361888945102692;0.44;0.4821511209011078
0.16;0.15957368910312653;0.2;0.2001587301492691;0.36;0.3831216096878052
0.72;0.7275851368904114;0.22;0.2034940868616104;0.34;0.34033289551734924
0.2;0.20576302707195282;0.74;0.6930109262466431;0.18;0.16100887954235077
0.18;0.17032769322395325;0.14;0.15399442613124847;0.14;0.24138224124908447
0.22;0.21814288198947906;0.44;0.46423280239105225;0.32;0.3353477120399475
0.22;0.22318364679813385;0.7;0.6933005452156067;0.32;0.33026549220085144
0.7;0.7191253900527954;0.28;0.2102225124835968;0.22;0.20813079178333282
0.54;0.5347467064857483;0.12;0.1235305443406105;0.42;0.42407646775245667
0.1;0.09886196255683899;0.86;0.8083832263946533;0.18;0.17548401653766632
0.34;0.35516756772994995;0.52;0.5634812116622925;0.24;0.25821468234062195
0.54;0.533727765083313;0.18;0.19392795860767365;0.34;0.34581446647644043
0.34;0.3484506607055664;0.58;0.5620168447494507;0.5;0.4600410461425781
0.6;0.5777179598808289;0.14;0.14710550010204315;0.1;0.14159850776195526
0.26;0.2534695863723755;0.3;0.3186313509941101;0.3;0.3394182324409485
0.16;0.15345270931720734;0.44;0.4341013431549072;0.48;0.46929121017456055
0.18;0.18208345770835876;0.46;0.4830109179019928;0.12;0.12620927393436432
0.18;0.1839337795972824;0.5;0.5091935396194458;0.5;0.46934041380882263
0.26;0.23768700659275055;0.1;0.10668480396270752;0.32;0.20254378020763397
0.48;0.4818257987499237;0.34;0.32789093255996704;0.46;0.4777697026729584
0.38;0.3870895802974701;0.34;0.34952297806739807;0.42;0.4664739966392517
0.12;0.10827751457691193;0.46;0.45160359144210815;0.18;0.1634082794189453
0.38;0.36046382784843445;0.14;0.1394200325012207;0.1;0.11391850560903549
0.72;0.7694859504699707;0.14;0.1674809455871582;0.1;0.1388409435749054
0.34;0.35520732402801514;0.54;0.5108663439750671;0.2;0.2006206512451172
0.22;0.2244829684495926;0.56;0.5246772766113281;0.34;0.32967695593833923
0.1;0.11271439492702484;0.12;0.12437435239553452;0.2;0.18040990829467773
0.24;0.2501490116119385;0.28;0.27311211824417114;0.36;0.40748095512390137
0.46;0.4742213785648346;0.42;0.4324010908603668;0.2;0.21394017338752747
0.36;0.3625432252883911;0.46;0.43734800815582275;0.24;0.22356300055980682
0.38;0.37810587882995605;0.54;0.5260087847709656;0.22;0.23854346573352814
0.72;0.7275433540344238;0.2;0.21237435936927795;0.28;0.2959080934524536
0.84;0.8848637342453003;0.12;0.10389655083417892;0.34;0.4051789343357086
0.14;0.13881951570510864;0.6;0.6021653413772583;0.46;0.43734636902809143
0.38;0.3822614252567291;0.6;0.5446771383285522;0.34;0.2976040244102478
0.68;0.6955846548080444;0.3;0.2532025873661041;0.36;0.3673521876335144
0.66;0.6417492032051086;0.2;0.27648669481277466;0.16;0.12190847098827362
0.22;0.24045193195343018;0.22;0.17889514565467834;0.5;0.5336143374443054
0.42;0.425872802734375;0.48;0.49768051505088806;0.44;0.4090527594089508
0.1;0.09945131093263626;0.52;0.5083202123641968;0.36;0.36350974440574646
0.26;0.2685258388519287;0.36;0.3533906936645508;0.28;0.3013240694999695
0.38;0.4120517075061798;0.52;0.4905022382736206;0.1;0.11108805984258652
0.4;0.41025662422180176;0.32;0.29085955023765564;0.4;0.3983221650123596
0.24;0.23874200880527496;0.62;0.5602129697799683;0.12;0.09012649953365326
0.52;0.5340451598167419;0.42;0.3712492883205414;0.1;0.1014576405286789
0.2;0.21577908098697662;0.24;0.24123908579349518;0.46;0.4736059308052063
0.18;0.17727972567081451;0.7;0.7135299444198608;0.4;0.37351077795028687
0.38;0.4276469051837921;0.24;0.2598867416381836;0.48;0.5361288189888
0.18;0.18772700428962708;0.1;0.1253381222486496;0.34;0.27181363105773926
0.14;0.15004302561283112;0.68;0.6812692880630493;0.32;0.32991811633110046
0.16;0.1650337129831314;0.42;0.41287872195243835;0.44;0.44559550285339355
0.28;0.273251473903656;0.3;0.3506799340248108;0.42;0.4657924771308899
0.5;0.4854191243648529;0.12;0.12396692484617233;0.22;0.21176700294017792
0.16;0.16322098672389984;0.66;0.6409572958946228;0.5;0.45440444350242615
0.38;0.37659817934036255;0.44;0.4506854712963104;0.38;0.3988044261932373
0.14;0.14044609665870667;0.18;0.1668197363615036;0.1;0.203280970454216
0.34;0.33071160316467285;0.16;0.15206725895404816;0.24;0.20566301047801971
0.16;0.155674546957016;0.54;0.5549140572547913;0.38;0.39930152893066406
0.12;0.11773990839719772;0.38;0.3824443519115448;0.26;0.2711799144744873
0.6;0.5870508551597595;0.38;0.38285085558891296;0.32;0.3043918013572693
0.24;0.251505970954895;0.62;0.6419342160224915;0.34;0.37810516357421875
0.8;0.8003793954849243;0.12;0.1412077248096466;0.26;0.2954089641571045
0.72;0.708530604839325;0.1;0.11649175733327866;0.3;0.2494453489780426
0.46;0.48714277148246765;0.18;0.1505867838859558;0.1;0.1554679125547409
0.2;0.20637306571006775;0.48;0.46166038513183594;0.14;0.1393168866634369
0.16;0.14787645637989044;0.1;0.1297953724861145;0.22;0.19648337364196777
0.22;0.2285395711660385;0.26;0.25071606040000916;0.1;0.12091441452503204
0.68;0.6764123439788818;0.2;0.24278660118579865;0.46;0.47271937131881714
0.12;0.14282076060771942;0.42;0.5495502948760986;0.1;0.11399084329605103
0.12;0.11241675913333893;0.58;0.5800176858901978;0.46;0.4657745957374573
0.58;0.5758610963821411;0.26;0.29866138100624084;0.34;0.3356257379055023
0.5;0.4717022776603699;0.1;0.1188516765832901;0.22;0.19022175669670105
0.46;0.4565944969654083;0.12;0.13039661943912506;0.48;0.49703556299209595
0.46;0.4525717794895172;0.36;0.33831363916397095;0.46;0.46633297204971313
0.34;0.33971652388572693;0.48;0.527056097984314;0.18;0.1675509810447693
0.24;0.24054935574531555;0.58;0.5841922760009766;0.42;0.3471886217594147
0.64;0.6755157709121704;0.32;0.26630720496177673;0.12;0.13967911899089813
0.1;0.058632031083106995;0.42;0.42604973912239075;0.5;0.479982852935791
0.44;0.4478659927845001;0.42;0.44448405504226685;0.26;0.280661404132843
0.32;0.3459930717945099;0.62;0.5811136960983276;0.34;0.28515923023223877
0.3;0.28687676787376404;0.3;0.33786866068840027;0.48;0.502731204032898
0.18;0.17874470353126526;0.78;0.7521811723709106;0.48;0.45529302954673767
0.28;0.2900974154472351;0.28;0.2514258027076721;0.12;0.1542685478925705
0.1;0.12097252905368805;0.16;0.15835779905319214;0.16;0.224066823720932
0.2;0.2121085226535797;0.74;0.7564771175384521;0.48;0.4750567078590393
0.32;0.3240603804588318;0.24;0.2578725814819336;0.36;0.38243430852890015
0.52;0.5972904562950134;0.46;0.3158692717552185;0.1;0.11516255140304565
0.58;0.5686562657356262;0.22;0.28531649708747864;0.28;0.2704634964466095
0.7;0.7015978693962097;0.16;0.1905321478843689;0.3;0.2702867388725281
0.68;0.6733347177505493;0.26;0.26575663685798645;0.46;0.4678560793399811
0.22;0.2264271229505539;0.64;0.6721062660217285;0.38;0.38983678817749023
0.4;0.39719653129577637;0.32;0.2962973117828369;0.26;0.29574376344680786
0.4;0.39113709330558777;0.22;0.2318420708179474;0.18;0.17347322404384613
0.14;0.13917136192321777;0.58;0.5686218738555908;0.36;0.3382719159126282
0.1;0.10145293921232224;0.88;0.8238458633422852;0.46;0.4324434697628021
0.26;0.2499118149280548;0.16;0.1599438339471817;0.16;0.11816837638616562
0.5;0.4868122637271881;0.12;0.13171598315238953;0.42;0.4137149751186371
0.16;0.16211694478988647;0.6;0.5869595408439636;0.32;0.31687578558921814
0.6;0.5988211631774902;0.32;0.3378366231918335;0.32;0.3282497525215149
0.26;0.2562384605407715;0.48;0.49092647433280945;0.14;0.12662683427333832
0.74;0.7415188550949097;0.14;0.20562361180782318;0.28;0.22126762568950653
0.1;0.09624052792787552;0.6;0.6171911954879761;0.36;0.3738236129283905
0.8;0.821522057056427;0.12;0.13245584070682526;0.2;0.2334519326686859
0.32;0.31408455967903137;0.12;0.1261817216873169;0.42;0.4366582930088043
0.28;0.3018042743206024;0.34;0.3517446219921112;0.34;0.3650634288787842
0.34;0.3626349866390228;0.26;0.2956652343273163;0.4;0.4238005578517914
0.16;0.17624647915363312;0.26;0.25556522607803345;0.5;0.5127874612808228
0.6;0.606384813785553;0.32;0.3154749572277069;0.34;0.3537452220916748
0.32;0.3200224041938782;0.16;0.1728731095790863;0.44;0.4540749490261078
0.44;0.4632309079170227;0.48;0.49737831950187683;0.12;0.11972968280315399
0.48;0.48141342401504517;0.3;0.3048231601715088;0.46;0.4684896469116211
0.44;0.44778913259506226;0.12;0.11112894862890244;0.42;0.45962706208229065
0.1;0.10601553320884705;0.72;0.6886354088783264;0.2;0.1886468380689621
0.2;0.17467713356018066;0.14;0.15875156223773956;0.26;0.24976372718811035
0.74;0.7739864587783813;0.24;0.16978700459003448;0.14;0.16297714412212372
0.56;0.5467962026596069;0.34;0.3320588767528534;0.14;0.1679840087890625
0.64;0.636793315410614;0.28;0.28554874658584595;0.16;0.1249169260263443
0.2;0.18809816241264343;0.64;0.6292155385017395;0.24;0.23078365623950958
0.1;0.11153541505336761;0.68;0.6620192527770996;0.12;0.12123546749353409
0.8;0.8147807717323303;0.16;0.14209990203380585;0.18;0.1999419629573822
0.52;0.5277588963508606;0.24;0.24084345996379852;0.44;0.4208824038505554
0.14;0.1368197649717331;0.74;0.7117496132850647;0.2;0.20153026282787323
0.12;0.11479981988668442;0.48;0.47373586893081665;0.34;0.3313504159450531
0.14;0.14686863124370575;0.46;0.43071016669273376;0.22;0.20940344035625458
0.24;0.2562532126903534;0.36;0.34546375274658203;0.42;0.4359557628631592
0.24;0.25252765417099;0.38;0.36266693472862244;0.46;0.4440334439277649
0.22;0.2178061157464981;0.36;0.3626196086406708;0.44;0.4647723138332367
0.36;0.3874148726463318;0.26;0.25797826051712036;0.42;0.4601081907749176
0.58;0.5277410745620728;0.1;0.13541379570960999;0.16;0.13779857754707336
0.18;0.17313383519649506;0.66;0.674838662147522;0.32;0.2987954318523407
0.14;0.13955137133598328;0.44;0.4305955469608307;0.46;0.4558693766593933
0.28;0.28032055497169495;0.58;0.6226906776428223;0.22;0.23285338282585144
0.42;0.4223441779613495;0.32;0.314942330121994;0.44;0.4628267288208008
0.48;0.477841317653656;0.28;0.2881389856338501;0.3;0.3129726052284241
0.18;0.18549832701683044;0.78;0.6778020262718201;0.14;0.12154886871576309
0.2;0.19736577570438385;0.22;0.23107607662677765;0.24;0.20958390831947327
0.34;0.34106844663619995;0.38;0.4287495017051697;0.24;0.28338193893432617
0.2;0.19324980676174164;0.66;0.6666943430900574;0.38;0.35326212644577026
0.6;0.5629245042800903;0.36;0.34998512268066406;0.16;0.13943994045257568
0.7;0.6949712634086609;0.24;0.2562977075576782;0.5;0.471893310546875
0.56;0.5651750564575195;0.32;0.3235163688659668;0.28;0.28677621483802795
0.56;0.5798118710517883;0.4;0.3468674421310425;0.28;0.2968645691871643
0.22;0.21813872456550598;0.2;0.1837565302848816;0.38;0.3943083882331848
0.3;0.2951056659221649;0.68;0.5942097306251526;0.2;0.16625531017780304
0.72;0.7267667651176453;0.26;0.21205364167690277;0.26;0.26894018054008484
0.52;0.5240602493286133;0.2;0.208470419049263;0.4;0.42821699380874634
0.22;0.22342027723789215;0.54;0.5587907433509827;0.26;0.26600199937820435
0.5;0.49630993604660034;0.36;0.3892627954483032;0.2;0.22048215568065643
0.44;0.42690151929855347;0.18;0.18907780945301056;0.12;0.1292172223329544
0.22;0.2215057611465454;0.7;0.6973910927772522;0.26;0.2814880311489105
0.12;0.11757133156061172;0.68;0.6960371732711792;0.16;0.1743209809064865
0.44;0.43485450744628906;0.18;0.18813911080360413;0.4;0.42744287848472595
0.12;0.12344406545162201;0.16;0.1547766774892807;0.1;0.19873952865600586
0.38;0.38864147663116455;0.18;0.17271463572978973;0.28;0.2889383137226105
0.36;0.36269935965538025;0.14;0.16091091930866241;0.46;0.4579635560512543
0.1;0.056486885994672775;0.42;0.4342498481273651;0.44;0.42616772651672363
0.26;0.2643459141254425;0.34;0.3278709948062897;0.36;0.3778398931026459
0.22;0.24046985805034637;0.7;0.6917877197265625;0.12;0.0985567569732666
0.18;0.16772903501987457;0.12;0.12462115287780762;0.36;0.3861575722694397
0.42;0.41020846366882324;0.42;0.3861057758331299;0.48;0.4632781445980072
0.34;0.37977829575538635;0.24;0.2550791800022125;0.44;0.4694855809211731
0.24;0.25112438201904297;0.48;0.5023553967475891;0.38;0.42673882842063904
0.76;0.758904755115509;0.18;0.17156721651554108;0.36;0.3586238622665405
0.3;0.30848613381385803;0.46;0.5059511065483093;0.26;0.2814742624759674
0.18;0.17683467268943787;0.46;0.45447206497192383;0.46;0.4430476129055023
0.64;0.6562041640281677;0.34;0.2819202244281769;0.2;0.22216525673866272
0.2;0.170111283659935;0.1;0.14327694475650787;0.2;0.20417256653308868
0.14;0.14795219898223877;0.48;0.46277645230293274;0.24;0.232072114944458
0.48;0.4722100794315338;0.3;0.3780527710914612;0.1;0.11788709461688995
0.34;0.3437744081020355;0.48;0.47747743129730225;0.16;0.15810468792915344
0.36;0.36099523305892944;0.58;0.5156238079071045;0.18;0.14645323157310486
0.18;0.17809249460697174;0.22;0.20888976752758026;0.38;0.3927772343158722
0.64;0.6264777183532715;0.14;0.1556764543056488;0.2;0.192079097032547
0.22;0.2225971519947052;0.68;0.6547079086303711;0.14;0.1260041892528534
0.3;0.3039287030696869;0.14;0.13566802442073822;0.36;0.318922758102417
0.5;0.4958325922489166;0.16;0.1766231507062912;0.4;0.38267990946769714
0.26;0.26638710498809814;0.64;0.6033517122268677;0.18;0.16372814774513245
0.26;0.26913559436798096;0.34;0.30922913551330566;0.3;0.2966007888317108
0.14;0.14257831871509552;0.28;0.29105180501937866;0.16;0.15324409306049347
0.14;0.13022850453853607;0.12;0.1288834512233734;0.42;0.474977970123291
0.5;0.5210340023040771;0.38;0.41810572147369385;0.16;0.16591326892375946
0.52;0.5163519978523254;0.32;0.35164180397987366;0.34;0.3555033802986145
0.68;0.6695874333381653;0.1;0.10203751176595688;0.34;0.3118199408054352
0.4;0.40841570496559143;0.32;0.34733179211616516;0.12;0.12487471103668213
0.18;0.18589964509010315;0.46;0.4653105139732361;0.48;0.4744606614112854
0.2;0.1861114352941513;0.26;0.2831762433052063;0.14;0.11228062957525253
0.14;0.13530969619750977;0.14;0.15273688733577728;0.16;0.17944134771823883
0.54;0.5328953862190247;0.26;0.2781023681163788;0.5;0.5068464279174805
0.72;0.6974249482154846;0.12;0.13109363615512848;0.34;0.35137590765953064
0.24;0.24533243477344513;0.52;0.5114552974700928;0.28;0.23209989070892334
0.18;0.16982953250408173;0.66;0.658005952835083;0.16;0.13915574550628662
0.2;0.19933964312076569;0.24;0.23821422457695007;0.2;0.1867067813873291
0.42;0.42067474126815796;0.34;0.37693485617637634;0.2;0.22668984532356262
0.5;0.5001718997955322;0.34;0.3553309738636017;0.32;0.33126288652420044
0.28;0.281169056892395;0.62;0.5419841408729553;0.16;0.14725902676582336
0.14;0.139882892370224;0.5;0.5105756521224976;0.32;0.337540864944458
0.86;0.8745104670524597;0.12;0.10505903512239456;0.4;0.36961740255355835
0.68;0.6794462203979492;0.26;0.2425704151391983;0.16;0.15584400296211243
0.1;0.11885914951562881;0.32;0.3164668083190918;0.3;0.3132109045982361
0.16;0.15744997560977936;0.3;0.3107064366340637;0.48;0.5191196203231812
0.42;0.43730196356773376;0.36;0.29339104890823364;0.26;0.25758078694343567
0.22;0.22040797770023346;0.38;0.37485814094543457;0.32;0.3299061357975006
0.46;0.464756578207016;0.16;0.16844773292541504;0.4;0.410548597574234
0.26;0.25695234537124634;0.22;0.21820718050003052;0.24;0.23539038002490997
0.28;0.2969234883785248;0.62;0.6513257622718811;0.32;0.34790071845054626
0.44;0.44055527448654175;0.5;0.5180097818374634;0.34;0.3766200840473175
0.64;0.6241755485534668;0.2;0.2769772410392761;0.2;0.18451857566833496
0.22;0.2248634546995163;0.6;0.6126862168312073;0.36;0.3751301169395447
0.28;0.28672298789024353;0.26;0.2518276572227478;0.28;0.2955520451068878
0.32;0.33082085847854614;0.36;0.3513038754463196;0.2;0.20751814544200897
0.22;0.22835181653499603;0.26;0.25730466842651367;0.32;0.3358674943447113
0.56;0.5871405005455017;0.18;0.18550245463848114;0.32;0.28030291199684143
0.22;0.20926053822040558;0.38;0.38864678144454956;0.22;0.2321804016828537
0.36;0.36900636553764343;0.28;0.27664539217948914;0.3;0.33482128381729126
0.48;0.48240455985069275;0.46;0.4691498875617981;0.24;0.2458902895450592
0.34;0.3653945326805115;0.2;0.1767006814479828;0.16;0.11302229017019272
0.42;0.4226199686527252;0.42;0.4571343660354614;0.26;0.270974338054657
0.64;0.6300424337387085;0.2;0.2536727488040924;0.36;0.33084559440612793
0.1;0.0885087326169014;0.44;0.44963109493255615;0.3;0.28641706705093384
0.56;0.5509148240089417;0.3;0.33100655674934387;0.2;0.20343546569347382
0.44;0.43108442425727844;0.32;0.3224458396434784;0.36;0.3678952753543854
0.28;0.29365742206573486;0.24;0.1981973946094513;0.1;0.15306991338729858
0.4;0.41011887788772583;0.54;0.52840256690979;0.42;0.4084842801094055
0.64;0.6333958506584167;0.12;0.12833042442798615;0.26;0.24076417088508606
0.12;0.11038418859243393;0.14;0.14265432953834534;0.42;0.42879313230514526
0.18;0.17769618332386017;0.44;0.4317677617073059;0.42;0.41727590560913086
0.28;0.3020215332508087;0.7;0.6374330520629883;0.3;0.29719188809394836
0.5;0.4942261278629303;0.3;0.35014352202415466;0.1;0.12002220004796982
0.36;0.35733097791671753;0.42;0.43135666847229004;0.38;0.397074431180954
0.66;0.6285830736160278;0.14;0.16169187426567078;0.24;0.20672306418418884
0.48;0.47440871596336365;0.26;0.28624436259269714;0.44;0.48405709862709045
0.58;0.5683249831199646;0.18;0.19944536685943604;0.5;0.4998968541622162
0.2;0.2035427689552307;0.4;0.3970845937728882;0.46;0.4733051359653473
0.42;0.42079731822013855;0.4;0.36462727189064026;0.42;0.421079158782959
0.4;0.42784300446510315;0.2;0.20290201902389526;0.48;0.5002360343933105
0.18;0.1803259402513504;0.48;0.4757148027420044;0.38;0.3819332718849182
0.3;0.27551931142807007;0.3;0.33071693778038025;0.36;0.3918894827365875
0.54;0.5357124209403992;0.38;0.37974119186401367;0.46;0.47045645117759705
0.58;0.598109245300293;0.16;0.16099484264850616;0.34;0.34998732805252075
0.64;0.6264008283615112;0.2;0.26027339696884155;0.32;0.2965087294578552
0.18;0.16679982841014862;0.76;0.6654913425445557;0.16;0.13417872786521912
0.28;0.2815411388874054;0.18;0.20159436762332916;0.5;0.5183528661727905
0.82;0.7956690788269043;0.16;0.1458447426557541;0.1;0.185031920671463
0.3;0.2995041608810425;0.24;0.23447871208190918;0.32;0.3536165654659271
0.4;0.40444833040237427;0.54;0.5242187976837158;0.5;0.4532511830329895
0.76;0.7601586580276489;0.16;0.16915413737297058;0.36;0.364003986120224
0.24;0.24718259274959564;0.26;0.27089202404022217;0.44;0.4700673520565033
0.48;0.5184228420257568;0.2;0.20349720120429993;0.48;0.48890143632888794
0.26;0.2604057490825653;0.2;0.18718309700489044;0.28;0.29219430685043335
0.14;0.14261038601398468;0.12;0.14568351209163666;0.24;0.26034411787986755
0.14;0.13674023747444153;0.66;0.6575145125389099;0.24;0.23832981288433075
0.24;0.22133255004882812;0.34;0.37378689646720886;0.16;0.14962536096572876
0.46;0.4693714678287506;0.5;0.46857553720474243;0.42;0.42984381318092346
0.62;0.6163783669471741;0.12;0.11112149059772491;0.32;0.3156000077724457
0.14;0.1227886900305748;0.14;0.1487777680158615;0.1;0.18946224451065063
0.34;0.3513108789920807;0.36;0.35991910099983215;0.24;0.24801871180534363
0.14;0.13471725583076477;0.42;0.42873185873031616;0.38;0.39216384291648865
0.82;0.8694146275520325;0.16;0.12129774689674377;0.48;0.5029004812240601
0.76;0.7508520483970642;0.22;0.18545323610305786;0.24;0.27290621399879456
0.38;0.38027799129486084;0.38;0.4190616011619568;0.2;0.23114410042762756
0.6;0.6057032346725464;0.34;0.3430969715118408;0.4;0.41366004943847656
0.38;0.3969840705394745;0.5;0.49712321162223816;0.12;0.11836858093738556
0.58;0.5761234760284424;0.4;0.41180363297462463;0.46;0.47411227226257324
0.1;0.10687486082315445;0.68;0.6713733673095703;0.36;0.35179775953292847
0.2;0.19500629603862762;0.6;0.6343203783035278;0.24;0.2574167549610138
0.24;0.22019313275814056;0.12;0.12590625882148743;0.24;0.23512396216392517
0.34;0.35112264752388;0.4;0.3859553337097168;0.5;0.44818252325057983
0.14;0.12983782589435577;0.18;0.18552546203136444;0.36;0.3372606635093689
0.18;0.17194898426532745;0.28;0.29155218601226807;0.18;0.1635696440935135
0.56;0.5528404116630554;0.26;0.28979629278182983;0.32;0.3159622550010681
0.14;0.13157618045806885;0.1;0.15857231616973877;0.36;0.22063951194286346
0.18;0.17457585036754608;0.66;0.6765596866607666;0.3;0.2953663468360901
0.48;0.4860720634460449;0.36;0.398183673620224;0.12;0.13704048097133636
0.82;0.8714492321014404;0.14;0.11955762654542923;0.4;0.48910635709762573
0.84;0.854849100112915;0.1;0.12616834044456482;0.48;0.48885196447372437
0.14;0.15472272038459778;0.16;0.1484638899564743;0.18;0.2743957042694092
0.28;0.28884097933769226;0.56;0.5467339754104614;0.3;0.2786567211151123
0.64;0.6194761991500854;0.3;0.37985944747924805;0.5;0.4552614688873291
0.42;0.39264917373657227;0.1;0.10549825429916382;0.14;0.1406162530183792
0.1;0.10078666359186172;0.54;0.5212928056716919;0.44;0.41428476572036743
0.14;0.13382793962955475;0.58;0.5783870220184326;0.38;0.3769391179084778
0.48;0.4753372371196747;0.34;0.361440509557724;0.28;0.26984503865242004
0.34;0.3434099555015564;0.5;0.48886802792549133;0.34;0.32082879543304443
0.52;0.5221493244171143;0.26;0.2582174837589264;0.2;0.20926184952259064
0.38;0.38414624333381653;0.44;0.4400802552700043;0.16;0.15993735194206238
0.36;0.3612751066684723;0.16;0.15960267186164856;0.4;0.3920777440071106
0.52;0.5054235458374023;0.26;0.3353877365589142;0.24;0.22694507241249084
0.38;0.4078381061553955;0.32;0.27780136466026306;0.5;0.48589426279067993
0.2;0.19648414850234985;0.78;0.7122678756713867;0.36;0.32103005051612854
0.26;0.26279449462890625;0.36;0.3494665026664734;0.44;0.43063050508499146
0.18;0.17390090227127075;0.6;0.599518895149231;0.5;0.46870070695877075
0.44;0.44183677434921265;0.26;0.26748278737068176;0.48;0.4951915144920349
0.4;0.3957117199897766;0.12;0.11691306531429291;0.32;0.2951265573501587
0.2;0.2104291021823883;0.72;0.6856843829154968;0.1;0.07870002835988998
0.18;0.19665679335594177;0.36;0.35152509808540344;0.12;0.13473889231681824
0.1;0.0891326293349266;0.44;0.42294973134994507;0.24;0.2107578068971634
0.62;0.6152566075325012;0.24;0.2578077018260956;0.38;0.3851096034049988
0.18;0.1889830231666565;0.34;0.32912111282348633;0.4;0.4237588346004486
0.66;0.6701334714889526;0.26;0.247053861618042;0.16;0.1449749767780304
0.18;0.1898757666349411;0.76;0.6809960603713989;0.14;0.12501099705696106
0.18;0.1790076494216919;0.74;0.7043581008911133;0.32;0.30836221575737
0.42;0.43093591928482056;0.42;0.3767915964126587;0.22;0.21009835600852966
0.12;0.12002785503864288;0.64;0.6533599495887756;0.46;0.4427040219306946
0.34;0.3504776656627655;0.6;0.5480150580406189;0.42;0.3498818278312683
0.24;0.23857201635837555;0.74;0.6646842956542969;0.36;0.3271772861480713
0.16;0.15341578423976898;0.58;0.5692784190177917;0.46;0.4366583824157715
0.34;0.34252089262008667;0.32;0.3422400951385498;0.26;0.2903662323951721
0.58;0.5721902251243591;0.32;0.297270268201828;0.12;0.131166011095047
0.14;0.14114348590373993;0.78;0.7647555470466614;0.36;0.36933308839797974
0.22;0.212624654173851;0.76;0.6568484902381897;0.24;0.2054298371076584
0.12;0.11970231682062149;0.7;0.7263708710670471;0.48;0.4754560589790344
0.7;0.703836977481842;0.14;0.1173572912812233;0.12;0.20423021912574768
0.46;0.4603278636932373;0.26;0.3715430200099945;0.12;0.15600185096263885
0.32;0.32822996377944946;0.38;0.385104238986969;0.32;0.363426148891449
0.62;0.6016895174980164;0.32;0.33776697516441345;0.26;0.2588093876838684
0.52;0.5284135341644287;0.32;0.32083621621131897;0.3;0.2980100214481354
0.46;0.4595659375190735;0.2;0.19299457967281342;0.12;0.11402726173400879
0.14;0.13145889341831207;0.84;0.7589762806892395;0.46;0.4028374254703522
0.54;0.5420812368392944;0.12;0.12150754034519196;0.44;0.442382276058197
0.12;0.1348780244588852;0.38;0.3665175139904022;0.42;0.4540122151374817
0.54;0.5325077772140503;0.14;0.15001973509788513;0.4;0.3986237049102783
0.16;0.16699761152267456;0.58;0.6026428937911987;0.24;0.236931711435318
0.48;0.4886687099933624;0.38;0.3710468113422394;0.16;0.1753307282924652
0.5;0.4975469708442688;0.4;0.39129209518432617;0.16;0.17038792371749878
0.38;0.384044349193573;0.52;0.4987655282020569;0.3;0.2844831645488739
0.18;0.17975151538848877;0.38;0.37896910309791565;0.4;0.3905659317970276
0.26;0.2572918236255646;0.3;0.32182958722114563;0.32;0.3491183817386627
0.56;0.5650879740715027;0.2;0.20339226722717285;0.2;0.1559498906135559
0.54;0.5411864519119263;0.12;0.11993219703435898;0.5;0.5072776079177856
0.22;0.22422465682029724;0.42;0.43781012296676636;0.3;0.33287590742111206
0.12;0.12680350244045258;0.82;0.7643675804138184;0.16;0.17077356576919556
0.16;0.15048764646053314;0.3;0.31501132249832153;0.5;0.5444997549057007
0.52;0.5374077558517456;0.46;0.3549351394176483;0.18;0.17275239527225494
0.2;0.20589786767959595;0.32;0.30744555592536926;0.26;0.28576406836509705
0.36;0.3934018015861511;0.4;0.41037696599960327;0.12;0.12297294288873672
0.26;0.2767508924007416;0.58;0.5659573078155518;0.14;0.1294553279876709
0.2;0.20056752860546112;0.4;0.3949752151966095;0.5;0.4997945725917816
0.2;0.17723150551319122;0.1;0.0999828353524208;0.38;0.3982941806316376
0.5;0.4956808090209961;0.24;0.2599095106124878;0.28;0.2820667028427124
0.1;0.09317347407341003;0.74;0.7583574652671814;0.48;0.46894463896751404
0.12;0.12668989598751068;0.3;0.28868934512138367;0.14;0.1698790341615677
0.62;0.6061943173408508;0.32;0.3288242816925049;0.3;0.28598564863204956
0.18;0.1725895255804062;0.32;0.3223857581615448;0.22;0.23295387625694275
0.48;0.4831194281578064;0.4;0.43078064918518066;0.5;0.48663243651390076
0.56;0.5573666095733643;0.36;0.3725529909133911;0.38;0.37883999943733215
0.44;0.4461708664894104;0.14;0.1455197036266327;0.4;0.4053514897823334
0.3;0.30825355648994446;0.54;0.6195108294487;0.1;0.10298683494329453
0.1;0.09067141264677048;0.62;0.6419107913970947;0.48;0.4578678011894226
0.34;0.3435707688331604;0.16;0.15776139497756958;0.32;0.3069548010826111
0.82;0.834712564945221;0.1;0.13230955600738525;0.46;0.4766947627067566
0.6;0.5879684686660767;0.14;0.13265489041805267;0.24;0.2634318470954895
0.32;0.3456215560436249;0.24;0.20384642481803894;0.12;0.11602050065994263
0.14;0.12425195425748825;0.2;0.20496796071529388;0.32;0.32689565420150757
0.66;0.6645194292068481;0.1;0.10755050927400589;0.34;0.32052677869796753
0.42;0.4158783555030823;0.3;0.31628474593162537;0.26;0.2817254364490509
0.14;0.13912974298000336;0.62;0.6444848775863647;0.36;0.3653014898300171
0.7;0.7074061632156372;0.2;0.2123134732246399;0.3;0.30232447385787964
0.32;0.329601913690567;0.5;0.5267566442489624;0.26;0.2719586491584778
0.4;0.41565510630607605;0.34;0.36125317215919495;0.14;0.13698604702949524
0.14;0.12854625284671783;0.4;0.4082778990268707;0.44;0.4270004332065582
0.32;0.3292267620563507;0.12;0.10672150552272797;0.18;0.17944280803203583
0.56;0.5662710070610046;0.26;0.252948522567749;0.46;0.4540281891822815
0.6;0.5944597721099854;0.22;0.2286716103553772;0.2;0.21773049235343933
0.42;0.4466390609741211;0.22;0.22893430292606354;0.42;0.42990079522132874
0.46;0.46000581979751587;0.5;0.471600741147995;0.44;0.45028358697891235
0.28;0.28585898876190186;0.3;0.3286517262458801;0.36;0.4039168953895569
0.26;0.26459264755249023;0.68;0.6412763595581055;0.16;0.1649164855480194
0.12;0.11925558000802994;0.32;0.3179316818714142;0.3;0.3097267746925354
0.34;0.34210801124572754;0.4;0.42283111810684204;0.4;0.43096351623535156
0.66;0.6536474823951721;0.28;0.2863399386405945;0.36;0.3543755114078522
0.3;0.30416449904441833;0.42;0.4092003405094147;0.48;0.462695837020874
0.66;0.6630216240882874;0.26;0.23731864988803864;0.2;0.18501155078411102
0.44;0.45020753145217896;0.26;0.2507927119731903;0.4;0.4182714819908142
0.58;0.592452347278595;0.16;0.16110959649085999;0.44;0.44790488481521606
0.64;0.649882435798645;0.16;0.17458875477313995;0.24;0.21773982048034668
0.12;0.13391512632369995;0.28;0.24781885743141174;0.38;0.412247896194458
0.26;0.267838716506958;0.6;0.5440853834152222;0.1;0.09286487102508545
0.26;0.2495080828666687;0.36;0.36323073506355286;0.2;0.17396223545074463
0.12;0.12375285476446152;0.28;0.27968138456344604;0.14;0.1558673083782196
0.42;0.428092896938324;0.5;0.5109838843345642;0.34;0.36197981238365173
0.82;0.8103740811347961;0.1;0.14279776811599731;0.28;0.3073110580444336
0.28;0.3035496771335602;0.4;0.36508336663246155;0.44;0.4436570107936859
0.36;0.3446160554885864;0.1;0.11751658469438553;0.16;0.13632814586162567
0.44;0.43615657091140747;0.42;0.4717070162296295;0.36;0.3980373442173004
0.8;0.8000260591506958;0.14;0.1474543958902359;0.46;0.4388400912284851
0.38;0.3819026052951813;0.46;0.45366325974464417;0.5;0.46617060899734497
0.36;0.3607304096221924;0.38;0.39003607630729675;0.24;0.22677579522132874
0.6;0.607500433921814;0.12;0.11938992887735367;0.26;0.2983754873275757
0.34;0.35118037462234497;0.1;0.09423909336328506;0.22;0.26782935857772827
0.34;0.3451138734817505;0.14;0.21529068052768707;0.46;0.46437421441078186
0.52;0.5338231921195984;0.2;0.2129991352558136;0.48;0.49400797486305237
0.42;0.4012904465198517;0.28;0.36604639887809753;0.14;0.17361772060394287
0.3;0.31811055541038513;0.52;0.472791850566864;0.32;0.32568371295928955
0.74;0.7006906270980835;0.12;0.13683950901031494;0.5;0.4659809172153473
0.18;0.17744986712932587;0.48;0.4822126030921936;0.18;0.18897177278995514
0.16;0.15939028561115265;0.46;0.4591165781021118;0.28;0.2784375548362732
0.66;0.6538921594619751;0.18;0.18882876634597778;0.46;0.44989147782325745
0.24;0.23124057054519653;0.24;0.2509459853172302;0.2;0.16519317030906677
0.58;0.5800137519836426;0.24;0.23183684051036835;0.38;0.3964875638484955
0.1;0.112119160592556;0.12;0.13053488731384277;0.32;0.3033095896244049
0.34;0.34533652663230896;0.12;0.1247970461845398;0.32;0.3001708388328552
0.48;0.4803498089313507;0.46;0.5098819732666016;0.4;0.41618362069129944
0.1;0.09679607301950455;0.2;0.21977755427360535;0.28;0.2360350638628006
0.36;0.3703625798225403;0.52;0.5125710964202881;0.34;0.33076995611190796
0.34;0.34143510460853577;0.46;0.4904690384864807;0.32;0.35467416048049927
0.28;0.2862127721309662;0.66;0.5514795780181885;0.12;0.10724683105945587
0.26;0.26816457509994507;0.2;0.18578888475894928;0.4;0.4307641088962555
0.56;0.5509281158447266;0.16;0.14911317825317383;0.34;0.33494094014167786
0.56;0.5543575286865234;0.18;0.18268899619579315;0.44;0.43816012144088745
0.4;0.4057008624076843;0.14;0.13321876525878906;0.36;0.3476102948188782
0.46;0.4660358428955078;0.5;0.41783732175827026;0.22;0.25618061423301697
0.56;0.5670194029808044;0.32;0.30210989713668823;0.14;0.1474994719028473
0.42;0.42373359203338623;0.34;0.3145386576652527;0.28;0.272916704416275
0.7;0.6730439066886902;0.14;0.13187852501869202;0.5;0.47503137588500977
0.28;0.2922380566596985;0.36;0.37318816781044006;0.36;0.3777690529823303
0.2;0.19436974823474884;0.46;0.5102654099464417;0.24;0.2871488928794861
0.12;0.13060276210308075;0.26;0.23121434450149536;0.1;0.13690045475959778
0.34;0.35086894035339355;0.32;0.3183949887752533;0.22;0.22330980002880096
0.16;0.16616833209991455;0.36;0.3436216711997986;0.36;0.37285321950912476
0.46;0.47683003544807434;0.22;0.2214689552783966;0.36;0.38483327627182007
0.52;0.5141816139221191;0.38;0.410816490650177;0.24;0.24415726959705353
0.16;0.1623842418193817;0.7;0.6311193108558655;0.12;0.11242981255054474
0.2;0.20663052797317505;0.46;0.44005218148231506;0.18;0.17449352145195007
0.62;0.6194531917572021;0.32;0.3070756793022156;0.46;0.4580097198486328
0.14;0.13495610654354095;0.7;0.6921578645706177;0.24;0.23083069920539856
0.26;0.2698307931423187;0.5;0.4983939528465271;0.36;0.36614546179771423
0.4;0.40315067768096924;0.18;0.17367814481258392;0.16;0.13581152260303497
0.4;0.4012916088104248;0.2;0.2117571383714676;0.28;0.2833942472934723
0.72;0.7409878373146057;0.22;0.204283207654953;0.4;0.4378240704536438
0.48;0.47623080015182495;0.38;0.40581631660461426;0.48;0.4805851876735687
0.48;0.4764440953731537;0.2;0.20925767719745636;0.32;0.3358461260795593
0.6;0.5943463444709778;0.26;0.28231003880500793;0.34;0.36562132835388184
0.22;0.2267916053533554;0.74;0.7081843614578247;0.18;0.17098350822925568
0.24;0.2145344763994217;0.14;0.1632508635520935;0.44;0.39528903365135193
0.52;0.5231430530548096;0.14;0.14395900070667267;0.36;0.36240798234939575
0.7;0.7046355605125427;0.12;0.12537918984889984;0.46;0.42128267884254456
0.1;0.10092976689338684;0.1;0.13959349691867828;0.4;0.2559385895729065
0.3;0.29504653811454773;0.62;0.5671953558921814;0.22;0.181697279214859
0.2;0.20286421477794647;0.38;0.37467271089553833;0.36;0.3674561381340027
0.42;0.42992323637008667;0.12;0.11329852789640427;0.4;0.41741690039634705
0.34;0.3356996774673462;0.16;0.18180957436561584;0.5;0.5365616679191589
0.16;0.15787552297115326;0.62;0.6132317781448364;0.38;0.36340755224227905
0.44;0.4327840209007263;0.42;0.3935226798057556;0.46;0.4603252410888672
0.28;0.2758004069328308;0.26;0.2966024577617645;0.42;0.4565553665161133
0.32;0.3231447637081146;0.26;0.27331653237342834;0.48;0.5540336966514587
0.44;0.42541393637657166;0.28;0.3428057134151459;0.2;0.1977490782737732
0.66;0.6428735852241516;0.2;0.24523863196372986;0.12;0.11932422965765
0.36;0.34492751955986023;0.16;0.16921260952949524;0.24;0.17606167495250702
0.22;0.2183433324098587;0.56;0.5748348236083984;0.24;0.24923262000083923
0.44;0.4339738190174103;0.44;0.475289911031723;0.46;0.4666447639465332
0.56;0.5530898571014404;0.42;0.32309892773628235;0.2;0.18784432113170624
0.16;0.16012774407863617;0.48;0.4771815538406372;0.4;0.4118054509162903
0.6;0.5918230414390564;0.26;0.29358038306236267;0.32;0.3246200978755951
0.34;0.34341666102409363;0.54;0.5169786214828491;0.36;0.3274584710597992
0.18;0.1772424727678299;0.44;0.4463736414909363;0.14;0.12977278232574463
0.48;0.4870353043079376;0.44;0.447670578956604;0.46;0.4838418960571289
0.58;0.5885640382766724;0.32;0.3151543438434601;0.1;0.10413596779108047
0.52;0.5015111565589905;0.44;0.45770639181137085;0.48;0.47558754682540894
0.22;0.2347840666770935;0.32;0.30583757162094116;0.12;0.1302424967288971
0.26;0.26102954149246216;0.66;0.6322312951087952;0.42;0.35956674814224243
0.18;0.17799906432628632;0.34;0.33905088901519775;0.32;0.34619444608688354
0.2;0.2130366563796997;0.16;0.15140488743782043;0.16;0.13743259012699127
0.38;0.4004683792591095;0.24;0.24320922791957855;0.4;0.42339009046554565
0.54;0.5393558740615845;0.22;0.25946205854415894;0.12;0.09981904178857803
0.56;0.5487480163574219;0.32;0.3782828152179718;0.2;0.20507106184959412
0.18;0.1746598333120346;0.6;0.6351127624511719;0.42;0.3986620306968689
0.12;0.12317796051502228;0.62;0.6130552291870117;0.28;0.269148588180542
0.44;0.44820645451545715;0.4;0.4021931290626526;0.26;0.2972233295440674
0.66;0.6586659550666809;0.26;0.26399990916252136;0.24;0.23326949775218964
0.66;0.645395815372467;0.2;0.24689911305904388;0.24;0.19268684089183807
0.54;0.5374605059623718;0.34;0.34188568592071533;0.44;0.4460274279117584
0.26;0.24019776284694672;0.14;0.13468924164772034;0.18;0.195790097117424
0.3;0.2989656329154968;0.68;0.5626710057258606;0.26;0.21303844451904297
0.54;0.5447772741317749;0.14;0.1345399022102356;0.44;0.4551725387573242
0.54;0.5493679046630859;0.4;0.3928903043270111;0.16;0.15500099956989288
0.38;0.3960094153881073;0.4;0.3964969217777252;0.12;0.13775424659252167
0.22;0.22462525963783264;0.3;0.29959213733673096;0.26;0.2694072425365448
0.28;0.27951371669769287;0.26;0.25935715436935425;0.26;0.25541433691978455
0.24;0.24802808463573456;0.66;0.5775650143623352;0.16;0.13674774765968323
0.1;0.0951782613992691;0.7;0.704839289188385;0.5;0.491948664188385
0.86;0.8744034767150879;0.1;0.10102576017379761;0.34;0.34580928087234497
0.82;0.8214226365089417;0.14;0.12160239368677139;0.14;0.2068168818950653
0.48;0.4737156629562378;0.4;0.3982284963130951;0.2;0.20830830931663513
0.14;0.14952073991298676;0.38;0.3736582100391388;0.32;0.3273359537124634
0.3;0.3062664568424225;0.52;0.5002322196960449;0.3;0.2651858627796173
0.4;0.4269784092903137;0.24;0.26724186539649963;0.5;0.5443227887153625
0.24;0.24536974728107452;0.5;0.49256181716918945;0.42;0.38142794370651245
0.32;0.31429731845855713;0.52;0.5174841284751892;0.3;0.23462912440299988
0.52;0.5433741211891174;0.44;0.37883687019348145;0.1;0.10648276656866074
0.82;0.8208400011062622;0.14;0.1277042031288147;0.24;0.27242422103881836
0.3;0.30175045132637024;0.36;0.45593926310539246;0.12;0.13767337799072266
0.3;0.3077618181705475;0.58;0.5837098360061646;0.42;0.3871942162513733
0.46;0.4654569625854492;0.34;0.290469229221344;0.3;0.3279035687446594
0.32;0.3364904522895813;0.64;0.575542688369751;0.5;0.4474872946739197
0.7;0.6900820732116699;0.26;0.2548064887523651;0.42;0.3946109414100647
0.58;0.5708944797515869;0.4;0.38436535000801086;0.22;0.2223462164402008
0.5;0.5083945989608765;0.22;0.2330169677734375;0.46;0.46750393509864807
0.4;0.4168253540992737;0.26;0.22890424728393555;0.1;0.10423040390014648
0.36;0.3625185787677765;0.44;0.44474658370018005;0.2;0.19039709866046906
0.52;0.5245838761329651;0.14;0.1364118456840515;0.28;0.2828310430049896
0.36;0.37492984533309937;0.48;0.491542786359787;0.14;0.12591907382011414
0.64;0.6576752066612244;0.34;0.2437782883644104;0.18;0.16996333003044128
0.22;0.220211461186409;0.18;0.15772566199302673;0.12;0.18393604457378387
0.14;0.14302292466163635;0.6;0.5996083617210388;0.24;0.22865061461925507
0.16;0.17240189015865326;0.2;0.19040881097316742;0.44;0.46480274200439453
0.2;0.2133786976337433;0.3;0.2994137108325958;0.5;0.548492968082428
0.34;0.336091011762619;0.24;0.2429322600364685;0.2;0.20992808043956757
0.2;0.19744661450386047;0.58;0.5845662951469421;0.24;0.22739338874816895
0.12;0.11308147013187408;0.82;0.7906051874160767;0.22;0.22224731743335724
0.36;0.3632466495037079;0.6;0.5248793363571167;0.32;0.28303658962249756
0.2;0.20494627952575684;0.22;0.22494889795780182;0.44;0.4517553448677063
0.1;0.10222367942333221;0.54;0.5580145120620728;0.3;0.32407692074775696
0.24;0.24364569783210754;0.56;0.5971091389656067;0.12;0.11799438297748566
0.14;0.14505073428153992;0.8;0.7806326746940613;0.2;0.20948541164398193
0.42;0.4376797080039978;0.18;0.1817288100719452;0.46;0.44781842827796936
0.12;0.11902110278606415;0.14;0.1526264101266861;0.14;0.17440208792686462
0.54;0.5281245112419128;0.1;0.09305453300476074;0.5;0.4994235038757324
0.62;0.5998770594596863;0.26;0.32117465138435364;0.16;0.1442834734916687
0.2;0.20762088894844055;0.32;0.3055901825428009;0.22;0.24076859652996063
0.14;0.13514477014541626;0.58;0.5807620286941528;0.44;0.4246562421321869
0.44;0.4501425325870514;0.12;0.1025800034403801;0.26;0.2161087542772293
0.28;0.3016480505466461;0.44;0.40941670536994934;0.5;0.4549911618232727
0.14;0.14471399784088135;0.68;0.6864222884178162;0.28;0.2888330817222595
0.26;0.25664639472961426;0.72;0.6088303327560425;0.26;0.21019749343395233
0.2;0.1969582736492157;0.66;0.6827502250671387;0.5;0.45141154527664185
0.32;0.34001874923706055;0.54;0.4972730875015259;0.32;0.3070160746574402
0.46;0.4732726216316223;0.46;0.5023130178451538;0.24;0.25887763500213623
0.3;0.2860596179962158;0.24;0.2376539260149002;0.18;0.18590569496154785
0.72;0.7320433855056763;0.14;0.1784580796957016;0.48;0.4447321891784668
0.34;0.34749677777290344;0.28;0.2742365300655365;0.14;0.14621475338935852
0.44;0.4612244665622711;0.26;0.2665071487426758;0.28;0.3100056052207947
0.5;0.5058229565620422;0.16;0.14997972548007965;0.12;0.13912934064865112
0.68;0.6741060018539429;0.12;0.12615966796875;0.1;0.10447730123996735
0.12;0.10961054265499115;0.1;0.10131217539310455;0.24;0.16635675728321075
0.36;0.34809350967407227;0.14;0.1324138194322586;0.22;0.21816344559192657
0.26;0.2600404620170593;0.68;0.6473854780197144;0.24;0.23140978813171387
0.32;0.32539102435112;0.36;0.36040055751800537;0.48;0.4746285378932953
0.38;0.3611033260822296;0.1;0.11805296689271927;0.34;0.27524417638778687
0.44;0.43583497405052185;0.16;0.172886922955513;0.28;0.2794472575187683
0.14;0.1389523148536682;0.82;0.7970598340034485;0.36;0.36804869771003723
0.52;0.5226891040802002;0.42;0.38243046402931213;0.12;0.1172192320227623
0.44;0.44265609979629517;0.5;0.5280895829200745;0.36;0.37193554639816284
0.1;0.10296308249235153;0.62;0.634924590587616;0.32;0.3207758069038391
0.28;0.2761252820491791;0.1;0.07871921360492706;0.14;0.2167307436466217
0.46;0.4667940139770508;0.4;0.391396701335907;0.44;0.4378684163093567
0.22;0.2253556102514267;0.18;0.1724376529455185;0.22;0.19106058776378632
0.16;0.1617114096879959;0.46;0.4635624289512634;0.3;0.3106037974357605
0.2;0.21426180005073547;0.28;0.26245948672294617;0.1;0.10692532360553741
0.1;0.10059742629528046;0.2;0.19944263994693756;0.3;0.3014603555202484
0.3;0.3068961203098297;0.28;0.28028884530067444;0.28;0.3091277480125427
0.5;0.5036494731903076;0.46;0.3772932291030884;0.1;0.11421874910593033
0.56;0.5665338039398193;0.14;0.12319003790616989;0.12;0.18011964857578278
0.2;0.19926130771636963;0.42;0.4140954315662384;0.36;0.3503479063510895
0.24;0.2522960305213928;0.54;0.5531761646270752;0.32;0.3133288621902466
0.4;0.4243503212928772;0.22;0.21778975427150726;0.42;0.4460478723049164
0.42;0.41973742842674255;0.16;0.14328190684318542;0.1;0.12617158889770508
0.56;0.5518490076065063;0.1;0.09452244639396667;0.4;0.3856261372566223
0.1;0.11068356782197952;0.38;0.38866621255874634;0.36;0.35042399168014526
0.2;0.19893667101860046;0.34;0.341791033744812;0.32;0.33092156052589417
0.34;0.3512650430202484;0.56;0.5656900405883789;0.42;0.41674119234085083
0.48;0.46184155344963074;0.12;0.13373629748821259;0.26;0.24575582146644592
0.4;0.3960282504558563;0.28;0.2957025468349457;0.32;0.34833741188049316
0.3;0.3103415071964264;0.46;0.4526638388633728;0.44;0.47032636404037476
0.14;0.14206978678703308;0.82;0.7702820897102356;0.18;0.18350555002689362
0.24;0.2553251087665558;0.2;0.17219893634319305;0.34;0.37385129928588867
0.38;0.3951864540576935;0.18;0.17237168550491333;0.44;0.45046910643577576
0.44;0.4386613070964813;0.54;0.5036141276359558;0.5;0.4425879418849945
0.52;0.5357067584991455;0.4;0.3341086208820343;0.18;0.19327780604362488
0.12;0.13296039402484894;0.52;0.584909975528717;0.1;0.1149756908416748
0.54;0.533389687538147;0.44;0.391033411026001;0.3;0.30456826090812683
0.26;0.2610003650188446;0.56;0.61005038022995;0.2;0.18834060430526733
0.12;0.11466573923826218;0.62;0.6210407018661499;0.38;0.3658734858036041
0.38;0.3843563199043274;0.14;0.13424088060855865;0.4;0.3330595791339874
0.26;0.28028544783592224;0.12;0.09764706343412399;0.3;0.2554030418395996
0.68;0.6866576075553894;0.12;0.10952352732419968;0.14;0.13795152306556702
0.14;0.12969891726970673;0.5;0.4797220826148987;0.44;0.4067440927028656
0.4;0.40313535928726196;0.1;0.09788325428962708;0.34;0.25484031438827515
0.18;0.1724366396665573;0.22;0.223083034157753;0.14;0.10704066604375839
0.18;0.17875522375106812;0.3;0.2992762625217438;0.12;0.10877100378274918
0.26;0.27069154381752014;0.36;0.3599531054496765;0.42;0.44350823760032654
0.14;0.137749582529068;0.54;0.5506525635719299;0.2;0.2004486620426178
0.12;0.1137029230594635;0.16;0.1876566857099533;0.24;0.24417848885059357
0.66;0.662656843662262;0.1;0.09874098002910614;0.28;0.24166038632392883
0.26;0.2651853561401367;0.62;0.6237467527389526;0.24;0.2252974957227707
0.22;0.21678316593170166;0.46;0.4747362434864044;0.3;0.3009876608848572
0.34;0.36507511138916016;0.28;0.2834186851978302;0.38;0.3942769467830658
0.26;0.25460827350616455;0.14;0.13738477230072021;0.46;0.4384334683418274
0.1;0.10492511838674545;0.64;0.6048312187194824;0.14;0.13670340180397034
0.36;0.356658011674881;0.14;0.1393689215183258;0.12;0.11194773763418198
0.38;0.38270699977874756;0.48;0.4931589961051941;0.16;0.15412279963493347
0.46;0.45416927337646484;0.38;0.3857499659061432;0.4;0.42109909653663635
0.38;0.3905569314956665;0.36;0.3516540229320526;0.44;0.46992427110671997
0.5;0.5059794187545776;0.14;0.13264258205890656;0.1;0.1186567097902298
0.22;0.21784339845180511;0.26;0.249574676156044;0.14;0.15406326949596405
0.16;0.16186638176441193;0.74;0.6609126329421997;0.26;0.22177544236183167
0.78;0.8191389441490173;0.16;0.13219162821769714;0.2;0.23945491015911102
0.22;0.21797847747802734;0.18;0.17370539903640747;0.2;0.22089186310768127
0.28;0.277612566947937;0.6;0.6122575998306274;0.1;0.09761178493499756
0.34;0.3529289960861206;0.6;0.5430867075920105;0.32;0.29088014364242554
0.48;0.4606688618659973;0.1;0.11207615584135056;0.3;0.1989486664533615
0.54;0.5301274657249451;0.32;0.3615829348564148;0.44;0.4446871876716614
0.22;0.21934740245342255;0.52;0.524899959564209;0.5;0.5127695798873901
0.12;0.11716356128454208;0.62;0.6128659248352051;0.4;0.3794475197792053
0.34;0.3367108404636383;0.32;0.335923969745636;0.32;0.3455316722393036
0.6;0.5896938443183899;0.12;0.1183401495218277;0.1;0.1574561595916748
0.16;0.15937283635139465;0.6;0.5893004536628723;0.42;0.4140658974647522
0.14;0.13875780999660492;0.26;0.2558564245700836;0.16;0.18482770025730133
0.8;0.826301634311676;0.16;0.13045373558998108;0.2;0.26822441816329956
0.56;0.5568293929100037;0.14;0.1285620480775833;0.4;0.4150713384151459
0.38;0.37629234790802;0.2;0.18947896361351013;0.14;0.12493258714675903
0.28;0.287510484457016;0.62;0.5992410182952881;0.48;0.39740437269210815
0.2;0.21012532711029053;0.78;0.6835849285125732;0.12;0.09111645072698593
0.4;0.3996692895889282;0.46;0.45006754994392395;0.42;0.4485624432563782
0.22;0.22905513644218445;0.68;0.7102844715118408;0.1;0.0805608257651329
0.38;0.38905251026153564;0.26;0.24359706044197083;0.12;0.13638652861118317
0.52;0.5281611680984497;0.16;0.14362333714962006;0.18;0.2003682404756546
0.28;0.2572835385799408;0.28;0.3323466181755066;0.46;0.48762673139572144
0.34;0.34860074520111084;0.28;0.295332133769989;0.32;0.33584707975387573
0.7;0.7076041102409363;0.26;0.22591909766197205;0.38;0.4002721905708313
0.38;0.36608392000198364;0.14;0.1344284862279892;0.22;0.18412739038467407
0.26;0.2607382833957672;0.38;0.3764815330505371;0.24;0.23889267444610596
0.16;0.1620352864265442;0.48;0.44826677441596985;0.24;0.22088122367858887
0.22;0.23548416793346405;0.34;0.3472876250743866;0.4;0.4370194375514984
0.56;0.5607185959815979;0.28;0.31111040711402893;0.22;0.23917357623577118
0.22;0.22163403034210205;0.5;0.5038925409317017;0.24;0.24238231778144836
0.26;0.25685951113700867;0.6;0.5604758262634277;0.2;0.17606255412101746
0.24;0.22809243202209473;0.16;0.16205190122127533;0.14;0.12304729223251343
0.58;0.5968490839004517;0.34;0.32980063557624817;0.1;0.10695197433233261
0.28;0.291732519865036;0.4;0.41697216033935547;0.32;0.3381868898868561
0.38;0.37800905108451843;0.3;0.3144090473651886;0.22;0.2463165819644928
0.3;0.3100060224533081;0.66;0.6053444743156433;0.14;0.12841174006462097
0.48;0.4861339032649994;0.18;0.1807950884103775;0.42;0.4407323896884918
0.38;0.38173922896385193;0.2;0.18341399729251862;0.1;0.11605829000473022
0.72;0.7563493847846985;0.24;0.1890164166688919;0.14;0.18332776427268982
0.1;0.1101909726858139;0.16;0.150607630610466;0.46;0.4482653737068176
0.54;0.5357526540756226;0.14;0.1481751948595047;0.34;0.33975210785865784
0.52;0.531023383140564;0.32;0.28900855779647827;0.38;0.40180206298828125
0.46;0.4640921652317047;0.18;0.18432126939296722;0.42;0.4431062638759613
0.16;0.1645541936159134;0.78;0.7463825345039368;0.1;0.10787898302078247
0.2;0.20508915185928345;0.3;0.2875216603279114;0.28;0.3210986256599426
0.14;0.14989064633846283;0.24;0.23662841320037842;0.4;0.40548449754714966
0.1;0.09699973464012146;0.36;0.37955376505851746;0.46;0.46322011947631836
0.16;0.18512609601020813;0.2;0.17008154094219208;0.1;0.1275828778743744
0.78;0.7904530763626099;0.2;0.17003247141838074;0.38;0.3613082468509674
0.46;0.45946019887924194;0.28;0.3250521421432495;0.14;0.14188703894615173
0.1;0.09987984597682953;0.62;0.6493851542472839;0.3;0.3085959851741791
0.4;0.4154636859893799;0.14;0.12322378903627396;0.34;0.34007343649864197
0.34;0.353689968585968;0.62;0.5493512749671936;0.24;0.2530174255371094
0.14;0.14275743067264557;0.78;0.7733041644096375;0.42;0.4271713197231293
0.88;0.7649378776550293;0.1;0.16905853152275085;0.18;0.14995811879634857
0.38;0.37986528873443604;0.22;0.21784666180610657;0.18;0.19369052350521088
0.34;0.35009118914604187;0.52;0.4704318940639496;0.3;0.28558653593063354
0.38;0.3995019495487213;0.58;0.5597435235977173;0.5;0.4951256215572357
0.4;0.4014081060886383;0.46;0.500002384185791;0.46;0.4391183853149414
0.64;0.6206140518188477;0.34;0.3668992519378662;0.48;0.45670080184936523
0.68;0.6652487516403198;0.2;0.2331683188676834;0.34;0.3170527517795563
0.36;0.37077343463897705;0.32;0.3096464276313782;0.46;0.45735082030296326
0.32;0.3378477990627289;0.54;0.5277122855186462;0.3;0.3129144608974457
0.14;0.1253584921360016;0.24;0.26317787170410156;0.22;0.19013209640979767
0.48;0.4820190668106079;0.44;0.4333176016807556;0.16;0.16266363859176636
0.1;0.10963611304759979;0.36;0.3562072515487671;0.38;0.39593929052352905
0.56;0.552330732345581;0.16;0.1565866470336914;0.22;0.23268337547779083
0.2;0.19736939668655396;0.54;0.5420640707015991;0.3;0.29915058612823486
0.18;0.1798994094133377;0.72;0.7367892265319824;0.38;0.3509962260723114
0.16;0.16201071441173553;0.48;0.4938831627368927;0.34;0.3643370568752289
0.26;0.23932595551013947;0.1;0.11340536177158356;0.4;0.3235907554626465
0.18;0.17510651051998138;0.32;0.3266645073890686;0.2;0.20027561485767365
0.24;0.232518270611763;0.68;0.6108259558677673;0.26;0.21313424408435822
0.58;0.5649673938751221;0.16;0.16222621500492096;0.3;0.30212604999542236
0.34;0.3525662124156952;0.5;0.45581135153770447;0.38;0.34844261407852173
0.1;0.10345012694597244;0.72;0.6987627148628235;0.22;0.2193916290998459
0.68;0.6607916355133057;0.1;0.12096931785345078;0.16;0.15865108370780945
0.56;0.5805310606956482;0.36;0.34980109333992004;0.12;0.11664670705795288
0.52;0.5289521813392639;0.16;0.15670998394489288;0.46;0.4694898724555969
0.44;0.4390922784805298;0.2;0.21026355028152466;0.32;0.33844706416130066
0.44;0.44030478596687317;0.46;0.4734574854373932;0.28;0.2881699204444885
0.52;0.5161228179931641;0.38;0.346796452999115;0.22;0.20357243716716766
0.66;0.6286091804504395;0.1;0.1230788305401802;0.2;0.1769116222858429
0.62;0.615880012512207;0.12;0.12028007954359055;0.42;0.42591720819473267
0.54;0.5514763593673706;0.34;0.32898467779159546;0.3;0.2860424518585205
0.26;0.27728042006492615;0.58;0.5876460075378418;0.1;0.10717920958995819
0.12;0.11927400529384613;0.5;0.4998548626899719;0.36;0.3856428265571594
0.44;0.43335506319999695;0.42;0.4974280595779419;0.12;0.14410236477851868
0.32;0.32517650723457336;0.36;0.3280380070209503;0.5;0.4588867127895355
0.2;0.21299542486667633;0.14;0.14003817737102509;0.18;0.1540292650461197
0.12;0.128195658326149;0.24;0.23525379598140717;0.36;0.3799610733985901
0.84;0.8627344369888306;0.1;0.13330651819705963;0.5;0.524854302406311
0.32;0.3316289484500885;0.48;0.4618035554885864;0.4;0.414081871509552
0.42;0.4211741089820862;0.5;0.46603649854660034;0.5;0.4820665419101715
0.18;0.16715973615646362;0.68;0.6686326861381531;0.2;0.19226999580860138
0.4;0.4191927909851074;0.52;0.5162742137908936;0.38;0.3477751612663269
0.44;0.4355716407299042;0.3;0.3069584369659424;0.38;0.403575599193573
0.14;0.127571240067482;0.12;0.13606300950050354;0.48;0.4177826941013336
0.48;0.4811658561229706;0.44;0.437640517950058;0.14;0.15245321393013
0.48;0.47777724266052246;0.22;0.23036624491214752;0.18;0.18641158938407898
0.62;0.6063539981842041;0.12;0.12133593112230301;0.1;0.15377768874168396
0.26;0.27193135023117065;0.46;0.4709859788417816;0.18;0.17847894132137299
0.36;0.3646840751171112;0.62;0.5110754370689392;0.24;0.2440466582775116
0.32;0.33544954657554626;0.58;0.5319859385490417;0.38;0.3321106731891632
0.6;0.5997504591941833;0.14;0.1335258036851883;0.36;0.36948150396347046
0.36;0.37202563881874084;0.24;0.24436557292938232;0.32;0.3304912745952606
0.22;0.23156684637069702;0.24;0.21831968426704407;0.24;0.2763509154319763
0.22;0.22144092619419098;0.16;0.14670179784297943;0.24;0.26793402433395386
0.14;0.13744130730628967;0.58;0.5860547423362732;0.4;0.3884921967983246
0.54;0.5411413311958313;0.16;0.15383130311965942;0.28;0.28860023617744446
0.14;0.13802149891853333;0.74;0.795853853225708;0.38;0.3917523920536041
0.42;0.4409255385398865;0.52;0.4279857575893402;0.1;0.09364546090364456
0.82;0.8349196314811707;0.14;0.14017607271671295;0.5;0.5067921876907349
0.2;0.20360976457595825;0.56;0.5346439480781555;0.42;0.4320904314517975
0.24;0.22727413475513458;0.38;0.3773016929626465;0.24;0.21929903328418732
0.36;0.3783523738384247;0.42;0.3949752151966095;0.14;0.15596456825733185
0.58;0.5873488783836365;0.1;0.09047434478998184;0.5;0.47385668754577637
0.68;0.6822118163108826;0.24;0.2524855434894562;0.32;0.30327799916267395
0.14;0.131310373544693;0.22;0.22773610055446625;0.3;0.2956591546535492
0.12;0.10560812801122665;0.48;0.478311687707901;0.36;0.3439961373806
0.16;0.160639226436615;0.4;0.3943132162094116;0.42;0.4189755320549011
0.1;0.08986815065145493;0.56;0.553800106048584;0.28;0.25002068281173706
0.46;0.46309277415275574;0.22;0.21700848639011383;0.12;0.13062730431556702
0.18;0.16281914710998535;0.14;0.14805850386619568;0.48;0.4714844822883606
0.54;0.542559027671814;0.3;0.30604788661003113;0.14;0.1543424427509308
0.46;0.4556236267089844;0.5;0.5094345808029175;0.36;0.37623125314712524
0.12;0.16270983219146729;0.8;0.7946615219116211;0.1;0.1073664203286171
0.54;0.5322361588478088;0.36;0.356927752494812;0.14;0.15481683611869812
0.1;0.1052100658416748;0.82;0.8465906977653503;0.46;0.4613405168056488
0.32;0.3150629997253418;0.58;0.6297776103019714;0.12;0.1294022500514984
0.3;0.3087273836135864;0.46;0.44661587476730347;0.24;0.24908974766731262
0.52;0.5188014507293701;0.3;0.36603251099586487;0.34;0.3479853868484497
0.74;0.7153937816619873;0.12;0.1072571724653244;0.12;0.08232010900974274
0.5;0.5045241713523865;0.28;0.27159035205841064;0.38;0.4044352173805237
0.78;0.8223751783370972;0.16;0.1347256302833557;0.22;0.23882976174354553
0.34;0.34072500467300415;0.4;0.3899228572845459;0.34;0.32959622144699097
0.14;0.13876526057720184;0.62;0.6047335267066956;0.46;0.45522230863571167
0.14;0.12959431111812592;0.8;0.7359643578529358;0.42;0.3700588345527649
0.28;0.28375178575515747;0.66;0.540493369102478;0.2;0.1762329638004303
0.4;0.4133766293525696;0.58;0.5307561755180359;0.38;0.3610052168369293
0.14;0.146441251039505;0.74;0.7703309655189514;0.18;0.188024640083313
0.54;0.535780131816864;0.24;0.2583394944667816;0.38;0.38723039627075195
0.2;0.1933276504278183;0.16;0.17353197932243347;0.48;0.43381747603416443
0.32;0.32059308886528015;0.66;0.5560727119445801;0.22;0.19934308528900146
0.14;0.1386328786611557;0.44;0.43197864294052124;0.22;0.2129628211259842
0.14;0.1301449090242386;0.2;0.20432864129543304;0.16;0.20079584419727325
0.14;0.14812327921390533;0.82;0.7235285043716431;0.14;0.14286263287067413
0.28;0.29159900546073914;0.54;0.5484126210212708;0.3;0.2872815728187561
0.48;0.4858137369155884;0.48;0.4640575349330902;0.18;0.16898921132087708
0.16;0.16270393133163452;0.48;0.48047545552253723;0.5;0.4836362302303314
0.76;0.7828617691993713;0.18;0.15276660025119781;0.12;0.1468537151813507
0.52;0.5119963884353638;0.36;0.40932485461235046;0.14;0.14802534878253937
0.3;0.3013158440589905;0.48;0.4785020649433136;0.22;0.19802382588386536
0.74;0.7350296378135681;0.18;0.20407307147979736;0.22;0.18460361659526825
0.16;0.1639229953289032;0.4;0.41411539912223816;0.28;0.2742575705051422
0.24;0.2514622211456299;0.62;0.6408830285072327;0.3;0.3167803883552551
0.62;0.6177980303764343;0.3;0.29726558923721313;0.12;0.11406533420085907
0.12;0.11248540133237839;0.46;0.44743552803993225;0.36;0.333926260471344
0.1;0.10140626132488251;0.34;0.35780102014541626;0.3;0.2934170067310333
0.22;0.21085147559642792;0.46;0.47975659370422363;0.24;0.2222885638475418
0.2;0.1999586969614029;0.68;0.727025032043457;0.48;0.45840921998023987
0.7;0.6939702033996582;0.2;0.2521286606788635;0.48;0.44605913758277893
0.62;0.6039896607398987;0.26;0.3091394305229187;0.22;0.20061299204826355
0.52;0.5376746654510498;0.3;0.3096969425678253;0.3;0.3108658194541931
0.1;0.0959281474351883;0.84;0.8306182026863098;0.5;0.4903036057949066
0.34;0.34402230381965637;0.44;0.43055427074432373;0.46;0.44872480630874634
0.34;0.35383129119873047;0.6;0.6202556490898132;0.38;0.41533803939819336
0.22;0.21861664950847626;0.7;0.6688051223754883;0.24;0.23825502395629883
0.62;0.6171348690986633;0.16;0.17224736511707306;0.16;0.17073647677898407
0.32;0.30187058448791504;0.22;0.2167532742023468;0.18;0.18444868922233582
0.12;0.12019284069538116;0.64;0.6457669734954834;0.38;0.3822037875652313
0.46;0.43887045979499817;0.12;0.12221621721982956;0.1;0.13836263120174408
0.46;0.4527532756328583;0.12;0.1159207746386528;0.16;0.1330481916666031
0.64;0.6311610341072083;0.14;0.18518692255020142;0.32;0.3318120837211609
0.1;0.10845866799354553;0.14;0.15173183381557465;0.14;0.19655120372772217
0.52;0.497553288936615;0.1;0.11145978420972824;0.26;0.173479363322258
0.18;0.19428972899913788;0.78;0.6850103735923767;0.12;0.10762965679168701
0.54;0.5309745669364929;0.28;0.30180615186691284;0.12;0.11752422153949738
0.5;0.49891695380210876;0.44;0.41222816705703735;0.38;0.3632114827632904
0.48;0.4781077206134796;0.14;0.1431383341550827;0.2;0.21709021925926208
0.24;0.23813952505588531;0.44;0.4529622197151184;0.26;0.25862592458724976
0.28;0.2840921878814697;0.44;0.422674298286438;0.12;0.11549434810876846
0.12;0.11716480553150177;0.46;0.45749929547309875;0.32;0.3077496886253357
0.22;0.2236175537109375;0.64;0.6944985389709473;0.24;0.2566100060939789
0.6;0.603094220161438;0.18;0.18971960246562958;0.24;0.21992187201976776
0.78;0.7721124887466431;0.14;0.16335467994213104;0.48;0.42499327659606934
0.1;0.09067008644342422;0.88;0.7805767059326172;0.5;0.4047427177429199
0.46;0.45307523012161255;0.34;0.32872000336647034;0.34;0.3759083151817322
0.18;0.18146252632141113;0.22;0.2135705202817917;0.12;0.10806135088205338
0.42;0.4267098903656006;0.46;0.49922141432762146;0.34;0.35818108916282654
0.52;0.5176727175712585;0.12;0.12554000318050385;0.26;0.254010945558548
0.3;0.3175487518310547;0.64;0.6655890941619873;0.42;0.4221290946006775
0.26;0.26746976375579834;0.54;0.5307015776634216;0.4;0.3693160116672516
0.44;0.44642093777656555;0.52;0.5021184086799622;0.22;0.2466261088848114
0.26;0.2648533284664154;0.62;0.6502629518508911;0.1;0.10055190324783325
0.12;0.116535983979702;0.7;0.6881215572357178;0.22;0.1959337294101715
0.56;0.5597346425056458;0.32;0.3531504273414612;0.42;0.3981483280658722
0.44;0.39812546968460083;0.1;0.10999917984008789;0.12;0.11966164410114288
0.1;0.09840378910303116;0.8;0.8263182044029236;0.46;0.45468416810035706
0.14;0.1452973484992981;0.66;0.6692869067192078;0.38;0.3845980167388916
0.36;0.37463706731796265;0.26;0.2626415491104126;0.32;0.345490038394928
0.4;0.4026254415512085;0.56;0.4938904643058777;0.28;0.2812991738319397
0.52;0.5121298432350159;0.32;0.36737340688705444;0.12;0.13373878598213196
0.36;0.3717077374458313;0.6;0.5626742839813232;0.16;0.15591850876808167
0.74;0.7385247945785522;0.14;0.20179316401481628;0.12;0.1157766804099083
0.52;0.5065117478370667;0.4;0.4185745418071747;0.48;0.47818899154663086
0.7;0.7041954398155212;0.28;0.26353010535240173;0.48;0.4513576626777649
0.22;0.2264774739742279;0.36;0.36377057433128357;0.42;0.443919837474823
0.3;0.309494286775589;0.68;0.6002177000045776;0.48;0.396205335855484
0.58;0.5780976414680481;0.32;0.33244118094444275;0.46;0.4763835072517395
0.24;0.25535082817077637;0.5;0.5386605858802795;0.22;0.2426900863647461
0.56;0.5471348762512207;0.34;0.3683050572872162;0.38;0.3999863266944885
0.48;0.48601311445236206;0.26;0.3373164236545563;0.1;0.1260041892528534
0.64;0.6506999731063843;0.18;0.2022777795791626;0.34;0.3288593888282776
0.14;0.12220354378223419;0.38;0.3761981129646301;0.48;0.45265382528305054
0.36;0.36761265993118286;0.16;0.15210101008415222;0.36;0.3446488678455353
0.26;0.28783032298088074;0.26;0.21650759875774384;0.1;0.11203591525554657
0.1;0.10433179140090942;0.74;0.7619830369949341;0.22;0.23899352550506592
0.28;0.28612208366394043;0.22;0.20463694632053375;0.32;0.3330851197242737
0.64;0.6169078350067139;0.18;0.28479596972465515;0.14;0.11700379848480225
0.44;0.36798322200775146;0.1;0.149038165807724;0.1;0.11549723148345947
0.44;0.4421716034412384;0.14;0.1466805338859558;0.3;0.2993815839290619
0.16;0.16348077356815338;0.3;0.3042655289173126;0.2;0.21193277835845947
0.3;0.3158385753631592;0.48;0.43215084075927734;0.48;0.4469791352748871
0.48;0.464555025100708;0.1;0.12114814668893814;0.42;0.3791240155696869
0.46;0.4614394009113312;0.32;0.3574462831020355;0.16;0.16946907341480255
0.12;0.12135247141122818;0.66;0.6730839610099792;0.46;0.4795134961605072
0.26;0.24713946878910065;0.1;0.10352912545204163;0.46;0.37198302149772644
0.28;0.2861534059047699;0.36;0.36236536502838135;0.46;0.45543617010116577
0.38;0.37075644731521606;0.12;0.11828484386205673;0.14;0.122483991086483
0.18;0.17269881069660187;0.14;0.1479574292898178;0.18;0.20410609245300293
0.48;0.5027478337287903;0.16;0.13270306587219238;0.12;0.16976439952850342
0.58;0.5813942551612854;0.12;0.11430538445711136;0.16;0.20285682380199432
0.56;0.5502550601959229;0.24;0.2755860686302185;0.24;0.23634931445121765
0.18;0.1671295166015625;0.12;0.15376920998096466;0.32;0.2241235226392746
0.4;0.40148937702178955;0.3;0.2897707521915436;0.3;0.3145821988582611
0.54;0.5019845962524414;0.1;0.13237829506397247;0.1;0.12752379477024078
0.6;0.6319260597229004;0.28;0.3071431517601013;0.12;0.12809738516807556
0.76;0.7515524625778198;0.14;0.1905982494354248;0.26;0.2027144432067871
0.2;0.18055807054042816;0.28;0.2983466386795044;0.16;0.13096265494823456
0.3;0.30498379468917847;0.2;0.18853798508644104;0.32;0.34789806604385376
0.4;0.41207072138786316;0.26;0.25059080123901367;0.16;0.17696645855903625
0.82;0.8345133662223816;0.12;0.13427694141864777;0.48;0.51154625415802
0.46;0.4511725604534149;0.52;0.4641364812850952;0.32;0.33052489161491394
0.56;0.5602493286132812;0.34;0.33096322417259216;0.44;0.4361119270324707
0.1;0.10452147573232651;0.82;0.7877488732337952;0.26;0.258127361536026
0.32;0.3083585202693939;0.22;0.22520188987255096;0.3;0.3176848292350769
0.68;0.6769171357154846;0.18;0.21642661094665527;0.2;0.19557234644889832
0.34;0.33271557092666626;0.46;0.46897703409194946;0.22;0.1930917203426361
0.12;0.10923703014850616;0.86;0.8137383460998535;0.38;0.3617607057094574
0.68;0.6816433668136597;0.3;0.2399914711713791;0.3;0.27287378907203674
0.12;0.13255701959133148;0.32;0.3071361184120178;0.32;0.33806970715522766
0.16;0.16506272554397583;0.14;0.14714586734771729;0.1;0.1847684681415558
0.5;0.5047996640205383;0.2;0.20623737573623657;0.36;0.36183276772499084
0.58;0.5855568051338196;0.18;0.1890476942062378;0.32;0.3220769464969635
0.44;0.43159446120262146;0.14;0.14985747635364532;0.42;0.4596194326877594
0.48;0.46181952953338623;0.1;0.12083521485328674;0.38;0.3442915380001068
0.66;0.6589660048484802;0.3;0.24191796779632568;0.26;0.2688107490539551
0.42;0.42596349120140076;0.16;0.14659228920936584;0.5;0.5245285630226135
0.44;0.4683029055595398;0.28;0.31374046206474304;0.1;0.11371859163045883
0.38;0.39730775356292725;0.12;0.11744437366724014;0.42;0.40834489464759827
0.1;0.11478987336158752;0.3;0.28654661774635315;0.22;0.25049886107444763
0.1;0.10213109105825424;0.7;0.6915584206581116;0.22;0.2165258824825287
0.58;0.5749674439430237;0.22;0.239780992269516;0.24;0.26223912835121155
0.52;0.5252227783203125;0.38;0.36415112018585205;0.34;0.3484169542789459
0.38;0.3896380066871643;0.46;0.4517304599285126;0.44;0.4102487564086914
0.28;0.29179510474205017;0.3;0.2982781231403351;0.28;0.2973857820034027
0.1;0.10863444954156876;0.8;0.7288712859153748;0.14;0.13405878841876984
0.14;0.13945581018924713;0.72;0.7706838846206665;0.3;0.32494860887527466
0.44;0.42757248878479004;0.16;0.17480027675628662;0.2;0.2061953842639923
0.7;0.7010741829872131;0.22;0.23016977310180664;0.32;0.3149994909763336
0.6;0.6014900803565979;0.34;0.3656996190547943;0.44;0.41829854249954224
0.12;0.11837515980005264;0.76;0.7392292618751526;0.28;0.27706384658813477
0.3;0.3176807761192322;0.6;0.5946479439735413;0.5;0.4534206986427307
0.1;0.09176531434059143;0.4;0.4041081666946411;0.26;0.2537595331668854
0.7;0.7171982526779175;0.14;0.12281517684459686;0.14;0.21798129379749298
0.44;0.43644070625305176;0.46;0.4726364314556122;0.46;0.4755083918571472
0.6;0.596524178981781;0.24;0.2708999812602997;0.32;0.3177865147590637
0.56;0.5635826587677002;0.36;0.3546949625015259;0.42;0.4265407621860504
0.14;0.13712885975837708;0.46;0.44684383273124695;0.46;0.44899749755859375
0.66;0.6789783835411072;0.26;0.27803197503089905;0.3;0.3058094382286072
0.82;0.8076211214065552;0.16;0.13962715864181519;0.32;0.3488386273384094
0.36;0.37050575017929077;0.34;0.34135329723358154;0.2;0.20633730292320251
0.24;0.24193629622459412;0.58;0.5662330985069275;0.24;0.19632479548454285
0.54;0.5545209050178528;0.18;0.19405785202980042;0.46;0.4446690082550049
0.3;0.30562564730644226;0.16;0.14906089007854462;0.28;0.27989211678504944
0.22;0.22016850113868713;0.14;0.13157376646995544;0.1;0.14979548752307892
0.14;0.12875279784202576;0.4;0.4103114604949951;0.42;0.4104761481285095
0.4;0.4270094633102417;0.46;0.4989289343357086;0.1;0.1130044013261795
0.12;0.13962270319461823;0.82;0.7410572171211243;0.1;0.11294855922460556
0.44;0.439222127199173;0.34;0.31460806727409363;0.34;0.3502734303474426
0.1;0.08198796212673187;0.42;0.40435734391212463;0.4;0.3657277226448059
0.68;0.6880247592926025;0.22;0.2391420304775238;0.12;0.11378774791955948
0.66;0.6415460705757141;0.22;0.2763718068599701;0.32;0.2854391932487488
0.24;0.24527153372764587;0.42;0.4417772591114044;0.42;0.4559340476989746
0.18;0.1796761304140091;0.78;0.7419770359992981;0.4;0.3649247884750366
0.24;0.22727876901626587;0.14;0.13786736130714417;0.24;0.1723792999982834
0.66;0.6489241719245911;0.2;0.2439298927783966;0.2;0.16838863492012024
0.18;0.17854246497154236;0.66;0.6521335244178772;0.36;0.3357280194759369
0.28;0.2789974808692932;0.48;0.4563520550727844;0.16;0.14157669246196747
0.24;0.25243523716926575;0.52;0.5192961096763611;0.38;0.3943508565425873
0.2;0.1912977397441864;0.42;0.39556318521499634;0.16;0.13700509071350098
0.24;0.2484292834997177;0.7;0.6190052032470703;0.48;0.38658127188682556
0.46;0.46178004145622253;0.38;0.37455177307128906;0.14;0.15598851442337036
0.6;0.6010693907737732;0.26;0.2644650340080261;0.46;0.45692500472068787
0.1;0.09418834000825882;0.62;0.6542736887931824;0.44;0.45293134450912476
0.24;0.2441924810409546;0.42;0.42704135179519653;0.46;0.4423690736293793
0.14;0.1407114714384079;0.48;0.46135464310646057;0.36;0.3558841943740845
0.42;0.4234188199043274;0.38;0.4158969819545746;0.3;0.3568705916404724
0.12;0.11475317180156708;0.2;0.20741228759288788;0.16;0.13947999477386475
0.36;0.3632766902446747;0.18;0.17561043798923492;0.34;0.35406017303466797
0.26;0.2693761885166168;0.62;0.603057324886322;0.32;0.2999991476535797
0.44;0.43960246443748474;0.38;0.35711735486984253;0.42;0.41784414649009705
0.44;0.4341846704483032;0.14;0.13971242308616638;0.14;0.1197420209646225
0.2;0.1987900733947754;0.2;0.20475496351718903;0.32;0.32699277997016907
0.48;0.47482964396476746;0.28;0.33893242478370667;0.1;0.0996001660823822
0.16;0.16532844305038452;0.24;0.23038558661937714;0.3;0.31619906425476074
0.74;0.7583609819412231;0.2;0.18300053477287292;0.2;0.2067083865404129
0.34;0.35067951679229736;0.48;0.4903043806552887;0.26;0.24541254341602325
0.14;0.1496894210577011;0.24;0.23873169720172882;0.34;0.3561270833015442
0.28;0.27335453033447266;0.36;0.37342819571495056;0.22;0.19119030237197876
0.66;0.6502976417541504;0.26;0.2634851932525635;0.32;0.32653599977493286
0.22;0.22812920808792114;0.64;0.6639837026596069;0.2;0.22600539028644562
0.38;0.3853132128715515;0.22;0.22797104716300964;0.26;0.251507043838501
0.3;0.3069145381450653;0.26;0.26824474334716797;0.34;0.3738691210746765
0.18;0.1773153841495514;0.76;0.7134679555892944;0.46;0.41410595178604126
0.32;0.3361739218235016;0.44;0.4386041462421417;0.38;0.40778714418411255
0.12;0.13152234256267548;0.38;0.36731281876564026;0.34;0.3655567765235901
0.38;0.3885384798049927;0.16;0.14243414998054504;0.38;0.3945600986480713
0.16;0.16107581555843353;0.46;0.4475144147872925;0.4;0.4058937132358551
0.2;0.18514831364154816;0.16;0.17161135375499725;0.24;0.18254072964191437
0.2;0.19924919307231903;0.6;0.5799247622489929;0.2;0.18387985229492188
0.42;0.422136127948761;0.38;0.371206134557724;0.32;0.3122778534889221
0.26;0.2704521715641022;0.48;0.4762483239173889;0.46;0.44328218698501587
0.18;0.1758963167667389;0.48;0.506263256072998;0.22;0.2413281947374344
0.62;0.6296622157096863;0.12;0.11303464323282242;0.44;0.45019274950027466
0.46;0.4548458755016327;0.36;0.35488298535346985;0.42;0.4371030926704407
0.24;0.25504422187805176;0.52;0.5010120272636414;0.4;0.41588711738586426
0.38;0.38689014315605164;0.58;0.5368815660476685;0.32;0.3465213179588318
0.1;0.10166949778795242;0.62;0.6140361428260803;0.2;0.19391116499900818
0.58;0.58388352394104;0.18;0.19048383831977844;0.3;0.30184030532836914
0.36;0.35896968841552734;0.22;0.20370961725711823;0.12;0.13517092168331146
0.6;0.6014345288276672;0.36;0.3204011917114258;0.14;0.13518445193767548
0.3;0.30678993463516235;0.56;0.5281062722206116;0.26;0.23832395672798157
0.26;0.2685704231262207;0.38;0.40254920721054077;0.46;0.46104368567466736
0.78;0.7833828926086426;0.16;0.1604103446006775;0.42;0.4394700527191162
0.12;0.11758778989315033;0.62;0.6370397210121155;0.42;0.39091867208480835
0.16;0.15630394220352173;0.54;0.5372670292854309;0.48;0.449227899312973
0.4;0.4035262167453766;0.18;0.19268745183944702;0.32;0.3132352828979492
0.22;0.21482861042022705;0.48;0.4659934937953949;0.48;0.44364482164382935
0.12;0.11963344365358353;0.46;0.44020482897758484;0.42;0.41271892189979553
0.34;0.34321653842926025;0.18;0.18826593458652496;0.42;0.45991429686546326
0.62;0.6845712065696716;0.34;0.25784799456596375;0.1;0.10264842212200165
0.12;0.12613226473331451;0.52;0.5083953738212585;0.2;0.19217824935913086
0.64;0.6318274736404419;0.24;0.31679457426071167;0.46;0.4355293810367584
0.54;0.5174803733825684;0.4;0.41441062092781067;0.48;0.47625309228897095
0.3;0.2961033880710602;0.48;0.4853007197380066;0.12;0.10357432067394257
0.36;0.3608829379081726;0.58;0.5377676486968994;0.26;0.26108798384666443
0.56;0.5645586848258972;0.2;0.21613655984401703;0.22;0.19164985418319702
0.76;0.7763745188713074;0.18;0.15968045592308044;0.24;0.23495745658874512
0.28;0.28886157274246216;0.42;0.4505058825016022;0.1;0.12249384075403214
0.28;0.2868306338787079;0.5;0.4879221022129059;0.18;0.15578779578208923
0.38;0.39992690086364746;0.3;0.29813069105148315;0.48;0.4565364718437195
0.44;0.43527987599372864;0.44;0.46112626791000366;0.44;0.44730910658836365
0.3;0.3074229657649994;0.22;0.18150976300239563;0.1;0.14518475532531738
0.18;0.1771264523267746;0.62;0.60904461145401;0.34;0.33129575848579407
0.34;0.3461960554122925;0.62;0.5412891507148743;0.34;0.27362260222435
0.44;0.44906049966812134;0.14;0.14464543759822845;0.26;0.26989367604255676
0.2;0.20792792737483978;0.6;0.594547688961029;0.34;0.3547726273536682
0.2;0.19471275806427002;0.74;0.7043825387954712;0.46;0.4234750270843506
0.6;0.5999090075492859;0.38;0.3493122160434723;0.5;0.4836145043373108
0.58;0.599327564239502;0.14;0.1250370889902115;0.2;0.2375166118144989
0.24;0.2441788911819458;0.26;0.26969248056411743;0.46;0.5045570731163025
0.6;0.6130238771438599;0.3;0.3188852071762085;0.44;0.43708333373069763
0.24;0.24892058968544006;0.2;0.20517775416374207;0.44;0.4524153769016266
0.18;0.21545350551605225;0.64;0.6228300333023071;0.1;0.08408451825380325
0.26;0.2658177614212036;0.62;0.5782992839813232;0.42;0.36971980333328247
0.12;0.12726141512393951;0.58;0.5845232009887695;0.1;0.1116407960653305
0.16;0.15960988402366638;0.24;0.22806572914123535;0.2;0.2311219424009323
0.12;0.11130974441766739;0.14;0.16017860174179077;0.28;0.2759852707386017
0.3;0.2728830873966217;0.1;0.10564810782670975;0.12;0.15209650993347168
0.54;0.5304970145225525;0.18;0.17336654663085938;0.26;0.2656271457672119
0.56;0.5645390152931213;0.38;0.34907621145248413;0.26;0.25262823700904846
0.24;0.23986129462718964;0.52;0.5344374179840088;0.1;0.10000990331172943
0.5;0.4812421202659607;0.14;0.14640748500823975;0.14;0.13844497501850128
0.4;0.3931862711906433;0.16;0.1414441168308258;0.1;0.10978813469409943
0.56;0.5529893636703491;0.34;0.36326661705970764;0.36;0.37028056383132935
0.72;0.737449586391449;0.26;0.20798362791538239;0.28;0.3238682448863983
0.64;0.6321960091590881;0.16;0.16571840643882751;0.36;0.37407177686691284
0.28;0.2907533645629883;0.38;0.386006623506546;0.16;0.162286177277565
0.5;0.4985566735267639;0.4;0.4037705361843109;0.44;0.4368550181388855
0.3;0.2950941026210785;0.36;0.42397141456604004;0.1;0.1004563570022583
0.74;0.7431930899620056;0.16;0.19511057436466217;0.32;0.2897655665874481
0.54;0.5303570628166199;0.36;0.3911972939968109;0.36;0.3687838912010193
0.72;0.7412811517715454;0.14;0.20203185081481934;0.2;0.16109628975391388
0.48;0.4885759651660919;0.42;0.47148483991622925;0.22;0.20872589945793152
0.38;0.3826943635940552;0.14;0.135781392455101;0.46;0.4576239585876465
0.78;0.8063716292381287;0.16;0.1532689481973648;0.24;0.2979602515697479
0.32;0.3401748538017273;0.56;0.5964248776435852;0.36;0.40034404397010803
0.14;0.14464226365089417;0.62;0.6525396108627319;0.26;0.26412177085876465
0.56;0.5658680200576782;0.32;0.31587985157966614;0.34;0.3354123532772064
0.56;0.5530828833580017;0.36;0.4068620800971985;0.3;0.28858235478401184
0.4;0.41355568170547485;0.58;0.5343637466430664;0.46;0.4505426287651062
0.26;0.27318650484085083;0.48;0.4751034677028656;0.36;0.3734753727912903
0.3;0.3129939138889313;0.66;0.6675335764884949;0.24;0.2690318524837494
0.16;0.1655915379524231;0.26;0.24409937858581543;0.36;0.3814338743686676
0.54;0.5454134345054626;0.24;0.21933360397815704;0.44;0.4479828476905823
0.36;0.3645772635936737;0.28;0.2734088599681854;0.16;0.16861417889595032
0.8;0.7993316650390625;0.16;0.15242932736873627;0.48;0.4849308431148529
0.1;0.1020190641283989;0.7;0.7267383933067322;0.34;0.35791274905204773
0.64;0.6503312587738037;0.12;0.1227363720536232;0.38;0.3766552805900574
0.52;0.5207791924476624;0.28;0.2802768051624298;0.32;0.3371851444244385
0.24;0.23245267570018768;0.5;0.5031003355979919;0.12;0.10369434207677841
0.58;0.5847804546356201;0.14;0.12729419767856598;0.3;0.32234540581703186
0.28;0.2921118140220642;0.58;0.6165921688079834;0.3;0.28808408975601196
0.22;0.22832094132900238;0.54;0.6189020872116089;0.12;0.11774573475122452
0.26;0.2568921446800232;0.5;0.5197204351425171;0.22;0.1954299956560135
0.5;0.5182503461837769;0.34;0.3086633086204529;0.24;0.2495001256465912
0.4;0.40486010909080505;0.36;0.3485967516899109;0.28;0.2960739731788635
0.16;0.18456512689590454;0.18;0.14754149317741394;0.1;0.13243445754051208
0.5;0.4975968301296234;0.4;0.4140913486480713;0.38;0.3773326277732849
0.72;0.7007033824920654;0.12;0.14085036516189575;0.28;0.23898258805274963
0.12;0.12169257551431656;0.58;0.592506468296051;0.28;0.27392125129699707
0.42;0.42822936177253723;0.46;0.48348093032836914;0.44;0.4359497129917145
0.8;0.8135554194450378;0.12;0.13278090953826904;0.28;0.3202807903289795
0.36;0.37223079800605774;0.58;0.527298092842102;0.38;0.39903226494789124
0.28;0.29592323303222656;0.56;0.524804949760437;0.32;0.3016985058784485
0.68;0.6785374879837036;0.22;0.2395041286945343;0.32;0.3069611191749573
0.44;0.43308225274086;0.52;0.46717652678489685;0.1;0.11579138040542603
0.1;0.08805613964796066;0.82;0.7880246639251709;0.22;0.2216157615184784
0.22;0.2551426887512207;0.12;0.08778847754001617;0.14;0.16652598977088928
0.34;0.35126328468322754;0.34;0.32213255763053894;0.46;0.46004819869995117
0.24;0.2381858080625534;0.34;0.30353567004203796;0.3;0.24766536056995392
0.54;0.5382480621337891;0.38;0.38867753744125366;0.44;0.43838444352149963
0.72;0.7071524262428284;0.1;0.09832187741994858;0.18;0.13464942574501038
0.54;0.5481889247894287;0.24;0.22948579490184784;0.28;0.27135542035102844
0.66;0.6734996438026428;0.32;0.2855398654937744;0.28;0.29039090871810913
0.34;0.3554493188858032;0.36;0.3779267370700836;0.12;0.14015762507915497
0.36;0.3691750466823578;0.42;0.4088941812515259;0.46;0.4695277810096741
0.2;0.18178190290927887;0.4;0.4066421389579773;0.18;0.16532519459724426
0.36;0.40209776163101196;0.52;0.4528149664402008;0.1;0.0927606076002121
0.18;0.180644229054451;0.14;0.13798992335796356;0.4;0.3655647039413452
0.2;0.20068120956420898;0.48;0.4886283874511719;0.38;0.3880191445350647
0.12;0.11005214601755142;0.16;0.1675025075674057;0.34;0.33883073925971985
0.32;0.3304610550403595;0.22;0.2408495992422104;0.42;0.43650269508361816
0.34;0.34902703762054443;0.58;0.581983745098114;0.3;0.30386218428611755
0.24;0.25172823667526245;0.48;0.47761768102645874;0.26;0.2645542621612549
0.62;0.5943278670310974;0.2;0.24752870202064514;0.26;0.22453966736793518
0.54;0.5325545072555542;0.34;0.3503413498401642;0.22;0.23327764868736267
0.16;0.15605035424232483;0.18;0.19305264949798584;0.44;0.44503751397132874
0.42;0.43593916296958923;0.2;0.19946129620075226;0.38;0.39178627729415894
0.18;0.18027888238430023;0.58;0.5736466646194458;0.26;0.24290888011455536
0.54;0.5463878512382507;0.34;0.3282788395881653;0.26;0.26028934121131897
0.28;0.280638188123703;0.56;0.5650280117988586;0.12;0.11394239962100983
0.74;0.7446097135543823;0.24;0.20434504747390747;0.36;0.3754384219646454
0.4;0.411567747592926;0.26;0.2667223811149597;0.3;0.3104844391345978
0.1;0.10189205408096313;0.76;0.7694823741912842;0.28;0.28375476598739624
0.14;0.13697393238544464;0.66;0.7012746334075928;0.16;0.1593443900346756
0.64;0.6424177289009094;0.28;0.30492785573005676;0.24;0.25362491607666016
0.66;0.6720775365829468;0.22;0.20340019464492798;0.16;0.13029755651950836
0.6;0.6137195825576782;0.16;0.1593015342950821;0.26;0.26610445976257324
0.26;0.2586316168308258;0.18;0.1777200698852539;0.28;0.27870094776153564
0.12;0.13057833909988403;0.5;0.4952038824558258;0.12;0.11696524918079376
0.3;0.31766167283058167;0.36;0.342549592256546;0.38;0.3703923523426056
0.5;0.4931035339832306;0.42;0.46246472001075745;0.36;0.37899643182754517
0.16;0.1597849726676941;0.74;0.7710596919059753;0.36;0.3666968047618866
0.1;0.10267055779695511;0.88;0.793877124786377;0.24;0.23086968064308167
0.56;0.5427330136299133;0.42;0.41812390089035034;0.36;0.380854994058609
0.5;0.4793008267879486;0.12;0.13129666447639465;0.14;0.13282640278339386
0.22;0.2124454230070114;0.38;0.3557080030441284;0.26;0.24092808365821838
0.52;0.4977451264858246;0.1;0.09909461438655853;0.5;0.4656584858894348
0.12;0.12379799783229828;0.68;0.7107153534889221;0.14;0.15425661206245422
0.36;0.37808242440223694;0.32;0.30144983530044556;0.48;0.46564483642578125
0.1;0.0982799306511879;0.72;0.7499404549598694;0.5;0.49558067321777344
0.36;0.3607129752635956;0.48;0.4410405158996582;0.36;0.3555378019809723
0.1;0.09440912306308746;0.7;0.7386606335639954;0.46;0.46375924348831177
0.3;0.3130868077278137;0.24;0.2594921290874481;0.42;0.4651843011379242
0.36;0.3575299382209778;0.16;0.17704276740550995;0.44;0.46577730774879456
0.1;0.10304778814315796;0.88;0.8450275659561157;0.12;0.13045687973499298
0.12;0.13186576962471008;0.22;0.19403904676437378;0.46;0.46516647934913635
0.82;0.8051977157592773;0.12;0.1374991536140442;0.16;0.2139541208744049
0.7;0.705844521522522;0.22;0.24033382534980774;0.36;0.3666711449623108
0.46;0.45740261673927307;0.44;0.422777384519577;0.48;0.4811660647392273
0.52;0.5663653016090393;0.32;0.34958189725875854;0.1;0.09116087108850479
0.12;0.12853088974952698;0.18;0.1739150583744049;0.36;0.33525753021240234
0.54;0.5459877848625183;0.2;0.19461970031261444;0.44;0.4478757977485657
0.66;0.6408794522285461;0.22;0.2858946919441223;0.46;0.4290001392364502
0.34;0.35416561365127563;0.46;0.45725217461586;0.12;0.13494889438152313
0.68;0.7388083934783936;0.22;0.20554399490356445;0.1;0.1266402304172516
0.66;0.6592967510223389;0.32;0.26782307028770447;0.22;0.21570344269275665
0.32;0.3172885775566101;0.46;0.4976916015148163;0.18;0.17747265100479126
0.58;0.5583405494689941;0.24;0.3141944706439972;0.22;0.22554555535316467
0.18;0.1777513474225998;0.6;0.6006327867507935;0.4;0.4050375819206238
0.36;0.3566456437110901;0.52;0.5616450309753418;0.22;0.23056301474571228
0.18;0.18359984457492828;0.46;0.46052631735801697;0.44;0.4430917799472809
0.12;0.1241580992937088;0.22;0.18909767270088196;0.42;0.454066663980484
0.72;0.7341328263282776;0.2;0.2020377218723297;0.48;0.4683834910392761
0.48;0.47783350944519043;0.4;0.405291885137558;0.46;0.45846500992774963
0.5;0.5422097444534302;0.18;0.18927718698978424;0.48;0.49293357133865356
0.6;0.5733258128166199;0.2;0.2626299560070038;0.1;0.09891076385974884
0.16;0.1865137219429016;0.54;0.5208885669708252;0.1;0.09823397547006607
0.18;0.17119386792182922;0.12;0.14359812438488007;0.26;0.19601628184318542
0.28;0.2832944691181183;0.36;0.38245686888694763;0.26;0.26828426122665405
0.18;0.18814368546009064;0.36;0.3497447669506073;0.4;0.4092300832271576
0.2;0.1927652806043625;0.54;0.5321968197822571;0.42;0.3863230347633362
0.38;0.3886522948741913;0.5;0.5232571959495544;0.36;0.40087372064590454
0.66;0.6557679176330566;0.28;0.2744389474391937;0.32;0.31546512246131897
0.1;0.10336746275424957;0.78;0.7837986350059509;0.22;0.22288402915000916
0.12;0.12358704209327698;0.2;0.18600843846797943;0.1;0.18700827658176422
0.36;0.3914148211479187;0.26;0.27256131172180176;0.48;0.5187360048294067
0.48;0.48281681537628174;0.5;0.4626898765563965;0.18;0.20582175254821777
0.52;0.5185714364051819;0.28;0.3121930956840515;0.22;0.22685036063194275
0.2;0.19071941077709198;0.42;0.41305816173553467;0.24;0.224649578332901
0.46;0.4592726230621338;0.24;0.2392270863056183;0.1;0.11327177286148071
0.68;0.6824591159820557;0.26;0.27044931054115295;0.38;0.37409424781799316
0.26;0.2601114809513092;0.32;0.33835020661354065;0.38;0.40647467970848083
0.12;0.11244402080774307;0.82;0.7760568261146545;0.3;0.27822810411453247
0.1;0.10621052235364914;0.72;0.7081085443496704;0.12;0.12667003273963928
0.7;0.6957104802131653;0.26;0.23020265996456146;0.26;0.26157063245773315
0.18;0.17125609517097473;0.38;0.3869728446006775;0.5;0.4811069071292877
0.48;0.46963760256767273;0.22;0.23626556992530823;0.5;0.5172742605209351
0.44;0.43487465381622314;0.3;0.296739399433136;0.4;0.4043944478034973
0.5;0.4909433424472809;0.42;0.4350168704986572;0.42;0.43346792459487915
0.74;0.7774385213851929;0.24;0.1589091718196869;0.16;0.20273633301258087
0.78;0.8392226099967957;0.2;0.11775784939527512;0.12;0.27796056866645813
0.34;0.3440340459346771;0.5;0.47556182742118835;0.28;0.25908881425857544
0.72;0.686036229133606;0.1;0.11690804362297058;0.2;0.15173524618148804
0.22;0.2235184758901596;0.66;0.674864649772644;0.42;0.39783841371536255
0.48;0.4664907157421112;0.18;0.19072869420051575;0.16;0.17324768006801605
0.68;0.6617277264595032;0.2;0.2620736062526703;0.28;0.23073706030845642
0.76;0.7841546535491943;0.22;0.15569663047790527;0.12;0.18424347043037415
0.1;0.09900204092264175;0.8;0.7955000996589661;0.36;0.3688398003578186
0.1;0.09989653527736664;0.58;0.6033778190612793;0.22;0.22912812232971191
0.22;0.21634265780448914;0.3;0.3060867190361023;0.18;0.16785740852355957
0.42;0.423475980758667;0.52;0.5252043604850769;0.4;0.4018975794315338
0.1;0.1052129715681076;0.38;0.3904387056827545;0.42;0.42577028274536133
0.2;0.1877620965242386;0.1;0.12282038480043411;0.48;0.4124445915222168
0.5;0.4967571794986725;0.48;0.46636736392974854;0.28;0.2848464548587799
0.62;0.6023593544960022;0.2;0.2754277288913727;0.2;0.16856937110424042
0.24;0.24231183528900146;0.4;0.43857821822166443;0.18;0.2007288932800293
0.18;0.17499935626983643;0.42;0.43112635612487793;0.34;0.34938812255859375
0.38;0.39589136838912964;0.24;0.2414017766714096;0.28;0.30459386110305786
0.3;0.30361056327819824;0.48;0.5225778818130493;0.24;0.21213969588279724
0.24;0.24744519591331482;0.34;0.33123913407325745;0.36;0.3731001913547516
0.56;0.5720674991607666;0.32;0.3221867084503174;0.1;0.09043548256158829
0.62;0.6069419384002686;0.3;0.30795538425445557;0.32;0.32865995168685913
0.32;0.3035588562488556;0.1;0.1044815331697464;0.22;0.14483103156089783
0.26;0.2685130834579468;0.68;0.6325171589851379;0.18;0.16143754124641418
0.36;0.3848133981227875;0.5;0.4966399371623993;0.12;0.12602101266384125
0.18;0.15423047542572021;0.16;0.18314801156520844;0.12;0.1718863993883133
0.54;0.5329620838165283;0.34;0.32349932193756104;0.5;0.48582714796066284
0.56;0.5502916574478149;0.34;0.28992095589637756;0.12;0.13530370593070984
0.24;0.23943795263767242;0.68;0.6742696166038513;0.16;0.1455053836107254
0.16;0.1525983214378357;0.54;0.5665774941444397;0.28;0.29150390625
0.24;0.24999657273292542;0.58;0.6333395838737488;0.48;0.45564454793930054
0.28;0.30786165595054626;0.5;0.5061360001564026;0.42;0.42203521728515625
0.6;0.5957950949668884;0.36;0.33232295513153076;0.38;0.36960649490356445
0.48;0.48316383361816406;0.22;0.21045032143592834;0.12;0.1267942190170288
0.14;0.13974027335643768;0.38;0.36626359820365906;0.36;0.3362581133842468
0.58;0.5439294576644897;0.2;0.26493921875953674;0.16;0.14976021647453308
0.46;0.4437980055809021;0.3;0.3968489170074463;0.12;0.12809832394123077
0.36;0.36509180068969727;0.36;0.5017340183258057;0.1;0.13257156312465668
0.44;0.45461586117744446;0.24;0.23724870383739471;0.2;0.21943867206573486
0.88;0.7291466593742371;0.1;0.18141376972198486;0.14;0.09913428127765656
0.42;0.4253094494342804;0.26;0.26165762543678284;0.26;0.27569204568862915
0.18;0.1744166910648346;0.28;0.30434420704841614;0.5;0.5279955863952637
0.44;0.438843309879303;0.46;0.5189834237098694;0.44;0.471158891916275
0.3;0.3000023066997528;0.46;0.5564020872116089;0.1;0.09531103074550629
0.52;0.5352458953857422;0.22;0.21989884972572327;0.34;0.34605956077575684
0.58;0.5780555009841919;0.28;0.32420602440834045;0.38;0.3912932276725769
0.3;0.3058687448501587;0.62;0.587834358215332;0.44;0.3743062913417816
0.18;0.1768053025007248;0.32;0.32470548152923584;0.24;0.24018606543540955
0.3;0.310115247964859;0.42;0.3874891698360443;0.24;0.22128668427467346
0.32;0.33055993914604187;0.4;0.41109853982925415;0.36;0.39935365319252014
0.64;0.6372568011283875;0.16;0.1774333417415619;0.1;0.09478315711021423
0.42;0.4270996153354645;0.1;0.08699820190668106;0.46;0.4568353295326233
0.24;0.2533538043498993;0.32;0.30501416325569153;0.16;0.179891437292099
0.38;0.39448657631874084;0.18;0.17346148192882538;0.42;0.4312560558319092
0.18;0.1692391037940979;0.66;0.6244831681251526;0.28;0.2619696855545044
0.52;0.525139331817627;0.16;0.15836602449417114;0.42;0.42075127363204956
0.2;0.20109616219997406;0.4;0.388071209192276;0.38;0.37433895468711853
0.2;0.20052434504032135;0.38;0.3856392204761505;0.26;0.2685468792915344
0.26;0.2758346199989319;0.46;0.44063201546669006;0.42;0.40407460927963257
0.58;0.5732063055038452;0.1;0.11021269112825394;0.3;0.28745320439338684
0.28;0.29249170422554016;0.62;0.636918842792511;0.34;0.3249160051345825
0.36;0.36970123648643494;0.46;0.419580340385437;0.2;0.20692212879657745
0.14;0.14852242171764374;0.32;0.31286120414733887;0.14;0.14733226597309113
0.72;0.7354363203048706;0.18;0.2026544064283371;0.22;0.21694910526275635
0.58;0.5721714496612549;0.1;0.10851111263036728;0.32;0.32555875182151794
0.32;0.3295717239379883;0.22;0.21949796378612518;0.38;0.42882055044174194
0.16;0.15528042614459991;0.64;0.6269367933273315;0.5;0.4688507914543152
0.5;0.46322017908096313;0.1;0.11857634782791138;0.16;0.13699588179588318
0.1;0.09558282792568207;0.82;0.8390501141548157;0.34;0.3450683057308197
0.26;0.2515708804130554;0.22;0.23702472448349;0.5;0.5232316255569458
0.22;0.2160637229681015;0.44;0.4825323224067688;0.26;0.2880949079990387
0.52;0.5059302449226379;0.1;0.10376027971506119;0.2;0.19381193816661835
0.68;0.6476759314537048;0.12;0.14726591110229492;0.28;0.2456168234348297
0.1;0.09346039593219757;0.48;0.46366170048713684;0.46;0.45335158705711365
0.62;0.5973958373069763;0.34;0.38748791813850403;0.42;0.3763887584209442
0.24;0.24664215743541718;0.48;0.47197845578193665;0.5;0.4723650813102722
0.14;0.15445908904075623;0.14;0.1040600836277008;0.48;0.49128562211990356
0.2;0.2037307322025299;0.48;0.47644123435020447;0.48;0.4519643187522888
0.22;0.22740070521831512;0.44;0.45623862743377686;0.44;0.4767478108406067
0.12;0.12356630712747574;0.66;0.6785670518875122;0.16;0.17061397433280945
0.56;0.5611210465431213;0.38;0.34877192974090576;0.44;0.43101581931114197
0.2;0.17472140491008759;0.12;0.1487787961959839;0.34;0.2777590751647949
0.22;0.2245083451271057;0.52;0.5521243810653687;0.12;0.11255858838558197
0.42;0.4253512918949127;0.18;0.18288259208202362;0.36;0.3736976683139801
0.14;0.12935546040534973;0.18;0.17875806987285614;0.42;0.42072924971580505
0.44;0.45796123147010803;0.22;0.23207737505435944;0.42;0.4460015296936035
0.1;0.09379497170448303;0.42;0.40609070658683777;0.34;0.3320698142051697
0.32;0.32612815499305725;0.38;0.36601120233535767;0.38;0.3773769736289978
0.2;0.19604931771755219;0.7;0.7152475714683533;0.34;0.32950177788734436
0.32;0.3147426247596741;0.5;0.47902992367744446;0.14;0.11318286508321762
0.5;0.49993059039115906;0.28;0.26659566164016724;0.26;0.2693903148174286
0.22;0.21822234988212585;0.52;0.5049450993537903;0.2;0.17914924025535583
0.52;0.5078135132789612;0.46;0.4174867868423462;0.42;0.4268665909767151
0.1;0.1044238731265068;0.24;0.22414574027061462;0.32;0.35919347405433655
0.72;0.7215608954429626;0.26;0.23755678534507751;0.48;0.48425430059432983
0.34;0.33724430203437805;0.38;0.38949054479599;0.3;0.3232386112213135
0.24;0.2391940951347351;0.28;0.2795163691043854;0.2;0.19350318610668182
0.18;0.18157750368118286;0.4;0.39673852920532227;0.42;0.4247385859489441
0.72;0.7541570067405701;0.12;0.10145578533411026;0.4;0.45623770356178284
0.6;0.5956256985664368;0.3;0.36756956577301025;0.34;0.3475343585014343
0.2;0.20402118563652039;0.24;0.22999650239944458;0.34;0.3317539095878601
0.1;0.08677129447460175;0.3;0.30914363265037537;0.46;0.47031134366989136
0.48;0.4860452711582184;0.34;0.2979409694671631;0.48;0.49543094635009766
0.46;0.47464320063591003;0.48;0.4285131096839905;0.1;0.09595215320587158
0.18;0.17588530480861664;0.74;0.7351059317588806;0.28;0.26778408885002136
0.66;0.6589156985282898;0.16;0.1690792590379715;0.46;0.4725099503993988
0.44;0.4397314488887787;0.38;0.41238898038864136;0.3;0.2988801896572113
0.3;0.3086998462677002;0.36;0.3440731167793274;0.46;0.4555228650569916
0.18;0.18202334642410278;0.24;0.22535157203674316;0.36;0.3639121651649475
0.18;0.1779109090566635;0.46;0.44510483741760254;0.24;0.23233771324157715
0.36;0.36312225461006165;0.54;0.47352707386016846;0.32;0.2772972583770752
0.12;0.11489273607730865;0.86;0.8310839533805847;0.36;0.37006303668022156
0.64;0.6096450686454773;0.32;0.38372600078582764;0.46;0.4373275637626648
0.32;0.3221254050731659;0.12;0.13396677374839783;0.32;0.2367105782032013
0.52;0.4750020205974579;0.1;0.13593320548534393;0.24;0.18363462388515472
0.36;0.3680489659309387;0.56;0.4954727590084076;0.38;0.37399977445602417
0.16;0.15710528194904327;0.66;0.6654897928237915;0.14;0.14989177882671356
0.42;0.4209970235824585;0.42;0.384575217962265;0.46;0.42792844772338867
0.22;0.21466875076293945;0.22;0.21364423632621765;0.1;0.13989226520061493
0.34;0.347530335187912;0.58;0.5605508089065552;0.32;0.2952040135860443
0.46;0.45338863134384155;0.34;0.3352733552455902;0.36;0.40556392073631287
0.28;0.31880030035972595;0.16;0.1253395676612854;0.14;0.14932885766029358
0.14;0.160714253783226;0.24;0.21626350283622742;0.46;0.4881395399570465
0.4;0.397749125957489;0.3;0.30029040575027466;0.28;0.33542677760124207
0.32;0.3323182761669159;0.66;0.5752857327461243;0.5;0.4132095277309418
0.1;0.10846680402755737;0.22;0.2184070497751236;0.38;0.386168509721756
0.28;0.2860930263996124;0.4;0.45806121826171875;0.12;0.14185594022274017
0.38;0.38529783487319946;0.46;0.43757158517837524;0.26;0.24893060326576233
0.1;0.13241398334503174;0.84;0.797518253326416;0.1;0.12599720060825348
0.74;0.7471910715103149;0.24;0.20108549296855927;0.44;0.45049524307250977
0.2;0.21290980279445648;0.34;0.3332286477088928;0.4;0.4314020574092865
0.24;0.24264036118984222;0.56;0.6077938079833984;0.28;0.28831133246421814
0.36;0.3529806137084961;0.12;0.12958887219429016;0.26;0.23264500498771667
0.58;0.5698690414428711;0.36;0.33976343274116516;0.2;0.20116524398326874
0.22;0.21560202538967133;0.38;0.3742469251155853;0.5;0.48098069429397583
0.36;0.37174803018569946;0.16;0.1351396143436432;0.16;0.15496107935905457
0.1;0.1075596809387207;0.78;0.7654129862785339;0.2;0.18971635401248932
0.66;0.6332715749740601;0.18;0.26436537504196167;0.2;0.1654893159866333
0.32;0.3325853645801544;0.56;0.5529829263687134;0.44;0.41447168588638306
0.48;0.4769229292869568;0.16;0.17120397090911865;0.28;0.2958773672580719
0.2;0.19783081114292145;0.3;0.28699052333831787;0.12;0.12793374061584473
0.78;0.7892494201660156;0.14;0.14941541850566864;0.14;0.18990406394004822
0.3;0.31969648599624634;0.44;0.4111047685146332;0.32;0.3441503643989563
0.28;0.3038133978843689;0.46;0.45430511236190796;0.48;0.4407889246940613
0.18;0.1760043352842331;0.24;0.24489392340183258;0.22;0.22081121802330017
0.2;0.19855231046676636;0.36;0.3578253388404846;0.3;0.27730506658554077
0.4;0.40664219856262207;0.56;0.5361889004707336;0.24;0.2604683041572571
0.12;0.13874641060829163;0.34;0.3381510078907013;0.46;0.4842436909675598
0.14;0.14944636821746826;0.38;0.5287819504737854;0.12;0.12913267314434052
0.36;0.367936909198761;0.36;0.3557813763618469;0.2;0.23051294684410095
0.26;0.27306270599365234;0.5;0.46622198820114136;0.48;0.4462519586086273
0.28;0.28068190813064575;0.52;0.5276470184326172;0.14;0.12715725600719452
0.2;0.19114801287651062;0.18;0.19510619342327118;0.38;0.35251671075820923
0.58;0.5723289251327515;0.36;0.3796451985836029;0.44;0.4387376308441162
0.3;0.29740965366363525;0.12;0.11705110967159271;0.14;0.13780194520950317
0.3;0.29064875841140747;0.38;0.4358115494251251;0.1;0.094277523458004
0.4;0.40332329273223877;0.44;0.49554672837257385;0.32;0.35902753472328186
0.26;0.2872278392314911;0.14;0.1219722107052803;0.24;0.15608245134353638
0.12;0.11228441447019577;0.46;0.4300515651702881;0.22;0.1929691582918167
0.38;0.3867015242576599;0.12;0.11155598610639572;0.36;0.27460455894470215
0.26;0.26833221316337585;0.38;0.36644279956817627;0.48;0.459036260843277
0.2;0.2064930945634842;0.26;0.24262136220932007;0.18;0.20820601284503937
0.24;0.22321797907352448;0.1;0.11312167346477509;0.42;0.34750646352767944
0.56;0.5507806539535522;0.36;0.38903889060020447;0.5;0.48268643021583557
0.24;0.25434038043022156;0.1;0.09192930161952972;0.14;0.15643739700317383
0.36;0.37120521068573;0.56;0.5158103108406067;0.32;0.356313019990921
0.12;0.1181250661611557;0.18;0.20086738467216492;0.46;0.4012640416622162
0.32;0.312671959400177;0.6;0.5591596961021423;0.16;0.15526315569877625
0.28;0.27152660489082336;0.3;0.363250195980072;0.44;0.4837574362754822
0.3;0.30998581647872925;0.58;0.5383003950119019;0.34;0.2959910035133362
0.1;0.09953799843788147;0.12;0.09603070467710495;0.14;0.18393121659755707
0.4;0.40980297327041626;0.42;0.40828943252563477;0.42;0.40872716903686523
0.34;0.35782477259635925;0.2;0.1595952808856964;0.1;0.13884654641151428
0.62;0.6211753487586975;0.24;0.25216737389564514;0.2;0.21158921718597412
0.28;0.29174479842185974;0.44;0.4432900547981262;0.26;0.2892623841762543
0.74;0.7077528834342957;0.1;0.09570249915122986;0.16;0.13579049706459045
0.44;0.44267499446868896;0.44;0.41606956720352173;0.14;0.1456344872713089
0.24;0.24964535236358643;0.6;0.6885204911231995;0.22;0.2488972693681717
0.5;0.48549389839172363;0.14;0.16534379124641418;0.5;0.4648776948451996
0.2;0.19763658940792084;0.78;0.6669672727584839;0.3;0.2730461657047272
0.16;0.15841838717460632;0.78;0.6999767422676086;0.18;0.17927280068397522
0.7;0.7157628536224365;0.1;0.09618223458528519;0.5;0.49886012077331543
0.66;0.6429521441459656;0.22;0.29769831895828247;0.5;0.4588887095451355
0.3;0.2953377664089203;0.6;0.621505618095398;0.14;0.10824763774871826
0.16;0.15198656916618347;0.52;0.5358758568763733;0.18;0.17548653483390808
0.5;0.45586097240448;0.1;0.13319244980812073;0.18;0.1425522118806839
0.28;0.3131525218486786;0.44;0.4168022871017456;0.4;0.3812373876571655
0.28;0.28376883268356323;0.58;0.6036437153816223;0.1;0.09390398859977722
0.5;0.4993310570716858;0.4;0.4621067941188812;0.4;0.4120425283908844
0.62;0.6537224650382996;0.34;0.26923906803131104;0.12;0.11036721616983414
0.36;0.3613373935222626;0.4;0.39914119243621826;0.24;0.26133811473846436
0.56;0.5615881085395813;0.16;0.14717216789722443;0.1;0.1506982147693634
0.5;0.5063115954399109;0.3;0.2894923985004425;0.36;0.37070968747138977
0.56;0.5564674735069275;0.32;0.31432753801345825;0.5;0.4905732572078705
0.2;0.22615015506744385;0.24;0.229834645986557;0.48;0.5105636715888977
0.6;0.566906750202179;0.2;0.24311064183712006;0.12;0.12222293764352798
0.18;0.16942285001277924;0.1;0.13877229392528534;0.22;0.18472525477409363
0.46;0.44803038239479065;0.4;0.38833388686180115;0.3;0.30798235535621643
0.48;0.472059428691864;0.42;0.43541887402534485;0.32;0.3281368017196655
0.32;0.31942135095596313;0.34;0.3488222360610962;0.12;0.11815943568944931
0.14;0.14122293889522552;0.84;0.8077841401100159;0.34;0.34803417325019836
0.5;0.4957759380340576;0.24;0.2479819506406784;0.3;0.3238220810890198
0.24;0.25098350644111633;0.72;0.6812242865562439;0.46;0.4271591603755951
0.86;0.8194099068641663;0.1;0.12998756766319275;0.3;0.22746887803077698
0.36;0.35646507143974304;0.18;0.18537047505378723;0.36;0.36129340529441833
0.68;0.6682019829750061;0.1;0.11342570185661316;0.24;0.2310038059949875
0.2;0.19976533949375153;0.4;0.40223604440689087;0.42;0.4279429316520691
0.88;0.8509625792503357;0.1;0.10923686623573303;0.42;0.27595582604408264
0.26;0.2572445869445801;0.66;0.6552731394767761;0.22;0.19746774435043335
0.12;0.11019424349069595;0.78;0.7391241788864136;0.18;0.17704296112060547
0.1;0.09877220541238785;0.16;0.18079105019569397;0.32;0.30500397086143494
0.14;0.14196904003620148;0.18;0.16287247836589813;0.48;0.5123760104179382
0.34;0.34813883900642395;0.2;0.20904484391212463;0.4;0.43163853883743286
0.46;0.45469120144844055;0.14;0.15593338012695312;0.36;0.3528035581111908
0.42;0.3976176083087921;0.1;0.10575874894857407;0.24;0.2005338966846466
0.66;0.6685636043548584;0.1;0.112556092441082;0.38;0.37201693654060364
0.26;0.27086693048477173;0.16;0.13851496577262878;0.12;0.11981846392154694
0.3;0.2870180904865265;0.3;0.33656397461891174;0.46;0.49055927991867065
0.46;0.46691611409187317;0.48;0.43096935749053955;0.2;0.19679215550422668
0.12;0.11494743078947067;0.1;0.14126835763454437;0.34;0.26210102438926697
0.4;0.40118351578712463;0.46;0.4924866855144501;0.48;0.4609079360961914
0.28;0.28578463196754456;0.14;0.13717591762542725;0.3;0.3171192407608032
0.34;0.4255105257034302;0.62;0.5097805261611938;0.14;0.12735885381698608
0.62;0.5828422904014587;0.1;0.1229715645313263;0.12;0.14815108478069305
0.42;0.42579957842826843;0.5;0.5245930552482605;0.3;0.2844164967536926
0.2;0.20093479752540588;0.66;0.7091571092605591;0.4;0.40629586577415466
0.3;0.3116978108882904;0.66;0.6061303615570068;0.42;0.401069313287735
0.14;0.1523553878068924;0.4;0.38832759857177734;0.24;0.22244325280189514
0.26;0.26613742113113403;0.58;0.6173145771026611;0.26;0.25750932097435
0.76;0.7454600930213928;0.2;0.19129584729671478;0.14;0.14880143105983734
0.32;0.3296586573123932;0.42;0.41393834352493286;0.48;0.4651303291320801
0.4;0.40303024649620056;0.4;0.3981251120567322;0.38;0.3831338882446289
0.18;0.16011327505111694;0.32;0.330320805311203;0.16;0.18253760039806366
0.52;0.5444326400756836;0.16;0.12856782972812653;0.12;0.16942578554153442
0.7;0.7066826820373535;0.14;0.14146791398525238;0.18;0.18032531440258026
0.64;0.6324000358581543;0.26;0.2882120907306671;0.2;0.16805028915405273
0.48;0.4755094051361084;0.14;0.14999842643737793;0.48;0.4748011529445648
0.34;0.36305558681488037;0.4;0.3716000020503998;0.14;0.15325836837291718
0.72;0.7367953658103943;0.12;0.1135328933596611;0.46;0.48253703117370605
0.38;0.3798391819000244;0.12;0.12095824629068375;0.26;0.18906016647815704
0.72;0.6793306469917297;0.14;0.21023006737232208;0.22;0.1307600736618042
0.56;0.5620049834251404;0.32;0.3224042057991028;0.24;0.24994111061096191
0.48;0.4738072454929352;0.18;0.1901705265045166;0.2;0.18633762001991272
0.68;0.6931577920913696;0.3;0.23850242793560028;0.22;0.23349201679229736
0.46;0.44037237763404846;0.1;0.09570465981960297;0.2;0.18374112248420715
0.32;0.3351845145225525;0.48;0.43384024500846863;0.38;0.3788136839866638
0.3;0.298168808221817;0.16;0.1644303947687149;0.42;0.4306294322013855
0.6;0.5808670520782471;0.18;0.2000272274017334;0.48;0.4962238371372223
0.18;0.18049456179141998;0.32;0.3117806017398834;0.26;0.27451369166374207
0.22;0.23633743822574615;0.22;0.19376839697360992;0.28;0.30250513553619385
0.56;0.5694185495376587;0.12;0.1231708824634552;0.34;0.3508419096469879
0.24;0.24867606163024902;0.5;0.5106539726257324;0.1;0.1026168242096901
0.88;0.8226860165596008;0.1;0.13959158957004547;0.38;0.2844950556755066
0.28;0.27861300110816956;0.62;0.5561320781707764;0.26;0.20806455612182617
0.7;0.7073732614517212;0.22;0.24425452947616577;0.42;0.43025174736976624
0.56;0.545962393283844;0.22;0.2915787398815155;0.26;0.2549588084220886
0.1;0.08853977173566818;0.2;0.1956942081451416;0.5;0.5096058249473572
0.2;0.1955060362815857;0.44;0.4406535029411316;0.26;0.258506715297699
0.68;0.6776827573776245;0.3;0.2864411771297455;0.48;0.46399420499801636
0.14;0.13895119726657867;0.84;0.7529280781745911;0.26;0.27134910225868225
0.16;0.1568954885005951;0.38;0.4013095498085022;0.24;0.23734550178050995
0.1;0.10487902164459229;0.54;0.5345390439033508;0.34;0.34004712104797363
0.8;0.81495600938797;0.16;0.14036999642848969;0.26;0.2615908682346344
0.32;0.3097342848777771;0.66;0.5642422437667847;0.28;0.22465424239635468
0.48;0.485476553440094;0.46;0.4259410798549652;0.44;0.44070935249328613
0.4;0.3986782133579254;0.38;0.38949525356292725;0.44;0.47728532552719116
0.32;0.3275414705276489;0.14;0.12984980642795563;0.24;0.3267309069633484
0.6;0.6073982119560242;0.12;0.10956452041864395;0.36;0.3666330873966217
0.62;0.5921051502227783;0.32;0.37881210446357727;0.36;0.3277333378791809
0.24;0.24723054468631744;0.56;0.578239917755127;0.48;0.49460774660110474
0.46;0.4615810215473175;0.26;0.3075821101665497;0.14;0.1431974321603775
0.38;0.3931107521057129;0.2;0.19764328002929688;0.38;0.3899628520011902
0.38;0.38677361607551575;0.48;0.4571312665939331;0.46;0.3990810513496399
0.24;0.2508779764175415;0.32;0.3177981972694397;0.2;0.21810682117938995
0.32;0.33576542139053345;0.42;0.450192391872406;0.28;0.3465712368488312
0.5;0.4871402382850647;0.2;0.21283681690692902;0.26;0.25765857100486755
0.14;0.1408282071352005;0.7;0.7632114887237549;0.3;0.3090915381908417
0.52;0.5163489580154419;0.12;0.12180658429861069;0.2;0.18470171093940735
0.24;0.2519932687282562;0.32;0.30941274762153625;0.14;0.15245908498764038
0.76;0.7544063329696655;0.2;0.1933121383190155;0.26;0.21270260214805603
0.76;0.7610164880752563;0.2;0.18206249177455902;0.46;0.4607906937599182
0.4;0.41421282291412354;0.42;0.37623730301856995;0.1;0.10310463607311249
0.1;0.18028903007507324;0.86;0.6621161103248596;0.1;0.12202098220586777
0.2;0.20898960530757904;0.36;0.5013076066970825;0.12;0.15135478973388672
0.2;0.20081625878810883;0.34;0.3362153172492981;0.3;0.3190249800682068
0.16;0.17752432823181152;0.28;0.25411897897720337;0.3;0.3362888693809509
0.22;0.22714777290821075;0.34;0.33770111203193665;0.22;0.24418029189109802
0.2;0.21199627220630646;0.26;0.2559928297996521;0.36;0.3669113218784332
0.52;0.5149612426757812;0.24;0.2331291288137436;0.22;0.22951741516590118
0.58;0.5661518573760986;0.26;0.29201942682266235;0.18;0.1890968531370163
0.14;0.15205919742584229;0.34;0.32147514820098877;0.42;0.4443050026893616
0.54;0.5400464534759521;0.24;0.22271530330181122;0.32;0.3230486512184143
0.4;0.4103834629058838;0.48;0.4588756263256073;0.24;0.2350340336561203
0.28;0.2825389504432678;0.66;0.617136538028717;0.26;0.25278228521347046
0.36;0.3653647005558014;0.48;0.43399521708488464;0.24;0.21542465686798096
0.8;0.8064221143722534;0.18;0.15130122005939484;0.36;0.38028684258461
0.6;0.5875741839408875;0.26;0.3091146945953369;0.3;0.2911396026611328
0.1;0.11045325547456741;0.26;0.2482520192861557;0.14;0.14971904456615448
0.74;0.7688915133476257;0.24;0.17374196648597717;0.22;0.2324693202972412
0.6;0.6025758981704712;0.28;0.2959774434566498;0.48;0.4845310151576996
0.3;0.31168100237846375;0.28;0.2825426459312439;0.24;0.2645013928413391
0.36;0.3556457757949829;0.34;0.34755104780197144;0.28;0.3279634416103363
0.56;0.5644116997718811;0.42;0.3322441875934601;0.22;0.23540112376213074
0.36;0.3721621632575989;0.2;0.19751259684562683;0.42;0.44705730676651
0.42;0.4241649806499481;0.14;0.1411767452955246;0.48;0.501194417476654
0.44;0.45099928975105286;0.46;0.4508577287197113;0.2;0.22208158671855927
0.28;0.2740218937397003;0.24;0.2814517915248871;0.46;0.4906705319881439
0.28;0.29395467042922974;0.66;0.6276067495346069;0.28;0.27044278383255005
0.12;0.12477048486471176;0.48;0.4571702480316162;0.44;0.43994927406311035
0.32;0.3386724591255188;0.56;0.5411239266395569;0.26;0.25427573919296265
0.24;0.2507164478302002;0.46;0.43896642327308655;0.42;0.4124411940574646
0.12;0.11616265773773193;0.62;0.6419653296470642;0.46;0.45146307349205017
0.58;0.5908840298652649;0.14;0.12498575448989868;0.12;0.17166748642921448
0.7;0.7075903415679932;0.28;0.2354276329278946;0.34;0.38697633147239685
0.64;0.6075757145881653;0.18;0.3092961609363556;0.24;0.20049619674682617
0.5;0.5160006284713745;0.36;0.31292927265167236;0.3;0.3107273280620575
0.68;0.6991115212440491;0.18;0.24714893102645874;0.16;0.15151074528694153
0.1;0.10163932293653488;0.66;0.6849585175514221;0.32;0.3316907286643982
0.58;0.5847771763801575;0.14;0.1357000768184662;0.24;0.2588033080101013
0.1;0.0948275476694107;0.64;0.6470852494239807;0.3;0.2844134271144867
0.46;0.4919356405735016;0.22;0.21694955229759216;0.42;0.4499470293521881
0.4;0.4047350585460663;0.28;0.3297186493873596;0.12;0.16828139126300812
0.44;0.43582436442375183;0.32;0.3096829950809479;0.26;0.294075071811676
0.62;0.6353160738945007;0.18;0.1828133761882782;0.28;0.23497644066810608
0.16;0.1570659577846527;0.4;0.44739729166030884;0.12;0.12346211820840836
0.26;0.2542107105255127;0.26;0.2978809177875519;0.46;0.4874495565891266
0.3;0.3059535026550293;0.3;0.3140038847923279;0.26;0.28341126441955566
0.16;0.14893725514411926;0.4;0.399005651473999;0.16;0.15096446871757507
0.36;0.3592362105846405;0.46;0.47590309381484985;0.46;0.435739129781723
0.42;0.4277730882167816;0.32;0.314348965883255;0.4;0.40896663069725037
0.3;0.3061201572418213;0.1;0.07774654030799866;0.24;0.2229786366224289
0.5;0.5108636617660522;0.3;0.2772252559661865;0.48;0.4591459333896637
0.62;0.6141526103019714;0.36;0.30798137187957764;0.28;0.26815885305404663
0.18;0.19275318086147308;0.7;0.7055273652076721;0.12;0.12070677429437637
0.22;0.23526135087013245;0.74;0.7147959470748901;0.16;0.15321333706378937
0.42;0.42962774634361267;0.56;0.5507853627204895;0.32;0.35986408591270447
0.6;0.6084383130073547;0.12;0.09345240145921707;0.5;0.4663345217704773
0.16;0.14297109842300415;0.38;0.39757412672042847;0.5;0.4932430684566498
0.46;0.4703334867954254;0.52;0.3986678123474121;0.16;0.1748431921005249
0.2;0.21188168227672577;0.28;0.2714082598686218;0.38;0.3946537375450134
0.22;0.2320326268672943;0.28;0.2755115330219269;0.26;0.27031630277633667
0.64;0.6006131172180176;0.12;0.14263516664505005;0.1;0.12925896048545837
0.48;0.4930379390716553;0.18;0.17650365829467773;0.46;0.46484726667404175
0.54;0.5282880067825317;0.4;0.41130533814430237;0.36;0.3538019359111786
0.74;0.7601549029350281;0.18;0.1795201301574707;0.18;0.19113770127296448
0.28;0.2872685194015503;0.5;0.5078040361404419;0.24;0.22833958268165588
0.48;0.48162031173706055;0.46;0.430024117231369;0.16;0.16944466531276703
0.32;0.35260602831840515;0.3;0.29803863167762756;0.28;0.3278195858001709
0.26;0.263666570186615;0.58;0.6043863296508789;0.36;0.3854086995124817
0.46;0.4524732232093811;0.36;0.39787355065345764;0.22;0.19442647695541382
0.12;0.1258433759212494;0.72;0.7275633215904236;0.42;0.4117255210876465
0.14;0.13375282287597656;0.76;0.7706010937690735;0.1;0.08798776566982269
0.3;0.267264187335968;0.32;0.36827683448791504;0.34;0.37878450751304626
0.5;0.48188501596450806;0.26;0.36879903078079224;0.12;0.12825660407543182
0.1;0.10720337182283401;0.66;0.6075517535209656;0.18;0.17094317078590393
0.68;0.6732677221298218;0.24;0.24890971183776855;0.26;0.23857860267162323
0.14;0.12981052696704865;0.58;0.5631486177444458;0.5;0.45826250314712524
0.5;0.5093032121658325;0.28;0.25977200269699097;0.36;0.3823477625846863
0.36;0.36695364117622375;0.36;0.34916961193084717;0.46;0.4412214159965515
0.38;0.4077529311180115;0.26;0.26848435401916504;0.5;0.5153250098228455
0.64;0.6481292843818665;0.22;0.24143269658088684;0.2;0.1808694303035736
0.14;0.12099108099937439;0.1;0.1657884418964386;0.26;0.19317996501922607
0.1;0.11840513348579407;0.34;0.33872807025909424;0.24;0.2484106570482254
0.8;0.8021751046180725;0.14;0.14265717566013336;0.12;0.17137077450752258
0.1;0.10205704718828201;0.24;0.24098418653011322;0.36;0.36588844656944275
0.22;0.20989453792572021;0.12;0.1429585963487625;0.44;0.34396499395370483
0.3;0.3115803897380829;0.4;0.37556108832359314;0.22;0.18986600637435913
0.3;0.296453595161438;0.46;0.46352827548980713;0.18;0.1587877720594406
0.34;0.3522762656211853;0.1;0.10166678577661514;0.3;0.2727351784706116
0.3;0.3137410581111908;0.12;0.09744777530431747;0.12;0.18173451721668243
0.44;0.4286355972290039;0.32;0.33418959379196167;0.44;0.4616466462612152
0.18;0.16924771666526794;0.3;0.2955833375453949;0.14;0.14612706005573273
0.18;0.17217405140399933;0.12;0.13978517055511475;0.5;0.4147930145263672
0.54;0.5348985195159912;0.14;0.13239485025405884;0.14;0.1467001736164093
0.56;0.5615233778953552;0.28;0.24136434495449066;0.18;0.1547258049249649
0.28;0.2903265058994293;0.7;0.6100186109542847;0.22;0.20622262358665466
0.44;0.43866273760795593;0.38;0.34149065613746643;0.46;0.4917580187320709
0.68;0.6773024797439575;0.14;0.12395697832107544;0.12;0.12349889427423477
0.34;0.3403290808200836;0.46;0.4992401599884033;0.4;0.42145079374313354
0.54;0.5432021021842957;0.34;0.35580509901046753;0.4;0.40620821714401245
0.12;0.12003477662801743;0.5;0.4776141941547394;0.18;0.16053429245948792
0.4;0.4006069600582123;0.48;0.5215365886688232;0.42;0.41034454107284546
0.16;0.16620366275310516;0.52;0.5122498869895935;0.46;0.4435822367668152
0.22;0.21478113532066345;0.18;0.18107536435127258;0.26;0.26463523507118225
0.6;0.5980868935585022;0.24;0.24973033368587494;0.36;0.3571675717830658
0.18;0.1938682496547699;0.48;0.49131086468696594;0.1;0.09855200350284576
0.22;0.2299274057149887;0.72;0.7257576584815979;0.5;0.4788743853569031
0.36;0.3696337044239044;0.6;0.5513977408409119;0.5;0.4489213526248932
0.52;0.510871171951294;0.36;0.39444416761398315;0.38;0.3852975368499756
0.48;0.45738649368286133;0.12;0.1261925846338272;0.12;0.140812948346138
0.38;0.39407309889793396;0.3;0.27684032917022705;0.16;0.16783112287521362
0.24;0.2532232403755188;0.52;0.5342425107955933;0.26;0.26188236474990845
0.46;0.46353843808174133;0.26;0.25372448563575745;0.36;0.3853945732116699
0.16;0.1563565731048584;0.56;0.5683465600013733;0.42;0.43004435300827026
0.14;0.13501125574111938;0.76;0.7225829362869263;0.24;0.22639890015125275
0.46;0.45725613832473755;0.12;0.12356099486351013;0.28;0.2182212769985199
0.74;0.7366603016853333;0.14;0.20913907885551453;0.5;0.44015732407569885
0.14;0.1538471132516861;0.82;0.7711272835731506;0.1;0.09847524762153625
0.44;0.4428640305995941;0.38;0.3930129408836365;0.14;0.14660297334194183
0.38;0.383608877658844;0.52;0.4781072437763214;0.18;0.18105807900428772
0.28;0.2863037884235382;0.54;0.540978729724884;0.24;0.2431603968143463
0.24;0.24208280444145203;0.66;0.6869170069694519;0.36;0.3455334007740021
0.5;0.46580639481544495;0.1;0.12258056551218033;0.14;0.13815248012542725
0.16;0.15126818418502808;0.56;0.5640256404876709;0.46;0.4469526410102844
0.5;0.5022425651550293;0.38;0.396130234003067;0.5;0.4804600179195404
0.4;0.39953887462615967;0.36;0.3671700656414032;0.18;0.17444920539855957
0.74;0.7433072924613953;0.16;0.20644426345825195;0.46;0.45861902832984924
0.1;0.10295610874891281;0.72;0.7167506217956543;0.38;0.36890754103660583
0.68;0.6770934462547302;0.22;0.2580012083053589;0.3;0.2926209568977356
0.14;0.14424677193164825;0.28;0.28440433740615845;0.2;0.21230509877204895
0.3;0.33603376150131226;0.14;0.125237375497818;0.22;0.1931566745042801
0.46;0.45103034377098083;0.22;0.2313208132982254;0.14;0.14437787234783173
0.28;0.2752910852432251;0.6;0.6025999784469604;0.14;0.12969206273555756
0.26;0.24140168726444244;0.1;0.10398830473423004;0.48;0.48082345724105835
0.16;0.15819589793682098;0.6;0.6296486258506775;0.16;0.17553408443927765
0.28;0.27829617261886597;0.32;0.37532252073287964;0.38;0.42579907178878784
0.58;0.5752885341644287;0.2;0.23053710162639618;0.32;0.3121480345726013
0.66;0.6719233989715576;0.16;0.14510931074619293;0.12;0.1306958645582199
0.28;0.2987173795700073;0.36;0.35662510991096497;0.44;0.43315252661705017
0.5;0.46146121621131897;0.1;0.12619328498840332;0.26;0.17654083669185638
0.76;0.7763894200325012;0.2;0.16503122448921204;0.24;0.2304515838623047
0.32;0.3318292796611786;0.42;0.4862918257713318;0.1;0.12705443799495697
0.46;0.46272262930870056;0.28;0.2789214253425598;0.44;0.4586302638053894
0.58;0.572390615940094;0.18;0.18769875168800354;0.22;0.1859349012374878
0.5;0.47721725702285767;0.26;0.30230191349983215;0.1;0.11740195751190186
0.22;0.21151335537433624;0.36;0.4087439477443695;0.16;0.18215343356132507
0.64;0.6191856861114502;0.24;0.2874954640865326;0.2;0.1736251413822174
0.28;0.28867101669311523;0.66;0.6355489492416382;0.32;0.32303929328918457
0.24;0.20790106058120728;0.14;0.15675826370716095;0.22;0.15621788799762726
0.12;0.10929445177316666;0.84;0.8401713967323303;0.48;0.45996084809303284
0.14;0.15427343547344208;0.38;0.37169232964515686;0.2;0.18480053544044495
0.34;0.34322434663772583;0.54;0.5384844541549683;0.42;0.40476590394973755
0.86;0.8341221809387207;0.12;0.11617252230644226;0.18;0.20664338767528534
0.52;0.5259918570518494;0.22;0.21706253290176392;0.32;0.36502477526664734
0.62;0.6035740375518799;0.14;0.14079971611499786;0.1;0.13674186170101166
0.24;0.2578014135360718;0.64;0.6824227571487427;0.44;0.4407764971256256
0.22;0.22414590418338776;0.16;0.1659114509820938;0.3;0.26157283782958984
0.26;0.26474544405937195;0.34;0.31118884682655334;0.42;0.39747342467308044
0.42;0.35601872205734253;0.1;0.14108730852603912;0.1;0.11154256016016006
0.4;0.3985612988471985;0.36;0.38639795780181885;0.24;0.270392507314682
0.62;0.6224257349967957;0.28;0.26823189854621887;0.26;0.26906388998031616
0.3;0.3024793565273285;0.2;0.18285170197486877;0.22;0.24675270915031433
0.2;0.20920047163963318;0.48;0.5048537254333496;0.16;0.17415621876716614
0.24;0.24731923639774323;0.6;0.5844035744667053;0.1;0.08953553438186646
0.24;0.2453424483537674;0.26;0.2570253908634186;0.4;0.4294562339782715
0.22;0.22493568062782288;0.26;0.25723323225975037;0.34;0.3662872910499573
0.48;0.48067963123321533;0.44;0.4403160810470581;0.48;0.47461098432540894
0.14;0.1401914805173874;0.6;0.629161536693573;0.16;0.168511301279068
0.18;0.18351393938064575;0.42;0.39936721324920654;0.22;0.20693781971931458
0.8;0.8316274881362915;0.16;0.13055813312530518;0.14;0.22567930817604065
0.26;0.2810920774936676;0.14;0.10200915485620499;0.14;0.18518488109111786
0.26;0.2649419605731964;0.54;0.5791043639183044;0.32;0.3142923414707184
0.54;0.534949004650116;0.26;0.3097922205924988;0.12;0.11377210915088654
0.26;0.2665785253047943;0.66;0.6171911954879761;0.18;0.16263185441493988
0.36;0.36158961057662964;0.48;0.4818509817123413;0.46;0.4452815055847168
0.24;0.2496505081653595;0.26;0.22644634544849396;0.14;0.19503280520439148
0.26;0.2886672914028168;0.2;0.1718050241470337;0.14;0.15058235824108124
0.5;0.49416518211364746;0.4;0.38488519191741943;0.12;0.1454317271709442
0.54;0.5408106446266174;0.32;0.34941715002059937;0.24;0.24197320640087128
0.52;0.5276726484298706;0.18;0.1616774946451187;0.14;0.16685402393341064
0.24;0.24418297410011292;0.68;0.6729896068572998;0.48;0.41822901368141174
0.6;0.5943481922149658;0.3;0.3609047532081604;0.32;0.2876113951206207
0.16;0.13866634666919708;0.12;0.14927047491073608;0.14;0.1654532253742218
0.16;0.1640796959400177;0.7;0.6960722208023071;0.3;0.30580756068229675
0.1;0.12118911743164062;0.3;0.2857357859611511;0.12;0.13487407565116882
0.78;0.7873241305351257;0.2;0.15055856108665466;0.1;0.1330249011516571
0.26;0.2514670789241791;0.22;0.21855948865413666;0.2;0.1986372023820877
0.14;0.1433936059474945;0.48;0.4566165506839752;0.12;0.11947377771139145
0.36;0.3669448792934418;0.1;0.10321833193302155;0.3;0.25350409746170044
0.36;0.37052279710769653;0.28;0.254727303981781;0.1;0.1182871088385582
0.3;0.3047298192977905;0.22;0.1984328031539917;0.14;0.1458653062582016
0.54;0.537391722202301;0.28;0.3392506539821625;0.34;0.3478549122810364
0.24;0.24585948884487152;0.74;0.6648085117340088;0.18;0.17337438464164734
0.34;0.3378988802433014;0.5;0.4929785132408142;0.2;0.17966902256011963
0.56;0.5654527544975281;0.4;0.40719395875930786;0.32;0.31884095072746277
0.84;0.828917920589447;0.12;0.12847958505153656;0.14;0.2404535710811615
0.74;0.7867471575737;0.14;0.15732282400131226;0.14;0.1983426809310913
0.4;0.41466665267944336;0.24;0.23996704816818237;0.34;0.365922749042511
0.24;0.24711361527442932;0.5;0.48436203598976135;0.28;0.2775717079639435
0.62;0.6307750344276428;0.18;0.16765104234218597;0.36;0.37628787755966187
0.34;0.34343421459198;0.38;0.3959217369556427;0.1;0.10076715052127838
0.3;0.27171647548675537;0.32;0.35962846875190735;0.32;0.3538171350955963
0.3;0.3072388172149658;0.68;0.6629688739776611;0.3;0.30541762709617615
0.22;0.21398808062076569;0.46;0.4789380431175232;0.28;0.2843131422996521
0.52;0.5107241272926331;0.12;0.12443949282169342;0.42;0.40913423895835876
0.28;0.2727866768836975;0.24;0.27425387501716614;0.42;0.4401506781578064
0.3;0.2961992025375366;0.1;0.1163262277841568;0.48;0.42367982864379883
0.28;0.2824232578277588;0.56;0.5139711499214172;0.14;0.11632408201694489
0.24;0.24045118689537048;0.44;0.46251535415649414;0.28;0.2841159701347351
0.26;0.27031224966049194;0.34;0.3276204764842987;0.38;0.4074288308620453
0.32;0.34111344814300537;0.5;0.471111923456192;0.36;0.35113900899887085
0.74;0.7819023728370667;0.22;0.15560416877269745;0.14;0.1900511384010315
0.5;0.5212846994400024;0.34;0.2954616844654083;0.28;0.292493999004364
0.24;0.2089684009552002;0.12;0.12495841830968857;0.16;0.24705925583839417
0.38;0.38410112261772156;0.2;0.20483428239822388;0.3;0.29884228110313416
0.3;0.29716289043426514;0.16;0.15554285049438477;0.38;0.401358425617218
0.16;0.1679261326789856;0.12;0.12966659665107727;0.34;0.3224451541900635
0.52;0.5065265893936157;0.42;0.42393359541893005;0.48;0.45271316170692444
0.46;0.4472392797470093;0.1;0.10730013251304626;0.46;0.45708927512168884
0.22;0.23386725783348083;0.28;0.2749054431915283;0.44;0.4688233435153961
0.38;0.3766045868396759;0.6;0.5258474349975586;0.48;0.48554736375808716
0.14;0.13188685476779938;0.16;0.16499006748199463;0.26;0.2911907732486725
0.54;0.5379961729049683;0.22;0.20591653883457184;0.36;0.385204017162323
0.2;0.2009081095457077;0.4;0.40575188398361206;0.4;0.4215700626373291
0.16;0.14429020881652832;0.12;0.13749031722545624;0.5;0.4227943420410156
0.6;0.584109365940094;0.16;0.18285559117794037;0.48;0.4706823229789734
0.1;0.11226872354745865;0.12;0.14847634732723236;0.46;0.4998242259025574
0.12;0.14213307201862335;0.76;0.6669108867645264;0.1;0.10153327882289886
0.2;0.20618699491024017;0.32;0.307790070772171;0.24;0.25677919387817383
0.1;0.10672004520893097;0.68;0.6273143291473389;0.14;0.13610553741455078
0.1;0.10190830379724503;0.82;0.7527662515640259;0.14;0.1451423615217209
0.26;0.2711665630340576;0.7;0.6472396850585938;0.48;0.4190213680267334
0.4;0.3801988363265991;0.3;0.3044286370277405;0.24;0.24707885086536407
0.86;0.8381461501121521;0.1;0.10468398034572601;0.18;0.18173910677433014
0.42;0.4473320245742798;0.22;0.23411621153354645;0.44;0.4540487825870514
0.44;0.43931007385253906;0.44;0.43879035115242004;0.42;0.40392741560935974
0.28;0.29394006729125977;0.64;0.6429545283317566;0.44;0.4279511570930481
0.5;0.48537692427635193;0.34;0.36946213245391846;0.12;0.1393430531024933
0.3;0.29081210494041443;0.26;0.24817486107349396;0.16;0.1850699484348297
0.44;0.44456833600997925;0.48;0.4812467396259308;0.28;0.3053668141365051
0.62;0.6325418949127197;0.18;0.17933587729930878;0.1;0.10375666618347168
0.12;0.13288603723049164;0.34;0.3330835998058319;0.36;0.37876591086387634
0.74;0.7350877523422241;0.22;0.21057964861392975;0.5;0.5051881670951843
0.5;0.49567925930023193;0.46;0.45825687050819397;0.26;0.26453718543052673
0.5;0.5023224353790283;0.48;0.42936012148857117;0.2;0.18214616179466248
0.48;0.49133989214897156;0.42;0.42831405997276306;0.48;0.46899908781051636
0.18;0.17661075294017792;0.28;0.2977207601070404;0.4;0.4017865061759949
0.36;0.36623549461364746;0.3;0.3117130696773529;0.36;0.38860073685646057
0.32;0.30571943521499634;0.6;0.5328336358070374;0.14;0.1068994402885437
0.18;0.17728684842586517;0.7;0.6799312233924866;0.22;0.2171722948551178
0.78;0.8078824281692505;0.12;0.14182081818580627;0.18;0.20965862274169922
0.46;0.40449386835098267;0.1;0.1372814178466797;0.14;0.12430448830127716
0.56;0.5775820016860962;0.36;0.3375902771949768;0.1;0.10283003747463226
0.5;0.5034966468811035;0.26;0.25227394700050354;0.36;0.39239320158958435
0.7;0.7094414830207825;0.28;0.25409185886383057;0.4;0.428102970123291
0.2;0.19156651198863983;0.46;0.46134790778160095;0.3;0.29575467109680176
0.24;0.24620892107486725;0.6;0.5895451307296753;0.48;0.4278934895992279
0.26;0.27548500895500183;0.34;0.34184491634368896;0.4;0.45077770948410034
0.18;0.1849791258573532;0.36;0.3461112082004547;0.18;0.1907561719417572
0.3;0.31238308548927307;0.24;0.25337347388267517;0.4;0.43526649475097656
0.36;0.3630640506744385;0.46;0.5257288813591003;0.18;0.21323928236961365
0.38;0.39537540078163147;0.54;0.4788789749145508;0.1;0.12016411125659943
0.7;0.6942275762557983;0.28;0.21417149901390076;0.26;0.2435406744480133
0.76;0.7655479311943054;0.22;0.18699896335601807;0.38;0.4274113178253174
0.18;0.18668921291828156;0.38;0.3847164213657379;0.36;0.37555935978889465
0.28;0.2657140791416168;0.32;0.37413841485977173;0.44;0.4367191791534424
0.6;0.5786371827125549;0.32;0.33319929242134094;0.26;0.2320442646741867
0.72;0.6983367800712585;0.12;0.12969133257865906;0.36;0.364389568567276
0.32;0.33761799335479736;0.38;0.3458666205406189;0.28;0.2682983875274658
0.1;0.1200714185833931;0.52;0.5049688816070557;0.12;0.11390934884548187
0.56;0.5475745797157288;0.1;0.10749442130327225;0.36;0.32173821330070496
0.16;0.15421119332313538;0.42;0.40365520119667053;0.18;0.16383524239063263
0.74;0.7553346753120422;0.2;0.17946556210517883;0.38;0.3941992223262787
0.16;0.15658479928970337;0.4;0.41633114218711853;0.34;0.34557679295539856
0.32;0.3391406536102295;0.56;0.5651962161064148;0.38;0.3466291129589081
0.1;0.12112616747617722;0.14;0.15178270637989044;0.24;0.19860811531543732
0.26;0.2673109471797943;0.54;0.4961182773113251;0.5;0.4333321452140808
0.42;0.44319775700569153;0.18;0.18751052021980286;0.48;0.47855082154273987
0.22;0.22690647840499878;0.56;0.5413862466812134;0.48;0.46953845024108887
0.62;0.5897960662841797;0.22;0.29617926478385925;0.18;0.1549123078584671
0.1;0.10637277364730835;0.82;0.7900283336639404;0.24;0.25551941990852356
0.6;0.6029284000396729;0.1;0.10399764776229858;0.32;0.3213370740413666
0.68;0.696150541305542;0.2;0.2459547072649002;0.16;0.17327281832695007
0.52;0.5084812045097351;0.4;0.40003129839897156;0.5;0.4711988866329193
0.46;0.4597916305065155;0.4;0.3909509778022766;0.46;0.46020278334617615
0.4;0.41030317544937134;0.36;0.3613486588001251;0.34;0.35801076889038086
0.16;0.15382622182369232;0.44;0.4436856806278229;0.46;0.4650108218193054
0.2;0.19843171536922455;0.7;0.6507464051246643;0.18;0.15227952599525452
0.64;0.6291431784629822;0.26;0.2967030704021454;0.22;0.1940421611070633
0.16;0.16320079565048218;0.68;0.6653171181678772;0.26;0.26467806100845337
0.38;0.38212850689888;0.58;0.5169550180435181;0.46;0.4258543848991394
0.18;0.18171919882297516;0.52;0.5038145184516907;0.46;0.4138849675655365
0.62;0.6152054667472839;0.3;0.3286433219909668;0.48;0.4733618199825287
0.36;0.36753329634666443;0.28;0.27907073497772217;0.28;0.308010995388031
0.26;0.26247963309288025;0.7;0.6066697239875793;0.18;0.15314102172851562
0.46;0.47221049666404724;0.14;0.13778649270534515;0.3;0.35332879424095154
0.36;0.3622612953186035;0.44;0.4090346395969391;0.3;0.2840370535850525
0.2;0.20880521833896637;0.18;0.1711435616016388;0.22;0.19902458786964417
0.68;0.6803991198539734;0.24;0.25419068336486816;0.44;0.44063639640808105
0.26;0.2573951482772827;0.3;0.3241315186023712;0.36;0.38215669989585876
0.62;0.62360680103302;0.12;0.11035477370023727;0.22;0.21507275104522705
0.64;0.6339409947395325;0.18;0.2159087061882019;0.3;0.2706363797187805
0.16;0.155467227101326;0.7;0.6979471445083618;0.42;0.41449660062789917
0.1;0.09315208345651627;0.44;0.44479846954345703;0.32;0.3210574686527252
0.16;0.16330629587173462;0.2;0.2061433643102646;0.4;0.40683650970458984
0.68;0.6755523681640625;0.14;0.13003624975681305;0.1;0.1086847186088562
0.34;0.35490092635154724;0.58;0.5341045260429382;0.16;0.16225378215312958
0.38;0.37290170788764954;0.1;0.08948100358247757;0.48;0.5005050301551819
0.14;0.14864858984947205;0.3;0.2990250289440155;0.48;0.5028842687606812
0.42;0.4184483289718628;0.34;0.34791895747184753;0.44;0.4664990305900574
0.68;0.6990740299224854;0.26;0.2387903481721878;0.12;0.11972208321094513
0.14;0.13621050119400024;0.18;0.17547392845153809;0.14;0.23204679787158966
0.18;0.16760793328285217;0.1;0.1318797469139099;0.48;0.37434855103492737
0.32;0.3196642994880676;0.64;0.5243870615959167;0.14;0.12099182605743408
0.72;0.7295006513595581;0.24;0.23140405118465424;0.46;0.4594014585018158
0.82;0.8164210915565491;0.12;0.1345374882221222;0.28;0.26916640996932983
0.22;0.22212658822536469;0.22;0.22086600959300995;0.38;0.3770895302295685
0.32;0.34057900309562683;0.62;0.621033251285553;0.16;0.14415442943572998
0.18;0.17863160371780396;0.5;0.5029395818710327;0.44;0.43086713552474976
0.14;0.16195489466190338;0.2;0.18482498824596405;0.48;0.4719778895378113
0.46;0.45314785838127136;0.26;0.2704220414161682;0.26;0.2559826374053955
0.16;0.16359832882881165;0.26;0.264669805765152;0.2;0.18439504504203796
0.38;0.38596218824386597;0.58;0.49927178025245667;0.48;0.436310350894928
0.26;0.27598002552986145;0.46;0.5499681234359741;0.1;0.11683259904384613
0.18;0.1760600507259369;0.58;0.5567628741264343;0.22;0.19695505499839783
0.42;0.42323294281959534;0.14;0.14145880937576294;0.26;0.2434409111738205
0.18;0.17971524596214294;0.7;0.7127397060394287;0.48;0.43758273124694824
0.2;0.20737649500370026;0.24;0.23833012580871582;0.4;0.4035354554653168
0.42;0.4197078347206116;0.4;0.42053675651550293;0.26;0.27231377363204956
0.32;0.3165424168109894;0.14;0.1497153490781784;0.38;0.3655303418636322
0.5;0.49205154180526733;0.14;0.15543006360530853;0.46;0.43737897276878357
0.56;0.5557317733764648;0.12;0.1249636858701706;0.32;0.33061420917510986
0.12;0.13725949823856354;0.26;0.23602013289928436;0.4;0.4212621748447418
0.36;0.3782539963722229;0.36;0.34274986386299133;0.16;0.17586782574653625
0.76;0.7421275973320007;0.1;0.1209360882639885;0.2;0.22419755160808563
0.58;0.5834216475486755;0.12;0.10713312029838562;0.12;0.17034856975078583
0.74;0.7331535220146179;0.16;0.20600612461566925;0.28;0.24042686820030212
0.18;0.1691368967294693;0.8;0.6963357329368591;0.22;0.19214338064193726
0.6;0.6155589818954468;0.16;0.1494140923023224;0.32;0.34309473633766174
0.46;0.48858603835105896;0.2;0.22396114468574524;0.5;0.5387077331542969
0.24;0.2393445074558258;0.68;0.667612612247467;0.22;0.2183113992214203
0.24;0.25646379590034485;0.1;0.09474315494298935;0.16;0.15205036103725433
0.72;0.7203879952430725;0.16;0.21701982617378235;0.28;0.2298591136932373
0.5;0.49248144030570984;0.36;0.41343745589256287;0.22;0.22942380607128143
0.14;0.1549174189567566;0.26;0.2617548704147339;0.44;0.44655734300613403
0.42;0.418643057346344;0.28;0.28139492869377136;0.26;0.2816997170448303
0.28;0.29069480299949646;0.14;0.13628509640693665;0.36;0.35540488362312317
0.22;0.21750225126743317;0.16;0.17232070863246918;0.36;0.34955447912216187
0.32;0.33032041788101196;0.6;0.5611623525619507;0.28;0.23136191070079803
0.36;0.3864530026912689;0.62;0.4938315153121948;0.1;0.11439325660467148
0.28;0.2861367464065552;0.64;0.5796157121658325;0.14;0.1319802850484848
0.34;0.3383514881134033;0.44;0.42863452434539795;0.12;0.1141720563173294
0.1;0.09687753021717072;0.18;0.17539389431476593;0.38;0.3775637447834015
0.48;0.4666079580783844;0.2;0.2205927073955536;0.2;0.1934630572795868
0.72;0.7327025532722473;0.22;0.20520591735839844;0.2;0.20633454620838165
0.4;0.41340503096580505;0.58;0.4699837267398834;0.16;0.14197953045368195
0.2;0.19406984746456146;0.18;0.18529750406742096;0.4;0.3909849226474762
0.24;0.24751928448677063;0.5;0.5018629431724548;0.5;0.45648741722106934
0.42;0.4167460799217224;0.12;0.11480952054262161;0.3;0.2494187355041504
0.24;0.23782159388065338;0.62;0.665977954864502;0.24;0.2254268229007721
0.1;0.12345937639474869;0.82;0.8034557700157166;0.12;0.14274519681930542
0.1;0.10241217911243439;0.82;0.8484470844268799;0.18;0.17437100410461426
0.3;0.3081139922142029;0.16;0.149225652217865;0.2;0.2357860505580902
0.22;0.23186691105365753;0.3;0.29279625415802;0.34;0.3663749098777771
0.48;0.4410848915576935;0.12;0.15566840767860413;0.1;0.12021748721599579
0.3;0.314761221408844;0.14;0.12305556982755661;0.1;0.13313651084899902
0.78;0.7537410259246826;0.12;0.1868482381105423;0.2;0.15997782349586487
0.48;0.4749678671360016;0.38;0.3797264099121094;0.36;0.4014665484428406
0.36;0.3581414818763733;0.34;0.35315242409706116;0.32;0.36180225014686584
0.44;0.42768624424934387;0.1;0.10399477183818817;0.32;0.24282512068748474
0.66;0.6486290693283081;0.2;0.21805012226104736;0.38;0.38321369886398315
0.2;0.19467073678970337;0.54;0.5341076850891113;0.36;0.3072892725467682
0.56;0.5496436357498169;0.38;0.3526804447174072;0.22;0.22256484627723694
0.26;0.2609003484249115;0.68;0.5695621967315674;0.2;0.16118767857551575
0.38;0.40232619643211365;0.36;0.34733858704566956;0.1;0.13233189284801483
0.26;0.2677810788154602;0.56;0.5750430822372437;0.1;0.08767920732498169
0.1;0.1022566631436348;0.72;0.7306060194969177;0.26;0.26337411999702454
0.6;0.5887733697891235;0.28;0.3415820896625519;0.34;0.32809126377105713
0.58;0.5807111263275146;0.28;0.2872913181781769;0.36;0.36891335248947144
0.54;0.5407438278198242;0.14;0.1293877363204956;0.12;0.17278671264648438
0.44;0.4515956938266754;0.24;0.24260874092578888;0.3;0.3230869770050049
0.1;0.09843414276838303;0.5;0.45366954803466797;0.2;0.17585861682891846
0.18;0.18582884967327118;0.34;0.3381783068180084;0.34;0.35469943284988403
0.38;0.38340646028518677;0.36;0.3472592234611511;0.48;0.46081629395484924
0.24;0.23789721727371216;0.68;0.6550226807594299;0.1;0.0864531546831131
0.26;0.26226806640625;0.54;0.5332567095756531;0.22;0.22217634320259094
0.14;0.14415302872657776;0.52;0.5182283520698547;0.28;0.26835623383522034
0.18;0.17890365421772003;0.1;0.13218943774700165;0.4;0.2821318805217743
0.42;0.4283369481563568;0.28;0.27839455008506775;0.5;0.49623972177505493
0.68;0.6423072218894958;0.14;0.14940619468688965;0.26;0.2438863217830658
0.48;0.4824827313423157;0.44;0.4324442446231842;0.28;0.3207267224788666
0.6;0.6078547835350037;0.38;0.3768659234046936;0.46;0.4778779149055481
0.36;0.3818102478981018;0.24;0.2508067488670349;0.38;0.4070616662502289
0.22;0.2372155785560608;0.16;0.12608720362186432;0.16;0.15326765179634094
0.36;0.3753786087036133;0.48;0.45030730962753296;0.26;0.27098265290260315
0.32;0.3389439582824707;0.12;0.1050785556435585;0.16;0.1896105706691742
0.48;0.475680947303772;0.16;0.1734381914138794;0.42;0.4208958148956299
0.18;0.17564447224140167;0.2;0.20737338066101074;0.28;0.24622555077075958
0.36;0.3840843737125397;0.26;0.28109022974967957;0.46;0.47095996141433716
0.14;0.14628636837005615;0.68;0.7136768102645874;0.34;0.36016425490379333
0.32;0.3297823965549469;0.42;0.42955800890922546;0.4;0.43402305245399475
0.16;0.16175907850265503;0.32;0.31153732538223267;0.12;0.1333438605070114
0.1;0.10019466280937195;0.32;0.31120187044143677;0.42;0.4446493089199066
0.24;0.25001224875450134;0.24;0.23354457318782806;0.3;0.32680341601371765
0.16;0.15825223922729492;0.38;0.38033032417297363;0.44;0.43870577216148376
0.34;0.3447699546813965;0.4;0.46087977290153503;0.12;0.15870243310928345
0.58;0.5995337963104248;0.12;0.08599461615085602;0.5;0.5164710283279419
0.3;0.29930004477500916;0.14;0.13534654676914215;0.34;0.3298335671424866
0.32;0.33301374316215515;0.5;0.4969121813774109;0.5;0.46504849195480347
0.42;0.41709187626838684;0.32;0.33358460664749146;0.28;0.2951792776584625
0.44;0.4275819659233093;0.34;0.3609800636768341;0.3;0.35455718636512756
0.32;0.3091873228549957;0.54;0.5139970183372498;0.18;0.16441084444522858
0.76;0.7573748826980591;0.2;0.18193885684013367;0.18;0.17426586151123047
0.24;0.24548868834972382;0.58;0.6210874319076538;0.36;0.37773948907852173
0.22;0.19955411553382874;0.12;0.13847410678863525;0.2;0.20281139016151428
0.34;0.34860914945602417;0.26;0.2563285231590271;0.16;0.16356560587882996
0.26;0.26255202293395996;0.2;0.19294951856136322;0.22;0.23124079406261444
0.38;0.3810614347457886;0.2;0.20418240129947662;0.2;0.2013619840145111
0.46;0.4708508253097534;0.3;0.28081828355789185;0.28;0.30230551958084106
0.54;0.5368466377258301;0.18;0.17475837469100952;0.14;0.16425056755542755
0.1;0.10776250064373016;0.34;0.344107985496521;0.28;0.29183730483055115
0.26;0.28051096200942993;0.12;0.08090362697839737;0.14;0.19367659091949463
0.2;0.2003689706325531;0.76;0.727298378944397;0.38;0.37993741035461426
0.24;0.24943432211875916;0.38;0.3541673719882965;0.4;0.38934817910194397
0.42;0.3953199088573456;0.12;0.12763093411922455;0.22;0.15353348851203918
0.4;0.3994133770465851;0.24;0.23669803142547607;0.16;0.1706787645816803
0.24;0.23652836680412292;0.12;0.11231548339128494;0.38;0.33166179060935974
0.16;0.16117282211780548;0.54;0.5276983976364136;0.2;0.1965245008468628
0.2;0.1950448900461197;0.74;0.6639279127120972;0.2;0.1889466494321823
0.76;0.7560752034187317;0.16;0.1774803251028061;0.44;0.42711663246154785
0.16;0.17336729168891907;0.16;0.1402478665113449;0.1;0.21420502662658691
0.28;0.28984466195106506;0.58;0.5778613686561584;0.48;0.41117677092552185
0.54;0.5560264587402344;0.42;0.38436824083328247;0.16;0.14385367929935455
0.42;0.4557099938392639;0.2;0.19494353234767914;0.46;0.49398642778396606
0.2;0.18562829494476318;0.16;0.17666974663734436;0.44;0.4144100248813629
0.32;0.2961250841617584;0.2;0.2114914208650589;0.28;0.27756357192993164
0.88;0.8017355799674988;0.1;0.1360337883234024;0.1;0.193658709526062
0.24;0.2516193389892578;0.6;0.6275919079780579;0.28;0.28524351119995117
0.24;0.2190956324338913;0.12;0.1432403177022934;0.5;0.45585447549819946
0.6;0.595085859298706;0.3;0.34244173765182495;0.5;0.49277958273887634
0.6;0.5874768495559692;0.18;0.23007804155349731;0.3;0.3109467029571533
0.54;0.5402840971946716;0.12;0.11302648484706879;0.32;0.34798744320869446
0.48;0.48880404233932495;0.34;0.322470486164093;0.3;0.3071940243244171
0.16;0.15657007694244385;0.1;0.1423589140176773;0.34;0.2625426650047302
0.32;0.3165677487850189;0.24;0.22325019538402557;0.14;0.15689699351787567
0.52;0.5267618894577026;0.34;0.31587570905685425;0.1;0.11401138454675674
0.12;0.12432195991277695;0.28;0.27675119042396545;0.18;0.19200560450553894
0.14;0.14342588186264038;0.3;0.2978227734565735;0.18;0.19878558814525604
0.3;0.3123686611652374;0.64;0.5786701440811157;0.16;0.14906425774097443
0.26;0.2612532675266266;0.28;0.2690734267234802;0.18;0.19272926449775696
0.38;0.3777783513069153;0.58;0.5229005217552185;0.2;0.19935140013694763
0.16;0.16050609946250916;0.38;0.39264267683029175;0.3;0.29509642720222473
0.26;0.26579299569129944;0.56;0.5219196677207947;0.12;0.10666457563638687
0.3;0.2943364083766937;0.3;0.31775400042533875;0.32;0.35245832800865173
0.16;0.15942588448524475;0.3;0.2979400157928467;0.3;0.31674888730049133
0.14;0.13730107247829437;0.58;0.5536918640136719;0.2;0.19128094613552094
0.62;0.6381052136421204;0.12;0.10022612661123276;0.46;0.46878376603126526
0.3;0.30810731649398804;0.5;0.48383617401123047;0.32;0.29175856709480286
0.14;0.13199740648269653;0.18;0.19083137810230255;0.2;0.20610830187797546
0.5;0.4969084560871124;0.42;0.43776148557662964;0.28;0.2940158545970917
0.78;0.8036782741546631;0.14;0.13773417472839355;0.1;0.16346096992492676
0.3;0.3137013912200928;0.38;0.3719164729118347;0.4;0.4359833300113678
0.1;0.0999370813369751;0.56;0.586831271648407;0.32;0.3190179765224457
0.22;0.2209848165512085;0.38;0.4809466302394867;0.12;0.14061591029167175
0.26;0.25681737065315247;0.34;0.5051659345626831;0.1;0.135003000497818
0.24;0.24784469604492188;0.22;0.22179365158081055;0.44;0.48798877000808716
0.24;0.24214498698711395;0.6;0.6172049641609192;0.32;0.3203763961791992
0.34;0.3603973984718323;0.38;0.3675459921360016;0.22;0.21947351098060608
0.54;0.5336149334907532;0.44;0.4193442463874817;0.26;0.2754773199558258
0.18;0.17326822876930237;0.62;0.5814788341522217;0.5;0.40031296014785767
0.32;0.3345418870449066;0.3;0.26777327060699463;0.1;0.14471079409122467
0.16;0.15445540845394135;0.22;0.2127888798713684;0.16;0.14796306192874908
0.6;0.593268871307373;0.24;0.2664804458618164;0.5;0.49238139390945435
0.46;0.4565050005912781;0.16;0.17651470005512238;0.32;0.30668604373931885
0.28;0.2887211740016937;0.34;0.35302263498306274;0.4;0.41835516691207886
0.64;0.6221681237220764;0.12;0.1288345456123352;0.18;0.173773854970932
0.12;0.12650425732135773;0.8;0.785949170589447;0.3;0.30549702048301697
0.62;0.6243276596069336;0.34;0.32648128271102905;0.48;0.46965885162353516
0.68;0.6719478964805603;0.16;0.24276098608970642;0.1;0.0895901769399643
0.32;0.3245173990726471;0.46;0.5047184228897095;0.14;0.16750498116016388
0.5;0.4982605278491974;0.16;0.16087651252746582;0.2;0.19710640609264374
0.56;0.5447648763656616;0.2;0.2146083265542984;0.16;0.12180723994970322
0.1;0.10521266609430313;0.26;0.25865721702575684;0.42;0.42466431856155396
0.58;0.5639529824256897;0.18;0.18967042863368988;0.2;0.17666271328926086
0.38;0.374234676361084;0.5;0.5236585736274719;0.18;0.1766376942396164
0.36;0.3569551706314087;0.56;0.5161832571029663;0.18;0.1784350574016571
0.32;0.34377020597457886;0.38;0.37132543325424194;0.16;0.17703256011009216
0.16;0.16996806859970093;0.26;0.2404748946428299;0.38;0.4026871621608734
0.1;0.083613820374012;0.5;0.47412464022636414;0.24;0.21648001670837402
0.46;0.4510064423084259;0.22;0.22152142226696014;0.1;0.11789584159851074
0.2;0.2075645476579666;0.22;0.2021557092666626;0.42;0.4241504669189453
0.56;0.5540291666984558;0.24;0.23378998041152954;0.4;0.41200894117355347
0.28;0.2883095145225525;0.48;0.5158225297927856;0.18;0.18484194576740265
0.4;0.4215887188911438;0.44;0.4277481436729431;0.1;0.09474500268697739
0.12;0.12164383381605148;0.82;0.7465754747390747;0.12;0.10843963921070099
0.82;0.7914652228355408;0.12;0.14661870896816254;0.1;0.16443689167499542
0.22;0.18659377098083496;0.2;0.21502387523651123;0.1;0.13030704855918884
0.12;0.12619854509830475;0.68;0.6731197834014893;0.1;0.11013660579919815
0.16;0.16248467564582825;0.46;0.44633209705352783;0.48;0.4792928099632263
0.3;0.31042879819869995;0.34;0.3548741340637207;0.3;0.3296556770801544
0.16;0.15910939872264862;0.1;0.10588300973176956;0.5;0.5629312992095947
0.76;0.7755244970321655;0.22;0.18062949180603027;0.36;0.42772597074508667
0.7;0.6921957731246948;0.14;0.14452989399433136;0.44;0.4440034031867981
0.42;0.38143572211265564;0.1;0.11694084107875824;0.18;0.11951963603496552
0.5;0.498433381319046;0.34;0.381640762090683;0.18;0.1798219531774521
0.12;0.11848489195108414;0.48;0.45725566148757935;0.18;0.16957037150859833
0.14;0.13606014847755432;0.76;0.7668481469154358;0.38;0.36124297976493835
0.18;0.15544191002845764;0.2;0.23707613348960876;0.22;0.15245871245861053
0.36;0.3704390227794647;0.3;0.3097612261772156;0.44;0.4287661015987396
0.1;0.0947183221578598;0.62;0.6377516984939575;0.4;0.38656777143478394
0.36;0.36355069279670715;0.42;0.4172995984554291;0.28;0.3335750699043274
0.2;0.20536349713802338;0.22;0.22364646196365356;0.2;0.17874784767627716
0.18;0.17040488123893738;0.58;0.5942279100418091;0.48;0.4083256125450134
0.7;0.7063295245170593;0.2;0.21945005655288696;0.26;0.275163471698761
0.24;0.23501664400100708;0.14;0.14956353604793549;0.34;0.26365822553634644
0.82;0.7871410846710205;0.16;0.156269371509552;0.12;0.17242570221424103
0.34;0.3521501421928406;0.54;0.5693458318710327;0.3;0.3010016083717346
0.64;0.6557572484016418;0.22;0.28757181763648987;0.14;0.1266411542892456
0.18;0.1780543327331543;0.74;0.6710739731788635;0.3;0.24570679664611816
0.56;0.5504592061042786;0.22;0.19149892032146454;0.44;0.4359492361545563
0.32;0.31502389907836914;0.62;0.5525326728820801;0.14;0.1201668530702591
0.32;0.3247312605381012;0.36;0.3554891347885132;0.32;0.33610478043556213
0.58;0.5758791565895081;0.24;0.267590194940567;0.3;0.30778101086616516
0.44;0.4477505385875702;0.54;0.4378371834754944;0.24;0.21145308017730713
0.3;0.3150625228881836;0.54;0.5032463073730469;0.4;0.40714412927627563
0.52;0.5249861478805542;0.28;0.2828565239906311;0.3;0.3115042448043823
0.68;0.6727801561355591;0.2;0.23901435732841492;0.24;0.185198113322258
0.28;0.29527685046195984;0.44;0.40873053669929504;0.38;0.3282133936882019
0.14;0.16204282641410828;0.3;0.2885609567165375;0.1;0.0954088643193245
0.22;0.21801362931728363;0.58;0.5580249428749084;0.32;0.31160464882850647
0.26;0.27111533284187317;0.4;0.41377687454223633;0.32;0.34147611260414124
0.5;0.5048155784606934;0.28;0.2596186697483063;0.28;0.31543487310409546
0.14;0.14722159504890442;0.16;0.1364189088344574;0.38;0.40374884009361267
0.2;0.20690274238586426;0.6;0.6481311321258545;0.16;0.17622597515583038
0.12;0.12915311753749847;0.26;0.23498359322547913;0.48;0.5063281655311584
0.56;0.550678551197052;0.38;0.4112449884414673;0.42;0.4378148913383484
0.42;0.4069273769855499;0.12;0.11129724979400635;0.2;0.19755259156227112
0.14;0.13398846983909607;0.16;0.14939981698989868;0.5;0.5055937170982361
0.3;0.31294798851013184;0.68;0.6719018816947937;0.42;0.42561793327331543
0.1;0.10032523423433304;0.86;0.7455544471740723;0.2;0.18166212737560272
0.12;0.10951251536607742;0.1;0.10660340636968613;0.22;0.15484388172626495
0.52;0.5355880260467529;0.26;0.24017751216888428;0.5;0.4934006333351135
0.6;0.6159413456916809;0.14;0.1172681450843811;0.12;0.18219389021396637
0.8;0.8155688047409058;0.1;0.13926690816879272;0.26;0.2283707559108734
0.18;0.13570229709148407;0.1;0.14739848673343658;0.12;0.1685265302658081
0.12;0.08711294084787369;0.16;0.18875400722026825;0.3;0.21008050441741943
0.24;0.22835780680179596;0.34;0.31384512782096863;0.22;0.18962296843528748
0.22;0.2311675250530243;0.74;0.6943137049674988;0.22;0.219960018992424
0.38;0.38839367032051086;0.38;0.4072113335132599;0.28;0.3206912875175476
0.24;0.23106394708156586;0.1;0.10518860816955566;0.26;0.21695128083229065
0.46;0.4584619402885437;0.36;0.41677749156951904;0.3;0.3291740417480469
0.1;0.07066509127616882;0.1;0.10248879343271255;0.16;0.12413650751113892
0.44;0.4011148512363434;0.1;0.11139148473739624;0.2;0.12717878818511963
0.62;0.6084152460098267;0.22;0.2883569896221161;0.42;0.3963337540626526
0.44;0.4249722957611084;0.34;0.3601195216178894;0.46;0.48028597235679626
0.16;0.1692986786365509;0.52;0.5109735131263733;0.5;0.46953099966049194
0.22;0.2367129772901535;0.28;0.2737761437892914;0.22;0.2251499593257904
0.1;0.09575347602367401;0.62;0.6616351008415222;0.36;0.37938380241394043
0.24;0.23669873178005219;0.68;0.6432716846466064;0.14;0.1270613819360733
0.2;0.21239012479782104;0.28;0.26697275042533875;0.42;0.44665488600730896
0.7;0.7062154412269592;0.22;0.253652423620224;0.48;0.4456946849822998
0.22;0.22463423013687134;0.54;0.5353493094444275;0.18;0.17467637360095978
0.44;0.4287121891975403;0.16;0.17685754597187042;0.36;0.35560494661331177
0.64;0.6471961736679077;0.28;0.27298834919929504;0.14;0.1320156306028366
0.1;0.0770079642534256;0.1;0.11954721063375473;0.28;0.13977980613708496
0.34;0.3421243131160736;0.12;0.13268527388572693;0.28;0.21724124252796173
0.42;0.40690067410469055;0.28;0.35875827074050903;0.16;0.19215373694896698
0.28;0.29142311215400696;0.58;0.575044572353363;0.14;0.1375942826271057
0.44;0.4398312568664551;0.42;0.4601544141769409;0.34;0.35820186138153076
0.2;0.19166992604732513;0.16;0.16460317373275757;0.14;0.14572234451770782
0.3;0.2735203802585602;0.3;0.35299044847488403;0.44;0.47124117612838745
0.44;0.4353542923927307;0.48;0.5069897174835205;0.42;0.42435580492019653
0.1;0.10248538106679916;0.58;0.5936195254325867;0.32;0.32757383584976196
0.48;0.4856366515159607;0.46;0.45077574253082275;0.42;0.40013641119003296
0.34;0.34965968132019043;0.48;0.4307352602481842;0.4;0.3896917700767517
0.22;0.23733048141002655;0.72;0.7127635478973389;0.16;0.14566747844219208
0.48;0.4736219346523285;0.16;0.17102093994617462;0.24;0.25738000869750977
0.24;0.2543911635875702;0.64;0.6619693040847778;0.14;0.13444998860359192
0.28;0.30723005533218384;0.52;0.48619911074638367;0.26;0.28100913763046265
0.34;0.33718305826187134;0.4;0.438820481300354;0.26;0.3229573667049408
0.56;0.5544042587280273;0.4;0.36831164360046387;0.3;0.3150413930416107
0.16;0.1596028059720993;0.18;0.18073028326034546;0.36;0.3609422445297241
0.52;0.519404411315918;0.12;0.12223100662231445;0.22;0.18893077969551086
0.4;0.39573079347610474;0.54;0.5303621888160706;0.22;0.20794828236103058
0.1;0.10013336688280106;0.18;0.1877550184726715;0.18;0.25187215209007263
0.76;0.7691360712051392;0.14;0.1696591079235077;0.14;0.14422821998596191
0.18;0.17812563478946686;0.26;0.25952133536338806;0.24;0.24246689677238464
0.38;0.3873375356197357;0.48;0.48038798570632935;0.32;0.31928783655166626
0.1;0.07923835515975952;0.44;0.4373657703399658;0.38;0.3660306930541992
0.38;0.3984280526638031;0.28;0.25172069668769836;0.12;0.14027737081050873
0.12;0.10928250104188919;0.44;0.45494404435157776;0.3;0.29919859766960144
0.1;0.09671680629253387;0.18;0.18257777392864227;0.5;0.5000742673873901
0.48;0.4881168603897095;0.18;0.16625787317752838;0.1;0.12097521871328354
0.54;0.5342011451721191;0.18;0.18701685965061188;0.32;0.3309473693370819
0.24;0.2615066468715668;0.24;0.21237866580486298;0.16;0.1901605874300003
0.74;0.7569844722747803;0.24;0.1866835355758667;0.38;0.4057695269584656
0.64;0.6334139108657837;0.14;0.1449919193983078;0.1;0.11080597341060638
0.1;0.12096134573221207;0.74;0.7057425379753113;0.1;0.1108255386352539
0.34;0.36155998706817627;0.12;0.10839647054672241;0.24;0.2323039472103119
0.14;0.13952986896038055;0.52;0.5458795428276062;0.26;0.27827125787734985
0.3;0.29919275641441345;0.14;0.1455088108778;0.3;0.25453275442123413
0.76;0.7562204003334045;0.14;0.18519052863121033;0.18;0.1658879816532135
0.36;0.3624421954154968;0.22;0.21980907022953033;0.16;0.14818932116031647
0.16;0.14888927340507507;0.38;0.4042563736438751;0.32;0.3089883327484131
0.14;0.1487618386745453;0.42;0.4245065450668335;0.2;0.21178770065307617
0.48;0.4622401297092438;0.36;0.3737981915473938;0.28;0.29003891348838806
0.46;0.47246018052101135;0.34;0.31007280945777893;0.22;0.2311699390411377
0.16;0.1755226105451584;0.26;0.23840223252773285;0.26;0.3031010925769806
0.56;0.6102633476257324;0.42;0.30866533517837524;0.1;0.10997526347637177
0.72;0.7171627283096313;0.24;0.2157350778579712;0.1;0.10843618214130402
0.48;0.4872615933418274;0.24;0.2359345555305481;0.12;0.129373699426651
0.2;0.2043064832687378;0.2;0.1895054131746292;0.44;0.425100713968277
0.22;0.179892435669899;0.14;0.18013842403888702;0.48;0.4403001666069031
0.28;0.28202763199806213;0.64;0.6234902143478394;0.18;0.15703609585762024
0.1;0.11182433366775513;0.34;0.34266117215156555;0.26;0.2761172354221344
0.36;0.3687656819820404;0.52;0.521990180015564;0.32;0.34035414457321167
0.44;0.4389348030090332;0.44;0.4919596016407013;0.24;0.3132022023200989
0.32;0.3363473117351532;0.66;0.5905901789665222;0.46;0.3948262333869934
0.16;0.1651766002178192;0.24;0.23641130328178406;0.4;0.3990998864173889
0.5;0.46579116582870483;0.1;0.12374500930309296;0.2;0.1511954963207245
0.54;0.5228034853935242;0.42;0.4131099283695221;0.38;0.38414835929870605
0.46;0.4669817090034485;0.46;0.48575758934020996;0.32;0.3254041075706482
0.36;0.37592455744743347;0.44;0.43765920400619507;0.18;0.20070140063762665
0.38;0.341412752866745;0.1;0.13115791976451874;0.1;0.12172318994998932
0.26;0.2743862271308899;0.62;0.643408477306366;0.46;0.4669199585914612
0.4;0.40365341305732727;0.24;0.2505587339401245;0.26;0.2672050893306732
0.26;0.2750627398490906;0.2;0.18865427374839783;0.24;0.21375516057014465
0.26;0.262913316488266;0.22;0.2076561152935028;0.28;0.308296799659729
0.7;0.6924144625663757;0.1;0.1016562432050705;0.34;0.30131831765174866
0.8;0.8030094504356384;0.18;0.13960278034210205;0.18;0.20389118790626526
0.36;0.3506726324558258;0.32;0.3486066162586212;0.26;0.28911250829696655
0.2;0.1928219199180603;0.18;0.20608174800872803;0.34;0.2866283357143402
0.58;0.5729206800460815;0.2;0.2162853330373764;0.28;0.25540465116500854
0.4;0.40670517086982727;0.46;0.5119624733924866;0.22;0.2460559904575348
0.68;0.6839489340782166;0.14;0.14143206179141998;0.42;0.3956086039543152
0.34;0.33630526065826416;0.46;0.4352959096431732;0.16;0.14296090602874756
0.32;0.3291538655757904;0.36;0.35229983925819397;0.46;0.4557417333126068
0.38;0.3834713399410248;0.54;0.5611173510551453;0.42;0.3603627681732178
0.3;0.3033103048801422;0.38;0.41449829936027527;0.12;0.12838225066661835
0.38;0.37810033559799194;0.14;0.1246575266122818;0.24;0.2368885725736618
0.16;0.15521982312202454;0.62;0.6229466199874878;0.42;0.40024814009666443
0.12;0.12632405757904053;0.3;0.29172030091285706;0.38;0.39927926659584045
0.5;0.4995110034942627;0.44;0.4250941872596741;0.48;0.4649451673030853
0.7;0.7076477408409119;0.18;0.19203440845012665;0.38;0.3717994689941406
0.26;0.2797549366950989;0.16;0.1365979015827179;0.2;0.2396763116121292
0.28;0.29412326216697693;0.16;0.14804129302501678;0.28;0.25086885690689087
0.18;0.17530323565006256;0.68;0.6722210645675659;0.34;0.33124199509620667
0.28;0.2862119674682617;0.54;0.5293776392936707;0.34;0.28403106331825256
0.44;0.44734108448028564;0.48;0.5111784338951111;0.14;0.15869033336639404
0.28;0.29227837920188904;0.48;0.4530922472476959;0.46;0.39289721846580505
0.42;0.44319841265678406;0.3;0.38070937991142273;0.1;0.1306617110967636
0.26;0.26242130994796753;0.46;0.4806642532348633;0.14;0.13611440360546112
0.56;0.5550330281257629;0.14;0.14247527718544006;0.3;0.2864685654640198
0.42;0.42729663848876953;0.4;0.3967452347278595;0.16;0.14652355015277863
0.58;0.5596370697021484;0.22;0.25892722606658936;0.16;0.1567428857088089
0.26;0.262333482503891;0.64;0.5931100249290466;0.44;0.3519383370876312
0.44;0.43335872888565063;0.48;0.49018755555152893;0.48;0.4477742314338684
0.14;0.13629688322544098;0.72;0.746860146522522;0.48;0.466165155172348
0.3;0.3298741579055786;0.16;0.12507623434066772;0.12;0.20943641662597656
0.34;0.30982232093811035;0.32;0.3971945345401764;0.12;0.11515365540981293
0.1;0.09788598865270615;0.52;0.5027754902839661;0.3;0.285930335521698
0.1;0.1036570593714714;0.72;0.6936090588569641;0.18;0.1807870864868164
0.56;0.5695681571960449;0.36;0.335478812456131;0.48;0.4598345160484314
0.1;0.09437362849712372;0.16;0.1675952523946762;0.5;0.43906211853027344
0.46;0.45350709557533264;0.36;0.351814329624176;0.44;0.44839781522750854
0.46;0.3879338800907135;0.1;0.1486329883337021;0.16;0.10835640132427216
0.12;0.12572631239891052;0.28;0.26681584119796753;0.2;0.23470792174339294
0.46;0.45636823773384094;0.2;0.21635960042476654;0.22;0.20780257880687714
0.32;0.3385133743286133;0.14;0.12402146309614182;0.16;0.1593610793352127
0.12;0.12363023310899734;0.22;0.2060251235961914;0.36;0.42586445808410645
0.38;0.3880005478858948;0.56;0.4420137107372284;0.16;0.152461975812912
0.34;0.34531164169311523;0.62;0.5905444025993347;0.44;0.37650066614151
0.16;0.1703716665506363;0.1;0.12302036583423615;0.28;0.2672885060310364
0.12;0.12370721995830536;0.76;0.7481938004493713;0.32;0.3213962912559509
0.26;0.23597894608974457;0.3;0.3520948588848114;0.48;0.511866569519043
0.52;0.5324574708938599;0.12;0.11461235582828522;0.28;0.24879562854766846
0.74;0.7598256468772888;0.24;0.18498028814792633;0.34;0.3625667989253998
0.34;0.3544355034828186;0.46;0.48775026202201843;0.18;0.20081095397472382
0.52;0.5176122784614563;0.42;0.3697200417518616;0.22;0.21455326676368713
0.26;0.26572155952453613;0.42;0.4185470640659332;0.18;0.17393863201141357
0.58;0.5875405073165894;0.2;0.16633369028568268;0.4;0.3887694776058197
0.56;0.5524314641952515;0.22;0.2791650891304016;0.18;0.17785659432411194
0.28;0.28659650683403015;0.22;0.2229747474193573;0.38;0.3807268440723419
0.1;0.09853777289390564;0.56;0.581415057182312;0.42;0.4341903626918793
0.18;0.1834506392478943;0.42;0.45667564868927;0.1;0.09258826076984406
0.14;0.14208672940731049;0.36;0.3582819700241089;0.48;0.5185834169387817
0.42;0.42548468708992004;0.42;0.4539252817630768;0.12;0.12630654871463776
0.1;0.09764139354228973;0.82;0.8306236863136292;0.5;0.4812145233154297
0.32;0.3359273076057434;0.42;0.4057971239089966;0.38;0.37520632147789
0.72;0.7390540242195129;0.2;0.2015768140554428;0.2;0.21934707462787628
0.3;0.3189018964767456;0.48;0.4508169889450073;0.38;0.3415572941303253
0.22;0.22706052660942078;0.44;0.45175492763519287;0.38;0.39792731404304504
0.26;0.2619077265262604;0.36;0.3520171344280243;0.34;0.34825843572616577
0.1;0.12054941803216934;0.56;0.5400102138519287;0.12;0.12645438313484192
0.54;0.5630846619606018;0.16;0.12764255702495575;0.12;0.17448683083057404
0.3;0.31597867608070374;0.38;0.3561781942844391;0.26;0.24548013508319855
0.24;0.24871307611465454;0.7;0.676023542881012;0.16;0.1592673361301422
0.14;0.1390468031167984;0.84;0.7701110243797302;0.5;0.4718244671821594
0.38;0.3801407217979431;0.54;0.4949508011341095;0.3;0.24805374443531036
0.14;0.13634511828422546;0.42;0.4296087622642517;0.26;0.25780487060546875
0.66;0.6439995765686035;0.24;0.28277361392974854;0.34;0.3408363163471222
0.38;0.39691489934921265;0.24;0.24358728528022766;0.32;0.3446873426437378
0.24;0.24910585582256317;0.2;0.2036186009645462;0.5;0.5107781887054443
0.76;0.7806338667869568;0.2;0.16499383747577667;0.3;0.3277491629123688
0.52;0.5180047154426575;0.34;0.35551145672798157;0.4;0.40081220865249634
0.28;0.2909226417541504;0.64;0.6090788245201111;0.34;0.32753127813339233
0.82;0.8458899855613708;0.1;0.11707869172096252;0.2;0.24439719319343567
0.34;0.338090181350708;0.36;0.36141619086265564;0.32;0.33348551392555237
0.18;0.1748759001493454;0.54;0.5591919422149658;0.34;0.33351194858551025
0.22;0.20932269096374512;0.32;0.3644174337387085;0.5;0.5239628553390503
0.54;0.5286732316017151;0.22;0.23605622351169586;0.4;0.39669355750083923
0.86;0.8015323877334595;0.1;0.14528164267539978;0.1;0.19740167260169983
0.44;0.4476819336414337;0.18;0.1792970597743988;0.2;0.20193906128406525
0.56;0.5503621101379395;0.34;0.3899737000465393;0.26;0.2725670635700226
0.66;0.6692657470703125;0.16;0.15237252414226532;0.2;0.1727411448955536
0.24;0.25402459502220154;0.5;0.4872737228870392;0.38;0.3977409303188324
0.38;0.3806106448173523;0.52;0.5303683280944824;0.5;0.4797739088535309
0.54;0.5276216864585876;0.12;0.1289801001548767;0.16;0.17247864603996277
0.32;0.3253866136074066;0.34;0.33053556084632874;0.4;0.4059351086616516
0.12;0.113251231610775;0.82;0.8280365467071533;0.38;0.40189018845558167
0.26;0.25191524624824524;0.46;0.4142713248729706;0.2;0.14428755640983582
0.6;0.5992339849472046;0.24;0.2481309026479721;0.38;0.39498645067214966
0.34;0.3381566107273102;0.12;0.12236904352903366;0.36;0.405590683221817
0.28;0.28269079327583313;0.4;0.40506091713905334;0.2;0.1804790049791336
0.44;0.45656290650367737;0.32;0.3269866406917572;0.1;0.12103575468063354
0.56;0.5668500661849976;0.3;0.3628733456134796;0.16;0.13996239006519318
0.24;0.2412387579679489;0.22;0.21029534935951233;0.16;0.17493367195129395
0.66;0.6532787680625916;0.32;0.29921939969062805;0.3;0.3025476932525635
0.68;0.6638185381889343;0.1;0.10283496975898743;0.36;0.3340853750705719
0.44;0.43277373909950256;0.32;0.3339041769504547;0.18;0.1936444342136383
0.28;0.2897959053516388;0.62;0.5897560715675354;0.14;0.1366654932498932
0.1;0.10842830687761307;0.26;0.240971177816391;0.46;0.4787328839302063
0.38;0.3816148042678833;0.42;0.4406968355178833;0.16;0.1647905558347702
0.32;0.32941198348999023;0.42;0.4418068826198578;0.16;0.17349030077457428
0.14;0.11852356791496277;0.2;0.22697271406650543;0.14;0.12137174606323242
0.7;0.6889615058898926;0.1;0.09752143174409866;0.28;0.2135307341814041
0.2;0.2063807249069214;0.76;0.6926604509353638;0.34;0.32855385541915894
0.14;0.14363376796245575;0.7;0.6465370655059814;0.1;0.09956235438585281
0.42;0.4190068244934082;0.34;0.3602214753627777;0.3;0.30767086148262024
0.22;0.2276771068572998;0.56;0.5538923740386963;0.42;0.4504973292350769
0.18;0.17959129810333252;0.8;0.7319859862327576;0.32;0.3164498209953308
0.7;0.682026743888855;0.12;0.1420307606458664;0.38;0.3417600095272064
0.54;0.5349426865577698;0.34;0.373349666595459;0.34;0.3451573848724365
0.12;0.12559348344802856;0.38;0.38356998562812805;0.22;0.22621293365955353
0.5;0.5072916746139526;0.3;0.3262312114238739;0.18;0.20449812710285187
0.2;0.19806115329265594;0.58;0.5724772810935974;0.42;0.3660770654678345
0.22;0.23048891127109528;0.28;0.26853707432746887;0.18;0.18850669264793396
0.12;0.12507019937038422;0.26;0.2534829378128052;0.46;0.4677566587924957
0.34;0.3410525918006897;0.5;0.5049619078636169;0.32;0.31659507751464844
0.36;0.38882988691329956;0.62;0.45406150817871094;0.14;0.12473630905151367
0.12;0.11718377470970154;0.5;0.47801920771598816;0.42;0.4226638376712799
0.62;0.6019584536552429;0.22;0.27073317766189575;0.22;0.21786832809448242
0.68;0.6792118549346924;0.2;0.21392953395843506;0.22;0.1761690378189087
0.3;0.31868305802345276;0.52;0.5120015740394592;0.4;0.39741164445877075
0.14;0.14742550253868103;0.32;0.31665468215942383;0.32;0.3414342403411865
0.38;0.3780103325843811;0.38;0.3943619430065155;0.24;0.2496945858001709
0.4;0.3981655538082123;0.58;0.5391740202903748;0.2;0.19978491961956024
0.34;0.34828054904937744;0.54;0.5294187664985657;0.44;0.40073496103286743
0.16;0.15460388362407684;0.54;0.5509608387947083;0.34;0.3356435298919678
0.16;0.15005141496658325;0.52;0.5038270950317383;0.12;0.12466214597225189
0.12;0.11527224630117416;0.1;0.1478547900915146;0.3;0.21014340221881866
0.28;0.28597918152809143;0.22;0.22856667637825012;0.4;0.4085787832736969
0.36;0.37088897824287415;0.1;0.10752435773611069;0.34;0.25374218821525574
0.64;0.6228397488594055;0.32;0.3340100347995758;0.42;0.4053298532962799
0.16;0.1581192910671234;0.48;0.49981120228767395;0.14;0.1525738686323166
0.26;0.25198760628700256;0.16;0.17588546872138977;0.38;0.31756454706192017
0.2;0.16511861979961395;0.1;0.13444338738918304;0.5;0.3691105842590332
0.34;0.337432861328125;0.44;0.4199543297290802;0.32;0.316056489944458
0.44;0.4496595859527588;0.22;0.2487732619047165;0.48;0.5048784613609314
0.3;0.2875879406929016;0.32;0.3370169699192047;0.28;0.29912856221199036
0.48;0.48162490129470825;0.16;0.16758151352405548;0.48;0.4843262732028961
0.16;0.14576278626918793;0.24;0.2560409605503082;0.16;0.14324301481246948
0.36;0.3586640954017639;0.18;0.17385731637477875;0.26;0.2723730802536011
0.62;0.6157045960426331;0.24;0.26857683062553406;0.48;0.47354334592819214
0.34;0.35107889771461487;0.6;0.5828576683998108;0.44;0.4290417730808258
0.24;0.22020766139030457;0.38;0.4176124036312103;0.12;0.1095266118645668
0.7;0.6844388246536255;0.14;0.16200101375579834;0.48;0.4849620461463928
0.4;0.4054427146911621;0.34;0.3342553675174713;0.44;0.4566926062107086
0.8;0.792434811592102;0.12;0.15226085484027863;0.46;0.38463249802589417
0.28;0.29531675577163696;0.16;0.14580003917217255;0.34;0.3018333315849304
0.28;0.27522602677345276;0.36;0.41244760155677795;0.1;0.09600193053483963
0.12;0.11029471457004547;0.78;0.7703534364700317;0.22;0.20920348167419434
0.42;0.4090083837509155;0.12;0.11617863923311234;0.26;0.1908729374408722
0.22;0.21529348194599152;0.58;0.5886024236679077;0.3;0.30870991945266724
0.38;0.4113442003726959;0.36;0.3405395746231079;0.12;0.1284424066543579
0.46;0.45081406831741333;0.5;0.45996588468551636;0.1;0.1403985321521759
0.66;0.6536504626274109;0.14;0.14407429099082947;0.2;0.17067642509937286
0.58;0.5872743129730225;0.34;0.3686029016971588;0.26;0.26824021339416504
0.46;0.4629681706428528;0.18;0.1813203990459442;0.44;0.46969491243362427
0.26;0.26749247312545776;0.46;0.4778735339641571;0.5;0.4986228048801422
0.8;0.777911901473999;0.1;0.15389718115329742;0.14;0.16676712036132812
0.4;0.41148191690444946;0.52;0.533936083316803;0.28;0.3050399422645569
0.44;0.44841626286506653;0.42;0.4269064962863922;0.32;0.3431848883628845
0.16;0.15861544013023376;0.42;0.4166306257247925;0.42;0.4107886850833893
0.44;0.47154533863067627;0.3;0.3543606698513031;0.1;0.12003977596759796
0.2;0.2016393542289734;0.3;0.31003355979919434;0.2;0.1922963559627533
0.46;0.45643866062164307;0.3;0.31031396985054016;0.4;0.4266118109226227
0.28;0.29058247804641724;0.16;0.16638055443763733;0.5;0.5039536952972412
0.16;0.13313047587871552;0.16;0.19377291202545166;0.28;0.21320395171642303
0.22;0.24063782393932343;0.34;0.3419364392757416;0.36;0.39804020524024963
0.1;0.0967104360461235;0.78;0.7999759912490845;0.16;0.15840062499046326
0.4;0.40523645281791687;0.16;0.15732526779174805;0.36;0.3770087957382202
0.46;0.4594934582710266;0.52;0.4757080078125;0.5;0.4764030873775482
0.12;0.12482394278049469;0.74;0.7386040091514587;0.26;0.2679482698440552
0.26;0.2753637135028839;0.4;0.46743789315223694;0.18;0.20654019713401794
0.18;0.18156112730503082;0.34;0.3346351683139801;0.28;0.305381178855896
0.26;0.2641589045524597;0.66;0.5900400876998901;0.36;0.308569073677063
0.36;0.3604479134082794;0.62;0.5509571433067322;0.16;0.16743886470794678
0.4;0.40889060497283936;0.42;0.40412136912345886;0.18;0.16625551879405975
0.16;0.15415330231189728;0.56;0.5646791458129883;0.36;0.3645106554031372
0.48;0.48426902294158936;0.4;0.43005838990211487;0.42;0.42336979508399963
0.12;0.12180699408054352;0.66;0.6911937594413757;0.12;0.12271887063980103
0.7;0.6991693377494812;0.12;0.12730062007904053;0.42;0.43929997086524963
0.46;0.45691782236099243;0.28;0.32625138759613037;0.2;0.2204115390777588
0.26;0.27280813455581665;0.68;0.6456369161605835;0.44;0.4322410523891449
0.4;0.3924124538898468;0.3;0.31147679686546326;0.34;0.3674856126308441
0.64;0.6819745898246765;0.26;0.24527455866336823;0.14;0.1508948802947998
0.72;0.7167394757270813;0.2;0.2046857625246048;0.38;0.3776710629463196
0.18;0.1801053285598755;0.3;0.3019893169403076;0.28;0.2914186120033264
0.36;0.385791540145874;0.24;0.25136828422546387;0.42;0.4388653337955475
0.44;0.45240160822868347;0.22;0.25078484416007996;0.5;0.5106616616249084
0.52;0.5335111021995544;0.2;0.1944831758737564;0.36;0.33911147713661194
0.12;0.13689196109771729;0.34;0.3246879577636719;0.12;0.13549499213695526
0.44;0.462550550699234;0.5;0.4473355710506439;0.1;0.08813827484846115
0.5;0.5000649690628052;0.34;0.39792072772979736;0.3;0.31636905670166016
0.14;0.14360514283180237;0.48;0.46976450085639954;0.4;0.4057599902153015
0.2;0.18204538524150848;0.2;0.21274343132972717;0.18;0.1799645870923996
0.38;0.3915756046772003;0.46;0.4461399018764496;0.3;0.3121843934059143
0.28;0.2725833058357239;0.26;0.30474239587783813;0.48;0.5181282758712769
0.86;0.8159027695655823;0.1;0.12820082902908325;0.12;0.1830662488937378
0.36;0.3728503882884979;0.62;0.570634663105011;0.3;0.34758320450782776
0.18;0.1466677337884903;0.16;0.18921463191509247;0.2;0.1787773072719574
0.16;0.1517171561717987;0.72;0.715657651424408;0.2;0.1984061300754547
0.12;0.1300937384366989;0.36;0.34967124462127686;0.32;0.3436119556427002
0.66;0.6596108078956604;0.24;0.2672593593597412;0.42;0.41292643547058105
0.1;0.10345421731472015;0.76;0.8031563758850098;0.32;0.3318883180618286
0.16;0.15368379652500153;0.16;0.1539512723684311;0.38;0.4180774688720703
0.36;0.3521212041378021;0.24;0.248531773686409;0.14;0.14893898367881775
0.46;0.46596503257751465;0.36;0.33207231760025024;0.5;0.4845121502876282
0.3;0.30012330412864685;0.4;0.3952639698982239;0.16;0.14482155442237854
0.56;0.559963583946228;0.34;0.3400103449821472;0.48;0.4530332088470459
0.8;0.8405860066413879;0.18;0.11920363456010818;0.2;0.26244598627090454
0.16;0.16035570204257965;0.4;0.41405564546585083;0.32;0.32405129075050354
0.28;0.28754693269729614;0.28;0.26102790236473083;0.18;0.20323440432548523
0.54;0.5495383739471436;0.28;0.2441490888595581;0.32;0.3226378560066223
0.54;0.5454990863800049;0.3;0.29380595684051514;0.32;0.3247247040271759
0.48;0.4817209839820862;0.34;0.31279414892196655;0.34;0.3304329514503479
0.24;0.2538692355155945;0.58;0.6280562281608582;0.5;0.48087483644485474
0.2;0.20333857834339142;0.22;0.20685483515262604;0.36;0.3523123860359192
0.24;0.2536187171936035;0.52;0.6000196933746338;0.3;0.361587792634964
0.64;0.6170626878738403;0.32;0.355380654335022;0.5;0.4616050720214844
0.24;0.2522842288017273;0.62;0.6146087050437927;0.32;0.3510971963405609
0.62;0.6108390688896179;0.34;0.33945196866989136;0.38;0.39277806878089905
0.26;0.26809218525886536;0.12;0.10282305628061295;0.5;0.4957427978515625
0.76;0.762758731842041;0.22;0.17880401015281677;0.4;0.3707335293292999
0.28;0.3039588928222656;0.42;0.3991382420063019;0.48;0.449841171503067
0.28;0.312564879655838;0.46;0.44758176803588867;0.46;0.44157272577285767
0.46;0.45943260192871094;0.46;0.47451552748680115;0.16;0.17190030217170715
0.1;0.10533666610717773;0.76;0.8010229468345642;0.44;0.4587668478488922
0.12;0.1282757967710495;0.3;0.295474112033844;0.3;0.3157912790775299
0.22;0.22354750335216522;0.68;0.6914024353027344;0.36;0.3769468665122986
0.3;0.3079497516155243;0.66;0.5814043283462524;0.36;0.2766898572444916
0.26;0.2731252908706665;0.52;0.5080491900444031;0.34;0.33822715282440186
0.38;0.393028199672699;0.48;0.4639258086681366;0.42;0.36344295740127563
0.44;0.43958187103271484;0.34;0.40684929490089417;0.14;0.12464584410190582
0.32;0.31873151659965515;0.46;0.4753142297267914;0.3;0.27443820238113403
0.74;0.7374532222747803;0.14;0.18659406900405884;0.32;0.28016379475593567
0.66;0.6511589288711548;0.2;0.25177818536758423;0.22;0.18523526191711426
0.4;0.41900867223739624;0.48;0.5173118710517883;0.4;0.4066804349422455
0.36;0.36311936378479004;0.5;0.5018419027328491;0.38;0.3975089490413666
0.66;0.7062287330627441;0.1;0.07190047204494476;0.46;0.49633970856666565
0.38;0.39113718271255493;0.6;0.5453558564186096;0.42;0.41444772481918335
0.6;0.5794482231140137;0.34;0.35905760526657104;0.18;0.16439075767993927
0.6;0.6063501834869385;0.34;0.3719255030155182;0.5;0.48845499753952026
0.38;0.3746688663959503;0.46;0.48414525389671326;0.34;0.4143715500831604
0.3;0.3027362525463104;0.28;0.2962612211704254;0.34;0.37876948714256287
0.36;0.3669968247413635;0.24;0.23760296404361725;0.28;0.304273396730423
0.14;0.13959160447120667;0.34;0.3469122052192688;0.3;0.30471739172935486
0.28;0.29756924510002136;0.7;0.6196251511573792;0.36;0.3415997624397278
0.36;0.37093597650527954;0.12;0.11702700704336166;0.48;0.4688437581062317
0.72;0.7427407503128052;0.26;0.19611389935016632;0.14;0.1493280977010727
0.68;0.6468134522438049;0.1;0.13084366917610168;0.12;0.11691910028457642
0.16;0.15710154175758362;0.26;0.26806381344795227;0.22;0.22798356413841248
0.14;0.14019568264484406;0.32;0.31609010696411133;0.28;0.3028097450733185
0.5;0.5167335867881775;0.42;0.39894187450408936;0.12;0.11981459707021713
0.32;0.319294810295105;0.5;0.46300292015075684;0.24;0.1959158480167389
0.4;0.41214776039123535;0.18;0.18156641721725464;0.44;0.4505334496498108
0.36;0.36920398473739624;0.2;0.1922462284564972;0.38;0.42570430040359497
0.38;0.3810493052005768;0.44;0.5025075674057007;0.36;0.41637858748435974
0.86;0.8857335448265076;0.1;0.10623196512460709;0.48;0.4053925573825836
0.52;0.5118669271469116;0.24;0.24830211699008942;0.32;0.3289339244365692
0.3;0.28590127825737;0.22;0.21198078989982605;0.24;0.2557343542575836
0.2;0.19477662444114685;0.12;0.13501593470573425;0.26;0.1971544325351715
0.68;0.6648553609848022;0.24;0.23519589006900787;0.22;0.18845251202583313
0.1;0.09507346898317337;0.54;0.5345577001571655;0.36;0.36397114396095276
0.48;0.4829937517642975;0.34;0.35585927963256836;0.24;0.26388314366340637
0.16;0.16685344278812408;0.32;0.3151698708534241;0.34;0.3573748469352722
0.68;0.67402184009552;0.24;0.24418509006500244;0.24;0.21623702347278595
0.24;0.24503682553768158;0.7;0.6734487414360046;0.4;0.3831401765346527
0.78;0.6963979601860046;0.1;0.13621044158935547;0.42;0.30502256751060486
0.26;0.27546536922454834;0.42;0.4051128923892975;0.44;0.4369809031486511
0.38;0.3729341924190521;0.44;0.47715914249420166;0.2;0.18651875853538513
0.78;0.7868630290031433;0.18;0.16098397970199585;0.32;0.32981884479522705
0.52;0.5070861577987671;0.1;0.0928875133395195;0.48;0.4569152891635895
0.8;0.7998491525650024;0.12;0.14528073370456696;0.44;0.41217899322509766
0.5;0.4943685233592987;0.24;0.25810569524765015;0.24;0.23641125857830048
0.44;0.44030439853668213;0.22;0.21866890788078308;0.12;0.1377091109752655
0.2;0.1746864914894104;0.22;0.254440575838089;0.18;0.13343895971775055
0.24;0.2252548485994339;0.36;0.37627771496772766;0.18;0.1696486920118332
0.46;0.46114757657051086;0.48;0.46663784980773926;0.22;0.2387278974056244
0.44;0.4427027106285095;0.54;0.525454580783844;0.36;0.3605249524116516
0.32;0.3317258358001709;0.12;0.12062044441699982;0.28;0.29818111658096313
0.38;0.3814692199230194;0.46;0.5112057328224182;0.14;0.1511317789554596
0.2;0.20009122788906097;0.58;0.6037120223045349;0.28;0.2737523019313812
0.66;0.6578080654144287;0.22;0.2567901015281677;0.14;0.1401834934949875
0.24;0.2354479432106018;0.74;0.6643968820571899;0.1;0.09099861979484558
0.6;0.5913131237030029;0.24;0.2736167907714844;0.48;0.47857195138931274
0.4;0.4041764438152313;0.16;0.15422774851322174;0.18;0.20115718245506287
0.2;0.20613522827625275;0.74;0.7210935354232788;0.26;0.2797207236289978
0.24;0.3100488781929016;0.18;0.10784140974283218;0.1;0.20613884925842285
0.14;0.1543634533882141;0.14;0.10531629621982574;0.46;0.4811275899410248
0.46;0.4467020332813263;0.26;0.291786789894104;0.32;0.3614397644996643
0.36;0.361995667219162;0.48;0.4480966627597809;0.2;0.21025052666664124
0.24;0.23286409676074982;0.32;0.3411761224269867;0.46;0.47810012102127075
0.38;0.3932110369205475;0.32;0.31347349286079407;0.12;0.11536171287298203
0.58;0.5729125142097473;0.38;0.38845643401145935;0.2;0.1803748905658722
0.14;0.1362658590078354;0.28;0.2899855673313141;0.18;0.19018039107322693
0.32;0.32194238901138306;0.6;0.5450308918952942;0.2;0.17631195485591888
0.22;0.21961796283721924;0.76;0.651736319065094;0.16;0.14187173545360565
0.1;0.09013450145721436;0.4;0.3960839509963989;0.28;0.25641757249832153
0.68;0.6783390641212463;0.12;0.12295884639024734;0.2;0.16809245944023132
0.48;0.47189614176750183;0.16;0.1738206297159195;0.38;0.38950997591018677
0.3;0.3116653859615326;0.56;0.5122624635696411;0.38;0.33929210901260376
0.34;0.32787439227104187;0.18;0.17302505671977997;0.18;0.15527477860450745
0.32;0.32276198267936707;0.1;0.11022605746984482;0.4;0.3463551104068756
0.62;0.6493045091629028;0.18;0.1716582179069519;0.34;0.3367699980735779
0.54;0.5322647094726562;0.24;0.28175175189971924;0.16;0.14530916512012482
0.38;0.387634813785553;0.54;0.4965544641017914;0.18;0.17657676339149475
0.32;0.3072245419025421;0.26;0.26477348804473877;0.18;0.1900736391544342
0.34;0.34210872650146484;0.14;0.14902955293655396;0.36;0.38083359599113464
0.56;0.5587033629417419;0.34;0.4202754497528076;0.3;0.31381645798683167
0.7;0.6828958988189697;0.12;0.14071689546108246;0.34;0.3320419192314148
0.3;0.32328474521636963;0.22;0.18694192171096802;0.16;0.1520477831363678
0.58;0.5847740173339844;0.1;0.09282677620649338;0.38;0.3771626353263855
0.26;0.2752048373222351;0.32;0.30339306592941284;0.18;0.20529846847057343
0.26;0.26871877908706665;0.54;0.5715172290802002;0.1;0.09144546836614609
0.12;0.11150916665792465;0.58;0.5798696279525757;0.48;0.4592933654785156
0.18;0.14711986482143402;0.14;0.17065168917179108;0.3;0.25400272011756897
0.64;0.6295803785324097;0.18;0.22921282052993774;0.38;0.3547356426715851
0.54;0.5428205132484436;0.38;0.35546040534973145;0.28;0.26830822229385376
0.36;0.37481263279914856;0.28;0.268350750207901;0.2;0.21746544539928436
0.36;0.3632088601589203;0.54;0.5025352239608765;0.44;0.4049224853515625
0.18;0.17632409930229187;0.6;0.5742382407188416;0.3;0.2797742784023285
0.36;0.3642902374267578;0.62;0.5500049591064453;0.42;0.35630932450294495
0.12;0.11629841476678848;0.4;0.39015910029411316;0.22;0.19158990681171417
0.1;0.10523170977830887;0.12;0.12662054598331451;0.34;0.3470350205898285
0.12;0.11596476286649704;0.8;0.8030979037284851;0.26;0.2575051784515381
0.22;0.22317825257778168;0.3;0.2899107336997986;0.28;0.30661603808403015
0.34;0.34354424476623535;0.52;0.5470888018608093;0.36;0.3708086311817169
0.1;0.11215584725141525;0.38;0.3850324749946594;0.5;0.5230295658111572
0.32;0.34106314182281494;0.16;0.12738564610481262;0.14;0.14234811067581177
0.64;0.6385222673416138;0.1;0.09365493059158325;0.4;0.37235110998153687
0.32;0.3190516233444214;0.44;0.483602374792099;0.1;0.10481144487857819
0.26;0.2641708552837372;0.44;0.42973002791404724;0.24;0.22082111239433289
0.64;0.6424034237861633;0.24;0.2812160849571228;0.44;0.414500892162323
0.3;0.30767709016799927;0.26;0.27074941992759705;0.36;0.4038833975791931
0.34;0.3531958758831024;0.64;0.551074206829071;0.36;0.34140732884407043
0.7;0.6940714120864868;0.16;0.18499405682086945;0.32;0.2918367385864258
0.32;0.3421967625617981;0.3;0.30771398544311523;0.24;0.27818623185157776
0.46;0.4626355469226837;0.34;0.3127351403236389;0.5;0.5081733465194702
0.22;0.22276628017425537;0.46;0.5042315721511841;0.12;0.11840685456991196
0.32;0.31827500462532043;0.32;0.3492962121963501;0.32;0.36441218852996826
0.2;0.2064368724822998;0.46;0.521834671497345;0.1;0.10273293405771255
0.16;0.15408165752887726;0.76;0.7786966562271118;0.38;0.3697929084300995
0.1;0.1050812378525734;0.68;0.6900860667228699;0.3;0.2876766324043274
0.38;0.3990563452243805;0.32;0.28544002771377563;0.44;0.44039854407310486
0.32;0.32041242718696594;0.14;0.14101798832416534;0.46;0.4746512770652771
0.22;0.21768274903297424;0.66;0.6701275706291199;0.2;0.20282645523548126
0.5;0.4915120005607605;0.36;0.4050734341144562;0.28;0.3051600158214569
0.1;0.09822642058134079;0.68;0.6411788463592529;0.22;0.201384499669075
0.24;0.24434295296669006;0.42;0.4512849748134613;0.2;0.21106462180614471
0.34;0.3515990376472473;0.64;0.5608311891555786;0.22;0.22460070252418518
0.36;0.3747028708457947;0.56;0.48250773549079895;0.16;0.15001101791858673
0.16;0.15027357637882233;0.34;0.34631773829460144;0.22;0.23186032474040985
0.28;0.28832918405532837;0.66;0.566163957118988;0.22;0.2034507691860199
0.46;0.45194151997566223;0.36;0.3300046920776367;0.48;0.4899408221244812
0.2;0.19044746458530426;0.12;0.13279402256011963;0.2;0.14305439591407776
0.14;0.15052323043346405;0.54;0.557453453540802;0.1;0.11179443448781967
0.24;0.23848015069961548;0.7;0.6727344989776611;0.2;0.18288078904151917
0.52;0.5274072289466858;0.24;0.28812772035598755;0.1;0.09163137525320053
0.12;0.12122038751840591;0.54;0.5393940210342407;0.32;0.31217485666275024
0.14;0.11166287213563919;0.16;0.17864900827407837;0.24;0.2412993460893631
0.14;0.14145681262016296;0.52;0.5078833103179932;0.5;0.4644741415977478
0.72;0.7143345475196838;0.14;0.18457721173763275;0.38;0.3091508448123932
0.58;0.570439338684082;0.16;0.14819768071174622;0.2;0.21177658438682556
0.16;0.13818582892417908;0.16;0.1747504621744156;0.44;0.4245282709598541
0.38;0.3938649296760559;0.46;0.4391070604324341;0.24;0.26531973481178284
0.52;0.5112473964691162;0.42;0.40688565373420715;0.4;0.37860098481178284
0.26;0.2869231104850769;0.18;0.1482589691877365;0.14;0.12041942775249481
0.16;0.16553081572055817;0.42;0.42445293068885803;0.26;0.2745724320411682
0.3;0.29870274662971497;0.14;0.14142870903015137;0.12;0.11624260246753693
0.18;0.18577559292316437;0.36;0.3490622341632843;0.3;0.31831032037734985
0.42;0.4302598834037781;0.3;0.2957272231578827;0.36;0.3731599748134613
0.36;0.387167751789093;0.42;0.40723946690559387;0.1;0.1130269393324852
0.62;0.5946212410926819;0.34;0.34723812341690063;0.22;0.1924823820590973
0.2;0.1864261031150818;0.48;0.4903199374675751;0.26;0.23963618278503418
0.52;0.5274628400802612;0.28;0.2656879425048828;0.38;0.3854988217353821
0.62;0.6238910555839539;0.26;0.29663804173469543;0.5;0.48194003105163574
0.22;0.22218729555606842;0.26;0.24367545545101166;0.2;0.23088636994361877
0.1;0.11174379289150238;0.66;0.6753873229026794;0.12;0.14582981169223785
0.44;0.4625067412853241;0.16;0.13287129998207092;0.12;0.11799956858158112
0.5;0.5111970901489258;0.38;0.33128029108047485;0.14;0.1582750529050827
0.12;0.13637681305408478;0.6;0.6115027070045471;0.1;0.11289972066879272
0.14;0.1410616636276245;0.44;0.43047672510147095;0.28;0.2725573778152466
0.1;0.10059916973114014;0.56;0.5790471434593201;0.4;0.4233067035675049
0.3;0.29187968373298645;0.28;0.2695741057395935;0.18;0.2151460349559784
0.2;0.1842588186264038;0.44;0.48490282893180847;0.12;0.12708956003189087
0.24;0.24700023233890533;0.34;0.34199169278144836;0.4;0.4206206202507019
0.62;0.629921555519104;0.16;0.16280873119831085;0.18;0.17924658954143524
0.46;0.45653611421585083;0.44;0.4536779522895813;0.28;0.29987430572509766
0.1;0.09734641760587692;0.8;0.7544271945953369;0.2;0.17911607027053833
0.28;0.31159326434135437;0.42;0.39142295718193054;0.34;0.3530547022819519
0.32;0.3212756812572479;0.56;0.5666647553443909;0.12;0.11526045948266983
0.56;0.546257734298706;0.32;0.3826635479927063;0.36;0.35424622893333435
0.12;0.09935083985328674;0.22;0.2509347200393677;0.26;0.20069272816181183
0.14;0.1417340189218521;0.66;0.6886786222457886;0.48;0.484064519405365
0.12;0.11638642847537994;0.82;0.7203584313392639;0.14;0.14097878336906433
0.7;0.7009671926498413;0.26;0.26328781247138977;0.48;0.4580724835395813
0.28;0.29024389386177063;0.64;0.6142355799674988;0.28;0.260132759809494
0.56;0.5468750596046448;0.36;0.39743801951408386;0.28;0.2836734652519226
0.3;0.30314481258392334;0.16;0.15465134382247925;0.36;0.35741138458251953
0.22;0.2151796668767929;0.44;0.4777642488479614;0.22;0.24493756890296936
0.28;0.2885880470275879;0.52;0.5390354990959167;0.34;0.32454386353492737
0.26;0.26488617062568665;0.52;0.5332546830177307;0.28;0.25168830156326294
0.1;0.0992094874382019;0.6;0.6068952083587646;0.32;0.3128313422203064
0.3;0.2848595082759857;0.42;0.4862058460712433;0.1;0.08818741142749786
0.1;0.096690334379673;0.22;0.20147506892681122;0.46;0.4804843068122864
0.16;0.16000379621982574;0.2;0.2030242383480072;0.48;0.46939197182655334
0.28;0.29839617013931274;0.54;0.5428094267845154;0.44;0.422410786151886
0.38;0.42196372151374817;0.24;0.25322818756103516;0.46;0.5185986757278442
0.76;0.7584848403930664;0.2;0.18438808619976044;0.42;0.40568727254867554
0.6;0.5792762637138367;0.22;0.3290713131427765;0.22;0.19324991106987
0.84;0.8675899505615234;0.12;0.12436740100383759;0.5;0.4997565746307373
0.34;0.3420288562774658;0.18;0.17653003334999084;0.3;0.30682340264320374
0.14;0.16599418222904205;0.52;0.5211783051490784;0.1;0.10655057430267334
0.22;0.21584030985832214;0.44;0.47247740626335144;0.18;0.17625482380390167
0.18;0.17404630780220032;0.44;0.38166069984436035;0.22;0.16748519241809845
0.28;0.28167030215263367;0.58;0.5257036685943604;0.16;0.12567171454429626
0.36;0.39177608489990234;0.26;0.268095463514328;0.5;0.5151965618133545
0.5;0.49886441230773926;0.18;0.17041391134262085;0.12;0.14671950042247772
0.24;0.2374296337366104;0.74;0.6736382842063904;0.42;0.3623577952384949
0.22;0.2244684100151062;0.72;0.7161004543304443;0.38;0.38996121287345886
0.2;0.22063617408275604;0.56;0.6176446676254272;0.1;0.10469354689121246
0.1;0.10771972686052322;0.58;0.5809330344200134;0.18;0.18260061740875244
0.14;0.14468954503536224;0.14;0.1453566998243332;0.14;0.22006480395793915
0.2;0.21408885717391968;0.28;0.2737487554550171;0.44;0.4538816511631012
0.12;0.13755597174167633;0.36;0.3421271741390228;0.3;0.330623984336853
0.46;0.4548194706439972;0.52;0.4649364650249481;0.48;0.4835924506187439
0.82;0.863144040107727;0.16;0.11245623975992203;0.38;0.41602569818496704
0.16;0.14759312570095062;0.12;0.14656278491020203;0.42;0.3774673044681549
0.38;0.3913433253765106;0.4;0.37545016407966614;0.42;0.39142027497291565
0.72;0.7248424887657166;0.16;0.18677404522895813;0.38;0.38377371430397034
0.28;0.2936650216579437;0.56;0.5875128507614136;0.44;0.42077797651290894
0.38;0.3874918222427368;0.5;0.5087416172027588;0.14;0.1364317536354065
0.82;0.8630440831184387;0.14;0.11569438129663467;0.32;0.41657933592796326
0.32;0.3272515535354614;0.36;0.35525891184806824;0.36;0.38358741998672485
0.28;0.30029296875;0.4;0.37251460552215576;0.38;0.36587241291999817
0.12;0.11686673760414124;0.8;0.8434377908706665;0.32;0.3487221300601959
0.32;0.32655805349349976;0.62;0.5707084536552429;0.28;0.27301257848739624
0.14;0.14227065443992615;0.66;0.6566126346588135;0.28;0.2824844419956207
0.62;0.6356946229934692;0.14;0.1370861679315567;0.36;0.37751173973083496
0.56;0.552321195602417;0.24;0.26465514302253723;0.26;0.23918047547340393
0.58;0.5604446530342102;0.14;0.14180058240890503;0.34;0.3370347023010254
0.1;0.09570319950580597;0.26;0.25390297174453735;0.2;0.21958120167255402
0.1;0.09905271232128143;0.76;0.794364333152771;0.48;0.47988757491111755
0.28;0.2897633910179138;0.58;0.6107087731361389;0.5;0.4552006721496582
0.44;0.43777796626091003;0.2;0.20374077558517456;0.14;0.11951335519552231
0.3;0.3091762959957123;0.36;0.361594557762146;0.2;0.17532525956630707
0.2;0.20515333116054535;0.22;0.22910602390766144;0.46;0.46052560210227966
0.5;0.4829314947128296;0.42;0.4513563811779022;0.18;0.19163069128990173
0.56;0.5563167333602905;0.3;0.3275650441646576;0.28;0.2868620455265045
0.22;0.22373409569263458;0.66;0.6588490605354309;0.14;0.12433682382106781
0.12;0.11832516640424728;0.7;0.7319664359092712;0.46;0.46094614267349243
0.16;0.16239608824253082;0.24;0.25146716833114624;0.22;0.18259474635124207
0.14;0.1450951099395752;0.76;0.7510673999786377;0.42;0.423908531665802
0.78;0.7677287459373474;0.18;0.17409339547157288;0.14;0.1481923609972
0.14;0.14039982855319977;0.7;0.736571192741394;0.48;0.47047123312950134
0.46;0.4558410048484802;0.44;0.4980005621910095;0.34;0.35329365730285645
0.38;0.4474170506000519;0.56;0.4545886814594269;0.1;0.11036276817321777
0.68;0.6821395754814148;0.3;0.28835704922676086;0.44;0.44056934118270874
0.14;0.14284466207027435;0.76;0.7095377445220947;0.2;0.18325822055339813
0.56;0.5426702499389648;0.18;0.1724397838115692;0.16;0.15967726707458496
0.16;0.16522549092769623;0.44;0.43473783135414124;0.4;0.4254651665687561
0.72;0.7313207983970642;0.14;0.16797156631946564;0.5;0.4665268063545227
0.64;0.6235901117324829;0.18;0.22497010231018066;0.42;0.393193781375885
0.44;0.4360608756542206;0.5;0.5530021786689758;0.48;0.4909593164920807
0.16;0.16310358047485352;0.22;0.2136446237564087;0.36;0.3690376877784729
0.86;0.7871905565261841;0.12;0.1566985696554184;0.2;0.17597360908985138
0.1;0.11100022494792938;0.56;0.5654234290122986;0.14;0.1567876785993576
0.68;0.6806932091712952;0.28;0.25166237354278564;0.28;0.2789185643196106
0.42;0.4313071668148041;0.14;0.1359388828277588;0.42;0.4487393796443939
0.18;0.16510185599327087;0.72;0.7240345478057861;0.12;0.09916131943464279
0.14;0.14779788255691528;0.36;0.3480652868747711;0.3;0.32237836718559265
0.12;0.11572636663913727;0.14;0.15379483997821808;0.22;0.23217692971229553
0.28;0.28431445360183716;0.62;0.5826948881149292;0.3;0.23805181682109833
0.5;0.49040648341178894;0.2;0.2124893069267273;0.2;0.21256104111671448
0.7;0.686732292175293;0.12;0.14145851135253906;0.36;0.3734409213066101
0.74;0.7284480929374695;0.1;0.11555841565132141;0.42;0.40617409348487854
0.72;0.721707820892334;0.12;0.12151776999235153;0.22;0.17848581075668335
0.2;0.2055554836988449;0.76;0.6782263517379761;0.12;0.11109433323144913
0.26;0.2672151029109955;0.24;0.22836719453334808;0.28;0.2834071218967438
0.68;0.6885114312171936;0.24;0.2563972771167755;0.34;0.3188762068748474
0.28;0.28580307960510254;0.18;0.16884373128414154;0.28;0.2694876194000244
0.16;0.17481295764446259;0.82;0.691827118396759;0.14;0.14939703047275543
0.6;0.5999857187271118;0.16;0.16368675231933594;0.24;0.2344154566526413
0.26;0.26862823963165283;0.46;0.4592058062553406;0.34;0.32150664925575256
0.14;0.13927538692951202;0.46;0.43828198313713074;0.42;0.40014132857322693
0.16;0.1596868932247162;0.58;0.5613955855369568;0.28;0.25621673464775085
0.62;0.6182551980018616;0.12;0.11420903354883194;0.18;0.20948819816112518
0.24;0.24812114238739014;0.52;0.5085355639457703;0.34;0.3206140100955963
0.68;0.6748635172843933;0.28;0.2642141580581665;0.38;0.3758907914161682
0.54;0.5502488613128662;0.3;0.3348594009876251;0.12;0.12033863365650177
0.54;0.5310956835746765;0.38;0.36201247572898865;0.42;0.4123665690422058
0.5;0.5033754706382751;0.34;0.33449849486351013;0.16;0.1674029529094696
0.58;0.5849398970603943;0.26;0.28670722246170044;0.42;0.41305750608444214
0.16;0.16264688968658447;0.42;0.412615567445755;0.24;0.23511819541454315
0.56;0.5523707270622253;0.36;0.37059396505355835;0.24;0.24067506194114685
0.18;0.18360848724842072;0.26;0.24720421433448792;0.34;0.3426249623298645
0.42;0.4260987937450409;0.1;0.0868079885840416;0.44;0.4606737494468689
0.36;0.35794615745544434;0.44;0.46262043714523315;0.38;0.43322014808654785
0.24;0.26330673694610596;0.24;0.2173776924610138;0.14;0.15695364773273468
0.58;0.5659720301628113;0.28;0.30275076627731323;0.16;0.16232827305793762
0.58;0.5808643102645874;0.12;0.11864907294511795;0.26;0.24490967392921448
0.64;0.613101601600647;0.1;0.1128888800740242;0.1;0.14914318919181824
0.44;0.41495558619499207;0.12;0.12156766653060913;0.16;0.1326795071363449
0.62;0.6176943778991699;0.14;0.13502101600170135;0.22;0.21855084598064423
0.2;0.20348641276359558;0.74;0.7025253176689148;0.32;0.2955983579158783
0.42;0.4113386273384094;0.18;0.18814174830913544;0.26;0.2762957811355591
0.42;0.41447246074676514;0.42;0.4845447540283203;0.16;0.15514743328094482
0.14;0.1317051500082016;0.18;0.1719914972782135;0.38;0.40496593713760376
0.3;0.2899077534675598;0.56;0.5627021789550781;0.12;0.09856286644935608
0.24;0.2434719055891037;0.22;0.23165293037891388;0.4;0.41749539971351624
0.58;0.5529281497001648;0.22;0.3036641776561737;0.2;0.20351257920265198
0.26;0.2609749734401703;0.56;0.5495253801345825;0.28;0.26365408301353455
0.28;0.29865971207618713;0.18;0.1717229187488556;0.42;0.43951526284217834
0.46;0.47070276737213135;0.44;0.412834495306015;0.26;0.28798237442970276
0.32;0.3255862295627594;0.52;0.49672240018844604;0.24;0.2142409384250641
0.5;0.5026800036430359;0.36;0.38001489639282227;0.5;0.4999656677246094
0.6;0.6006799936294556;0.3;0.3137699067592621;0.12;0.11692675203084946
0.14;0.15348435938358307;0.44;0.41349244117736816;0.26;0.2495536059141159
0.84;0.8115103244781494;0.12;0.1473388373851776;0.18;0.22736506164073944
0.24;0.2486276626586914;0.32;0.3284223675727844;0.38;0.4223814010620117
0.38;0.4033737778663635;0.12;0.13042773306369781;0.4;0.36643844842910767
0.22;0.22132781147956848;0.64;0.6220744252204895;0.5;0.4592791199684143
0.36;0.3680490255355835;0.56;0.5549273490905762;0.26;0.2776237428188324
0.46;0.4617520570755005;0.3;0.28858888149261475;0.32;0.34735551476478577
0.56;0.5611181259155273;0.28;0.3050752282142639;0.3;0.3041207790374756
0.12;0.12210414558649063;0.76;0.7305851578712463;0.18;0.1791616678237915
0.1;0.10869700461626053;0.3;0.2888578176498413;0.3;0.34094831347465515
0.44;0.5169260501861572;0.54;0.42194658517837524;0.1;0.10103042423725128
0.4;0.41202419996261597;0.48;0.48398351669311523;0.3;0.3089822828769684
0.1;0.0999874547123909;0.32;0.3104623556137085;0.38;0.4016929566860199
0.32;0.3046395778656006;0.24;0.24611113965511322;0.24;0.26974889636039734
0.2;0.19775183498859406;0.58;0.6090977191925049;0.1;0.08437687158584595
0.3;0.29523321986198425;0.16;0.17109982669353485;0.4;0.38337868452072144
0.12;0.12261831760406494;0.68;0.7438079714775085;0.26;0.27534571290016174
0.26;0.27339327335357666;0.32;0.3168981075286865;0.24;0.2680048942565918
0.54;0.5276703834533691;0.36;0.3917808532714844;0.34;0.33212584257125854
0.8;0.8006131052970886;0.18;0.16277062892913818;0.46;0.497525691986084
0.48;0.48553118109703064;0.5;0.4816395044326782;0.3;0.3129599988460541
0.6;0.5955117344856262;0.16;0.1538914144039154;0.14;0.15164239704608917
0.56;0.5541229248046875;0.36;0.34942513704299927;0.18;0.18467865884304047
0.48;0.46427711844444275;0.2;0.2221960872411728;0.18;0.1679702252149582
0.68;0.6817272901535034;0.22;0.2432580292224884;0.28;0.2647792100906372
0.42;0.4269798994064331;0.46;0.5025314092636108;0.12;0.12600991129875183
0.74;0.7711835503578186;0.12;0.10776915401220322;0.22;0.23487433791160583
0.64;0.6796250343322754;0.34;0.2603451907634735;0.12;0.13939809799194336
0.48;0.4737726151943207;0.14;0.1552773267030716;0.46;0.4481029510498047
0.1;0.09802260249853134;0.86;0.7574667930603027;0.16;0.1380557417869568
0.2;0.20081184804439545;0.78;0.7035965919494629;0.34;0.3077523708343506
0.58;0.5538277626037598;0.1;0.11829908192157745;0.14;0.15547415614128113
0.58;0.5735650658607483;0.4;0.3907531201839447;0.5;0.505715012550354
0.38;0.3860195279121399;0.52;0.5402785539627075;0.42;0.4135039448738098
0.3;0.27432578802108765;0.3;0.34163591265678406;0.38;0.40896692872047424
0.22;0.2223275899887085;0.66;0.6741780638694763;0.48;0.4466349184513092
0.48;0.47557541728019714;0.32;0.3299229145050049;0.26;0.27983659505844116
0.78;0.8047026991844177;0.16;0.14282028377056122;0.14;0.2052147388458252
0.6;0.5696830153465271;0.32;0.3786790668964386;0.2;0.1804628074169159
0.46;0.4617355465888977;0.38;0.34471842646598816;0.5;0.4945337176322937
0.32;0.3378654420375824;0.6;0.5749059915542603;0.42;0.36795830726623535
0.24;0.25333601236343384;0.18;0.160929337143898;0.42;0.423635333776474
0.16;0.16350482404232025;0.46;0.47426262497901917;0.32;0.34921544790267944
0.2;0.2038847804069519;0.36;0.36304622888565063;0.42;0.44080811738967896
0.6;0.6011585593223572;0.18;0.1923341602087021;0.12;0.12384810298681259
0.5;0.4926382005214691;0.18;0.19861063361167908;0.24;0.2376697063446045
0.2;0.19901545345783234;0.76;0.6848072409629822;0.28;0.2623474597930908
0.52;0.5250062346458435;0.12;0.11306383460760117;0.38;0.3716806173324585
0.72;0.8030585646629333;0.18;0.14292091131210327;0.1;0.18580225110054016
0.14;0.15035107731819153;0.24;0.23994173109531403;0.38;0.3781760334968567
0.54;0.5329926609992981;0.3;0.3439781665802002;0.22;0.2411089390516281
0.24;0.24635761976242065;0.22;0.22864344716072083;0.36;0.36819589138031006
0.16;0.16737917065620422;0.22;0.21274816989898682;0.34;0.3698161840438843
0.2;0.18905018270015717;0.12;0.11735828965902328;0.48;0.4823996424674988
0.3;0.30230897665023804;0.32;0.32929250597953796;0.48;0.5175732374191284
0.34;0.35766205191612244;0.64;0.5837245583534241;0.3;0.28308528661727905
0.28;0.2883243262767792;0.48;0.4715801477432251;0.24;0.20194396376609802
0.12;0.09668821841478348;0.4;0.3927117586135864;0.48;0.45453348755836487
0.2;0.1894621104001999;0.6;0.6040034294128418;0.38;0.3681674599647522
0.28;0.2828245162963867;0.38;0.40699365735054016;0.14;0.14652958512306213
0.54;0.5266093611717224;0.36;0.3473232090473175;0.1;0.11327508836984634
0.5;0.5144345164299011;0.36;0.32909059524536133;0.38;0.3834853768348694
0.32;0.3415636718273163;0.6;0.593713104724884;0.36;0.35694199800491333
0.26;0.2667233645915985;0.54;0.5255464911460876;0.48;0.4337453842163086
0.1;0.11534444987773895;0.62;0.5877699255943298;0.14;0.14158499240875244
0.68;0.6827378869056702;0.26;0.2862322926521301;0.5;0.4860720634460449
0.22;0.2251596450805664;0.54;0.5328745245933533;0.22;0.20634432137012482
0.42;0.433841735124588;0.12;0.10248532146215439;0.44;0.4587762951850891
0.12;0.11958332359790802;0.72;0.7459913492202759;0.5;0.4846351742744446
0.48;0.48664942383766174;0.48;0.4559474289417267;0.44;0.4521663784980774
0.4;0.40748995542526245;0.56;0.5194461345672607;0.44;0.4293001592159271
0.66;0.6821781992912292;0.28;0.252781480550766;0.18;0.18453526496887207
0.1;0.09538658708333969;0.32;0.31132832169532776;0.46;0.4977206587791443
0.24;0.25348907709121704;0.3;0.31290963292121887;0.36;0.38422316312789917
0.74;0.7234311103820801;0.1;0.10841472446918488;0.24;0.1994946002960205
0.16;0.1578505039215088;0.7;0.7354580760002136;0.46;0.45588356256484985
0.1;0.10202543437480927;0.18;0.18118292093276978;0.44;0.41293659806251526
0.3;0.3182923495769501;0.46;0.41441604495048523;0.42;0.4157504141330719
0.22;0.22881172597408295;0.54;0.5660483837127686;0.46;0.5135862231254578
0.2;0.21672186255455017;0.28;0.2733600437641144;0.46;0.489594042301178
0.28;0.2985881567001343;0.7;0.6826596260070801;0.26;0.24464282393455505
0.12;0.1190313771367073;0.72;0.7421887516975403;0.48;0.47287502884864807
0.64;0.6208829283714294;0.24;0.32016244530677795;0.28;0.2599736750125885
0.1;0.0871548280119896;0.88;0.7336305379867554;0.44;0.3580397367477417
0.36;0.3788262605667114;0.5;0.4388046860694885;0.24;0.24363496899604797
0.26;0.26300784945487976;0.4;0.42144399881362915;0.28;0.29862409830093384
0.68;0.6735380291938782;0.22;0.26215001940727234;0.44;0.43297868967056274
0.3;0.31441500782966614;0.56;0.5631644129753113;0.42;0.41305655241012573
0.52;0.5052511692047119;0.4;0.3951127827167511;0.16;0.16819360852241516
0.36;0.3671361207962036;0.52;0.5162307024002075;0.16;0.15215051174163818
0.12;0.11577782034873962;0.86;0.8306856155395508;0.44;0.44382554292678833
0.2;0.22470688819885254;0.26;0.2383621484041214;0.44;0.4706971049308777
0.42;0.4281768798828125;0.4;0.43098732829093933;0.34;0.3660631477832794
0.6;0.6037663221359253;0.38;0.35532471537590027;0.22;0.2140914499759674
0.18;0.18594202399253845;0.2;0.19611872732639313;0.24;0.24795904755592346
0.28;0.28803637623786926;0.64;0.6508156061172485;0.36;0.35925808548927307
0.64;0.6393126845359802;0.22;0.2224772721529007;0.44;0.42557820677757263
0.22;0.21878083050251007;0.48;0.5059722065925598;0.34;0.36965858936309814
0.28;0.2906123995780945;0.46;0.40408334136009216;0.26;0.1931370198726654
0.1;0.10533299297094345;0.7;0.7150726914405823;0.32;0.32445061206817627
0.42;0.42454591393470764;0.42;0.47312766313552856;0.36;0.3562180995941162
0.66;0.6934993267059326;0.1;0.08432593941688538;0.44;0.44494691491127014
0.12;0.1100088581442833;0.36;0.377714067697525;0.28;0.26293453574180603
0.26;0.26595938205718994;0.48;0.4316152036190033;0.2;0.15544837713241577
0.1;0.11232811957597733;0.38;0.3808908760547638;0.34;0.3361634612083435
0.4;0.393431693315506;0.36;0.4114031195640564;0.14;0.15373417735099792
0.3;0.3163576126098633;0.32;0.29556965827941895;0.14;0.1831449270248413
0.54;0.5406759977340698;0.16;0.15969309210777283;0.24;0.2499745786190033
0.32;0.3415718674659729;0.28;0.27686411142349243;0.28;0.32738634943962097
0.34;0.34023353457450867;0.36;0.3517394959926605;0.1;0.09538193047046661
0.14;0.13165788352489471;0.72;0.6593131422996521;0.16;0.15427906811237335
0.6;0.5725554823875427;0.2;0.34364837408065796;0.16;0.12952128052711487
0.58;0.567833662033081;0.16;0.15501733124256134;0.12;0.14537206292152405
0.34;0.3490840196609497;0.44;0.40345197916030884;0.26;0.23651699721813202
0.34;0.3489295542240143;0.52;0.5734266638755798;0.18;0.16970108449459076
0.34;0.35068708658218384;0.48;0.5005174875259399;0.2;0.2141525000333786
0.22;0.20975084602832794;0.14;0.14543631672859192;0.26;0.20261478424072266
0.58;0.5678451061248779;0.12;0.11937771737575531;0.1;0.1694064885377884
0.24;0.2510221004486084;0.3;0.29271796345710754;0.18;0.18844744563102722
0.36;0.3743455410003662;0.3;0.29744163155555725;0.48;0.4690884053707123
0.44;0.4362231194972992;0.42;0.45227351784706116;0.16;0.18227867782115936
0.34;0.35163846611976624;0.58;0.5870851278305054;0.38;0.3938668966293335
0.36;0.35891175270080566;0.58;0.5569286942481995;0.48;0.42530518770217896
0.56;0.5642632246017456;0.18;0.1997702270746231;0.4;0.42027387022972107
0.2;0.19234323501586914;0.64;0.6020790934562683;0.18;0.17204517126083374
0.38;0.3847823739051819;0.52;0.5217201709747314;0.46;0.43764162063598633
0.86;0.8406682014465332;0.1;0.1339772641658783;0.4;0.33879080414772034
0.22;0.22616328299045563;0.3;0.2862476408481598;0.1;0.11709316074848175
0.78;0.7754936218261719;0.2;0.1649620532989502;0.16;0.17303624749183655
0.36;0.36721333861351013;0.14;0.11832869797945023;0.14;0.19714149832725525
0.38;0.3879561722278595;0.28;0.2769530117511749;0.24;0.2597073018550873
0.24;0.23338139057159424;0.14;0.1428801417350769;0.3;0.23598460853099823
0.66;0.6611598134040833;0.16;0.1576683521270752;0.38;0.3800775110721588
0.72;0.7067878246307373;0.1;0.14812369644641876;0.34;0.2882557511329651
0.46;0.4659944772720337;0.48;0.5016650557518005;0.28;0.2812166213989258
0.46;0.4602386951446533;0.36;0.3419259786605835;0.38;0.37646484375
0.54;0.5458924770355225;0.32;0.320002943277359;0.28;0.30865052342414856
0.26;0.260212242603302;0.14;0.12710078060626984;0.22;0.20971360802650452
0.64;0.6257731318473816;0.24;0.2762524485588074;0.14;0.12594255805015564
0.56;0.5489416122436523;0.1;0.11247039586305618;0.26;0.24186718463897705
0.42;0.42160266637802124;0.4;0.4074500799179077;0.4;0.4120577275753021
0.46;0.4584387242794037;0.28;0.2796853184700012;0.36;0.4077376425266266
0.52;0.5227122902870178;0.22;0.2086934596300125;0.18;0.19494104385375977
0.44;0.4419264495372772;0.12;0.10993754118680954;0.22;0.2108096182346344
0.48;0.4757326543331146;0.16;0.17802377045154572;0.44;0.4341791272163391
0.82;0.7755060791969299;0.1;0.15633772313594818;0.18;0.13160152733325958
0.4;0.41170576214790344;0.16;0.16448058187961578;0.48;0.48154574632644653
0.2;0.20013870298862457;0.1;0.11230108141899109;0.36;0.21328754723072052
0.14;0.13529546558856964;0.44;0.4194236993789673;0.2;0.19101782143115997
0.16;0.1714949607849121;0.36;0.33486631512641907;0.24;0.2778424918651581
0.14;0.14754731953144073;0.72;0.7165499329566956;0.34;0.32425057888031006
0.32;0.3030978739261627;0.66;0.559973955154419;0.12;0.10341858863830566
0.16;0.16198745369911194;0.66;0.6560803651809692;0.36;0.34957602620124817
0.44;0.44169995188713074;0.5;0.5119966864585876;0.38;0.39027634263038635
0.7;0.6969807147979736;0.28;0.25974076986312866;0.36;0.3725772500038147
0.18;0.17952711880207062;0.4;0.3898896276950836;0.34;0.3234326243400574
0.26;0.2601742446422577;0.4;0.430081307888031;0.12;0.12109484523534775
0.6;0.5946505069732666;0.2;0.22072893381118774;0.34;0.3311898112297058
0.12;0.13403145968914032;0.22;0.17736731469631195;0.5;0.5336728096008301
0.58;0.5655558705329895;0.24;0.2950974702835083;0.12;0.12451726198196411
0.84;0.8053094744682312;0.14;0.13458094000816345;0.12;0.1655525416135788
0.54;0.5481152534484863;0.26;0.2562899887561798;0.24;0.24743016064167023
0.1;0.0952153354883194;0.54;0.5300441980361938;0.38;0.38189181685447693
0.28;0.3095153868198395;0.32;0.2774960696697235;0.16;0.2030528038740158
0.34;0.33981919288635254;0.48;0.44217151403427124;0.38;0.3257635533809662
0.62;0.6011959314346313;0.1;0.11917375773191452;0.28;0.23350897431373596
0.28;0.2906668484210968;0.62;0.5850034952163696;0.42;0.3764243721961975
0.46;0.46929219365119934;0.24;0.24050642549991608;0.16;0.16376562416553497
0.24;0.24152465164661407;0.4;0.404197096824646;0.34;0.3610619902610779
0.14;0.13959865272045135;0.7;0.6826395392417908;0.18;0.17552101612091064
0.22;0.2232738584280014;0.72;0.6967759728431702;0.48;0.42296648025512695
0.36;0.360844224691391;0.4;0.40018194913864136;0.5;0.4804011285305023
0.36;0.37511032819747925;0.5;0.4615410268306732;0.16;0.1368485391139984
0.24;0.24542872607707977;0.36;0.36490878462791443;0.46;0.48020297288894653
0.62;0.6249001622200012;0.26;0.27914726734161377;0.46;0.47287192940711975
0.82;0.8216926455497742;0.12;0.1348361223936081;0.24;0.23704127967357635
0.26;0.2636074721813202;0.64;0.6235713958740234;0.26;0.2342749834060669
0.14;0.15272840857505798;0.38;0.3772880733013153;0.3;0.28268855810165405
0.14;0.15071287751197815;0.32;0.31068360805511475;0.18;0.2167322337627411
0.62;0.6289624571800232;0.3;0.295610636472702;0.5;0.48532634973526
0.34;0.3516911566257477;0.4;0.36976009607315063;0.24;0.22230780124664307
0.1;0.11290401220321655;0.54;0.5442299246788025;0.14;0.14054489135742188
0.14;0.1456439048051834;0.66;0.6485873460769653;0.18;0.17990121245384216
0.28;0.29211968183517456;0.1;0.0764952078461647;0.22;0.21325135231018066
0.46;0.4751473069190979;0.52;0.4684675335884094;0.34;0.34664544463157654
0.5;0.49586188793182373;0.48;0.4240759313106537;0.48;0.45946818590164185
0.14;0.1465730518102646;0.76;0.7977705597877502;0.32;0.33049842715263367
0.12;0.12479084730148315;0.78;0.7936737537384033;0.3;0.2983338236808777
0.26;0.2729908525943756;0.68;0.6656773090362549;0.4;0.3861216902732849
0.38;0.3848661482334137;0.48;0.47084110975265503;0.18;0.17027100920677185
0.14;0.1374526023864746;0.58;0.5665925741195679;0.42;0.3882381021976471
0.18;0.17651750147342682;0.2;0.21089205145835876;0.36;0.33741095662117004
0.3;0.2989283502101898;0.14;0.1289488673210144;0.4;0.41435956954956055
0.3;0.3188791275024414;0.56;0.5356621146202087;0.5;0.4686153829097748
0.6;0.5911617875099182;0.1;0.10318676382303238;0.2;0.1957886517047882
0.36;0.36017152667045593;0.6;0.5575538277626038;0.36;0.35557273030281067
0.32;0.33544066548347473;0.52;0.5196617841720581;0.26;0.2700776755809784
0.42;0.4588359296321869;0.2;0.16593113541603088;0.12;0.1393812596797943
0.16;0.15322880446910858;0.18;0.185645192861557;0.42;0.4560522437095642
0.34;0.3550143539905548;0.3;0.2879534363746643;0.44;0.444416344165802
0.48;0.48121359944343567;0.44;0.45580926537513733;0.42;0.4156147837638855
0.44;0.4429536461830139;0.48;0.4971424639225006;0.18;0.1777951866388321
0.1;0.10128282755613327;0.78;0.762760579586029;0.24;0.23211348056793213
0.22;0.22844570875167847;0.62;0.6577407121658325;0.42;0.4448474049568176
0.2;0.2071695327758789;0.44;0.4441431164741516;0.36;0.3789626359939575
0.5;0.5005659461021423;0.48;0.46014195680618286;0.32;0.308434396982193
0.28;0.3088420033454895;0.1;0.07496213167905807;0.34;0.3153919279575348
0.12;0.11549781262874603;0.48;0.45509597659111023;0.22;0.20022885501384735
0.36;0.35649198293685913;0.62;0.5435513854026794;0.22;0.24720366299152374
0.12;0.12024684250354767;0.84;0.7588923573493958;0.12;0.11820165812969208
0.18;0.1867155283689499;0.44;0.4330856502056122;0.46;0.48274311423301697
0.18;0.177777498960495;0.72;0.6978254318237305;0.26;0.2538507878780365
0.4;0.3949516713619232;0.22;0.232172891497612;0.2;0.18308134377002716
0.2;0.21725226938724518;0.46;0.47300902009010315;0.48;0.47349128127098083
0.36;0.3975818157196045;0.56;0.5236355066299438;0.1;0.1068134531378746
0.28;0.2897837460041046;0.38;0.40194496512413025;0.28;0.3053925335407257
0.32;0.3130011558532715;0.32;0.3236233592033386;0.5;0.4925181269645691
0.38;0.3839678466320038;0.38;0.39257270097732544;0.14;0.16623587906360626
0.3;0.30878525972366333;0.4;0.3833008110523224;0.32;0.30332908034324646
0.5;0.4937807023525238;0.1;0.10031607002019882;0.5;0.47512125968933105
0.16;0.16225770115852356;0.34;0.3261886537075043;0.14;0.1803581267595291
0.52;0.5115582346916199;0.24;0.2715637981891632;0.14;0.15401732921600342
0.8;0.7819514274597168;0.1;0.14618302881717682;0.32;0.24164924025535583
0.12;0.11648888885974884;0.74;0.7192778587341309;0.2;0.20480763912200928
0.46;0.4650160074234009;0.36;0.309544175863266;0.34;0.37172403931617737
0.2;0.18267971277236938;0.14;0.15870144963264465;0.32;0.2533770203590393
0.4;0.408417284488678;0.4;0.3902037739753723;0.3;0.2900378108024597
0.34;0.340843141078949;0.44;0.4334048926830292;0.42;0.4435250163078308
0.6;0.5793457627296448;0.38;0.39717239141464233;0.24;0.2224525511264801
0.26;0.26346269249916077;0.32;0.3344877064228058;0.34;0.3657371997833252
0.36;0.3840603828430176;0.32;0.3812527358531952;0.1;0.11441061645746231
0.4;0.4037812352180481;0.46;0.4868479073047638;0.14;0.14639738202095032
0.28;0.2923043966293335;0.3;0.27027571201324463;0.12;0.14997678995132446
0.24;0.2388659566640854;0.48;0.4621456563472748;0.16;0.1368897259235382
0.2;0.1983328014612198;0.78;0.7059587240219116;0.22;0.20501652359962463
0.12;0.11341046541929245;0.1;0.1295384019613266;0.32;0.24790425598621368
0.66;0.6601032614707947;0.12;0.11158082634210587;0.34;0.3323702812194824
0.56;0.5484558343887329;0.16;0.15379445254802704;0.32;0.30829092860221863
0.1;0.107364721596241;0.24;0.22757591307163239;0.44;0.4546695351600647
0.54;0.5214771628379822;0.42;0.454402893781662;0.32;0.33154892921447754
0.16;0.16974787414073944;0.36;0.33449843525886536;0.26;0.2951970100402832
0.48;0.47421324253082275;0.38;0.41040030121803284;0.5;0.4853282570838928
0.24;0.23269733786582947;0.46;0.46165594458580017;0.26;0.2337990701198578
0.46;0.4697844684123993;0.16;0.15318113565444946;0.2;0.22453442215919495
0.28;0.2874160408973694;0.54;0.5411100387573242;0.46;0.4416710436344147
0.46;0.457228422164917;0.52;0.5065467953681946;0.38;0.4141979217529297
0.4;0.40148839354515076;0.26;0.26100555062294006;0.26;0.286373496055603
0.3;0.3263987600803375;0.14;0.11617046594619751;0.18;0.21261298656463623
0.78;0.8287333846092224;0.2;0.12713907659053802;0.24;0.3106659948825836
0.56;0.5884792804718018;0.16;0.13194091618061066;0.12;0.1947433054447174
0.28;0.2822001874446869;0.26;0.30390775203704834;0.46;0.5174959897994995
0.28;0.2960717976093292;0.22;0.196620911359787;0.1;0.10412473976612091
0.52;0.5305191874504089;0.16;0.14016766846179962;0.14;0.1845598816871643
0.22;0.22791960835456848;0.32;0.32753419876098633;0.32;0.33815255761146545
0.22;0.2258879691362381;0.52;0.5452730059623718;0.36;0.39257559180259705
0.12;0.11754364520311356;0.76;0.769311785697937;0.5;0.4538218379020691
0.3;0.3013140559196472;0.22;0.19613893330097198;0.12;0.1353597790002823
0.54;0.5357934832572937;0.26;0.2737393379211426;0.28;0.28979039192199707
0.54;0.516339898109436;0.22;0.32449105381965637;0.16;0.13770830631256104
0.42;0.3980971574783325;0.12;0.12983036041259766;0.24;0.21075913310050964
0.6;0.5900833010673523;0.2;0.18655802309513092;0.18;0.19430017471313477
0.48;0.48228293657302856;0.42;0.40405145287513733;0.16;0.1627109795808792
0.24;0.25721001625061035;0.48;0.504426896572113;0.2;0.21600517630577087
0.36;0.3612445890903473;0.14;0.14065134525299072;0.34;0.3153606057167053
0.32;0.337855726480484;0.58;0.5855360627174377;0.1;0.10546360164880753
0.2;0.1938392072916031;0.42;0.4235784709453583;0.4;0.41189131140708923
0.84;0.8691381216049194;0.14;0.11413335800170898;0.46;0.47988829016685486
0.38;0.37362489104270935;0.42;0.412133127450943;0.22;0.22302119433879852
0.42;0.43273404240608215;0.3;0.2917264997959137;0.4;0.4076559543609619
0.62;0.6184902787208557;0.26;0.27778327465057373;0.12;0.11575879156589508
0.28;0.2960412800312042;0.62;0.6051403284072876;0.44;0.3944729268550873
0.6;0.5850319266319275;0.32;0.3249795138835907;0.14;0.16376180946826935
0.54;0.5294358730316162;0.36;0.4064626395702362;0.4;0.40264183282852173
0.22;0.21080434322357178;0.68;0.6742374897003174;0.32;0.299679696559906
0.46;0.45819371938705444;0.32;0.3395984172821045;0.2;0.21410532295703888
0.22;0.22106952965259552;0.28;0.28555604815483093;0.2;0.19030718505382538
0.72;0.752979040145874;0.2;0.195440873503685;0.18;0.17187486588954926
0.78;0.779218316078186;0.12;0.15318554639816284;0.3;0.2813815474510193
0.52;0.5028790831565857;0.36;0.43204042315483093;0.46;0.48074597120285034
0.58;0.5692416429519653;0.24;0.24407093226909637;0.1;0.10937710851430893
0.14;0.14588963985443115;0.54;0.5345698595046997;0.38;0.3776147961616516
0.1;0.10638588666915894;0.3;0.2985614538192749;0.38;0.39300337433815
0.54;0.5570577383041382;0.38;0.3566812574863434;0.12;0.12041626125574112
0.32;0.32235440611839294;0.38;0.45806363224983215;0.1;0.11806193739175797
0.16;0.14640256762504578;0.78;0.7202315926551819;0.22;0.21205377578735352
0.12;0.11773465573787689;0.12;0.15290981531143188;0.34;0.2784617841243744
0.26;0.2657148540019989;0.6;0.6074228882789612;0.46;0.41324082016944885
0.38;0.38888731598854065;0.58;0.46321702003479004;0.14;0.13638551533222198
0.3;0.2975006103515625;0.28;0.2727842628955841;0.16;0.17643111944198608
0.44;0.4542653560638428;0.24;0.23465433716773987;0.28;0.3023335933685303
0.48;0.4861028790473938;0.18;0.18150374293327332;0.44;0.4487505555152893
0.56;0.553695023059845;0.16;0.1527204066514969;0.26;0.2498275339603424
0.58;0.5819407105445862;0.18;0.16680417954921722;0.1;0.1109284907579422
0.28;0.2834876775741577;0.58;0.5745224952697754;0.12;0.10325291007757187
0.28;0.30022871494293213;0.42;0.3983445167541504;0.42;0.3934325575828552
0.26;0.26820194721221924;0.64;0.663025975227356;0.32;0.3102115988731384
0.16;0.14654003083705902;0.74;0.6959904432296753;0.14;0.1412724405527115
0.12;0.12242219597101212;0.56;0.5615807175636292;0.18;0.18462972342967987
0.62;0.6150965690612793;0.26;0.28997939825057983;0.36;0.3439532220363617
0.14;0.13939565420150757;0.14;0.15364858508110046;0.2;0.29622936248779297
0.18;0.189395934343338;0.22;0.21164406836032867;0.32;0.3236880898475647
0.38;0.38830336928367615;0.44;0.430144727230072;0.4;0.39115315675735474
0.16;0.16011840105056763;0.56;0.574930727481842;0.14;0.14254629611968994
0.28;0.27377593517303467;0.3;0.33785873651504517;0.4;0.44052448868751526
0.68;0.6718143224716187;0.16;0.1934003233909607;0.34;0.33678945899009705
0.12;0.119573213160038;0.84;0.7674480676651001;0.28;0.26878827810287476
0.4;0.4882194995880127;0.52;0.43899399042129517;0.1;0.1208803653717041
0.32;0.3342802822589874;0.52;0.48467573523521423;0.46;0.42823752760887146
0.28;0.31180891394615173;0.42;0.39088812470436096;0.38;0.3725273907184601
0.74;0.7222773432731628;0.1;0.07813330739736557;0.18;0.14930251240730286
0.38;0.38638824224472046;0.34;0.32308149337768555;0.16;0.16897018253803253
0.4;0.42036569118499756;0.52;0.4929671883583069;0.34;0.3565034568309784
0.42;0.42158937454223633;0.52;0.479095995426178;0.3;0.30975228548049927
0.1;0.09916882961988449;0.56;0.5750211477279663;0.34;0.3526391088962555
0.18;0.17896676063537598;0.62;0.6723282933235168;0.1;0.09352922439575195
0.2;0.19626927375793457;0.1;0.11611951142549515;0.34;0.22652216255664825
0.32;0.3344285488128662;0.4;0.4016675055027008;0.38;0.3920109272003174
0.16;0.14875449240207672;0.64;0.631161630153656;0.16;0.1512073278427124
0.32;0.3477621376514435;0.3;0.2986270785331726;0.26;0.30927878618240356
0.18;0.17445789277553558;0.72;0.6649374961853027;0.4;0.3612489402294159
0.7;0.7103291749954224;0.26;0.2524350881576538;0.4;0.4133484363555908
0.16;0.16164308786392212;0.6;0.5723474025726318;0.28;0.2464299201965332
0.4;0.3992244005203247;0.26;0.2648693919181824;0.2;0.2143733948469162
0.62;0.6137368679046631;0.22;0.28721898794174194;0.12;0.0954211950302124
0.52;0.5167617797851562;0.2;0.21561017632484436;0.34;0.327935129404068
0.72;0.7956490516662598;0.2;0.15753071010112762;0.12;0.20225577056407928
0.24;0.24618859589099884;0.62;0.5970355868339539;0.38;0.3805846571922302
0.44;0.46640345454216003;0.26;0.24536770582199097;0.12;0.12772473692893982
0.2;0.19844965636730194;0.32;0.3195514380931854;0.34;0.35995447635650635
0.3;0.31011393666267395;0.64;0.5714468359947205;0.18;0.16149413585662842
0.38;0.38837870955467224;0.4;0.42284855246543884;0.38;0.43458110094070435
0.28;0.2993233799934387;0.52;0.4825296401977539;0.28;0.22330494225025177
0.26;0.2678960859775543;0.7;0.6356077194213867;0.22;0.21181492507457733
0.16;0.16301555931568146;0.64;0.667243242263794;0.24;0.26320910453796387
0.54;0.5507053136825562;0.32;0.3297421634197235;0.3;0.293626070022583
0.24;0.24799801409244537;0.2;0.18107876181602478;0.3;0.31271371245384216
0.14;0.14754773676395416;0.46;0.44901901483535767;0.26;0.2582989037036896
0.16;0.15814144909381866;0.58;0.5502639412879944;0.18;0.16673177480697632
0.52;0.514695405960083;0.46;0.40796762704849243;0.36;0.34908702969551086
0.68;0.6735197901725769;0.22;0.2362324446439743;0.34;0.33951929211616516
0.12;0.11889489740133286;0.56;0.5613861680030823;0.34;0.3357376456260681
0.32;0.3327271044254303;0.12;0.10716597735881805;0.2;0.2258460968732834
0.88;0.8589455485343933;0.1;0.10040226578712463;0.32;0.23097047209739685
0.24;0.2390536218881607;0.38;0.3579355776309967;0.22;0.20577648282051086
0.4;0.4500507116317749;0.22;0.23402899503707886;0.48;0.5181885957717896
0.3;0.3035820722579956;0.2;0.19856825470924377;0.4;0.4200340211391449
0.14;0.15666374564170837;0.38;0.3603849709033966;0.18;0.14809872210025787
0.24;0.2378062605857849;0.7;0.6495540738105774;0.38;0.343890905380249
0.32;0.3333022892475128;0.4;0.3851020634174347;0.28;0.288057416677475
0.18;0.1658632904291153;0.36;0.3781587779521942;0.46;0.4997578561306
0.46;0.4613974988460541;0.2;0.2063809186220169;0.26;0.28792452812194824
0.22;0.21300162374973297;0.24;0.24202434718608856;0.12;0.10172368586063385
0.76;0.7908170223236084;0.22;0.15389154851436615;0.22;0.24854342639446259
0.42;0.4201028645038605;0.48;0.46909937262535095;0.1;0.12491586059331894
0.12;0.12289499491453171;0.64;0.6344836354255676;0.16;0.16768872737884521
0.3;0.3085506558418274;0.22;0.2603810429573059;0.5;0.5241204500198364
0.34;0.3374745547771454;0.22;0.23091119527816772;0.3;0.3209068775177002
0.5;0.5027927160263062;0.46;0.42795976996421814;0.38;0.36428123712539673
0.1;0.10331776738166809;0.78;0.8004338145256042;0.28;0.28086239099502563
0.3;0.3085041344165802;0.66;0.6498705744743347;0.28;0.2533196806907654
0.36;0.36223044991493225;0.48;0.47372424602508545;0.38;0.3688454031944275
0.38;0.40337201952934265;0.32;0.27717316150665283;0.48;0.46336787939071655
0.12;0.12563955783843994;0.36;0.36700439453125;0.46;0.4696810841560364
0.48;0.4710671305656433;0.2;0.20729324221611023;0.14;0.1489049643278122
0.5;0.5210886001586914;0.44;0.39820340275764465;0.1;0.10776522010564804
0.26;0.2603261470794678;0.72;0.6456194519996643;0.24;0.21601299941539764
0.48;0.48261499404907227;0.38;0.34413662552833557;0.42;0.432176411151886
0.7;0.7609656453132629;0.28;0.1846694052219391;0.14;0.19711053371429443
0.18;0.1752941757440567;0.74;0.761945903301239;0.5;0.4507150650024414
0.44;0.4322395324707031;0.34;0.3546988368034363;0.28;0.2980732321739197
0.18;0.14070835709571838;0.36;0.4210549294948578;0.5;0.5446301698684692
0.52;0.5130859613418579;0.24;0.25193729996681213;0.2;0.1902453899383545
0.46;0.4535382091999054;0.4;0.3766789734363556;0.34;0.38186755776405334
0.14;0.13545012474060059;0.72;0.6612415909767151;0.22;0.1975492686033249
0.18;0.16426311433315277;0.62;0.6415792107582092;0.16;0.15679629147052765
0.44;0.4270808696746826;0.36;0.36647865176200867;0.34;0.3837639391422272
0.58;0.5749682784080505;0.26;0.29880666732788086;0.3;0.3043518662452698
0.76;0.761701762676239;0.12;0.1711340844631195;0.14;0.1573971062898636
0.34;0.3579714596271515;0.62;0.6174580454826355;0.3;0.29890745878219604
0.5;0.5107870101928711;0.24;0.24763543903827667;0.48;0.46884840726852417
0.22;0.2249847948551178;0.54;0.5236918330192566;0.38;0.36847320199012756
0.4;0.4186996519565582;0.3;0.26862022280693054;0.5;0.5047244429588318
0.34;0.33604001998901367;0.58;0.5293564796447754;0.18;0.14395973086357117
0.34;0.3500838279724121;0.2;0.18235836923122406;0.26;0.3020510971546173
0.62;0.6190129518508911;0.22;0.2336181104183197;0.4;0.41278180480003357
0.62;0.6003735065460205;0.36;0.3741122782230377;0.32;0.2973743975162506
0.58;0.5825992822647095;0.14;0.13435371220111847;0.26;0.28845763206481934
0.7;0.6990417838096619;0.2;0.21900151669979095;0.28;0.2809486985206604
0.46;0.4494644105434418;0.14;0.13989080488681793;0.12;0.13524453341960907
0.16;0.15347284078598022;0.48;0.46606433391571045;0.2;0.19533571600914001
0.46;0.4346437156200409;0.14;0.15322242677211761;0.1;0.11071757972240448
0.64;0.6312813758850098;0.12;0.1388712227344513;0.4;0.38871291279792786
0.18;0.17325690388679504;0.42;0.4108269512653351;0.28;0.2496459037065506
0.12;0.12066946178674698;0.5;0.4753705561161041;0.22;0.19459941983222961
0.36;0.36558017134666443;0.52;0.5405173897743225;0.48;0.5067819356918335
0.42;0.4214271306991577;0.18;0.18305325508117676;0.16;0.14959149062633514
0.44;0.44127529859542847;0.22;0.22000271081924438;0.14;0.1576249897480011
0.32;0.3123694360256195;0.26;0.28277587890625;0.46;0.5232949256896973
0.74;0.7681944966316223;0.24;0.17796720564365387;0.2;0.19133487343788147
0.38;0.3910854458808899;0.58;0.5464383363723755;0.22;0.2736552357673645
0.48;0.5264948010444641;0.38;0.37774842977523804;0.1;0.09092827886343002
0.12;0.15262040495872498;0.56;0.49570223689079285;0.1;0.10589990764856339
0.14;0.13341271877288818;0.4;0.4041929543018341;0.5;0.4812493920326233
0.78;0.7767241597175598;0.16;0.1653328537940979;0.3;0.28229498863220215
0.42;0.4284474551677704;0.26;0.2748963534832001;0.34;0.3571567237377167
0.56;0.5494218468666077;0.28;0.30849161744117737;0.28;0.27367672324180603
0.22;0.22289104759693146;0.56;0.5429168343544006;0.38;0.3758583068847656
0.18;0.18478929996490479;0.36;0.3502989709377289;0.34;0.3505558967590332
0.44;0.43252283334732056;0.28;0.29688501358032227;0.34;0.3572746515274048
0.74;0.7318786978721619;0.16;0.21344095468521118;0.48;0.44661083817481995
0.1;0.10744012892246246;0.28;0.27926570177078247;0.4;0.406137079000473
0.44;0.4452081024646759;0.22;0.2264261692762375;0.26;0.2727513909339905
0.26;0.26433196663856506;0.5;0.4712006747722626;0.32;0.25814089179039
0.52;0.5160046219825745;0.34;0.35987943410873413;0.12;0.12936247885227203
0.64;0.6342719793319702;0.28;0.2539993226528168;0.26;0.2787392735481262
0.52;0.5141868591308594;0.38;0.4120289981365204;0.32;0.32638317346572876
0.32;0.33375054597854614;0.38;0.3736412227153778;0.34;0.3597142994403839
0.28;0.28378361463546753;0.6;0.5946155786514282;0.3;0.2728838324546814
0.56;0.5444896817207336;0.4;0.38490310311317444;0.2;0.1939425766468048
0.22;0.2337157428264618;0.58;0.6143134832382202;0.42;0.4535440504550934
0.24;0.2557753026485443;0.28;0.2954845726490021;0.44;0.4627833962440491
0.78;0.773572564125061;0.12;0.14784279465675354;0.44;0.3739030957221985
0.3;0.3398182988166809;0.28;0.23006533086299896;0.1;0.11048223823308945
0.4;0.35651805996894836;0.1;0.13127700984477997;0.18;0.11192212253808975
0.1;0.07833855599164963;0.18;0.20088458061218262;0.28;0.20598706603050232
0.62;0.6193196773529053;0.1;0.0952751636505127;0.5;0.5002001523971558
0.56;0.5458586812019348;0.42;0.4345751404762268;0.5;0.4988935887813568
0.34;0.35147297382354736;0.6;0.5247042775154114;0.36;0.3249398171901703
0.74;0.7814142107963562;0.18;0.15819565951824188;0.12;0.16475056111812592
0.76;0.7919392585754395;0.12;0.15414157509803772;0.16;0.171898752450943
0.18;0.17016184329986572;0.48;0.4780561029911041;0.24;0.23069722950458527
0.64;0.6422736048698425;0.2;0.21854694187641144;0.44;0.4386022090911865
0.38;0.3246694803237915;0.1;0.1551027148962021;0.18;0.1037331223487854
0.24;0.23743557929992676;0.64;0.637776255607605;0.2;0.17783918976783752
0.34;0.3682636022567749;0.5;0.5121767520904541;0.1;0.09432264417409897
0.12;0.12040615826845169;0.74;0.7667527198791504;0.48;0.4715208113193512
0.52;0.5303342938423157;0.28;0.25749295949935913;0.5;0.5036923289299011
0.38;0.3815348148345947;0.5;0.5342702269554138;0.42;0.4133942723274231
0.36;0.37541520595550537;0.14;0.13740797340869904;0.32;0.2775397002696991
0.26;0.26665329933166504;0.4;0.4298958480358124;0.14;0.15322168171405792
0.26;0.26522964239120483;0.7;0.6522327065467834;0.26;0.2350064218044281
0.22;0.21941688656806946;0.5;0.48168328404426575;0.46;0.41777825355529785
0.34;0.3324991464614868;0.12;0.11569266021251678;0.46;0.4717877507209778
0.56;0.5596340298652649;0.22;0.20106451213359833;0.36;0.360056072473526
0.26;0.26843562722206116;0.72;0.6606866717338562;0.22;0.20030395686626434
0.5;0.502025842666626;0.14;0.14217236638069153;0.4;0.4055944085121155
0.3;0.31597304344177246;0.62;0.5727930665016174;0.48;0.3984338641166687
0.34;0.36148878931999207;0.3;0.2882589101791382;0.48;0.4794240891933441
0.5;0.4901723861694336;0.28;0.37487924098968506;0.14;0.1730789691209793
0.22;0.22104069590568542;0.4;0.4159744381904602;0.24;0.272031307220459
0.32;0.3352760970592499;0.52;0.4875084161758423;0.48;0.4435596466064453
0.66;0.6603571176528931;0.3;0.2723459303379059;0.32;0.32849976420402527
0.14;0.14070427417755127;0.52;0.5395116209983826;0.34;0.36255043745040894
0.16;0.13069593906402588;0.36;0.40736982226371765;0.5;0.5478163361549377
0.54;0.544939398765564;0.14;0.13758262991905212;0.26;0.27656570076942444
0.14;0.1405307799577713;0.7;0.7381058931350708;0.38;0.37530380487442017
0.2;0.20261439681053162;0.54;0.5227484703063965;0.2;0.1876768171787262
0.34;0.3477758467197418;0.28;0.3020365834236145;0.34;0.3511407971382141
0.52;0.5121584534645081;0.16;0.17151185870170593;0.32;0.30706122517585754
0.22;0.22808590531349182;0.46;0.4602718651294708;0.42;0.4419323801994324
0.58;0.5618129968643188;0.2;0.22153767943382263;0.38;0.36335673928260803
0.5;0.4892183244228363;0.24;0.27152112126350403;0.22;0.1996803730726242
0.26;0.24790826439857483;0.2;0.21018783748149872;0.26;0.2237412929534912
0.48;0.4802706837654114;0.26;0.27028441429138184;0.42;0.4327528476715088
0.14;0.14578945934772491;0.7;0.7038270831108093;0.22;0.2182762622833252
0.28;0.29302799701690674;0.68;0.6389055252075195;0.48;0.4115419387817383
0.64;0.6212822794914246;0.26;0.29511338472366333;0.3;0.27499642968177795
0.16;0.17053909599781036;0.34;0.3279225826263428;0.44;0.46014684438705444
0.44;0.4461977183818817;0.22;0.22529424726963043;0.24;0.2558847665786743
0.68;0.6784793734550476;0.14;0.1293884515762329;0.24;0.2700773775577545
0.36;0.3574536144733429;0.34;0.3531075417995453;0.24;0.2698981761932373
0.48;0.5077870488166809;0.24;0.22465242445468903;0.32;0.33521217107772827
0.14;0.1378488540649414;0.62;0.6301520466804504;0.44;0.4388201832771301
0.26;0.269503116607666;0.38;0.3638838529586792;0.34;0.3546677231788635
0.5;0.5106725096702576;0.32;0.28726324439048767;0.42;0.41269451379776
0.44;0.451180636882782;0.24;0.23726314306259155;0.24;0.25736767053604126
0.12;0.11547191441059113;0.48;0.46892911195755005;0.38;0.36980798840522766
0.6;0.59297114610672;0.24;0.29566240310668945;0.42;0.4278799593448639
0.74;0.7783296704292297;0.2;0.15852795541286469;0.14;0.18931838870048523
0.7;0.6994174122810364;0.22;0.24587208032608032;0.38;0.3776018023490906
0.52;0.5219203233718872;0.34;0.34555378556251526;0.42;0.43017488718032837
0.4;0.3533439040184021;0.1;0.1278509795665741;0.16;0.12043742090463638
0.3;0.29158806800842285;0.22;0.2212827354669571;0.34;0.3485701084136963
0.66;0.6323246955871582;0.14;0.15788860619068146;0.38;0.3625665009021759
0.32;0.3166886270046234;0.66;0.6192932724952698;0.14;0.11283867061138153
0.36;0.37550604343414307;0.6;0.5464567542076111;0.26;0.27602913975715637
0.2;0.2191791832447052;0.34;0.32292747497558594;0.1;0.11907851696014404
0.16;0.1582786589860916;0.58;0.6013731956481934;0.2;0.21992817521095276
0.14;0.13111385703086853;0.74;0.6958498954772949;0.16;0.1544400453567505
0.7;0.7088249325752258;0.18;0.1869480013847351;0.32;0.3137907385826111
0.44;0.4318545162677765;0.38;0.37736812233924866;0.38;0.4000066816806793
0.7;0.6957038640975952;0.28;0.2651127278804779;0.46;0.4398595690727234
0.6;0.5994468331336975;0.26;0.24974478781223297;0.36;0.3663288354873657
0.28;0.2841082215309143;0.68;0.602482795715332;0.14;0.11838036775588989
0.3;0.3081766366958618;0.1;0.08452534675598145;0.28;0.321405827999115
0.1;0.09589409083127975;0.76;0.7282763719558716;0.2;0.18293945491313934
0.66;0.6525574922561646;0.2;0.23096036911010742;0.48;0.4537286162376404
0.22;0.21058347821235657;0.46;0.47138720750808716;0.26;0.2500423789024353
0.68;0.6749247908592224;0.22;0.2516491711139679;0.38;0.3459119200706482
0.26;0.26554811000823975;0.26;0.24665316939353943;0.18;0.19011135399341583
0.4;0.39257287979125977;0.5;0.4984600841999054;0.16;0.16831929981708527
0.42;0.42992863059043884;0.22;0.21884216368198395;0.34;0.3605812191963196
0.42;0.42455583810806274;0.3;0.29829126596450806;0.18;0.20593500137329102
0.3;0.30157220363616943;0.28;0.25441214442253113;0.12;0.14098449051380157
0.22;0.220870241522789;0.56;0.5721246600151062;0.44;0.4293823838233948
0.16;0.1567879468202591;0.5;0.4529911279678345;0.2;0.1737828254699707
0.68;0.7290946245193481;0.28;0.22052636742591858;0.12;0.14762046933174133
0.26;0.24904212355613708;0.38;0.40286293625831604;0.2;0.19301238656044006
0.36;0.3642975687980652;0.54;0.5022455453872681;0.16;0.1308346688747406
0.6;0.5891106724739075;0.26;0.2966831624507904;0.38;0.39304912090301514
0.3;0.3287878930568695;0.1;0.09341539442539215;0.36;0.2825544774532318
0.1;0.07865734398365021;0.18;0.18338543176651;0.24;0.23304948210716248
0.18;0.17262031137943268;0.58;0.5944593548774719;0.42;0.4271548390388489
0.16;0.15722618997097015;0.4;0.4004349410533905;0.22;0.2120324820280075
0.32;0.33012834191322327;0.52;0.5580998659133911;0.5;0.48451119661331177
0.12;0.11534084379673004;0.58;0.5505393743515015;0.5;0.4365272521972656
0.2;0.20026466250419617;0.46;0.45648589730262756;0.4;0.39513224363327026
0.24;0.2709785997867584;0.26;0.2162138968706131;0.1;0.13790321350097656
0.16;0.16217349469661713;0.28;0.2807214856147766;0.38;0.38940104842185974
0.38;0.38662096858024597;0.38;0.3739658296108246;0.44;0.44617119431495667
0.24;0.24646404385566711;0.72;0.6829624176025391;0.32;0.3212110102176666
0.32;0.3351474404335022;0.4;0.3840039074420929;0.4;0.3830685615539551
0.34;0.34844154119491577;0.38;0.39624711871147156;0.48;0.4694194793701172
0.36;0.369459867477417;0.46;0.43828439712524414;0.26;0.2633150517940521
0.34;0.34759634733200073;0.62;0.5969391465187073;0.38;0.3763234615325928
0.14;0.1404004544019699;0.52;0.5090858936309814;0.3;0.28719669580459595
0.58;0.5839343667030334;0.38;0.37606021761894226;0.42;0.43275412917137146
0.12;0.11382579803466797;0.46;0.45307064056396484;0.38;0.3817337453365326
0.18;0.17914022505283356;0.4;0.39934924244880676;0.44;0.43431442975997925
0.32;0.33661088347435;0.54;0.5486206412315369;0.34;0.3822843134403229
0.12;0.12286517769098282;0.74;0.7845088243484497;0.32;0.32597267627716064
0.2;0.1812063455581665;0.38;0.3897576332092285;0.18;0.16310346126556396
0.26;0.2648167908191681;0.68;0.6266751289367676;0.12;0.11794743686914444
0.16;0.16042497754096985;0.22;0.22190998494625092;0.3;0.3179122507572174
0.14;0.14081868529319763;0.46;0.46933606266975403;0.16;0.1582680493593216
0.26;0.2696200907230377;0.34;0.312278151512146;0.5;0.4525867998600006
0.34;0.33724966645240784;0.12;0.13434480130672455;0.4;0.3951961100101471
0.28;0.2837928831577301;0.68;0.6074480414390564;0.24;0.22456011176109314
0.24;0.24321602284908295;0.16;0.17249129712581635;0.32;0.25831684470176697
0.22;0.2253866046667099;0.2;0.20780111849308014;0.5;0.503961443901062
0.12;0.1316356509923935;0.84;0.7792011499404907;0.1;0.09903766214847565
0.64;0.6599075198173523;0.3;0.2658255100250244;0.16;0.1533803641796112
0.52;0.535377562046051;0.14;0.1271791011095047;0.16;0.17527061700820923
0.32;0.33119094371795654;0.26;0.2690737843513489;0.38;0.40852680802345276
0.54;0.5397758483886719;0.12;0.12194362282752991;0.48;0.4932684898376465
0.56;0.5665891766548157;0.12;0.12113327533006668;0.44;0.4417807459831238
0.16;0.15273161232471466;0.76;0.6761026978492737;0.18;0.17793554067611694
0.28;0.2819855511188507;0.14;0.14612480998039246;0.38;0.3062363862991333
0.14;0.1404983103275299;0.42;0.41826775670051575;0.4;0.40939027070999146
0.32;0.3419940769672394;0.3;0.27658993005752563;0.14;0.1578325778245926
0.28;0.29837480187416077;0.22;0.18520864844322205;0.3;0.3416644036769867
0.54;0.5368518233299255;0.38;0.380930632352829;0.3;0.32557213306427
0.1;0.09159861505031586;0.16;0.16603782773017883;0.38;0.38352546095848083
0.34;0.34504008293151855;0.18;0.18130122125148773;0.36;0.4142916202545166
0.34;0.33720293641090393;0.24;0.25829020142555237;0.28;0.28927499055862427
0.36;0.35755762457847595;0.18;0.16886281967163086;0.16;0.1390952318906784
0.28;0.2771774232387543;0.24;0.2837536036968231;0.5;0.5489354729652405
0.86;0.8076265454292297;0.12;0.1319245547056198;0.16;0.19878409802913666
0.32;0.3210573196411133;0.52;0.5117112398147583;0.22;0.22565488517284393
0.24;0.2293177843093872;0.6;0.6061080098152161;0.24;0.2202882319688797
0.4;0.4020965099334717;0.5;0.499432772397995;0.18;0.16744673252105713
0.6;0.5850523710250854;0.1;0.10806332528591156;0.16;0.17819032073020935
0.44;0.4261764883995056;0.1;0.09501045942306519;0.18;0.13862702250480652
0.7;0.7014775276184082;0.26;0.23130963742733002;0.3;0.3088727593421936
0.3;0.30877214670181274;0.54;0.5375238060951233;0.38;0.3728368878364563
0.46;0.4485599994659424;0.28;0.2950659990310669;0.32;0.36869239807128906
0.16;0.15719760954380035;0.66;0.6635196805000305;0.34;0.3616512417793274
0.18;0.19563709199428558;0.66;0.6385416984558105;0.12;0.1095985397696495
0.74;0.7346580028533936;0.2;0.2038765549659729;0.46;0.4539065361022949
0.1;0.10393491387367249;0.68;0.6729516386985779;0.28;0.2727946639060974
0.12;0.11563491821289062;0.3;0.3275124132633209;0.24;0.2321428805589676
0.32;0.32433217763900757;0.64;0.6118448972702026;0.22;0.2269546091556549
0.64;0.6276505589485168;0.14;0.15110543370246887;0.14;0.12464352697134018
0.42;0.4161032736301422;0.42;0.4221387207508087;0.4;0.4218241274356842
0.32;0.3179326057434082;0.62;0.5683289170265198;0.18;0.16126617789268494
0.3;0.3108377158641815;0.16;0.14821013808250427;0.22;0.244034081697464
0.1;0.09772881865501404;0.64;0.6508548855781555;0.32;0.3077813982963562
0.5;0.5290244817733765;0.18;0.16941629350185394;0.46;0.4704646170139313
0.22;0.2454814612865448;0.26;0.2268783301115036;0.24;0.2826720178127289
0.62;0.6180379986763;0.12;0.11555832624435425;0.2;0.20394062995910645
0.18;0.17842957377433777;0.28;0.26850074529647827;0.24;0.2644432485103607
0.52;0.5317597985267639;0.3;0.2653983533382416;0.4;0.3909086585044861
0.3;0.3045373260974884;0.64;0.5932395458221436;0.32;0.3050864338874817
0.56;0.5778770446777344;0.34;0.3296739459037781;0.1;0.09822212904691696
0.24;0.2573245167732239;0.12;0.10090060532093048;0.46;0.45446816086769104
0.66;0.6498731374740601;0.2;0.25088050961494446;0.1;0.08783350884914398
0.68;0.6608364582061768;0.16;0.23768600821495056;0.44;0.39176201820373535
0.36;0.38289910554885864;0.34;0.3037090003490448;0.14;0.1473166048526764
0.18;0.17698022723197937;0.56;0.5561295747756958;0.36;0.3387417197227478
0.2;0.19486522674560547;0.68;0.6478211283683777;0.5;0.3937391936779022
0.32;0.32072576880455017;0.48;0.4632709324359894;0.16;0.1556485891342163
0.48;0.46654728055000305;0.36;0.40839263796806335;0.26;0.25976085662841797
0.36;0.39784517884254456;0.48;0.4196886718273163;0.1;0.11836810410022736
0.5;0.5046035051345825;0.26;0.25313347578048706;0.14;0.1357237994670868
0.44;0.432312548160553;0.42;0.4416172206401825;0.44;0.43931466341018677
0.16;0.16549964249134064;0.26;0.2540616989135742;0.18;0.1951359212398529
0.22;0.2206413596868515;0.72;0.733372688293457;0.3;0.2964491844177246
0.3;0.32516780495643616;0.44;0.42489564418792725;0.36;0.3737075924873352
0.18;0.169148787856102;0.16;0.1609385460615158;0.38;0.38088297843933105
0.24;0.22646641731262207;0.22;0.21618890762329102;0.2;0.214112788438797
0.14;0.14184388518333435;0.48;0.4698461890220642;0.22;0.21661023795604706
0.16;0.1593792885541916;0.62;0.6215516924858093;0.34;0.3587389886379242
0.56;0.5606207847595215;0.4;0.33567550778388977;0.38;0.3784060478210449
0.22;0.20502009987831116;0.2;0.2048249989748001;0.12;0.10250147432088852
0.52;0.519232988357544;0.14;0.14853426814079285;0.42;0.4206233024597168
0.14;0.1424703299999237;0.26;0.256437212228775;0.22;0.27129173278808594
0.82;0.8520774245262146;0.14;0.12757505476474762;0.34;0.37910017371177673
0.14;0.14955975115299225;0.5;0.46848854422569275;0.14;0.13021163642406464
0.34;0.3478109538555145;0.34;0.3161059319972992;0.44;0.4172191619873047
0.54;0.5198597311973572;0.1;0.11278319358825684;0.28;0.2468094378709793
0.1;0.11184335500001907;0.7;0.6368233561515808;0.14;0.14299418032169342
0.26;0.2702310383319855;0.4;0.3874427378177643;0.4;0.36021479964256287
0.18;0.18310926854610443;0.62;0.6127654314041138;0.28;0.28014621138572693
0.3;0.30144089460372925;0.6;0.550550103187561;0.3;0.26990604400634766
0.14;0.15552793443202972;0.36;0.3459024131298065;0.32;0.3487599790096283
0.22;0.21276333928108215;0.42;0.42644044756889343;0.18;0.17969714105129242
0.16;0.16166658699512482;0.76;0.7688853144645691;0.28;0.2879956066608429
0.6;0.5911518335342407;0.18;0.18318098783493042;0.26;0.22920659184455872
0.74;0.743709146976471;0.22;0.1936611831188202;0.28;0.24605350196361542
0.18;0.18184170126914978;0.4;0.3952134847640991;0.4;0.42814475297927856
0.32;0.32964465022087097;0.26;0.257266640663147;0.26;0.3074638247489929
0.28;0.3025524616241455;0.38;0.3754845857620239;0.34;0.32510438561439514
0.26;0.27518144249916077;0.7;0.6361242532730103;0.4;0.4066573679447174
0.34;0.3517362177371979;0.36;0.34598973393440247;0.22;0.21448710560798645
0.52;0.5332773923873901;0.24;0.24016305804252625;0.48;0.47913894057273865
0.2;0.19533973932266235;0.72;0.7122622728347778;0.16;0.1425887644290924
0.66;0.6460298895835876;0.26;0.3085061311721802;0.38;0.3624507188796997
0.22;0.21717782318592072;0.38;0.4053319990634918;0.16;0.18179605901241302
0.46;0.45691168308258057;0.12;0.13515746593475342;0.5;0.503290057182312
0.34;0.3508196175098419;0.54;0.530324399471283;0.28;0.26745811104774475
0.42;0.42724505066871643;0.2;0.20190221071243286;0.36;0.37504738569259644
0.22;0.23219461739063263;0.6;0.6243464350700378;0.32;0.3558419644832611
0.5;0.4971444010734558;0.48;0.43130236864089966;0.22;0.2125663310289383
0.8;0.8073328733444214;0.16;0.13604170083999634;0.16;0.18236562609672546
0.32;0.31896263360977173;0.12;0.12851402163505554;0.44;0.4614318311214447
0.16;0.1538008451461792;0.8;0.738791286945343;0.16;0.15634647011756897
0.4;0.4064304530620575;0.16;0.14276067912578583;0.28;0.2755207419395447
0.12;0.1283533126115799;0.32;0.3283010721206665;0.44;0.45645904541015625
0.28;0.28681209683418274;0.48;0.5021801590919495;0.22;0.2062912881374359
