l1_test;l1_pred;l2_test;l2_pred;beta_test;beta_pred;
0.24;0.23841606080532074;0.1;0.09501132369041443;0.3;0.2845901548862457
0.2;0.20166464149951935;0.64;0.6399935483932495;0.22;0.22560381889343262
0.7;0.699878990650177;0.12;0.11398272961378098;0.32;0.3092268109321594
0.66;0.6651690006256104;0.22;0.22006432712078094;0.34;0.33780258893966675
0.34;0.3392455279827118;0.62;0.6345281004905701;0.5;0.4997028410434723
0.3;0.30107611417770386;0.66;0.6660448312759399;0.12;0.11994200944900513
0.38;0.3636143207550049;0.1;0.1565706729888916;0.26;0.20414558053016663
0.24;0.23920221626758575;0.74;0.7192676067352295;0.26;0.2617568373680115
0.46;0.45107707381248474;0.42;0.4162076413631439;0.32;0.3162066638469696
0.52;0.5057693719863892;0.28;0.29418209195137024;0.42;0.42860880494117737
0.68;0.6787729263305664;0.24;0.24132905900478363;0.4;0.38920679688453674
0.42;0.4214989244937897;0.52;0.5295572876930237;0.36;0.36050838232040405
0.68;0.6844994425773621;0.26;0.27421388030052185;0.32;0.3206118941307068
0.24;0.23626205325126648;0.68;0.6826161742210388;0.36;0.36193031072616577
0.36;0.358207643032074;0.38;0.3807882070541382;0.2;0.20222029089927673
0.18;0.1874115765094757;0.18;0.18082956969738007;0.32;0.3166535496711731
0.1;0.10380879789590836;0.52;0.5097019672393799;0.1;0.10879926383495331
0.1;0.1271887570619583;0.7;0.6346209049224854;0.28;0.29302430152893066
0.58;0.5686319470405579;0.24;0.25682497024536133;0.4;0.38955971598625183
0.34;0.3426457345485687;0.32;0.3233078718185425;0.34;0.3426819145679474
0.3;0.30288025736808777;0.58;0.5788307189941406;0.18;0.17847605049610138
0.26;0.26529374718666077;0.34;0.33352789282798767;0.18;0.18287326395511627
0.5;0.4922044277191162;0.16;0.18963345885276794;0.32;0.2991648316383362
0.32;0.31791606545448303;0.38;0.37711867690086365;0.46;0.45748406648635864
0.1;0.10460074990987778;0.38;0.373038649559021;0.2;0.2027713805437088
0.66;0.6510389447212219;0.32;0.30306950211524963;0.38;0.3772760033607483
0.46;0.45961079001426697;0.2;0.20960818231105804;0.46;0.4567355215549469
0.52;0.5235426425933838;0.36;0.3541167974472046;0.36;0.3546914756298065
0.36;0.3611135184764862;0.22;0.22338752448558807;0.4;0.4062840938568115
0.14;0.13327661156654358;0.76;0.7564802765846252;0.16;0.15629951655864716
0.12;0.1453126072883606;0.52;0.4963027834892273;0.36;0.3837583065032959
0.24;0.23743529617786407;0.34;0.34296607971191406;0.48;0.4673691391944885
0.36;0.353113055229187;0.56;0.5599365234375;0.46;0.46069812774658203
0.18;0.18889938294887543;0.2;0.19824939966201782;0.34;0.3397378623485565
0.82;0.8210658431053162;0.1;0.10875382274389267;0.38;0.38001593947410583
0.16;0.1645287573337555;0.66;0.650909423828125;0.12;0.1220971941947937
0.24;0.2424262911081314;0.66;0.6572650671005249;0.2;0.19857530295848846
0.42;0.4336705505847931;0.24;0.24181821942329407;0.18;0.18479514122009277
0.4;0.40197062492370605;0.54;0.5430582165718079;0.48;0.48077839612960815
0.28;0.2813689708709717;0.32;0.3291533589363098;0.2;0.19770772755146027
0.22;0.22064383327960968;0.74;0.7523825168609619;0.32;0.3201969265937805
0.5;0.49774298071861267;0.48;0.45838549733161926;0.12;0.12065114080905914
0.76;0.7667685151100159;0.14;0.14701376855373383;0.24;0.2563301920890808
0.38;0.38425183296203613;0.18;0.17247448861598969;0.3;0.2977886497974396
0.1;0.11708087474107742;0.58;0.5920370221138;0.5;0.49733543395996094
0.86;0.8602094054222107;0.1;0.12066502124071121;0.14;0.1396239697933197
0.4;0.40362033247947693;0.58;0.5575658679008484;0.22;0.22389498353004456
0.12;0.10670008510351181;0.34;0.37443315982818604;0.5;0.48869019746780396
0.14;0.13890695571899414;0.52;0.5305855870246887;0.44;0.4314654469490051
0.34;0.3195073902606964;0.16;0.18219411373138428;0.36;0.32664304971694946
0.46;0.470431387424469;0.34;0.32184141874313354;0.16;0.1686878204345703
0.2;0.20308566093444824;0.38;0.3604356646537781;0.22;0.22589945793151855
0.48;0.47961121797561646;0.48;0.4894811809062958;0.5;0.4991757869720459
0.16;0.15851056575775146;0.28;0.2661134898662567;0.24;0.23881681263446808
0.12;0.11898505687713623;0.64;0.6445666551589966;0.36;0.3615887761116028
0.2;0.19737474620342255;0.4;0.41379162669181824;0.26;0.2500142455101013
0.36;0.35444435477256775;0.4;0.40262675285339355;0.38;0.37888509035110474
0.64;0.6385481953620911;0.22;0.21490059792995453;0.12;0.12479926645755768
0.56;0.557592511177063;0.26;0.2686612606048584;0.3;0.2994768023490906
0.24;0.21663513779640198;0.3;0.3265494704246521;0.12;0.1217741146683693
0.3;0.3034839630126953;0.5;0.49398869276046753;0.14;0.14061541855335236
0.6;0.5930885076522827;0.36;0.3742905557155609;0.26;0.2583622634410858
0.6;0.5924565196037292;0.28;0.25705671310424805;0.16;0.15840616822242737
0.18;0.17954951524734497;0.34;0.3445376455783844;0.24;0.23797468841075897
0.12;0.13910068571567535;0.56;0.5414350032806396;0.16;0.1778903603553772
0.28;0.2853218615055084;0.54;0.5264794230461121;0.48;0.48362940549850464
0.52;0.5191688537597656;0.12;0.17115499079227448;0.4;0.3990148901939392
0.16;0.16087935864925385;0.8;0.8041782379150391;0.24;0.24050664901733398
0.76;0.7577854990959167;0.2;0.20530983805656433;0.16;0.16405901312828064
0.54;0.5425984263420105;0.42;0.4213325083255768;0.18;0.18168184161186218
0.14;0.15444383025169373;0.26;0.2530181407928467;0.14;0.13604430854320526
0.56;0.5639438629150391;0.3;0.3165592849254608;0.14;0.14187797904014587
0.24;0.25706151127815247;0.54;0.5343741178512573;0.12;0.12013578414916992
0.12;0.12341346591711044;0.2;0.2009156197309494;0.24;0.23987647891044617
0.4;0.39725589752197266;0.52;0.5439918041229248;0.36;0.3585841953754425
0.44;0.42822879552841187;0.24;0.24573591351509094;0.22;0.22081509232521057
0.28;0.27981001138687134;0.66;0.6656060814857483;0.46;0.4585970938205719
0.38;0.38308078050613403;0.54;0.5465445518493652;0.24;0.23913589119911194
0.22;0.21893498301506042;0.46;0.4666076898574829;0.2;0.19802045822143555
0.6;0.591792106628418;0.3;0.3062528967857361;0.48;0.4734829068183899
0.18;0.18937969207763672;0.58;0.5776548981666565;0.34;0.341561496257782
0.48;0.4918607175350189;0.36;0.36456742882728577;0.34;0.33756929636001587
0.12;0.11921016126871109;0.58;0.5764378905296326;0.36;0.37006157636642456
0.4;0.4057386815547943;0.36;0.36226826906204224;0.3;0.3066262900829315
0.52;0.5063074827194214;0.1;0.13950341939926147;0.22;0.1933710277080536
0.6;0.5975019335746765;0.34;0.3487807512283325;0.38;0.38462990522384644
0.1;0.11367343366146088;0.16;0.15825492143630981;0.4;0.4077771306037903
0.52;0.519057035446167;0.44;0.4424206614494324;0.44;0.441649854183197
0.46;0.4756295382976532;0.38;0.3607299327850342;0.26;0.27557796239852905
0.3;0.29812347888946533;0.18;0.17865754663944244;0.12;0.11607031524181366
0.18;0.18535399436950684;0.14;0.1518719345331192;0.5;0.4631327688694
0.5;0.49556177854537964;0.12;0.14742131531238556;0.32;0.27742037177085876
0.18;0.16638530790805817;0.5;0.5331381559371948;0.28;0.27088770270347595
0.12;0.12047702074050903;0.16;0.16108018159866333;0.18;0.17455248534679413
0.5;0.496894896030426;0.46;0.4678722023963928;0.5;0.4997836947441101
0.34;0.3371850550174713;0.56;0.5616877675056458;0.34;0.3395051658153534
0.26;0.25969550013542175;0.32;0.306865394115448;0.28;0.2920690178871155
0.44;0.4550361633300781;0.32;0.3185111880302429;0.12;0.11995470523834229
0.3;0.29836785793304443;0.24;0.22589875757694244;0.22;0.20852354168891907
0.62;0.6308476328849792;0.28;0.29432404041290283;0.24;0.24222426116466522
0.52;0.5146908760070801;0.44;0.449055016040802;0.3;0.3014213740825653
0.44;0.4572705030441284;0.36;0.36334529519081116;0.24;0.2473127394914627
0.16;0.15954264998435974;0.78;0.7941562533378601;0.42;0.4206945300102234
0.2;0.193727508187294;0.52;0.5390259027481079;0.32;0.3140835165977478
0.8;0.7976604104042053;0.16;0.16567736864089966;0.44;0.44223204255104065
0.16;0.1587008237838745;0.36;0.3676300346851349;0.18;0.18760590255260468
0.36;0.35675784945487976;0.46;0.4633539617061615;0.32;0.3264458179473877
0.26;0.2551017999649048;0.66;0.6746582984924316;0.46;0.4603479504585266
0.26;0.2673528790473938;0.72;0.7138174772262573;0.14;0.14132677018642426
0.12;0.12941506505012512;0.3;0.3082217276096344;0.34;0.3417889475822449
0.12;0.12416896969079971;0.7;0.6867066621780396;0.24;0.2421843260526657
0.16;0.1609286367893219;0.5;0.5039327144622803;0.28;0.2747056484222412
0.1;0.10271035134792328;0.38;0.3781014382839203;0.24;0.24910227954387665
0.22;0.21709835529327393;0.74;0.7341336011886597;0.1;0.09988038241863251
0.54;0.5431801676750183;0.2;0.21949271857738495;0.5;0.4780442714691162
0.16;0.17524439096450806;0.24;0.23726019263267517;0.32;0.3305148780345917
0.4;0.3858247399330139;0.3;0.30385756492614746;0.26;0.25565820932388306
0.14;0.14922583103179932;0.1;0.1074775904417038;0.22;0.2052101194858551
0.38;0.3784642815589905;0.4;0.3998907208442688;0.44;0.4445796608924866
0.18;0.1835942268371582;0.6;0.5666416883468628;0.1;0.09999220073223114
0.36;0.35354024171829224;0.4;0.39190879464149475;0.1;0.10262616723775864
0.18;0.1754034459590912;0.62;0.6173620820045471;0.38;0.3776690363883972
0.2;0.20551496744155884;0.22;0.23001393675804138;0.34;0.33540454506874084
0.38;0.3571939468383789;0.22;0.20650134980678558;0.16;0.17069807648658752
0.1;0.10676686465740204;0.8;0.7863777875900269;0.3;0.3067888617515564
0.12;0.13369841873645782;0.14;0.14433927834033966;0.4;0.395084410905838
0.12;0.1301463097333908;0.12;0.12278936058282852;0.12;0.11638882011175156
0.32;0.32701554894447327;0.34;0.3316800594329834;0.2;0.20055857300758362
0.66;0.6630865931510925;0.2;0.20146729052066803;0.46;0.4616948962211609
0.2;0.20106519758701324;0.66;0.6645967364311218;0.34;0.338272362947464
0.26;0.2634696662425995;0.56;0.5624709725379944;0.38;0.38138753175735474
0.56;0.5611608624458313;0.38;0.39280861616134644;0.2;0.20450742542743683
0.34;0.35094133019447327;0.24;0.22565564513206482;0.1;0.10715752840042114
0.36;0.35588401556015015;0.3;0.2930997312068939;0.22;0.23170483112335205
0.3;0.30013203620910645;0.66;0.6712487936019897;0.34;0.3399924635887146
0.28;0.28224948048591614;0.14;0.13434824347496033;0.26;0.2618284821510315
0.12;0.12112641334533691;0.1;0.10314451158046722;0.42;0.3952983021736145
0.16;0.1518399864435196;0.26;0.26899585127830505;0.44;0.4409125745296478
0.62;0.6173152327537537;0.22;0.2173934131860733;0.36;0.35338765382766724
0.6;0.5964932441711426;0.36;0.3681289851665497;0.36;0.3614865243434906
0.24;0.2393028438091278;0.7;0.713294506072998;0.24;0.23995351791381836
0.1;0.10338389873504639;0.56;0.5803827047348022;0.5;0.4930773675441742
0.2;0.1801920086145401;0.38;0.3911668360233307;0.44;0.42493724822998047
0.22;0.21616151928901672;0.76;0.7155620455741882;0.18;0.19040486216545105
0.28;0.2767196297645569;0.28;0.3132680058479309;0.14;0.13824589550495148
0.6;0.5880141258239746;0.24;0.23902112245559692;0.12;0.12863987684249878
0.1;0.12403108179569244;0.64;0.625998318195343;0.24;0.25279220938682556
0.62;0.6222219467163086;0.32;0.3125462234020233;0.22;0.22283904254436493
0.26;0.25994887948036194;0.16;0.14654886722564697;0.14;0.1433698683977127
0.38;0.3884081542491913;0.46;0.4422258138656616;0.4;0.4056001603603363
0.2;0.1968364417552948;0.68;0.6710996031761169;0.36;0.3582046926021576
0.22;0.22834859788417816;0.66;0.665221631526947;0.24;0.24184498190879822
0.72;0.7142709493637085;0.26;0.24511970579624176;0.46;0.4682205319404602
0.66;0.6552724242210388;0.22;0.21613149344921112;0.4;0.3980678915977478
0.32;0.31325310468673706;0.56;0.5482370853424072;0.42;0.4232533574104309
0.5;0.4999206066131592;0.28;0.2681802213191986;0.1;0.10463080555200577
0.32;0.31529122591018677;0.6;0.6093647480010986;0.4;0.40056905150413513
0.28;0.28652918338775635;0.36;0.3633503317832947;0.24;0.24384942650794983
0.16;0.15858706831932068;0.14;0.14937692880630493;0.16;0.1611296832561493
0.34;0.32170769572257996;0.32;0.30379718542099;0.3;0.30079764127731323
0.38;0.3826010823249817;0.5;0.4975713789463043;0.28;0.27954334020614624
0.36;0.3603784739971161;0.4;0.40478628873825073;0.26;0.2615223824977875
0.4;0.39779120683670044;0.44;0.4491918385028839;0.36;0.35843899846076965
0.64;0.6431452035903931;0.3;0.31218570470809937;0.44;0.44419804215431213
0.12;0.12421905994415283;0.24;0.24065102636814117;0.26;0.26132774353027344
0.3;0.3138992488384247;0.52;0.5167714953422546;0.28;0.28150397539138794
0.68;0.6887683272361755;0.22;0.20523624122142792;0.18;0.1827717274427414
0.2;0.2070166915655136;0.5;0.502867579460144;0.32;0.3188689351081848
0.14;0.14382407069206238;0.3;0.29925963282585144;0.16;0.16036970913410187
0.66;0.6626297235488892;0.12;0.12824727594852448;0.24;0.23700198531150818
0.78;0.7828835844993591;0.18;0.18588826060295105;0.46;0.46791401505470276
0.38;0.37436360120773315;0.44;0.4487590491771698;0.28;0.2790652811527252
0.44;0.4366200864315033;0.4;0.40400779247283936;0.28;0.27851244807243347
0.72;0.7254205942153931;0.18;0.17613591253757477;0.42;0.41973552107810974
0.32;0.3211217224597931;0.5;0.5028249621391296;0.3;0.30372580885887146
0.28;0.2800987958908081;0.1;0.11304925382137299;0.2;0.18522050976753235
0.34;0.3415546119213104;0.26;0.26671212911605835;0.38;0.37317532300949097
0.12;0.11718907207250595;0.7;0.6975986361503601;0.38;0.38023704290390015
0.44;0.44345754384994507;0.24;0.245104119181633;0.36;0.3629763722419739
0.44;0.43835175037384033;0.54;0.516466498374939;0.38;0.380971759557724
0.28;0.28969913721084595;0.26;0.24388790130615234;0.1;0.10380588471889496
0.2;0.18567480146884918;0.36;0.3825477063655853;0.16;0.15592262148857117
0.1;0.11387073248624802;0.14;0.15959382057189941;0.4;0.4052078127861023
0.34;0.33966973423957825;0.28;0.2824401557445526;0.24;0.2526794970035553
0.84;0.8332245349884033;0.1;0.10977783054113388;0.44;0.41393548250198364
0.34;0.3370993733406067;0.34;0.338798463344574;0.42;0.4247974455356598
0.54;0.5378268361091614;0.32;0.2988532483577728;0.2;0.21291962265968323
0.32;0.2993120551109314;0.18;0.2305181324481964;0.42;0.3858136832714081
0.74;0.7423732876777649;0.1;0.10079482942819595;0.1;0.0999961793422699
0.28;0.2849835753440857;0.56;0.5561876893043518;0.48;0.48263779282569885
0.1;0.10328657180070877;0.84;0.8527910709381104;0.28;0.2820500433444977
0.14;0.13841985166072845;0.84;0.8229138255119324;0.44;0.4400549829006195
0.44;0.4386580288410187;0.5;0.5165411829948425;0.26;0.2625083327293396
0.36;0.36370664834976196;0.58;0.5898576974868774;0.28;0.2836683690547943
0.28;0.2803739607334137;0.7;0.6783380508422852;0.2;0.1998032033443451
0.4;0.3995528221130371;0.56;0.5790126919746399;0.5;0.49882322549819946
0.16;0.1632830947637558;0.76;0.7428418397903442;0.14;0.14162005484104156
0.26;0.26147589087486267;0.28;0.2678864598274231;0.1;0.11241421848535538
0.1;0.11530395597219467;0.8;0.788823664188385;0.28;0.2859114110469818
0.46;0.45923617482185364;0.14;0.1333893984556198;0.18;0.19276192784309387
0.32;0.32286325097084045;0.14;0.1441325545310974;0.2;0.20736250281333923
0.4;0.3882198929786682;0.22;0.21866491436958313;0.28;0.2939856946468353
0.26;0.2779406011104584;0.14;0.140104278922081;0.44;0.444602906703949
0.34;0.3401080369949341;0.38;0.3739843964576721;0.44;0.44685497879981995
0.6;0.5943453907966614;0.32;0.3211800754070282;0.28;0.28477200865745544
0.16;0.16254451870918274;0.26;0.24738454818725586;0.34;0.3368151783943176
0.1;0.10694264620542526;0.24;0.24364571273326874;0.22;0.21852537989616394
0.16;0.15141642093658447;0.12;0.11695151031017303;0.28;0.278252512216568
0.14;0.1401420533657074;0.82;0.8238596320152283;0.12;0.1195082813501358
0.3;0.30071553587913513;0.1;0.12882483005523682;0.38;0.35698622465133667
0.34;0.33639875054359436;0.28;0.2895788252353668;0.16;0.1548818051815033
0.28;0.2746066153049469;0.3;0.2951176166534424;0.3;0.30131733417510986
0.32;0.31959354877471924;0.26;0.2623078227043152;0.28;0.28247058391571045
0.28;0.28390273451805115;0.66;0.6614742279052734;0.34;0.33825188875198364
0.72;0.7117041945457458;0.26;0.24347202479839325;0.36;0.3636356294155121
0.1;0.11146453768014908;0.3;0.2848990261554718;0.26;0.2677534520626068
0.14;0.1455259919166565;0.68;0.6697914004325867;0.22;0.2276550829410553
0.2;0.1975512057542801;0.32;0.3045566976070404;0.36;0.353474497795105
0.12;0.11811935156583786;0.32;0.30535292625427246;0.14;0.14495337009429932
0.8;0.7796912789344788;0.12;0.13170480728149414;0.16;0.1625608652830124
0.2;0.20025524497032166;0.72;0.7262213826179504;0.24;0.2413720339536667
0.32;0.30963706970214844;0.18;0.19262383878231049;0.26;0.24210476875305176
0.32;0.3172719478607178;0.4;0.4035603404045105;0.48;0.477263867855072
0.16;0.16069361567497253;0.44;0.42147260904312134;0.36;0.36749470233917236
0.62;0.6309537887573242;0.28;0.27092963457107544;0.36;0.35176703333854675
0.12;0.11959652602672577;0.34;0.3361244797706604;0.24;0.23547479510307312
0.52;0.5226961374282837;0.46;0.4687206745147705;0.5;0.4839453101158142
0.18;0.17811234295368195;0.78;0.7734756469726562;0.22;0.22443656623363495
0.42;0.42319273948669434;0.38;0.3799510598182678;0.4;0.3971497416496277
0.4;0.39832010865211487;0.32;0.32562291622161865;0.44;0.4517447352409363
0.24;0.25464993715286255;0.46;0.4677644371986389;0.14;0.143307164311409
0.44;0.4485982358455658;0.3;0.2867811918258667;0.26;0.26375460624694824
0.4;0.3899341821670532;0.1;0.14520615339279175;0.4;0.32638758420944214
0.56;0.5508130192756653;0.34;0.33656439185142517;0.4;0.4048703610897064
0.58;0.5753861665725708;0.28;0.27291977405548096;0.34;0.3321188688278198
0.86;0.8545141816139221;0.1;0.12011481821537018;0.16;0.14663036167621613
0.3;0.2764912247657776;0.2;0.2438180148601532;0.3;0.25919026136398315
0.4;0.39960262179374695;0.4;0.41108042001724243;0.2;0.20027609169483185
0.62;0.6154943704605103;0.18;0.18600016832351685;0.42;0.42156410217285156
0.26;0.2609337866306305;0.56;0.5772948265075684;0.14;0.14566901326179504
0.12;0.12811048328876495;0.7;0.6634442210197449;0.16;0.16089372336864471
0.14;0.15138764679431915;0.62;0.6261194944381714;0.42;0.4220161437988281
0.42;0.41904130578041077;0.56;0.5462538003921509;0.2;0.1990741640329361
0.54;0.5309999585151672;0.32;0.31573283672332764;0.22;0.21430888772010803
0.72;0.7205192446708679;0.12;0.12369997054338455;0.12;0.11884663254022598
0.36;0.3636780381202698;0.38;0.39209529757499695;0.22;0.2238754779100418
0.22;0.22284111380577087;0.68;0.6706451773643494;0.18;0.17961806058883667
0.2;0.20245906710624695;0.34;0.36919835209846497;0.38;0.3826712667942047
0.48;0.4738238751888275;0.16;0.17543205618858337;0.14;0.14199034869670868
0.14;0.13265080749988556;0.22;0.20619404315948486;0.26;0.26164597272872925
0.4;0.4007683992385864;0.26;0.2529304325580597;0.14;0.14036457240581512
0.44;0.4413621425628662;0.2;0.19680006802082062;0.24;0.24619433283805847
0.18;0.1832469254732132;0.68;0.6722275614738464;0.22;0.2234334498643875
0.52;0.5062659382820129;0.12;0.11443481594324112;0.34;0.35589829087257385
0.26;0.2563071548938751;0.3;0.2803024351596832;0.26;0.26319822669029236
0.72;0.7164736986160278;0.18;0.17917269468307495;0.18;0.18433763086795807
0.62;0.6365189552307129;0.16;0.14438429474830627;0.1;0.1117696538567543
0.22;0.22195503115653992;0.22;0.22632421553134918;0.44;0.4204856753349304
0.16;0.1801268458366394;0.2;0.19700060784816742;0.36;0.357084184885025
0.72;0.7215149402618408;0.22;0.22729472815990448;0.34;0.3386411666870117
0.2;0.20427535474300385;0.74;0.7506730556488037;0.18;0.18170404434204102
0.18;0.17946992814540863;0.14;0.14210352301597595;0.14;0.1393621861934662
0.22;0.215922549366951;0.44;0.44050416350364685;0.32;0.3157283067703247
0.22;0.22105339169502258;0.7;0.6997750997543335;0.32;0.3217373490333557
0.7;0.6971575021743774;0.28;0.2579485774040222;0.22;0.22073765099048615
0.54;0.521522045135498;0.12;0.11521444469690323;0.42;0.4375496804714203
0.1;0.10204080492258072;0.86;0.8593164682388306;0.18;0.1847389191389084
0.34;0.340813547372818;0.52;0.5173965096473694;0.24;0.24024906754493713
0.54;0.5374431014060974;0.18;0.17793333530426025;0.34;0.3390185832977295
0.34;0.3398858904838562;0.58;0.5830339789390564;0.5;0.49945202469825745
0.6;0.6170119643211365;0.14;0.12942467629909515;0.1;0.11191890388727188
0.26;0.268422931432724;0.3;0.28508731722831726;0.3;0.29637640714645386
0.16;0.14919507503509521;0.44;0.4448477029800415;0.48;0.47340822219848633
0.18;0.19701741635799408;0.46;0.45743274688720703;0.12;0.13207656145095825
0.18;0.15892624855041504;0.5;0.5257639288902283;0.5;0.4884810447692871
0.26;0.2573820948600769;0.1;0.1120619922876358;0.32;0.30297499895095825
0.48;0.4741092920303345;0.34;0.34813615679740906;0.46;0.45381537079811096
0.38;0.3845115602016449;0.34;0.3386918604373932;0.42;0.430203914642334
0.12;0.11564697325229645;0.46;0.4687061309814453;0.18;0.17390850186347961
0.38;0.3824513554573059;0.14;0.13543550670146942;0.1;0.1030706912279129
0.72;0.7188761234283447;0.14;0.13231106102466583;0.1;0.10884793102741241
0.34;0.340664267539978;0.54;0.5387449860572815;0.2;0.1988449990749359
0.22;0.22038684785366058;0.56;0.5588270425796509;0.34;0.3424831032752991
0.1;0.10041555762290955;0.12;0.1236480176448822;0.2;0.20258502662181854
0.24;0.23916994035243988;0.28;0.3089947998523712;0.36;0.34003955125808716
0.46;0.46825581789016724;0.42;0.4098542332649231;0.2;0.20122504234313965
0.36;0.36214300990104675;0.46;0.4513595998287201;0.24;0.2413051575422287
0.38;0.38171106576919556;0.54;0.5405047535896301;0.22;0.21939758956432343
0.72;0.7243861556053162;0.2;0.22652769088745117;0.28;0.2819143235683441
0.84;0.8344897627830505;0.12;0.12821133434772491;0.34;0.3381510376930237
0.14;0.12532347440719604;0.6;0.6264021992683411;0.46;0.44698652625083923
0.38;0.3795727491378784;0.6;0.5737459063529968;0.34;0.338722288608551
0.68;0.679684579372406;0.3;0.2805668115615845;0.36;0.3638054132461548
0.66;0.6680462956428528;0.2;0.19884702563285828;0.16;0.16411161422729492
0.22;0.23031292855739594;0.22;0.2503501772880554;0.5;0.4795430302619934
0.42;0.4210374355316162;0.48;0.4702204465866089;0.44;0.43946871161460876
0.1;0.11130724847316742;0.52;0.4893544018268585;0.36;0.3846997022628784
0.26;0.25856006145477295;0.36;0.3614064157009125;0.28;0.2772510051727295
0.38;0.39049574732780457;0.52;0.5114231109619141;0.1;0.10371647775173187
0.4;0.40265896916389465;0.32;0.3230850398540497;0.4;0.4097047448158264
0.24;0.2500928044319153;0.62;0.6127352714538574;0.12;0.11956866085529327
0.52;0.5263650417327881;0.42;0.42299193143844604;0.1;0.10432807356119156
0.2;0.21244923770427704;0.24;0.23467256128787994;0.46;0.46224790811538696
0.18;0.17568722367286682;0.7;0.7075402736663818;0.4;0.3989497721195221
0.38;0.3781362473964691;0.24;0.24236518144607544;0.48;0.4792099893093109
0.18;0.16789020597934723;0.1;0.10572747141122818;0.34;0.32186025381088257
0.14;0.13869725167751312;0.68;0.6629894375801086;0.32;0.3232106566429138
0.16;0.1537332385778427;0.42;0.4252827763557434;0.44;0.4478519558906555
0.28;0.2854093909263611;0.3;0.2958918511867523;0.42;0.4137992858886719
0.5;0.46494579315185547;0.12;0.14741608500480652;0.22;0.18227165937423706
0.16;0.15727055072784424;0.66;0.6690201163291931;0.5;0.49823102355003357
0.38;0.38363176584243774;0.44;0.44330301880836487;0.38;0.3787860870361328
0.14;0.15330715477466583;0.18;0.158040851354599;0.1;0.11213642358779907
0.34;0.3306087553501129;0.16;0.18366926908493042;0.24;0.2268211394548416
0.16;0.1586122363805771;0.54;0.5749190449714661;0.38;0.3702903985977173
0.12;0.12242761254310608;0.38;0.38157182931900024;0.26;0.2605004608631134
0.6;0.60628741979599;0.38;0.3619689345359802;0.32;0.3243256211280823
0.24;0.2543673813343048;0.62;0.6157271265983582;0.34;0.3430485725402832
0.8;0.7978925704956055;0.12;0.11933119595050812;0.26;0.2724895179271698
0.72;0.7222625017166138;0.1;0.10146193206310272;0.3;0.28813737630844116
0.46;0.4745683968067169;0.18;0.1714443564414978;0.1;0.10289569944143295
0.2;0.1987888067960739;0.48;0.4655633866786957;0.14;0.14164605736732483
0.16;0.15424306690692902;0.1;0.09720242768526077;0.22;0.20424695312976837
0.22;0.21444374322891235;0.26;0.2548651099205017;0.1;0.09616626054048538
0.68;0.6782759428024292;0.2;0.2049182504415512;0.46;0.4630155563354492
0.12;0.13824769854545593;0.42;0.4095745086669922;0.1;0.10075166076421738
0.12;0.11890369653701782;0.58;0.5765736103057861;0.46;0.4599080979824066
0.58;0.5755924582481384;0.26;0.26703041791915894;0.34;0.33351343870162964
0.5;0.41948047280311584;0.1;0.1547541469335556;0.22;0.16970345377922058
0.46;0.44944480061531067;0.12;0.12328942865133286;0.48;0.46923795342445374
0.46;0.4585321247577667;0.36;0.34807953238487244;0.46;0.46492689847946167
0.34;0.34914883971214294;0.48;0.4787512421607971;0.18;0.18934443593025208
0.24;0.23606540262699127;0.58;0.586162269115448;0.42;0.41722995042800903
0.64;0.6255778670310974;0.32;0.294912189245224;0.12;0.126286119222641
0.1;0.11265938729047775;0.42;0.43548256158828735;0.5;0.48310089111328125
0.44;0.4347270429134369;0.42;0.4260234236717224;0.26;0.2579607367515564
0.32;0.3210991322994232;0.62;0.6377575993537903;0.34;0.3396936058998108
0.3;0.29390740394592285;0.3;0.29870182275772095;0.48;0.47735700011253357
0.18;0.18028785288333893;0.78;0.7981377840042114;0.48;0.4796714782714844
0.28;0.2824414074420929;0.28;0.2841367721557617;0.12;0.12306667864322662
0.1;0.10507039725780487;0.16;0.15774701535701752;0.16;0.1712721884250641
0.2;0.19924122095108032;0.74;0.7306883335113525;0.48;0.4818989634513855
0.32;0.3265586793422699;0.24;0.24194473028182983;0.36;0.37180912494659424
0.52;0.5290641188621521;0.46;0.42887094616889954;0.1;0.10777918249368668
0.58;0.5826994180679321;0.22;0.23199453949928284;0.28;0.2746409475803375
0.7;0.7017115950584412;0.16;0.1633695513010025;0.3;0.3098955750465393
0.68;0.6822248697280884;0.26;0.26794466376304626;0.46;0.4621419906616211
0.22;0.21806855499744415;0.64;0.6446832418441772;0.38;0.37942880392074585
0.4;0.3928490877151489;0.32;0.3317423164844513;0.26;0.25978368520736694
0.4;0.38892650604248047;0.22;0.1977986991405487;0.18;0.20742812752723694
0.14;0.14826783537864685;0.58;0.5905464291572571;0.36;0.3621766269207001
0.1;0.1001853197813034;0.88;0.8492636680603027;0.46;0.46009722352027893
0.26;0.2602984607219696;0.16;0.17240190505981445;0.16;0.16327783465385437
0.5;0.49425649642944336;0.12;0.13876332342624664;0.42;0.4039173126220703
0.16;0.16572760045528412;0.6;0.6064812541007996;0.32;0.31779080629348755
0.6;0.610012948513031;0.32;0.3222009241580963;0.32;0.3090842068195343
0.26;0.26004719734191895;0.48;0.4644828736782074;0.14;0.14822570979595184
0.74;0.7275732755661011;0.14;0.139253631234169;0.28;0.28480106592178345
0.1;0.10838612169027328;0.6;0.572513997554779;0.36;0.3688138425350189
0.8;0.7883301973342896;0.12;0.12407908588647842;0.2;0.20315854251384735
0.32;0.3227696120738983;0.12;0.15024298429489136;0.42;0.4477519989013672
0.28;0.2663727104663849;0.34;0.34852248430252075;0.34;0.3403608500957489
0.34;0.35219061374664307;0.26;0.2672446072101593;0.4;0.40517082810401917
0.16;0.1697402000427246;0.26;0.2723485827445984;0.5;0.4917190670967102
0.6;0.5915170311927795;0.32;0.3190182149410248;0.34;0.3256036639213562
0.32;0.3168795108795166;0.16;0.1874476969242096;0.44;0.383307546377182
0.44;0.43951115012168884;0.48;0.4814644157886505;0.12;0.11837814748287201
0.48;0.47037792205810547;0.3;0.3031742572784424;0.46;0.4507535994052887
0.44;0.43249645829200745;0.12;0.11146616190671921;0.42;0.43777331709861755
0.1;0.12181510776281357;0.72;0.7002874612808228;0.2;0.20186476409435272
0.2;0.21487611532211304;0.14;0.1415930986404419;0.26;0.25603312253952026
0.74;0.7383208870887756;0.24;0.21127349138259888;0.14;0.14777234196662903
0.56;0.565161406993866;0.34;0.34296685457229614;0.14;0.14416417479515076
0.64;0.6345815062522888;0.28;0.2817226052284241;0.16;0.1645456999540329
0.2;0.20221638679504395;0.64;0.6343615651130676;0.24;0.24069109559059143
0.1;0.1504214107990265;0.68;0.6063247919082642;0.12;0.1582319438457489
0.8;0.8152634501457214;0.16;0.15036270022392273;0.18;0.1857350617647171
0.52;0.5282338857650757;0.24;0.24491272866725922;0.44;0.4405878186225891
0.14;0.14931197464466095;0.74;0.7233986258506775;0.2;0.20248255133628845
0.12;0.11146681755781174;0.48;0.47581762075424194;0.34;0.33718758821487427
0.14;0.1367035210132599;0.46;0.47003936767578125;0.22;0.22176280617713928
0.24;0.23844560980796814;0.36;0.3636874258518219;0.42;0.4209865927696228
0.24;0.24122534692287445;0.38;0.38101887702941895;0.46;0.46273016929626465
0.22;0.21962061524391174;0.36;0.3608795404434204;0.44;0.42439717054367065
0.36;0.3700806498527527;0.26;0.26130443811416626;0.42;0.4161432385444641
0.58;0.5651502013206482;0.1;0.10335550457239151;0.16;0.15524375438690186
0.18;0.1773100197315216;0.66;0.6674831509590149;0.32;0.3217307925224304
0.14;0.14377684891223907;0.44;0.4333046078681946;0.46;0.4701409339904785
0.28;0.2816128432750702;0.58;0.5890586376190186;0.22;0.22149519622325897
0.42;0.4173927307128906;0.32;0.3308604955673218;0.44;0.4459734559059143
0.48;0.4889319837093353;0.28;0.27776065468788147;0.3;0.3024280071258545
0.18;0.1806178092956543;0.78;0.789146363735199;0.14;0.14146128296852112
0.2;0.1988949477672577;0.22;0.22071589529514313;0.24;0.2344767153263092
0.34;0.3319884240627289;0.38;0.38002800941467285;0.24;0.24949033558368683
0.2;0.1953093260526657;0.66;0.6781870722770691;0.38;0.3777772784233093
0.6;0.5909837484359741;0.36;0.3689321279525757;0.16;0.1558363139629364
0.7;0.6954665780067444;0.24;0.254927396774292;0.5;0.49746638536453247
0.56;0.5510150194168091;0.32;0.3151193857192993;0.28;0.27752450108528137
0.56;0.5571609735488892;0.4;0.3961910605430603;0.28;0.2794739603996277
0.22;0.2345900535583496;0.2;0.19404639303684235;0.38;0.37839847803115845
0.3;0.2997686564922333;0.68;0.6593778133392334;0.2;0.20363759994506836
0.72;0.7175188660621643;0.26;0.23510441184043884;0.26;0.26502522826194763
0.52;0.5265778303146362;0.2;0.20936506986618042;0.4;0.40211766958236694
0.22;0.22752709686756134;0.54;0.5393033623695374;0.26;0.2590850591659546
0.5;0.5041975378990173;0.36;0.36609938740730286;0.2;0.21138863265514374
0.44;0.4064595103263855;0.18;0.17089951038360596;0.12;0.12132617086172104
0.22;0.22069324553012848;0.7;0.7086514234542847;0.26;0.25835537910461426
0.12;0.14450068771839142;0.68;0.6472366452217102;0.16;0.16150334477424622
0.44;0.4371774196624756;0.18;0.17839957773685455;0.4;0.40446966886520386
0.12;0.1300089955329895;0.16;0.14007477462291718;0.1;0.1048983782529831
0.38;0.380016028881073;0.18;0.17849232256412506;0.28;0.28864067792892456
0.36;0.35872283577919006;0.14;0.1662207841873169;0.46;0.41363707184791565
0.1;0.11114893853664398;0.42;0.41266295313835144;0.44;0.43438205122947693
0.26;0.26333126425743103;0.34;0.33367788791656494;0.36;0.3568339943885803
0.22;0.21966329216957092;0.7;0.6959431171417236;0.12;0.12063483148813248
0.18;0.18204422295093536;0.12;0.11930660158395767;0.36;0.3584561347961426
0.42;0.4181540310382843;0.42;0.41874292492866516;0.48;0.4808378219604492
0.34;0.3478598892688751;0.24;0.24689817428588867;0.44;0.43305379152297974
0.24;0.24389567971229553;0.48;0.4730266332626343;0.38;0.37612223625183105
0.76;0.7657792568206787;0.18;0.18119855225086212;0.36;0.3623045086860657
0.3;0.3017140030860901;0.46;0.46244966983795166;0.26;0.25855883955955505
0.18;0.16913621127605438;0.46;0.478897362947464;0.46;0.45984792709350586
0.64;0.6396118402481079;0.34;0.30705899000167847;0.2;0.2022441327571869
0.2;0.2033730000257492;0.1;0.10241610556840897;0.2;0.1887795776128769
0.14;0.14223702251911163;0.48;0.4730719327926636;0.24;0.2461841106414795
0.48;0.4906002879142761;0.3;0.28098148107528687;0.1;0.10541941970586777
0.34;0.3292334973812103;0.48;0.4882991909980774;0.16;0.15933899581432343
0.36;0.3461216986179352;0.58;0.5979312062263489;0.18;0.17649932205677032
0.18;0.17494934797286987;0.22;0.21066059172153473;0.38;0.3792813718318939
0.64;0.6376999020576477;0.14;0.1430087685585022;0.2;0.20395931601524353
0.22;0.22240297496318817;0.68;0.684858500957489;0.14;0.13987824320793152
0.3;0.3024442493915558;0.14;0.14038947224617004;0.36;0.35534802079200745
0.5;0.49526894092559814;0.16;0.1586943417787552;0.4;0.3786049485206604
0.26;0.255698025226593;0.64;0.6370921730995178;0.18;0.17783455550670624
0.26;0.2587814927101135;0.34;0.3366624414920807;0.3;0.2988951802253723
0.14;0.13860654830932617;0.28;0.2853042483329773;0.16;0.16571572422981262
0.14;0.14823107421398163;0.12;0.12128148972988129;0.42;0.41494303941726685
0.5;0.4919053018093109;0.38;0.39269164204597473;0.16;0.15187661349773407
0.52;0.5029208064079285;0.32;0.34497201442718506;0.34;0.3207363486289978
0.68;0.6678748726844788;0.1;0.1075650081038475;0.34;0.3162935674190521
0.4;0.3777792155742645;0.32;0.32088369131088257;0.12;0.12475770711898804
0.18;0.17177274823188782;0.46;0.4638022780418396;0.48;0.4774898588657379
0.2;0.21134763956069946;0.26;0.2602711021900177;0.14;0.13909827172756195
0.14;0.14677537977695465;0.14;0.139556884765625;0.16;0.1599111706018448
0.54;0.5314971208572388;0.26;0.2853456735610962;0.5;0.480715274810791
0.72;0.7122086882591248;0.12;0.12157053500413895;0.34;0.34028881788253784
0.24;0.2467837631702423;0.52;0.5030946731567383;0.28;0.2777796685695648
0.18;0.18238699436187744;0.66;0.6560527086257935;0.16;0.15899837017059326
0.2;0.2074403464794159;0.24;0.23343490064144135;0.2;0.1994876265525818
0.42;0.4312913119792938;0.34;0.32580167055130005;0.2;0.2087690532207489
0.5;0.49196988344192505;0.34;0.3615192770957947;0.32;0.30780407786369324
0.28;0.27379176020622253;0.62;0.6245124340057373;0.16;0.16042175889015198
0.14;0.144876629114151;0.5;0.4864768087863922;0.32;0.31679731607437134
0.86;0.85410475730896;0.12;0.11439774930477142;0.4;0.40558910369873047
0.68;0.6817469596862793;0.26;0.27295252680778503;0.16;0.15859463810920715
0.1;0.11697227507829666;0.32;0.3052682876586914;0.3;0.31251662969589233
0.16;0.1531979739665985;0.3;0.29183536767959595;0.48;0.47566351294517517
0.42;0.4253137707710266;0.36;0.3400123119354248;0.26;0.268019437789917
0.22;0.21767573058605194;0.38;0.40425145626068115;0.32;0.3238252103328705
0.46;0.46673354506492615;0.16;0.1581757813692093;0.4;0.40598854422569275
0.26;0.2390691339969635;0.22;0.29882198572158813;0.24;0.19716954231262207
0.28;0.2754697799682617;0.62;0.6160848736763;0.32;0.3184604346752167
0.44;0.4381805658340454;0.5;0.5055261254310608;0.34;0.342525452375412
0.64;0.6270971894264221;0.2;0.20192232728004456;0.2;0.1910073161125183
0.22;0.21172894537448883;0.6;0.6036536693572998;0.36;0.35833433270454407
0.28;0.2720637619495392;0.26;0.25882503390312195;0.28;0.2756701111793518
0.32;0.32766956090927124;0.36;0.32590776681900024;0.2;0.22795569896697998
0.22;0.20796677470207214;0.26;0.2899203896522522;0.32;0.30638301372528076
0.56;0.5647338032722473;0.18;0.1703381985425949;0.32;0.3123405873775482
0.22;0.22716791927814484;0.38;0.4099639356136322;0.22;0.22205610573291779
0.36;0.359852135181427;0.28;0.2710089385509491;0.3;0.2990036606788635
0.48;0.48522549867630005;0.46;0.46057966351509094;0.24;0.23776188492774963
0.34;0.34887081384658813;0.2;0.18421262502670288;0.16;0.18691661953926086
0.42;0.4216790795326233;0.42;0.4065535366535187;0.26;0.2618890404701233
0.64;0.6344838738441467;0.2;0.19271036982536316;0.36;0.35615575313568115
0.1;0.11902660876512527;0.44;0.43093186616897583;0.3;0.31213444471359253
0.56;0.5582202672958374;0.3;0.29573506116867065;0.2;0.1974218636751175
0.44;0.4377165734767914;0.32;0.32224154472351074;0.36;0.3607502281665802
0.28;0.29491737484931946;0.24;0.229560986161232;0.1;0.11239071935415268
0.4;0.38497650623321533;0.54;0.5428758263587952;0.42;0.41847023367881775
0.64;0.6400344967842102;0.12;0.1251310408115387;0.26;0.2525993287563324
0.12;0.12495840340852737;0.14;0.1496201902627945;0.42;0.41623592376708984
0.18;0.18272824585437775;0.44;0.4491346478462219;0.42;0.412332147359848
0.28;0.2785911560058594;0.7;0.6866810321807861;0.3;0.303114116191864
0.5;0.5193545818328857;0.3;0.296672523021698;0.1;0.10298343002796173
0.36;0.3659275472164154;0.42;0.416048526763916;0.38;0.37891876697540283
0.66;0.6560636758804321;0.14;0.14250920712947845;0.24;0.23269271850585938
0.48;0.476069837808609;0.26;0.26940032839775085;0.44;0.43635040521621704
0.58;0.5720536112785339;0.18;0.1907806247472763;0.5;0.48924246430397034
0.2;0.19944624602794647;0.4;0.4156731963157654;0.46;0.44220075011253357
0.42;0.42191240191459656;0.4;0.4041580855846405;0.42;0.4267321228981018
0.4;0.3903641104698181;0.2;0.20127536356449127;0.48;0.4845306873321533
0.18;0.184102401137352;0.48;0.47910287976264954;0.38;0.38445839285850525
0.3;0.29642999172210693;0.3;0.2926458418369293;0.36;0.3643612265586853
0.54;0.5381990671157837;0.38;0.3871889114379883;0.46;0.4501311779022217
0.58;0.5760400891304016;0.16;0.15705110132694244;0.34;0.3551388382911682
0.64;0.6387794613838196;0.2;0.1958836019039154;0.32;0.3391404151916504
0.18;0.1791914850473404;0.76;0.7546764612197876;0.16;0.16089001297950745
0.28;0.2680546045303345;0.18;0.2658720910549164;0.5;0.44521456956863403
0.82;0.8276342153549194;0.16;0.12916633486747742;0.1;0.11368440091609955
0.3;0.299945205450058;0.24;0.24404403567314148;0.32;0.3182707130908966
0.4;0.39947235584259033;0.54;0.5664790272712708;0.5;0.49886980652809143
0.76;0.7662389278411865;0.16;0.15667030215263367;0.36;0.3813987374305725
0.24;0.2458416372537613;0.26;0.25828635692596436;0.44;0.4295438826084137
0.48;0.48386961221694946;0.2;0.19863833487033844;0.48;0.47726765275001526
0.26;0.25775057077407837;0.2;0.18136192858219147;0.28;0.289043664932251
0.14;0.20444798469543457;0.12;0.11737469583749771;0.24;0.23452286422252655
0.14;0.14217691123485565;0.66;0.647101640701294;0.24;0.2389085590839386
0.24;0.24049381911754608;0.34;0.3141649663448334;0.16;0.15813040733337402
0.46;0.45769840478897095;0.5;0.5030312538146973;0.42;0.4177837371826172
0.62;0.6144931316375732;0.12;0.11247000843286514;0.32;0.30657854676246643
0.14;0.15261949598789215;0.14;0.11999066174030304;0.1;0.11004946380853653
0.34;0.3384782373905182;0.36;0.33761218190193176;0.24;0.255321204662323
0.14;0.1385306715965271;0.42;0.424056738615036;0.38;0.3742603659629822
0.82;0.8135623931884766;0.16;0.15098847448825836;0.48;0.47805824875831604
0.76;0.7295904755592346;0.22;0.18211854994297028;0.24;0.2546830177307129
0.38;0.3622678816318512;0.38;0.39743414521217346;0.2;0.20509342849254608
0.6;0.5993988513946533;0.34;0.34539708495140076;0.4;0.3995775878429413
0.38;0.39070478081703186;0.5;0.49572068452835083;0.12;0.12276820838451385
0.58;0.5799680352210999;0.4;0.3801480531692505;0.46;0.4647356867790222
0.1;0.11134719103574753;0.68;0.6349945068359375;0.36;0.37688592076301575
0.2;0.21425943076610565;0.6;0.6092066168785095;0.24;0.2415960133075714
0.24;0.2401323914527893;0.12;0.1289656162261963;0.24;0.2455744743347168
0.34;0.3388005793094635;0.4;0.40985020995140076;0.5;0.4954873025417328
0.14;0.1576956957578659;0.18;0.1783173531293869;0.36;0.3542715609073639
0.18;0.1840481162071228;0.28;0.2848639488220215;0.18;0.17109374701976776
0.56;0.5614078044891357;0.26;0.2528318464756012;0.32;0.31708061695098877
0.14;0.15975074470043182;0.1;0.10667858272790909;0.36;0.3370571434497833
0.18;0.183172345161438;0.66;0.6674646139144897;0.3;0.29791003465652466
0.48;0.4845961928367615;0.36;0.3657306730747223;0.12;0.12676680088043213
0.82;0.8195856809616089;0.14;0.14777164161205292;0.4;0.4121912121772766
0.84;0.8363909721374512;0.1;0.11162584275007248;0.48;0.46147632598876953
0.14;0.13952143490314484;0.16;0.17363204061985016;0.18;0.17440566420555115
0.28;0.28069788217544556;0.56;0.5682609677314758;0.3;0.3117792308330536
0.64;0.637573778629303;0.3;0.33365869522094727;0.5;0.49763306975364685
0.42;0.3952037990093231;0.1;0.11850755661725998;0.14;0.12119340896606445
0.1;0.10701041668653488;0.54;0.5214446187019348;0.44;0.4508436322212219
0.14;0.12904080748558044;0.58;0.5755900144577026;0.38;0.3753044605255127
0.48;0.47555291652679443;0.34;0.3398605287075043;0.28;0.27334460616111755
0.34;0.3297234773635864;0.5;0.49236196279525757;0.34;0.342924565076828
0.52;0.5183960795402527;0.26;0.27320724725723267;0.2;0.18718206882476807
0.38;0.3926302194595337;0.44;0.4431363344192505;0.16;0.1675579994916916
0.36;0.3650537431240082;0.16;0.14016757905483246;0.4;0.41155195236206055
0.52;0.5192458629608154;0.26;0.2773817479610443;0.24;0.2504517138004303
0.38;0.3700054883956909;0.32;0.32547426223754883;0.5;0.4938707947731018
0.2;0.20019596815109253;0.78;0.7588945627212524;0.36;0.3600437045097351
0.26;0.25078195333480835;0.36;0.36525556445121765;0.44;0.44045811891555786
0.18;0.17623265087604523;0.6;0.5987693071365356;0.5;0.4997543394565582
0.44;0.42340967059135437;0.26;0.2717653214931488;0.48;0.4729054868221283
0.4;0.3924601972103119;0.12;0.12402146309614182;0.32;0.29804807901382446
0.2;0.2041875571012497;0.72;0.7144368886947632;0.1;0.09975356608629227
0.18;0.18714898824691772;0.36;0.3573002815246582;0.12;0.12162826955318451
0.1;0.11409386247396469;0.44;0.41821739077568054;0.24;0.2405296266078949
0.62;0.6203203201293945;0.24;0.24450898170471191;0.38;0.37228262424468994
0.18;0.1765008121728897;0.34;0.3395383954048157;0.4;0.40582722425460815
0.66;0.6521667242050171;0.26;0.2789610028266907;0.16;0.15947325527668
0.18;0.17949499189853668;0.76;0.768401563167572;0.14;0.1418781578540802
0.18;0.16931931674480438;0.74;0.7578691244125366;0.32;0.3232916295528412
0.42;0.4152100682258606;0.42;0.4105055034160614;0.22;0.2220931053161621
0.12;0.11988578736782074;0.64;0.6377929449081421;0.46;0.4621923565864563
0.34;0.3405322730541229;0.6;0.6086484789848328;0.42;0.4169607162475586
0.24;0.2396015226840973;0.74;0.7204399108886719;0.36;0.3602931797504425
0.16;0.16648557782173157;0.58;0.5726249814033508;0.46;0.46568870544433594
0.34;0.3400225043296814;0.32;0.3165009617805481;0.26;0.3014928698539734
0.58;0.5883709192276001;0.32;0.3248770833015442;0.12;0.1277608871459961
0.14;0.13902181386947632;0.78;0.7754984498023987;0.36;0.35929015278816223
0.22;0.2182818353176117;0.76;0.7469501495361328;0.24;0.2388956993818283
0.12;0.11903344094753265;0.7;0.7060964703559875;0.48;0.47519683837890625
0.7;0.7050493955612183;0.14;0.1482643038034439;0.12;0.13497589528560638
0.46;0.44940081238746643;0.26;0.2624899744987488;0.12;0.12368245422840118
0.32;0.32453441619873047;0.38;0.3754262924194336;0.32;0.33184757828712463
0.62;0.6299065947532654;0.32;0.3293132185935974;0.26;0.25834113359451294
0.52;0.5135657787322998;0.32;0.3345327377319336;0.3;0.29127106070518494
0.46;0.4622032046318054;0.2;0.1953689306974411;0.12;0.12691207230091095
0.14;0.1406644880771637;0.84;0.8247078061103821;0.46;0.4583304524421692
0.54;0.5402003526687622;0.12;0.12027917802333832;0.44;0.4321511387825012
0.12;0.11804702877998352;0.38;0.3684171438217163;0.42;0.4151979088783264
0.54;0.5423718094825745;0.14;0.14021296799182892;0.4;0.42433175444602966
0.16;0.16481700539588928;0.58;0.5806655287742615;0.24;0.23763255774974823
0.48;0.4760221838951111;0.38;0.3669446110725403;0.16;0.1575392782688141
0.5;0.4862481653690338;0.4;0.4067386984825134;0.16;0.15222927927970886
0.38;0.3766964375972748;0.52;0.5261224508285522;0.3;0.2996242344379425
0.18;0.1759747862815857;0.38;0.37673529982566833;0.4;0.41050440073013306
0.26;0.25932422280311584;0.3;0.2857978343963623;0.32;0.3217334747314453
0.56;0.5522742867469788;0.2;0.19879502058029175;0.2;0.1899021565914154
0.54;0.5351178050041199;0.12;0.14370860159397125;0.5;0.48497486114501953
0.22;0.22503526508808136;0.42;0.41820329427719116;0.3;0.30214548110961914
0.12;0.12079443037509918;0.82;0.8303555250167847;0.16;0.16242602467536926
0.16;0.16711051762104034;0.3;0.3086965084075928;0.5;0.48490652441978455
0.52;0.5159733295440674;0.46;0.4432116150856018;0.18;0.1788245290517807
0.2;0.19935013353824615;0.32;0.3237170875072479;0.26;0.25611618161201477
0.36;0.3851146697998047;0.4;0.37977996468544006;0.12;0.1328406035900116
0.26;0.26042598485946655;0.58;0.6021401882171631;0.14;0.14428484439849854
0.2;0.1870843470096588;0.4;0.4186721742153168;0.5;0.4883936941623688
0.2;0.1967770755290985;0.1;0.10786338150501251;0.38;0.3551633656024933
0.5;0.49953341484069824;0.24;0.22667041420936584;0.28;0.26851755380630493
0.1;0.10328295081853867;0.74;0.7173230051994324;0.48;0.4835118353366852
0.12;0.12822653353214264;0.3;0.28644028306007385;0.14;0.14710663259029388
0.62;0.618388831615448;0.32;0.32403117418289185;0.3;0.29885920882225037
0.18;0.1742820292711258;0.32;0.3420685827732086;0.22;0.21225669980049133
0.48;0.48122698068618774;0.4;0.42087894678115845;0.5;0.493216335773468
0.56;0.5671930313110352;0.36;0.3633202612400055;0.38;0.3867405951023102
0.44;0.43409019708633423;0.14;0.14293339848518372;0.4;0.40389928221702576
0.3;0.3166331648826599;0.54;0.5277043581008911;0.1;0.10241138935089111
0.1;0.11297313123941422;0.62;0.6152534484863281;0.48;0.48001235723495483
0.34;0.33266398310661316;0.16;0.17474475502967834;0.32;0.2861621379852295
0.82;0.8163124918937683;0.1;0.10964241623878479;0.46;0.42619338631629944
0.6;0.5743741989135742;0.14;0.14076758921146393;0.24;0.242258220911026
0.32;0.3247529864311218;0.24;0.22766561806201935;0.12;0.12595532834529877
0.14;0.14748142659664154;0.2;0.1934579610824585;0.32;0.31839990615844727
0.66;0.6412060260772705;0.1;0.11112822592258453;0.34;0.31964820623397827
0.42;0.41190189123153687;0.3;0.3026493489742279;0.26;0.2633555233478546
0.14;0.12402426451444626;0.62;0.6391637921333313;0.36;0.34935110807418823
0.7;0.7142470479011536;0.2;0.19681289792060852;0.3;0.29418736696243286
0.32;0.3243773281574249;0.5;0.5049395561218262;0.26;0.2634376585483551
0.4;0.4102904200553894;0.34;0.30245548486709595;0.14;0.15052343904972076
0.14;0.13881734013557434;0.4;0.40370112657546997;0.44;0.435734361410141
0.32;0.31850937008857727;0.12;0.12835374474525452;0.18;0.1755301058292389
0.56;0.5640355944633484;0.26;0.2650696933269501;0.46;0.457002729177475
0.6;0.5989665389060974;0.22;0.22161361575126648;0.2;0.20245623588562012
0.42;0.4097032845020294;0.22;0.21270640194416046;0.42;0.4217221736907959
0.46;0.46021708846092224;0.5;0.5086972117424011;0.44;0.44229158759117126
0.28;0.2848510444164276;0.3;0.29290011525154114;0.36;0.3663939833641052
0.26;0.25729838013648987;0.68;0.6912050247192383;0.16;0.15997406840324402
0.12;0.12120764702558517;0.32;0.33246269822120667;0.3;0.30736595392227173
0.34;0.3411131203174591;0.4;0.3949123024940491;0.4;0.4039838910102844
0.66;0.661208987236023;0.28;0.28781312704086304;0.36;0.3592109978199005
0.3;0.2933817505836487;0.42;0.4141829311847687;0.48;0.4852019250392914
0.66;0.665047824382782;0.26;0.25929874181747437;0.2;0.20429973304271698
0.44;0.43618449568748474;0.26;0.26172712445259094;0.4;0.4086604118347168
0.58;0.5709324479103088;0.16;0.16270849108695984;0.44;0.4472730755805969
0.64;0.6518523097038269;0.16;0.15326081216335297;0.24;0.25128620862960815
0.12;0.11852354556322098;0.28;0.2778576612472534;0.38;0.36924394965171814
0.26;0.27851244807243347;0.6;0.5993505120277405;0.1;0.09920506179332733
0.26;0.26116737723350525;0.36;0.3583987057209015;0.2;0.20296530425548553
0.12;0.118475541472435;0.28;0.27398744225502014;0.14;0.1390261948108673
0.42;0.4108935296535492;0.5;0.5113672018051147;0.34;0.3376225531101227
0.82;0.7863059639930725;0.1;0.11780840158462524;0.28;0.26192888617515564
0.28;0.2789037227630615;0.4;0.40566372871398926;0.44;0.43687495589256287
0.36;0.3476889133453369;0.1;0.10238005965948105;0.16;0.15686598420143127
0.44;0.43578076362609863;0.42;0.4200102388858795;0.36;0.36334165930747986
0.8;0.7944488525390625;0.14;0.14919579029083252;0.46;0.4565505385398865
0.38;0.37930482625961304;0.46;0.4663965702056885;0.5;0.5006386637687683
0.36;0.34859731793403625;0.38;0.38497644662857056;0.24;0.2489279806613922
0.6;0.5880297422409058;0.12;0.12872271239757538;0.26;0.26434391736984253
0.34;0.34105372428894043;0.1;0.10529711842536926;0.22;0.22410878539085388
0.34;0.32906341552734375;0.14;0.16485872864723206;0.46;0.38351744413375854
0.52;0.5160045623779297;0.2;0.21540489792823792;0.48;0.46607398986816406
0.42;0.4053628742694855;0.28;0.2821718752384186;0.14;0.1342744529247284
0.3;0.3036242425441742;0.52;0.5275731086730957;0.32;0.31663477420806885
0.74;0.7343304753303528;0.12;0.13489216566085815;0.5;0.4748888909816742
0.18;0.1633712202310562;0.48;0.4981650710105896;0.18;0.17785683274269104
0.16;0.17403098940849304;0.46;0.4527362287044525;0.28;0.28629764914512634
0.66;0.6576082706451416;0.18;0.1773831993341446;0.46;0.46525636315345764
0.24;0.2404939830303192;0.24;0.2804062068462372;0.2;0.19213995337486267
0.58;0.5815938115119934;0.24;0.2541845142841339;0.38;0.37513118982315063
0.1;0.09607942402362823;0.12;0.11378830671310425;0.32;0.3205799460411072
0.34;0.3418428599834442;0.12;0.13367179036140442;0.32;0.31611448526382446
0.48;0.4774388372898102;0.46;0.46190741658210754;0.4;0.3995445966720581
0.1;0.10331588983535767;0.2;0.2011922150850296;0.28;0.27611589431762695
0.36;0.3639255166053772;0.52;0.5002628564834595;0.34;0.34028881788253784
0.34;0.3378310799598694;0.46;0.4592958688735962;0.32;0.3290872275829315
0.28;0.2800251245498657;0.66;0.6700473427772522;0.12;0.11909977346658707
0.26;0.25115054845809937;0.2;0.21944577991962433;0.4;0.39682871103286743
0.56;0.559385359287262;0.16;0.1549341231584549;0.34;0.33648279309272766
0.56;0.5728862881660461;0.18;0.17295019328594208;0.44;0.45460349321365356
0.4;0.4018723666667938;0.14;0.13203518092632294;0.36;0.37585344910621643
0.46;0.4612785875797272;0.5;0.5039313435554504;0.22;0.2236105501651764
0.56;0.5622797608375549;0.32;0.3197878301143646;0.14;0.15140831470489502
0.42;0.43273741006851196;0.34;0.3043597936630249;0.28;0.29725179076194763
0.7;0.696974515914917;0.14;0.15700159966945648;0.5;0.4749569892883301
0.28;0.2790755331516266;0.36;0.3524574935436249;0.36;0.36413151025772095
0.2;0.1972605139017105;0.46;0.4602685868740082;0.24;0.2282777726650238
0.12;0.12272221595048904;0.26;0.24188432097434998;0.1;0.10207317769527435
0.34;0.3368875980377197;0.32;0.3135582208633423;0.22;0.2594274878501892
0.16;0.14912623167037964;0.36;0.3714675009250641;0.36;0.3516101539134979
0.46;0.4673719108104706;0.22;0.22179676592350006;0.36;0.3752062916755676
0.52;0.5267696380615234;0.38;0.3826060891151428;0.24;0.24028953909873962
0.16;0.1624556928873062;0.7;0.7148270606994629;0.12;0.11822570860385895
0.2;0.20071005821228027;0.46;0.4814268946647644;0.18;0.1797441840171814
0.62;0.617102861404419;0.32;0.34786415100097656;0.46;0.4615435004234314
0.14;0.14034511148929596;0.7;0.6958813071250916;0.24;0.24268893897533417
0.26;0.265670508146286;0.5;0.49841296672821045;0.36;0.3650676906108856
0.4;0.4097364842891693;0.18;0.16159138083457947;0.16;0.19189400970935822
0.4;0.40912187099456787;0.2;0.19356364011764526;0.28;0.29572924971580505
0.72;0.7084407210350037;0.22;0.2243698090314865;0.4;0.4024689793586731
0.48;0.4833267331123352;0.38;0.37991490960121155;0.48;0.4780922830104828
0.48;0.48055294156074524;0.2;0.18493565917015076;0.32;0.3213706314563751
0.6;0.588682234287262;0.26;0.2657149136066437;0.34;0.3249739110469818
0.22;0.21616151928901672;0.74;0.7187919616699219;0.18;0.1905866414308548
0.24;0.25038275122642517;0.14;0.1389719843864441;0.44;0.4250168800354004
0.52;0.5208379626274109;0.14;0.15119890868663788;0.36;0.31530097126960754
0.7;0.6680759787559509;0.12;0.12551377713680267;0.46;0.4598327577114105
0.1;0.10629902780056;0.1;0.10902240127325058;0.4;0.3733205795288086
0.3;0.30035215616226196;0.62;0.6319108009338379;0.22;0.22372885048389435
0.2;0.19760383665561676;0.38;0.3995293974876404;0.36;0.3514312505722046
0.42;0.4336793124675751;0.12;0.11637984216213226;0.4;0.3989074230194092
0.34;0.33070018887519836;0.16;0.18438132107257843;0.5;0.4475036561489105
0.16;0.16584530472755432;0.62;0.6080131530761719;0.38;0.38383039832115173
0.44;0.44603994488716125;0.42;0.42272791266441345;0.46;0.4588491916656494
0.28;0.28528133034706116;0.26;0.2660924196243286;0.42;0.4221966862678528
0.32;0.3153846859931946;0.26;0.25886449217796326;0.48;0.4715445637702942
0.44;0.45596811175346375;0.28;0.29419538378715515;0.2;0.21339121460914612
0.66;0.6677843928337097;0.2;0.19839172065258026;0.12;0.12551966309547424
0.36;0.36644041538238525;0.16;0.159007728099823;0.24;0.2552889287471771
0.22;0.22121880948543549;0.56;0.5594906806945801;0.24;0.24586662650108337
0.44;0.4463728666305542;0.44;0.43476343154907227;0.46;0.4591941833496094
0.56;0.5587307214736938;0.42;0.40663406252861023;0.2;0.20742011070251465
0.16;0.1649564504623413;0.48;0.49173393845558167;0.4;0.3898383677005768
0.6;0.6062231659889221;0.26;0.25158461928367615;0.32;0.31495770812034607
0.34;0.3434555232524872;0.54;0.5303133130073547;0.36;0.3636094629764557
0.18;0.1741146743297577;0.44;0.459993839263916;0.14;0.1405029594898224
0.48;0.4762178659439087;0.44;0.44748973846435547;0.46;0.4596603512763977
0.58;0.5925300121307373;0.32;0.3024460971355438;0.1;0.10929839313030243
0.52;0.5165966749191284;0.44;0.4582517445087433;0.48;0.4800771176815033
0.22;0.23549550771713257;0.32;0.3306809067726135;0.12;0.12693680822849274
0.26;0.2527517080307007;0.66;0.6775244474411011;0.42;0.42041605710983276
0.18;0.18162253499031067;0.34;0.3232242166996002;0.32;0.32816246151924133
0.2;0.19249586760997772;0.16;0.16766677796840668;0.16;0.1485154628753662
0.38;0.37546131014823914;0.24;0.25490960478782654;0.4;0.39057663083076477
0.54;0.5422067642211914;0.22;0.21492528915405273;0.12;0.1242973580956459
0.56;0.5733147263526917;0.32;0.3100493550300598;0.2;0.20503978431224823
0.18;0.1667167991399765;0.6;0.6072397828102112;0.42;0.4174076020717621
0.12;0.11990956962108612;0.62;0.6128267049789429;0.28;0.2867298126220703
0.44;0.4379906952381134;0.4;0.4108614921569824;0.26;0.2546573281288147
0.66;0.6830573081970215;0.26;0.2716444432735443;0.24;0.24142475426197052
0.66;0.6738035678863525;0.2;0.19233472645282745;0.24;0.2368798702955246
0.54;0.5309058427810669;0.34;0.33629730343818665;0.44;0.4314243197441101
0.26;0.26353392004966736;0.14;0.15166793763637543;0.18;0.1751621961593628
0.3;0.30043724179267883;0.68;0.6600364446640015;0.26;0.2602037489414215
0.54;0.5438493490219116;0.14;0.15838061273097992;0.44;0.45546674728393555
0.54;0.5319492220878601;0.4;0.4044993817806244;0.16;0.15834100544452667
0.38;0.38923612236976624;0.4;0.4030882716178894;0.12;0.12265336513519287
0.22;0.22186379134655;0.3;0.29688364267349243;0.26;0.2568311095237732
0.28;0.29176101088523865;0.26;0.24923770129680634;0.26;0.26474347710609436
0.24;0.24633823335170746;0.66;0.6648299098014832;0.16;0.1588331013917923
0.1;0.10461118072271347;0.7;0.7042385339736938;0.5;0.4968631863594055
0.86;0.8558973073959351;0.1;0.11829336732625961;0.34;0.32850655913352966
0.82;0.8219229578971863;0.14;0.13626661896705627;0.14;0.14383721351623535
0.48;0.4748818874359131;0.4;0.409934401512146;0.2;0.19273534417152405
0.14;0.13759057223796844;0.38;0.382223516702652;0.32;0.3224982023239136
0.3;0.29833415150642395;0.52;0.5245368480682373;0.3;0.30068477988243103
0.4;0.3940414786338806;0.24;0.23906242847442627;0.5;0.5007774233818054
0.24;0.2374335080385208;0.5;0.5068530440330505;0.42;0.4126036763191223
0.32;0.3222450017929077;0.52;0.517426609992981;0.3;0.29881563782691956
0.52;0.5285293459892273;0.44;0.422863245010376;0.1;0.10735797882080078
0.82;0.8200487494468689;0.14;0.15109598636627197;0.24;0.2461443841457367
0.3;0.29284071922302246;0.36;0.36872780323028564;0.12;0.12370358407497406
0.3;0.29856792092323303;0.58;0.5792351961135864;0.42;0.4205935001373291
0.46;0.47340312600135803;0.34;0.328450471162796;0.3;0.30689024925231934
0.32;0.3190276622772217;0.64;0.6492025852203369;0.5;0.4988323152065277
0.7;0.6977408528327942;0.26;0.2673588693141937;0.42;0.41950568556785583
0.58;0.5761615037918091;0.4;0.3831850588321686;0.22;0.22851113975048065
0.5;0.4975280463695526;0.22;0.2379664182662964;0.46;0.4373246133327484
0.4;0.4011976420879364;0.26;0.25546568632125854;0.1;0.10392439365386963
0.36;0.37784817814826965;0.44;0.43634548783302307;0.2;0.2098647654056549
0.52;0.520259439945221;0.14;0.1832282692193985;0.28;0.26721277832984924
0.36;0.37011927366256714;0.48;0.4856396019458771;0.14;0.14323827624320984
0.64;0.6427704691886902;0.34;0.3174460530281067;0.18;0.18054954707622528
0.22;0.2186928689479828;0.18;0.17266243696212769;0.12;0.11591757833957672
0.14;0.14889447391033173;0.6;0.6108154058456421;0.24;0.2355479896068573
0.16;0.1628042608499527;0.2;0.19217325747013092;0.44;0.4446244239807129
0.2;0.18843786418437958;0.3;0.32212260365486145;0.5;0.48607367277145386
0.34;0.3466629087924957;0.24;0.24571163952350616;0.2;0.19033920764923096
0.2;0.20026817917823792;0.58;0.5825684666633606;0.24;0.2413400113582611
0.12;0.12143976986408234;0.82;0.8166924118995667;0.22;0.22208218276500702
0.36;0.360140323638916;0.6;0.6096702814102173;0.32;0.3201484680175781
0.2;0.2110174596309662;0.22;0.2282751202583313;0.44;0.4360411763191223
0.1;0.12461499869823456;0.54;0.49477076530456543;0.3;0.33249276876449585
0.24;0.25063416361808777;0.56;0.5579841136932373;0.12;0.12349019199609756
0.14;0.14351950585842133;0.8;0.7962955832481384;0.2;0.19869208335876465
0.42;0.42327743768692017;0.18;0.17183084785938263;0.46;0.46409693360328674
0.12;0.11741486936807632;0.14;0.14242404699325562;0.14;0.13528215885162354
0.54;0.5259243249893188;0.1;0.11647044122219086;0.5;0.48069411516189575
0.62;0.6233617663383484;0.26;0.26574084162712097;0.16;0.15676364302635193
0.2;0.2029963731765747;0.32;0.3316650092601776;0.22;0.21988287568092346
0.14;0.13457731902599335;0.58;0.5870380997657776;0.44;0.4341990351676941
0.44;0.4469014108181;0.12;0.12118197232484818;0.26;0.2555440068244934
0.28;0.275150328874588;0.44;0.4423133134841919;0.5;0.49271804094314575
0.14;0.13897840678691864;0.68;0.6742610335350037;0.28;0.2800287902355194
0.26;0.2635287344455719;0.72;0.6905941367149353;0.26;0.2640179991722107
0.2;0.19974195957183838;0.66;0.6584516763687134;0.5;0.5000746846199036
0.32;0.31487587094306946;0.54;0.537769079208374;0.32;0.32160472869873047
0.46;0.4569471478462219;0.46;0.4848290681838989;0.24;0.2401823252439499
0.3;0.3023235499858856;0.24;0.23509347438812256;0.18;0.18524551391601562
0.72;0.7190520167350769;0.14;0.14845943450927734;0.48;0.4627451002597809
0.34;0.3369119465351105;0.28;0.2795950770378113;0.14;0.13763506710529327
0.44;0.44902142882347107;0.26;0.25905731320381165;0.28;0.29855623841285706
0.5;0.503390908241272;0.16;0.17501212656497955;0.12;0.11347885429859161
0.68;0.6744928956031799;0.12;0.11279121041297913;0.1;0.1067061573266983
0.12;0.1106463074684143;0.1;0.11067720502614975;0.24;0.22320838272571564
0.36;0.3554609715938568;0.14;0.1858523190021515;0.22;0.19055308401584625
0.26;0.2603127658367157;0.68;0.6860032677650452;0.24;0.23959200084209442
0.32;0.3149578869342804;0.36;0.35357582569122314;0.48;0.4901195466518402
0.38;0.37240663170814514;0.1;0.15885965526103973;0.34;0.3042881190776825
0.44;0.45600685477256775;0.16;0.1473299264907837;0.28;0.3051210045814514
0.14;0.13834823668003082;0.82;0.8218231201171875;0.36;0.3603016436100006
0.52;0.5144466161727905;0.42;0.4336501955986023;0.12;0.11977199465036392
0.44;0.4498625099658966;0.5;0.5071773529052734;0.36;0.3628668487071991
0.1;0.1261797696352005;0.62;0.5582272410392761;0.32;0.3495110273361206
0.28;0.2803025245666504;0.1;0.10814488679170609;0.14;0.1355983316898346
0.46;0.4529324173927307;0.4;0.41128847002983093;0.44;0.4386119842529297
0.22;0.22435325384140015;0.18;0.1924677938222885;0.22;0.21196380257606506
0.16;0.1606454849243164;0.46;0.4674987494945526;0.3;0.29941844940185547
0.2;0.21681800484657288;0.28;0.26559942960739136;0.1;0.10450978577136993
0.1;0.09713979810476303;0.2;0.20231640338897705;0.3;0.3089570999145508
0.3;0.2978043556213379;0.28;0.27234670519828796;0.28;0.2764890193939209
0.5;0.5030186176300049;0.46;0.4544185996055603;0.1;0.10261999070644379
0.56;0.5582730174064636;0.14;0.13750825822353363;0.12;0.12068929523229599
0.2;0.1999581903219223;0.42;0.41026410460472107;0.36;0.3677807152271271
0.24;0.24876190721988678;0.54;0.5218517184257507;0.32;0.31772279739379883
0.4;0.40269598364830017;0.22;0.21892526745796204;0.42;0.41467803716659546
0.42;0.4420793652534485;0.16;0.15709996223449707;0.1;0.10773906856775284
0.56;0.5519934296607971;0.1;0.09884300082921982;0.4;0.40623989701271057
0.1;0.10740376263856888;0.38;0.39325660467147827;0.36;0.35595017671585083
0.2;0.1963871270418167;0.34;0.3432715833187103;0.32;0.3254997432231903
0.34;0.33884018659591675;0.56;0.5531889796257019;0.42;0.42270365357398987
0.48;0.47789400815963745;0.12;0.13071264326572418;0.26;0.24565811455249786
0.4;0.393720805644989;0.28;0.2756137251853943;0.32;0.3189454972743988
0.3;0.29387983679771423;0.46;0.45756715536117554;0.44;0.44257956743240356
0.14;0.13983121514320374;0.82;0.8193829655647278;0.18;0.17923596501350403
0.24;0.25256940722465515;0.2;0.1854521632194519;0.34;0.3540503978729248
0.38;0.38667032122612;0.18;0.1822015643119812;0.44;0.4353136420249939
0.44;0.42948228120803833;0.54;0.5518922805786133;0.5;0.49397292733192444
0.52;0.5090658664703369;0.4;0.4129903316497803;0.18;0.176590695977211
0.12;0.12970949709415436;0.52;0.5121784806251526;0.1;0.11368148028850555
0.54;0.5424285531044006;0.44;0.4241889715194702;0.3;0.30377107858657837
0.26;0.2598419785499573;0.56;0.5527606010437012;0.2;0.19883623719215393
0.12;0.13167157769203186;0.62;0.5931909680366516;0.38;0.38756436109542847
0.38;0.37735089659690857;0.14;0.134891539812088;0.4;0.4096895158290863
0.26;0.25766339898109436;0.12;0.12234393507242203;0.3;0.2898823320865631
0.68;0.6769645810127258;0.12;0.11909881234169006;0.14;0.13477429747581482
0.14;0.14151471853256226;0.5;0.5031401515007019;0.44;0.4385279715061188
0.4;0.3894842565059662;0.1;0.13663986325263977;0.34;0.27828460931777954
0.18;0.18371108174324036;0.22;0.230912446975708;0.14;0.14523296058177948
0.18;0.17132596671581268;0.3;0.3038972318172455;0.12;0.11998490989208221
0.26;0.25750789046287537;0.36;0.3507489264011383;0.42;0.41060686111450195
0.14;0.14527079463005066;0.54;0.5340898036956787;0.2;0.19816620647907257
0.12;0.1361929178237915;0.16;0.16159038245677948;0.24;0.24045276641845703
0.66;0.6622792482376099;0.1;0.10357590019702911;0.28;0.27125778794288635
0.26;0.2634446322917938;0.62;0.6209604144096375;0.24;0.23578409850597382
0.22;0.21151210367679596;0.46;0.4454728662967682;0.3;0.2984968423843384
0.34;0.351325124502182;0.28;0.2878086566925049;0.38;0.3765619099140167
0.26;0.2651497423648834;0.14;0.1439814269542694;0.46;0.4532521367073059
0.1;0.13614830374717712;0.64;0.5353052616119385;0.14;0.18456539511680603
0.36;0.35836902260780334;0.14;0.15352195501327515;0.12;0.11125931888818741
0.38;0.3938536047935486;0.48;0.46052542328834534;0.16;0.16333690285682678
0.46;0.46106746792793274;0.38;0.37987688183784485;0.4;0.40407341718673706
0.38;0.37465131282806396;0.36;0.3666578233242035;0.44;0.4427569508552551
0.5;0.5084261298179626;0.14;0.13703227043151855;0.1;0.10448114573955536
0.22;0.21932290494441986;0.26;0.2763226628303528;0.14;0.12655381858348846
0.16;0.15896402299404144;0.74;0.7431286573410034;0.26;0.26112547516822815
0.78;0.7729291319847107;0.16;0.1640266627073288;0.2;0.1969851553440094
0.22;0.22787757217884064;0.18;0.18979673087596893;0.2;0.20098838210105896
0.28;0.27271705865859985;0.6;0.595061182975769;0.1;0.1007184162735939
0.34;0.33455219864845276;0.6;0.6158190965652466;0.32;0.3186699151992798
0.48;0.459843248128891;0.1;0.1110270768404007;0.3;0.2830877900123596
0.54;0.528518795967102;0.32;0.32295364141464233;0.44;0.4360434114933014
0.22;0.22458110749721527;0.52;0.5237707495689392;0.5;0.4948960244655609
0.12;0.10697221755981445;0.62;0.6339947581291199;0.4;0.3925873041152954
0.34;0.340740442276001;0.32;0.3313010632991791;0.32;0.3249169588088989
0.6;0.6041523814201355;0.12;0.11160503327846527;0.1;0.10618661344051361
0.16;0.15351828932762146;0.6;0.6187116503715515;0.42;0.4133773744106293
0.14;0.14390596747398376;0.26;0.24864375591278076;0.16;0.15993642807006836
0.8;0.8099121451377869;0.16;0.1575322449207306;0.2;0.2133193016052246
0.56;0.5563905239105225;0.14;0.14300723373889923;0.4;0.39756765961647034
0.38;0.39217162132263184;0.2;0.1979961097240448;0.14;0.1593024879693985
0.28;0.2745724320411682;0.62;0.6312520503997803;0.48;0.48014092445373535
0.2;0.20028118789196014;0.78;0.7486072182655334;0.12;0.12424086034297943
0.4;0.40028855204582214;0.46;0.4662320911884308;0.42;0.41418972611427307
0.22;0.20743101835250854;0.68;0.6782050132751465;0.1;0.09966530650854111
0.38;0.3676551878452301;0.26;0.24818985164165497;0.12;0.12617675960063934
0.52;0.521651029586792;0.16;0.16479261219501495;0.18;0.1729753315448761
0.28;0.2835221290588379;0.28;0.2788105309009552;0.46;0.4652620255947113
0.34;0.3392820954322815;0.28;0.2711811661720276;0.32;0.3221288323402405
0.7;0.6843734979629517;0.26;0.2595612406730652;0.38;0.37849754095077515
0.38;0.37732797861099243;0.14;0.15364760160446167;0.22;0.20430505275726318
0.26;0.25414061546325684;0.38;0.39133337140083313;0.24;0.23890534043312073
0.16;0.16091078519821167;0.48;0.48024776577949524;0.24;0.25442075729370117
0.22;0.22042129933834076;0.34;0.34513068199157715;0.4;0.3981037437915802
0.56;0.5627733469009399;0.28;0.25731003284454346;0.22;0.22788819670677185
0.22;0.21388255059719086;0.5;0.509451687335968;0.24;0.23056069016456604
0.26;0.25892961025238037;0.6;0.5951734781265259;0.2;0.19840054214000702
0.24;0.23640671372413635;0.16;0.15573053061962128;0.14;0.14609310030937195
0.58;0.5900039076805115;0.34;0.34670373797416687;0.1;0.10394138097763062
0.28;0.29019829630851746;0.4;0.3893209397792816;0.32;0.3369796872138977
0.38;0.37567761540412903;0.3;0.3035443127155304;0.22;0.21732687950134277
0.3;0.2989404797554016;0.66;0.662156879901886;0.14;0.1405726969242096
0.48;0.4842715859413147;0.18;0.18458357453346252;0.42;0.4156354069709778
0.38;0.4091585576534271;0.2;0.19393548369407654;0.1;0.1054319366812706
0.72;0.6987401843070984;0.24;0.22245460748672485;0.14;0.14894434809684753
0.1;0.12692700326442719;0.16;0.1571008414030075;0.46;0.451819509267807
0.54;0.5375913977622986;0.14;0.14163614809513092;0.34;0.3277711272239685
0.52;0.5275416970252991;0.32;0.31283578276634216;0.38;0.38395142555236816
0.46;0.45774325728416443;0.18;0.1813007891178131;0.42;0.41529521346092224
0.16;0.1626087874174118;0.78;0.7729328870773315;0.1;0.10012897104024887
0.2;0.18988312780857086;0.3;0.33230429887771606;0.28;0.26074546575546265
0.14;0.13697920739650726;0.24;0.23628868162631989;0.4;0.38731056451797485
0.1;0.10892926901578903;0.36;0.3453718423843384;0.46;0.4675540030002594
0.16;0.1603904515504837;0.2;0.19634592533111572;0.1;0.10300309956073761
0.78;0.7767807245254517;0.2;0.18175600469112396;0.38;0.3801596164703369
0.46;0.4662388563156128;0.28;0.2785226106643677;0.14;0.14944878220558167
0.1;0.12111217528581619;0.62;0.5906972289085388;0.3;0.3157428801059723
0.4;0.40577641129493713;0.14;0.13657498359680176;0.34;0.33889997005462646
0.34;0.34063655138015747;0.62;0.61847323179245;0.24;0.24191541969776154
0.14;0.1378503292798996;0.78;0.8079216480255127;0.42;0.41831016540527344
0.88;0.8671174645423889;0.1;0.10909222066402435;0.18;0.17500345408916473
0.38;0.38606229424476624;0.22;0.19706496596336365;0.18;0.20713207125663757
0.34;0.3423779606819153;0.52;0.5111134648323059;0.3;0.3066750168800354
0.38;0.38092249631881714;0.58;0.5966614484786987;0.5;0.4997475743293762
0.4;0.40324899554252625;0.46;0.45547470450401306;0.46;0.4626973271369934
0.64;0.6371411681175232;0.34;0.33244067430496216;0.48;0.48011454939842224
0.68;0.6931617856025696;0.2;0.19090330600738525;0.34;0.347205251455307
0.36;0.35783571004867554;0.32;0.31354987621307373;0.46;0.45980945229530334
0.32;0.3221415579319;0.54;0.5361546277999878;0.3;0.3067760467529297
0.14;0.1503923386335373;0.24;0.22899241745471954;0.22;0.2202664315700531
0.48;0.4877122938632965;0.44;0.4520229399204254;0.16;0.15704059600830078
0.1;0.11457660794258118;0.36;0.3575426936149597;0.38;0.3887242078781128
0.56;0.5508115887641907;0.16;0.16357725858688354;0.22;0.21129974722862244
0.2;0.20274947583675385;0.54;0.5335095524787903;0.3;0.299943745136261
0.18;0.17782503366470337;0.72;0.7097700834274292;0.38;0.3800807595252991
0.16;0.16484437882900238;0.48;0.47040778398513794;0.34;0.34435683488845825
0.26;0.2481507509946823;0.1;0.10970250517129898;0.4;0.38362863659858704
0.18;0.18223968148231506;0.32;0.342615008354187;0.2;0.20528054237365723
0.24;0.2590816915035248;0.68;0.6788699626922607;0.26;0.2605476379394531
0.58;0.5876709818840027;0.16;0.15541812777519226;0.3;0.31330806016921997
0.34;0.34351015090942383;0.5;0.500191330909729;0.38;0.38225361704826355
0.1;0.1364700049161911;0.72;0.6342402696609497;0.22;0.23987145721912384
0.68;0.6746514439582825;0.1;0.10791105777025223;0.16;0.15361268818378448
0.56;0.5504540801048279;0.36;0.3656477630138397;0.12;0.12043000757694244
0.52;0.5243515968322754;0.16;0.1765090674161911;0.46;0.43969249725341797
0.44;0.43171820044517517;0.2;0.20453347265720367;0.32;0.32817718386650085
0.44;0.4365231394767761;0.46;0.47902899980545044;0.28;0.2727498412132263
0.52;0.5151784420013428;0.38;0.37580442428588867;0.22;0.2182958573102951
0.66;0.6526252627372742;0.1;0.115587517619133;0.2;0.19810323417186737
0.62;0.6168553233146667;0.12;0.11902400851249695;0.42;0.42514878511428833
0.54;0.5598741769790649;0.34;0.3341701030731201;0.3;0.3100297451019287
0.26;0.27300116419792175;0.58;0.5672529935836792;0.1;0.0993293970823288
0.12;0.13534235954284668;0.5;0.4875148832798004;0.36;0.3692808747291565
0.44;0.44601553678512573;0.42;0.4110087752342224;0.12;0.1180075854063034
0.32;0.318767249584198;0.36;0.36634403467178345;0.5;0.4959283769130707
0.2;0.19507266581058502;0.14;0.1259169727563858;0.18;0.18115609884262085
0.12;0.12785793840885162;0.24;0.24338164925575256;0.36;0.3656209111213684
0.84;0.8013182878494263;0.1;0.12035124003887177;0.5;0.47910603880882263
0.32;0.3258480727672577;0.48;0.4686084985733032;0.4;0.3976897597312927
0.42;0.4203202426433563;0.5;0.5048659443855286;0.5;0.49886640906333923
0.18;0.18122316896915436;0.68;0.6717512607574463;0.2;0.19584926962852478
0.4;0.3987792134284973;0.52;0.5220080018043518;0.38;0.37966305017471313
0.44;0.43658238649368286;0.3;0.31507408618927;0.38;0.38268595933914185
0.14;0.14368309080600739;0.12;0.1313990354537964;0.48;0.4571380615234375
0.48;0.4675552248954773;0.44;0.4809492826461792;0.14;0.13575732707977295
0.48;0.4803849160671234;0.22;0.24700643122196198;0.18;0.17570726573467255
0.62;0.6380280256271362;0.12;0.11037736386060715;0.1;0.10881022363901138
0.26;0.2623102366924286;0.46;0.4544483721256256;0.18;0.18806028366088867
0.36;0.35737696290016174;0.62;0.599831223487854;0.24;0.24418464303016663
0.32;0.3202698528766632;0.58;0.5738137364387512;0.38;0.38185614347457886
0.6;0.5889968276023865;0.14;0.14811751246452332;0.36;0.3663336932659149
0.36;0.3600863516330719;0.24;0.2410305142402649;0.32;0.3184930682182312
0.22;0.21894748508930206;0.24;0.30397042632102966;0.24;0.23809829354286194
0.22;0.22559890151023865;0.16;0.171031653881073;0.24;0.22622045874595642
0.14;0.14163923263549805;0.58;0.5650073885917664;0.4;0.40291184186935425
0.54;0.5374804735183716;0.16;0.16109086573123932;0.28;0.28266915678977966
0.14;0.13525548577308655;0.74;0.746056318283081;0.38;0.38027051091194153
0.42;0.4120852053165436;0.52;0.5166443586349487;0.1;0.09952323138713837
0.82;0.8113234639167786;0.14;0.1456526815891266;0.5;0.49796637892723083
0.2;0.20912712812423706;0.56;0.5597347021102905;0.42;0.4174225926399231
0.24;0.23979271948337555;0.38;0.35218149423599243;0.24;0.24049249291419983
0.36;0.3806809186935425;0.42;0.4149402379989624;0.14;0.14553309977054596
0.58;0.5703537464141846;0.1;0.11655391752719879;0.5;0.47098368406295776
0.68;0.6975185871124268;0.24;0.24636031687259674;0.32;0.3196442723274231
0.14;0.13877834379673004;0.22;0.22526000440120697;0.3;0.2949463129043579
0.12;0.1251281350851059;0.48;0.47191983461380005;0.36;0.36311471462249756
0.16;0.15699106454849243;0.4;0.403752863407135;0.42;0.41819238662719727
0.1;0.11401814967393875;0.56;0.5171864628791809;0.28;0.29542702436447144
0.46;0.4678756594657898;0.22;0.22485440969467163;0.12;0.11966504901647568
0.18;0.16550254821777344;0.14;0.14373373985290527;0.48;0.4597875475883484
0.54;0.5486771464347839;0.3;0.31960368156433105;0.14;0.1482570469379425
0.46;0.458224356174469;0.5;0.505135178565979;0.36;0.35854029655456543
0.12;0.12797795236110687;0.8;0.8021661043167114;0.1;0.10289882123470306
0.54;0.5452209115028381;0.36;0.35142454504966736;0.14;0.1436067521572113
0.1;0.10062777251005173;0.82;0.8301982879638672;0.46;0.46025457978248596
0.32;0.31230056285858154;0.58;0.5966550707817078;0.12;0.11512675136327744
0.3;0.29998111724853516;0.46;0.45632365345954895;0.24;0.24216580390930176
0.52;0.5052184462547302;0.3;0.30886343121528625;0.34;0.33494359254837036
0.74;0.7339494228363037;0.12;0.11770433187484741;0.12;0.11860595643520355
0.5;0.5081106424331665;0.28;0.2702319025993347;0.38;0.3800274729728699
0.78;0.773908257484436;0.16;0.1761748045682907;0.22;0.21903100609779358
0.34;0.3336239457130432;0.4;0.39526960253715515;0.34;0.34095150232315063
0.14;0.1316179782152176;0.62;0.6346929669380188;0.46;0.4590741991996765
0.14;0.1381840705871582;0.8;0.8220111131668091;0.42;0.4184766709804535
0.28;0.2769945561885834;0.66;0.6678404211997986;0.2;0.19960570335388184
0.4;0.38891512155532837;0.58;0.55853670835495;0.38;0.37549889087677
0.14;0.14112141728401184;0.74;0.738142728805542;0.18;0.18325236439704895
0.54;0.5500192046165466;0.24;0.2358042299747467;0.38;0.3742448091506958
0.2;0.19620555639266968;0.16;0.16214582324028015;0.48;0.4812888503074646
0.32;0.3136780261993408;0.66;0.6380679607391357;0.22;0.22372093796730042
0.14;0.13075801730155945;0.44;0.4598015546798706;0.22;0.22211675345897675
0.14;0.13136400282382965;0.2;0.20807284116744995;0.16;0.15809829533100128
0.14;0.14056862890720367;0.82;0.8227570652961731;0.14;0.1404338777065277
0.28;0.2817729413509369;0.54;0.5492458343505859;0.3;0.3051828145980835
0.48;0.48933088779449463;0.48;0.4648595452308655;0.18;0.18514573574066162
0.16;0.1499386429786682;0.48;0.5129697918891907;0.5;0.4882708191871643
0.76;0.7519193887710571;0.18;0.18725800514221191;0.12;0.12022759020328522
0.52;0.531307578086853;0.36;0.3692748546600342;0.14;0.1464439332485199
0.3;0.30068501830101013;0.48;0.4872138798236847;0.22;0.22198259830474854
0.74;0.7373679280281067;0.18;0.1841326355934143;0.22;0.22108976542949677
0.16;0.14713597297668457;0.4;0.42444247007369995;0.28;0.27298617362976074
0.24;0.24234583973884583;0.62;0.6009933352470398;0.3;0.30227822065353394
0.62;0.62821364402771;0.3;0.3140510320663452;0.12;0.12746308743953705
0.12;0.1192750483751297;0.46;0.4586542844772339;0.36;0.36394551396369934
0.1;0.11531643569469452;0.34;0.332289457321167;0.3;0.3210773468017578
0.22;0.2184327244758606;0.46;0.46117115020751953;0.24;0.23531857132911682
0.2;0.20381072163581848;0.68;0.684389054775238;0.48;0.4782002568244934
0.7;0.6983294486999512;0.2;0.21407102048397064;0.48;0.4837912619113922
0.62;0.6165019273757935;0.26;0.25012126564979553;0.22;0.22701632976531982
0.52;0.5271052718162537;0.3;0.3152500092983246;0.3;0.2945135533809662
0.1;0.10028640925884247;0.84;0.8006843328475952;0.5;0.49980801343917847
0.34;0.34004315733909607;0.44;0.44056442379951477;0.46;0.45864051580429077
0.34;0.3344058394432068;0.6;0.5949543118476868;0.38;0.38044601678848267
0.22;0.22014261782169342;0.7;0.698517918586731;0.24;0.2405509501695633
0.62;0.6257768869400024;0.16;0.16018712520599365;0.16;0.1616291105747223
0.32;0.31428462266921997;0.22;0.22840866446495056;0.18;0.1755097210407257
0.12;0.1336531639099121;0.64;0.6209658980369568;0.38;0.37977495789527893
0.46;0.4552958011627197;0.12;0.11964581161737442;0.1;0.1003292053937912
0.46;0.4188121557235718;0.12;0.1194857731461525;0.16;0.16892987489700317
0.64;0.642401933670044;0.14;0.15891890227794647;0.32;0.3192134201526642
0.1;0.10160816460847855;0.14;0.1442459225654602;0.14;0.15361441671848297
0.52;0.4553050696849823;0.1;0.1378263533115387;0.26;0.1985972821712494
0.18;0.17959579825401306;0.78;0.7763929963111877;0.12;0.12092459201812744
0.54;0.5442638397216797;0.28;0.27438876032829285;0.12;0.1196284294128418
0.5;0.5046179890632629;0.44;0.4524295926094055;0.38;0.3796815574169159
0.48;0.4676351845264435;0.14;0.14989329874515533;0.2;0.1968660056591034
0.24;0.23480406403541565;0.44;0.4429309070110321;0.26;0.2644452452659607
0.28;0.2771797478199005;0.44;0.4218427240848541;0.12;0.13281819224357605
0.12;0.12112421542406082;0.46;0.46031877398490906;0.32;0.31376880407333374
0.22;0.23070812225341797;0.64;0.6410619616508484;0.24;0.2413448840379715
0.6;0.5900536775588989;0.18;0.1925148367881775;0.24;0.2302779257297516
0.78;0.7818616032600403;0.14;0.1453859955072403;0.48;0.4731297492980957
0.1;0.10028640925884247;0.88;0.8006843328475952;0.5;0.49980801343917847
0.46;0.4686952531337738;0.34;0.3044423460960388;0.34;0.3488260805606842
0.18;0.17411446571350098;0.22;0.2093265801668167;0.12;0.12542083859443665
0.42;0.41961735486984253;0.46;0.4654921293258667;0.34;0.3377426266670227
0.52;0.5362517833709717;0.12;0.1171797662973404;0.26;0.24567309021949768
0.3;0.2956429719924927;0.64;0.6492666602134705;0.42;0.4218427538871765
0.26;0.25765836238861084;0.54;0.5359322428703308;0.4;0.40112876892089844
0.44;0.43885159492492676;0.52;0.5299538373947144;0.22;0.2202475517988205
0.26;0.27329251170158386;0.62;0.620667576789856;0.1;0.10015583038330078
0.12;0.1366962492465973;0.7;0.6726622581481934;0.22;0.22764098644256592
0.56;0.5686113238334656;0.32;0.30933788418769836;0.42;0.4171392321586609
0.44;0.4546312689781189;0.1;0.10197725892066956;0.12;0.11983495950698853
0.1;0.10127490758895874;0.8;0.7943693399429321;0.46;0.46125611662864685
0.14;0.13438257575035095;0.66;0.6610742211341858;0.38;0.374104380607605
0.36;0.3614596426486969;0.26;0.2605611979961395;0.32;0.3230753540992737
0.4;0.3987242579460144;0.56;0.5615283846855164;0.28;0.27894172072410583
0.52;0.5167438983917236;0.32;0.3269519507884979;0.12;0.12496455758810043
0.36;0.3608810603618622;0.6;0.5886636972427368;0.16;0.16196615993976593
0.74;0.740474283695221;0.14;0.14424361288547516;0.12;0.12265902757644653
0.52;0.5118066668510437;0.4;0.4216083586215973;0.48;0.47836318612098694
0.7;0.6984499096870422;0.28;0.26170241832733154;0.48;0.4772096574306488
0.22;0.21298998594284058;0.36;0.3527747690677643;0.42;0.4191945493221283
0.3;0.2989930808544159;0.68;0.6656511425971985;0.48;0.479677677154541
0.58;0.5911992192268372;0.32;0.3080061078071594;0.46;0.4678962230682373
0.24;0.2458515614271164;0.5;0.49910998344421387;0.22;0.23090386390686035
0.56;0.563547670841217;0.34;0.3294677734375;0.38;0.3885875344276428
0.48;0.4830223321914673;0.26;0.2335132360458374;0.1;0.10116740316152573
0.64;0.6402454376220703;0.18;0.18163497745990753;0.34;0.34053200483322144
0.14;0.14169837534427643;0.38;0.3923673927783966;0.48;0.4768422245979309
0.36;0.36184847354888916;0.16;0.15587349236011505;0.36;0.3674994111061096
0.26;0.2559328079223633;0.26;0.24206237494945526;0.1;0.10464750230312347
0.1;0.12078191339969635;0.74;0.6643034815788269;0.22;0.2291821986436844
0.28;0.25391286611557007;0.22;0.25549501180648804;0.32;0.2963069975376129
0.64;0.6481226086616516;0.18;0.17674033343791962;0.14;0.14545899629592896
0.44;0.42297840118408203;0.1;0.10183197259902954;0.1;0.09993068873882294
0.44;0.44808119535446167;0.14;0.14525632560253143;0.3;0.2961548864841461
0.16;0.16069188714027405;0.3;0.30096566677093506;0.2;0.20660753548145294
0.3;0.303506076335907;0.48;0.481993168592453;0.48;0.4805658459663391
0.48;0.46442708373069763;0.1;0.10877329111099243;0.42;0.40769559144973755
0.46;0.4814581871032715;0.32;0.3178212344646454;0.16;0.16971735656261444
0.12;0.11910143494606018;0.66;0.6681338548660278;0.46;0.45894432067871094
0.26;0.2856272757053375;0.1;0.1133696511387825;0.46;0.4388509690761566
0.28;0.2765665054321289;0.36;0.36161941289901733;0.46;0.4610828459262848
0.38;0.3794419765472412;0.12;0.1507149338722229;0.14;0.1170189157128334
0.18;0.17556050419807434;0.14;0.14599023759365082;0.18;0.1783483475446701
0.48;0.46988487243652344;0.16;0.1742536723613739;0.12;0.11157113313674927
0.58;0.5654191970825195;0.12;0.11245071887969971;0.16;0.15790459513664246
0.56;0.5777605772018433;0.24;0.23622900247573853;0.24;0.2587367594242096
0.18;0.17379911243915558;0.12;0.12092757225036621;0.32;0.32322514057159424
0.4;0.3934677541255951;0.3;0.29761216044425964;0.3;0.30006298422813416
0.54;0.5429534316062927;0.1;0.10104890167713165;0.1;0.09937606006860733
0.6;0.6013109683990479;0.28;0.28636986017227173;0.12;0.12654337286949158
0.76;0.7565581202507019;0.14;0.14351214468479156;0.26;0.2618711590766907
0.2;0.19425322115421295;0.28;0.30857884883880615;0.16;0.15313813090324402
0.3;0.2929506003856659;0.2;0.24082395434379578;0.32;0.3100283741950989
0.4;0.41193780303001404;0.26;0.25642192363739014;0.16;0.16704730689525604
0.82;0.8161203861236572;0.12;0.13289617002010345;0.48;0.46500635147094727
0.46;0.4565792679786682;0.52;0.5014718770980835;0.32;0.32149291038513184
0.56;0.5610673427581787;0.34;0.33441323041915894;0.44;0.4531116485595703
0.1;0.09941732883453369;0.82;0.8068655729293823;0.26;0.2605776786804199
0.32;0.32481610774993896;0.22;0.21230486035346985;0.3;0.3111227750778198
0.68;0.676547110080719;0.18;0.17648179829120636;0.2;0.20216742157936096
0.34;0.34433963894844055;0.46;0.46086832880973816;0.22;0.21830753982067108
0.12;0.11749975383281708;0.86;0.8384108543395996;0.38;0.3801514208316803
0.68;0.6700002551078796;0.3;0.2798978090286255;0.3;0.3023194670677185
0.12;0.12162968516349792;0.32;0.32113832235336304;0.32;0.3314321041107178
0.16;0.15459176898002625;0.14;0.13269177079200745;0.1;0.10952987521886826
0.5;0.5145050883293152;0.2;0.20643438398838043;0.36;0.34486523270606995
0.58;0.5742776393890381;0.18;0.1849043369293213;0.32;0.32901397347450256
0.44;0.4339825212955475;0.14;0.13860036432743073;0.42;0.42396649718284607
0.48;0.4687275290489197;0.1;0.11084774136543274;0.38;0.3641579747200012
0.66;0.660429060459137;0.3;0.3015339970588684;0.26;0.2605568766593933
0.42;0.4114399254322052;0.16;0.16827575862407684;0.5;0.4864782392978668
0.44;0.4680701196193695;0.28;0.2767803966999054;0.1;0.10297755897045135
0.38;0.37048277258872986;0.12;0.14430353045463562;0.42;0.36535710096359253
0.1;0.11846167594194412;0.3;0.293315052986145;0.22;0.2236548662185669
0.1;0.13754284381866455;0.7;0.6228212714195251;0.22;0.2395918369293213
0.58;0.5844079256057739;0.22;0.23452691733837128;0.24;0.25797486305236816
0.52;0.5107576847076416;0.38;0.3898215591907501;0.34;0.3238618075847626
0.38;0.3728201389312744;0.46;0.4586678147315979;0.44;0.444413959980011
0.28;0.28022682666778564;0.3;0.291179358959198;0.28;0.27832555770874023
0.1;0.11661785840988159;0.8;0.7921059727668762;0.14;0.14433620870113373
0.14;0.1456615924835205;0.72;0.6858559250831604;0.3;0.3026030659675598
0.44;0.4398938715457916;0.16;0.14259126782417297;0.2;0.20716074109077454
0.7;0.71356600522995;0.22;0.23311004042625427;0.32;0.3117387890815735
0.6;0.6059032678604126;0.34;0.34746652841567993;0.44;0.4430980682373047
0.12;0.1276261806488037;0.76;0.7392193675041199;0.28;0.2829951345920563
0.3;0.30147653818130493;0.6;0.5998309850692749;0.5;0.500142514705658
0.1;0.10799136757850647;0.4;0.3899829685688019;0.26;0.2647287845611572
0.7;0.7030130624771118;0.14;0.1365160197019577;0.14;0.14744465053081512
0.44;0.440942645072937;0.46;0.4566039443016052;0.46;0.45802754163742065
0.6;0.6132090091705322;0.24;0.22910593450069427;0.32;0.3329649865627289
0.56;0.5548235774040222;0.36;0.3654533624649048;0.42;0.4167444705963135
0.14;0.14193689823150635;0.46;0.46342733502388;0.46;0.4668096601963043
0.66;0.6673935651779175;0.26;0.25226908922195435;0.3;0.2957676351070404
0.82;0.8183151483535767;0.16;0.14280855655670166;0.32;0.3342441916465759
0.36;0.3643782436847687;0.34;0.3313221037387848;0.2;0.2003714144229889
0.24;0.23843365907669067;0.58;0.5892278552055359;0.24;0.24003347754478455
0.54;0.5286765694618225;0.18;0.1769634336233139;0.46;0.4618762135505676
0.3;0.30269938707351685;0.16;0.1684265434741974;0.28;0.2688751816749573
0.22;0.21595151722431183;0.14;0.1334296613931656;0.1;0.09938784688711166
0.14;0.13279350101947784;0.4;0.40050965547561646;0.42;0.41320449113845825
0.4;0.40375426411628723;0.46;0.45080626010894775;0.1;0.09974057227373123
0.12;0.12465068697929382;0.82;0.8239371180534363;0.1;0.10320963710546494
0.44;0.4448830485343933;0.34;0.32411250472068787;0.34;0.3414776921272278
0.1;0.10871969908475876;0.42;0.4143563508987427;0.4;0.4006109833717346
0.68;0.667766809463501;0.22;0.22196665406227112;0.12;0.12673936784267426
0.66;0.6551612019538879;0.22;0.21917466819286346;0.32;0.3312133848667145
0.24;0.24296417832374573;0.42;0.4060738682746887;0.42;0.41542768478393555
0.18;0.17895331978797913;0.78;0.7977498769760132;0.4;0.4000723958015442
0.24;0.24297431111335754;0.14;0.1448913961648941;0.24;0.23067080974578857
0.66;0.6547231078147888;0.2;0.20660652220249176;0.2;0.20006243884563446
0.18;0.18191751837730408;0.66;0.6556828618049622;0.36;0.36488598585128784
0.28;0.2820866107940674;0.48;0.4707363247871399;0.16;0.16342099010944366
0.24;0.2430449277162552;0.52;0.5131275057792664;0.38;0.3846254050731659
0.2;0.18895572423934937;0.42;0.4223470687866211;0.16;0.15372636914253235
0.24;0.23749513924121857;0.7;0.7230363488197327;0.48;0.4793705344200134
0.46;0.46706581115722656;0.38;0.36199328303337097;0.14;0.14199502766132355
0.6;0.5913784503936768;0.26;0.2641632854938507;0.46;0.4662918150424957
0.1;0.10707971453666687;0.62;0.594516396522522;0.44;0.4477097988128662
0.24;0.2378748506307602;0.42;0.418864369392395;0.46;0.44570159912109375
0.14;0.14617665112018585;0.48;0.46812018752098083;0.36;0.37126532196998596
0.42;0.4268733859062195;0.38;0.3687960207462311;0.3;0.3063115179538727
0.12;0.1130598857998848;0.2;0.2104131132364273;0.16;0.15356533229351044
0.36;0.36468055844306946;0.18;0.17739325761795044;0.34;0.35074281692504883
0.26;0.26072007417678833;0.62;0.6176910400390625;0.32;0.320574015378952
0.44;0.441401869058609;0.38;0.3878762722015381;0.42;0.41904115676879883
0.44;0.41988641023635864;0.14;0.1402297466993332;0.14;0.14487214386463165
0.2;0.21025754511356354;0.2;0.21447424590587616;0.32;0.32171276211738586
0.48;0.48517537117004395;0.28;0.2545395791530609;0.1;0.10841314494609833
0.16;0.1656782031059265;0.24;0.24779058992862701;0.3;0.2985972762107849
0.74;0.7356274127960205;0.2;0.21018169820308685;0.2;0.2042268067598343
0.34;0.34673506021499634;0.48;0.4744938611984253;0.26;0.25895413756370544
0.14;0.15635690093040466;0.24;0.24324765801429749;0.34;0.3441433310508728
0.28;0.27746695280075073;0.36;0.3651775121688843;0.22;0.21867477893829346
0.66;0.6608083844184875;0.26;0.2779831886291504;0.32;0.3160029649734497
0.22;0.2201519012451172;0.64;0.6305491924285889;0.2;0.19708426296710968
0.38;0.37805095314979553;0.22;0.2200472205877304;0.26;0.2604472041130066
0.3;0.30637413263320923;0.26;0.2841916084289551;0.34;0.3406265377998352
0.18;0.18042905628681183;0.76;0.7809925079345703;0.46;0.4616015553474426
0.32;0.3304794132709503;0.44;0.43604785203933716;0.38;0.3863235116004944
0.12;0.11780957132577896;0.38;0.3780977129936218;0.34;0.3359031677246094
0.38;0.38661494851112366;0.16;0.14968159794807434;0.38;0.42214784026145935
0.16;0.17535598576068878;0.46;0.44580602645874023;0.4;0.4044557213783264
0.2;0.19560253620147705;0.16;0.16276201605796814;0.24;0.2309780865907669
0.2;0.2081548273563385;0.6;0.580768883228302;0.2;0.19909054040908813
0.42;0.41775867342948914;0.38;0.3705700635910034;0.32;0.3266700506210327
0.26;0.2517232894897461;0.48;0.4901531934738159;0.46;0.45612049102783203
0.18;0.17605219781398773;0.48;0.4654252231121063;0.22;0.22449274361133575
0.62;0.6080348491668701;0.12;0.1291164606809616;0.44;0.4365079402923584
0.46;0.4574962258338928;0.36;0.36587703227996826;0.42;0.4170683026313782
0.24;0.24394331872463226;0.52;0.5126656889915466;0.4;0.3965747356414795
0.38;0.3781716525554657;0.58;0.5910698771476746;0.32;0.3210293650627136
0.1;0.1446875035762787;0.62;0.5060852766036987;0.2;0.23961099982261658
0.58;0.5870873332023621;0.18;0.17823466658592224;0.3;0.31582462787628174
0.36;0.36385849118232727;0.22;0.21332170069217682;0.12;0.12752960622310638
0.6;0.6033468842506409;0.36;0.3640832006931305;0.14;0.14030033349990845
0.3;0.3035910129547119;0.56;0.561854362487793;0.26;0.26228681206703186
0.26;0.2613312304019928;0.38;0.3718555271625519;0.46;0.4591209292411804
0.78;0.7799594402313232;0.16;0.16860203444957733;0.42;0.4232580065727234
0.12;0.12533758580684662;0.62;0.6130778789520264;0.42;0.415020614862442
0.16;0.14966599643230438;0.54;0.5659231543540955;0.48;0.4641410708427429
0.4;0.4067991077899933;0.18;0.18426203727722168;0.32;0.3209275007247925
0.22;0.21518991887569427;0.48;0.4847072958946228;0.48;0.48439303040504456
0.12;0.11399009078741074;0.46;0.4737513065338135;0.42;0.409205824136734
0.34;0.3303294777870178;0.18;0.16572187840938568;0.42;0.41498222947120667
0.62;0.6180413365364075;0.34;0.3424828052520752;0.1;0.10107151418924332
0.12;0.11869996786117554;0.52;0.5165620446205139;0.2;0.20733065903186798
0.64;0.6357473731040955;0.24;0.24826377630233765;0.46;0.46405094861984253
0.54;0.5601717233657837;0.4;0.4187919795513153;0.48;0.4780532717704773
0.3;0.30771616101264954;0.48;0.46673187613487244;0.12;0.12227623164653778
0.36;0.35906338691711426;0.58;0.6013191342353821;0.26;0.2574951648712158
0.56;0.5676496624946594;0.2;0.20551465451717377;0.22;0.21517100930213928
0.76;0.7422687411308289;0.18;0.1695694774389267;0.24;0.248308926820755
0.28;0.27377310395240784;0.42;0.37874501943588257;0.1;0.1388586461544037
0.28;0.2785019278526306;0.5;0.49808475375175476;0.18;0.17593486607074738
0.38;0.3728691041469574;0.3;0.3046688437461853;0.48;0.4760771691799164
0.44;0.4459172785282135;0.44;0.451385498046875;0.44;0.4419274926185608
0.3;0.3138793706893921;0.22;0.2075771689414978;0.1;0.10369135439395905
0.18;0.18431295454502106;0.62;0.6051156520843506;0.34;0.34446460008621216
0.34;0.33919864892959595;0.62;0.6244292855262756;0.34;0.3395846486091614
0.44;0.43077585101127625;0.14;0.13136379420757294;0.26;0.25252923369407654
0.2;0.20591941475868225;0.6;0.596007227897644;0.34;0.34198400378227234
0.2;0.19920067489147186;0.74;0.7698436975479126;0.46;0.4597833752632141
0.6;0.5428611040115356;0.38;0.4106828570365906;0.5;0.498760461807251
0.58;0.5742980241775513;0.14;0.13982468843460083;0.2;0.20447811484336853
0.24;0.24901491403579712;0.26;0.2996407151222229;0.46;0.4377319812774658
0.6;0.6050370335578918;0.3;0.2845759391784668;0.44;0.4446515440940857
0.24;0.24606724083423615;0.2;0.20508012175559998;0.44;0.4453175961971283
0.18;0.1826401948928833;0.64;0.6463853120803833;0.1;0.10191528499126434
0.26;0.2587822675704956;0.62;0.6169792413711548;0.42;0.4184277057647705
0.12;0.16100110113620758;0.58;0.4841364622116089;0.1;0.13050726056098938
0.16;0.16516321897506714;0.24;0.22419846057891846;0.2;0.19767744839191437
0.12;0.13320641219615936;0.14;0.1476905792951584;0.28;0.2742100656032562
0.3;0.28907066583633423;0.1;0.11418807506561279;0.12;0.10842205584049225
0.54;0.5292853116989136;0.18;0.18253210186958313;0.26;0.2643793225288391
0.56;0.5507920384407043;0.38;0.3879970610141754;0.26;0.2614731192588806
0.24;0.2415599673986435;0.52;0.49084776639938354;0.1;0.10703085362911224
0.5;0.5017619132995605;0.14;0.1419026255607605;0.14;0.14222626388072968
0.4;0.39661356806755066;0.16;0.14958584308624268;0.1;0.10540224611759186
0.56;0.5591806769371033;0.34;0.33401763439178467;0.36;0.3498106598854065
0.72;0.7194945216178894;0.26;0.24198603630065918;0.28;0.28171905875205994
0.64;0.6309390068054199;0.16;0.16733825206756592;0.36;0.34870976209640503
0.28;0.2858596444129944;0.38;0.3675561845302582;0.16;0.1602402925491333
0.5;0.5095759034156799;0.4;0.3929353356361389;0.44;0.4395350515842438
0.3;0.3163129985332489;0.36;0.3349218964576721;0.1;0.1175433024764061
0.74;0.7353787422180176;0.16;0.16337290406227112;0.32;0.33583864569664
0.54;0.5517288446426392;0.36;0.34883472323417664;0.36;0.356505423784256
0.72;0.7046298980712891;0.14;0.1483462005853653;0.2;0.19757893681526184
0.48;0.4739091396331787;0.42;0.4218589961528778;0.22;0.21581491827964783
0.38;0.38656851649284363;0.14;0.13045135140419006;0.46;0.4544619023799896
0.78;0.7663871645927429;0.16;0.160323828458786;0.24;0.24513491988182068
0.32;0.32741841673851013;0.56;0.5649722814559937;0.36;0.3595678508281708
0.14;0.1320849508047104;0.62;0.6284977793693542;0.26;0.25325092673301697
0.56;0.5683280825614929;0.32;0.31852591037750244;0.34;0.34314969182014465
0.56;0.5625579357147217;0.36;0.3565753698348999;0.3;0.29435643553733826
0.4;0.3984839916229248;0.58;0.5683695077896118;0.46;0.4595410227775574
0.26;0.26124146580696106;0.48;0.47181400656700134;0.36;0.3566358685493469
0.3;0.3001812696456909;0.66;0.668707013130188;0.24;0.24117159843444824
0.16;0.164902925491333;0.26;0.2543095350265503;0.36;0.35385873913764954
0.54;0.5472020506858826;0.24;0.24230341613292694;0.44;0.447441428899765
0.36;0.3511503040790558;0.28;0.238053098320961;0.16;0.18087467551231384
0.8;0.7969680428504944;0.16;0.1676577627658844;0.48;0.4812163710594177
0.1;0.11731848120689392;0.7;0.6531749367713928;0.34;0.3546130955219269
0.64;0.6499460935592651;0.12;0.13574156165122986;0.38;0.38342344760894775
0.52;0.519906222820282;0.28;0.27207717299461365;0.32;0.3169974684715271
0.24;0.25707876682281494;0.5;0.48143428564071655;0.12;0.11987859010696411
0.58;0.5722112059593201;0.14;0.14008542895317078;0.3;0.30798208713531494
0.28;0.2768821120262146;0.58;0.5844642519950867;0.3;0.30296242237091064
0.22;0.22115881741046906;0.54;0.530926525592804;0.12;0.12387803941965103
0.26;0.2671988904476166;0.5;0.49602192640304565;0.22;0.22834858298301697
0.5;0.48031601309776306;0.34;0.34947991371154785;0.24;0.23200049996376038
0.4;0.41171029210090637;0.36;0.3589293360710144;0.28;0.28952378034591675
0.16;0.16389654576778412;0.18;0.16567951440811157;0.1;0.10834673792123795
0.5;0.5059973001480103;0.4;0.3935824930667877;0.38;0.3833104372024536
0.72;0.7221308946609497;0.12;0.12012577801942825;0.28;0.2738586664199829
0.12;0.12141002714633942;0.58;0.5758265256881714;0.28;0.28307050466537476
0.42;0.42247164249420166;0.46;0.44668877124786377;0.44;0.44285473227500916
0.8;0.8004496097564697;0.12;0.12621650099754333;0.28;0.2881811261177063
0.36;0.36489543318748474;0.58;0.6034555435180664;0.38;0.3759872317314148
0.28;0.2846422791481018;0.56;0.5685599446296692;0.32;0.32049959897994995
0.68;0.6798278093338013;0.22;0.21978981792926788;0.32;0.31847140192985535
0.44;0.41966933012008667;0.52;0.48885419964790344;0.1;0.10217247158288956
0.1;0.11328671872615814;0.82;0.8160070180892944;0.22;0.22131986916065216
0.22;0.22016426920890808;0.12;0.12255005538463593;0.14;0.1386331468820572
0.34;0.3405144512653351;0.34;0.3343246877193451;0.46;0.46920889616012573
0.24;0.24148771166801453;0.34;0.35030868649482727;0.3;0.30749109387397766
0.54;0.5140647292137146;0.38;0.4106919765472412;0.44;0.43354272842407227
0.72;0.7094141840934753;0.1;0.11796089261770248;0.18;0.16845247149467468
0.54;0.5393482446670532;0.24;0.22627945244312286;0.28;0.28410643339157104
0.66;0.6389094591140747;0.32;0.2951725125312805;0.28;0.28999292850494385
0.34;0.33278393745422363;0.36;0.363492876291275;0.12;0.11833469569683075
0.36;0.3662228286266327;0.42;0.41650423407554626;0.46;0.45778322219848633
0.2;0.19131214916706085;0.4;0.4103051722049713;0.18;0.18841710686683655
0.36;0.3491438031196594;0.52;0.5351396203041077;0.1;0.0989830419421196
0.18;0.17918914556503296;0.14;0.14049966633319855;0.4;0.39003780484199524
0.2;0.2028806358575821;0.48;0.49874943494796753;0.38;0.3717769682407379
0.12;0.1255798637866974;0.16;0.1671472191810608;0.34;0.34547895193099976
0.32;0.3246568739414215;0.22;0.21229039132595062;0.42;0.4277955889701843
0.34;0.3382521867752075;0.58;0.5898374319076538;0.3;0.2972693145275116
0.24;0.2341660112142563;0.48;0.4981135129928589;0.26;0.2595825791358948
0.62;0.5985780358314514;0.2;0.22269001603126526;0.26;0.2677353024482727
0.54;0.5244886875152588;0.34;0.3373725116252899;0.22;0.22575338184833527
0.16;0.14963625371456146;0.18;0.185510516166687;0.44;0.43357712030410767
0.42;0.4130465090274811;0.2;0.20390595495700836;0.38;0.37708255648612976
0.18;0.17705872654914856;0.58;0.5836660861968994;0.26;0.2583600878715515
0.54;0.5374775528907776;0.34;0.3185049295425415;0.26;0.26100119948387146
0.28;0.2796878516674042;0.56;0.557589590549469;0.12;0.12578852474689484
0.74;0.7396018505096436;0.24;0.22132469713687897;0.36;0.35899749398231506
0.4;0.3953462541103363;0.26;0.26290765404701233;0.3;0.29558420181274414
0.1;0.11559730768203735;0.76;0.7343307137489319;0.28;0.2859033942222595
0.14;0.154686838388443;0.66;0.6458826661109924;0.16;0.1602030098438263
0.64;0.6274237632751465;0.28;0.27736666798591614;0.24;0.23505592346191406
0.66;0.6716331839561462;0.22;0.20420175790786743;0.16;0.16173572838306427
0.6;0.5902534127235413;0.16;0.16381238400936127;0.26;0.2590286135673523
0.26;0.251767635345459;0.18;0.17955121397972107;0.28;0.2632822096347809
0.12;0.12625974416732788;0.5;0.47144338488578796;0.12;0.12610077857971191
0.3;0.30983057618141174;0.36;0.3624665141105652;0.38;0.3823022246360779
0.5;0.49400803446769714;0.42;0.4231606721878052;0.36;0.35828348994255066
0.16;0.16124998033046722;0.74;0.739482045173645;0.36;0.3600448668003082
0.1;0.1015598326921463;0.88;0.8518950343132019;0.24;0.2460276335477829
0.56;0.555168092250824;0.42;0.4041565954685211;0.36;0.3586430251598358
0.5;0.4933120608329773;0.12;0.14688783884048462;0.14;0.1211325153708458
0.22;0.20861616730690002;0.38;0.40303847193717957;0.26;0.2552047371864319
0.52;0.485731840133667;0.1;0.15106242895126343;0.5;0.4146185517311096
0.12;0.13585126399993896;0.68;0.6590693593025208;0.14;0.1418810784816742
0.36;0.3542902171611786;0.32;0.32059183716773987;0.48;0.48422232270240784
0.1;0.10353010147809982;0.72;0.7244097590446472;0.5;0.5002365112304688
0.36;0.36044180393218994;0.48;0.47821325063705444;0.36;0.3652399182319641
0.1;0.10260628908872604;0.7;0.6779637336730957;0.46;0.4668826162815094
0.3;0.303408682346344;0.24;0.23163405060768127;0.42;0.42459240555763245
0.36;0.37142515182495117;0.16;0.1552913635969162;0.44;0.4359678328037262
0.1;0.10062435269355774;0.88;0.838555097579956;0.12;0.13069871068000793
0.12;0.12193696200847626;0.22;0.2197696715593338;0.46;0.46071872115135193
0.82;0.8148467540740967;0.12;0.13071730732917786;0.16;0.1601255238056183
0.7;0.7074339985847473;0.22;0.21769432723522186;0.36;0.3580828309059143
0.46;0.45606404542922974;0.44;0.4339142143726349;0.48;0.4818815290927887
0.52;0.5239455103874207;0.32;0.3218822181224823;0.1;0.10290949046611786
0.12;0.1286706179380417;0.18;0.18264426290988922;0.36;0.358072966337204
0.54;0.5375707149505615;0.2;0.20441623032093048;0.44;0.44636374711990356
0.66;0.6585297584533691;0.22;0.22734756767749786;0.46;0.4672642648220062
0.34;0.3617664873600006;0.46;0.4410703182220459;0.12;0.11898940801620483
0.68;0.6910324692726135;0.22;0.21012677252292633;0.1;0.10529360920190811
0.66;0.658945620059967;0.32;0.3004809319972992;0.22;0.21797144412994385
0.32;0.32304561138153076;0.46;0.4579908847808838;0.18;0.18525776267051697
0.58;0.574912965297699;0.24;0.25032439827919006;0.22;0.23675647377967834
0.18;0.18387283384799957;0.6;0.5972720384597778;0.4;0.40022221207618713
0.36;0.36218777298927307;0.52;0.5263671278953552;0.22;0.21763591468334198
0.18;0.17387332022190094;0.46;0.45256415009498596;0.44;0.43848228454589844
0.12;0.11864936351776123;0.22;0.22202780842781067;0.42;0.4226970672607422
0.72;0.7208695411682129;0.2;0.21204666793346405;0.48;0.4852035939693451
0.48;0.4837210178375244;0.4;0.4007343649864197;0.46;0.4624163508415222
0.5;0.4907042980194092;0.18;0.206267848610878;0.48;0.4280695915222168
0.6;0.6025787591934204;0.2;0.1889827698469162;0.1;0.1030258983373642
0.16;0.1741805076599121;0.54;0.5101876854896545;0.1;0.11235262453556061
0.18;0.17536574602127075;0.12;0.11851265281438828;0.26;0.26097598671913147
0.28;0.2758902311325073;0.36;0.36254560947418213;0.26;0.2556217610836029
0.18;0.1699046641588211;0.36;0.3881724178791046;0.4;0.3965287208557129
0.2;0.21251802146434784;0.54;0.5387576818466187;0.42;0.42747896909713745
0.38;0.37998759746551514;0.5;0.48276692628860474;0.36;0.36127400398254395
0.66;0.6647807955741882;0.28;0.3088843822479248;0.32;0.31286829710006714
0.1;0.12286096811294556;0.78;0.7629256248474121;0.22;0.22395268082618713
0.12;0.13113543391227722;0.2;0.1817823350429535;0.1;0.10526511818170547
0.36;0.3615679442882538;0.26;0.2596731185913086;0.48;0.4732227325439453
0.48;0.4896576702594757;0.5;0.4661349952220917;0.18;0.18452370166778564
0.52;0.5149474143981934;0.28;0.2864481210708618;0.22;0.20554065704345703
0.2;0.2060062438249588;0.42;0.41303664445877075;0.24;0.23581691086292267
0.46;0.47265759110450745;0.24;0.2359919250011444;0.1;0.10370062291622162
0.68;0.6718366146087646;0.26;0.2814878225326538;0.38;0.37585100531578064
0.26;0.2660979926586151;0.32;0.3252216577529907;0.38;0.35597091913223267
0.12;0.1213386133313179;0.82;0.831433117389679;0.3;0.29882121086120605
0.1;0.11854837089776993;0.72;0.6825440526008606;0.12;0.12744048237800598
0.7;0.6746436357498169;0.26;0.2493157982826233;0.26;0.27159228920936584
0.18;0.16480599343776703;0.38;0.42213597893714905;0.5;0.48247775435447693
0.48;0.4694502651691437;0.22;0.2437317967414856;0.5;0.4812120795249939
0.44;0.4391172230243683;0.3;0.30672717094421387;0.4;0.4082264006137848
0.5;0.5060992240905762;0.42;0.4256417453289032;0.42;0.4191145896911621
0.74;0.7441442012786865;0.24;0.2190900295972824;0.16;0.16092774271965027
0.78;0.7814885973930359;0.2;0.17834754288196564;0.12;0.11908620595932007
0.34;0.34603914618492126;0.5;0.5107203125953674;0.28;0.2793077528476715
0.72;0.7227405309677124;0.1;0.12194764614105225;0.2;0.1912831813097
0.22;0.2280874401330948;0.66;0.6519970893859863;0.42;0.4196416735649109
0.48;0.465983122587204;0.18;0.18978923559188843;0.16;0.15544497966766357
0.68;0.6764159798622131;0.2;0.20231281220912933;0.28;0.2770596444606781
0.76;0.7499735951423645;0.22;0.1968156099319458;0.12;0.12267281860113144
0.1;0.10458220541477203;0.8;0.7888145446777344;0.36;0.36107146739959717
0.1;0.11390026658773422;0.58;0.5123963356018066;0.22;0.2451825588941574
0.22;0.20577162504196167;0.3;0.3168371617794037;0.18;0.17121455073356628
0.42;0.4132029116153717;0.52;0.5414142608642578;0.4;0.3981868326663971
0.1;0.10794706642627716;0.38;0.38391003012657166;0.42;0.42414531111717224
0.2;0.19095824658870697;0.1;0.1038127988576889;0.48;0.4510301947593689
0.5;0.5028997659683228;0.48;0.46227195858955383;0.28;0.28779223561286926
0.62;0.6095508337020874;0.2;0.2107170671224594;0.2;0.2033900022506714
0.24;0.24330686032772064;0.4;0.3959701657295227;0.18;0.1798984855413437
0.18;0.17331255972385406;0.42;0.4342966079711914;0.34;0.3324061632156372
0.38;0.3718964755535126;0.24;0.21240146458148956;0.28;0.3170560300350189
0.3;0.3002031147480011;0.48;0.48525890707969666;0.24;0.24796323478221893
0.24;0.24310541152954102;0.34;0.3654358983039856;0.36;0.35441771149635315
0.56;0.5781494379043579;0.32;0.2963677644729614;0.1;0.11568407714366913
0.62;0.6189734935760498;0.3;0.2998334765434265;0.32;0.3201392590999603
0.32;0.305717408657074;0.1;0.11530426889657974;0.22;0.22148080170154572
0.26;0.2564393877983093;0.68;0.7099555730819702;0.18;0.17872759699821472
0.36;0.3514106273651123;0.5;0.5179104208946228;0.12;0.1236218810081482
0.18;0.18616463243961334;0.16;0.156301349401474;0.12;0.12476155906915665
0.54;0.5233711004257202;0.34;0.34927114844322205;0.5;0.4932975172996521
0.56;0.5414257049560547;0.34;0.3418894112110138;0.12;0.12258011102676392
0.24;0.24604621529579163;0.68;0.6863939762115479;0.16;0.15970657765865326
0.16;0.1527722030878067;0.54;0.5554375052452087;0.28;0.27753910422325134
0.24;0.24103498458862305;0.58;0.5820050835609436;0.48;0.4809300899505615
0.28;0.28092408180236816;0.5;0.49493521451950073;0.42;0.42059940099716187
0.6;0.5988779664039612;0.36;0.36668020486831665;0.38;0.3836306929588318
0.48;0.48186182975769043;0.22;0.21414999663829803;0.12;0.12354806810617447
0.14;0.13801182806491852;0.38;0.3848244845867157;0.36;0.3582530915737152
0.58;0.5802000164985657;0.2;0.20066551864147186;0.16;0.15971766412258148
0.46;0.46142828464508057;0.3;0.3185681700706482;0.12;0.12885728478431702
0.36;0.3490556478500366;0.36;0.31093889474868774;0.1;0.10415036976337433
0.44;0.44051292538642883;0.24;0.2446976900100708;0.2;0.20345020294189453
0.88;0.8617292046546936;0.1;0.11770641803741455;0.14;0.12015912681818008
0.42;0.4120786786079407;0.26;0.2725990414619446;0.26;0.2657317519187927
0.18;0.17821428179740906;0.28;0.29428642988204956;0.5;0.48945704102516174
0.44;0.44264236092567444;0.46;0.4773544669151306;0.44;0.4442797601222992
0.3;0.31127989292144775;0.46;0.4626850485801697;0.1;0.09808661043643951
0.52;0.5273594260215759;0.22;0.2469738870859146;0.34;0.35110610723495483
0.58;0.5698164701461792;0.28;0.2933293581008911;0.38;0.3816930651664734
0.3;0.29750868678092957;0.62;0.6298440098762512;0.44;0.4393373429775238
0.18;0.16801169514656067;0.32;0.32949575781822205;0.24;0.23238222301006317
0.3;0.28294336795806885;0.42;0.4092804491519928;0.24;0.25078827142715454
0.32;0.32168734073638916;0.4;0.39220717549324036;0.36;0.3627766966819763
0.64;0.6484825611114502;0.16;0.1524340659379959;0.1;0.10691654682159424
0.42;0.42201825976371765;0.1;0.10434025526046753;0.46;0.43927955627441406
0.24;0.23455263674259186;0.32;0.33439093828201294;0.16;0.15405847132205963
0.38;0.37878522276878357;0.18;0.17385639250278473;0.42;0.42186394333839417
0.18;0.1711796224117279;0.66;0.6544596552848816;0.28;0.27691376209259033
0.52;0.5250836610794067;0.16;0.1550317108631134;0.42;0.4189514219760895
0.2;0.20837201178073883;0.4;0.3922747075557709;0.38;0.37486082315444946
0.2;0.20073090493679047;0.38;0.3750816285610199;0.26;0.2588103115558624
0.26;0.25791049003601074;0.46;0.46748000383377075;0.42;0.4219735562801361
0.58;0.5799911618232727;0.1;0.11593956500291824;0.3;0.2910041809082031
0.28;0.2822306156158447;0.62;0.6048387885093689;0.34;0.33677399158477783
0.36;0.3752332031726837;0.46;0.4531604051589966;0.2;0.20257186889648438
0.14;0.13511788845062256;0.32;0.32410407066345215;0.14;0.15613850951194763
0.72;0.7343713641166687;0.18;0.18593649566173553;0.22;0.2106747180223465
0.58;0.5768877863883972;0.1;0.12142901867628098;0.32;0.3082663416862488
0.32;0.32813677191734314;0.22;0.20365256071090698;0.38;0.4033299386501312
0.16;0.15123020112514496;0.64;0.662530779838562;0.5;0.49307793378829956
0.5;0.43515563011169434;0.1;0.15155339241027832;0.16;0.10769723355770111
0.1;0.10350388288497925;0.82;0.8198274374008179;0.34;0.34164920449256897
0.26;0.22567543387413025;0.22;0.27062925696372986;0.5;0.4394763112068176
0.22;0.22454024851322174;0.44;0.43770483136177063;0.26;0.2566096782684326
0.52;0.5161612629890442;0.1;0.14249484241008759;0.2;0.1667374074459076
0.68;0.6694625616073608;0.12;0.11421308666467667;0.28;0.2945515215396881
0.1;0.10705427080392838;0.48;0.4772338569164276;0.46;0.4658535122871399
0.62;0.6188879013061523;0.34;0.3446975350379944;0.42;0.41927051544189453
0.24;0.2410753071308136;0.48;0.4801466464996338;0.5;0.4970119595527649
0.14;0.1306651383638382;0.14;0.14024992287158966;0.48;0.47660836577415466
0.2;0.18345141410827637;0.48;0.5050598382949829;0.48;0.47230035066604614
0.22;0.21891655027866364;0.44;0.44464215636253357;0.44;0.43834513425827026
0.12;0.1309947669506073;0.66;0.6142244338989258;0.16;0.16294221580028534
0.56;0.5644310116767883;0.38;0.39009934663772583;0.44;0.4452524781227112
0.2;0.19645239412784576;0.12;0.11898282915353775;0.34;0.32731059193611145
0.22;0.22226417064666748;0.52;0.518887460231781;0.12;0.11706361919641495
0.42;0.4079643189907074;0.18;0.18297375738620758;0.36;0.36129030585289
0.14;0.14352981746196747;0.18;0.17652705311775208;0.42;0.41395893692970276
0.44;0.4439636170864105;0.22;0.22527997195720673;0.42;0.4174812436103821
0.1;0.11392207443714142;0.42;0.403110533952713;0.34;0.3551151156425476
0.32;0.3165181577205658;0.38;0.3805120289325714;0.38;0.3855404257774353
0.2;0.21501494944095612;0.7;0.6707291007041931;0.34;0.34075385332107544
0.32;0.33883529901504517;0.5;0.49682918190956116;0.14;0.14424237608909607
0.5;0.49078765511512756;0.28;0.29053160548210144;0.26;0.25874486565589905
0.22;0.2154780775308609;0.52;0.5172278881072998;0.2;0.20092420279979706
0.52;0.5279833078384399;0.46;0.4376344680786133;0.42;0.41948556900024414
0.1;0.11192754656076431;0.24;0.22916069626808167;0.32;0.3266662359237671
0.72;0.7206840515136719;0.26;0.24590423703193665;0.48;0.4830513000488281
0.34;0.3354121744632721;0.38;0.37309443950653076;0.3;0.30546480417251587
0.24;0.21756693720817566;0.28;0.3246476650238037;0.2;0.18781867623329163
0.18;0.18647901713848114;0.4;0.41119325160980225;0.42;0.4285293221473694
0.72;0.7201477289199829;0.12;0.1237310841679573;0.4;0.39772552251815796
0.6;0.5915030241012573;0.3;0.30561766028404236;0.34;0.33003148436546326
0.2;0.19474612176418304;0.24;0.26043403148651123;0.34;0.34184929728507996
0.1;0.11294500529766083;0.3;0.2906951904296875;0.46;0.4623742997646332
0.48;0.48838552832603455;0.34;0.33584728837013245;0.48;0.4850556254386902
0.46;0.4652060568332672;0.48;0.4905778467655182;0.1;0.10313989967107773
0.18;0.18335121870040894;0.74;0.7575309872627258;0.28;0.27663636207580566
0.66;0.6543470025062561;0.16;0.16170474886894226;0.46;0.4384883940219879
0.44;0.44378024339675903;0.38;0.3581058084964752;0.3;0.30560237169265747
0.3;0.2873575687408447;0.36;0.3717402517795563;0.46;0.44785213470458984
0.18;0.18489038944244385;0.24;0.24285198748111725;0.36;0.35311394929885864
0.18;0.16672846674919128;0.46;0.4826110005378723;0.24;0.24341949820518494
0.36;0.3699498474597931;0.54;0.5319220423698425;0.32;0.31933820247650146
0.12;0.11924421042203903;0.86;0.837912917137146;0.36;0.3595181107521057
0.64;0.6394169926643372;0.32;0.3310900628566742;0.46;0.4594191610813141
0.32;0.3175745904445648;0.12;0.11105933785438538;0.32;0.3357909321784973
0.52;0.5008224844932556;0.1;0.17242424190044403;0.24;0.1893250197172165
0.36;0.3598634600639343;0.56;0.5670165419578552;0.38;0.37875911593437195
0.16;0.16091829538345337;0.66;0.6562316417694092;0.14;0.14341530203819275
0.42;0.42480897903442383;0.42;0.4113575220108032;0.46;0.4643058776855469
0.22;0.2220170497894287;0.22;0.21378561854362488;0.1;0.10440318286418915
0.34;0.33443567156791687;0.58;0.5863032937049866;0.32;0.31759119033813477
0.46;0.46294113993644714;0.34;0.3342035710811615;0.36;0.36156797409057617
0.28;0.27679184079170227;0.16;0.15581892430782318;0.14;0.14445838332176208
0.14;0.15127161145210266;0.24;0.2455122470855713;0.46;0.4608270227909088
0.4;0.4109729826450348;0.3;0.29840153455734253;0.28;0.2786416709423065
0.32;0.32014063000679016;0.66;0.658669114112854;0.5;0.49881964921951294
0.1;0.10715588927268982;0.22;0.2320079654455185;0.38;0.3534701466560364
0.28;0.2838945984840393;0.4;0.3880617320537567;0.12;0.1293017864227295
0.38;0.37756049633026123;0.46;0.46179190278053284;0.26;0.2706194519996643
0.1;0.10383779555559158;0.84;0.8358829021453857;0.1;0.10353139787912369
0.74;0.7399129271507263;0.24;0.225790336728096;0.44;0.4393375515937805
0.2;0.19918709993362427;0.34;0.3548288643360138;0.4;0.38434645533561707
0.24;0.24058933556079865;0.56;0.5474551320075989;0.28;0.28107696771621704
0.36;0.3585907816886902;0.12;0.17950080335140228;0.26;0.20873859524726868
0.58;0.5747271180152893;0.36;0.3640791177749634;0.2;0.20284347236156464
0.22;0.21919958293437958;0.38;0.3932552635669708;0.5;0.4804771840572357
0.36;0.3606504201889038;0.16;0.13742709159851074;0.16;0.17754969000816345
0.1;0.1264941692352295;0.78;0.7582999467849731;0.2;0.2012867033481598
0.66;0.6550151109695435;0.18;0.1828623116016388;0.2;0.2116384208202362
0.32;0.3264268636703491;0.56;0.5630312561988831;0.44;0.4435088038444519
0.48;0.47941407561302185;0.16;0.16211947798728943;0.28;0.2733871042728424
0.2;0.19625476002693176;0.3;0.31077104806900024;0.12;0.1146809309720993
0.78;0.7745960354804993;0.14;0.14789411425590515;0.14;0.1434217393398285
0.3;0.30721691250801086;0.44;0.44367197155952454;0.32;0.32612144947052
0.28;0.28169676661491394;0.46;0.4518675208091736;0.48;0.47575464844703674
0.18;0.1822117418050766;0.24;0.24147693812847137;0.22;0.2301563322544098
0.2;0.1966429501771927;0.36;0.3671756386756897;0.3;0.28279319405555725
0.4;0.3998103439807892;0.56;0.5676237344741821;0.24;0.24164696037769318
0.12;0.11961185932159424;0.34;0.3429918885231018;0.46;0.4603038430213928
0.14;0.1334754377603531;0.38;0.3912924528121948;0.12;0.12038715928792953
0.36;0.36375272274017334;0.36;0.3483981192111969;0.2;0.20452769100666046
0.26;0.25787344574928284;0.5;0.49506962299346924;0.48;0.48068007826805115
0.28;0.2761688232421875;0.52;0.5184051394462585;0.14;0.13882072269916534
0.2;0.19952315092086792;0.18;0.18387393653392792;0.38;0.36664384603500366
0.58;0.5614380836486816;0.36;0.37143850326538086;0.44;0.43939560651779175
0.3;0.29416006803512573;0.12;0.12202145159244537;0.14;0.14146050810813904
0.3;0.3212263584136963;0.38;0.2762642502784729;0.1;0.12247814238071442
0.4;0.3988897204399109;0.44;0.4442252218723297;0.32;0.3221900165081024
0.26;0.2640994191169739;0.14;0.14571432769298553;0.24;0.2502158582210541
0.12;0.11858132481575012;0.46;0.4603428840637207;0.22;0.22237035632133484
0.38;0.3721294701099396;0.12;0.1369854360818863;0.36;0.31188642978668213
0.26;0.2645522952079773;0.38;0.37931758165359497;0.48;0.4817209839820862
0.2;0.2044500708580017;0.26;0.26475921273231506;0.18;0.1699937880039215
0.24;0.23696768283843994;0.1;0.10980677604675293;0.42;0.3925233483314514
0.56;0.5526018738746643;0.36;0.37542253732681274;0.5;0.48993006348609924
0.24;0.23620475828647614;0.1;0.1052137240767479;0.14;0.12733742594718933
0.36;0.3722652792930603;0.56;0.5668002367019653;0.32;0.3196186125278473
0.12;0.16321013867855072;0.18;0.18214106559753418;0.46;0.4638804495334625
0.32;0.32314494252204895;0.6;0.5996375679969788;0.16;0.16057956218719482
0.28;0.2748847007751465;0.3;0.29410383105278015;0.44;0.4369032382965088
0.3;0.29438090324401855;0.58;0.5808146595954895;0.34;0.34098318219184875
0.1;0.10139549523591995;0.12;0.1349145621061325;0.14;0.13838960230350494
0.4;0.40023285150527954;0.42;0.4169197082519531;0.42;0.4166153371334076
0.34;0.3515447676181793;0.2;0.19233734905719757;0.1;0.105732761323452
0.62;0.6274409294128418;0.24;0.22886642813682556;0.2;0.19876253604888916
0.28;0.26665493845939636;0.44;0.4278630018234253;0.26;0.272238552570343
0.74;0.7358485460281372;0.1;0.11686579138040543;0.16;0.1483106017112732
0.44;0.4552706182003021;0.44;0.4116624891757965;0.14;0.1469145119190216
0.24;0.23938877880573273;0.6;0.5892603993415833;0.22;0.2168716937303543
0.5;0.48410215973854065;0.14;0.14556114375591278;0.5;0.47169142961502075
0.2;0.19926957786083221;0.78;0.7595720291137695;0.3;0.2995443344116211
0.16;0.1625175029039383;0.78;0.779137134552002;0.18;0.18304021656513214
0.7;0.6885703206062317;0.1;0.10800106078386307;0.5;0.4788691997528076
0.66;0.6615431904792786;0.22;0.23264873027801514;0.5;0.4901502728462219
0.3;0.3069535493850708;0.6;0.6013222932815552;0.14;0.1424737274646759
0.16;0.1553557813167572;0.52;0.5382686257362366;0.18;0.175577312707901
0.5;0.4451349675655365;0.1;0.17672982811927795;0.18;0.10993073135614395
0.28;0.2818909287452698;0.44;0.4533170461654663;0.4;0.400059312582016
0.28;0.27199241518974304;0.58;0.5818749666213989;0.1;0.10596957057714462
0.5;0.4925176203250885;0.4;0.4063519835472107;0.4;0.3932359218597412
0.62;0.6158958077430725;0.34;0.3420335650444031;0.12;0.12238170951604843
0.36;0.3518518805503845;0.4;0.3912450075149536;0.24;0.2385271042585373
0.56;0.5582044720649719;0.16;0.16270683705806732;0.1;0.10462205111980438
0.5;0.49469080567359924;0.3;0.31163907051086426;0.36;0.3574378788471222
0.56;0.5415118932723999;0.32;0.3366215229034424;0.5;0.4978960454463959
0.2;0.19417306780815125;0.24;0.24931974709033966;0.48;0.4653051495552063
0.6;0.6012530326843262;0.2;0.19606423377990723;0.12;0.12153680622577667
0.18;0.17021478712558746;0.1;0.107540562748909;0.22;0.20360884070396423
0.46;0.47481098771095276;0.4;0.39104345440864563;0.3;0.3068297207355499
0.48;0.46737754344940186;0.42;0.42248523235321045;0.32;0.3116993308067322
0.32;0.33779245615005493;0.34;0.3130737841129303;0.12;0.12482421100139618
0.14;0.13895344734191895;0.84;0.8185195922851562;0.34;0.3403990864753723
0.5;0.4834514260292053;0.24;0.2788349390029907;0.3;0.2821393311023712
0.24;0.24091780185699463;0.72;0.7153752446174622;0.46;0.461303174495697
0.86;0.8581755757331848;0.1;0.12192374467849731;0.3;0.2854551672935486
0.36;0.36505404114723206;0.18;0.15552161633968353;0.36;0.36852747201919556
0.68;0.6701028943061829;0.1;0.10380492359399796;0.24;0.2324657142162323
0.2;0.18203169107437134;0.4;0.4304478168487549;0.42;0.40993136167526245
0.88;0.8805842399597168;0.1;0.11032219231128693;0.42;0.4075666069984436
0.26;0.25604522228240967;0.66;0.6574123501777649;0.22;0.21737274527549744
0.12;0.14404605329036713;0.78;0.7731418609619141;0.18;0.17800311744213104
0.1;0.10572199523448944;0.16;0.16115979850292206;0.32;0.31919023394584656
0.14;0.13539855182170868;0.18;0.18806122243404388;0.48;0.47380203008651733
0.34;0.3404974341392517;0.2;0.19694781303405762;0.4;0.4084502160549164
0.46;0.46894732117652893;0.14;0.13223358988761902;0.36;0.3867039978504181
0.42;0.4167124629020691;0.1;0.11475867033004761;0.24;0.22316375374794006
0.66;0.6479712128639221;0.1;0.11022099107503891;0.38;0.37418052554130554
0.26;0.26123178005218506;0.16;0.15510064363479614;0.12;0.12076960504055023
0.3;0.3042767643928528;0.3;0.29430046677589417;0.46;0.46010130643844604
0.46;0.4652193486690521;0.48;0.4813656210899353;0.2;0.20095841586589813
0.12;0.12556181848049164;0.1;0.11320469528436661;0.34;0.31411364674568176
0.4;0.3988187611103058;0.46;0.4582425057888031;0.48;0.47587355971336365
0.28;0.2741086184978485;0.14;0.15287791192531586;0.3;0.295681893825531
0.34;0.33904922008514404;0.62;0.620907187461853;0.14;0.13943736255168915
0.62;0.6029523015022278;0.1;0.1042749434709549;0.12;0.11739347875118256
0.42;0.4217289090156555;0.5;0.5007627010345459;0.3;0.30251261591911316
0.2;0.20410585403442383;0.66;0.6635952591896057;0.4;0.3981046676635742
0.3;0.2965634763240814;0.66;0.6491943597793579;0.42;0.42182284593582153
0.14;0.13096769154071808;0.4;0.40336862206459045;0.24;0.23177671432495117
0.26;0.2650710344314575;0.58;0.5756090879440308;0.26;0.256458580493927
0.76;0.7527391910552979;0.2;0.20235170423984528;0.14;0.15072110295295715
0.32;0.3111981451511383;0.42;0.42198094725608826;0.48;0.4811744689941406
0.4;0.39213308691978455;0.4;0.4053134620189667;0.38;0.3799147307872772
0.18;0.18200215697288513;0.32;0.34692880511283875;0.16;0.15320704877376556
0.52;0.5270425081253052;0.16;0.1731480062007904;0.12;0.11059574782848358
0.7;0.6859862804412842;0.14;0.15729524195194244;0.18;0.18700537085533142
0.64;0.6370057463645935;0.26;0.2558676302433014;0.2;0.20435252785682678
0.48;0.4682893455028534;0.14;0.14390508830547333;0.48;0.4573008418083191
0.34;0.3279024660587311;0.4;0.4005356431007385;0.14;0.1437327265739441
0.72;0.7124804854393005;0.12;0.12917838990688324;0.46;0.45057210326194763
0.38;0.36831536889076233;0.12;0.16087424755096436;0.26;0.20519211888313293
0.72;0.7257918119430542;0.14;0.14772330224514008;0.22;0.22229473292827606
0.56;0.5744923949241638;0.32;0.3011976182460785;0.24;0.25194454193115234
0.48;0.4836200773715973;0.18;0.18341919779777527;0.2;0.20054511725902557
0.68;0.6681485176086426;0.3;0.279506653547287;0.22;0.22955302894115448
0.46;0.43738263845443726;0.1;0.10824413597583771;0.2;0.19886136054992676
0.32;0.3225015103816986;0.48;0.46637532114982605;0.38;0.38134947419166565
0.3;0.282810777425766;0.16;0.1843264102935791;0.42;0.380148708820343
0.6;0.5887734293937683;0.18;0.18047040700912476;0.48;0.4726104736328125
0.18;0.17735108733177185;0.32;0.33977916836738586;0.26;0.2559587359428406
0.22;0.22855530679225922;0.22;0.2691236436367035;0.28;0.2910439968109131
0.56;0.5549035668373108;0.12;0.1106485053896904;0.34;0.34970587491989136
0.24;0.23829638957977295;0.5;0.4878872334957123;0.1;0.10476458072662354
0.88;0.8696138262748718;0.1;0.1035851240158081;0.38;0.3643695116043091
0.28;0.28112828731536865;0.62;0.6141171455383301;0.26;0.2605240046977997
0.7;0.7043977975845337;0.22;0.23665547370910645;0.42;0.4258151650428772
0.56;0.5608628392219543;0.22;0.2139996886253357;0.26;0.26084238290786743
0.1;0.13196851313114166;0.2;0.2511575222015381;0.5;0.46189919114112854
0.2;0.18157567083835602;0.44;0.4738779664039612;0.26;0.24101798236370087
0.68;0.6799001097679138;0.3;0.28185540437698364;0.48;0.47963041067123413
0.14;0.13921940326690674;0.84;0.8197801113128662;0.26;0.26061543822288513
0.16;0.15505729615688324;0.38;0.38262856006622314;0.24;0.24054054915905
0.1;0.1136212944984436;0.54;0.49451684951782227;0.34;0.37183648347854614
0.8;0.8011763095855713;0.16;0.174298495054245;0.26;0.26006609201431274
0.32;0.3184504508972168;0.66;0.6401053071022034;0.28;0.2802354097366333
0.48;0.46801960468292236;0.46;0.48722347617149353;0.44;0.4418694078922272
0.4;0.40308186411857605;0.38;0.372793972492218;0.44;0.45613622665405273
0.32;0.3198518455028534;0.14;0.13714227080345154;0.24;0.25766098499298096
0.6;0.600854754447937;0.12;0.12342985719442368;0.36;0.36299365758895874
0.62;0.6257704496383667;0.32;0.3364950716495514;0.36;0.36017337441444397
0.24;0.24573272466659546;0.56;0.5582253932952881;0.48;0.4852728247642517
0.46;0.4638220965862274;0.26;0.260925829410553;0.14;0.1510203331708908
0.38;0.38261863589286804;0.2;0.19668464362621307;0.38;0.37185120582580566
0.38;0.37955206632614136;0.48;0.4752344489097595;0.46;0.46051040291786194
0.24;0.2292603701353073;0.32;0.30676624178886414;0.2;0.20372295379638672
0.32;0.3095622956752777;0.42;0.4100463390350342;0.28;0.2913441061973572
0.5;0.49938637018203735;0.2;0.22000491619110107;0.26;0.2561020255088806
0.14;0.1450854390859604;0.7;0.6732807159423828;0.3;0.30286961793899536
0.52;0.5160400867462158;0.12;0.12749414145946503;0.2;0.1862645447254181
0.24;0.24104002118110657;0.32;0.3405943810939789;0.14;0.13877631723880768
0.76;0.7565165758132935;0.2;0.19981536269187927;0.26;0.2619064748287201
0.76;0.7522110342979431;0.2;0.20908407866954803;0.46;0.4605840742588043
0.4;0.40553969144821167;0.42;0.40471214056015015;0.1;0.09705741703510284
0.1;0.10610172897577286;0.86;0.8489903807640076;0.1;0.10582222044467926
0.2;0.22047220170497894;0.36;0.3787769079208374;0.12;0.12057739496231079
0.2;0.20896796882152557;0.34;0.33936017751693726;0.3;0.2996768057346344
0.16;0.16485066711902618;0.28;0.28158995509147644;0.3;0.30075544118881226
0.22;0.2271171361207962;0.34;0.34459829330444336;0.22;0.2165542095899582
0.2;0.2003512978553772;0.26;0.25740429759025574;0.36;0.3350432217121124
0.52;0.5229606032371521;0.24;0.23503881692886353;0.22;0.22346341609954834
0.58;0.5790959596633911;0.26;0.2504408359527588;0.18;0.18955457210540771
0.14;0.13556315004825592;0.34;0.34555166959762573;0.42;0.40843066573143005
0.54;0.5403851270675659;0.24;0.24930758774280548;0.32;0.3239282965660095
0.4;0.40262675285339355;0.48;0.49296805262565613;0.24;0.23943841457366943
0.28;0.2802790403366089;0.66;0.6786935329437256;0.26;0.25947490334510803
0.36;0.35672980546951294;0.48;0.4924776256084442;0.24;0.24040336906909943
0.8;0.8015718460083008;0.18;0.16548700630664825;0.36;0.3648696541786194
0.6;0.6021445989608765;0.26;0.2516680359840393;0.3;0.298345148563385
0.1;0.11044865101575851;0.26;0.25900718569755554;0.14;0.14005854725837708
0.74;0.732488214969635;0.24;0.21509063243865967;0.22;0.2226829081773758
0.6;0.5927250385284424;0.28;0.2855460047721863;0.48;0.47660738229751587
0.3;0.2980474829673767;0.28;0.2836695909500122;0.24;0.23993095755577087
0.36;0.3510461151599884;0.34;0.3392181694507599;0.28;0.2797912657260895
0.56;0.5582235455513;0.42;0.3944472372531891;0.22;0.22458934783935547
0.36;0.3589017987251282;0.2;0.1971464902162552;0.42;0.42272692918777466
0.42;0.41621875762939453;0.14;0.1400395929813385;0.48;0.4744197726249695
0.44;0.42664027214050293;0.46;0.47660157084465027;0.2;0.19799618422985077
0.28;0.28387755155563354;0.24;0.23739534616470337;0.46;0.45620250701904297
0.28;0.2829381823539734;0.66;0.6732473969459534;0.28;0.2809276878833771
0.12;0.11539970338344574;0.48;0.48661601543426514;0.44;0.43832021951675415
0.32;0.3164181411266327;0.56;0.5622446537017822;0.26;0.25958195328712463
0.24;0.24428068101406097;0.46;0.4575660824775696;0.42;0.41710978746414185
0.12;0.12159478664398193;0.62;0.6120810508728027;0.46;0.4586334228515625
0.58;0.5770280361175537;0.14;0.15504810214042664;0.12;0.11738847196102142
0.7;0.6992873549461365;0.28;0.2613045275211334;0.34;0.3490687608718872
0.64;0.6353209018707275;0.18;0.17236769199371338;0.24;0.24625353515148163
0.5;0.4845300316810608;0.36;0.3764124810695648;0.3;0.28787311911582947
0.68;0.6774897575378418;0.18;0.1843467652797699;0.16;0.1656271517276764
0.1;0.12425718456506729;0.66;0.6100114583969116;0.32;0.3379049003124237
0.58;0.581908106803894;0.14;0.14846095442771912;0.24;0.2373671978712082
0.1;0.11743497848510742;0.64;0.5949358344078064;0.3;0.3117831349372864
0.46;0.46800848841667175;0.22;0.21033664047718048;0.42;0.42285269498825073
0.4;0.4208781123161316;0.28;0.2549035847187042;0.12;0.12926320731639862
0.44;0.43826058506965637;0.32;0.32076677680015564;0.26;0.25261038541793823
0.62;0.6189060211181641;0.18;0.19596554338932037;0.28;0.2770818769931793
0.16;0.17910778522491455;0.4;0.3997249901294708;0.12;0.12202831357717514
0.26;0.24566973745822906;0.26;0.25090882182121277;0.46;0.45456066727638245
0.3;0.29881277680397034;0.3;0.2912938594818115;0.26;0.26429590582847595
0.16;0.15817378461360931;0.4;0.42192161083221436;0.16;0.1533505618572235
0.36;0.3597426414489746;0.46;0.4602483808994293;0.46;0.45985546708106995
0.42;0.41891369223594666;0.32;0.322202205657959;0.4;0.40574678778648376
0.3;0.29124537110328674;0.1;0.10321082174777985;0.24;0.22568783164024353
0.5;0.48248252272605896;0.3;0.31936559081077576;0.48;0.46111536026000977
0.62;0.6175447106361389;0.36;0.34273818135261536;0.28;0.28478723764419556
0.18;0.1916300505399704;0.7;0.7085707187652588;0.12;0.11729390919208527
0.22;0.22291243076324463;0.74;0.7337723970413208;0.16;0.1635545939207077
0.42;0.4189717173576355;0.56;0.539307713508606;0.32;0.3178512752056122
0.6;0.6017218828201294;0.12;0.13419422507286072;0.5;0.4634780287742615
0.16;0.15997274219989777;0.38;0.40931907296180725;0.5;0.4861733913421631
0.46;0.4619497060775757;0.52;0.495191752910614;0.16;0.16113631427288055
0.2;0.19912084937095642;0.28;0.3024018406867981;0.38;0.3814280033111572
0.22;0.2192309945821762;0.28;0.29728928208351135;0.26;0.2554687559604645
0.64;0.6375957131385803;0.12;0.11407630890607834;0.1;0.10265715420246124
0.48;0.46072590351104736;0.18;0.17562545835971832;0.46;0.4537528455257416
0.54;0.5342733263969421;0.4;0.403443843126297;0.36;0.35605189204216003
0.74;0.7460203766822815;0.18;0.1831832230091095;0.18;0.18118175864219666
0.28;0.2813986539840698;0.5;0.4992733597755432;0.24;0.2417546957731247
0.48;0.4847019612789154;0.46;0.479308545589447;0.16;0.1592291295528412
0.32;0.3183194696903229;0.3;0.3020098805427551;0.28;0.2754978537559509
0.26;0.2647978961467743;0.58;0.5935481190681458;0.36;0.3576255440711975
0.46;0.47741103172302246;0.36;0.3340522348880768;0.22;0.22917604446411133
0.12;0.12147723883390427;0.72;0.71346515417099;0.42;0.4171910285949707
0.14;0.1397639364004135;0.76;0.7571684122085571;0.1;0.10100994259119034
0.3;0.29260674118995667;0.32;0.3185722827911377;0.34;0.3345145285129547
0.5;0.49908560514450073;0.26;0.274142324924469;0.12;0.11506346613168716
0.1;0.13224834203720093;0.66;0.5992566347122192;0.18;0.2003784477710724
0.68;0.6735938191413879;0.24;0.25278761982917786;0.26;0.25513017177581787
0.14;0.1457219123840332;0.58;0.5865018963813782;0.5;0.4969712197780609
0.5;0.49510839581489563;0.28;0.29178541898727417;0.36;0.35041871666908264
0.36;0.3608681857585907;0.36;0.3518068790435791;0.46;0.4646030366420746
0.38;0.3725243806838989;0.26;0.27069076895713806;0.5;0.49374666810035706
0.64;0.6525581479072571;0.22;0.206545889377594;0.2;0.2108772099018097
0.14;0.17983759939670563;0.1;0.10495790839195251;0.26;0.24954894185066223
0.1;0.10239566117525101;0.34;0.3331550359725952;0.24;0.2423393279314041
0.8;0.799871563911438;0.14;0.15026670694351196;0.12;0.12796784937381744
0.1;0.1078592985868454;0.24;0.23673292994499207;0.36;0.3651963174343109
0.22;0.2172183245420456;0.12;0.12473189830780029;0.44;0.4464244842529297
0.3;0.3020741939544678;0.4;0.39917850494384766;0.22;0.2291785031557083
0.3;0.3011799156665802;0.46;0.4631405770778656;0.18;0.1818317472934723
0.34;0.34052565693855286;0.1;0.11181668937206268;0.3;0.2975960373878479
0.3;0.29897794127464294;0.12;0.11853435635566711;0.12;0.11634327471256256
0.44;0.43877971172332764;0.32;0.32552415132522583;0.44;0.43596261739730835
0.18;0.18402189016342163;0.3;0.32515907287597656;0.14;0.138920396566391
0.18;0.17742453515529633;0.12;0.1301497220993042;0.5;0.47442007064819336
0.54;0.5457304120063782;0.14;0.12878482043743134;0.14;0.14049771428108215
0.56;0.5500776767730713;0.28;0.294018030166626;0.18;0.1838795393705368
0.28;0.28052446246147156;0.7;0.6816239356994629;0.22;0.21929991245269775
0.44;0.4427117705345154;0.38;0.37946465611457825;0.46;0.4577505588531494
0.68;0.6788706183433533;0.14;0.13824725151062012;0.12;0.12266211211681366
0.34;0.3492663502693176;0.46;0.45212337374687195;0.4;0.3988116383552551
0.54;0.5500659346580505;0.34;0.3452819883823395;0.4;0.39559563994407654
0.12;0.11735951155424118;0.5;0.5238969326019287;0.18;0.1730470359325409
0.4;0.4048435688018799;0.48;0.48085206747055054;0.42;0.41986560821533203
0.16;0.16891932487487793;0.52;0.5027055740356445;0.46;0.47055092453956604
0.22;0.21588359773159027;0.18;0.18327468633651733;0.26;0.2585115432739258
0.6;0.5776682496070862;0.24;0.23651057481765747;0.36;0.35912927985191345
0.18;0.19278816878795624;0.48;0.41821280121803284;0.1;0.11347384750843048
0.22;0.22086863219738007;0.72;0.7507324814796448;0.5;0.5000609755516052
0.36;0.3588850796222687;0.6;0.5997219085693359;0.5;0.4998074471950531
0.52;0.5224714279174805;0.36;0.3580014109611511;0.38;0.37817901372909546
0.48;0.4526287615299225;0.12;0.13176260888576508;0.12;0.11661072820425034
0.38;0.39124011993408203;0.3;0.2894470989704132;0.16;0.1657601296901703
0.24;0.24717508256435394;0.52;0.5070410966873169;0.26;0.26837390661239624
0.46;0.44483527541160583;0.26;0.27718013525009155;0.36;0.35789865255355835
0.16;0.1656465083360672;0.56;0.5500281453132629;0.42;0.42382684350013733
0.14;0.14498260617256165;0.76;0.7532335519790649;0.24;0.24173136055469513
0.46;0.460639089345932;0.12;0.11116936057806015;0.28;0.2974274754524231
0.74;0.7240390777587891;0.14;0.15099848806858063;0.5;0.47978919744491577
0.14;0.13773362338542938;0.82;0.8250054717063904;0.1;0.10045862197875977
0.44;0.46237677335739136;0.38;0.36419162154197693;0.14;0.14782649278640747
0.38;0.39550456404685974;0.52;0.49603670835494995;0.18;0.18660447001457214
0.28;0.2904053032398224;0.54;0.5342397093772888;0.24;0.24275323748588562
0.24;0.24041466414928436;0.66;0.6479249000549316;0.36;0.36126476526260376
0.5;0.4803116023540497;0.1;0.11334472894668579;0.14;0.12974154949188232
0.16;0.15952502191066742;0.56;0.5589803457260132;0.46;0.4569941461086273
0.5;0.48811379075050354;0.38;0.40414372086524963;0.5;0.48980775475502014
0.4;0.4125401973724365;0.36;0.3690735995769501;0.18;0.1842145025730133
0.74;0.7289761304855347;0.16;0.15886962413787842;0.46;0.4625183939933777
0.1;0.1104925274848938;0.72;0.6983906030654907;0.38;0.3895982503890991
0.68;0.6923019289970398;0.22;0.2167702317237854;0.3;0.321647584438324
0.14;0.13965970277786255;0.28;0.2802876830101013;0.2;0.20534101128578186
0.3;0.3054809868335724;0.14;0.1420973688364029;0.22;0.2281297892332077
0.46;0.46345630288124084;0.22;0.200820654630661;0.14;0.13573287427425385
0.28;0.2880304157733917;0.6;0.5987904071807861;0.14;0.143410325050354
0.26;0.2714480757713318;0.1;0.11901280283927917;0.48;0.4670466482639313
0.16;0.1671452820301056;0.6;0.6153290271759033;0.16;0.16605345904827118
0.28;0.28523337841033936;0.32;0.3206288516521454;0.38;0.3714745044708252
0.58;0.5772944688796997;0.2;0.21037940680980682;0.32;0.3141323924064636
0.66;0.6493757963180542;0.16;0.1574813723564148;0.12;0.12018249183893204
0.28;0.27413210272789;0.36;0.3607099652290344;0.44;0.4416969418525696
0.5;0.44886940717697144;0.1;0.16598676145076752;0.26;0.1836332231760025
0.76;0.7290358543395996;0.2;0.1795324981212616;0.24;0.2553926110267639
0.32;0.31475719809532166;0.42;0.4242362976074219;0.1;0.10319795459508896
0.46;0.4569844901561737;0.28;0.2859156131744385;0.44;0.4446542263031006
0.58;0.5799686312675476;0.18;0.17637178301811218;0.22;0.2254195660352707
0.5;0.49211251735687256;0.26;0.24083371460437775;0.1;0.1110566258430481
0.22;0.21562981605529785;0.36;0.3637939393520355;0.16;0.16059574484825134
0.64;0.6446192860603333;0.24;0.22193701565265656;0.2;0.19908103346824646
0.28;0.28215518593788147;0.66;0.6739645004272461;0.32;0.31927311420440674
0.24;0.23878948390483856;0.14;0.15022702515125275;0.22;0.21872630715370178
0.12;0.11961939930915833;0.84;0.8259074091911316;0.48;0.4802950918674469
0.14;0.13040637969970703;0.38;0.39088377356529236;0.2;0.1994309425354004
0.34;0.34088990092277527;0.54;0.5211890935897827;0.42;0.4230334162712097
0.86;0.8572132587432861;0.12;0.11132711172103882;0.18;0.1880185306072235
0.52;0.5058530569076538;0.22;0.22104941308498383;0.32;0.29918569326400757
0.62;0.6217317581176758;0.14;0.12860876321792603;0.1;0.10946136713027954
0.24;0.24409256875514984;0.64;0.6329724192619324;0.44;0.44028371572494507
0.22;0.22464382648468018;0.16;0.15830592811107635;0.3;0.29634201526641846
0.26;0.2539231777191162;0.34;0.3416785001754761;0.42;0.425452321767807
0.42;0.42720481753349304;0.1;0.0983690544962883;0.1;0.10034801065921783
0.4;0.3994223177433014;0.36;0.3435802757740021;0.24;0.22810788452625275
0.62;0.613894522190094;0.28;0.2887285649776459;0.26;0.26096487045288086
0.3;0.2946891486644745;0.2;0.2493726909160614;0.22;0.18852750957012177
0.2;0.20261695981025696;0.48;0.5162467360496521;0.16;0.16212129592895508
0.24;0.24128256738185883;0.6;0.6028438806533813;0.1;0.09721209108829498
0.24;0.23869182169437408;0.26;0.25876593589782715;0.4;0.39454227685928345
0.22;0.2162712663412094;0.26;0.27672141790390015;0.34;0.31047311425209045
0.48;0.4841082990169525;0.44;0.44224125146865845;0.48;0.48260727524757385
0.14;0.14546670019626617;0.6;0.6049797534942627;0.16;0.16084372997283936
0.18;0.17365394532680511;0.42;0.4475891590118408;0.22;0.21349410712718964
0.8;0.804033100605011;0.16;0.16021646559238434;0.14;0.14294657111167908
0.26;0.2600802779197693;0.14;0.1441415399312973;0.14;0.13937999308109283
0.26;0.26025763154029846;0.54;0.5352455973625183;0.32;0.31913578510284424
0.54;0.5429249405860901;0.26;0.2506086230278015;0.12;0.11970455944538116
0.26;0.2580263018608093;0.66;0.6488440036773682;0.18;0.17891301214694977
0.36;0.3601159155368805;0.48;0.48195359110832214;0.46;0.46770286560058594
0.24;0.23680201172828674;0.26;0.2990521788597107;0.14;0.12688469886779785
0.26;0.263977587223053;0.2;0.19204743206501007;0.14;0.1449403464794159
0.5;0.49718084931373596;0.4;0.40017423033714294;0.12;0.12010179460048676
0.54;0.5465009212493896;0.32;0.31099867820739746;0.24;0.2464536726474762
0.52;0.5229989290237427;0.18;0.18377462029457092;0.14;0.13182005286216736
0.24;0.2423355132341385;0.68;0.7038094997406006;0.48;0.4806726574897766
0.6;0.5957414507865906;0.3;0.2944199740886688;0.32;0.31529495120048523
0.16;0.16633287072181702;0.12;0.12611159682273865;0.14;0.14516055583953857
0.16;0.1643597036600113;0.7;0.7026450634002686;0.3;0.299529492855072
0.1;0.10931708663702011;0.3;0.2768661081790924;0.12;0.12748271226882935
0.78;0.7806069254875183;0.2;0.17738458514213562;0.1;0.10172263532876968
0.26;0.26245489716529846;0.22;0.2558906376361847;0.2;0.183313250541687
0.14;0.12281986325979233;0.48;0.5085740685462952;0.12;0.11221537739038467
0.36;0.3526003360748291;0.1;0.11907384544610977;0.3;0.287984162569046
0.36;0.351849764585495;0.28;0.2392279952764511;0.1;0.14016824960708618
0.3;0.29443424940109253;0.22;0.2367607057094574;0.14;0.13321435451507568
0.54;0.5444155335426331;0.28;0.26202458143234253;0.34;0.3470219373703003
0.24;0.24064193665981293;0.74;0.720899224281311;0.18;0.18156084418296814
0.34;0.3429000973701477;0.5;0.4952549934387207;0.2;0.20207782089710236
0.56;0.5606800317764282;0.4;0.40272706747055054;0.32;0.32514774799346924
0.84;0.8371967673301697;0.12;0.12302941083908081;0.14;0.14193466305732727
0.74;0.7424546480178833;0.14;0.14235129952430725;0.14;0.14442561566829681
0.4;0.39183714985847473;0.24;0.2398839145898819;0.34;0.3443213105201721
0.24;0.24319934844970703;0.5;0.5020880103111267;0.28;0.28276583552360535
0.62;0.6156988143920898;0.18;0.18125484883785248;0.36;0.35232779383659363
0.34;0.3511294424533844;0.38;0.3395986258983612;0.1;0.1072905883193016
0.3;0.30140069127082825;0.32;0.32235100865364075;0.32;0.30698099732398987
0.3;0.3007529079914093;0.68;0.6586350798606873;0.3;0.30083033442497253
0.22;0.22458849847316742;0.46;0.4721006155014038;0.28;0.28423768281936646
0.52;0.5100662708282471;0.12;0.16388465464115143;0.42;0.4145965576171875
0.28;0.28047406673431396;0.24;0.2440740168094635;0.42;0.41122421622276306
0.3;0.3254668116569519;0.1;0.11545978486537933;0.48;0.4568406939506531
0.28;0.27439621090888977;0.56;0.5793031454086304;0.14;0.1437249481678009
0.24;0.23792952299118042;0.44;0.42913320660591125;0.28;0.28738823533058167
0.26;0.24623212218284607;0.34;0.34474456310272217;0.38;0.3766828179359436
0.32;0.31796109676361084;0.5;0.5027725100517273;0.36;0.35911130905151367
0.74;0.7385226488113403;0.22;0.208637997508049;0.14;0.15102800726890564
0.5;0.5015464425086975;0.34;0.34983041882514954;0.28;0.27964454889297485
0.24;0.24161361157894135;0.12;0.1220836341381073;0.16;0.15443465113639832
0.38;0.3851320147514343;0.2;0.1972784548997879;0.3;0.3019412159919739
0.3;0.29531916975975037;0.16;0.15855981409549713;0.38;0.3622369170188904
0.16;0.15299704670906067;0.12;0.1168457567691803;0.34;0.3374515473842621
0.52;0.5191076993942261;0.42;0.44307294487953186;0.48;0.4793666899204254
0.46;0.46560361981391907;0.1;0.09953576326370239;0.46;0.46727848052978516
0.22;0.22304506599903107;0.28;0.2715141773223877;0.44;0.44485634565353394
0.38;0.3823445439338684;0.6;0.5735328197479248;0.48;0.4812093675136566
0.14;0.15603943169116974;0.16;0.1447628289461136;0.26;0.2632715702056885
0.54;0.5475148558616638;0.22;0.21934956312179565;0.36;0.3873152732849121
0.2;0.20122864842414856;0.4;0.3993948996067047;0.4;0.38955122232437134
0.16;0.16753920912742615;0.12;0.12641070783138275;0.5;0.47451743483543396
0.6;0.5896134376525879;0.16;0.16932837665081024;0.48;0.47047215700149536
0.1;0.11046313494443893;0.12;0.1276608407497406;0.46;0.4482594132423401
0.12;0.12799236178398132;0.76;0.7492990493774414;0.1;0.10418371856212616
0.2;0.19823488593101501;0.32;0.3319392204284668;0.24;0.23540648818016052
0.1;0.14469923079013824;0.68;0.6047453284263611;0.14;0.16919314861297607
0.1;0.11095287650823593;0.82;0.8023335337638855;0.14;0.1441250741481781
0.26;0.2606656849384308;0.7;0.7169889807701111;0.48;0.4803386628627777
0.4;0.39714980125427246;0.3;0.2878790497779846;0.24;0.2313675880432129
0.86;0.8512988090515137;0.1;0.10965761542320251;0.18;0.1849067509174347
0.42;0.4113207459449768;0.22;0.2132837176322937;0.44;0.4408899247646332
0.44;0.4346829950809479;0.44;0.440781831741333;0.42;0.4206167757511139
0.28;0.2780207097530365;0.64;0.6380503177642822;0.44;0.44021376967430115
0.5;0.501354455947876;0.34;0.3530115485191345;0.12;0.12241724878549576
0.3;0.29825887084007263;0.26;0.27491870522499084;0.16;0.15138375759124756
0.44;0.4293525516986847;0.48;0.4976617693901062;0.28;0.27867716550827026
0.62;0.6297101378440857;0.18;0.16575144231319427;0.1;0.1077290028333664
0.12;0.11749952286481857;0.34;0.34990790486335754;0.36;0.36743077635765076
0.74;0.7411484122276306;0.22;0.2350912094116211;0.5;0.49846476316452026
0.5;0.5005818009376526;0.46;0.45516642928123474;0.26;0.2668173313140869
0.5;0.4983575642108917;0.48;0.45284318923950195;0.2;0.21137356758117676
0.48;0.4793546795845032;0.42;0.4161487817764282;0.48;0.483336865901947
0.18;0.17270539700984955;0.28;0.30284881591796875;0.4;0.3913865089416504
0.36;0.3619302213191986;0.3;0.2969876527786255;0.36;0.36317700147628784
0.32;0.3391619324684143;0.6;0.5843951106071472;0.14;0.14484405517578125
0.18;0.18518933653831482;0.7;0.6899788975715637;0.22;0.21964970231056213
0.78;0.7853038311004639;0.12;0.1309526413679123;0.18;0.1862083226442337
0.46;0.4537159204483032;0.1;0.10029691457748413;0.14;0.14036943018436432
0.56;0.5744809508323669;0.36;0.3645414113998413;0.1;0.10557074844837189
0.5;0.48281043767929077;0.26;0.27387598156929016;0.36;0.35009080171585083
0.7;0.6920515894889832;0.28;0.2479221522808075;0.4;0.40793758630752563
0.2;0.1909104287624359;0.46;0.480616956949234;0.3;0.3050994277000427
0.24;0.24494722485542297;0.6;0.6092401146888733;0.48;0.4805888235569
0.26;0.25911855697631836;0.34;0.3445528447628021;0.4;0.39973223209381104
0.18;0.17202822864055634;0.36;0.3506612777709961;0.18;0.18577107787132263
0.3;0.3089114725589752;0.24;0.2588042914867401;0.4;0.3909902572631836
0.36;0.35278400778770447;0.46;0.46799978613853455;0.18;0.18783466517925262
0.38;0.3924207389354706;0.54;0.502299964427948;0.1;0.10587546974420547
0.7;0.6720166802406311;0.28;0.25530320405960083;0.26;0.27369052171707153
0.76;0.7602897882461548;0.22;0.20146054029464722;0.38;0.37994441390037537
0.18;0.17844298481941223;0.38;0.38775962591171265;0.36;0.3530626893043518
0.28;0.2717006802558899;0.32;0.32143938541412354;0.44;0.43732088804244995
0.6;0.5902925729751587;0.32;0.3349311053752899;0.26;0.25617608428001404
0.72;0.722274661064148;0.12;0.12298080325126648;0.36;0.3632667660713196
0.32;0.31023094058036804;0.38;0.38038134574890137;0.28;0.2829580307006836
0.1;0.11534693837165833;0.52;0.4924166798591614;0.12;0.12972524762153625
0.56;0.5470906496047974;0.1;0.11570165306329727;0.36;0.35696864128112793
0.16;0.15083669126033783;0.42;0.4307156801223755;0.18;0.18743720650672913
0.74;0.7242822051048279;0.2;0.2078849971294403;0.38;0.3751797378063202
0.16;0.14836841821670532;0.4;0.4168855845928192;0.34;0.3250896632671356
0.32;0.31957384943962097;0.56;0.5501997470855713;0.38;0.3826436698436737
0.1;0.10580015927553177;0.14;0.13210713863372803;0.24;0.24445028603076935
0.26;0.25847679376602173;0.54;0.553490400314331;0.5;0.4990026354789734
0.42;0.4235796332359314;0.18;0.17098325490951538;0.48;0.4815502166748047
0.22;0.21499572694301605;0.56;0.555133044719696;0.48;0.48091715574264526
0.62;0.6145227551460266;0.22;0.21503110229969025;0.18;0.1835048943758011
0.1;0.10400848090648651;0.82;0.8173403739929199;0.24;0.24558119475841522
0.6;0.5862382650375366;0.1;0.11739952117204666;0.32;0.3013211488723755
0.68;0.6895894408226013;0.2;0.1909044086933136;0.16;0.16541120409965515
0.52;0.5144217014312744;0.4;0.415649950504303;0.5;0.4973835051059723
0.46;0.4568502604961395;0.4;0.39907869696617126;0.46;0.4613357484340668
0.4;0.39035049080848694;0.36;0.3669777512550354;0.34;0.33835119009017944
0.16;0.1610802859067917;0.44;0.438201904296875;0.46;0.4621862769126892
0.2;0.20711709558963776;0.7;0.6719984412193298;0.18;0.17983809113502502
0.64;0.6496787071228027;0.26;0.2538537383079529;0.22;0.22369734942913055
0.16;0.16132110357284546;0.68;0.6918588280677795;0.26;0.26387396454811096
0.38;0.38083285093307495;0.58;0.5876707434654236;0.46;0.4604136347770691
0.18;0.16945526003837585;0.52;0.5160688757896423;0.46;0.45734626054763794
0.62;0.6243366599082947;0.3;0.31340885162353516;0.48;0.4781918525695801
0.36;0.3580206334590912;0.28;0.2797580063343048;0.28;0.30413612723350525
0.26;0.2598603665828705;0.7;0.7160649299621582;0.18;0.17850907146930695
0.46;0.46657654643058777;0.14;0.13369444012641907;0.3;0.33503392338752747
0.36;0.362068772315979;0.44;0.4341598451137543;0.3;0.30841144919395447
0.2;0.19824373722076416;0.18;0.18113979697227478;0.22;0.2106318473815918
0.68;0.6827966570854187;0.24;0.24500636756420135;0.44;0.4393799304962158
0.26;0.2626970410346985;0.3;0.28963029384613037;0.36;0.3638802468776703
0.62;0.6233725547790527;0.12;0.12198673188686371;0.22;0.22233633697032928
0.64;0.638680100440979;0.18;0.20237977802753448;0.3;0.2997461259365082
0.16;0.16395355761051178;0.7;0.6837692856788635;0.42;0.4222635328769684
0.1;0.11341021209955215;0.44;0.42763808369636536;0.32;0.31489938497543335
0.16;0.15280982851982117;0.2;0.19695042073726654;0.4;0.3997301459312439
0.68;0.6812025308609009;0.14;0.12518446147441864;0.1;0.10785241425037384
0.34;0.33431825041770935;0.58;0.5879361033439636;0.16;0.15958693623542786
0.38;0.37039437890052795;0.1;0.13810740411281586;0.48;0.39856553077697754
0.14;0.15052177011966705;0.3;0.3008604645729065;0.48;0.4799860119819641
0.42;0.4211747646331787;0.34;0.3387266993522644;0.44;0.43610477447509766
0.68;0.6828736662864685;0.26;0.27477073669433594;0.12;0.12516263127326965
0.14;0.13859716057777405;0.18;0.1936216503381729;0.14;0.13616737723350525
0.18;0.19664934277534485;0.1;0.10459496825933456;0.48;0.4698166251182556
0.32;0.3400965929031372;0.64;0.6251175999641418;0.14;0.1503894180059433
0.72;0.7144551873207092;0.24;0.23926721513271332;0.46;0.46802932024002075
0.82;0.8253445029258728;0.12;0.1351984441280365;0.28;0.28080055117607117
0.22;0.2356310933828354;0.22;0.2168075442314148;0.38;0.3870323598384857
0.32;0.32131633162498474;0.62;0.6294434666633606;0.16;0.16172024607658386
0.18;0.1699925661087036;0.5;0.5376030802726746;0.44;0.4312616288661957
0.14;0.14128242433071136;0.2;0.19401679933071136;0.48;0.48529738187789917
0.46;0.46055498719215393;0.26;0.2372724562883377;0.26;0.26508551836013794
0.16;0.1536741703748703;0.26;0.2539222240447998;0.2;0.20784254372119904
0.38;0.38238444924354553;0.58;0.5735940933227539;0.48;0.481038898229599
0.26;0.27372944355010986;0.46;0.45878347754478455;0.1;0.10084700584411621
0.18;0.1757614016532898;0.58;0.5848658680915833;0.22;0.224430650472641
0.42;0.4289742112159729;0.14;0.12945552170276642;0.26;0.2545775771141052
0.18;0.1824396401643753;0.7;0.6927926540374756;0.48;0.481364905834198
0.2;0.206113800406456;0.24;0.23918737471103668;0.4;0.38855841755867004
0.42;0.4184984862804413;0.4;0.40173226594924927;0.26;0.25525808334350586
0.32;0.317084938287735;0.14;0.13616245985031128;0.38;0.372900128364563
0.5;0.48604217171669006;0.14;0.16142992675304413;0.46;0.43420544266700745
0.56;0.5704469084739685;0.12;0.12326166033744812;0.32;0.3324071764945984
0.12;0.12791185081005096;0.26;0.2701852321624756;0.4;0.38674798607826233
0.36;0.34877488017082214;0.36;0.3528500199317932;0.16;0.15571799874305725
0.76;0.7592414617538452;0.1;0.10892342031002045;0.2;0.19599206745624542
0.58;0.5732510685920715;0.12;0.1289438009262085;0.12;0.11706818640232086
0.74;0.7342655658721924;0.16;0.15304693579673767;0.28;0.27789902687072754
0.18;0.1787184774875641;0.8;0.7773439884185791;0.22;0.22448793053627014
0.6;0.5940249562263489;0.16;0.15750135481357574;0.32;0.33260172605514526
0.46;0.44027385115623474;0.2;0.2113829255104065;0.5;0.48652929067611694
0.24;0.2384433001279831;0.68;0.6850025653839111;0.22;0.2191188633441925
0.24;0.22579877078533173;0.1;0.10699166357517242;0.16;0.15163828432559967
0.72;0.7197991013526917;0.16;0.1586504876613617;0.28;0.27871641516685486
0.5;0.49914097785949707;0.36;0.36838001012802124;0.22;0.22767166793346405
0.14;0.131666362285614;0.26;0.25369200110435486;0.44;0.4454873204231262
0.42;0.4107605516910553;0.28;0.28152477741241455;0.26;0.2537612318992615
0.28;0.27610617876052856;0.14;0.1624055802822113;0.36;0.35843074321746826
0.22;0.20590633153915405;0.16;0.1606193333864212;0.36;0.3439861536026001
0.32;0.3075628876686096;0.6;0.6109817624092102;0.28;0.28178590536117554
0.36;0.35629603266716003;0.62;0.6022079586982727;0.1;0.09864068776369095
0.28;0.2864925265312195;0.64;0.65059494972229;0.14;0.13998183608055115
0.34;0.35907626152038574;0.44;0.43338286876678467;0.12;0.12468566000461578
0.1;0.10375145077705383;0.18;0.18185406923294067;0.38;0.37421661615371704
0.48;0.47954750061035156;0.2;0.20184698700904846;0.2;0.21429648995399475
0.72;0.7290995717048645;0.22;0.24156628549098969;0.2;0.2026839703321457
0.4;0.3987683057785034;0.58;0.5702124238014221;0.16;0.15931984782218933
0.2;0.20041869580745697;0.18;0.18423371016979218;0.4;0.41396838426589966
0.24;0.23750364780426025;0.5;0.504722535610199;0.5;0.492713987827301
0.42;0.4228309094905853;0.12;0.11638230830430984;0.3;0.31228572130203247
0.24;0.2379177212715149;0.62;0.6209550499916077;0.24;0.23794052004814148
0.1;0.10372921824455261;0.82;0.7993646264076233;0.12;0.12411980330944061
0.1;0.10386539250612259;0.82;0.8173472881317139;0.18;0.17830348014831543
0.3;0.30438366532325745;0.16;0.16377219557762146;0.2;0.21464332938194275
0.22;0.2189716100692749;0.3;0.3072143793106079;0.34;0.3417358100414276
0.48;0.4857344329357147;0.12;0.12270685285329819;0.1;0.10191193968057632
0.3;0.3047623932361603;0.14;0.1276090443134308;0.1;0.10615108162164688
0.78;0.7731853723526001;0.12;0.11430733650922775;0.2;0.20413753390312195
0.48;0.46017706394195557;0.38;0.3824194073677063;0.36;0.3538604974746704
0.36;0.34705135226249695;0.34;0.3345082402229309;0.32;0.32749927043914795
0.44;0.42823493480682373;0.1;0.10295974463224411;0.32;0.31714051961898804
0.66;0.6633461713790894;0.2;0.19625496864318848;0.38;0.3800918459892273
0.2;0.20101326704025269;0.54;0.5356637239456177;0.36;0.3611671030521393
0.56;0.5605147480964661;0.38;0.390656054019928;0.22;0.22127409279346466
0.26;0.261508584022522;0.68;0.6684950590133667;0.2;0.20113292336463928
0.38;0.40715405344963074;0.36;0.3204399347305298;0.1;0.11413785070180893
0.26;0.2737225294113159;0.56;0.5500088334083557;0.1;0.10214276611804962
0.1;0.11998892575502396;0.72;0.691429853439331;0.26;0.2748926281929016
0.6;0.5864453315734863;0.28;0.28410804271698;0.34;0.3290611207485199
0.58;0.5857676863670349;0.28;0.2711905241012573;0.36;0.36908793449401855
0.54;0.5447453856468201;0.14;0.13657356798648834;0.12;0.12068088352680206
0.44;0.44537705183029175;0.24;0.24800905585289001;0.3;0.2936084270477295
0.1;0.1162114217877388;0.5;0.4505334794521332;0.2;0.22166457772254944
0.18;0.17551372945308685;0.34;0.3292803466320038;0.34;0.3347775638103485
0.38;0.3730659484863281;0.36;0.36687853932380676;0.48;0.4713878035545349
0.24;0.23263074457645416;0.68;0.6700621247291565;0.1;0.09997878968715668
0.26;0.2605231702327728;0.54;0.5333565473556519;0.22;0.22333388030529022
0.14;0.14548777043819427;0.52;0.5261317491531372;0.28;0.29386940598487854
0.18;0.171221062541008;0.1;0.10510992258787155;0.4;0.39563626050949097
0.42;0.41629645228385925;0.28;0.29186657071113586;0.5;0.49472150206565857
0.68;0.6850361227989197;0.14;0.13636435568332672;0.26;0.259578138589859
0.48;0.4790599048137665;0.44;0.451693594455719;0.28;0.28399816155433655
0.6;0.5971845984458923;0.38;0.3677799701690674;0.46;0.45948857069015503
0.36;0.3674960732460022;0.24;0.23674924671649933;0.38;0.39086705446243286
0.22;0.21989911794662476;0.16;0.16224561631679535;0.16;0.15606074035167694
0.36;0.3542402386665344;0.48;0.47579723596572876;0.26;0.25930628180503845
0.32;0.3221541941165924;0.12;0.11928876489400864;0.16;0.16242805123329163
0.48;0.4780622124671936;0.16;0.1450457125902176;0.42;0.4180012345314026
0.18;0.1878410130739212;0.2;0.21075627207756042;0.28;0.28194522857666016
0.36;0.3611264228820801;0.26;0.26356539130210876;0.46;0.456085741519928
0.14;0.14642608165740967;0.68;0.6824479103088379;0.34;0.342162549495697
0.32;0.3214923143386841;0.42;0.4195704758167267;0.4;0.4003234803676605
0.16;0.15409962832927704;0.32;0.3167184293270111;0.12;0.11820714175701141
0.1;0.1075097993016243;0.32;0.31501686573028564;0.42;0.4236573576927185
0.24;0.20592543482780457;0.24;0.2965662181377411;0.3;0.2591704726219177
0.16;0.1562778204679489;0.38;0.3895939290523529;0.44;0.43538445234298706
0.34;0.3466598689556122;0.4;0.3959586024284363;0.12;0.12576869130134583
0.58;0.5802258849143982;0.12;0.12799812853336334;0.5;0.47561144828796387
0.3;0.3085649013519287;0.14;0.18057945370674133;0.34;0.33997994661331177
0.32;0.31695234775543213;0.5;0.5026569366455078;0.5;0.4969399571418762
0.42;0.4274918735027313;0.32;0.29977595806121826;0.28;0.28618505597114563
0.44;0.43733590841293335;0.34;0.3431191146373749;0.3;0.30638033151626587
0.32;0.31679683923721313;0.54;0.538568377494812;0.18;0.18105918169021606
0.76;0.7484051585197449;0.2;0.2007671445608139;0.18;0.18006275594234467
0.24;0.23963256180286407;0.58;0.5834939479827881;0.36;0.3589206337928772
0.22;0.21394407749176025;0.12;0.11633474379777908;0.2;0.20341472327709198
0.34;0.35120517015457153;0.26;0.25868871808052063;0.16;0.16024363040924072
0.26;0.26875758171081543;0.2;0.19562064111232758;0.22;0.2200409471988678
0.38;0.38725319504737854;0.2;0.19758667051792145;0.2;0.20604117214679718
0.46;0.4528743028640747;0.3;0.33012253046035767;0.28;0.27717962861061096
0.54;0.5402807593345642;0.18;0.18291130661964417;0.14;0.1416894495487213
0.1;0.108708456158638;0.34;0.3398435711860657;0.28;0.2919120788574219
0.26;0.2661345303058624;0.12;0.12040340155363083;0.14;0.15109816193580627
0.2;0.20003274083137512;0.76;0.7735348343849182;0.38;0.3800120949745178
0.24;0.24635100364685059;0.38;0.392707496881485;0.4;0.40172767639160156
0.42;0.42973002791404724;0.12;0.12034732103347778;0.22;0.2222844660282135
0.4;0.41357436776161194;0.24;0.21994812786579132;0.16;0.17620375752449036
0.24;0.24313445389270782;0.12;0.12102439999580383;0.38;0.3691979646682739
0.16;0.1421595811843872;0.54;0.5703005194664001;0.2;0.1885284036397934
0.2;0.20215067267417908;0.74;0.7535001635551453;0.2;0.19875404238700867
0.76;0.7555948495864868;0.16;0.16161364316940308;0.44;0.43843603134155273
0.16;0.178883358836174;0.16;0.14375515282154083;0.1;0.11166758835315704
0.28;0.2822124660015106;0.58;0.5704190135002136;0.48;0.4845932126045227
0.54;0.5362854599952698;0.42;0.4271872937679291;0.16;0.15860116481781006
0.42;0.42020124197006226;0.2;0.1905450075864792;0.46;0.4677283763885498
0.2;0.20287147164344788;0.16;0.16690891981124878;0.44;0.4495541453361511
0.32;0.32466772198677063;0.2;0.2370896339416504;0.28;0.2608371078968048
0.88;0.851972222328186;0.1;0.10425781458616257;0.1;0.11161120980978012
0.24;0.24059058725833893;0.6;0.6017171144485474;0.28;0.27984172105789185
0.24;0.2522236108779907;0.12;0.12950046360492706;0.5;0.4823928475379944
0.6;0.5888670086860657;0.3;0.29936838150024414;0.5;0.4956977367401123
0.6;0.6036129593849182;0.18;0.1791428178548813;0.3;0.30569353699684143
0.54;0.5448131561279297;0.12;0.12973210215568542;0.32;0.3314933180809021
0.48;0.4958018362522125;0.34;0.32855135202407837;0.3;0.30822283029556274
0.16;0.17070873081684113;0.1;0.10326084494590759;0.34;0.3185345530509949
0.32;0.3101675510406494;0.24;0.256142795085907;0.14;0.13626861572265625
0.52;0.5219438672065735;0.34;0.3371787965297699;0.1;0.10272689908742905
0.12;0.11584601551294327;0.28;0.2890305519104004;0.18;0.18006053566932678
0.14;0.14424222707748413;0.3;0.31598228216171265;0.18;0.17877569794654846
0.3;0.2975532114505768;0.64;0.6513397693634033;0.16;0.16089677810668945
0.26;0.2554212212562561;0.28;0.30368921160697937;0.18;0.1768474280834198
0.38;0.37625357508659363;0.58;0.5823684334754944;0.2;0.20004281401634216
0.16;0.16218990087509155;0.38;0.36433181166648865;0.3;0.29443782567977905
0.26;0.25226762890815735;0.56;0.5613073706626892;0.12;0.12212727218866348
0.3;0.30686989426612854;0.3;0.29790371656417847;0.32;0.31385472416877747
0.16;0.1548830270767212;0.3;0.3046322762966156;0.3;0.30908435583114624
0.14;0.14274732768535614;0.58;0.5786993503570557;0.2;0.19855917990207672
0.62;0.6121616363525391;0.12;0.12657473981380463;0.46;0.44956737756729126
0.3;0.30715665221214294;0.5;0.4983770549297333;0.32;0.31989437341690063
0.14;0.14422725141048431;0.18;0.16665585339069366;0.2;0.20758195221424103
0.5;0.5040632486343384;0.42;0.4143056869506836;0.28;0.28674158453941345
0.78;0.7926890254020691;0.14;0.13591615855693817;0.1;0.11128105223178864
0.3;0.30702438950538635;0.38;0.37820103764533997;0.4;0.4040795862674713
0.1;0.13536742329597473;0.56;0.5136919021606445;0.32;0.3680352568626404
0.22;0.2220248132944107;0.38;0.3871007561683655;0.12;0.12469134479761124
0.26;0.269086629152298;0.34;0.32745710015296936;0.1;0.11031059175729752
0.24;0.21939896047115326;0.22;0.25754836201667786;0.44;0.40734177827835083
0.24;0.24797511100769043;0.6;0.6029818654060364;0.32;0.3197270333766937
0.34;0.3331710696220398;0.38;0.3913293778896332;0.22;0.22167997062206268
0.54;0.5339511632919312;0.44;0.4191991686820984;0.26;0.2615976333618164
0.18;0.16879573464393616;0.62;0.6264720559120178;0.5;0.49891719222068787
0.32;0.33395272493362427;0.3;0.28689074516296387;0.1;0.10722313076257706
0.16;0.16313542425632477;0.22;0.2108614593744278;0.16;0.16040422022342682
0.6;0.5896018147468567;0.24;0.25804710388183594;0.5;0.4945758283138275
0.46;0.44982796907424927;0.16;0.15330202877521515;0.32;0.34073466062545776
0.28;0.2787664830684662;0.34;0.3425845503807068;0.4;0.3927091360092163
0.64;0.6421253085136414;0.12;0.1292155683040619;0.18;0.18660929799079895
0.12;0.1229826956987381;0.8;0.8012776374816895;0.3;0.298043817281723
0.62;0.6217057704925537;0.34;0.3605876564979553;0.48;0.48258209228515625
0.68;0.6806140542030334;0.16;0.14067316055297852;0.1;0.11365072429180145
0.32;0.33732399344444275;0.46;0.4416889250278473;0.14;0.1423700600862503
0.5;0.5084663033485413;0.16;0.1627320498228073;0.2;0.19365213811397552
0.56;0.5579611659049988;0.2;0.18655188381671906;0.16;0.16504648327827454
0.1;0.10387933999300003;0.26;0.2654781937599182;0.42;0.427995502948761
0.58;0.5639108419418335;0.18;0.171269953250885;0.2;0.1976529061794281
0.38;0.3921206593513489;0.5;0.45582422614097595;0.18;0.18729546666145325
0.36;0.3450447618961334;0.56;0.5784560441970825;0.18;0.1737566441297531
0.32;0.32735171914100647;0.38;0.3691934645175934;0.16;0.177181676030159
0.16;0.16547025740146637;0.26;0.2675185799598694;0.38;0.38471144437789917
0.1;0.11972564458847046;0.5;0.4598507285118103;0.24;0.25558575987815857
0.46;0.4643925428390503;0.22;0.2123449742794037;0.1;0.10448603332042694
0.2;0.19857680797576904;0.22;0.22486521303653717;0.42;0.424909770488739
0.56;0.5700402855873108;0.24;0.22754183411598206;0.4;0.40304213762283325
0.28;0.2787637412548065;0.48;0.4819450080394745;0.18;0.18136993050575256
0.4;0.4139135181903839;0.44;0.41835227608680725;0.1;0.10010506957769394
0.12;0.11897873133420944;0.82;0.8191000819206238;0.12;0.11982806771993637
0.82;0.8235440254211426;0.12;0.12464676052331924;0.1;0.10338840633630753
0.22;0.22337606549263;0.2;0.18674032390117645;0.1;0.1027078777551651
0.12;0.13105259835720062;0.68;0.6467835307121277;0.1;0.10486644506454468
0.16;0.15777923166751862;0.46;0.4572203755378723;0.48;0.4739605784416199
0.3;0.29867494106292725;0.34;0.3500734269618988;0.3;0.3130492568016052
0.16;0.1750720590353012;0.1;0.10963237285614014;0.5;0.46694913506507874
0.76;0.7610722184181213;0.22;0.19819830358028412;0.36;0.3593820333480835
0.7;0.6802269220352173;0.14;0.14493919909000397;0.44;0.426705539226532
0.42;0.42792052030563354;0.1;0.11575591564178467;0.18;0.15856865048408508
0.5;0.4893466532230377;0.34;0.3577064573764801;0.18;0.1738336831331253
0.12;0.11019564419984818;0.48;0.49365612864494324;0.18;0.17194890975952148
0.14;0.1363305300474167;0.76;0.7662261128425598;0.38;0.3798469007015228
0.18;0.18771612644195557;0.2;0.20749764144420624;0.22;0.22213420271873474
0.36;0.36332547664642334;0.3;0.3018767833709717;0.44;0.4327712953090668
0.1;0.10489010065793991;0.62;0.6058555841445923;0.4;0.4124065339565277
0.36;0.3611285388469696;0.42;0.40810638666152954;0.28;0.2823558449745178
0.2;0.20520465075969696;0.22;0.22524233162403107;0.2;0.19369760155677795
0.18;0.18161815404891968;0.58;0.5810889601707458;0.48;0.47867244482040405
0.7;0.6977818608283997;0.2;0.20523227751255035;0.26;0.25995081663131714
0.24;0.24949964880943298;0.14;0.13784800469875336;0.34;0.3409090042114258
0.82;0.8206192851066589;0.16;0.13842405378818512;0.12;0.1268940418958664
0.34;0.34282657504081726;0.54;0.538617730140686;0.3;0.3029060363769531
0.64;0.6434059143066406;0.22;0.2395697981119156;0.14;0.1412191540002823
0.18;0.1835990846157074;0.74;0.7426964044570923;0.3;0.30234065651893616
0.56;0.5497153997421265;0.22;0.22227342426776886;0.44;0.4353639483451843
0.32;0.33519741892814636;0.62;0.6119338274002075;0.14;0.15019431710243225
0.32;0.3191045820713043;0.36;0.3456764817237854;0.32;0.3163567781448364
0.58;0.5778794884681702;0.24;0.24155734479427338;0.3;0.2985806465148926
0.44;0.43426233530044556;0.54;0.5215743780136108;0.24;0.23765960335731506
0.3;0.29398664832115173;0.54;0.5312771797180176;0.4;0.3998522162437439
0.52;0.521644651889801;0.28;0.2870112955570221;0.3;0.2939884066581726
0.68;0.6809130311012268;0.2;0.1898810714483261;0.24;0.24691124260425568
0.28;0.2837822437286377;0.44;0.4377285838127136;0.38;0.38430339097976685
0.14;0.15136779844760895;0.3;0.29250696301460266;0.1;0.10485094785690308
0.22;0.21724563837051392;0.58;0.5723595023155212;0.32;0.3219684660434723
0.26;0.24954462051391602;0.4;0.4158037304878235;0.32;0.3210158348083496
0.5;0.5058891177177429;0.28;0.27739039063453674;0.28;0.2806151509284973
0.14;0.14951388537883759;0.16;0.15880584716796875;0.38;0.380292683839798
0.2;0.2153550386428833;0.6;0.597711443901062;0.16;0.17039111256599426
0.12;0.12144045531749725;0.26;0.2616278827190399;0.48;0.4780600070953369
0.56;0.5653244853019714;0.38;0.3959123492240906;0.42;0.4170146882534027
0.42;0.42383208870887756;0.12;0.12225562334060669;0.2;0.20539109408855438
0.14;0.1997784823179245;0.16;0.1623329520225525;0.5;0.47999390959739685
0.3;0.2964003384113312;0.68;0.648270845413208;0.42;0.42185401916503906
0.1;0.10065995156764984;0.86;0.8552038073539734;0.2;0.19953283667564392
0.12;0.11149207502603531;0.1;0.10149415582418442;0.22;0.2036728411912918
0.52;0.5055601000785828;0.26;0.27706122398376465;0.5;0.47480469942092896
0.6;0.6002931594848633;0.14;0.1435752511024475;0.12;0.1141594648361206
0.8;0.7949368357658386;0.1;0.10805008560419083;0.26;0.24743545055389404
0.18;0.18155471980571747;0.1;0.11435070633888245;0.12;0.1083415150642395
0.12;0.12272128462791443;0.16;0.16666147112846375;0.3;0.3002607226371765
0.24;0.2433905452489853;0.34;0.31307780742645264;0.22;0.22659501433372498
0.22;0.2215023636817932;0.74;0.743139386177063;0.22;0.22002506256103516
0.38;0.37797605991363525;0.38;0.37979599833488464;0.28;0.29435479640960693
0.24;0.23736222088336945;0.1;0.10539572685956955;0.26;0.25058579444885254
0.46;0.47207286953926086;0.36;0.34746894240379333;0.3;0.3056468963623047
0.1;0.11027314513921738;0.1;0.1215607300400734;0.16;0.13546667993068695
0.44;0.43523308634757996;0.1;0.10917652398347855;0.2;0.19894000887870789
0.62;0.625235915184021;0.22;0.22318407893180847;0.42;0.41757822036743164
0.44;0.4413459002971649;0.34;0.33529919385910034;0.46;0.46859341859817505
0.16;0.15030966699123383;0.52;0.5404272079467773;0.5;0.4935239851474762
0.22;0.21013112366199493;0.28;0.34653371572494507;0.22;0.20674677193164825
0.1;0.10852798819541931;0.62;0.586713433265686;0.36;0.3705747127532959
0.24;0.24090318381786346;0.68;0.6689951419830322;0.14;0.13893988728523254
0.2;0.1918351799249649;0.28;0.3001832067966461;0.42;0.4050821363925934
0.7;0.6973551511764526;0.22;0.23310592770576477;0.48;0.4754177927970886
0.22;0.22324597835540771;0.54;0.536149799823761;0.18;0.18012431263923645
0.44;0.4345778524875641;0.16;0.15581339597702026;0.36;0.35561296343803406
0.64;0.6414427161216736;0.28;0.2728823721408844;0.14;0.14617368578910828
0.1;0.09890513122081757;0.1;0.10749581456184387;0.28;0.26401981711387634
0.34;0.3416259288787842;0.12;0.11466913670301437;0.28;0.2805870473384857
0.42;0.42581459879875183;0.28;0.28113263845443726;0.16;0.1631586104631424
0.28;0.28085777163505554;0.58;0.586076021194458;0.14;0.14485783874988556
0.44;0.4418969750404358;0.42;0.41270819306373596;0.34;0.3398301601409912
0.2;0.1963374763727188;0.16;0.14803539216518402;0.14;0.14723971486091614
0.3;0.2991895079612732;0.3;0.2911335825920105;0.44;0.44248026609420776
0.44;0.4459112584590912;0.48;0.4843893051147461;0.42;0.4247111678123474
0.1;0.1325491964817047;0.58;0.5125465989112854;0.32;0.36506733298301697
0.48;0.48964646458625793;0.46;0.46568888425827026;0.42;0.4233536720275879
0.34;0.34303978085517883;0.48;0.47215431928634644;0.4;0.3996717631816864
0.22;0.2182198166847229;0.72;0.7281248569488525;0.16;0.16293326020240784
0.48;0.47517576813697815;0.16;0.15946708619594574;0.24;0.24334779381752014
0.24;0.240520179271698;0.64;0.6463788151741028;0.14;0.1400485783815384
0.28;0.27720287442207336;0.52;0.5284333229064941;0.26;0.26001405715942383
0.34;0.33939313888549805;0.4;0.4017820954322815;0.26;0.26753854751586914
0.56;0.5583328008651733;0.4;0.40796682238578796;0.3;0.3039090633392334
0.16;0.1667233258485794;0.18;0.17109714448451996;0.36;0.35904762148857117
0.52;0.5159593224525452;0.12;0.14778099954128265;0.22;0.18898886442184448
0.4;0.40625840425491333;0.54;0.5414114594459534;0.22;0.22266975045204163
0.1;0.10404140502214432;0.18;0.17650124430656433;0.18;0.17141029238700867
0.76;0.7671582102775574;0.14;0.13556383550167084;0.14;0.1463581621646881
0.18;0.17916788160800934;0.26;0.25002092123031616;0.24;0.24361538887023926
0.38;0.385920912027359;0.48;0.47267210483551025;0.32;0.3256165087223053
0.1;0.1095249205827713;0.44;0.4228440523147583;0.38;0.3877750635147095
0.38;0.370279997587204;0.28;0.2613506019115448;0.12;0.12111549079418182
0.12;0.12031231075525284;0.44;0.4409903287887573;0.3;0.2992318272590637
0.1;0.11820518225431442;0.18;0.20563378930091858;0.5;0.4629332423210144
0.48;0.48404282331466675;0.18;0.1794782429933548;0.1;0.10543078184127808
0.54;0.5405208468437195;0.18;0.17262150347232819;0.32;0.33311283588409424
0.24;0.2522977888584137;0.24;0.25864559412002563;0.16;0.15590374171733856
0.74;0.7365335822105408;0.24;0.21970267593860626;0.38;0.3827902674674988
0.64;0.642517626285553;0.14;0.13230930268764496;0.1;0.0993981659412384
0.1;0.11167672276496887;0.74;0.7380877137184143;0.1;0.10256882756948471
0.34;0.338992714881897;0.12;0.12816347181797028;0.24;0.23932185769081116
0.14;0.13263942301273346;0.52;0.5509880781173706;0.26;0.256276935338974
0.3;0.29512953758239746;0.14;0.12238459289073944;0.3;0.30365484952926636
0.76;0.7626194357872009;0.14;0.14753058552742004;0.18;0.18728914856910706
0.36;0.3559599816799164;0.22;0.22087156772613525;0.16;0.15656693279743195
0.16;0.15269285440444946;0.38;0.38247737288475037;0.32;0.3242959678173065
0.14;0.13711827993392944;0.42;0.4486824572086334;0.2;0.19176553189754486
0.48;0.4854598939418793;0.36;0.3614472448825836;0.28;0.27180737257003784
0.46;0.4730241894721985;0.34;0.31448766589164734;0.22;0.23738141357898712
0.16;0.16013452410697937;0.26;0.25564682483673096;0.26;0.2657920718193054
0.56;0.5630277991294861;0.42;0.3922725021839142;0.1;0.10304301977157593
0.72;0.7250367999076843;0.24;0.2375582754611969;0.1;0.104056216776371
0.48;0.4845516085624695;0.24;0.23099438846111298;0.12;0.12251098453998566
0.2;0.21007753908634186;0.2;0.2119002789258957;0.44;0.4466371536254883
0.22;0.21239140629768372;0.14;0.15117931365966797;0.48;0.47247010469436646
0.28;0.27706196904182434;0.64;0.6337282061576843;0.18;0.1804727017879486
0.1;0.10747968405485153;0.34;0.32030847668647766;0.26;0.26905280351638794
0.36;0.3587351143360138;0.52;0.5108273029327393;0.32;0.3219502568244934
0.44;0.4321632981300354;0.44;0.42845067381858826;0.24;0.2327928990125656
0.32;0.31927260756492615;0.66;0.6381456255912781;0.46;0.46097731590270996
0.16;0.16269902884960175;0.24;0.23760613799095154;0.4;0.38513514399528503
0.5;0.46619904041290283;0.1;0.17758098244667053;0.2;0.1397380381822586
0.54;0.5348509550094604;0.42;0.4323779046535492;0.38;0.37693262100219727
0.46;0.4568336606025696;0.46;0.464758962392807;0.32;0.319985568523407
0.36;0.34760335087776184;0.44;0.44960543513298035;0.18;0.18433281779289246
0.38;0.3771046996116638;0.1;0.10244844108819962;0.1;0.09923504292964935
0.26;0.26386845111846924;0.62;0.5999470353126526;0.46;0.4615785479545593
0.4;0.41040098667144775;0.24;0.22898469865322113;0.26;0.28409677743911743
0.26;0.2565700113773346;0.2;0.20422905683517456;0.24;0.23792655766010284
0.26;0.2509807050228119;0.22;0.3097795248031616;0.28;0.2520473003387451
0.7;0.6913781762123108;0.1;0.10161752253770828;0.34;0.3276326656341553
0.8;0.8122153282165527;0.18;0.15285132825374603;0.18;0.18547026813030243
0.36;0.34239688515663147;0.32;0.3280583620071411;0.26;0.25447383522987366
0.2;0.20001579821109772;0.18;0.18543511629104614;0.34;0.34549254179000854
0.58;0.5917176008224487;0.2;0.2053569108247757;0.28;0.2919016480445862
0.4;0.4148620367050171;0.46;0.45254001021385193;0.22;0.21959547698497772
0.68;0.6728225946426392;0.14;0.1436268538236618;0.42;0.41908520460128784
0.34;0.33108973503112793;0.46;0.4666350185871124;0.16;0.16234315931797028
0.32;0.3188092112541199;0.36;0.3545385003089905;0.46;0.46527034044265747
0.38;0.37199315428733826;0.54;0.5296114683151245;0.42;0.4219967722892761
0.3;0.296773225069046;0.38;0.3632875382900238;0.12;0.12005288898944855
0.38;0.3666283190250397;0.14;0.1358993649482727;0.24;0.2517566680908203
0.16;0.17053277790546417;0.62;0.6294193863868713;0.42;0.41566532850265503
0.12;0.11991839110851288;0.3;0.30968186259269714;0.38;0.3860524296760559
0.5;0.4982683062553406;0.44;0.4525024890899658;0.48;0.4807865023612976
0.7;0.6991583108901978;0.18;0.17208591103553772;0.38;0.3826771378517151
0.26;0.25949373841285706;0.16;0.15618565678596497;0.2;0.21151728928089142
0.28;0.2884189486503601;0.16;0.16421853005886078;0.28;0.26893356442451477
0.18;0.19027982652187347;0.68;0.6769047975540161;0.34;0.3408085107803345
0.28;0.28269627690315247;0.54;0.540713369846344;0.34;0.34052130579948425
0.44;0.43759822845458984;0.48;0.4806790351867676;0.14;0.14288698136806488
0.28;0.278034508228302;0.48;0.473801851272583;0.46;0.4551011621952057
0.42;0.42171621322631836;0.3;0.2958676815032959;0.1;0.10223527997732162
0.26;0.2684319019317627;0.46;0.4486601948738098;0.14;0.14833615720272064
0.56;0.5503596067428589;0.14;0.13651029765605927;0.3;0.3102448284626007
0.42;0.4205881953239441;0.4;0.3695410490036011;0.16;0.16719037294387817
0.58;0.5810260772705078;0.22;0.21449188888072968;0.16;0.1664837896823883
0.26;0.26596033573150635;0.64;0.6345543265342712;0.44;0.4397881031036377
0.44;0.43937796354293823;0.48;0.4907541871070862;0.48;0.4853432774543762
0.14;0.1391991525888443;0.72;0.7229666709899902;0.48;0.47940129041671753
0.3;0.2916955351829529;0.16;0.1674582064151764;0.12;0.11817814409732819
0.34;0.336679607629776;0.32;0.2667779326438904;0.12;0.14145904779434204
0.1;0.11132197082042694;0.52;0.5057888031005859;0.3;0.3179675340652466
0.1;0.11376408487558365;0.72;0.6859725713729858;0.18;0.18837633728981018
0.56;0.5711888074874878;0.36;0.3441343307495117;0.48;0.47356200218200684
0.1;0.12263796478509903;0.16;0.2212180197238922;0.5;0.4616929888725281
0.46;0.46458977460861206;0.36;0.3603176474571228;0.44;0.44472527503967285
0.46;0.459819495677948;0.1;0.10407407581806183;0.16;0.1596585512161255
0.12;0.13537001609802246;0.28;0.30100372433662415;0.2;0.19709384441375732
0.46;0.4567684233188629;0.2;0.20130079984664917;0.22;0.22265902161598206
0.32;0.31744566559791565;0.14;0.14921152591705322;0.16;0.1558019071817398
0.12;0.13502340018749237;0.22;0.21584779024124146;0.36;0.3684210181236267
0.38;0.3812626898288727;0.56;0.5488580465316772;0.16;0.1615581512451172
0.34;0.3422165811061859;0.62;0.614902138710022;0.44;0.4382728636264801
0.16;0.16472989320755005;0.1;0.10715972632169724;0.28;0.2694664001464844
0.12;0.1283523589372635;0.76;0.7323717474937439;0.32;0.3251553773880005
0.26;0.26100394129753113;0.3;0.28858134150505066;0.48;0.47787290811538696
0.52;0.5265530943870544;0.12;0.12123560160398483;0.28;0.2527312934398651
0.74;0.7359582185745239;0.24;0.222850501537323;0.34;0.3431908190250397
0.34;0.3459267020225525;0.46;0.4602218270301819;0.18;0.18709072470664978
0.52;0.5170067548751831;0.42;0.4247235655784607;0.22;0.21824951469898224
0.26;0.26100361347198486;0.42;0.4253256916999817;0.18;0.1792965829372406
0.58;0.585752546787262;0.2;0.19475160539150238;0.4;0.40829968452453613
0.56;0.5532416701316833;0.22;0.2293427288532257;0.18;0.16918489336967468
0.28;0.2665765881538391;0.22;0.23370327055454254;0.38;0.33059442043304443
0.1;0.10637836903333664;0.56;0.5206598043441772;0.42;0.435797780752182
0.18;0.18738317489624023;0.42;0.40400955080986023;0.1;0.10853119939565659
0.14;0.14404557645320892;0.36;0.3594702184200287;0.48;0.4737012982368469
0.42;0.4359433352947235;0.42;0.3968365490436554;0.12;0.1241115927696228
0.1;0.10028640925884247;0.82;0.8006843328475952;0.5;0.49980801343917847
0.32;0.314651757478714;0.42;0.4089513421058655;0.38;0.38246774673461914
0.72;0.7360123991966248;0.2;0.20934899151325226;0.2;0.2002273052930832
0.3;0.296402245759964;0.48;0.47989317774772644;0.38;0.3803163766860962
0.22;0.2202778458595276;0.44;0.43017297983169556;0.38;0.37581053376197815
0.26;0.2537926435470581;0.36;0.37926775217056274;0.34;0.3412072956562042
0.1;0.12938912212848663;0.56;0.5120115876197815;0.12;0.13382163643836975
0.54;0.5433686375617981;0.16;0.17258231341838837;0.12;0.11574159562587738
0.3;0.29547253251075745;0.38;0.37509995698928833;0.26;0.27694353461265564
0.24;0.24256841838359833;0.7;0.7131531238555908;0.16;0.1608147919178009
0.14;0.1397475004196167;0.84;0.7897742986679077;0.5;0.4996136724948883
0.38;0.3752427399158478;0.54;0.5486913919448853;0.3;0.2990010380744934
0.14;0.12771254777908325;0.42;0.43334877490997314;0.26;0.2562806308269501
0.66;0.6597689390182495;0.24;0.2451607882976532;0.34;0.3360452651977539
0.38;0.3882405757904053;0.24;0.23586909472942352;0.32;0.3196526765823364
0.24;0.24141432344913483;0.2;0.22371366620063782;0.5;0.473148912191391
0.76;0.7600657343864441;0.2;0.20197881758213043;0.3;0.30221521854400635
0.52;0.49449634552001953;0.34;0.3444961905479431;0.4;0.3928683400154114
0.28;0.28128674626350403;0.64;0.6491051316261292;0.34;0.33740708231925964
0.82;0.815186619758606;0.1;0.10881702601909637;0.2;0.2052679806947708
0.34;0.35922685265541077;0.36;0.3548465967178345;0.32;0.33076655864715576
0.18;0.17588840425014496;0.54;0.5465567111968994;0.34;0.3385182023048401
0.22;0.19965599477291107;0.32;0.3607262372970581;0.5;0.47792521119117737
0.54;0.5420787334442139;0.22;0.21855370700359344;0.4;0.39846062660217285
0.86;0.8609302639961243;0.1;0.11601264029741287;0.1;0.10101532936096191
0.44;0.4430392384529114;0.18;0.1624465435743332;0.2;0.21119651198387146
0.56;0.5644940137863159;0.34;0.32665693759918213;0.26;0.2567532956600189
0.66;0.6542847156524658;0.16;0.1785186231136322;0.2;0.19822454452514648
0.24;0.24390999972820282;0.5;0.5063384175300598;0.38;0.37193620204925537
0.38;0.3769625723361969;0.52;0.5233608484268188;0.5;0.4991912841796875
0.54;0.5403645634651184;0.12;0.11756303161382675;0.16;0.16377218067646027
0.32;0.31840959191322327;0.34;0.34263643622398376;0.4;0.3989109992980957
0.12;0.1183503270149231;0.82;0.8278633952140808;0.38;0.38018888235092163
0.26;0.26407700777053833;0.46;0.4496121108531952;0.2;0.19945275783538818
0.6;0.6002179980278015;0.24;0.23802894353866577;0.38;0.3731648921966553
0.34;0.33702266216278076;0.12;0.10070718824863434;0.36;0.3554459512233734
0.28;0.2855820655822754;0.4;0.39357709884643555;0.2;0.20289571583271027
0.44;0.42668700218200684;0.32;0.3017233610153198;0.1;0.10225512087345123
0.56;0.5696279406547546;0.3;0.29285213351249695;0.16;0.168433278799057
0.24;0.23986726999282837;0.22;0.23810389637947083;0.16;0.15407073497772217
0.66;0.6501215100288391;0.32;0.3019627630710602;0.3;0.3046545386314392
0.68;0.6657193899154663;0.1;0.10774313658475876;0.36;0.3421268165111542
0.44;0.44494882225990295;0.32;0.3240896165370941;0.18;0.18806281685829163
0.28;0.28330469131469727;0.62;0.6239207983016968;0.14;0.140752375125885
0.1;0.1066223755478859;0.26;0.26024332642555237;0.46;0.4439639151096344
0.38;0.40134891867637634;0.42;0.42554527521133423;0.16;0.17245817184448242
0.32;0.3255271911621094;0.42;0.40048888325691223;0.16;0.16010133922100067
0.14;0.1332915872335434;0.2;0.19773942232131958;0.14;0.1339111626148224
0.7;0.6889296174049377;0.1;0.12066720426082611;0.28;0.2751392424106598
0.2;0.19993473589420319;0.76;0.7545965313911438;0.34;0.3402051031589508
0.14;0.14239118993282318;0.7;0.6963695883750916;0.1;0.0994160920381546
0.42;0.42300692200660706;0.34;0.3482554852962494;0.3;0.30532845854759216
0.22;0.23221543431282043;0.56;0.5538312792778015;0.42;0.4162977337837219
0.18;0.1799808293581009;0.8;0.7816829681396484;0.32;0.3208751082420349
0.7;0.6984031796455383;0.12;0.11976589262485504;0.38;0.38324081897735596
0.54;0.5320736169815063;0.34;0.3393131494522095;0.34;0.34161728620529175
0.12;0.11633314192295074;0.38;0.383855402469635;0.22;0.21741613745689392
0.5;0.49349215626716614;0.3;0.30481165647506714;0.18;0.1769418716430664
0.2;0.19513630867004395;0.58;0.588765561580658;0.42;0.41329485177993774
0.22;0.21441622078418732;0.28;0.3017066419124603;0.18;0.17153716087341309
0.12;0.10985561460256577;0.26;0.25858643651008606;0.46;0.466352641582489
0.34;0.3356638550758362;0.5;0.502864420413971;0.32;0.32362669706344604
0.36;0.36285164952278137;0.62;0.600671648979187;0.14;0.14133867621421814
0.12;0.11123089492321014;0.5;0.4979804754257202;0.42;0.4136757254600525
0.62;0.613886296749115;0.22;0.20207716524600983;0.22;0.2140527069568634
0.68;0.6861711740493774;0.2;0.20487534999847412;0.22;0.22351455688476562
0.3;0.301450252532959;0.52;0.5156015157699585;0.4;0.4004630148410797
0.14;0.13391055166721344;0.32;0.3346860408782959;0.32;0.3170386552810669
0.38;0.3820982277393341;0.38;0.3897402286529541;0.24;0.24894943833351135
0.4;0.39724037051200867;0.58;0.5725182294845581;0.2;0.20442059636116028
0.34;0.3378154933452606;0.54;0.5419670939445496;0.44;0.4380921423435211
0.16;0.16832101345062256;0.54;0.5524389147758484;0.34;0.3363412022590637
0.16;0.1785557121038437;0.52;0.48904556035995483;0.12;0.13714897632598877
0.12;0.12471633404493332;0.1;0.10972824692726135;0.3;0.2668423056602478
0.28;0.27821215987205505;0.22;0.26388394832611084;0.4;0.3889378607273102
0.36;0.35605430603027344;0.1;0.09769544750452042;0.34;0.3183002471923828
0.64;0.6402541399002075;0.32;0.3273644745349884;0.42;0.41972988843917847
0.16;0.15486061573028564;0.48;0.4921591579914093;0.14;0.13870884478092194
0.26;0.2793058156967163;0.16;0.1529851257801056;0.38;0.3898583948612213
0.2;0.2032242715358734;0.1;0.10754290223121643;0.5;0.462954044342041
0.34;0.3456839323043823;0.44;0.431571364402771;0.32;0.32024478912353516
0.44;0.4324784278869629;0.22;0.23379291594028473;0.48;0.47171467542648315
0.3;0.29108476638793945;0.32;0.3194504678249359;0.28;0.28283706307411194
0.48;0.4766235053539276;0.16;0.16746585071086884;0.48;0.4632183015346527
0.16;0.1517079770565033;0.24;0.2435675859451294;0.16;0.1667713224887848
0.36;0.3641567528247833;0.18;0.15663835406303406;0.26;0.2732853889465332
0.62;0.6173675656318665;0.24;0.24769581854343414;0.48;0.47833356261253357
0.34;0.3424217402935028;0.6;0.6230867505073547;0.44;0.4378686845302582
0.24;0.23722603917121887;0.38;0.3948558270931244;0.12;0.11481865495443344
0.7;0.7020981907844543;0.14;0.15232671797275543;0.48;0.45781421661376953
0.4;0.4013294577598572;0.34;0.34473881125450134;0.44;0.43319272994995117
0.8;0.805481493473053;0.12;0.1228100061416626;0.46;0.4521428942680359
0.28;0.2730461359024048;0.16;0.16707061231136322;0.34;0.3595193028450012
0.28;0.2772988975048065;0.36;0.33501365780830383;0.1;0.11234740167856216
0.12;0.12832726538181305;0.78;0.7643799781799316;0.22;0.2217380553483963
0.42;0.42371267080307007;0.12;0.1189909353852272;0.26;0.2688908278942108
0.22;0.22092778980731964;0.58;0.5684525370597839;0.3;0.29999080300331116
0.38;0.38001754879951477;0.36;0.35566818714141846;0.12;0.12497708946466446
0.46;0.46176838874816895;0.5;0.507484495639801;0.1;0.10338443517684937
0.66;0.655919075012207;0.14;0.1326357126235962;0.2;0.19973084330558777
0.58;0.576816737651825;0.34;0.3364231288433075;0.26;0.2659049332141876
0.46;0.4679432511329651;0.18;0.18222485482692719;0.44;0.44255757331848145
0.26;0.2579929530620575;0.46;0.46333742141723633;0.5;0.5000740885734558
0.8;0.79001384973526;0.1;0.11275391280651093;0.14;0.13268667459487915
0.4;0.3883626163005829;0.52;0.5271285176277161;0.28;0.281074583530426
0.44;0.4345850944519043;0.42;0.4272874891757965;0.32;0.3088783621788025
0.16;0.169996440410614;0.42;0.4238365888595581;0.42;0.43270644545555115
0.44;0.4638292193412781;0.3;0.30093178153038025;0.1;0.10276864469051361
0.2;0.20113347470760345;0.3;0.3421289622783661;0.2;0.19286300241947174
0.46;0.45546606183052063;0.3;0.3082761764526367;0.4;0.39482879638671875
0.28;0.2789309620857239;0.16;0.19597214460372925;0.5;0.4818616807460785
0.16;0.15996994078159332;0.16;0.16089728474617004;0.28;0.2781582772731781
0.22;0.22957651317119598;0.34;0.32793936133384705;0.36;0.3624442219734192
0.1;0.10486308485269547;0.78;0.7690609097480774;0.16;0.15875691175460815
0.4;0.3991825580596924;0.16;0.1552925854921341;0.36;0.3587040603160858
0.46;0.46013304591178894;0.52;0.5123647451400757;0.5;0.49742627143859863
0.12;0.11846839636564255;0.74;0.7418897747993469;0.26;0.25840193033218384
0.26;0.25462231040000916;0.4;0.41789600253105164;0.18;0.1795855015516281
0.18;0.17618981003761292;0.34;0.33262908458709717;0.28;0.28042370080947876
0.26;0.2555306851863861;0.66;0.6643144488334656;0.36;0.3591687083244324
0.36;0.36092323064804077;0.62;0.5892613530158997;0.16;0.16326138377189636
0.4;0.4147692620754242;0.42;0.40152695775032043;0.18;0.18663522601127625
0.16;0.1588195413351059;0.56;0.5621213912963867;0.36;0.35931071639060974
0.48;0.4943007826805115;0.4;0.3864859342575073;0.42;0.42545461654663086
0.12;0.13364605605602264;0.66;0.6298117637634277;0.12;0.13039836287498474
0.7;0.7062456011772156;0.12;0.12018511444330215;0.42;0.4280993938446045
0.46;0.4553719758987427;0.28;0.2734157145023346;0.2;0.19359977543354034
0.26;0.25929901003837585;0.68;0.6745563745498657;0.44;0.44031769037246704
0.4;0.4022315740585327;0.3;0.3018178641796112;0.34;0.3427397608757019
0.64;0.6551269888877869;0.26;0.2661406993865967;0.14;0.15591248869895935
0.72;0.7047903537750244;0.2;0.20288434624671936;0.38;0.3741855323314667
0.18;0.18644507229328156;0.3;0.2941613793373108;0.28;0.28281083703041077
0.36;0.3627859055995941;0.24;0.2483646422624588;0.42;0.40614795684814453
0.44;0.4286859631538391;0.22;0.22844073176383972;0.5;0.4913407266139984
0.52;0.5020350813865662;0.2;0.22185665369033813;0.36;0.3349374830722809
0.12;0.12314680218696594;0.34;0.33455878496170044;0.12;0.11589817702770233
0.44;0.42102015018463135;0.5;0.49044230580329895;0.1;0.1000412330031395
0.5;0.483959436416626;0.34;0.37632879614830017;0.3;0.28213685750961304
0.14;0.15058550238609314;0.48;0.4639975130558014;0.4;0.41132745146751404
0.2;0.2037285715341568;0.2;0.2109421193599701;0.18;0.18997174501419067
0.38;0.37260901927948;0.46;0.4367932975292206;0.3;0.30579519271850586
0.28;0.27479663491249084;0.26;0.270636647939682;0.48;0.48572826385498047
0.86;0.861118495464325;0.1;0.11959847062826157;0.12;0.11904102563858032
0.36;0.3670293390750885;0.62;0.6019744873046875;0.3;0.29831257462501526
0.18;0.17718933522701263;0.16;0.16139304637908936;0.2;0.2060934603214264
0.16;0.15906137228012085;0.72;0.705039918422699;0.2;0.1971333771944046
0.12;0.11850560456514359;0.36;0.36405524611473083;0.32;0.3178129196166992
0.66;0.659929633140564;0.24;0.2420230507850647;0.42;0.42247897386550903
0.1;0.11716128140687943;0.76;0.7348790764808655;0.32;0.3276979327201843
0.16;0.14161032438278198;0.16;0.1582207828760147;0.38;0.38121655583381653
0.36;0.36129745841026306;0.24;0.20785872638225555;0.14;0.1457856297492981
0.46;0.45270678400993347;0.36;0.3728259801864624;0.5;0.5018366575241089
0.3;0.3074418008327484;0.4;0.35614892840385437;0.16;0.1857164055109024
0.56;0.572296142578125;0.34;0.3376883268356323;0.48;0.4811033606529236
0.8;0.8073424696922302;0.18;0.16283026337623596;0.2;0.21513459086418152
0.16;0.14577244222164154;0.4;0.40195852518081665;0.32;0.31851765513420105
0.28;0.2877419888973236;0.28;0.2869473099708557;0.18;0.1766221523284912
0.54;0.5429471135139465;0.28;0.3032475411891937;0.32;0.30929917097091675
0.54;0.5330590009689331;0.3;0.32209742069244385;0.32;0.31509628891944885
0.48;0.4834378957748413;0.34;0.33371397852897644;0.34;0.3449341654777527
0.24;0.24430064857006073;0.58;0.5864115357398987;0.5;0.5001304149627686
0.2;0.20072238147258759;0.22;0.22469143569469452;0.36;0.3665044903755188
0.24;0.23980246484279633;0.52;0.5056418180465698;0.3;0.29734671115875244
0.64;0.6388741731643677;0.32;0.33786094188690186;0.5;0.49858951568603516
0.24;0.2496320903301239;0.62;0.6226595640182495;0.32;0.32233375310897827
0.62;0.6187523603439331;0.34;0.35170280933380127;0.38;0.3802237808704376
0.26;0.27475687861442566;0.12;0.12927836179733276;0.5;0.47744959592819214
0.76;0.7590845823287964;0.22;0.19903603196144104;0.4;0.401099294424057
0.28;0.2777276635169983;0.42;0.4119977056980133;0.48;0.4781990051269531
0.28;0.27799180150032043;0.46;0.4594859480857849;0.46;0.4612128734588623
0.46;0.47385522723197937;0.46;0.4645014703273773;0.16;0.1643507480621338
0.1;0.10421378910541534;0.76;0.7430034279823303;0.44;0.43926581740379333
0.12;0.11747442930936813;0.3;0.30344000458717346;0.3;0.2999333441257477
0.22;0.21969270706176758;0.68;0.6800196170806885;0.36;0.3590947687625885
0.3;0.3042103052139282;0.66;0.6576934456825256;0.36;0.3628641664981842
0.26;0.2669074237346649;0.52;0.5144529342651367;0.34;0.34386295080184937
0.38;0.3798876702785492;0.48;0.4602104425430298;0.42;0.4210203289985657
0.44;0.466969758272171;0.34;0.31748998165130615;0.14;0.14640578627586365
0.32;0.3244410455226898;0.46;0.4604591131210327;0.3;0.2976091504096985
0.74;0.7309621572494507;0.14;0.1506999284029007;0.32;0.3122505843639374
0.66;0.6641167998313904;0.2;0.20012511312961578;0.22;0.23073911666870117
0.4;0.3923255503177643;0.48;0.47492921352386475;0.4;0.39632996916770935
0.36;0.3724205791950226;0.5;0.49160701036453247;0.38;0.383470743894577
0.66;0.6545897126197815;0.1;0.10465932637453079;0.46;0.44141513109207153
0.38;0.38428595662117004;0.6;0.5735470652580261;0.42;0.42218828201293945
0.6;0.5938879251480103;0.34;0.3450537621974945;0.18;0.1796422302722931
0.6;0.5905548930168152;0.34;0.3523090183734894;0.5;0.4944945275783539
0.38;0.3824799060821533;0.46;0.4618050158023834;0.34;0.3401627242565155
0.3;0.3027132451534271;0.28;0.2891795337200165;0.34;0.34151822328567505
0.36;0.3617475926876068;0.24;0.21097347140312195;0.28;0.2872292399406433
0.14;0.1274242252111435;0.34;0.3497196435928345;0.3;0.28883838653564453
0.28;0.2788616716861725;0.7;0.6833987236022949;0.36;0.3589259386062622
0.36;0.3502107262611389;0.12;0.19669629633426666;0.48;0.40807685256004333
0.72;0.7039645314216614;0.26;0.22540321946144104;0.14;0.1497485637664795
0.68;0.6725122332572937;0.1;0.10633351653814316;0.12;0.11573817580938339
0.16;0.16493676602840424;0.26;0.2683272957801819;0.22;0.232121080160141
0.14;0.13961830735206604;0.32;0.3378845453262329;0.28;0.2808125913143158
0.5;0.5048756003379822;0.42;0.43244749307632446;0.12;0.11943944543600082
0.32;0.3282574415206909;0.5;0.49778664112091064;0.24;0.24223566055297852
0.4;0.40996453166007996;0.18;0.18110983073711395;0.44;0.4338039457798004
0.36;0.3609215021133423;0.2;0.20553427934646606;0.38;0.37307894229888916
0.38;0.37382206320762634;0.44;0.4395078122615814;0.36;0.35849907994270325
0.86;0.8560323715209961;0.1;0.11896774917840958;0.48;0.4729786813259125
0.52;0.5329310894012451;0.24;0.25013887882232666;0.32;0.31200164556503296
0.3;0.28490641713142395;0.22;0.2326865792274475;0.24;0.232924222946167
0.2;0.20775206387043;0.12;0.1271989643573761;0.26;0.2525472044944763
0.68;0.6700654029846191;0.24;0.23910591006278992;0.22;0.22017784416675568
0.1;0.11789178103208542;0.54;0.5054198503494263;0.36;0.3981257677078247
0.48;0.4833538234233856;0.34;0.3536672294139862;0.24;0.2343299835920334
0.16;0.15763795375823975;0.32;0.32185089588165283;0.34;0.337451308965683
0.68;0.696314811706543;0.24;0.24555715918540955;0.24;0.24167466163635254
0.24;0.23730753362178802;0.7;0.713374137878418;0.4;0.3991740047931671
0.78;0.7767567038536072;0.1;0.11194248497486115;0.42;0.39627087116241455
0.26;0.2598934769630432;0.42;0.4258062243461609;0.44;0.43108993768692017
0.38;0.37617599964141846;0.44;0.43554309010505676;0.2;0.20665626227855682
0.78;0.7823572158813477;0.18;0.19052834808826447;0.32;0.32322561740875244
0.52;0.5128077864646912;0.1;0.1519773155450821;0.48;0.43673115968704224
0.8;0.7929136157035828;0.12;0.12511220574378967;0.44;0.44617682695388794
0.5;0.492637038230896;0.24;0.2446918934583664;0.24;0.2263144999742508
0.44;0.43009233474731445;0.22;0.23502589762210846;0.12;0.11425511538982391
0.2;0.19782912731170654;0.22;0.241532564163208;0.18;0.17224600911140442
0.24;0.24437694251537323;0.36;0.3436735272407532;0.18;0.18485423922538757
0.46;0.4611387848854065;0.48;0.47793281078338623;0.22;0.2257332056760788
0.44;0.437068909406662;0.54;0.5202839970588684;0.36;0.3618292212486267
0.32;0.32741639018058777;0.12;0.11939289420843124;0.28;0.29203930497169495
0.38;0.3733627200126648;0.46;0.4764813482761383;0.14;0.13842426240444183
0.2;0.2084583193063736;0.58;0.567746102809906;0.28;0.2813482880592346
0.66;0.652216911315918;0.22;0.22771687805652618;0.14;0.13654272258281708
0.24;0.24121423065662384;0.74;0.721341609954834;0.1;0.10033168643712997
0.6;0.5946988463401794;0.24;0.25129345059394836;0.48;0.47424811124801636
0.4;0.4048031270503998;0.16;0.1715935617685318;0.18;0.17860053479671478
0.2;0.1982627809047699;0.74;0.7518917918205261;0.26;0.2610701024532318
0.24;0.2539592683315277;0.18;0.1720072478055954;0.1;0.09943227469921112
0.14;0.11721140146255493;0.14;0.14562901854515076;0.46;0.4562310576438904
0.46;0.4648316204547882;0.26;0.24602830410003662;0.32;0.3208152651786804
0.36;0.37250497937202454;0.48;0.4760381877422333;0.2;0.20198579132556915
0.24;0.22546696662902832;0.32;0.33116382360458374;0.46;0.44652968645095825
0.38;0.3722376227378845;0.32;0.30912455916404724;0.12;0.12314101308584213
0.58;0.5816075801849365;0.38;0.39355897903442383;0.2;0.20196256041526794
0.14;0.13676173985004425;0.28;0.30109453201293945;0.18;0.1715574860572815
0.32;0.3179444372653961;0.6;0.6067481637001038;0.2;0.2000138759613037
0.22;0.22377903759479523;0.76;0.7342542409896851;0.16;0.16576895117759705
0.1;0.1062421202659607;0.4;0.3928968608379364;0.28;0.2841288447380066
0.68;0.6724928617477417;0.12;0.12264890968799591;0.2;0.19881102442741394
0.48;0.4784146547317505;0.16;0.16032817959785461;0.38;0.38188284635543823
0.3;0.29873061180114746;0.56;0.5625497102737427;0.38;0.37629497051239014
0.34;0.33216145634651184;0.18;0.1841536909341812;0.18;0.1950823962688446
0.32;0.31996533274650574;0.1;0.1535709947347641;0.4;0.39277419447898865
0.62;0.6134349703788757;0.18;0.17402809858322144;0.34;0.3375163674354553
0.54;0.535381019115448;0.24;0.24913212656974792;0.16;0.15476903319358826
0.38;0.3833821713924408;0.54;0.5330730676651001;0.18;0.1852015256881714
0.32;0.3184809982776642;0.26;0.25526753067970276;0.18;0.1856715977191925
0.34;0.3411240577697754;0.14;0.1824277639389038;0.36;0.3213888108730316
0.56;0.5602186918258667;0.34;0.33491024374961853;0.3;0.30459752678871155
0.7;0.7037467956542969;0.12;0.1238943487405777;0.34;0.3392067849636078
0.3;0.29791259765625;0.22;0.19624687731266022;0.16;0.15071475505828857
0.58;0.5787752270698547;0.1;0.10879409313201904;0.38;0.37607118487358093
0.26;0.2510552704334259;0.32;0.3126446306705475;0.18;0.17725853621959686
0.26;0.273945689201355;0.54;0.5431669354438782;0.1;0.10244256258010864
0.12;0.11201687157154083;0.58;0.5750281810760498;0.48;0.482083261013031
0.18;0.1851184070110321;0.14;0.1417233943939209;0.3;0.3074641227722168
0.64;0.6387315988540649;0.18;0.17477037012577057;0.38;0.38269591331481934
0.54;0.538972795009613;0.38;0.382533460855484;0.28;0.2742674946784973
0.36;0.36446648836135864;0.28;0.24602867662906647;0.2;0.2455533742904663
0.36;0.3567686378955841;0.54;0.5372461676597595;0.44;0.4373999536037445
0.18;0.18522849678993225;0.6;0.5957797169685364;0.3;0.3005222678184509
0.36;0.35969290137290955;0.62;0.5979461073875427;0.42;0.42068615555763245
0.12;0.12256193906068802;0.4;0.40860646963119507;0.22;0.2131902277469635
0.1;0.09770230948925018;0.12;0.12257478386163712;0.34;0.3471413254737854
0.12;0.11923611164093018;0.8;0.8067319393157959;0.26;0.25812453031539917
0.22;0.21603187918663025;0.3;0.29187193512916565;0.28;0.2749071717262268
0.34;0.33475545048713684;0.52;0.5135316252708435;0.36;0.3590252995491028
0.1;0.10531492531299591;0.38;0.4075358510017395;0.5;0.473604679107666
0.32;0.32226067781448364;0.16;0.1639537364244461;0.14;0.13832736015319824
0.64;0.6281050443649292;0.1;0.10729316622018814;0.4;0.4078637659549713
0.32;0.31251582503318787;0.44;0.44113993644714355;0.1;0.10669592767953873
0.26;0.256570041179657;0.44;0.44656115770339966;0.24;0.24355097115039825
0.64;0.6455789804458618;0.24;0.2283799797296524;0.44;0.4429709315299988
0.3;0.3030944764614105;0.26;0.26817551255226135;0.36;0.3569713234901428
0.34;0.3350803554058075;0.64;0.6210780143737793;0.36;0.3614532947540283
0.7;0.7010729312896729;0.16;0.1752692461013794;0.32;0.31465959548950195
0.32;0.32138514518737793;0.3;0.31491899490356445;0.24;0.2583436965942383
0.46;0.4536810517311096;0.34;0.3573349118232727;0.5;0.4988894462585449
0.22;0.2221304178237915;0.46;0.45919832587242126;0.12;0.11994069814682007
0.32;0.31491366028785706;0.32;0.3286723792552948;0.32;0.3174336552619934
0.2;0.20863240957260132;0.46;0.4344744384288788;0.1;0.11328905820846558
0.16;0.16110260784626007;0.76;0.7621839642524719;0.38;0.3805464804172516
0.1;0.12493620812892914;0.68;0.6596224308013916;0.3;0.3194418251514435
0.38;0.3815104067325592;0.32;0.31968748569488525;0.44;0.4445459246635437
0.32;0.3223155736923218;0.14;0.14292190968990326;0.46;0.46609821915626526
0.22;0.21529394388198853;0.66;0.6452687382698059;0.2;0.19625820219516754
0.5;0.5086516737937927;0.36;0.3636678159236908;0.28;0.2855425477027893
0.1;0.14309509098529816;0.68;0.6071364879608154;0.22;0.24524345993995667
0.24;0.24351485073566437;0.42;0.4169882833957672;0.2;0.2142665833234787
0.34;0.34221258759498596;0.64;0.6188713312149048;0.22;0.21973390877246857
0.36;0.35847294330596924;0.56;0.5463311672210693;0.16;0.16050390899181366
0.16;0.15065380930900574;0.34;0.3455127775669098;0.22;0.21637821197509766
0.28;0.28149986267089844;0.66;0.6609256267547607;0.22;0.2206707000732422
0.46;0.4522921144962311;0.36;0.37512606382369995;0.48;0.47560444474220276
0.2;0.2080860733985901;0.12;0.11475586891174316;0.2;0.19788753986358643
0.14;0.18306806683540344;0.54;0.4623756408691406;0.1;0.13562755286693573
0.24;0.24438363313674927;0.7;0.7061333656311035;0.2;0.19954922795295715
0.52;0.5121138095855713;0.24;0.22392499446868896;0.1;0.10236108303070068
0.12;0.13218386471271515;0.54;0.517910361289978;0.32;0.32686612010002136
0.14;0.14446750283241272;0.16;0.1563277542591095;0.24;0.2434380054473877
0.14;0.13628756999969482;0.52;0.547626256942749;0.5;0.48727360367774963
0.72;0.7157869935035706;0.14;0.14585918188095093;0.38;0.3772318959236145
0.58;0.5664423704147339;0.16;0.15730434656143188;0.2;0.21435146033763885
0.16;0.15314550697803497;0.16;0.1569429636001587;0.44;0.42602071166038513
0.38;0.3813818097114563;0.46;0.44924870133399963;0.24;0.24104735255241394
0.52;0.5094751715660095;0.42;0.4343494176864624;0.4;0.3986071050167084
0.26;0.2480575442314148;0.18;0.1852813959121704;0.14;0.14828617870807648
0.16;0.1491159051656723;0.42;0.4440946877002716;0.26;0.2534717321395874
0.3;0.294003963470459;0.14;0.13891713321208954;0.12;0.12088575214147568
0.18;0.18663953244686127;0.36;0.35269707441329956;0.3;0.30006638169288635
0.42;0.41893965005874634;0.3;0.3074377179145813;0.36;0.3582724928855896
0.36;0.34799179434776306;0.42;0.42048269510269165;0.1;0.0999242290854454
0.62;0.6196300387382507;0.34;0.3462802767753601;0.22;0.22079285979270935
0.2;0.1950773149728775;0.48;0.49259668588638306;0.26;0.2591163218021393
0.52;0.517503023147583;0.28;0.2753525972366333;0.38;0.378155380487442
0.62;0.6257205009460449;0.26;0.26329508423805237;0.5;0.4996998906135559
0.22;0.2099984586238861;0.26;0.3215368986129761;0.2;0.1724747121334076
0.1;0.14368489384651184;0.66;0.586905300617218;0.12;0.16570432484149933
0.44;0.44563525915145874;0.16;0.15815633535385132;0.12;0.11975039541721344
0.5;0.5059279203414917;0.38;0.3837231397628784;0.14;0.14668849110603333
0.12;0.1675560474395752;0.6;0.5251189470291138;0.1;0.12564831972122192
0.14;0.14076513051986694;0.44;0.4389321208000183;0.28;0.27704161405563354
0.1;0.10925446450710297;0.56;0.5415966510772705;0.4;0.40783852338790894
0.3;0.300324946641922;0.28;0.2772136330604553;0.18;0.18914110958576202
0.2;0.19952142238616943;0.44;0.4601267874240875;0.12;0.12193085253238678
0.24;0.24334345757961273;0.34;0.34300193190574646;0.4;0.4002394676208496
0.62;0.6192940473556519;0.16;0.17058506608009338;0.18;0.1704585701227188
0.46;0.45371782779693604;0.44;0.4274822473526001;0.28;0.27329930663108826
0.1;0.12506307661533356;0.8;0.7779496312141418;0.2;0.20276519656181335
0.28;0.28273341059684753;0.42;0.4221154749393463;0.34;0.34252163767814636
0.32;0.31811487674713135;0.56;0.5765689015388489;0.12;0.11754611879587173
0.56;0.5565817356109619;0.32;0.3080158531665802;0.36;0.35869115591049194
0.12;0.11961159110069275;0.22;0.21534737944602966;0.26;0.2642877697944641
0.14;0.1462002694606781;0.66;0.6435344815254211;0.48;0.4868552088737488
0.12;0.11834146082401276;0.82;0.8166475892066956;0.14;0.14173856377601624
0.7;0.698003888130188;0.26;0.25939488410949707;0.48;0.4773824214935303
0.28;0.28085029125213623;0.64;0.6476777195930481;0.28;0.283125638961792
0.56;0.5471030473709106;0.36;0.3627767264842987;0.28;0.2722913324832916
0.3;0.29447996616363525;0.16;0.16032370924949646;0.36;0.3420538604259491
0.22;0.2247421145439148;0.44;0.4201112687587738;0.22;0.22730505466461182
0.28;0.2854326069355011;0.52;0.5214231014251709;0.34;0.341575026512146
0.26;0.2587161064147949;0.52;0.5143572688102722;0.28;0.279826819896698
0.1;0.13267479836940765;0.6;0.5330087542533875;0.32;0.35494929552078247
0.3;0.30778035521507263;0.42;0.372787207365036;0.1;0.13248968124389648
0.1;0.10479243099689484;0.22;0.2306896448135376;0.46;0.4453638195991516
0.16;0.15733322501182556;0.2;0.20834070444107056;0.48;0.4742964804172516
0.28;0.2832172214984894;0.54;0.538307785987854;0.44;0.4354367256164551
0.38;0.3731629550457001;0.24;0.23562365770339966;0.46;0.4577905535697937
0.76;0.7586336135864258;0.2;0.20019613206386566;0.42;0.41862040758132935
0.6;0.5973002910614014;0.22;0.21085062623023987;0.22;0.216287761926651
0.84;0.8373730778694153;0.12;0.1385597437620163;0.5;0.49146586656570435
0.34;0.34187909960746765;0.18;0.18099813163280487;0.3;0.29117316007614136
0.14;0.15580780804157257;0.52;0.47186073660850525;0.1;0.11972169578075409
0.22;0.21882881224155426;0.44;0.4612535238265991;0.18;0.18322601914405823
0.18;0.18058358132839203;0.44;0.42142146825790405;0.22;0.21606600284576416
0.28;0.28107690811157227;0.58;0.5803274512290955;0.16;0.15996797382831573
0.36;0.3550892770290375;0.26;0.2648172080516815;0.5;0.49078863859176636
0.5;0.489664226770401;0.18;0.19465026259422302;0.12;0.10487741231918335
0.24;0.23757688701152802;0.74;0.72632896900177;0.42;0.41986560821533203
0.22;0.22199678421020508;0.72;0.719217836856842;0.38;0.3804689049720764
0.2;0.21634313464164734;0.56;0.5492987632751465;0.1;0.10071400552988052
0.1;0.14146961271762848;0.58;0.49338605999946594;0.18;0.20610375702381134
0.14;0.13791880011558533;0.14;0.13411080837249756;0.14;0.13945601880550385
0.2;0.19074217975139618;0.28;0.26615360379219055;0.44;0.43708181381225586
0.12;0.11494672298431396;0.36;0.35792744159698486;0.3;0.29222995042800903
0.46;0.46079763770103455;0.52;0.4978243112564087;0.48;0.4802771508693695
0.82;0.8219762444496155;0.16;0.1439608931541443;0.38;0.3816676437854767
0.16;0.16429616510868073;0.12;0.12052459269762039;0.42;0.41682496666908264
0.38;0.3779159486293793;0.4;0.3970852196216583;0.42;0.4257931709289551
0.72;0.7201758623123169;0.16;0.1577376127243042;0.38;0.40243569016456604
0.28;0.28145208954811096;0.56;0.5642563700675964;0.44;0.4436895251274109
0.38;0.374411940574646;0.5;0.5042560696601868;0.14;0.1389581859111786
0.82;0.8197898268699646;0.14;0.14027734100818634;0.32;0.32676053047180176
0.32;0.31981757283210754;0.36;0.35575079917907715;0.36;0.3644898235797882
0.28;0.2890247702598572;0.4;0.4049994945526123;0.38;0.3771171569824219
0.12;0.12155534327030182;0.8;0.7995200753211975;0.32;0.32016468048095703
0.32;0.3123036324977875;0.62;0.632538914680481;0.28;0.2814732491970062
0.14;0.14138838648796082;0.66;0.6521400213241577;0.28;0.2875395715236664
0.62;0.6162974834442139;0.14;0.13757285475730896;0.36;0.3700360655784607
0.56;0.5531356930732727;0.24;0.2512372136116028;0.26;0.25085580348968506
0.58;0.5816572308540344;0.14;0.1447388380765915;0.34;0.35006511211395264
0.1;0.11656283587217331;0.26;0.2678089141845703;0.2;0.22049573063850403
0.1;0.10224730521440506;0.76;0.7509732842445374;0.48;0.4814448356628418
0.28;0.2735295295715332;0.58;0.5852206945419312;0.5;0.49854832887649536
0.44;0.4465257227420807;0.2;0.2178136706352234;0.14;0.13815255463123322
0.3;0.3109349012374878;0.36;0.35228991508483887;0.2;0.1999150514602661
0.2;0.19973880052566528;0.22;0.23178887367248535;0.46;0.44460582733154297
0.5;0.4976274073123932;0.42;0.43545398116111755;0.18;0.1719515025615692
0.56;0.5536243319511414;0.3;0.2958011031150818;0.28;0.2787213623523712
0.22;0.22299399971961975;0.66;0.6736934781074524;0.14;0.1380567103624344
0.12;0.1154521033167839;0.7;0.6868823170661926;0.46;0.46366065740585327
0.16;0.16711081564426422;0.24;0.24291209876537323;0.22;0.23356635868549347
0.14;0.13700000941753387;0.76;0.7671329379081726;0.42;0.4181671738624573
0.78;0.7813191413879395;0.18;0.1866893321275711;0.14;0.1423589438199997
0.14;0.1285485178232193;0.7;0.7068609595298767;0.48;0.4787646234035492
0.46;0.46743184328079224;0.44;0.43458008766174316;0.34;0.3431342840194702
0.38;0.38991937041282654;0.56;0.5605849027633667;0.1;0.10442256927490234
0.68;0.677862286567688;0.3;0.28160542249679565;0.44;0.44850730895996094
0.14;0.14214235544204712;0.76;0.7593775391578674;0.2;0.19702370464801788
0.56;0.5514985918998718;0.18;0.17255599796772003;0.16;0.16667433083057404
0.16;0.16783761978149414;0.44;0.42764586210250854;0.4;0.40770453214645386
0.72;0.710469663143158;0.14;0.16573980450630188;0.5;0.4740017056465149
0.64;0.6364109516143799;0.18;0.18361011147499084;0.42;0.40759778022766113
0.44;0.44411319494247437;0.5;0.5069819688796997;0.48;0.4820276200771332
0.16;0.1542372852563858;0.22;0.2299318015575409;0.36;0.3602442145347595
0.86;0.8596491813659668;0.12;0.10251600295305252;0.2;0.20409652590751648
0.1;0.12065906077623367;0.56;0.5315037369728088;0.14;0.16909021139144897
0.68;0.6803067326545715;0.28;0.295289009809494;0.28;0.2803650498390198
0.42;0.41220998764038086;0.14;0.13551153242588043;0.42;0.422949880361557
0.18;0.17786909639835358;0.72;0.7197233438491821;0.12;0.12057308107614517
0.14;0.1318168342113495;0.36;0.375297874212265;0.3;0.2995859384536743
0.12;0.12413281947374344;0.14;0.1402909904718399;0.22;0.22429247200489044
0.28;0.2807966470718384;0.62;0.6218194961547852;0.3;0.29738426208496094
0.5;0.4927271604537964;0.2;0.2497497946023941;0.2;0.1802033632993698
0.7;0.6966376900672913;0.12;0.11517603695392609;0.36;0.35321834683418274
0.74;0.7410801649093628;0.1;0.10472958534955978;0.42;0.3882794678211212
0.72;0.7109102606773376;0.12;0.12369559705257416;0.22;0.23416289687156677
0.2;0.2004707157611847;0.76;0.7486807107925415;0.12;0.12424086034297943
0.26;0.2381378561258316;0.24;0.3221327066421509;0.28;0.24486956000328064
0.68;0.6960435509681702;0.24;0.2490558624267578;0.34;0.34834349155426025
0.28;0.2523685097694397;0.18;0.216466024518013;0.28;0.25570687651634216
0.16;0.1593603789806366;0.82;0.8079390525817871;0.14;0.14006692171096802
0.6;0.593360185623169;0.16;0.1484009027481079;0.24;0.2490730732679367
0.26;0.26261043548583984;0.46;0.46025577187538147;0.34;0.34310969710350037
0.14;0.14685606956481934;0.46;0.46527087688446045;0.42;0.42450180649757385
0.16;0.1635054498910904;0.58;0.582885205745697;0.28;0.2786269783973694
0.62;0.6174379587173462;0.12;0.11782089620828629;0.18;0.18430742621421814
0.24;0.24048256874084473;0.52;0.501514196395874;0.34;0.3402257561683655
0.68;0.6729064583778381;0.28;0.2906630039215088;0.38;0.37972742319107056
0.54;0.5523397326469421;0.3;0.3005650043487549;0.12;0.12105564028024673
0.54;0.5400059819221497;0.38;0.3901311457157135;0.42;0.41512975096702576
0.5;0.4915681481361389;0.34;0.36009567975997925;0.16;0.15417686104774475
0.58;0.569604754447937;0.26;0.25915998220443726;0.42;0.42422181367874146
0.16;0.1611441671848297;0.42;0.45321065187454224;0.24;0.23998704552650452
0.56;0.571096658706665;0.36;0.3731346130371094;0.24;0.24667438864707947
0.18;0.17737779021263123;0.26;0.2677934765815735;0.34;0.3448876440525055
0.42;0.41735953092575073;0.1;0.10917499661445618;0.44;0.42041096091270447
0.36;0.3628478944301605;0.44;0.44071292877197266;0.38;0.38325297832489014
0.24;0.23777805268764496;0.24;0.25914567708969116;0.14;0.12777873873710632
0.58;0.574644923210144;0.28;0.2734319567680359;0.16;0.16743895411491394
0.58;0.5869733095169067;0.12;0.12706439197063446;0.26;0.2568979263305664
0.64;0.6515108942985535;0.1;0.09715288877487183;0.1;0.1012694388628006
0.44;0.42523330450057983;0.12;0.11726585775613785;0.16;0.17137391865253448
0.62;0.6075525283813477;0.14;0.15072232484817505;0.22;0.22294864058494568
0.2;0.1970880776643753;0.74;0.7551240921020508;0.32;0.31932610273361206
0.42;0.41049379110336304;0.18;0.1760772317647934;0.26;0.2663036286830902
0.42;0.4351433217525482;0.42;0.389618843793869;0.16;0.16181519627571106
0.14;0.1338626891374588;0.18;0.17265839874744415;0.38;0.3764531910419464
0.3;0.30724528431892395;0.56;0.5527344346046448;0.12;0.11872804164886475
0.24;0.23289479315280914;0.22;0.23602108657360077;0.4;0.3866156339645386
0.58;0.5863228440284729;0.22;0.22446873784065247;0.2;0.20725946128368378
0.26;0.25520971417427063;0.56;0.5534281134605408;0.28;0.2814613878726959
0.28;0.2648148834705353;0.18;0.2225559502840042;0.42;0.4102395176887512
0.46;0.4720262885093689;0.44;0.4322487413883209;0.26;0.26316332817077637
0.32;0.32612717151641846;0.52;0.5205137729644775;0.24;0.24185506999492645
0.5;0.4834544360637665;0.36;0.3858826458454132;0.5;0.4832761883735657
0.6;0.6117607355117798;0.3;0.298784077167511;0.12;0.12779346108436584
0.14;0.1277805119752884;0.44;0.47078630328178406;0.26;0.25411906838417053
0.84;0.8406075835227966;0.12;0.12701041996479034;0.18;0.1806304007768631
0.24;0.24566525220870972;0.32;0.3146423399448395;0.38;0.3651335835456848
0.38;0.37639638781547546;0.12;0.1560930609703064;0.4;0.3712575435638428
0.22;0.22017158567905426;0.64;0.6370055079460144;0.5;0.5002319812774658
0.36;0.35669952630996704;0.56;0.5685677528381348;0.26;0.25781941413879395
0.46;0.44524502754211426;0.3;0.31803393363952637;0.32;0.3228929042816162
0.56;0.5514446496963501;0.28;0.27542567253112793;0.3;0.2928750514984131
0.12;0.12402016669511795;0.76;0.7483002543449402;0.18;0.17830312252044678
0.1;0.10936900973320007;0.3;0.28205785155296326;0.3;0.3083760440349579
0.44;0.41946521401405334;0.54;0.48755019903182983;0.1;0.10211636871099472
0.4;0.4050944745540619;0.48;0.47115957736968994;0.3;0.30293962359428406
0.1;0.10626760870218277;0.32;0.3047935664653778;0.38;0.3854244351387024
0.32;0.31179261207580566;0.24;0.23878832161426544;0.24;0.24244900047779083
0.2;0.2166118174791336;0.58;0.5681235194206238;0.1;0.10280565917491913
0.3;0.29344165325164795;0.16;0.17056304216384888;0.4;0.39630505442619324
0.12;0.12414770573377609;0.68;0.6629259586334229;0.26;0.2649594247341156
0.26;0.2678444981575012;0.32;0.3069533705711365;0.24;0.23710398375988007
0.54;0.5342453718185425;0.36;0.3523426055908203;0.34;0.33432212471961975
0.8;0.795994222164154;0.18;0.1703338325023651;0.46;0.46347665786743164
0.48;0.48079246282577515;0.5;0.4811537563800812;0.3;0.30594131350517273
0.6;0.6062684059143066;0.16;0.1762104034423828;0.14;0.14138507843017578
0.56;0.5441860556602478;0.36;0.36439430713653564;0.18;0.19141018390655518
0.48;0.4772314429283142;0.2;0.21190159022808075;0.18;0.17735221982002258
0.68;0.6899853944778442;0.22;0.21387504041194916;0.28;0.26458168029785156
0.42;0.42898523807525635;0.46;0.4424089789390564;0.12;0.1205340176820755
0.74;0.7318962216377258;0.12;0.11649148911237717;0.22;0.21628227829933167
0.64;0.622262179851532;0.34;0.29430896043777466;0.12;0.12826776504516602
0.48;0.4757945239543915;0.14;0.14740441739559174;0.46;0.4433507025241852
0.1;0.10542508959770203;0.86;0.8601222634315491;0.16;0.163594588637352
0.2;0.20047864317893982;0.78;0.7643508911132812;0.34;0.33926939964294434
0.58;0.5637255907058716;0.1;0.10072111338376999;0.14;0.13516566157341003
0.58;0.5508196949958801;0.4;0.4295140206813812;0.5;0.5009974837303162
0.38;0.37374022603034973;0.52;0.5018052458763123;0.42;0.42523255944252014
0.3;0.3009132742881775;0.3;0.2980944812297821;0.38;0.38205844163894653
0.22;0.22199761867523193;0.66;0.6601810455322266;0.48;0.48026782274246216
0.48;0.4661180377006531;0.32;0.35633423924446106;0.26;0.2578529715538025
0.78;0.7762508988380432;0.16;0.16010631620883942;0.14;0.14183615148067474
0.6;0.5973849296569824;0.32;0.317293643951416;0.2;0.20776042342185974
0.46;0.45472460985183716;0.38;0.39454442262649536;0.5;0.492083877325058
0.32;0.31636491417884827;0.6;0.6082102060317993;0.42;0.42197751998901367
0.24;0.25328710675239563;0.18;0.17916686832904816;0.42;0.41749048233032227
0.16;0.1501876264810562;0.46;0.45357275009155273;0.32;0.32107919454574585
0.2;0.19419950246810913;0.36;0.36516106128692627;0.42;0.41975751519203186
0.6;0.5992651581764221;0.18;0.18324629962444305;0.12;0.11739114671945572
0.5;0.49851489067077637;0.18;0.22926081717014313;0.24;0.22351893782615662
0.2;0.199887216091156;0.76;0.7681083679199219;0.28;0.2800554633140564
0.52;0.5208994150161743;0.12;0.13682205975055695;0.38;0.38906675577163696
0.72;0.7247557044029236;0.18;0.1828322857618332;0.1;0.10858509689569473
0.14;0.14734727144241333;0.24;0.24909381568431854;0.38;0.37667393684387207
0.54;0.5346176028251648;0.3;0.2925902307033539;0.22;0.2216668576002121
0.24;0.2185579389333725;0.22;0.2465682476758957;0.36;0.3615356683731079
0.16;0.1710115522146225;0.22;0.2262800931930542;0.34;0.32645007967948914
0.2;0.2008810043334961;0.12;0.13191087543964386;0.48;0.47020062804222107
0.3;0.29901838302612305;0.32;0.32698294520378113;0.48;0.47254887223243713
0.34;0.34139472246170044;0.64;0.6095036268234253;0.3;0.2998262643814087
0.28;0.2812773883342743;0.48;0.47456789016723633;0.24;0.24256828427314758
0.12;0.11310306191444397;0.4;0.40103524923324585;0.48;0.479111909866333
0.2;0.20326244831085205;0.6;0.5841911435127258;0.38;0.38238710165023804
0.28;0.2835763990879059;0.38;0.3838338255882263;0.14;0.1507977694272995
0.54;0.5398762822151184;0.36;0.355576753616333;0.1;0.11373504251241684
0.5;0.49951744079589844;0.36;0.3563169240951538;0.38;0.38159364461898804
0.32;0.3174392580986023;0.6;0.6198511123657227;0.36;0.360627681016922
0.26;0.26447537541389465;0.54;0.5271419882774353;0.48;0.48692455887794495
0.1;0.17127208411693573;0.62;0.4997636079788208;0.14;0.22471360862255096
0.68;0.6783834099769592;0.26;0.2787375748157501;0.5;0.49919891357421875
0.22;0.22630327939987183;0.54;0.5409154295921326;0.22;0.2223333865404129
0.42;0.4345535337924957;0.12;0.12044528871774673;0.44;0.44713515043258667
0.12;0.12181393057107925;0.72;0.7168402671813965;0.5;0.5002630949020386
0.48;0.479093998670578;0.48;0.49714529514312744;0.44;0.44046106934547424
0.4;0.3989805579185486;0.56;0.5637906789779663;0.44;0.4395334720611572
0.66;0.6574793457984924;0.28;0.28442302346229553;0.18;0.17975261807441711
0.1;0.11587108671665192;0.32;0.3122708201408386;0.46;0.45604151487350464
0.24;0.23268190026283264;0.3;0.316322922706604;0.36;0.35821276903152466
0.74;0.7393825054168701;0.1;0.10920900851488113;0.24;0.2296859323978424
0.16;0.16151367127895355;0.7;0.7016003131866455;0.46;0.46093255281448364
0.1;0.09878809750080109;0.18;0.18992124497890472;0.44;0.4346286356449127
0.3;0.30309945344924927;0.46;0.4551638662815094;0.42;0.42266207933425903
0.22;0.21753530204296112;0.54;0.5465826988220215;0.46;0.4598544239997864
0.2;0.19746893644332886;0.28;0.28984174132347107;0.46;0.45521268248558044
0.28;0.2795689105987549;0.7;0.6786805987358093;0.26;0.25890621542930603
0.12;0.11871441453695297;0.72;0.6985036134719849;0.48;0.48280447721481323
0.64;0.6448370218276978;0.24;0.25228384137153625;0.28;0.27148279547691345
0.1;0.10016407817602158;0.88;0.8494728803634644;0.44;0.43654727935791016
0.36;0.35393819212913513;0.5;0.48804596066474915;0.24;0.24056696891784668
0.26;0.2593018114566803;0.4;0.4045175313949585;0.28;0.28376325964927673
0.68;0.6822714805603027;0.22;0.21868637204170227;0.44;0.45119571685791016
0.3;0.29558080434799194;0.56;0.5567076802253723;0.42;0.4217972755432129
0.52;0.5194987654685974;0.4;0.41398781538009644;0.16;0.16009953618049622
0.36;0.357097864151001;0.52;0.5113393068313599;0.16;0.1561063826084137
0.12;0.12001293152570724;0.86;0.829958975315094;0.44;0.44046077132225037
0.2;0.19375061988830566;0.26;0.266490638256073;0.44;0.43321341276168823
0.42;0.4119347035884857;0.4;0.42291468381881714;0.34;0.3307799696922302
0.6;0.6005481481552124;0.38;0.3554568290710449;0.22;0.22092518210411072
0.18;0.18716977536678314;0.2;0.19255000352859497;0.24;0.24471452832221985
0.28;0.27569881081581116;0.64;0.6532335877418518;0.36;0.3582240045070648
0.64;0.6481772661209106;0.22;0.2231806367635727;0.44;0.44506388902664185
0.22;0.21892830729484558;0.48;0.46829700469970703;0.34;0.33719849586486816
0.28;0.2822977602481842;0.46;0.4379898011684418;0.26;0.2761226296424866
0.1;0.11824265867471695;0.7;0.6618521213531494;0.32;0.3349089026451111
0.42;0.42248207330703735;0.42;0.41859936714172363;0.36;0.3588889241218567
0.66;0.6591247320175171;0.1;0.10261040925979614;0.44;0.4226190447807312
0.12;0.11129094660282135;0.36;0.37111973762512207;0.28;0.28307589888572693
0.26;0.26555135846138;0.48;0.4755367338657379;0.2;0.20541958510875702
0.1;0.10250625014305115;0.38;0.382649689912796;0.34;0.3419390618801117
0.4;0.41414183378219604;0.36;0.3414585590362549;0.14;0.14380910992622375
0.3;0.29823094606399536;0.32;0.3105148673057556;0.14;0.14235293865203857
0.54;0.5281355381011963;0.16;0.16233912110328674;0.24;0.2457970678806305
0.32;0.31890952587127686;0.28;0.2718227803707123;0.28;0.28313174843788147
0.34;0.3595030903816223;0.36;0.2765776216983795;0.1;0.1185586005449295
0.14;0.13522528111934662;0.72;0.7134194374084473;0.16;0.15770867466926575
0.6;0.6121158003807068;0.2;0.2033480405807495;0.16;0.16488400101661682
0.58;0.5779305696487427;0.16;0.16626892983913422;0.12;0.116258904337883
0.34;0.340875506401062;0.44;0.44212621450424194;0.26;0.26115310192108154
0.34;0.34882983565330505;0.52;0.5058797597885132;0.18;0.1810743659734726
0.34;0.3425096571445465;0.48;0.47644534707069397;0.2;0.19864170253276825
0.22;0.2041453868150711;0.14;0.1369875967502594;0.26;0.25188183784484863
0.58;0.5882669687271118;0.12;0.10275594890117645;0.1;0.10704843699932098
0.24;0.25104278326034546;0.3;0.3117028474807739;0.18;0.17303785681724548
0.36;0.3578594923019409;0.3;0.3025979697704315;0.48;0.48312678933143616
0.44;0.43347546458244324;0.42;0.399903267621994;0.16;0.15836791694164276
0.34;0.33977657556533813;0.58;0.5786300301551819;0.38;0.3800075054168701
0.36;0.35377469658851624;0.58;0.5860949754714966;0.48;0.48151731491088867
0.56;0.5565186142921448;0.18;0.17966367304325104;0.4;0.4247189164161682
0.2;0.20106419920921326;0.64;0.6461172103881836;0.18;0.17839300632476807
0.38;0.38117167353630066;0.52;0.5045210719108582;0.46;0.46175622940063477
0.86;0.8542812466621399;0.1;0.11779167503118515;0.4;0.39954274892807007
0.22;0.23235929012298584;0.3;0.2885136306285858;0.1;0.10385087877511978
0.78;0.7902446389198303;0.2;0.17974916100502014;0.16;0.16982367634773254
0.36;0.3601174056529999;0.14;0.13378362357616425;0.14;0.14349909126758575
0.38;0.3729606568813324;0.28;0.26233071088790894;0.24;0.24682259559631348
0.24;0.2331882119178772;0.14;0.14781032502651215;0.3;0.28782689571380615
0.66;0.6602266430854797;0.16;0.15378977358341217;0.38;0.3723805844783783
0.72;0.7100794911384583;0.1;0.1092492938041687;0.34;0.3348765969276428
0.46;0.4502309560775757;0.48;0.4898701012134552;0.28;0.27912741899490356
0.46;0.46873876452445984;0.36;0.3562030494213104;0.38;0.38471779227256775
0.54;0.5381199717521667;0.32;0.31949377059936523;0.28;0.27120018005371094
0.26;0.24930307269096375;0.14;0.1437906175851822;0.22;0.21907028555870056
0.64;0.638824999332428;0.24;0.245869442820549;0.14;0.13894158601760864
0.56;0.5569949150085449;0.1;0.10124021768569946;0.26;0.24750781059265137
0.42;0.4180164635181427;0.4;0.3986121416091919;0.4;0.4010675549507141
0.46;0.4550860524177551;0.28;0.30260735750198364;0.36;0.3542199432849884
0.52;0.511428952217102;0.22;0.21330028772354126;0.18;0.17439082264900208
0.44;0.42643818259239197;0.12;0.11856269091367722;0.22;0.2314988076686859
0.48;0.47537359595298767;0.16;0.15125645697116852;0.44;0.435555636882782
0.82;0.8097196817398071;0.1;0.11091554164886475;0.18;0.16820606589317322
0.4;0.40505045652389526;0.16;0.16680331528186798;0.48;0.47820931673049927
0.2;0.19873350858688354;0.1;0.10604465752840042;0.36;0.3384590744972229
0.14;0.12965963780879974;0.44;0.4535507559776306;0.2;0.20806589722633362
0.16;0.1613290011882782;0.36;0.37931156158447266;0.24;0.2481788694858551
0.14;0.1381034553050995;0.72;0.7179136276245117;0.34;0.34035712480545044
0.32;0.31711629033088684;0.66;0.6474542021751404;0.12;0.1185472160577774
0.16;0.16355842351913452;0.66;0.6558513045310974;0.36;0.3608728051185608
0.44;0.4375144839286804;0.5;0.502572238445282;0.38;0.38000962138175964
0.7;0.7018975019454956;0.28;0.2648489773273468;0.36;0.36383548378944397
0.18;0.1812954992055893;0.4;0.4266781210899353;0.34;0.32966262102127075
0.26;0.2685069441795349;0.4;0.4061588943004608;0.12;0.11452104151248932
0.6;0.6080154180526733;0.2;0.1935034990310669;0.34;0.3558723032474518
0.12;0.12864425778388977;0.22;0.22189223766326904;0.5;0.4853284955024719
0.58;0.5778763890266418;0.24;0.23007741570472717;0.12;0.13470599055290222
0.84;0.83770751953125;0.14;0.1259911060333252;0.12;0.11797548830509186
0.54;0.5378794074058533;0.26;0.25846827030181885;0.24;0.23855146765708923
0.1;0.11028192937374115;0.54;0.5179294347763062;0.38;0.40013208985328674
0.28;0.27873528003692627;0.32;0.3159710466861725;0.16;0.16344550251960754
0.34;0.33925142884254456;0.48;0.46346986293792725;0.38;0.37924444675445557
0.62;0.6082820892333984;0.1;0.11809079349040985;0.28;0.2805875539779663
0.28;0.27954813838005066;0.62;0.6132472157478333;0.42;0.4196523129940033
0.46;0.46228212118148804;0.24;0.24097102880477905;0.16;0.17411310970783234
0.24;0.2331899106502533;0.4;0.41776999831199646;0.34;0.3330656886100769
0.14;0.14054422080516815;0.7;0.6882493495941162;0.18;0.18212513625621796
0.22;0.22035683691501617;0.72;0.7135028839111328;0.48;0.48008424043655396
0.36;0.3535071313381195;0.4;0.4081075191497803;0.5;0.4934558868408203
0.36;0.3608691394329071;0.5;0.48418503999710083;0.16;0.1665433943271637
0.24;0.2379770427942276;0.36;0.3675200939178467;0.46;0.4599932134151459
0.62;0.6156126856803894;0.26;0.2535783052444458;0.46;0.4660830497741699
0.82;0.8094186782836914;0.12;0.12832379341125488;0.24;0.24643930792808533
0.26;0.26443326473236084;0.64;0.6255285739898682;0.26;0.2601625919342041
0.14;0.13553683459758759;0.38;0.3830359876155853;0.3;0.29780372977256775
0.14;0.13781417906284332;0.32;0.3158234655857086;0.18;0.18301880359649658
0.62;0.6225712299346924;0.3;0.30292126536369324;0.5;0.5011687874794006
0.34;0.32076647877693176;0.4;0.387479305267334;0.24;0.23823663592338562
0.1;0.11882737278938293;0.54;0.4891602694988251;0.14;0.15433168411254883
0.14;0.1422288864850998;0.66;0.6474703550338745;0.18;0.18152141571044922
0.28;0.2842192053794861;0.1;0.11288635432720184;0.22;0.20001693069934845
0.46;0.46297386288642883;0.52;0.5008370280265808;0.34;0.3417913317680359
0.5;0.49949097633361816;0.48;0.45932891964912415;0.48;0.4810040593147278
0.14;0.13357587158679962;0.76;0.7627207636833191;0.32;0.3180959224700928
0.12;0.120295949280262;0.78;0.7800859212875366;0.3;0.29915735125541687
0.26;0.25675731897354126;0.68;0.6958785057067871;0.4;0.3987610638141632
0.38;0.3893653154373169;0.48;0.4679161012172699;0.18;0.19369781017303467
0.14;0.1347266435623169;0.58;0.591490626335144;0.42;0.4119376242160797
0.18;0.18052895367145538;0.2;0.21960122883319855;0.36;0.3599552512168884
0.3;0.31147506833076477;0.14;0.14030322432518005;0.4;0.4366307854652405
0.3;0.2933643162250519;0.56;0.5579994320869446;0.5;0.49884462356567383
0.6;0.5890328288078308;0.1;0.11561074107885361;0.2;0.18402725458145142
0.36;0.358269602060318;0.6;0.6013321280479431;0.36;0.36046767234802246
0.32;0.32009071111679077;0.52;0.5110871195793152;0.26;0.25817498564720154
0.42;0.41361838579177856;0.2;0.1994859278202057;0.12;0.11814253032207489
0.16;0.16309140622615814;0.18;0.18053476512432098;0.42;0.41457778215408325
0.34;0.3400123417377472;0.3;0.3002932071685791;0.44;0.4363808035850525
0.48;0.49781185388565063;0.44;0.44317466020584106;0.42;0.4251370429992676
0.44;0.4391898512840271;0.48;0.46918416023254395;0.18;0.18215368688106537
0.1;0.11098171025514603;0.78;0.7643860578536987;0.24;0.24409213662147522
0.22;0.2228829264640808;0.62;0.615356981754303;0.42;0.422489732503891
0.2;0.208481565117836;0.44;0.4325847923755646;0.36;0.3661418557167053
0.5;0.5032584071159363;0.48;0.455525666475296;0.32;0.32576242089271545
0.28;0.27709394693374634;0.1;0.10520670562982559;0.34;0.3096081614494324
0.12;0.10992444306612015;0.48;0.509170413017273;0.22;0.212174654006958
0.36;0.36075466871261597;0.62;0.5944806933403015;0.22;0.2242225706577301
0.12;0.12121754139661789;0.84;0.843455970287323;0.12;0.12078149616718292
0.18;0.1718633621931076;0.44;0.4548548460006714;0.46;0.452890545129776
0.18;0.17893779277801514;0.72;0.7346464395523071;0.26;0.25983721017837524
0.4;0.42155981063842773;0.22;0.21970513463020325;0.2;0.2091691493988037
0.2;0.19706813991069794;0.46;0.47153881192207336;0.48;0.4737589955329895
0.36;0.34952861070632935;0.56;0.5515919923782349;0.1;0.10044138133525848
0.28;0.27729496359825134;0.38;0.3759935200214386;0.28;0.2732163369655609
0.32;0.32116371393203735;0.32;0.3272134065628052;0.5;0.49620357155799866
0.38;0.37730953097343445;0.38;0.3829897940158844;0.14;0.13802441954612732
0.3;0.3047069013118744;0.4;0.39497125148773193;0.32;0.32645294070243835
0.5;0.473696768283844;0.1;0.1527509093284607;0.5;0.4403017461299896
0.16;0.15249589085578918;0.34;0.35082271695137024;0.14;0.13688205182552338
0.52;0.5198569893836975;0.24;0.2591862380504608;0.14;0.13909754157066345
0.8;0.7946807742118835;0.1;0.11053398251533508;0.32;0.3071001172065735
0.12;0.13626998662948608;0.74;0.7255744338035583;0.2;0.20165295898914337
0.46;0.4710787534713745;0.36;0.35443952679634094;0.34;0.347461462020874
0.2;0.1981900930404663;0.14;0.1311180591583252;0.32;0.31686097383499146
0.4;0.4051404297351837;0.4;0.39673393964767456;0.3;0.30763810873031616
0.34;0.34714895486831665;0.44;0.4345574676990509;0.42;0.4255838394165039
0.6;0.600378155708313;0.38;0.35959669947624207;0.24;0.24196358025074005
0.26;0.2539559602737427;0.32;0.3084830045700073;0.34;0.34739816188812256
0.36;0.3506735861301422;0.32;0.2849457263946533;0.1;0.10399232804775238
0.4;0.40078410506248474;0.46;0.4488987624645233;0.14;0.14363600313663483
0.28;0.280722439289093;0.3;0.30773213505744934;0.12;0.1226487010717392
0.24;0.24443286657333374;0.48;0.46830523014068604;0.16;0.1625223159790039
0.2;0.19005797803401947;0.78;0.7509552240371704;0.22;0.22859463095664978
0.12;0.13299107551574707;0.1;0.10981620103120804;0.32;0.3002855181694031
0.66;0.6585664749145508;0.12;0.11073125898838043;0.34;0.33006200194358826
0.56;0.5627955794334412;0.16;0.1593342423439026;0.32;0.3200654685497284
0.1;0.11219678074121475;0.24;0.24392904341220856;0.44;0.4429519772529602
0.54;0.534439742565155;0.42;0.43183302879333496;0.32;0.31978294253349304
0.16;0.15042637288570404;0.36;0.36024704575538635;0.26;0.2518731653690338
0.48;0.47623518109321594;0.38;0.40311723947525024;0.5;0.4906403422355652
0.24;0.23389790952205658;0.46;0.46432703733444214;0.26;0.256540447473526
0.46;0.47510138154029846;0.16;0.14976760745048523;0.2;0.2177063673734665
0.28;0.2818182110786438;0.54;0.5362622737884521;0.46;0.45962852239608765
0.46;0.4642653465270996;0.52;0.49487924575805664;0.38;0.3804361820220947
0.4;0.40731126070022583;0.26;0.24946674704551697;0.26;0.26783889532089233
0.3;0.29813021421432495;0.14;0.14036300778388977;0.18;0.17826560139656067
0.78;0.7808476090431213;0.2;0.17731143534183502;0.24;0.24525848031044006
0.56;0.5660738945007324;0.16;0.16908182203769684;0.12;0.11695543676614761
0.28;0.28487470746040344;0.26;0.26507335901260376;0.46;0.44787129759788513
0.28;0.28840911388397217;0.22;0.1997498869895935;0.1;0.10721920430660248
0.52;0.5239026546478271;0.16;0.1672927588224411;0.14;0.13786214590072632
0.22;0.2184927761554718;0.32;0.33523526787757874;0.32;0.30948886275291443
0.22;0.2192530333995819;0.52;0.513096272945404;0.36;0.3607049584388733
0.12;0.12089146673679352;0.76;0.7774028182029724;0.5;0.4997001588344574
0.3;0.30371788144111633;0.22;0.22063009440898895;0.12;0.1242084726691246
0.54;0.5471423268318176;0.26;0.26209673285484314;0.28;0.29143449664115906
0.54;0.5334388017654419;0.22;0.24206744134426117;0.16;0.1606418788433075
0.42;0.45621663331985474;0.12;0.12295830994844437;0.24;0.23615440726280212
0.6;0.5923667550086975;0.2;0.19633765518665314;0.18;0.17642918229103088
0.48;0.47798219323158264;0.42;0.41930481791496277;0.16;0.15654392540454865
0.24;0.24373643100261688;0.48;0.4726516008377075;0.2;0.20707693696022034
0.36;0.35868823528289795;0.14;0.17975014448165894;0.34;0.2912499010562897
0.32;0.3136686682701111;0.58;0.5778480768203735;0.1;0.09920479357242584
0.2;0.1902887225151062;0.42;0.45013174414634705;0.4;0.38578349351882935
0.84;0.8397947549819946;0.14;0.12513631582260132;0.46;0.45271554589271545
0.38;0.37926119565963745;0.42;0.4155769944190979;0.22;0.21596121788024902
0.42;0.4147830903530121;0.3;0.30168309807777405;0.4;0.39598754048347473
0.62;0.6298014521598816;0.26;0.2502424120903015;0.12;0.12837515771389008
0.28;0.28090572357177734;0.62;0.6141854524612427;0.44;0.44050759077072144
0.6;0.6080825924873352;0.32;0.3199121952056885;0.14;0.14253592491149902
0.54;0.5278894305229187;0.36;0.37693116068840027;0.4;0.39366090297698975
0.22;0.22975653409957886;0.68;0.6723334789276123;0.32;0.3199514150619507
0.46;0.46036696434020996;0.32;0.3018888533115387;0.2;0.19699756801128387
0.22;0.20864655077457428;0.28;0.28947386145591736;0.2;0.18684783577919006
0.72;0.7138136625289917;0.2;0.19156651198863983;0.18;0.17684414982795715
0.78;0.7534807324409485;0.12;0.11775772273540497;0.3;0.30854332447052
0.52;0.5238977074623108;0.36;0.35194581747055054;0.46;0.46207839250564575
0.58;0.5842816233634949;0.24;0.22955933213233948;0.1;0.11728346347808838
0.14;0.14333002269268036;0.54;0.5571630597114563;0.38;0.3837259113788605
0.1;0.10572230815887451;0.3;0.29514187574386597;0.38;0.3724942207336426
0.54;0.5451993346214294;0.38;0.38626864552497864;0.12;0.12322445958852768
0.32;0.3314071595668793;0.38;0.28466498851776123;0.1;0.12266804277896881
0.16;0.16073155403137207;0.78;0.7844725847244263;0.22;0.222652867436409
0.12;0.1192612424492836;0.12;0.11753594875335693;0.34;0.3226970434188843
0.26;0.26952674984931946;0.6;0.5891261100769043;0.46;0.46056145429611206
0.38;0.3795631527900696;0.58;0.5882484912872314;0.14;0.1384187638759613
0.3;0.2958661913871765;0.28;0.26136159896850586;0.16;0.16581210494041443
0.44;0.4398680627346039;0.24;0.25587525963783264;0.28;0.291076123714447
0.48;0.47605395317077637;0.18;0.1836516410112381;0.44;0.4439226984977722
0.56;0.5541739463806152;0.16;0.1562037616968155;0.26;0.2626217305660248
0.58;0.5791884064674377;0.18;0.17534862458705902;0.1;0.10357685387134552
0.28;0.2820650339126587;0.58;0.5886259078979492;0.12;0.11990268528461456
0.28;0.28344494104385376;0.42;0.4130830764770508;0.42;0.4227007329463959
0.26;0.2552214562892914;0.64;0.6314584612846375;0.32;0.3206266462802887
0.16;0.16373315453529358;0.74;0.7415846586227417;0.14;0.13964271545410156
0.12;0.13188038766384125;0.56;0.5339815616607666;0.18;0.19595803320407867
0.62;0.6270079016685486;0.26;0.25498342514038086;0.36;0.35725557804107666
0.14;0.16155599057674408;0.14;0.13762561976909637;0.2;0.20342004299163818
0.18;0.19468645751476288;0.22;0.23026221990585327;0.32;0.3208521604537964
0.38;0.3788752257823944;0.44;0.43475446105003357;0.4;0.39597293734550476
0.16;0.1682085394859314;0.56;0.5551648139953613;0.14;0.14104752242565155
0.28;0.2857302129268646;0.3;0.3031841516494751;0.4;0.3647576868534088
0.68;0.6800624132156372;0.16;0.15394839644432068;0.34;0.32569319009780884
0.12;0.11932253837585449;0.84;0.8474637269973755;0.28;0.27726584672927856
0.4;0.40055787563323975;0.52;0.5029430985450745;0.1;0.10018912702798843
0.32;0.32242387533187866;0.52;0.5175256133079529;0.46;0.45775851607322693
0.28;0.2860988676548004;0.42;0.4235011637210846;0.38;0.38068804144859314
0.74;0.7309524416923523;0.1;0.1139543280005455;0.18;0.1668827086687088
0.38;0.3862026333808899;0.34;0.34629353880882263;0.16;0.15465371310710907
0.4;0.39866408705711365;0.52;0.532423734664917;0.34;0.33862680196762085
0.42;0.4254765808582306;0.52;0.5293370485305786;0.3;0.30403822660446167
0.1;0.13060826063156128;0.56;0.49305492639541626;0.34;0.3886477053165436
0.18;0.18099291622638702;0.62;0.6114798188209534;0.1;0.0992501750588417
0.2;0.20277905464172363;0.1;0.1019124984741211;0.34;0.32632559537887573
0.32;0.31702205538749695;0.4;0.3923778235912323;0.38;0.3817199170589447
0.16;0.16602471470832825;0.64;0.6402298808097839;0.16;0.15870656073093414
0.32;0.32023128867149353;0.3;0.2982586920261383;0.26;0.26242879033088684
0.18;0.17787297070026398;0.72;0.7126853466033936;0.4;0.399976521730423
0.7;0.6995559334754944;0.26;0.2364082932472229;0.4;0.40698686242103577
0.16;0.15505485236644745;0.6;0.6132292747497559;0.28;0.27593857049942017
0.4;0.38079550862312317;0.26;0.2589547336101532;0.2;0.20688119530677795
0.62;0.6276895999908447;0.22;0.22563132643699646;0.12;0.11594810336828232
0.52;0.5188056230545044;0.2;0.2152785360813141;0.34;0.3187338411808014
0.72;0.7116416692733765;0.2;0.2135525345802307;0.12;0.11830902099609375
0.24;0.24598410725593567;0.62;0.6221476793289185;0.38;0.38271182775497437
0.44;0.44547510147094727;0.26;0.2717647850513458;0.12;0.11685391515493393
0.2;0.20460109412670135;0.32;0.30362147092819214;0.34;0.3449372947216034
0.3;0.29964154958724976;0.64;0.6441386938095093;0.18;0.18078653514385223
0.38;0.38057824969291687;0.4;0.4032258093357086;0.38;0.3765563368797302
0.28;0.27569815516471863;0.52;0.517969012260437;0.28;0.2807271480560303
0.26;0.2673876881599426;0.7;0.6878049373626709;0.22;0.21918749809265137
0.16;0.1575055569410324;0.64;0.6368788480758667;0.24;0.24020178616046906
0.54;0.5544718503952026;0.32;0.3107205331325531;0.3;0.3075672388076782
0.24;0.24010267853736877;0.2;0.20491282641887665;0.3;0.31773248314857483
0.14;0.13498935103416443;0.46;0.4778245687484741;0.26;0.2545022666454315
0.16;0.16211353242397308;0.58;0.5975094437599182;0.18;0.1723632514476776
0.52;0.5165010094642639;0.46;0.44460123777389526;0.36;0.3610081970691681
0.68;0.6814932823181152;0.22;0.21271614730358124;0.34;0.3415903151035309
0.12;0.12947623431682587;0.56;0.5429924726486206;0.34;0.34857234358787537
0.32;0.3191767632961273;0.12;0.12088269740343094;0.2;0.20941057801246643
0.88;0.8754414319992065;0.1;0.10671186447143555;0.32;0.3168770670890808
0.24;0.2445617914199829;0.38;0.3969065546989441;0.22;0.2150181233882904
0.4;0.39651209115982056;0.22;0.21919307112693787;0.48;0.4795716404914856
0.3;0.28759637475013733;0.2;0.25198298692703247;0.4;0.37619370222091675
0.14;0.14075875282287598;0.38;0.38301193714141846;0.18;0.18115492165088654
0.24;0.2421995997428894;0.7;0.7090353965759277;0.38;0.38369911909103394
0.32;0.31618431210517883;0.4;0.3985496759414673;0.28;0.2825888991355896
0.18;0.1819632202386856;0.36;0.35895922780036926;0.46;0.47815656661987305
0.46;0.4570503234863281;0.2;0.21216833591461182;0.26;0.2808738648891449
0.22;0.2194221019744873;0.24;0.23409739136695862;0.12;0.12484294176101685
0.76;0.7658210396766663;0.22;0.19641999900341034;0.22;0.22196054458618164
0.42;0.4248904883861542;0.48;0.47383448481559753;0.1;0.10366997867822647
0.12;0.135682612657547;0.64;0.5873982906341553;0.16;0.16178357601165771
0.3;0.2990417778491974;0.22;0.2585454285144806;0.5;0.4666635990142822
0.34;0.33961689472198486;0.22;0.21979184448719025;0.3;0.2957223057746887
0.5;0.5024153590202332;0.46;0.4705864489078522;0.38;0.3807760775089264
0.1;0.11565308272838593;0.78;0.7690237164497375;0.28;0.28378430008888245
0.3;0.30011987686157227;0.66;0.6655668020248413;0.28;0.28033480048179626
0.36;0.35844510793685913;0.48;0.4572139084339142;0.38;0.3815210163593292
0.38;0.38102617859840393;0.32;0.3272196054458618;0.48;0.4771397113800049
0.12;0.11762194335460663;0.36;0.34832754731178284;0.46;0.46171969175338745
0.48;0.47808125615119934;0.2;0.19507454335689545;0.14;0.14375586807727814
0.5;0.4944707751274109;0.44;0.4506748616695404;0.1;0.10187634080648422
0.26;0.26096928119659424;0.72;0.7008451819419861;0.24;0.23981809616088867
0.48;0.4920699894428253;0.38;0.3684574365615845;0.42;0.42323312163352966
0.7;0.6984720826148987;0.28;0.25798505544662476;0.14;0.14603373408317566
0.18;0.18002104759216309;0.74;0.780897855758667;0.5;0.4997956156730652
0.44;0.43696820735931396;0.34;0.34232479333877563;0.28;0.29061418771743774
0.18;0.1738511621952057;0.36;0.3732419013977051;0.5;0.4892858564853668
0.52;0.5086624026298523;0.24;0.2540326416492462;0.2;0.18616017699241638
0.46;0.4623328745365143;0.4;0.38604333996772766;0.34;0.34777408838272095
0.14;0.13998472690582275;0.72;0.71803218126297;0.22;0.22162291407585144
0.18;0.17900320887565613;0.62;0.6146867871284485;0.16;0.15820817649364471
0.44;0.4534716308116913;0.36;0.3468104302883148;0.34;0.3488330841064453
0.58;0.573992908000946;0.26;0.25837433338165283;0.3;0.30634835362434387
0.76;0.7465154528617859;0.12;0.11607926338911057;0.14;0.1460741013288498
0.34;0.34083184599876404;0.62;0.6110456585884094;0.3;0.2994959354400635
0.5;0.47534456849098206;0.24;0.25304701924324036;0.48;0.4712642729282379
0.22;0.22090311348438263;0.54;0.5402891635894775;0.38;0.3848271071910858
0.4;0.3909934461116791;0.3;0.31439539790153503;0.5;0.4848603308200836
0.34;0.34428665041923523;0.58;0.5895837545394897;0.18;0.1810476928949356
0.34;0.3449626564979553;0.2;0.20106245577335358;0.26;0.2536051869392395
0.62;0.6108559370040894;0.22;0.2227279543876648;0.4;0.3958621621131897
0.62;0.6121164560317993;0.36;0.34197255969047546;0.32;0.3191002905368805
0.58;0.5806505084037781;0.14;0.15251365303993225;0.26;0.25815844535827637
0.7;0.6972407698631287;0.2;0.19753119349479675;0.28;0.2894795536994934
0.46;0.46651196479797363;0.14;0.1326620727777481;0.12;0.12539167702198029
0.16;0.16260333359241486;0.48;0.4793364107608795;0.2;0.20208792388439178
0.46;0.44118714332580566;0.14;0.14601467549800873;0.1;0.10660934448242188
0.64;0.6451292037963867;0.12;0.12428144365549088;0.4;0.4023306965827942
0.18;0.17352630198001862;0.42;0.41133248805999756;0.28;0.2826012670993805
0.12;0.12106599658727646;0.5;0.4988614320755005;0.22;0.22884240746498108
0.36;0.36441725492477417;0.52;0.5205954313278198;0.48;0.48016804456710815
0.42;0.4086493253707886;0.18;0.16294734179973602;0.16;0.1840296983718872
0.44;0.4508964419364929;0.22;0.2092503309249878;0.14;0.13982519507408142
0.32;0.3183846175670624;0.26;0.25042077898979187;0.46;0.4647761285305023
0.74;0.7316170334815979;0.24;0.22337451577186584;0.2;0.20115724205970764
0.38;0.3789405822753906;0.58;0.586493194103241;0.22;0.2182108610868454
0.48;0.4818992018699646;0.38;0.3907051384449005;0.1;0.1116434708237648
0.12;0.16434839367866516;0.56;0.4736018776893616;0.1;0.12610852718353271
0.14;0.13368059694766998;0.4;0.4175781309604645;0.5;0.48603135347366333
0.78;0.7663090229034424;0.16;0.17289742827415466;0.3;0.2980985641479492
0.42;0.41447025537490845;0.26;0.2662743926048279;0.34;0.3309701085090637
0.56;0.5560265779495239;0.28;0.2682996392250061;0.28;0.28879493474960327
0.22;0.22151295840740204;0.56;0.5477384328842163;0.38;0.3860326409339905
0.18;0.1748407632112503;0.36;0.36182838678359985;0.34;0.3403535485267639
0.44;0.4375621974468231;0.28;0.2954152822494507;0.34;0.34094664454460144
0.74;0.7215284109115601;0.16;0.1616806983947754;0.48;0.4806913435459137
0.1;0.10265429317951202;0.28;0.27683109045028687;0.4;0.3821414113044739
0.44;0.4256689250469208;0.22;0.23383107781410217;0.26;0.2592955529689789
0.26;0.2676398754119873;0.5;0.4920189380645752;0.32;0.3224029242992401
0.52;0.5225057005882263;0.34;0.35858121514320374;0.12;0.11693831533193588
0.64;0.6314273476600647;0.28;0.28300362825393677;0.26;0.26126497983932495
0.52;0.5332184433937073;0.38;0.3622867166996002;0.32;0.32346898317337036
0.32;0.3198806941509247;0.38;0.3731675148010254;0.34;0.34313058853149414
0.28;0.2769761085510254;0.6;0.5956200957298279;0.3;0.29830291867256165
0.56;0.5588138699531555;0.4;0.4044637382030487;0.2;0.20603100955486298
0.22;0.21865707635879517;0.58;0.587371289730072;0.42;0.4214421808719635
0.24;0.23802213370800018;0.28;0.2769630253314972;0.44;0.4315721392631531
0.78;0.7784886956214905;0.12;0.1270550936460495;0.44;0.43698185682296753
0.3;0.30803611874580383;0.28;0.2548205852508545;0.1;0.1106083020567894
0.4;0.39473074674606323;0.1;0.18118242919445038;0.18;0.10443173348903656
0.1;0.11031399667263031;0.18;0.17661994695663452;0.28;0.279371440410614
0.62;0.6170425415039062;0.1;0.10585092753171921;0.5;0.4804522395133972
0.56;0.5448784232139587;0.42;0.41443800926208496;0.5;0.49789944291114807
0.34;0.33555683493614197;0.6;0.61751389503479;0.36;0.36213231086730957
0.74;0.7382451891899109;0.18;0.1901758313179016;0.12;0.126693457365036
0.76;0.7549033761024475;0.12;0.1299978643655777;0.16;0.1598900854587555
0.18;0.17275407910346985;0.48;0.5062015652656555;0.24;0.22806291282176971
0.64;0.6476607322692871;0.2;0.192435622215271;0.44;0.4448184072971344
0.38;0.3718103766441345;0.1;0.10646095871925354;0.18;0.17129617929458618
0.24;0.24724821746349335;0.64;0.6269155144691467;0.2;0.19792158901691437
0.34;0.3438642919063568;0.5;0.4694346487522125;0.1;0.10085505247116089
0.12;0.12148565798997879;0.74;0.7202906608581543;0.48;0.48375779390335083
0.52;0.5019456744194031;0.28;0.30808618664741516;0.5;0.48510757088661194
0.38;0.39034348726272583;0.5;0.4724251329898834;0.42;0.42443427443504333
0.36;0.35515591502189636;0.14;0.17726096510887146;0.32;0.2796552777290344
0.26;0.26364627480506897;0.4;0.40292108058929443;0.14;0.14738795161247253
0.26;0.26403453946113586;0.7;0.6850371360778809;0.26;0.26371675729751587
0.22;0.22051116824150085;0.5;0.5068774223327637;0.46;0.4592682719230652
0.34;0.33886924386024475;0.12;0.09349319338798523;0.46;0.45063453912734985
0.56;0.5554541349411011;0.22;0.2377156913280487;0.36;0.3723466992378235
0.26;0.26707419753074646;0.72;0.6921215653419495;0.22;0.22012081742286682
0.5;0.4953957200050354;0.14;0.15896496176719666;0.4;0.3845765292644501
0.3;0.30330485105514526;0.62;0.6290203332901001;0.48;0.4810861647129059
0.34;0.3367830514907837;0.3;0.3066163659095764;0.48;0.4722532629966736
0.5;0.5004057288169861;0.28;0.2810976207256317;0.14;0.13256843388080597
0.22;0.20905962586402893;0.4;0.39232373237609863;0.24;0.23095965385437012
0.32;0.3207907974720001;0.52;0.5138578414916992;0.48;0.480569452047348
0.66;0.6586030125617981;0.3;0.31934547424316406;0.32;0.3222668468952179
0.14;0.14563319087028503;0.52;0.5334053039550781;0.34;0.3332899212837219
0.16;0.1510898470878601;0.36;0.401293009519577;0.5;0.46971043944358826
0.54;0.5306348204612732;0.14;0.1462627798318863;0.26;0.2639900743961334
0.14;0.14048531651496887;0.7;0.6943204998970032;0.38;0.3855612576007843
0.2;0.19140611588954926;0.54;0.5360761284828186;0.2;0.1996004283428192
0.34;0.34204983711242676;0.28;0.27080777287483215;0.34;0.33452531695365906
0.52;0.5142650008201599;0.16;0.16694705188274384;0.32;0.3098917603492737
0.22;0.21110570430755615;0.46;0.47294676303863525;0.42;0.4102063775062561
0.58;0.5787717700004578;0.2;0.1923968493938446;0.38;0.3715626299381256
0.5;0.4907070994377136;0.24;0.23492801189422607;0.22;0.20585055649280548
0.26;0.2567508816719055;0.2;0.1717115044593811;0.26;0.25546619296073914
0.48;0.4800075888633728;0.26;0.25859713554382324;0.42;0.4156944155693054
0.14;0.13933761417865753;0.7;0.6749585866928101;0.22;0.22336940467357635
0.28;0.2800580859184265;0.68;0.6958315372467041;0.48;0.47973889112472534
0.64;0.6461796760559082;0.26;0.2626878321170807;0.3;0.308887779712677
0.16;0.1609833538532257;0.34;0.3476529121398926;0.44;0.4316708445549011
0.44;0.4465557932853699;0.22;0.22913210093975067;0.24;0.24397368729114532
0.68;0.661992609500885;0.14;0.150255024433136;0.24;0.24362187087535858
0.36;0.36123183369636536;0.34;0.3147147297859192;0.24;0.23630771040916443
0.48;0.4676772654056549;0.24;0.2361232340335846;0.32;0.3163614571094513
0.14;0.15132486820220947;0.62;0.6157994270324707;0.44;0.4456477165222168
0.26;0.2544475197792053;0.38;0.3861371874809265;0.34;0.3347574770450592
0.5;0.498971164226532;0.32;0.3238144516944885;0.42;0.4205087125301361
0.44;0.4347773790359497;0.24;0.24542002379894257;0.24;0.24124331772327423
0.12;0.1212669163942337;0.48;0.47039294242858887;0.38;0.3806065618991852
0.6;0.6052913665771484;0.24;0.24061715602874756;0.42;0.4259081780910492
0.74;0.7483121752738953;0.2;0.1997057944536209;0.14;0.14120331406593323
0.7;0.6911331415176392;0.22;0.22374333441257477;0.38;0.3759923279285431
0.52;0.5244454741477966;0.34;0.3369998037815094;0.42;0.4248029589653015
0.4;0.38933536410331726;0.1;0.14705762267112732;0.16;0.11042104661464691
0.3;0.2822200357913971;0.22;0.2191600203514099;0.34;0.3436124920845032
0.66;0.6512904167175293;0.14;0.12951108813285828;0.38;0.376858115196228
0.32;0.3399289548397064;0.66;0.6245633959770203;0.14;0.15043112635612488
0.36;0.35825204849243164;0.6;0.612610936164856;0.26;0.25862371921539307
0.2;0.20141731202602386;0.34;0.33648017048835754;0.1;0.1114930510520935
0.16;0.16320866346359253;0.58;0.5799227952957153;0.2;0.20366239547729492
0.14;0.13867846131324768;0.74;0.74989253282547;0.16;0.16242066025733948
0.7;0.7010610103607178;0.18;0.18117496371269226;0.32;0.33677321672439575
0.44;0.43701860308647156;0.38;0.3796486556529999;0.38;0.3702276349067688
0.7;0.698509931564331;0.28;0.2607257068157196;0.46;0.4596298336982727
0.6;0.5923722982406616;0.26;0.2693578004837036;0.36;0.3508298993110657
0.28;0.2821672856807709;0.68;0.6916036009788513;0.14;0.13951489329338074
0.3;0.30464231967926025;0.1;0.10095202922821045;0.28;0.26145845651626587
0.1;0.12251222878694534;0.76;0.7381633520126343;0.2;0.20494794845581055
0.66;0.6575883626937866;0.2;0.21009831130504608;0.48;0.48509731888771057
0.22;0.2236279398202896;0.46;0.45978614687919617;0.26;0.2604445815086365
0.68;0.6841635704040527;0.22;0.2286355197429657;0.38;0.3788033723831177
0.26;0.2464018166065216;0.26;0.26513174176216125;0.18;0.16485947370529175
0.4;0.3965667188167572;0.5;0.5085506439208984;0.16;0.15774409472942352
0.42;0.41583624482154846;0.22;0.22152748703956604;0.34;0.33796653151512146
0.42;0.40908095240592957;0.3;0.3157517611980438;0.18;0.18181848526000977
0.3;0.3052644729614258;0.28;0.28342679142951965;0.12;0.11825059354305267
0.22;0.22382304072380066;0.56;0.5631428956985474;0.44;0.43645161390304565
0.16;0.15165700018405914;0.5;0.5271028280258179;0.2;0.1939382553100586
0.68;0.6722230911254883;0.28;0.29352307319641113;0.12;0.11913998425006866
0.26;0.24744826555252075;0.38;0.3885866403579712;0.2;0.19840729236602783
0.36;0.3528386056423187;0.54;0.5388792753219604;0.16;0.16102275252342224
0.6;0.602600634098053;0.26;0.26614081859588623;0.38;0.3848251402378082
0.3;0.30698633193969727;0.1;0.10366260260343552;0.36;0.3343368470668793
0.1;0.10476430505514145;0.18;0.19289831817150116;0.24;0.24800407886505127
0.18;0.18479707837104797;0.58;0.5822402238845825;0.42;0.4154244363307953
0.16;0.15295882523059845;0.4;0.41832417249679565;0.22;0.22776374220848083
0.32;0.3159007132053375;0.52;0.5189588069915771;0.5;0.4980127215385437
0.12;0.1272306889295578;0.58;0.5911581516265869;0.5;0.49089139699935913
0.2;0.19537119567394257;0.46;0.4602598249912262;0.4;0.3895447552204132
0.24;0.23619702458381653;0.26;0.25656184554100037;0.1;0.1030210629105568
0.16;0.15908315777778625;0.28;0.28694671392440796;0.38;0.38327983021736145
0.38;0.37126222252845764;0.38;0.37882113456726074;0.44;0.44783300161361694
0.24;0.2386532872915268;0.72;0.7328274846076965;0.32;0.3203519284725189
0.32;0.31656405329704285;0.4;0.3990938067436218;0.4;0.40816211700439453
0.34;0.33987313508987427;0.38;0.3796718418598175;0.48;0.4804604649543762
0.36;0.3693394362926483;0.46;0.4569202661514282;0.26;0.26720526814460754
0.34;0.33680689334869385;0.62;0.623624861240387;0.38;0.38140007853507996
0.14;0.14153000712394714;0.52;0.5001314282417297;0.3;0.29508912563323975
0.58;0.5738109946250916;0.38;0.39366158843040466;0.42;0.4192957282066345
0.12;0.11528252065181732;0.46;0.4561040997505188;0.38;0.37744617462158203
0.18;0.1664021760225296;0.4;0.4172741174697876;0.44;0.44114023447036743
0.32;0.3286142945289612;0.54;0.5384314656257629;0.34;0.34373238682746887
0.12;0.1244117021560669;0.74;0.7300806641578674;0.32;0.32702040672302246
0.2;0.19631057977676392;0.38;0.3938201367855072;0.18;0.18969738483428955
0.26;0.25816184282302856;0.68;0.6952853798866272;0.12;0.11843998730182648
0.16;0.1659841239452362;0.22;0.21585699915885925;0.3;0.301808625459671
0.14;0.1424563229084015;0.46;0.48470282554626465;0.16;0.15899935364723206
0.26;0.26057690382003784;0.34;0.3462720811367035;0.5;0.486522376537323
0.34;0.3410094976425171;0.12;0.10524485260248184;0.4;0.38756677508354187
0.28;0.2817123830318451;0.68;0.6871691346168518;0.24;0.240883469581604
0.24;0.2377374768257141;0.16;0.16027860343456268;0.32;0.3143456280231476
0.22;0.21678195893764496;0.2;0.2001851201057434;0.5;0.47463902831077576
0.12;0.12470313161611557;0.84;0.8373860120773315;0.1;0.10208447277545929
0.64;0.6328353881835938;0.3;0.31428247690200806;0.16;0.16196441650390625
0.52;0.5249361991882324;0.14;0.14936921000480652;0.16;0.1487538367509842
0.32;0.3238862454891205;0.26;0.25240781903266907;0.38;0.3845643401145935
0.54;0.5403624773025513;0.12;0.13941527903079987;0.48;0.47400322556495667
0.56;0.5566695332527161;0.12;0.11829698085784912;0.44;0.44355782866477966
0.16;0.16149494051933289;0.76;0.7598787546157837;0.18;0.18221084773540497
0.28;0.28516724705696106;0.14;0.15490752458572388;0.38;0.3884233832359314
0.14;0.13349680602550507;0.42;0.42042747139930725;0.4;0.39485999941825867
0.32;0.30845001339912415;0.3;0.29610303044319153;0.14;0.12850430607795715
0.28;0.27776968479156494;0.22;0.27442213892936707;0.3;0.26768946647644043
0.54;0.5484886169433594;0.38;0.3876296281814575;0.3;0.30464091897010803
0.1;0.10713265836238861;0.16;0.1571425050497055;0.38;0.3860345184803009
0.34;0.34239596128463745;0.18;0.1883019506931305;0.36;0.3660627603530884
0.34;0.3362792134284973;0.24;0.22912080585956573;0.28;0.28620877861976624
0.36;0.3734040856361389;0.18;0.16661787033081055;0.16;0.17722845077514648
0.28;0.2625799775123596;0.24;0.277851939201355;0.5;0.4792841970920563
0.86;0.8572751879692078;0.12;0.12192731350660324;0.16;0.16056403517723083
0.32;0.3204026520252228;0.52;0.5056697130203247;0.22;0.22451083362102509
0.24;0.24488988518714905;0.6;0.605618417263031;0.24;0.23960551619529724
0.4;0.4086659252643585;0.5;0.49688974022865295;0.18;0.18419936299324036
0.6;0.5930632948875427;0.1;0.1106007918715477;0.16;0.1546618491411209
0.44;0.45385321974754333;0.1;0.10036582499742508;0.18;0.17809394001960754
0.7;0.6911702752113342;0.26;0.2663464844226837;0.3;0.3027261197566986
0.3;0.3021247088909149;0.54;0.5406197309494019;0.38;0.3827056288719177
0.46;0.4478757381439209;0.28;0.2850346863269806;0.32;0.31703323125839233
0.16;0.17180432379245758;0.66;0.6353603005409241;0.34;0.34222671389579773
0.18;0.18421277403831482;0.66;0.6496245861053467;0.12;0.11961743980646133
0.74;0.751564621925354;0.2;0.2089487612247467;0.46;0.4661136269569397
0.1;0.12561970949172974;0.68;0.6255871057510376;0.28;0.3005630671977997
0.12;0.12204664945602417;0.3;0.2975504696369171;0.24;0.23531022667884827
0.32;0.3159380257129669;0.64;0.6391497850418091;0.22;0.22251510620117188
0.64;0.6427260637283325;0.14;0.13909435272216797;0.14;0.14574892818927765
0.42;0.4241369366645813;0.42;0.41891974210739136;0.4;0.39801648259162903
0.32;0.31654074788093567;0.62;0.6252812147140503;0.18;0.1813061535358429
0.3;0.3120012581348419;0.16;0.16345490515232086;0.22;0.2224811613559723
0.1;0.12974390387535095;0.64;0.6009650230407715;0.32;0.3453886806964874
0.5;0.5077210664749146;0.18;0.1958652287721634;0.46;0.44673484563827515
0.22;0.2026170939207077;0.26;0.36517229676246643;0.24;0.21540112793445587
0.62;0.6297836303710938;0.12;0.1317901462316513;0.2;0.19446592032909393
0.18;0.1709289252758026;0.28;0.2832393944263458;0.24;0.2295428067445755
0.52;0.5196679830551147;0.3;0.32626327872276306;0.4;0.3946800231933594
0.3;0.3018379807472229;0.64;0.6441175937652588;0.32;0.3220629096031189
0.56;0.577160120010376;0.34;0.3143068253993988;0.1;0.1185135468840599
0.24;0.24591419100761414;0.12;0.1165410652756691;0.46;0.4593663811683655
0.66;0.6547770500183105;0.2;0.1971784383058548;0.1;0.10472913831472397
0.68;0.6796213388442993;0.16;0.16421586275100708;0.44;0.44104108214378357
0.36;0.3666134476661682;0.34;0.31110498309135437;0.14;0.14100287854671478
0.18;0.18032148480415344;0.56;0.5555326342582703;0.36;0.35906416177749634
0.2;0.19898584485054016;0.68;0.6912775039672852;0.5;0.49946317076683044
0.32;0.32648926973342896;0.48;0.47316625714302063;0.16;0.1608690768480301
0.48;0.46562182903289795;0.36;0.38639190793037415;0.26;0.2566649317741394
0.36;0.3405415117740631;0.48;0.48500269651412964;0.1;0.10027579218149185
0.5;0.4902113974094391;0.26;0.2633301615715027;0.14;0.13334086537361145
0.44;0.4372057318687439;0.42;0.4248051643371582;0.44;0.44061794877052307
0.16;0.15673299133777618;0.26;0.265346497297287;0.18;0.186073899269104
0.22;0.22039291262626648;0.72;0.7253127694129944;0.3;0.3006224036216736
0.3;0.30194568634033203;0.44;0.44357290863990784;0.36;0.3541019856929779
0.18;0.19260253012180328;0.16;0.1646193563938141;0.38;0.37251347303390503
0.24;0.23705293238162994;0.22;0.20916953682899475;0.2;0.18682044744491577
0.14;0.1275598257780075;0.48;0.5036894679069519;0.22;0.22329144179821014
0.16;0.16671878099441528;0.62;0.605564296245575;0.34;0.3406921625137329
0.56;0.5667002201080322;0.4;0.4097263813018799;0.38;0.3854309618473053
0.22;0.22176596522331238;0.2;0.20401208102703094;0.12;0.12816421687602997
0.52;0.5063632130622864;0.14;0.1487540453672409;0.42;0.42493534088134766
0.14;0.1429726779460907;0.26;0.2650538384914398;0.22;0.2295176237821579
0.82;0.821523904800415;0.14;0.14841096103191376;0.34;0.3352319896221161
0.14;0.14498984813690186;0.5;0.48662036657333374;0.14;0.1377859115600586
0.34;0.3416847288608551;0.34;0.33769339323043823;0.44;0.44892072677612305
0.54;0.5183964967727661;0.1;0.10905153304338455;0.28;0.29016733169555664
0.1;0.1404675543308258;0.7;0.6234986782073975;0.14;0.16098670661449432
0.26;0.2538677752017975;0.4;0.3963516056537628;0.4;0.4009477496147156
0.18;0.17375200986862183;0.62;0.6233301758766174;0.28;0.28195104002952576
0.3;0.29472941160202026;0.6;0.5918008685112;0.3;0.3006833493709564
0.14;0.13654565811157227;0.36;0.35750553011894226;0.32;0.32261914014816284
0.22;0.21236631274223328;0.42;0.42010965943336487;0.18;0.18918286263942719
0.16;0.16283412277698517;0.76;0.7545077800750732;0.28;0.27824217081069946
0.6;0.5910845398902893;0.18;0.1929747313261032;0.26;0.2728525996208191
0.74;0.7279555797576904;0.22;0.21816185116767883;0.28;0.28224265575408936
0.18;0.1823103278875351;0.4;0.40590086579322815;0.4;0.3968934416770935
0.32;0.321443110704422;0.26;0.27530014514923096;0.26;0.25308340787887573
0.28;0.2806987166404724;0.38;0.3812556564807892;0.34;0.338128924369812
0.26;0.258085161447525;0.7;0.7088350653648376;0.4;0.4002423882484436
0.34;0.3395320177078247;0.36;0.3571976125240326;0.22;0.21745677292346954
0.52;0.5046341419219971;0.24;0.25405362248420715;0.48;0.4702380299568176
0.2;0.19286209344863892;0.72;0.7231422662734985;0.16;0.15987591445446014
0.66;0.6522350311279297;0.26;0.26001882553100586;0.38;0.3809615969657898
0.22;0.2286219298839569;0.38;0.36865171790122986;0.16;0.16469340026378632
0.46;0.45608383417129517;0.12;0.12701165676116943;0.5;0.4883933663368225
0.34;0.3606662154197693;0.54;0.5381320714950562;0.28;0.27714234590530396
0.42;0.4138122797012329;0.2;0.1951752007007599;0.36;0.3651660978794098
0.22;0.22553807497024536;0.6;0.5955228209495544;0.32;0.3182407021522522
0.5;0.5043742060661316;0.48;0.459520548582077;0.22;0.2230619490146637
0.8;0.7977959513664246;0.16;0.17245255410671234;0.16;0.16202270984649658
0.32;0.32082733511924744;0.12;0.14732468128204346;0.44;0.4439614415168762
0.16;0.16562822461128235;0.8;0.8031479120254517;0.16;0.1606355905532837
0.4;0.40523433685302734;0.16;0.15275324881076813;0.28;0.29471325874328613
0.12;0.14393910765647888;0.32;0.3287075459957123;0.44;0.43453797698020935
0.28;0.28058481216430664;0.48;0.4793933928012848;0.22;0.22605624794960022
