l1_test;l1_pred;l2_test;l2_pred;beta_test;beta_pred;
0.24;0.23517554998397827;0.1;0.10203579068183899;0.3;0.3052116632461548
0.2;0.20000533759593964;0.64;0.6378113627433777;0.22;0.22131726145744324
0.7;0.69999760389328;0.12;0.11370451748371124;0.32;0.32287418842315674
0.66;0.6590879559516907;0.22;0.2263241559267044;0.34;0.33778318762779236
0.34;0.3401159644126892;0.62;0.6160739064216614;0.5;0.49758845567703247
0.3;0.3002326488494873;0.66;0.6522065997123718;0.12;0.11846170574426651
0.38;0.3779295086860657;0.1;0.10120800882577896;0.26;0.2613952159881592
0.24;0.23945260047912598;0.74;0.7149026393890381;0.26;0.25564971566200256
0.46;0.46000057458877563;0.42;0.4224594235420227;0.32;0.31878894567489624
0.52;0.5195600390434265;0.28;0.27258628606796265;0.42;0.42323437333106995
0.68;0.679906964302063;0.24;0.23460881412029266;0.4;0.40588444471359253
0.42;0.4200190007686615;0.52;0.5304728746414185;0.36;0.35985061526298523
0.68;0.6784008145332336;0.26;0.26389947533607483;0.32;0.31937575340270996
0.24;0.23984144628047943;0.68;0.6769760251045227;0.36;0.3554977774620056
0.36;0.3607187569141388;0.38;0.38337457180023193;0.2;0.1994500607252121
0.18;0.18121755123138428;0.18;0.17880235612392426;0.32;0.331241637468338
0.1;0.10483943670988083;0.52;0.5227414965629578;0.1;0.09978942573070526
0.1;0.09996394068002701;0.7;0.7070803642272949;0.28;0.2841743528842926
0.58;0.5795808434486389;0.24;0.23757971823215485;0.4;0.4025399088859558
0.34;0.3390936553478241;0.32;0.32257550954818726;0.34;0.3432847857475281
0.3;0.3001856803894043;0.58;0.5874788165092468;0.18;0.18269503116607666
0.26;0.2593894898891449;0.34;0.3741483688354492;0.18;0.2754075527191162
0.5;0.49879178404808044;0.16;0.1623895764350891;0.32;0.3189830780029297
0.32;0.3197672665119171;0.38;0.38378986716270447;0.46;0.4667472839355469
0.1;0.10189387947320938;0.38;0.37266799807548523;0.2;0.19198785722255707
0.66;0.6610828042030334;0.32;0.2994591295719147;0.38;0.37867364287376404
0.46;0.46269491314888;0.2;0.20235806703567505;0.46;0.44738370180130005
0.52;0.5202679634094238;0.36;0.3675529956817627;0.36;0.3602237105369568
0.36;0.3600049912929535;0.22;0.21840335428714752;0.4;0.39512673020362854
0.14;0.13993896543979645;0.76;0.7502214908599854;0.16;0.1630031168460846
0.12;0.12125203758478165;0.52;0.5216695666313171;0.36;0.3618476688861847
0.24;0.24028261005878448;0.34;0.34096479415893555;0.48;0.48065185546875
0.36;0.3599317967891693;0.56;0.5614559650421143;0.46;0.45381098985671997
0.18;0.17630334198474884;0.2;0.20480652153491974;0.34;0.3212784230709076
0.82;0.8198965787887573;0.1;0.11687059700489044;0.38;0.360886812210083
0.16;0.15817636251449585;0.66;0.6560857892036438;0.12;0.1187116727232933
0.24;0.24004246294498444;0.66;0.6569808721542358;0.2;0.19975300133228302
0.42;0.4203938841819763;0.24;0.2376747727394104;0.18;0.17682215571403503
0.4;0.4004168212413788;0.54;0.5343892574310303;0.48;0.47872599959373474
0.28;0.2858791649341583;0.32;0.3083898723125458;0.2;0.21691901981830597
0.22;0.21980354189872742;0.74;0.736985981464386;0.32;0.31763312220573425
0.5;0.5007280707359314;0.48;0.46119043231010437;0.12;0.11920732259750366
0.76;0.7603651881217957;0.14;0.1446409970521927;0.24;0.2328137904405594
0.38;0.3820505738258362;0.18;0.17912352085113525;0.3;0.29262036085128784
0.1;0.10111024975776672;0.58;0.5742253661155701;0.5;0.48955267667770386
0.86;0.8428690433502197;0.1;0.11693324148654938;0.14;0.1273387372493744
0.4;0.4001173675060272;0.58;0.5604263544082642;0.22;0.21872377395629883
0.12;0.1205827072262764;0.34;0.35383468866348267;0.5;0.48813384771347046
0.14;0.14037290215492249;0.52;0.5207834243774414;0.44;0.44116097688674927
0.34;0.33923307061195374;0.16;0.1596050262451172;0.36;0.3643338084220886
0.46;0.46014562249183655;0.34;0.34770455956459045;0.16;0.16811995208263397
0.2;0.19971764087677002;0.38;0.3791581690311432;0.22;0.22025208175182343
0.48;0.4803176820278168;0.48;0.487386554479599;0.5;0.49890512228012085
0.16;0.15945814549922943;0.28;0.2790355086326599;0.24;0.23301193118095398
0.12;0.11893833428621292;0.64;0.642145574092865;0.36;0.36209696531295776
0.2;0.2001553326845169;0.4;0.3983454406261444;0.26;0.2587796747684479
0.36;0.36027997732162476;0.4;0.39723703265190125;0.38;0.3801555037498474
0.64;0.6329188942909241;0.22;0.227638840675354;0.12;0.11506171524524689
0.56;0.559937596321106;0.26;0.25015774369239807;0.3;0.3016095757484436
0.24;0.24062079191207886;0.3;0.30007168650627136;0.12;0.12411732971668243
0.3;0.3006930649280548;0.5;0.4941049814224243;0.14;0.14111313223838806
0.6;0.5994333028793335;0.36;0.3681492805480957;0.26;0.260669469833374
0.6;0.6005291938781738;0.28;0.2854219675064087;0.16;0.15328745543956757
0.18;0.18276835978031158;0.34;0.3369557857513428;0.24;0.25412121415138245
0.12;0.12306877970695496;0.56;0.5722554326057434;0.16;0.16190333664417267
0.28;0.28019651770591736;0.54;0.5317350029945374;0.48;0.4774581789970398
0.52;0.5115813612937927;0.12;0.12036410719156265;0.4;0.3975343108177185
0.16;0.1596921682357788;0.8;0.8050572872161865;0.24;0.23794154822826385
0.76;0.7586798071861267;0.2;0.21426784992218018;0.16;0.16233202815055847
0.54;0.5412236452102661;0.42;0.4346693754196167;0.18;0.1783483326435089
0.14;0.14361782371997833;0.26;0.26027852296829224;0.14;0.1440388709306717
0.56;0.5613532662391663;0.3;0.2950638234615326;0.14;0.14132262766361237
0.24;0.2384931892156601;0.54;0.5364789962768555;0.12;0.12359768152236938
0.12;0.11616559326648712;0.2;0.20216429233551025;0.24;0.23754152655601501
0.4;0.3999432623386383;0.52;0.5192671418190002;0.36;0.3517598807811737
0.44;0.4458271861076355;0.24;0.23657634854316711;0.22;0.21850499510765076
0.28;0.28042978048324585;0.66;0.6704386472702026;0.46;0.45913761854171753
0.38;0.380565881729126;0.54;0.5336440801620483;0.24;0.24175138771533966
0.22;0.21907329559326172;0.46;0.45820194482803345;0.2;0.20281186699867249
0.6;0.6032359600067139;0.3;0.29971495270729065;0.48;0.4803946614265442
0.18;0.1803726702928543;0.58;0.5880920886993408;0.34;0.3500635623931885
0.48;0.48026254773139954;0.36;0.3612945079803467;0.34;0.3447926938533783
0.12;0.12281573563814163;0.58;0.5840728878974915;0.36;0.35926127433776855
0.4;0.40090692043304443;0.36;0.3662422001361847;0.3;0.2985193729400635
0.52;0.5132668018341064;0.1;0.10372693836688995;0.22;0.20816215872764587
0.6;0.5991191864013672;0.34;0.34551671147346497;0.38;0.3838290572166443
0.1;0.10200846940279007;0.16;0.15812480449676514;0.4;0.41153305768966675
0.52;0.5199311971664429;0.44;0.4484342634677887;0.44;0.4368205964565277
0.46;0.460543692111969;0.38;0.38198322057724;0.26;0.2640177607536316
0.3;0.3009873032569885;0.18;0.18491287529468536;0.12;0.11210367828607559
0.18;0.17633028328418732;0.14;0.1444644331932068;0.5;0.4741882383823395
0.5;0.5010443925857544;0.12;0.11770562827587128;0.32;0.3214603066444397
0.18;0.17960186302661896;0.5;0.5003487467765808;0.28;0.27741098403930664
0.12;0.11896006762981415;0.16;0.16734135150909424;0.18;0.18179890513420105
0.5;0.4998756945133209;0.46;0.45119836926460266;0.5;0.49914616346359253
0.34;0.3402240574359894;0.56;0.5565006732940674;0.34;0.3361164927482605
0.26;0.26299989223480225;0.32;0.3122243285179138;0.28;0.28765955567359924
0.44;0.4415065348148346;0.32;0.33038944005966187;0.12;0.12062434107065201
0.3;0.30126774311065674;0.24;0.23954027891159058;0.22;0.22464680671691895
0.62;0.6191324591636658;0.28;0.2953740060329437;0.24;0.24217228591442108
0.52;0.5196126699447632;0.44;0.43851950764656067;0.3;0.2973383367061615
0.44;0.43992865085601807;0.36;0.34831181168556213;0.24;0.2451089322566986
0.16;0.16034378111362457;0.78;0.7913945317268372;0.42;0.4237287640571594
0.2;0.19990423321723938;0.52;0.510453999042511;0.32;0.3212185502052307
0.8;0.8008722066879272;0.16;0.15576571226119995;0.44;0.44898906350135803
0.16;0.16485846042633057;0.36;0.3475530445575714;0.18;0.189230814576149
0.36;0.3598213493824005;0.46;0.45799511671066284;0.32;0.30891361832618713
0.26;0.26000484824180603;0.66;0.6666998863220215;0.46;0.459492027759552
0.26;0.25973743200302124;0.72;0.6980665326118469;0.14;0.1401011049747467
0.12;0.12226391583681107;0.3;0.29903164505958557;0.34;0.3453197181224823
0.12;0.11889636516571045;0.7;0.6963144540786743;0.24;0.23523405194282532
0.16;0.15999285876750946;0.5;0.49552762508392334;0.28;0.28262394666671753
0.1;0.10486838966608047;0.38;0.372747004032135;0.24;0.2355363368988037
0.22;0.21991807222366333;0.74;0.7295590043067932;0.1;0.10111968219280243
0.54;0.5366756916046143;0.2;0.1980743259191513;0.5;0.48434534668922424
0.16;0.15850386023521423;0.24;0.24361132085323334;0.32;0.3275934159755707
0.4;0.3994884788990021;0.3;0.2954455614089966;0.26;0.26797300577163696
0.14;0.12150151282548904;0.1;0.11866222321987152;0.22;0.21093392372131348
0.38;0.38056161999702454;0.4;0.40276995301246643;0.44;0.44437918066978455
0.18;0.1796443611383438;0.6;0.5966092348098755;0.1;0.1035824567079544
0.36;0.36034321784973145;0.4;0.4175012707710266;0.1;0.10340754687786102
0.18;0.17971612513065338;0.62;0.6198219656944275;0.38;0.3855474889278412
0.2;0.20101654529571533;0.22;0.22213895618915558;0.34;0.32477134466171265
0.38;0.382860392332077;0.22;0.21717898547649384;0.16;0.16561946272850037
0.1;0.09969779849052429;0.8;0.7968192100524902;0.3;0.3003948926925659
0.12;0.1129089966416359;0.14;0.1428261697292328;0.4;0.39357227087020874
0.12;0.1057802140712738;0.12;0.13647207617759705;0.12;0.11508436501026154
0.32;0.3209155201911926;0.34;0.34637129306793213;0.2;0.20375914871692657
0.66;0.6617639660835266;0.2;0.20134443044662476;0.46;0.45744648575782776
0.2;0.20059403777122498;0.66;0.6576012372970581;0.34;0.3282186985015869
0.26;0.25993335247039795;0.56;0.5565990805625916;0.38;0.3824266493320465
0.56;0.5616123676300049;0.38;0.36852574348449707;0.2;0.20520353317260742
0.34;0.3363071382045746;0.24;0.23884639143943787;0.1;0.11623789370059967
0.36;0.36034631729125977;0.3;0.316551148891449;0.22;0.21885943412780762
0.3;0.2990925908088684;0.66;0.6652387976646423;0.34;0.3412643074989319
0.28;0.28245845437049866;0.14;0.13731060922145844;0.26;0.26654356718063354
0.12;0.11564338952302933;0.1;0.10426125675439835;0.42;0.4174486994743347
0.16;0.16203944385051727;0.26;0.2609342932701111;0.44;0.4524059295654297
0.62;0.6196684241294861;0.22;0.21999794244766235;0.36;0.3668490946292877
0.6;0.5995569825172424;0.36;0.37151774764060974;0.36;0.3604777753353119
0.24;0.24029353260993958;0.7;0.7172143459320068;0.24;0.23500719666481018
0.1;0.10113530606031418;0.56;0.5534442663192749;0.5;0.48556962609291077
0.2;0.19937153160572052;0.38;0.38108858466148376;0.44;0.43885985016822815
0.22;0.21969608962535858;0.76;0.7175783514976501;0.18;0.17080868780612946
0.28;0.2763560712337494;0.28;0.2762065529823303;0.14;0.1428452730178833
0.6;0.5981936454772949;0.24;0.24761863052845;0.12;0.12666107714176178
0.1;0.10073155164718628;0.64;0.6285156607627869;0.24;0.23374156653881073
0.62;0.6207922101020813;0.32;0.3297978937625885;0.22;0.22017621994018555
0.26;0.25862374901771545;0.16;0.1572619080543518;0.14;0.14520490169525146
0.38;0.38000038266181946;0.46;0.4547705054283142;0.4;0.3964803218841553
0.2;0.20023781061172485;0.68;0.6857669949531555;0.36;0.35076868534088135
0.22;0.21991676092147827;0.66;0.6723142266273499;0.24;0.23845763504505157
0.72;0.7217441201210022;0.26;0.230216383934021;0.46;0.461223840713501
0.66;0.661622166633606;0.22;0.22485269606113434;0.4;0.3930836617946625
0.32;0.32008039951324463;0.56;0.5566063523292542;0.42;0.4220982491970062
0.5;0.4992457926273346;0.28;0.27425310015678406;0.1;0.10502810776233673
0.32;0.3200705647468567;0.6;0.5953999757766724;0.4;0.39776164293289185
0.28;0.2799418568611145;0.36;0.35901543498039246;0.24;0.23992034792900085
0.16;0.16226917505264282;0.14;0.1308947056531906;0.16;0.16643331944942474
0.34;0.3395102024078369;0.32;0.325777530670166;0.3;0.3071950376033783
0.38;0.3799141049385071;0.5;0.5034083724021912;0.28;0.28376176953315735
0.36;0.3590571880340576;0.4;0.41235029697418213;0.26;0.2612818777561188
0.4;0.3999346196651459;0.44;0.44073203206062317;0.36;0.3537455201148987
0.64;0.6397180557250977;0.3;0.30884256958961487;0.44;0.44207563996315
0.12;0.11601260304450989;0.24;0.24579618871212006;0.26;0.2583407163619995
0.3;0.3001839816570282;0.52;0.5187192559242249;0.28;0.2830391824245453
0.68;0.6796576380729675;0.22;0.23704086244106293;0.18;0.1844252347946167
0.2;0.19996678829193115;0.5;0.495044469833374;0.32;0.3209686875343323
0.14;0.14416798949241638;0.3;0.3030158579349518;0.16;0.16879794001579285
0.66;0.6634915471076965;0.12;0.1268073469400406;0.24;0.2365257740020752
0.78;0.7807950973510742;0.18;0.18595212697982788;0.46;0.4641875624656677
0.38;0.38010403513908386;0.44;0.4284515380859375;0.28;0.2822039723396301
0.44;0.4400272071361542;0.4;0.39290308952331543;0.28;0.28309470415115356
0.72;0.7206342220306396;0.18;0.1879565715789795;0.42;0.4239821434020996
0.32;0.31996357440948486;0.5;0.4997515082359314;0.3;0.3002072870731354
0.28;0.2874070405960083;0.1;0.09884662926197052;0.2;0.18972966074943542
0.34;0.3374779522418976;0.26;0.2647826075553894;0.38;0.37741899490356445
0.12;0.12016614526510239;0.7;0.7014740705490112;0.38;0.38431867957115173
0.44;0.44336244463920593;0.24;0.23319247364997864;0.36;0.3646690547466278
0.44;0.4399073123931885;0.54;0.5236174464225769;0.38;0.3763576149940491
0.28;0.27676841616630554;0.26;0.26363831758499146;0.1;0.11511683464050293
0.2;0.1993723213672638;0.36;0.3885183036327362;0.16;0.16048483550548553
0.1;0.10362924635410309;0.14;0.13482758402824402;0.4;0.4109901785850525
0.34;0.3387168049812317;0.28;0.2875434458255768;0.24;0.2384776771068573
0.84;0.838428795337677;0.1;0.11466919630765915;0.44;0.4284190535545349
0.34;0.33973169326782227;0.34;0.34535157680511475;0.42;0.42058199644088745
0.54;0.5397993326187134;0.32;0.317636638879776;0.2;0.20241621136665344
0.32;0.31786730885505676;0.18;0.17903025448322296;0.42;0.41393613815307617
0.74;0.7313452959060669;0.1;0.11616472154855728;0.1;0.12039472162723541
0.28;0.2802841067314148;0.56;0.5581352114677429;0.48;0.4761257767677307
0.1;0.10014703869819641;0.84;0.8593142628669739;0.28;0.28536614775657654
0.14;0.13980811834335327;0.84;0.8245005011558533;0.44;0.4338687062263489
0.44;0.4402141273021698;0.5;0.4945414364337921;0.26;0.26054659485816956
0.36;0.35990607738494873;0.58;0.5874577760696411;0.28;0.27747783064842224
0.28;0.27955546975135803;0.7;0.6802842020988464;0.2;0.19971074163913727
0.4;0.4003202021121979;0.56;0.5632901787757874;0.5;0.5067774653434753
0.16;0.1615602672100067;0.76;0.7689621448516846;0.14;0.1371891349554062
0.26;0.26404130458831787;0.28;0.2669016718864441;0.1;0.10377379506826401
0.1;0.09999456256628036;0.8;0.8054592609405518;0.28;0.2848600745201111
0.46;0.4570446312427521;0.14;0.13508540391921997;0.18;0.17714324593544006
0.32;0.32466986775398254;0.14;0.138750359416008;0.2;0.19243288040161133
0.4;0.4006679654121399;0.22;0.21857081353664398;0.28;0.274294912815094
0.26;0.2591363787651062;0.14;0.15522198379039764;0.44;0.41576042771339417
0.34;0.3414052724838257;0.38;0.3783301115036011;0.44;0.4430304169654846
0.6;0.5996227860450745;0.32;0.328281968832016;0.28;0.28304964303970337
0.16;0.1600022166967392;0.26;0.2558884024620056;0.34;0.3435921370983124
0.1;0.09842292964458466;0.24;0.23794512450695038;0.22;0.2161608636379242
0.16;0.16320109367370605;0.12;0.1207980364561081;0.28;0.27234429121017456
0.14;0.13996803760528564;0.82;0.8320587873458862;0.12;0.11910849809646606
0.3;0.2952394485473633;0.1;0.10556558519601822;0.38;0.3682812750339508
0.34;0.33858799934387207;0.28;0.2826401889324188;0.16;0.17409448325634003
0.28;0.2776423990726471;0.3;0.3012171983718872;0.3;0.29810458421707153
0.32;0.321709543466568;0.26;0.25888848304748535;0.28;0.26701563596725464
0.28;0.28016048669815063;0.66;0.6585060954093933;0.34;0.33851009607315063
0.72;0.7198178172111511;0.26;0.2385469377040863;0.36;0.362784206867218
0.1;0.10061001032590866;0.3;0.3048662841320038;0.26;0.2587423324584961
0.14;0.13926559686660767;0.68;0.668256402015686;0.22;0.21762529015541077
0.2;0.20433245599269867;0.32;0.3209631145000458;0.36;0.36141470074653625
0.12;0.12173634767532349;0.32;0.31323471665382385;0.14;0.15111717581748962
0.8;0.801243245601654;0.12;0.13066132366657257;0.16;0.16433367133140564
0.2;0.20008908212184906;0.72;0.7281972169876099;0.24;0.23992733657360077
0.32;0.3185434341430664;0.18;0.18085791170597076;0.26;0.25336140394210815
0.32;0.3202197253704071;0.4;0.40096625685691833;0.48;0.4752146601676941
0.16;0.16056223213672638;0.44;0.43863925337791443;0.36;0.36589252948760986
0.62;0.620265543460846;0.28;0.28550902009010315;0.36;0.362216055393219
0.12;0.11444186419248581;0.34;0.3450813889503479;0.24;0.24183852970600128
0.52;0.5200198292732239;0.46;0.4414357841014862;0.5;0.4985361099243164
0.18;0.17891015112400055;0.78;0.731508195400238;0.22;0.2167675495147705
0.42;0.41987448930740356;0.38;0.3874441087245941;0.4;0.40242594480514526
0.4;0.3999706506729126;0.32;0.3186662793159485;0.44;0.45039448142051697
0.24;0.23941658437252045;0.46;0.4698726534843445;0.14;0.14055800437927246
0.44;0.4384821653366089;0.3;0.30196431279182434;0.26;0.2635233998298645
0.4;0.3961673974990845;0.1;0.10180208086967468;0.4;0.39206987619400024
0.56;0.5612869262695312;0.34;0.3473769426345825;0.4;0.3958788514137268
0.58;0.580556333065033;0.28;0.27938058972358704;0.34;0.3429270386695862
0.86;0.8427233099937439;0.1;0.11017844825983047;0.16;0.1421542465686798
0.3;0.30649346113204956;0.2;0.2046946883201599;0.3;0.3061777949333191
0.4;0.4005337953567505;0.4;0.3939722776412964;0.2;0.20772647857666016
0.62;0.6199728846549988;0.18;0.1719846874475479;0.42;0.42438775300979614
0.26;0.25871512293815613;0.56;0.5588402152061462;0.14;0.14041900634765625
0.12;0.12065285444259644;0.7;0.71363365650177;0.16;0.1591385155916214
0.14;0.14010249078273773;0.62;0.623544454574585;0.42;0.42496806383132935
0.42;0.4201774299144745;0.56;0.5386818647384644;0.2;0.19837407767772675
0.54;0.5410140752792358;0.32;0.3289971649646759;0.22;0.21942171454429626
0.72;0.7275541424751282;0.12;0.11159234493970871;0.12;0.12006770074367523
0.36;0.3593398332595825;0.38;0.39342033863067627;0.22;0.22453662753105164
0.22;0.21991881728172302;0.68;0.6863417625427246;0.18;0.1751401722431183
0.2;0.20703080296516418;0.34;0.31229427456855774;0.38;0.410206139087677
0.48;0.47951751947402954;0.16;0.15770132839679718;0.14;0.14358481764793396
0.14;0.13976599276065826;0.22;0.21997682750225067;0.26;0.26698631048202515
0.4;0.4021281898021698;0.26;0.2563227415084839;0.14;0.1370900422334671
0.44;0.44270575046539307;0.2;0.19575060904026031;0.24;0.24470682442188263
0.18;0.1787727177143097;0.68;0.681427001953125;0.22;0.22289982438087463
0.52;0.5189749002456665;0.12;0.11719280481338501;0.34;0.346152126789093
0.26;0.2622761130332947;0.3;0.3039860427379608;0.26;0.25528544187545776
0.72;0.715242862701416;0.18;0.17672225832939148;0.18;0.18635961413383484
0.62;0.6361428499221802;0.16;0.15557529032230377;0.1;0.11832288652658463
0.22;0.22310467064380646;0.22;0.2310887724161148;0.44;0.42988404631614685
0.16;0.15796443819999695;0.2;0.1952544003725052;0.36;0.3618374168872833
0.72;0.7190955281257629;0.22;0.23879462480545044;0.34;0.3346434533596039
0.2;0.20011697709560394;0.74;0.7424033880233765;0.18;0.18076100945472717
0.18;0.17901885509490967;0.14;0.1414208859205246;0.14;0.14754274487495422
0.22;0.21849575638771057;0.44;0.44067248702049255;0.32;0.3215206265449524
0.22;0.21981178224086761;0.7;0.6961656212806702;0.32;0.3193133473396301
0.7;0.701314389705658;0.28;0.2581600546836853;0.22;0.22027750313282013
0.54;0.5397359728813171;0.12;0.12042465060949326;0.42;0.4301101267337799
0.1;0.09993494302034378;0.86;0.8715284466743469;0.18;0.18068835139274597
0.34;0.3396798372268677;0.52;0.5177008509635925;0.24;0.24339601397514343
0.54;0.5401055216789246;0.18;0.1842132806777954;0.34;0.34925439953804016
0.34;0.3401572108268738;0.58;0.5689457654953003;0.5;0.49605855345726013
0.6;0.6086245775222778;0.14;0.13812436163425446;0.1;0.1259326934814453
0.26;0.2636948823928833;0.3;0.294089138507843;0.3;0.30431026220321655
0.16;0.16168393194675446;0.44;0.44182419776916504;0.48;0.4821235239505768
0.18;0.18154263496398926;0.46;0.44082826375961304;0.12;0.11802487075328827
0.18;0.1811126470565796;0.5;0.4955105483531952;0.5;0.4915100038051605
0.26;0.26307928562164307;0.1;0.10625389963388443;0.32;0.3118746876716614
0.48;0.47903159260749817;0.34;0.33304283022880554;0.46;0.458018958568573
0.38;0.37977004051208496;0.34;0.3398275375366211;0.42;0.41016656160354614
0.12;0.12376093119382858;0.46;0.4614219069480896;0.18;0.17950114607810974
0.38;0.39022353291511536;0.14;0.12831521034240723;0.1;0.11658668518066406
0.72;0.7099624872207642;0.14;0.16110645234584808;0.1;0.10109029710292816
0.34;0.3395337760448456;0.54;0.5468912124633789;0.2;0.20508763194084167
0.22;0.22010637819766998;0.56;0.5601692199707031;0.34;0.33939307928085327
0.1;0.10032007843255997;0.12;0.1151309683918953;0.2;0.26461705565452576
0.24;0.238637775182724;0.28;0.2653207778930664;0.36;0.354010671377182
0.46;0.459955096244812;0.42;0.4307139813899994;0.2;0.20196345448493958
0.36;0.36093077063560486;0.46;0.45413053035736084;0.24;0.23752613365650177
0.38;0.38053545355796814;0.54;0.5354745984077454;0.22;0.22202172875404358
0.72;0.718358039855957;0.2;0.19728031754493713;0.28;0.2854883074760437
0.84;0.8384397029876709;0.12;0.12441403418779373;0.34;0.3402477204799652
0.14;0.14188629388809204;0.6;0.5990474820137024;0.46;0.4662572741508484
0.38;0.37988847494125366;0.6;0.5802279710769653;0.34;0.33970382809638977
0.68;0.6809640526771545;0.3;0.2834044396877289;0.36;0.3583412170410156
0.66;0.6620075106620789;0.2;0.1943271905183792;0.16;0.1663084775209427
0.22;0.21345826983451843;0.22;0.23949533700942993;0.5;0.4782479405403137
0.42;0.42000263929367065;0.48;0.47585639357566833;0.44;0.4459950923919678
0.1;0.0998324602842331;0.52;0.5175808668136597;0.36;0.3612876236438751
0.26;0.25997403264045715;0.36;0.3532647490501404;0.28;0.28020399808883667
0.38;0.3799789845943451;0.52;0.5297636389732361;0.1;0.10055305808782578
0.4;0.4001416862010956;0.32;0.31928735971450806;0.4;0.4042518734931946
0.24;0.23959892988204956;0.62;0.619540274143219;0.12;0.11827411502599716
0.52;0.520634114742279;0.42;0.40780532360076904;0.1;0.10203299671411514
0.2;0.19397401809692383;0.24;0.24594919383525848;0.46;0.4476361870765686
0.18;0.18030403554439545;0.7;0.6958053112030029;0.4;0.39492422342300415
0.38;0.38000762462615967;0.24;0.2554020881652832;0.48;0.44139155745506287
0.18;0.18622182309627533;0.1;0.10310984402894974;0.34;0.3198179602622986
0.14;0.13871225714683533;0.68;0.678557813167572;0.32;0.32158470153808594
0.16;0.16080185770988464;0.42;0.4188702702522278;0.44;0.4486757218837738
0.28;0.29227641224861145;0.3;0.2907739281654358;0.42;0.4581829607486725
0.5;0.5016380548477173;0.12;0.11767129600048065;0.22;0.21691903471946716
0.16;0.15905044972896576;0.66;0.6484730839729309;0.5;0.48571276664733887
0.38;0.3800317049026489;0.44;0.4341509938240051;0.38;0.3836778700351715
0.14;0.146800696849823;0.18;0.1715397834777832;0.1;0.11192498356103897
0.34;0.3379520773887634;0.16;0.15814074873924255;0.24;0.2530354857444763
0.16;0.16028550267219543;0.54;0.5388510227203369;0.38;0.3765667974948883
0.12;0.1248854398727417;0.38;0.3658199906349182;0.26;0.26464012265205383
0.6;0.6000629663467407;0.38;0.36093756556510925;0.32;0.32385605573654175
0.24;0.23990124464035034;0.62;0.6156691312789917;0.34;0.34559366106987
0.8;0.8019087910652161;0.12;0.11298680305480957;0.26;0.25896620750427246
0.72;0.7137098908424377;0.1;0.10836448520421982;0.3;0.2582660913467407
0.46;0.46598348021507263;0.18;0.1736598163843155;0.1;0.10969831794500351
0.2;0.20033907890319824;0.48;0.5000863671302795;0.14;0.1415633261203766
0.16;0.16025319695472717;0.1;0.10488644987344742;0.22;0.20137056708335876
0.22;0.2252560257911682;0.26;0.24260658025741577;0.1;0.11514700949192047
0.68;0.6796450018882751;0.2;0.19642187654972076;0.46;0.46800312399864197
0.12;0.11856185644865036;0.42;0.4270614981651306;0.1;0.10145451128482819
0.12;0.11873427033424377;0.58;0.5702202916145325;0.46;0.4521251320838928
0.58;0.580282986164093;0.26;0.2535600960254669;0.34;0.3463519215583801
0.5;0.49251583218574524;0.1;0.10816419124603271;0.22;0.20932593941688538
0.46;0.464237779378891;0.12;0.11924590170383453;0.48;0.47615012526512146
0.46;0.4611213505268097;0.36;0.3549380898475647;0.46;0.46507588028907776
0.34;0.34082379937171936;0.48;0.47364571690559387;0.18;0.19289973378181458
0.24;0.2402002215385437;0.58;0.5844060778617859;0.42;0.40634241700172424
0.64;0.6424539089202881;0.32;0.3040677011013031;0.12;0.1208537369966507
0.1;0.10039392858743668;0.42;0.4126743972301483;0.5;0.4839082658290863
0.44;0.43987491726875305;0.42;0.41906413435935974;0.26;0.26791825890541077
0.32;0.32007724046707153;0.62;0.6357887983322144;0.34;0.3389880955219269
0.3;0.29292377829551697;0.3;0.31370067596435547;0.48;0.44705596566200256
0.18;0.17921197414398193;0.78;0.7940824031829834;0.48;0.4761919379234314
0.28;0.27305105328559875;0.28;0.28138095140457153;0.12;0.12435121834278107
0.1;0.1193874403834343;0.16;0.1405065357685089;0.16;0.16599924862384796
0.2;0.1989947408437729;0.74;0.7408784627914429;0.48;0.4754219651222229
0.32;0.32047757506370544;0.24;0.23987208306789398;0.36;0.35316309332847595
0.52;0.5206499099731445;0.46;0.4237584173679352;0.1;0.10222451388835907
0.58;0.5816170573234558;0.22;0.21948541700839996;0.28;0.2774142324924469
0.7;0.6952420473098755;0.16;0.1718875765800476;0.3;0.29653200507164
0.68;0.6791120171546936;0.26;0.2810056805610657;0.46;0.4575619697570801
0.22;0.22035102546215057;0.64;0.6457045674324036;0.38;0.37742093205451965
0.4;0.3998427093029022;0.32;0.32507678866386414;0.26;0.2675011157989502
0.4;0.40154334902763367;0.22;0.2121647745370865;0.18;0.17930419743061066
0.14;0.1398121863603592;0.58;0.576489269733429;0.36;0.3569032847881317
0.1;0.09985167533159256;0.88;0.8605105876922607;0.46;0.45942649245262146
0.26;0.2575310170650482;0.16;0.15793488919734955;0.16;0.15029552578926086
0.5;0.5006682872772217;0.12;0.12291102856397629;0.42;0.4184721112251282
0.16;0.15933479368686676;0.6;0.6049282550811768;0.32;0.31988731026649475
0.6;0.6005186438560486;0.32;0.3277587592601776;0.32;0.3228326141834259
0.26;0.2591889798641205;0.48;0.47831040620803833;0.14;0.14430640637874603
0.74;0.7345394492149353;0.14;0.14650626480579376;0.28;0.2628222107887268
0.1;0.10136765241622925;0.6;0.6000840663909912;0.36;0.3569280505180359
0.8;0.8017513751983643;0.12;0.1122090294957161;0.2;0.20562061667442322
0.32;0.32145294547080994;0.12;0.11924229562282562;0.42;0.4357602000236511
0.28;0.27911120653152466;0.34;0.3401050865650177;0.34;0.3398438096046448
0.34;0.3387545943260193;0.26;0.27690109610557556;0.4;0.3885877728462219
0.16;0.16174770891666412;0.26;0.263590544462204;0.5;0.4869843125343323
0.6;0.6004592776298523;0.32;0.3354259431362152;0.34;0.336131751537323
0.32;0.31840962171554565;0.16;0.15791375935077667;0.44;0.4352220594882965
0.44;0.4401209056377411;0.48;0.4855765998363495;0.12;0.12195445597171783
0.48;0.47992515563964844;0.3;0.29592663049697876;0.46;0.47050386667251587
0.44;0.44077935814857483;0.12;0.1217179074883461;0.42;0.4233120083808899
0.1;0.10051552951335907;0.72;0.7198895215988159;0.2;0.208277627825737
0.2;0.1999054253101349;0.14;0.14606666564941406;0.26;0.24099445343017578
0.74;0.7421452403068542;0.24;0.19876064360141754;0.14;0.14802661538124084
0.56;0.5594085454940796;0.34;0.36118826270103455;0.14;0.1387404203414917
0.64;0.6403172016143799;0.28;0.28640246391296387;0.16;0.15930846333503723
0.2;0.20006537437438965;0.64;0.6394983530044556;0.24;0.2399866133928299
0.1;0.10035847872495651;0.68;0.680092990398407;0.12;0.11310124397277832
0.8;0.799263060092926;0.16;0.1639731228351593;0.18;0.19466039538383484
0.52;0.5213602781295776;0.24;0.24386686086654663;0.44;0.4395526945590973
0.14;0.14076580107212067;0.74;0.7475632429122925;0.2;0.2040286809206009
0.12;0.12146936357021332;0.48;0.4783872365951538;0.34;0.337256520986557
0.14;0.1426265984773636;0.46;0.45963558554649353;0.22;0.22556844353675842
0.24;0.24024459719657898;0.36;0.36029526591300964;0.42;0.41407403349876404
0.24;0.2396552562713623;0.38;0.37861368060112;0.46;0.47024282813072205
0.22;0.21993377804756165;0.36;0.3633396327495575;0.44;0.4390579164028168
0.36;0.3578972816467285;0.26;0.25722938776016235;0.42;0.42946234345436096
0.58;0.575552225112915;0.1;0.1078791618347168;0.16;0.14669957756996155
0.18;0.18019114434719086;0.66;0.6551318764686584;0.32;0.3112720549106598
0.14;0.1397065371274948;0.44;0.4408215284347534;0.46;0.4715418815612793
0.28;0.2799251079559326;0.58;0.5768446922302246;0.22;0.22088615596294403
0.42;0.41958484053611755;0.32;0.312321275472641;0.44;0.450568825006485
0.48;0.4808655083179474;0.28;0.2870462238788605;0.3;0.3098626732826233
0.18;0.1798229217529297;0.78;0.7956534624099731;0.14;0.13884733617305756
0.2;0.2029014378786087;0.22;0.21396125853061676;0.24;0.2511754631996155
0.34;0.33921825885772705;0.38;0.3812059760093689;0.24;0.24898502230644226
0.2;0.19941215217113495;0.66;0.6586874127388;0.38;0.3830389380455017
0.6;0.6000162363052368;0.36;0.3751179277896881;0.16;0.15992102026939392
0.7;0.7003342509269714;0.24;0.25806015729904175;0.5;0.49807634949684143
0.56;0.556355357170105;0.32;0.31873542070388794;0.28;0.27577656507492065
0.56;0.5602807998657227;0.4;0.4168202877044678;0.28;0.2806910574436188
0.22;0.21829597651958466;0.2;0.19624216854572296;0.38;0.39252835512161255
0.3;0.29995980858802795;0.68;0.6577273607254028;0.2;0.19982223212718964
0.72;0.720399796962738;0.26;0.24052150547504425;0.26;0.2602454423904419
0.52;0.5233898162841797;0.2;0.19611847400665283;0.4;0.4042356610298157
0.22;0.22001874446868896;0.54;0.5461363792419434;0.26;0.25755423307418823
0.5;0.4997023642063141;0.36;0.360858291387558;0.2;0.20257405936717987
0.44;0.44553786516189575;0.18;0.16678360104560852;0.12;0.11961273849010468
0.22;0.21993958950042725;0.7;0.7102447152137756;0.26;0.262308269739151
0.12;0.11814123392105103;0.68;0.6926807761192322;0.16;0.16453734040260315
0.44;0.4414110779762268;0.18;0.17509597539901733;0.4;0.39046114683151245
0.12;0.14513365924358368;0.16;0.1347322165966034;0.1;0.14153599739074707
0.38;0.38363397121429443;0.18;0.18076488375663757;0.28;0.2697898745536804
0.36;0.35622480511665344;0.14;0.13381549715995789;0.46;0.46514779329299927
0.1;0.10044274479150772;0.42;0.41696375608444214;0.44;0.4344804883003235
0.26;0.2597375512123108;0.34;0.3445485830307007;0.36;0.3590700030326843
0.22;0.2201261818408966;0.7;0.7061735987663269;0.12;0.11987672746181488
0.18;0.17957803606987;0.12;0.11500939726829529;0.36;0.38405248522758484
0.42;0.4254685044288635;0.42;0.4207589030265808;0.48;0.4786476194858551
0.34;0.3401781916618347;0.24;0.24419014155864716;0.44;0.444098562002182
0.24;0.2401738464832306;0.48;0.47857439517974854;0.38;0.3774975538253784
0.76;0.7612015008926392;0.18;0.17890067398548126;0.36;0.35702091455459595
0.3;0.2994382381439209;0.46;0.47358718514442444;0.26;0.2632130980491638
0.18;0.18330952525138855;0.46;0.4609997868537903;0.46;0.4553282856941223
0.64;0.6394053101539612;0.34;0.32010483741760254;0.2;0.20325207710266113
0.2;0.19947628676891327;0.1;0.1031273603439331;0.2;0.18128864467144012
0.14;0.1423228234052658;0.48;0.48100990056991577;0.24;0.24183304607868195
0.48;0.47976580262184143;0.3;0.30771496891975403;0.1;0.10390369594097137
0.34;0.3391847610473633;0.48;0.4727458953857422;0.16;0.15929627418518066
0.36;0.35984933376312256;0.58;0.6017274260520935;0.18;0.18029014766216278
0.18;0.17837746441364288;0.22;0.21679969131946564;0.38;0.382651150226593
0.64;0.6415063142776489;0.14;0.14171087741851807;0.2;0.20074531435966492
0.22;0.22024035453796387;0.68;0.6901077032089233;0.14;0.1411096155643463
0.3;0.294545441865921;0.14;0.14008520543575287;0.36;0.3673716187477112
0.5;0.504978358745575;0.16;0.15964344143867493;0.4;0.3955394923686981
0.26;0.2602281868457794;0.64;0.6556664109230042;0.18;0.18432915210723877
0.26;0.25895318388938904;0.34;0.34435755014419556;0.3;0.29510021209716797
0.14;0.13846397399902344;0.28;0.29346969723701477;0.16;0.16572394967079163
0.14;0.1410791277885437;0.12;0.1188303530216217;0.42;0.41765326261520386
0.5;0.5004730224609375;0.38;0.3857877552509308;0.16;0.15624822676181793
0.52;0.5201447010040283;0.32;0.3182915449142456;0.34;0.33711230754852295
0.68;0.6822503209114075;0.1;0.11870290338993073;0.34;0.3070695400238037
0.4;0.40150564908981323;0.32;0.3306736946105957;0.12;0.11968781799077988
0.18;0.18020182847976685;0.46;0.45604535937309265;0.48;0.47910889983177185
0.2;0.2025344967842102;0.26;0.2557322680950165;0.14;0.147262305021286
0.14;0.12918412685394287;0.14;0.1590082347393036;0.16;0.14036138355731964
0.54;0.5414024591445923;0.26;0.2590848505496979;0.5;0.48948153853416443
0.72;0.723763108253479;0.12;0.11838530749082565;0.34;0.344272643327713
0.24;0.2404565066099167;0.52;0.5295080542564392;0.28;0.2835913300514221
0.18;0.18014034628868103;0.66;0.6479285955429077;0.16;0.1582135260105133
0.2;0.19758453965187073;0.24;0.22946514189243317;0.2;0.20721220970153809
0.42;0.4216419756412506;0.34;0.34755009412765503;0.2;0.20789580047130585
0.5;0.49999624490737915;0.34;0.332175612449646;0.32;0.3193499743938446
0.28;0.2799908518791199;0.62;0.6258319616317749;0.16;0.15896938741207123
0.14;0.14252962172031403;0.5;0.5017117261886597;0.32;0.3217991590499878
0.86;0.8605215549468994;0.12;0.11398511379957199;0.4;0.4160423278808594
0.68;0.6785246133804321;0.26;0.25908997654914856;0.16;0.1593732386827469
0.1;0.10247692465782166;0.32;0.31687092781066895;0.3;0.30073899030685425
0.16;0.15593205392360687;0.3;0.31002679467201233;0.48;0.48221302032470703
0.42;0.41990140080451965;0.36;0.36112135648727417;0.26;0.2624937891960144
0.22;0.21893848478794098;0.38;0.3777894973754883;0.32;0.3212077021598816
0.46;0.4609019458293915;0.16;0.16152417659759521;0.4;0.4083256125450134
0.26;0.26040181517601013;0.22;0.21358175575733185;0.24;0.23007197678089142
0.28;0.2799485921859741;0.62;0.6270192265510559;0.32;0.32615596055984497
0.44;0.4399520754814148;0.5;0.4928853213787079;0.34;0.33884865045547485
0.64;0.6406639814376831;0.2;0.19553983211517334;0.2;0.20723958313465118
0.22;0.22023072838783264;0.6;0.5921009182929993;0.36;0.36159589886665344
0.28;0.2793002724647522;0.26;0.2633034586906433;0.28;0.2698030173778534
0.32;0.3203645348548889;0.36;0.35074830055236816;0.2;0.20771603286266327
0.22;0.22414769232273102;0.26;0.2564578950405121;0.32;0.32334378361701965
0.56;0.5496476888656616;0.18;0.1856217384338379;0.32;0.3070298135280609
0.22;0.2203541100025177;0.38;0.37332019209861755;0.22;0.22496812045574188
0.36;0.36335113644599915;0.28;0.2683026194572449;0.3;0.3007865250110626
0.48;0.47978875041007996;0.46;0.470536470413208;0.24;0.23789028823375702
0.34;0.3440181314945221;0.2;0.1966329962015152;0.16;0.16145899891853333
0.42;0.41979560256004333;0.42;0.4201468825340271;0.26;0.25928905606269836
0.64;0.6426473259925842;0.2;0.1927211433649063;0.36;0.35523784160614014
0.1;0.10000159591436386;0.44;0.43566155433654785;0.3;0.2945152521133423
0.56;0.560341477394104;0.3;0.30341479182243347;0.2;0.20707614719867706
0.44;0.440399706363678;0.32;0.32743364572525024;0.36;0.362939715385437
0.28;0.2816492021083832;0.24;0.22920574247837067;0.1;0.1197967380285263
0.4;0.4000556170940399;0.54;0.5383821725845337;0.42;0.4177589416503906
0.64;0.6447228789329529;0.12;0.12010835111141205;0.26;0.24965472519397736
0.12;0.11098695546388626;0.14;0.14996227622032166;0.42;0.4090217053890228
0.18;0.1811644583940506;0.44;0.4414055645465851;0.42;0.4174913465976715
0.28;0.28018611669540405;0.7;0.6785145998001099;0.3;0.29842981696128845
0.5;0.4928072392940521;0.3;0.29133620858192444;0.1;0.10109151899814606
0.36;0.3601668179035187;0.42;0.4233624339103699;0.38;0.3843746781349182
0.66;0.6722140312194824;0.14;0.13702616095542908;0.24;0.22847533226013184
0.48;0.48239949345588684;0.26;0.2658293545246124;0.44;0.44037359952926636
0.58;0.5869449377059937;0.18;0.1823016256093979;0.5;0.4929622709751129
0.2;0.1996825486421585;0.4;0.3975934386253357;0.46;0.4663105010986328
0.42;0.4200725853443146;0.4;0.4063798785209656;0.42;0.41927242279052734
0.4;0.4018176198005676;0.2;0.19842682778835297;0.48;0.4530085623264313
0.18;0.17980711162090302;0.48;0.4836880564689636;0.38;0.3763025403022766
0.3;0.3036055564880371;0.3;0.2787652015686035;0.36;0.38726264238357544
0.54;0.5397151112556458;0.38;0.37490299344062805;0.46;0.45921453833580017
0.58;0.586246132850647;0.16;0.15754656493663788;0.34;0.33965080976486206
0.64;0.642220139503479;0.2;0.19927014410495758;0.32;0.32020753622055054
0.18;0.17939577996730804;0.76;0.7820181846618652;0.16;0.15678361058235168
0.28;0.279598593711853;0.18;0.1932201385498047;0.5;0.4630155563354492
0.82;0.8205487728118896;0.16;0.13307709991931915;0.1;0.10458328574895859
0.3;0.3007500171661377;0.24;0.2482215166091919;0.32;0.32540202140808105
0.4;0.4002986252307892;0.54;0.5345855355262756;0.5;0.5036010146141052
0.76;0.757941484451294;0.16;0.15366557240486145;0.36;0.36275988817214966
0.24;0.2319488227367401;0.26;0.26601332426071167;0.44;0.4428836703300476
0.48;0.47931143641471863;0.2;0.21222463250160217;0.48;0.45468074083328247
0.26;0.25866687297821045;0.2;0.1929044872522354;0.28;0.2788968086242676
0.14;0.13688896596431732;0.12;0.12347620725631714;0.24;0.21630053222179413
0.14;0.1398768275976181;0.66;0.6604803800582886;0.24;0.24895811080932617
0.24;0.2404371052980423;0.34;0.37441620230674744;0.16;0.16293616592884064
0.46;0.4597981870174408;0.5;0.5054762959480286;0.42;0.42423564195632935
0.62;0.6179612874984741;0.12;0.12031944841146469;0.32;0.32862764596939087
0.14;0.1582629531621933;0.14;0.1183900237083435;0.1;0.11656130850315094
0.34;0.3397139310836792;0.36;0.35818228125572205;0.24;0.24953003227710724
0.14;0.14049246907234192;0.42;0.4184785485267639;0.38;0.3779102563858032
0.82;0.8223076462745667;0.16;0.14089435338974;0.48;0.4770558476448059
0.76;0.7626867294311523;0.22;0.19370026886463165;0.24;0.25372177362442017
0.38;0.379694402217865;0.38;0.37715211510658264;0.2;0.19546931982040405
0.6;0.6006450057029724;0.34;0.35009148716926575;0.4;0.4011656641960144
0.38;0.37992122769355774;0.5;0.5169788002967834;0.12;0.11793442070484161
0.58;0.5812558531761169;0.4;0.3833063244819641;0.46;0.46133947372436523
0.1;0.09982019662857056;0.68;0.6778643131256104;0.36;0.3678746223449707
0.2;0.19970613718032837;0.6;0.603965163230896;0.24;0.24952487647533417
0.24;0.2384858876466751;0.12;0.12000837177038193;0.24;0.23997202515602112
0.34;0.34057751297950745;0.4;0.3877265453338623;0.5;0.48317956924438477
0.14;0.1412033885717392;0.18;0.16944526135921478;0.36;0.3619540333747864
0.18;0.17735283076763153;0.28;0.2709561288356781;0.18;0.20390906929969788
0.56;0.5579233169555664;0.26;0.26024627685546875;0.32;0.3316253423690796
0.14;0.13927112519741058;0.1;0.10187827795743942;0.36;0.343750536441803
0.18;0.18069587647914886;0.66;0.661625325679779;0.3;0.3080219626426697
0.48;0.4814031720161438;0.36;0.36327603459358215;0.12;0.11885913461446762
0.82;0.8212660551071167;0.14;0.14922593533992767;0.4;0.4062170386314392
0.84;0.8341407179832458;0.1;0.11107340455055237;0.48;0.4748200476169586
0.14;0.1317586600780487;0.16;0.17352843284606934;0.18;0.16498622298240662
0.28;0.2800002694129944;0.56;0.5560920238494873;0.3;0.3034721314907074
0.64;0.6382260918617249;0.3;0.30191338062286377;0.5;0.500259518623352
0.42;0.41769686341285706;0.1;0.1067708358168602;0.14;0.13196861743927002
0.1;0.10072577744722366;0.54;0.5375115275382996;0.44;0.4354917109012604
0.14;0.14015360176563263;0.58;0.5818688869476318;0.38;0.380675733089447
0.48;0.4799877107143402;0.34;0.3453518748283386;0.28;0.2821594774723053
0.34;0.33971643447875977;0.5;0.4889572262763977;0.34;0.34686484932899475
0.52;0.516663134098053;0.26;0.2603331208229065;0.2;0.1986355036497116
0.38;0.37999486923217773;0.44;0.4244799017906189;0.16;0.1570756435394287
0.36;0.36131909489631653;0.16;0.16135291755199432;0.4;0.40782174468040466
0.52;0.5200615525245667;0.26;0.25501346588134766;0.24;0.24469979107379913
0.38;0.3807823061943054;0.32;0.32190847396850586;0.5;0.47936850786209106
0.2;0.1989906132221222;0.78;0.7565051317214966;0.36;0.3595007359981537
0.26;0.260020911693573;0.36;0.361795037984848;0.44;0.43594974279403687
0.18;0.18013213574886322;0.6;0.5942190289497375;0.5;0.4819223880767822
0.44;0.4402680993080139;0.26;0.2583020031452179;0.48;0.48682165145874023
0.4;0.39934852719306946;0.12;0.11654267460107803;0.32;0.3216668963432312
0.2;0.2003391981124878;0.72;0.7282434105873108;0.1;0.10082803666591644
0.18;0.18265220522880554;0.36;0.3454892635345459;0.12;0.13250812888145447
0.1;0.10170120745897293;0.44;0.43517521023750305;0.24;0.23680350184440613
0.62;0.6194873452186584;0.24;0.23214346170425415;0.38;0.38942810893058777
0.18;0.18053874373435974;0.34;0.3419620096683502;0.4;0.39893049001693726
0.66;0.6583475470542908;0.26;0.2749074101448059;0.16;0.16231200098991394
0.18;0.1798277646303177;0.76;0.76591956615448;0.14;0.13870510458946228
0.18;0.17910797894001007;0.74;0.7467284202575684;0.32;0.31928566098213196
0.42;0.4199250638484955;0.42;0.4260917603969574;0.22;0.2195640504360199
0.12;0.12001559883356094;0.64;0.640254020690918;0.46;0.4692935049533844
0.34;0.34012559056282043;0.6;0.6135360598564148;0.42;0.4161478877067566
0.24;0.23996764421463013;0.74;0.7171209454536438;0.36;0.35445883870124817
0.16;0.16020767390727997;0.58;0.5751001238822937;0.46;0.4656607508659363
0.34;0.339250385761261;0.32;0.324350506067276;0.26;0.25889405608177185
0.58;0.5789493918418884;0.32;0.33267420530319214;0.12;0.11676511913537979
0.14;0.14017105102539062;0.78;0.7846125364303589;0.36;0.3576774001121521
0.22;0.21997706592082977;0.76;0.736746072769165;0.24;0.23607568442821503
0.12;0.1209823340177536;0.7;0.6994577050209045;0.48;0.47999143600463867
0.7;0.7259472012519836;0.14;0.11370912939310074;0.12;0.17832887172698975
0.46;0.4552352726459503;0.26;0.2853231430053711;0.12;0.11985911428928375
0.32;0.3198700249195099;0.38;0.38243454694747925;0.32;0.3290019929409027
0.62;0.6202953457832336;0.32;0.3189030885696411;0.26;0.259852796792984
0.52;0.5197422504425049;0.32;0.3227671980857849;0.3;0.29579609632492065
0.46;0.4607662856578827;0.2;0.19836264848709106;0.12;0.12349563837051392
0.14;0.13984505832195282;0.84;0.8226543068885803;0.46;0.44541531801223755
0.54;0.538787305355072;0.12;0.11910896748304367;0.44;0.44605064392089844
0.12;0.12692727148532867;0.38;0.36341825127601624;0.42;0.43706855177879333
0.54;0.5403002500534058;0.14;0.13963085412979126;0.4;0.41165900230407715
0.16;0.1597827970981598;0.58;0.5910748839378357;0.24;0.2453259974718094
0.48;0.4800202548503876;0.38;0.37165170907974243;0.16;0.15798377990722656
0.5;0.5005218386650085;0.4;0.41180360317230225;0.16;0.15723326802253723
0.38;0.37988606095314026;0.52;0.5275534987449646;0.3;0.30222854018211365
0.18;0.17883409559726715;0.38;0.3829823136329651;0.4;0.3900177776813507
0.26;0.26206934452056885;0.3;0.30000680685043335;0.32;0.31828364729881287
0.56;0.5619041919708252;0.2;0.19644147157669067;0.2;0.20713266730308533
0.54;0.5456638932228088;0.12;0.11826363205909729;0.5;0.4854399561882019
0.22;0.22136260569095612;0.42;0.414817750453949;0.3;0.30079910159111023
0.12;0.11983338743448257;0.82;0.8331595659255981;0.16;0.15956714749336243
0.16;0.1592012196779251;0.3;0.31735292077064514;0.5;0.48008909821510315
0.52;0.5196532607078552;0.46;0.4384840130805969;0.18;0.17617294192314148
0.2;0.2095261961221695;0.32;0.3232825696468353;0.26;0.27097272872924805
0.36;0.35994264483451843;0.4;0.3974739611148834;0.12;0.11940816789865494
0.26;0.259853720664978;0.58;0.5763265490531921;0.14;0.13773930072784424
0.2;0.19913412630558014;0.4;0.4037318229675293;0.5;0.4867836833000183
0.2;0.1977015882730484;0.1;0.11236794292926788;0.38;0.34250175952911377
0.5;0.4961109459400177;0.24;0.2572311460971832;0.28;0.2746780514717102
0.1;0.10020329058170319;0.74;0.7366347312927246;0.48;0.4822087287902832
0.12;0.12375413626432419;0.3;0.30495595932006836;0.14;0.13762271404266357
0.62;0.6193699836730957;0.32;0.33311089873313904;0.3;0.299215167760849
0.18;0.17952246963977814;0.32;0.326106458902359;0.22;0.23062308132648468
0.48;0.48085129261016846;0.4;0.4020358920097351;0.5;0.49254292249679565
0.56;0.5598766803741455;0.36;0.36653000116348267;0.38;0.38041630387306213
0.44;0.43858593702316284;0.14;0.1351081132888794;0.4;0.4048991799354553
0.3;0.2987525463104248;0.54;0.548515260219574;0.1;0.10325280576944351
0.1;0.10052704811096191;0.62;0.6198941469192505;0.48;0.48998546600341797
0.34;0.340225487947464;0.16;0.15814243257045746;0.32;0.32731205224990845
0.82;0.8202080130577087;0.1;0.11147014051675797;0.46;0.434317022562027
0.6;0.5985548496246338;0.14;0.14598903059959412;0.24;0.23905225098133087
0.32;0.31952863931655884;0.24;0.24744220077991486;0.12;0.11999404430389404
0.14;0.13601189851760864;0.2;0.20153957605361938;0.32;0.32130196690559387
0.66;0.6543713212013245;0.1;0.10111021250486374;0.34;0.3400643467903137
0.42;0.41950079798698425;0.3;0.2995595335960388;0.26;0.2659732401371002
0.14;0.14045728743076324;0.62;0.623079776763916;0.36;0.36332982778549194
0.7;0.7014771103858948;0.2;0.21370363235473633;0.3;0.29766884446144104
0.32;0.31989866495132446;0.5;0.496974378824234;0.26;0.266449511051178
0.4;0.40162035822868347;0.34;0.3449658751487732;0.14;0.13800568878650665
0.14;0.13968004286289215;0.4;0.39942681789398193;0.44;0.4478127360343933
0.32;0.3215823471546173;0.12;0.11211489886045456;0.18;0.18784822523593903
0.56;0.5584201216697693;0.26;0.2621525824069977;0.46;0.46729564666748047
0.6;0.5974228382110596;0.22;0.2183259129524231;0.2;0.191801518201828
0.42;0.4193921387195587;0.22;0.22907443344593048;0.42;0.4163335859775543
0.46;0.4597812294960022;0.5;0.5076510310173035;0.44;0.4370500445365906
0.28;0.27606937289237976;0.3;0.303667813539505;0.36;0.3544131815433502
0.26;0.2603532671928406;0.68;0.683173418045044;0.16;0.15780362486839294
0.12;0.11819017678499222;0.32;0.3209153413772583;0.3;0.3055350184440613
0.34;0.3404897153377533;0.4;0.4065718352794647;0.4;0.41188734769821167
0.66;0.6599047183990479;0.28;0.2852883040904999;0.36;0.36412230134010315
0.3;0.30196914076805115;0.42;0.4180949330329895;0.48;0.4761009216308594
0.66;0.6611270904541016;0.26;0.2597167491912842;0.2;0.20017600059509277
0.44;0.440080463886261;0.26;0.2548847794532776;0.4;0.410531222820282
0.58;0.5834389328956604;0.16;0.16942501068115234;0.44;0.43185940384864807
0.64;0.6469525694847107;0.16;0.15810781717300415;0.24;0.23355801403522491
0.12;0.12423305213451385;0.28;0.2803236246109009;0.38;0.3850647509098053
0.26;0.2605604827404022;0.6;0.6143791079521179;0.1;0.10555242002010345
0.26;0.25993266701698303;0.36;0.3593725562095642;0.2;0.2168075144290924
0.12;0.12129269540309906;0.28;0.2795863449573517;0.14;0.13853473961353302
0.42;0.4200465977191925;0.5;0.5128464698791504;0.34;0.33771565556526184
0.82;0.819273054599762;0.1;0.10972177237272263;0.28;0.2520226836204529
0.28;0.28037768602371216;0.4;0.39829322695732117;0.44;0.4363490045070648
0.36;0.3542666435241699;0.1;0.10447514802217484;0.16;0.16017456352710724
0.44;0.43997636437416077;0.42;0.413689523935318;0.36;0.3679441809654236
0.8;0.8022496700286865;0.14;0.14370964467525482;0.46;0.4668647348880768
0.38;0.3789040148258209;0.46;0.4530942440032959;0.5;0.48822563886642456
0.36;0.3587321937084198;0.38;0.4055999517440796;0.24;0.24474963545799255
0.6;0.6012317538261414;0.12;0.11779472976922989;0.26;0.27407366037368774
0.34;0.3385350704193115;0.1;0.10160042345523834;0.22;0.2224881649017334
0.34;0.33954858779907227;0.14;0.1375768631696701;0.46;0.4468199610710144
0.52;0.5232117772102356;0.2;0.20416384935379028;0.48;0.47791510820388794
0.42;0.4168488681316376;0.28;0.3268062472343445;0.14;0.13387198746204376
0.3;0.30007755756378174;0.52;0.5155511498451233;0.32;0.32619938254356384
0.74;0.7359053492546082;0.12;0.21539050340652466;0.5;0.43711575865745544
0.18;0.18174517154693604;0.48;0.48144274950027466;0.18;0.18409210443496704
0.16;0.15971088409423828;0.46;0.45505276322364807;0.28;0.28023582696914673
0.66;0.6605865955352783;0.18;0.18266573548316956;0.46;0.45931434631347656
0.24;0.24083369970321655;0.24;0.25085964798927307;0.2;0.181791752576828
0.58;0.5791910886764526;0.24;0.23154664039611816;0.38;0.3802053928375244
0.1;0.11543714255094528;0.12;0.10079879313707352;0.32;0.36863255500793457
0.34;0.33981630206108093;0.12;0.11666923761367798;0.32;0.33330902457237244
0.48;0.47983798384666443;0.46;0.4588417708873749;0.4;0.40072065591812134
0.1;0.10943200439214706;0.2;0.18774078786373138;0.28;0.30198609828948975
0.36;0.35988855361938477;0.52;0.5339528322219849;0.34;0.3396272659301758
0.34;0.33980533480644226;0.46;0.4609214961528778;0.32;0.3226314187049866
0.28;0.28004294633865356;0.66;0.671111524105072;0.12;0.12040706723928452
0.26;0.26088160276412964;0.2;0.20152847468852997;0.4;0.39314335584640503
0.56;0.5597083568572998;0.16;0.1554928421974182;0.34;0.3440878689289093
0.56;0.5593419075012207;0.18;0.18174734711647034;0.44;0.4318029284477234
0.4;0.4004480242729187;0.14;0.1427181512117386;0.36;0.36816033720970154
0.46;0.46080684661865234;0.5;0.5128927230834961;0.22;0.21868924796581268
0.56;0.561019778251648;0.32;0.3328782618045807;0.14;0.14190474152565002
0.42;0.4175388813018799;0.34;0.3380776047706604;0.28;0.280983567237854
0.7;0.707345187664032;0.14;0.12720255553722382;0.5;0.4017956852912903
0.28;0.280581533908844;0.36;0.36199867725372314;0.36;0.36034518480300903
0.2;0.200411856174469;0.46;0.47014760971069336;0.24;0.24322810769081116
0.12;0.12796863913536072;0.26;0.25308892130851746;0.1;0.11219705641269684
0.34;0.33929243683815;0.32;0.3380444645881653;0.22;0.2252500057220459
0.16;0.16250087320804596;0.36;0.3521724045276642;0.36;0.37197181582450867
0.46;0.45281344652175903;0.22;0.2264612764120102;0.36;0.3504642844200134
0.52;0.519961953163147;0.38;0.38731423020362854;0.24;0.23869553208351135
0.16;0.1598394364118576;0.7;0.704106867313385;0.12;0.12242450565099716
0.2;0.20014117658138275;0.46;0.47726714611053467;0.18;0.18532216548919678
0.62;0.6198586821556091;0.32;0.3293383717536926;0.46;0.46262693405151367
0.14;0.1389516443014145;0.7;0.6921012997627258;0.24;0.2310440093278885
0.26;0.25973522663116455;0.5;0.5075221061706543;0.36;0.35431230068206787
0.4;0.3956144154071808;0.18;0.17031632363796234;0.16;0.1658351719379425
0.4;0.3994424045085907;0.2;0.20080901682376862;0.28;0.2899015545845032
0.72;0.7206896543502808;0.22;0.22696998715400696;0.4;0.40698933601379395
0.48;0.4795582592487335;0.38;0.37912052869796753;0.48;0.4820782244205475
0.48;0.4819905161857605;0.2;0.21019136905670166;0.32;0.30761343240737915
0.6;0.601712703704834;0.26;0.2595953345298767;0.34;0.34740763902664185
0.22;0.21974553167819977;0.74;0.7249968647956848;0.18;0.17673496901988983
0.24;0.23492665588855743;0.14;0.1509246677160263;0.44;0.4102412164211273
0.52;0.5207259654998779;0.14;0.13583189249038696;0.36;0.3630836606025696
0.7;0.6977254748344421;0.12;0.12357638776302338;0.46;0.4575597643852234
0.1;0.09775891155004501;0.1;0.11248945444822311;0.4;0.3566870093345642
0.3;0.30066606402397156;0.62;0.6206592917442322;0.22;0.22376306354999542
0.2;0.20144127309322357;0.38;0.38059473037719727;0.36;0.35789754986763
0.42;0.42109331488609314;0.12;0.12220063805580139;0.4;0.41433238983154297
0.34;0.3403075933456421;0.16;0.16950780153274536;0.5;0.4715385437011719
0.16;0.15997473895549774;0.62;0.6173083782196045;0.38;0.38423794507980347
0.44;0.4399906396865845;0.42;0.41614222526550293;0.46;0.4606434404850006
0.28;0.2830156683921814;0.26;0.2577219009399414;0.42;0.41895413398742676
0.32;0.316950261592865;0.26;0.2766494154930115;0.48;0.4652189612388611
0.44;0.43435779213905334;0.28;0.2945753037929535;0.2;0.20084571838378906
0.66;0.6543712019920349;0.2;0.20021024346351624;0.12;0.1165778785943985
0.36;0.36172834038734436;0.16;0.15929284691810608;0.24;0.23081736266613007
0.22;0.22003906965255737;0.56;0.5520236492156982;0.24;0.24847495555877686
0.44;0.4399251341819763;0.44;0.4399164617061615;0.46;0.4633813798427582
0.56;0.5615676045417786;0.42;0.37972742319107056;0.2;0.20515015721321106
0.16;0.1604253351688385;0.48;0.4789278209209442;0.4;0.4070308208465576
0.6;0.6026601195335388;0.26;0.2698209583759308;0.32;0.3169289231300354
0.34;0.34024709463119507;0.54;0.5421119928359985;0.36;0.3679858148097992
0.18;0.1798805594444275;0.44;0.4396941065788269;0.14;0.162492036819458
0.48;0.480127215385437;0.44;0.4385800361633301;0.46;0.46682825684547424
0.58;0.5797210335731506;0.32;0.31889837980270386;0.1;0.10185754299163818
0.52;0.5201306343078613;0.44;0.4547978937625885;0.48;0.47921496629714966
0.22;0.21830378472805023;0.32;0.310110479593277;0.12;0.12807674705982208
0.26;0.2599477171897888;0.66;0.6603344678878784;0.42;0.4272862374782562
0.18;0.17667384445667267;0.34;0.3309364318847656;0.32;0.3118899464607239
0.2;0.20373547077178955;0.16;0.15810565650463104;0.16;0.1599622666835785
0.38;0.37983736395835876;0.24;0.2479075789451599;0.4;0.4016800820827484
0.54;0.5364604592323303;0.22;0.23740728199481964;0.12;0.11295247077941895
0.56;0.5596578121185303;0.32;0.330997109413147;0.2;0.20524325966835022
0.18;0.1798626035451889;0.6;0.5995477437973022;0.42;0.4234517216682434
0.12;0.12190281599760056;0.62;0.6228457689285278;0.28;0.2768966555595398
0.44;0.4400472640991211;0.4;0.395691841840744;0.26;0.2617468237876892
0.66;0.6590361595153809;0.26;0.2585947513580322;0.24;0.2406538426876068
0.66;0.6589789390563965;0.2;0.19393207132816315;0.24;0.23581662774085999
0.54;0.5404893159866333;0.34;0.3397063612937927;0.44;0.436593621969223
0.26;0.26061952114105225;0.14;0.14225810766220093;0.18;0.16066254675388336
0.3;0.3005481958389282;0.68;0.6585384011268616;0.26;0.2566567361354828
0.54;0.5407538414001465;0.14;0.14017406105995178;0.44;0.44275420904159546
0.54;0.5402507781982422;0.4;0.4061926007270813;0.16;0.15917262434959412
0.38;0.3799823224544525;0.4;0.3941654562950134;0.12;0.12031682580709457
0.22;0.22300021350383759;0.3;0.3039328157901764;0.26;0.26163554191589355
0.28;0.27937889099121094;0.26;0.26968806982040405;0.26;0.2612729072570801
0.24;0.24009059369564056;0.66;0.6706857681274414;0.16;0.1593572199344635
0.1;0.09966612607240677;0.7;0.6974291801452637;0.5;0.48478764295578003
0.86;0.8606384992599487;0.1;0.12025604397058487;0.34;0.3168286383152008
0.82;0.8212146162986755;0.14;0.15435492992401123;0.14;0.14342761039733887
0.48;0.4797474145889282;0.4;0.40037158131599426;0.2;0.2018928974866867
0.14;0.13423305749893188;0.38;0.38719770312309265;0.32;0.32221922278404236
0.3;0.29916006326675415;0.52;0.5157777070999146;0.3;0.30008405447006226
0.4;0.3971531093120575;0.24;0.2516964077949524;0.5;0.4620543420314789
0.24;0.2400723695755005;0.5;0.5046970844268799;0.42;0.4237213730812073
0.32;0.31993764638900757;0.52;0.5219987034797668;0.3;0.2842999994754791
0.52;0.5206499099731445;0.44;0.4237584173679352;0.1;0.10222451388835907
0.82;0.8212238550186157;0.14;0.15055274963378906;0.24;0.25021371245384216
0.3;0.3000034689903259;0.36;0.3904264569282532;0.12;0.12068554013967514
0.3;0.2998393177986145;0.58;0.5799824595451355;0.42;0.4077543318271637
0.46;0.45976147055625916;0.34;0.340971976518631;0.3;0.3019641935825348
0.32;0.32024484872817993;0.64;0.6375670433044434;0.5;0.4956630766391754
0.7;0.6999167799949646;0.26;0.2647330164909363;0.42;0.4242245554924011
0.58;0.580572783946991;0.4;0.38247326016426086;0.22;0.22008314728736877
0.5;0.4994852542877197;0.22;0.2235162854194641;0.46;0.4672979712486267
0.4;0.40724411606788635;0.26;0.25608083605766296;0.1;0.11054708808660507
0.36;0.3591487407684326;0.44;0.42861291766166687;0.2;0.20277032256126404
0.52;0.5246034264564514;0.14;0.13953305780887604;0.28;0.29285672307014465
0.36;0.35970911383628845;0.48;0.4838421642780304;0.14;0.13735374808311462
0.64;0.6376998424530029;0.34;0.3250143527984619;0.18;0.18301822245121002
0.22;0.2269381582736969;0.18;0.17103950679302216;0.12;0.1292036920785904
0.14;0.1390455663204193;0.6;0.6064493656158447;0.24;0.24272699654102325
0.16;0.15739092230796814;0.2;0.1924026906490326;0.44;0.4541034698486328
0.2;0.20009268820285797;0.3;0.3162873089313507;0.5;0.47733497619628906
0.34;0.3428119421005249;0.24;0.24179334938526154;0.2;0.1956818550825119
0.2;0.20025718212127686;0.58;0.5826112031936646;0.24;0.24346180260181427
0.12;0.1204628199338913;0.82;0.8371753692626953;0.22;0.22317643463611603
0.36;0.36039257049560547;0.6;0.6099923253059387;0.32;0.31749293208122253
0.2;0.19877231121063232;0.22;0.22321486473083496;0.44;0.4274323880672455
0.1;0.10088949650526047;0.54;0.538139820098877;0.3;0.2949354648590088
0.24;0.23913370072841644;0.56;0.5435442328453064;0.12;0.11523748934268951
0.14;0.13948899507522583;0.8;0.8149538636207581;0.2;0.19637081027030945
0.42;0.41874366998672485;0.18;0.18057937920093536;0.46;0.47102823853492737
0.12;0.1036430224776268;0.14;0.15351159870624542;0.14;0.1578286588191986
0.54;0.5285531282424927;0.1;0.10486222803592682;0.5;0.47270146012306213
0.62;0.6217742562294006;0.26;0.2630738914012909;0.16;0.155368834733963
0.2;0.20575451850891113;0.32;0.3258102238178253;0.22;0.21713340282440186
0.14;0.13994121551513672;0.58;0.5831528902053833;0.44;0.4466867446899414
0.44;0.4412479102611542;0.12;0.11532565206289291;0.26;0.26903581619262695
0.28;0.27993667125701904;0.44;0.4273993968963623;0.5;0.4807463586330414
0.14;0.14087554812431335;0.68;0.6806637644767761;0.28;0.28599125146865845
0.26;0.2600110173225403;0.72;0.6707651615142822;0.26;0.24239793419837952
0.2;0.19926030933856964;0.66;0.6487644910812378;0.5;0.4854823052883148
0.32;0.3199935257434845;0.54;0.5425172448158264;0.32;0.30429011583328247
0.46;0.45994484424591064;0.46;0.463331937789917;0.24;0.23986339569091797
0.3;0.3016967475414276;0.24;0.23951508104801178;0.18;0.1777760535478592
0.72;0.7181536555290222;0.14;0.1538913995027542;0.48;0.465087890625
0.34;0.33886614441871643;0.28;0.28763988614082336;0.14;0.14616672694683075
0.44;0.44620391726493835;0.26;0.250834196805954;0.28;0.3129967749118805
0.5;0.4978887438774109;0.16;0.16395188868045807;0.12;0.1324717104434967
0.68;0.6788316369056702;0.12;0.11379028111696243;0.1;0.11399824917316437
0.12;0.11105864495038986;0.1;0.11903125047683716;0.24;0.12260757386684418
0.36;0.3641413450241089;0.14;0.13822199404239655;0.22;0.22613826394081116
0.26;0.25963708758354187;0.68;0.686840295791626;0.24;0.23672202229499817
0.32;0.31987646222114563;0.36;0.3589297831058502;0.48;0.4770221710205078
0.38;0.3761802613735199;0.1;0.1006760522723198;0.34;0.33340778946876526
0.44;0.4431685507297516;0.16;0.15621843934059143;0.28;0.27961698174476624
0.14;0.13950848579406738;0.82;0.8297346830368042;0.36;0.358178049325943
0.52;0.5200814008712769;0.42;0.43668246269226074;0.12;0.12039349973201752
0.44;0.4399505853652954;0.5;0.49483722448349;0.36;0.3615494966506958
0.1;0.10016291588544846;0.62;0.6218202710151672;0.32;0.3196403682231903
0.28;0.27854153513908386;0.1;0.09977560490369797;0.14;0.12394580990076065
0.46;0.4602563679218292;0.4;0.39538276195526123;0.44;0.43983715772628784
0.22;0.2189994603395462;0.18;0.17823302745819092;0.22;0.2270708978176117
0.16;0.1603291630744934;0.46;0.4583432078361511;0.3;0.3008432686328888
0.2;0.1945347636938095;0.28;0.2697121202945709;0.1;0.10955919325351715
0.1;0.10596972703933716;0.2;0.19950903952121735;0.3;0.2940713167190552
0.3;0.29989001154899597;0.28;0.2876337170600891;0.28;0.24288669228553772
0.5;0.4999343752861023;0.46;0.47761157155036926;0.1;0.10328327119350433
0.56;0.5634412169456482;0.14;0.13013915717601776;0.12;0.12411995232105255
0.2;0.20234942436218262;0.42;0.4193551242351532;0.36;0.3635999262332916
0.24;0.2404797524213791;0.54;0.5442075729370117;0.32;0.32108888030052185
0.4;0.400856077671051;0.22;0.2263825237751007;0.42;0.42361992597579956
0.42;0.4236902892589569;0.16;0.1573018878698349;0.1;0.10492010414600372
0.56;0.5532516837120056;0.1;0.09926813095808029;0.4;0.401770681142807
0.1;0.10824096947908401;0.38;0.3693099915981293;0.36;0.35459908843040466
0.2;0.2003832459449768;0.34;0.3289704918861389;0.32;0.32905203104019165
0.34;0.3401431143283844;0.56;0.5584251880645752;0.42;0.41365307569503784
0.48;0.4761725068092346;0.12;0.1191200241446495;0.26;0.25461259484291077
0.4;0.4001852869987488;0.28;0.2890916168689728;0.32;0.32194507122039795
0.3;0.3000137507915497;0.46;0.45897045731544495;0.44;0.4386409819126129
0.14;0.1383274495601654;0.82;0.8225791454315186;0.18;0.17676475644111633
0.24;0.24300213158130646;0.2;0.19842824339866638;0.34;0.33571508526802063
0.38;0.38070356845855713;0.18;0.18229298293590546;0.44;0.453666627407074
0.44;0.43986523151397705;0.54;0.5209714770317078;0.5;0.4987776279449463
0.52;0.5195195078849792;0.4;0.41212883591651917;0.18;0.17592129111289978
0.12;0.11708015948534012;0.52;0.5159052610397339;0.1;0.10274889320135117
0.54;0.5396655797958374;0.44;0.42404860258102417;0.3;0.3009963631629944
0.26;0.2607252597808838;0.56;0.561768114566803;0.2;0.1986885517835617
0.12;0.11956281214952469;0.62;0.6282020807266235;0.38;0.38356631994247437
0.38;0.38095399737358093;0.14;0.137830913066864;0.4;0.4031163156032562
0.26;0.2591051459312439;0.12;0.11924200505018234;0.3;0.29659050703048706
0.68;0.6800934076309204;0.12;0.11146143078804016;0.14;0.15332262217998505
0.14;0.13807794451713562;0.5;0.4972812831401825;0.44;0.43521660566329956
0.4;0.3985874652862549;0.1;0.10225654393434525;0.34;0.32316139340400696
0.18;0.18273165822029114;0.22;0.2260383665561676;0.14;0.14715510606765747
0.18;0.17573606967926025;0.3;0.29642701148986816;0.12;0.11701251566410065
0.26;0.25995150208473206;0.36;0.361959308385849;0.42;0.42003926634788513
0.14;0.14326055347919464;0.54;0.5402577519416809;0.2;0.198745995759964
0.12;0.12191824615001678;0.16;0.15542450547218323;0.24;0.2747240960597992
0.66;0.6597999334335327;0.1;0.10074413567781448;0.28;0.26862582564353943
0.26;0.2594706118106842;0.62;0.6241251826286316;0.24;0.24176117777824402
0.22;0.21792466938495636;0.46;0.46189403533935547;0.3;0.30508631467819214
0.34;0.34252938628196716;0.28;0.27933746576309204;0.38;0.3976284861564636
0.26;0.26159974932670593;0.14;0.15142028033733368;0.46;0.42478078603744507
0.1;0.10358522832393646;0.64;0.6343585252761841;0.14;0.1410592496395111
0.36;0.35140129923820496;0.14;0.13523411750793457;0.12;0.1379002183675766
0.38;0.37995922565460205;0.48;0.4796515107154846;0.16;0.16229942440986633
0.46;0.460281103849411;0.38;0.3801378309726715;0.4;0.405499130487442
0.38;0.37982824444770813;0.36;0.3603878915309906;0.44;0.44930219650268555
0.5;0.512605607509613;0.14;0.12947742640972137;0.1;0.1129382997751236
0.22;0.22464796900749207;0.26;0.25753480195999146;0.14;0.14112432301044464
0.16;0.1601443886756897;0.74;0.7529098987579346;0.26;0.2635875642299652
0.78;0.779481053352356;0.16;0.16662158071994781;0.2;0.2025810182094574
0.22;0.2194846272468567;0.18;0.1717488020658493;0.2;0.21974340081214905
0.28;0.27792590856552124;0.6;0.6150456666946411;0.1;0.10064609348773956
0.34;0.34022611379623413;0.6;0.615344762802124;0.32;0.322284996509552
0.48;0.4778515100479126;0.1;0.10025109350681305;0.3;0.2881432771682739
0.54;0.5402371883392334;0.32;0.3230516314506531;0.44;0.4410446286201477
0.22;0.22053317725658417;0.52;0.5090482234954834;0.5;0.48096245527267456
0.12;0.12118078768253326;0.62;0.6226726174354553;0.4;0.41066044569015503
0.34;0.33955585956573486;0.32;0.3221859633922577;0.32;0.3273000121116638
0.6;0.5956562757492065;0.12;0.12775585055351257;0.1;0.10365883260965347
0.16;0.16061712801456451;0.6;0.5961317420005798;0.42;0.428142249584198
0.14;0.13908933103084564;0.26;0.2546752393245697;0.16;0.1700987070798874
0.8;0.7994998097419739;0.16;0.1573173850774765;0.2;0.2108810395002365
0.56;0.5603424906730652;0.14;0.14060765504837036;0.4;0.400421142578125
0.38;0.3793775141239166;0.2;0.1937016397714615;0.14;0.1296001821756363
0.28;0.27982425689697266;0.62;0.6314176321029663;0.48;0.48121803998947144
0.2;0.19954216480255127;0.78;0.7441784143447876;0.12;0.1182219609618187
0.4;0.39995649456977844;0.46;0.4596327841281891;0.42;0.4178851246833801
0.22;0.2199769914150238;0.68;0.6876128911972046;0.1;0.10033728927373886
0.38;0.38214850425720215;0.26;0.25753653049468994;0.12;0.12159551680088043
0.52;0.5185428857803345;0.16;0.16488246619701385;0.18;0.17467239499092102
0.28;0.28162914514541626;0.28;0.27325552701950073;0.46;0.4867219030857086
0.34;0.3392343819141388;0.28;0.2789512276649475;0.32;0.336993545293808
0.7;0.7005122900009155;0.26;0.2686695456504822;0.38;0.37654662132263184
0.38;0.3857267200946808;0.14;0.1437402218580246;0.22;0.2131354808807373
0.26;0.2600144147872925;0.38;0.3734264671802521;0.24;0.24884910881519318
0.16;0.16038084030151367;0.48;0.48035138845443726;0.24;0.24159303307533264
0.22;0.22423462569713593;0.34;0.3215743601322174;0.4;0.42158347368240356
0.56;0.5597700476646423;0.28;0.2805193066596985;0.22;0.22268418967723846
0.22;0.2197783887386322;0.5;0.502298891544342;0.24;0.2636641561985016
0.26;0.25904160737991333;0.6;0.5948933362960815;0.2;0.20228338241577148
0.24;0.2384098768234253;0.16;0.16234003007411957;0.14;0.1324656754732132
0.58;0.5795958638191223;0.34;0.33451518416404724;0.1;0.10130636394023895
0.28;0.27999627590179443;0.4;0.3982797861099243;0.32;0.3188052773475647
0.38;0.3800712823867798;0.3;0.3030335605144501;0.22;0.2142852544784546
0.3;0.3000408113002777;0.66;0.6546459197998047;0.14;0.13930828869342804
0.48;0.4788503646850586;0.18;0.1815260499715805;0.42;0.39914268255233765
0.38;0.39282116293907166;0.2;0.1915753334760666;0.1;0.1080760806798935
0.72;0.7243820428848267;0.24;0.22836555540561676;0.14;0.14449486136436462
0.1;0.10167249292135239;0.16;0.16327574849128723;0.46;0.44400033354759216
0.54;0.5372030138969421;0.14;0.14221547544002533;0.34;0.3434649109840393
0.52;0.5204545855522156;0.32;0.3149387538433075;0.38;0.38458478450775146
0.46;0.4605986475944519;0.18;0.18576747179031372;0.42;0.3954050540924072
0.16;0.15992215275764465;0.78;0.7961389422416687;0.1;0.09939467161893845
0.2;0.19672174751758575;0.3;0.3007662296295166;0.28;0.2764844596385956
0.14;0.13777869939804077;0.24;0.23988062143325806;0.4;0.3967864215373993
0.1;0.10462135076522827;0.36;0.35370922088623047;0.46;0.46969833970069885
0.16;0.16367819905281067;0.2;0.19926385581493378;0.1;0.09968429803848267
0.78;0.781389057636261;0.2;0.17644959688186646;0.38;0.38656675815582275
0.46;0.4567812979221344;0.28;0.28391560912132263;0.14;0.1374330073595047
0.1;0.10038100183010101;0.62;0.6180445551872253;0.3;0.29366517066955566
0.4;0.4055505692958832;0.14;0.14395689964294434;0.34;0.35605210065841675
0.34;0.3401705026626587;0.62;0.617786705493927;0.24;0.2392309159040451
0.14;0.14005525410175323;0.78;0.7862735986709595;0.42;0.42291244864463806
0.88;0.879399836063385;0.1;0.1073375940322876;0.18;0.17181727290153503
0.38;0.3814757466316223;0.22;0.21771611273288727;0.18;0.16896794736385345
0.34;0.33973386883735657;0.52;0.517905056476593;0.3;0.30728384852409363
0.38;0.38044819235801697;0.58;0.5869504809379578;0.5;0.49881476163864136
0.4;0.39996227622032166;0.46;0.45775842666625977;0.46;0.46130242943763733
0.64;0.6397713422775269;0.34;0.3239891827106476;0.48;0.480665385723114
0.68;0.678874135017395;0.2;0.21774660050868988;0.34;0.3480907380580902
0.36;0.36060547828674316;0.32;0.32267484068870544;0.46;0.46441811323165894
0.32;0.3200351595878601;0.54;0.5337449908256531;0.3;0.29660114645957947
0.14;0.13919319212436676;0.24;0.2325512319803238;0.22;0.22081685066223145
0.48;0.47942808270454407;0.44;0.43896907567977905;0.16;0.15665069222450256
0.1;0.10685598850250244;0.36;0.3525315523147583;0.38;0.372804194688797
0.56;0.5558057427406311;0.16;0.16060994565486908;0.22;0.21653540432453156
0.2;0.20022107660770416;0.54;0.5419537425041199;0.3;0.30627721548080444
0.18;0.18085455894470215;0.72;0.7250067591667175;0.38;0.38353925943374634
0.16;0.16082170605659485;0.48;0.4838697016239166;0.34;0.3399754464626312
0.26;0.2613118290901184;0.1;0.10072077810764313;0.4;0.3935264050960541
0.18;0.1802789270877838;0.32;0.31673839688301086;0.2;0.19858276844024658
0.24;0.23944255709648132;0.68;0.6753832697868347;0.26;0.2577016353607178
0.58;0.5757694840431213;0.16;0.1578603982925415;0.3;0.2973429560661316
0.34;0.3397952914237976;0.5;0.4969462752342224;0.38;0.37532302737236023
0.1;0.1011619046330452;0.72;0.7100721001625061;0.22;0.24500159919261932
0.68;0.6738109588623047;0.1;0.10663130134344101;0.16;0.13500775396823883
0.56;0.5598017573356628;0.36;0.37883663177490234;0.12;0.1197463870048523
0.52;0.5273707509040833;0.16;0.15948307514190674;0.46;0.46363577246665955
0.44;0.44701844453811646;0.2;0.19419600069522858;0.32;0.327299028635025
0.44;0.44023066759109497;0.46;0.4675755500793457;0.28;0.28385624289512634
0.52;0.5201137065887451;0.38;0.3792307376861572;0.22;0.22017255425453186
0.66;0.6588874459266663;0.1;0.10138099640607834;0.2;0.18659444153308868
0.62;0.6185646057128906;0.12;0.11967161297798157;0.42;0.41627731919288635
0.54;0.5403376817703247;0.34;0.33927255868911743;0.3;0.30048197507858276
0.26;0.26098597049713135;0.58;0.5908347368240356;0.1;0.10706601291894913
0.12;0.1216798722743988;0.5;0.49553990364074707;0.36;0.3594129681587219
0.44;0.44004473090171814;0.42;0.42257222533226013;0.12;0.1206618994474411
0.32;0.3201679587364197;0.36;0.3559008836746216;0.5;0.49351367354393005
0.2;0.2023484706878662;0.14;0.1407971978187561;0.18;0.15625862777233124
0.12;0.11594637483358383;0.24;0.23936302959918976;0.36;0.36033880710601807
0.84;0.8334904909133911;0.1;0.13756678998470306;0.5;0.4830659031867981
0.32;0.3200659155845642;0.48;0.48599645495414734;0.4;0.40587925910949707
0.42;0.4200184643268585;0.5;0.5030463337898254;0.5;0.49608010053634644
0.18;0.17868313193321228;0.68;0.6816638112068176;0.2;0.19538483023643494
0.4;0.39994266629219055;0.52;0.5182036757469177;0.38;0.3783557116985321
0.44;0.4396519362926483;0.3;0.30271515250205994;0.38;0.3820403218269348
0.14;0.141511932015419;0.12;0.12001366168260574;0.48;0.4671551585197449
0.48;0.4800467789173126;0.44;0.44537031650543213;0.14;0.13812969624996185
0.48;0.4773187041282654;0.22;0.22325950860977173;0.18;0.1903667449951172
0.62;0.634192943572998;0.12;0.12881343066692352;0.1;0.12708529829978943
0.26;0.25882846117019653;0.46;0.45446640253067017;0.18;0.17473921179771423
0.36;0.36016833782196045;0.62;0.5986611247062683;0.24;0.23866121470928192
0.32;0.3200336992740631;0.58;0.5749703645706177;0.38;0.37703388929367065
0.6;0.600838840007782;0.14;0.13976968824863434;0.36;0.365838885307312
0.36;0.3597412705421448;0.24;0.2370915412902832;0.32;0.3113892674446106
0.22;0.21742065250873566;0.24;0.24093151092529297;0.24;0.23508338630199432
0.22;0.22112566232681274;0.16;0.16555571556091309;0.24;0.26574426889419556
0.14;0.14121024310588837;0.58;0.5779757499694824;0.4;0.40445128083229065
0.54;0.5401707291603088;0.16;0.1651357263326645;0.28;0.2575393319129944
0.14;0.13976743817329407;0.74;0.7426451444625854;0.38;0.38018620014190674
0.42;0.4188755750656128;0.52;0.5205313563346863;0.1;0.0996478870511055
0.82;0.8210828900337219;0.14;0.14919260144233704;0.5;0.4993863105773926
0.2;0.1994333267211914;0.56;0.5596334934234619;0.42;0.4219619631767273
0.24;0.24075491726398468;0.38;0.3758922815322876;0.24;0.23779015243053436
0.36;0.3600417375564575;0.42;0.42929577827453613;0.14;0.13738444447517395
0.58;0.5808423757553101;0.1;0.10077281296253204;0.5;0.47991815209388733
0.68;0.680283784866333;0.24;0.24195556342601776;0.32;0.31708988547325134
0.14;0.14046044647693634;0.22;0.21759386360645294;0.3;0.3157337009906769
0.12;0.12108676135540009;0.48;0.4825252592563629;0.36;0.3662996292114258
0.16;0.1613956093788147;0.4;0.3974590301513672;0.42;0.4136900007724762
0.1;0.09970441460609436;0.56;0.553924560546875;0.28;0.2766413986682892
0.46;0.45625269412994385;0.22;0.22207918763160706;0.12;0.13481000065803528
0.18;0.17613492906093597;0.14;0.14196933805942535;0.48;0.44461050629615784
0.54;0.5421761870384216;0.3;0.2962772250175476;0.14;0.1402054727077484
0.46;0.46072766184806824;0.5;0.511633574962616;0.36;0.3574676513671875
0.12;0.11856671422719955;0.8;0.8363688588142395;0.1;0.09935308992862701
0.54;0.5394247770309448;0.36;0.3630532920360565;0.14;0.14180228114128113
0.1;0.10002110153436661;0.82;0.8261976838111877;0.46;0.46025532484054565
0.32;0.319484680891037;0.58;0.5738245248794556;0.12;0.1196272000670433
0.3;0.3001658022403717;0.46;0.47447216510772705;0.24;0.24573878943920135
0.52;0.5209898948669434;0.3;0.2962704300880432;0.34;0.3442477583885193
0.74;0.7432364225387573;0.12;0.11864035576581955;0.12;0.15168984234333038
0.5;0.5004957318305969;0.28;0.2797866761684418;0.38;0.3808305859565735
0.78;0.779625654220581;0.16;0.17221921682357788;0.22;0.22192835807800293
0.34;0.34032413363456726;0.4;0.398996502161026;0.34;0.34706684947013855
0.14;0.13967280089855194;0.62;0.6231129765510559;0.46;0.47101837396621704
0.14;0.1400996744632721;0.8;0.7974522113800049;0.42;0.4272775650024414
0.28;0.2796137034893036;0.66;0.6703643202781677;0.2;0.19872355461120605
0.4;0.4000985026359558;0.58;0.5585594177246094;0.38;0.37940433621406555
0.14;0.1400326043367386;0.74;0.7448325157165527;0.18;0.18385502696037292
0.54;0.5399077534675598;0.24;0.23273739218711853;0.38;0.3794385492801666
0.2;0.2006787359714508;0.16;0.1621382236480713;0.48;0.4668847918510437
0.32;0.3199821412563324;0.66;0.6209992170333862;0.22;0.21146531403064728
0.14;0.14020544290542603;0.44;0.4399554431438446;0.22;0.2287643700838089
0.14;0.137578085064888;0.2;0.2061922252178192;0.16;0.15920960903167725
0.14;0.13960079848766327;0.82;0.8280186057090759;0.14;0.1387854516506195
0.28;0.27996498346328735;0.54;0.532905638217926;0.3;0.28799933195114136
0.48;0.4803321659564972;0.48;0.46979430317878723;0.18;0.17820590734481812
0.16;0.15429739654064178;0.48;0.48002317547798157;0.5;0.4921332895755768
0.76;0.7572122812271118;0.18;0.2028573602437973;0.12;0.12093319743871689
0.52;0.5201506614685059;0.36;0.35157763957977295;0.14;0.1376011073589325
0.3;0.2999351918697357;0.48;0.48496732115745544;0.22;0.21520228683948517
0.74;0.7430296540260315;0.18;0.1838361620903015;0.22;0.2228868454694748
0.16;0.16487397253513336;0.4;0.3980967104434967;0.28;0.2822597026824951
0.24;0.23995572328567505;0.62;0.6218596696853638;0.3;0.3047357201576233
0.62;0.6188238859176636;0.3;0.29706472158432007;0.12;0.11587200313806534
0.12;0.12003080546855927;0.46;0.4613889455795288;0.36;0.3635218143463135
0.1;0.10609938949346542;0.34;0.33478036522865295;0.3;0.30752378702163696
0.22;0.22072990238666534;0.46;0.46094435453414917;0.24;0.24643167853355408
0.2;0.19982701539993286;0.68;0.6822822093963623;0.48;0.48534440994262695
0.7;0.6993805170059204;0.2;0.19570769369602203;0.48;0.4890161156654358
0.62;0.6181026697158813;0.26;0.26740095019340515;0.22;0.22054877877235413
0.52;0.5204598307609558;0.3;0.30566927790641785;0.3;0.3016563355922699
0.1;0.09991215914487839;0.84;0.9140145182609558;0.5;0.5083932280540466
0.34;0.33968499302864075;0.44;0.4371930956840515;0.46;0.45583319664001465
0.34;0.34017524123191833;0.6;0.6208137273788452;0.38;0.37512895464897156
0.22;0.21998752653598785;0.7;0.7038282752037048;0.24;0.23948898911476135
0.62;0.6162245273590088;0.16;0.1586993783712387;0.16;0.1779322773218155
0.32;0.320710688829422;0.22;0.21437640488147736;0.18;0.17428506910800934
0.12;0.11907164752483368;0.64;0.6432076096534729;0.38;0.38088762760162354
0.46;0.4723438620567322;0.12;0.10802192240953445;0.1;0.10964009910821915
0.46;0.45648854970932007;0.12;0.12338650971651077;0.16;0.14955438673496246
0.64;0.6426377296447754;0.14;0.1463923156261444;0.32;0.3038784861564636
0.1;0.10407809168100357;0.14;0.13324040174484253;0.14;0.1494125872850418
0.52;0.5171629786491394;0.1;0.10476590692996979;0.26;0.24069824814796448
0.18;0.17983366549015045;0.78;0.7859410643577576;0.12;0.118927001953125
0.54;0.5420851707458496;0.28;0.2637632489204407;0.12;0.1181877851486206
0.5;0.49988940358161926;0.44;0.4425709545612335;0.38;0.3817160725593567
0.48;0.47825536131858826;0.14;0.1430509388446808;0.2;0.20040325820446014
0.24;0.24096721410751343;0.44;0.441582590341568;0.26;0.2571885585784912
0.28;0.28198450803756714;0.44;0.4487679600715637;0.12;0.12734925746917725
0.12;0.12088418006896973;0.46;0.46047505736351013;0.32;0.32100021839141846
0.22;0.21993917226791382;0.64;0.6435612440109253;0.24;0.23742787539958954
0.6;0.6131926774978638;0.18;0.16899654269218445;0.24;0.23944470286369324
0.78;0.7798654437065125;0.14;0.14894312620162964;0.48;0.47699564695358276
0.1;0.09963461756706238;0.88;0.8546003699302673;0.5;0.4970647692680359
0.46;0.45991578698158264;0.34;0.337001234292984;0.34;0.33676621317863464
0.18;0.1802556812763214;0.22;0.21776169538497925;0.12;0.1270841658115387
0.42;0.4200448989868164;0.46;0.45634934306144714;0.34;0.3419221043586731
0.52;0.5217251777648926;0.12;0.11788200587034225;0.26;0.26623255014419556
0.3;0.29993125796318054;0.64;0.6431356072425842;0.42;0.42008084058761597
0.26;0.25989964604377747;0.54;0.5398917198181152;0.4;0.3948882520198822
0.44;0.44007548689842224;0.52;0.5337951183319092;0.22;0.2183322161436081
0.26;0.2605842649936676;0.62;0.6307117938995361;0.1;0.10111820697784424
0.12;0.11896517127752304;0.7;0.687968373298645;0.22;0.21537184715270996
0.56;0.5597110390663147;0.32;0.3184872269630432;0.42;0.41478997468948364
0.44;0.3941473662853241;0.1;0.13647426664829254;0.12;0.11535747349262238
0.1;0.10024546831846237;0.8;0.7985724806785583;0.46;0.46275195479393005
0.14;0.14087706804275513;0.66;0.6635862588882446;0.38;0.3824341893196106
0.36;0.36020931601524353;0.26;0.25687503814697266;0.32;0.3135993182659149
0.4;0.3999704420566559;0.56;0.5646251440048218;0.28;0.27989572286605835
0.52;0.5200860500335693;0.32;0.3296301066875458;0.12;0.12005530297756195
0.36;0.3600616455078125;0.6;0.5896400809288025;0.16;0.1560732126235962
0.74;0.7315505743026733;0.14;0.163086399435997;0.12;0.10346951335668564
0.52;0.518128514289856;0.4;0.40508630871772766;0.48;0.4775686264038086
0.7;0.703029453754425;0.28;0.2460227906703949;0.48;0.4852157533168793
0.22;0.21933551132678986;0.36;0.361242413520813;0.42;0.42278867959976196
0.3;0.29995131492614746;0.68;0.6596896052360535;0.48;0.47694891691207886
0.58;0.5799564123153687;0.32;0.3237968981266022;0.46;0.4624968469142914
0.24;0.2404649555683136;0.5;0.5043492317199707;0.22;0.23107413947582245
0.56;0.5605488419532776;0.34;0.3515557646751404;0.38;0.38180750608444214
0.48;0.47523871064186096;0.26;0.2751782238483429;0.1;0.10313168913125992
0.64;0.6346261501312256;0.18;0.1890421360731125;0.34;0.3314211666584015
0.14;0.12300252914428711;0.38;0.3817715644836426;0.48;0.4794886112213135
0.36;0.3579040765762329;0.16;0.15643133223056793;0.36;0.3778989911079407
0.26;0.26153436303138733;0.26;0.255282998085022;0.1;0.12441644817590714
0.1;0.10032026469707489;0.74;0.7401933670043945;0.22;0.2250642329454422
0.28;0.2791631519794464;0.22;0.22193624079227448;0.32;0.3408072292804718
0.64;0.6349973082542419;0.18;0.1980861872434616;0.14;0.13500730693340302
0.44;0.3904733657836914;0.1;0.1434648633003235;0.1;0.11039374023675919
0.44;0.442928284406662;0.14;0.1345975548028946;0.3;0.294372022151947
0.16;0.15763799846172333;0.3;0.3009735941886902;0.2;0.20394925773143768
0.3;0.3000915050506592;0.48;0.474549800157547;0.48;0.47188815474510193
0.48;0.47600704431533813;0.1;0.10477528721094131;0.42;0.412101686000824
0.46;0.456443727016449;0.32;0.34541791677474976;0.16;0.16545681655406952
0.12;0.11947280913591385;0.66;0.6605444550514221;0.46;0.46952390670776367
0.26;0.2599319815635681;0.1;0.10462779551744461;0.46;0.4392876625061035
0.28;0.27909979224205017;0.36;0.35805562138557434;0.46;0.4656941294670105
0.38;0.38107603788375854;0.12;0.12349601089954376;0.14;0.13812682032585144
0.18;0.18474513292312622;0.14;0.13186825811862946;0.18;0.20244070887565613
0.48;0.4837370216846466;0.16;0.15580952167510986;0.12;0.13100598752498627
0.58;0.5794656276702881;0.12;0.12097739428281784;0.16;0.16177727282047272
0.56;0.5599529147148132;0.24;0.22591258585453033;0.24;0.24172747135162354
0.18;0.18073627352714539;0.12;0.11387253552675247;0.32;0.331442654132843
0.4;0.399815171957016;0.3;0.30670812726020813;0.3;0.3025088906288147
0.54;0.5031119585037231;0.1;0.11596278846263885;0.1;0.11442985385656357
0.6;0.604211151599884;0.28;0.2924404442310333;0.12;0.11700091511011124
0.76;0.760614812374115;0.14;0.14972159266471863;0.26;0.2585245966911316
0.2;0.2027343213558197;0.28;0.27543380856513977;0.16;0.14710931479930878
0.3;0.3038384020328522;0.2;0.20025743544101715;0.32;0.32962512969970703
0.4;0.4094897210597992;0.26;0.25879937410354614;0.16;0.15658339858055115
0.82;0.8205000758171082;0.12;0.12557737529277802;0.48;0.47873011231422424
0.46;0.46006667613983154;0.52;0.5015504360198975;0.32;0.3269863724708557
0.56;0.5602403283119202;0.34;0.34201914072036743;0.44;0.4420120120048523
0.1;0.09994055330753326;0.82;0.8318411111831665;0.26;0.26288408041000366
0.32;0.31640535593032837;0.22;0.22198067605495453;0.3;0.32473084330558777
0.68;0.6783561706542969;0.18;0.17827199399471283;0.2;0.19307221472263336
0.34;0.3398715555667877;0.46;0.45372122526168823;0.22;0.22635939717292786
0.12;0.1199585422873497;0.86;0.840602457523346;0.38;0.3807271122932434
0.68;0.6818316578865051;0.3;0.2779073715209961;0.3;0.29528337717056274
0.12;0.11822938174009323;0.32;0.3280567228794098;0.32;0.32179582118988037
0.16;0.16911225020885468;0.14;0.13127963244915009;0.1;0.12804529070854187
0.5;0.502178966999054;0.2;0.20278337597846985;0.36;0.35450732707977295
0.58;0.5986297130584717;0.18;0.17226791381835938;0.32;0.3295840919017792
0.44;0.44402506947517395;0.14;0.1358790099620819;0.42;0.4249180257320404
0.48;0.4804617166519165;0.1;0.1021907851099968;0.38;0.36605700850486755
0.66;0.659785270690918;0.3;0.30879664421081543;0.26;0.2569836378097534
0.42;0.41645950078964233;0.16;0.15996702015399933;0.5;0.49751806259155273
0.44;0.43919622898101807;0.28;0.33267414569854736;0.1;0.10109160095453262
0.38;0.3787062466144562;0.12;0.12169549614191055;0.42;0.43618908524513245
0.1;0.10569224506616592;0.3;0.28938961029052734;0.22;0.2169579565525055
0.1;0.10210578888654709;0.7;0.6954275369644165;0.22;0.22381892800331116
0.58;0.5775182843208313;0.22;0.22172540426254272;0.24;0.24016447365283966
0.52;0.5199990272521973;0.38;0.3914966583251953;0.34;0.34446200728416443
0.38;0.3797787129878998;0.46;0.4584023952484131;0.44;0.4337140917778015
0.28;0.28012481331825256;0.3;0.299140602350235;0.28;0.25281822681427
0.1;0.09986988455057144;0.8;0.813855767250061;0.14;0.1422659456729889
0.14;0.13996563851833344;0.72;0.7241407632827759;0.3;0.30209043622016907
0.44;0.441283643245697;0.16;0.1601496934890747;0.2;0.1999623030424118
0.7;0.7007374167442322;0.22;0.22953757643699646;0.32;0.3161480128765106
0.6;0.6002289056777954;0.34;0.3459804654121399;0.44;0.44277071952819824
0.12;0.12053444981575012;0.76;0.7589054107666016;0.28;0.27641230821609497
0.3;0.2998983860015869;0.6;0.610577404499054;0.5;0.49570924043655396
0.1;0.09994146972894669;0.4;0.4060637950897217;0.26;0.2876335680484772
0.7;0.7205332517623901;0.14;0.11694639176130295;0.14;0.1884065568447113
0.44;0.4398762583732605;0.46;0.46411558985710144;0.46;0.4613804817199707
0.6;0.5991144776344299;0.24;0.2465505450963974;0.32;0.3179135322570801
0.56;0.5610074996948242;0.36;0.36376044154167175;0.42;0.42048177123069763
0.14;0.13969430327415466;0.46;0.46072709560394287;0.46;0.47135311365127563
0.66;0.6581504940986633;0.26;0.2765919864177704;0.3;0.3000146746635437
0.82;0.8211610913276672;0.16;0.12649913132190704;0.32;0.3385193645954132
0.36;0.36107274889945984;0.34;0.336850643157959;0.2;0.20770621299743652
0.24;0.2391037940979004;0.58;0.5800454020500183;0.24;0.23959021270275116
0.54;0.536048948764801;0.18;0.1978091597557068;0.46;0.47197943925857544
0.3;0.2970578372478485;0.16;0.16308005154132843;0.28;0.2912699580192566
0.22;0.21759572625160217;0.14;0.14244872331619263;0.1;0.1212858334183693
0.14;0.1397227793931961;0.4;0.39947494864463806;0.42;0.427381694316864
0.4;0.4009557068347931;0.46;0.4533711075782776;0.1;0.09987332671880722
0.12;0.1196063980460167;0.82;0.8581611514091492;0.1;0.09950532019138336
0.44;0.4405268132686615;0.34;0.3505716323852539;0.34;0.34172680974006653
0.1;0.1002546027302742;0.42;0.4196167588233948;0.4;0.39264124631881714
0.68;0.6808383464813232;0.22;0.24325503408908844;0.12;0.1191156655550003
0.66;0.6607583165168762;0.22;0.2200639396905899;0.32;0.3229200541973114
0.24;0.24079029262065887;0.42;0.4263280928134918;0.42;0.4111104905605316
0.18;0.17879164218902588;0.78;0.7909966707229614;0.4;0.3984984755516052
0.24;0.2401067465543747;0.14;0.14262010157108307;0.24;0.21762819588184357
0.66;0.6612106561660767;0.2;0.19446305930614471;0.2;0.20519402623176575
0.18;0.18009315431118011;0.66;0.6514639854431152;0.36;0.36245226860046387
0.28;0.28058257699012756;0.48;0.4805530309677124;0.16;0.1681867241859436
0.24;0.24046218395233154;0.52;0.5244506001472473;0.38;0.3809238374233246
0.2;0.19997407495975494;0.42;0.4342852830886841;0.16;0.17405077815055847
0.24;0.24000142514705658;0.7;0.7093731760978699;0.48;0.48190146684646606
0.46;0.46035271883010864;0.38;0.38691821694374084;0.14;0.14075967669487
0.6;0.6021053791046143;0.26;0.2583785057067871;0.46;0.46211767196655273
0.1;0.10025320947170258;0.62;0.6201736330986023;0.44;0.44937318563461304
0.24;0.24190600216388702;0.42;0.4223562180995941;0.46;0.46351322531700134
0.14;0.13790030777454376;0.48;0.4755973219871521;0.36;0.35944703221321106
0.42;0.420267254114151;0.38;0.37464484572410583;0.3;0.3006646931171417
0.12;0.10999903827905655;0.2;0.20523327589035034;0.16;0.16117215156555176
0.36;0.36033791303634644;0.18;0.17828689515590668;0.34;0.34574007987976074
0.26;0.25999823212623596;0.62;0.6231467127799988;0.32;0.3114062249660492
0.44;0.4401204288005829;0.38;0.379303902387619;0.42;0.41663438081741333
0.44;0.44117724895477295;0.14;0.14025485515594482;0.14;0.13052362203598022
0.2;0.2011018842458725;0.2;0.1981065422296524;0.32;0.3109142482280731
0.48;0.47669366002082825;0.28;0.30590108036994934;0.1;0.10298369824886322
0.16;0.15554475784301758;0.24;0.24275408685207367;0.3;0.3097754716873169
0.74;0.740504264831543;0.2;0.2015814632177353;0.2;0.20421400666236877
0.34;0.3397689163684845;0.48;0.4778658151626587;0.26;0.26242685317993164
0.14;0.13967682421207428;0.24;0.24604487419128418;0.34;0.3478586971759796
0.28;0.2788410186767578;0.36;0.347515344619751;0.22;0.2074415236711502
0.66;0.6623508930206299;0.26;0.28216293454170227;0.32;0.3186427354812622
0.22;0.220204159617424;0.64;0.6405090689659119;0.2;0.1983094960451126
0.38;0.38162297010421753;0.22;0.21801528334617615;0.26;0.25864171981811523
0.3;0.29857394099235535;0.26;0.26540932059288025;0.34;0.32145458459854126
0.18;0.17986682057380676;0.76;0.7702518105506897;0.46;0.45807307958602905
0.32;0.31997427344322205;0.44;0.45101481676101685;0.38;0.3848842978477478
0.12;0.12728996574878693;0.38;0.36557474732398987;0.34;0.3470171093940735
0.38;0.3802204430103302;0.16;0.1518288254737854;0.38;0.39808258414268494
0.16;0.16020391881465912;0.46;0.4615776538848877;0.4;0.4012258052825928
0.2;0.19839993119239807;0.16;0.15835323929786682;0.24;0.21183228492736816
0.2;0.19998304545879364;0.6;0.591866135597229;0.2;0.19668589532375336
0.42;0.4210214912891388;0.38;0.38005346059799194;0.32;0.32355162501335144
0.26;0.25999170541763306;0.48;0.47779497504234314;0.46;0.45738983154296875
0.18;0.18042011559009552;0.48;0.48497703671455383;0.22;0.22392217814922333
0.62;0.6166180968284607;0.12;0.12077660858631134;0.44;0.4274699091911316
0.46;0.4596996307373047;0.36;0.3586728870868683;0.42;0.41381892561912537
0.24;0.24030174314975739;0.52;0.5216185450553894;0.4;0.4105420708656311
0.38;0.37986692786216736;0.58;0.5860638618469238;0.32;0.3172416687011719
0.1;0.10170521587133408;0.62;0.6107059121131897;0.2;0.19678011536598206
0.58;0.6006695628166199;0.18;0.15741291642189026;0.3;0.3102899491786957
0.36;0.36279168725013733;0.22;0.2155771255493164;0.12;0.11709995567798615
0.6;0.6002090573310852;0.36;0.36996302008628845;0.14;0.1420878916978836
0.3;0.2999028265476227;0.56;0.5617771148681641;0.26;0.26148128509521484
0.26;0.26010388135910034;0.38;0.3789699673652649;0.46;0.46661511063575745
0.78;0.7805046439170837;0.16;0.16071252524852753;0.42;0.4227185845375061
0.12;0.1188839003443718;0.62;0.6195979714393616;0.42;0.42343154549598694
0.16;0.15897136926651;0.54;0.5366358160972595;0.48;0.48095911741256714
0.4;0.3998160660266876;0.18;0.1800311654806137;0.32;0.3178985118865967
0.22;0.21954922378063202;0.48;0.4807526767253876;0.48;0.48384857177734375
0.12;0.12094012647867203;0.46;0.4586411118507385;0.42;0.41402000188827515
0.34;0.3442949652671814;0.18;0.18448597192764282;0.42;0.4232558310031891
0.62;0.6196887493133545;0.34;0.3395785391330719;0.1;0.10081702470779419
0.12;0.11940918862819672;0.52;0.533281683921814;0.2;0.1977626532316208
0.64;0.6387906670570374;0.24;0.23650941252708435;0.46;0.46494245529174805
0.54;0.5406548380851746;0.4;0.4035676121711731;0.48;0.48088961839675903
0.3;0.3000127077102661;0.48;0.48442596197128296;0.12;0.11683253198862076
0.36;0.3602994978427887;0.58;0.6024273037910461;0.26;0.2591634690761566
0.56;0.5650584697723389;0.2;0.19102595746517181;0.22;0.229343980550766
0.76;0.7617408037185669;0.18;0.17912457883358002;0.24;0.2493530809879303
0.28;0.28011012077331543;0.42;0.4400547444820404;0.1;0.1061384454369545
0.28;0.2794697880744934;0.5;0.4924553632736206;0.18;0.1931385099887848
0.38;0.3800745904445648;0.3;0.3097578287124634;0.48;0.4723866581916809
0.44;0.43992117047309875;0.44;0.44596266746520996;0.44;0.44786638021469116
0.3;0.30051207542419434;0.22;0.19767805933952332;0.1;0.11778207868337631
0.18;0.17979758977890015;0.62;0.6207733750343323;0.34;0.33981406688690186
0.34;0.34026092290878296;0.62;0.6243365406990051;0.34;0.3386998772621155
0.44;0.44363585114479065;0.14;0.14147484302520752;0.26;0.25588458776474
0.2;0.19990766048431396;0.6;0.5991253852844238;0.34;0.3488825559616089
0.2;0.19977422058582306;0.74;0.7555761933326721;0.46;0.45851364731788635
0.6;0.600784957408905;0.38;0.3609674572944641;0.5;0.4999687075614929
0.58;0.5774603486061096;0.14;0.13910157978534698;0.2;0.19705665111541748
0.24;0.23020541667938232;0.26;0.261092871427536;0.46;0.46767672896385193
0.6;0.599606990814209;0.3;0.30205675959587097;0.44;0.44457539916038513
0.24;0.24138501286506653;0.2;0.2048478126525879;0.44;0.4401395916938782
0.18;0.17906589806079865;0.64;0.6353259086608887;0.1;0.10183750092983246
0.26;0.26005297899246216;0.62;0.6232912540435791;0.42;0.42871490120887756
0.12;0.11902637779712677;0.58;0.6102710962295532;0.1;0.10002704709768295
0.16;0.1625494509935379;0.24;0.23684720695018768;0.2;0.20242245495319366
0.12;0.11294998973608017;0.14;0.14130540192127228;0.28;0.2894027829170227
0.3;0.29671818017959595;0.1;0.10303479433059692;0.12;0.107411228120327
0.54;0.5376852750778198;0.18;0.1829495131969452;0.26;0.26189789175987244
0.56;0.5585814714431763;0.38;0.3789876103401184;0.26;0.26036038994789124
0.24;0.23989349603652954;0.52;0.5229646563529968;0.1;0.10495780408382416
0.5;0.5067515969276428;0.14;0.1318127065896988;0.14;0.13932636380195618
0.4;0.3991137444972992;0.16;0.1614259034395218;0.1;0.10089119523763657
0.56;0.5608354210853577;0.34;0.3358362317085266;0.36;0.3625892996788025
0.72;0.7213016748428345;0.26;0.23744896054267883;0.28;0.2797631621360779
0.64;0.6388740539550781;0.16;0.16199274361133575;0.36;0.3526327311992645
0.28;0.2800823450088501;0.38;0.380929172039032;0.16;0.164803609251976
0.5;0.49980610609054565;0.4;0.41078436374664307;0.44;0.44051313400268555
0.3;0.3001306354999542;0.36;0.39669814705848694;0.1;0.10054830461740494
0.74;0.7351694107055664;0.16;0.1709919422864914;0.32;0.31696397066116333
0.54;0.5394965410232544;0.36;0.36404797434806824;0.36;0.3616158366203308
0.72;0.7172307372093201;0.14;0.14706535637378693;0.2;0.19183790683746338
0.48;0.4802895784378052;0.42;0.412770539522171;0.22;0.21954956650733948
0.38;0.3807748556137085;0.14;0.13962160050868988;0.46;0.4609068036079407
0.78;0.7805291414260864;0.16;0.17447379231452942;0.24;0.24465036392211914
0.32;0.3200582265853882;0.56;0.5580903887748718;0.36;0.36086201667785645
0.14;0.14023181796073914;0.62;0.6203668117523193;0.26;0.27045542001724243
0.56;0.5579367280006409;0.32;0.32377707958221436;0.34;0.3383597433567047
0.56;0.5584673881530762;0.36;0.3615018427371979;0.3;0.304730623960495
0.4;0.3998216688632965;0.58;0.5626682043075562;0.46;0.4565854072570801
0.26;0.2601107954978943;0.48;0.4765072464942932;0.36;0.3645550608634949
0.3;0.30015459656715393;0.66;0.6657838225364685;0.24;0.2401781529188156
0.16;0.1602136194705963;0.26;0.2494162619113922;0.36;0.360572874546051
0.54;0.5396234393119812;0.24;0.23972778022289276;0.44;0.4339100420475006
0.36;0.36113858222961426;0.28;0.269680917263031;0.16;0.17551107704639435
0.8;0.7982103228569031;0.16;0.16928860545158386;0.48;0.47866493463516235
0.1;0.10027159005403519;0.7;0.7013366222381592;0.34;0.3302152752876282
0.64;0.6525812745094299;0.12;0.11019226908683777;0.38;0.33595433831214905
0.52;0.5184770226478577;0.28;0.28383174538612366;0.32;0.3232164680957794
0.24;0.2409103661775589;0.5;0.508100688457489;0.12;0.12366162240505219
0.58;0.580858051776886;0.14;0.13903649151325226;0.3;0.3109273314476013
0.28;0.2799970209598541;0.58;0.5845835208892822;0.3;0.30424705147743225
0.22;0.22037436068058014;0.54;0.5395113229751587;0.12;0.12447942793369293
0.26;0.25981298089027405;0.5;0.49756374955177307;0.22;0.21913853287696838
0.5;0.500327467918396;0.34;0.3398008942604065;0.24;0.23948469758033752
0.4;0.39910784363746643;0.36;0.37504059076309204;0.28;0.28029194474220276
0.16;0.17078320682048798;0.18;0.16537559032440186;0.1;0.1175919771194458
0.5;0.49992409348487854;0.4;0.40795019268989563;0.38;0.3816278874874115
0.72;0.7318456172943115;0.12;0.10886292159557343;0.28;0.31693702936172485
0.12;0.11784017831087112;0.58;0.5812099575996399;0.28;0.2862113416194916
0.42;0.419905424118042;0.46;0.4588586390018463;0.44;0.44136714935302734
0.8;0.8016759753227234;0.12;0.12100823223590851;0.28;0.27323347330093384
0.36;0.3599483370780945;0.58;0.5892579555511475;0.38;0.3809123635292053
0.28;0.2800254225730896;0.56;0.5551092624664307;0.32;0.31809860467910767
0.68;0.6830570101737976;0.22;0.22946952283382416;0.32;0.3146139681339264
0.44;0.4402993321418762;0.52;0.48935163021087646;0.1;0.10269000381231308
0.1;0.09977889060974121;0.82;0.8313136696815491;0.22;0.21967652440071106
0.22;0.21793906390666962;0.12;0.1174812987446785;0.14;0.1443139761686325
0.34;0.33969077467918396;0.34;0.34131860733032227;0.46;0.46786147356033325
0.24;0.2383285015821457;0.34;0.34451624751091003;0.3;0.2947707176208496
0.54;0.5397974848747253;0.38;0.391220360994339;0.44;0.43977299332618713
0.72;0.6803469657897949;0.1;0.11134277284145355;0.18;0.1519978940486908
0.54;0.5359758138656616;0.24;0.23849402368068695;0.28;0.28378498554229736
0.66;0.659509003162384;0.32;0.300119549036026;0.28;0.2787264883518219
0.34;0.34125617146492004;0.36;0.35656988620758057;0.12;0.1211344376206398
0.36;0.3604046404361725;0.42;0.4218030273914337;0.46;0.45619553327560425
0.2;0.20066173374652863;0.4;0.3967108428478241;0.18;0.25579142570495605
0.36;0.3605149984359741;0.52;0.5316625833511353;0.1;0.0992986261844635
0.18;0.1793917417526245;0.14;0.14241722226142883;0.4;0.4023846685886383
0.2;0.20150204002857208;0.48;0.48177996277809143;0.38;0.386606365442276
0.12;0.11697050929069519;0.16;0.16254311800003052;0.34;0.3265409767627716
0.32;0.3191859722137451;0.22;0.22254982590675354;0.42;0.41038474440574646
0.34;0.34019985795021057;0.58;0.5880510210990906;0.3;0.2989911437034607
0.24;0.2392536997795105;0.48;0.48642775416374207;0.26;0.27125436067581177
0.62;0.6172139048576355;0.2;0.2045077234506607;0.26;0.25661903619766235
0.54;0.5402610301971436;0.34;0.35212981700897217;0.22;0.22174885869026184
0.16;0.15860651433467865;0.18;0.1805889755487442;0.44;0.44714125990867615
0.42;0.4200820326805115;0.2;0.20491182804107666;0.38;0.3741239011287689
0.18;0.17967382073402405;0.58;0.5840187668800354;0.26;0.2616696357727051
0.54;0.5407399535179138;0.34;0.34723207354545593;0.26;0.261866956949234
0.28;0.2790837585926056;0.56;0.5533431172370911;0.12;0.11743388324975967
0.74;0.7403184771537781;0.24;0.2204807996749878;0.36;0.35923343896865845
0.4;0.40064123272895813;0.26;0.2545539438724518;0.3;0.299905002117157
0.1;0.09984823316335678;0.76;0.7535940408706665;0.28;0.27205148339271545
0.14;0.14009274542331696;0.66;0.6624988317489624;0.16;0.1630173921585083
0.64;0.6402329206466675;0.28;0.2853247821331024;0.24;0.2340475618839264
0.66;0.6595564484596252;0.22;0.22075255215168;0.16;0.1551472246646881
0.6;0.5935497283935547;0.16;0.16119210422039032;0.26;0.28666552901268005
0.26;0.25921809673309326;0.18;0.1780792474746704;0.28;0.2764825224876404
0.12;0.12424186617136002;0.5;0.504364013671875;0.12;0.12019874900579453
0.3;0.30001378059387207;0.36;0.35873663425445557;0.38;0.3846947252750397
0.5;0.4999764561653137;0.42;0.4182671904563904;0.36;0.3585418462753296
0.16;0.1602998673915863;0.74;0.7409396767616272;0.36;0.35819172859191895
0.1;0.10031648725271225;0.88;0.8579738140106201;0.24;0.23528090119361877
0.56;0.5602645874023438;0.42;0.4130827784538269;0.36;0.36135151982307434
0.5;0.4956730306148529;0.12;0.12139421701431274;0.14;0.14515767991542816
0.22;0.22101055085659027;0.38;0.36968114972114563;0.26;0.2606475353240967
0.52;0.5140979290008545;0.1;0.10533473640680313;0.5;0.4689690172672272
0.12;0.11923403292894363;0.68;0.6801462769508362;0.14;0.1407219022512436
0.36;0.360371857881546;0.32;0.32370463013648987;0.48;0.4904937744140625
0.1;0.10021743178367615;0.72;0.7214114665985107;0.5;0.4930451512336731
0.36;0.3599156141281128;0.48;0.4738120436668396;0.36;0.3543187379837036
0.1;0.10016423463821411;0.7;0.6959074139595032;0.46;0.4663378596305847
0.3;0.30337363481521606;0.24;0.23737165331840515;0.42;0.42493200302124023
0.36;0.3571939766407013;0.16;0.15644745528697968;0.44;0.445840060710907
0.1;0.09977724403142929;0.88;0.8632280230522156;0.12;0.12064473330974579
0.12;0.11956939101219177;0.22;0.22413167357444763;0.46;0.4737622141838074
0.82;0.8212220668792725;0.12;0.1312263160943985;0.16;0.16162104904651642
0.7;0.7023807168006897;0.22;0.2163303792476654;0.36;0.3595276474952698
0.46;0.4601081609725952;0.44;0.44314777851104736;0.48;0.4822983741760254
0.52;0.5179635882377625;0.32;0.32895520329475403;0.1;0.10063710063695908
0.12;0.11872119456529617;0.18;0.18180572986602783;0.36;0.3628767728805542
0.54;0.5372637510299683;0.2;0.20157776772975922;0.44;0.4318273663520813
0.66;0.6603174805641174;0.22;0.21860912442207336;0.46;0.46453404426574707
0.34;0.3398810029029846;0.46;0.45452338457107544;0.12;0.12381698191165924
0.68;0.6789532899856567;0.22;0.20994965732097626;0.1;0.10186763107776642
0.66;0.6613325476646423;0.32;0.300116628408432;0.22;0.22001449763774872
0.32;0.32027673721313477;0.46;0.45510807633399963;0.18;0.18879243731498718
0.58;0.5778158903121948;0.24;0.24930372834205627;0.22;0.2214292585849762
0.18;0.1798984706401825;0.6;0.5971886515617371;0.4;0.41833439469337463
0.36;0.36020997166633606;0.52;0.5189043283462524;0.22;0.22167210280895233
0.18;0.1823507696390152;0.46;0.46030518412590027;0.44;0.43103712797164917
0.12;0.11378635466098785;0.22;0.21951539814472198;0.42;0.42910900712013245
0.72;0.722301185131073;0.2;0.1996862143278122;0.48;0.48454922437667847
0.48;0.47974398732185364;0.4;0.4019445478916168;0.46;0.46095436811447144
0.5;0.49932432174682617;0.18;0.18396177887916565;0.48;0.4657978117465973
0.6;0.5998289585113525;0.2;0.22067858278751373;0.1;0.09978830814361572
0.16;0.1583586037158966;0.54;0.5443713068962097;0.1;0.10133253037929535
0.18;0.177805557847023;0.12;0.11903638392686844;0.26;0.23721444606781006
0.28;0.2804093062877655;0.36;0.35788607597351074;0.26;0.2756088376045227
0.18;0.1878545880317688;0.36;0.3442288041114807;0.4;0.4224117696285248
0.2;0.19961410760879517;0.54;0.542540967464447;0.42;0.42333489656448364
0.38;0.3800007700920105;0.5;0.5035973191261292;0.36;0.3629271686077118
0.66;0.6617128252983093;0.28;0.2931787669658661;0.32;0.31961238384246826
0.1;0.10002236813306808;0.78;0.7826536297798157;0.22;0.21994614601135254
0.12;0.12359762191772461;0.2;0.19853758811950684;0.1;0.1221991553902626
0.36;0.35786259174346924;0.26;0.2776617705821991;0.48;0.44386643171310425
0.48;0.4803321659564972;0.5;0.4756220281124115;0.18;0.1782245934009552
0.52;0.5208073258399963;0.28;0.27320849895477295;0.22;0.22111797332763672
0.2;0.19994838535785675;0.42;0.415445476770401;0.24;0.23926463723182678
0.46;0.46303996443748474;0.24;0.24058173596858978;0.1;0.1149856299161911
0.68;0.678629457950592;0.26;0.2706909775733948;0.38;0.3792286515235901
0.26;0.26612651348114014;0.32;0.30312225222587585;0.38;0.40797314047813416
0.12;0.12012018263339996;0.82;0.8308509588241577;0.3;0.30275681614875793
0.1;0.0996241346001625;0.72;0.7212968468666077;0.12;0.12021811306476593
0.7;0.7004953026771545;0.26;0.24675515294075012;0.26;0.25668835639953613
0.18;0.18481363356113434;0.38;0.37757301330566406;0.5;0.4885525703430176
0.48;0.4794902503490448;0.22;0.23373928666114807;0.5;0.479306697845459
0.44;0.4398869574069977;0.3;0.30236393213272095;0.4;0.40189486742019653
0.5;0.4999297261238098;0.42;0.4206804633140564;0.42;0.424990713596344
0.74;0.7400088310241699;0.24;0.21868696808815002;0.16;0.1602504551410675
0.78;0.7884876728057861;0.2;0.1735045164823532;0.12;0.12519696354866028
0.34;0.3398064970970154;0.5;0.4917390048503876;0.28;0.2917141318321228
0.72;0.6747214198112488;0.1;0.11105543375015259;0.2;0.16506202518939972
0.22;0.22034123539924622;0.66;0.6582931876182556;0.42;0.4064691960811615
0.48;0.4779303967952728;0.18;0.18060454726219177;0.16;0.15713748335838318
0.68;0.6776183247566223;0.2;0.1962466537952423;0.28;0.2865526080131531
0.76;0.7630161643028259;0.22;0.2013992965221405;0.12;0.12678909301757812
0.1;0.10009108483791351;0.8;0.7986469268798828;0.36;0.35540810227394104
0.1;0.10268418490886688;0.58;0.5758313536643982;0.22;0.2158174067735672
0.22;0.21826708316802979;0.3;0.30560967326164246;0.18;0.18066944181919098
0.42;0.420020192861557;0.52;0.5303964614868164;0.4;0.39707523584365845
0.1;0.10534705221652985;0.38;0.3729083836078644;0.42;0.427934467792511
0.2;0.19955815374851227;0.1;0.11554587632417679;0.48;0.43096861243247986
0.5;0.5008310675621033;0.48;0.4688052535057068;0.28;0.27917414903640747
0.62;0.6158471703529358;0.2;0.21230964362621307;0.2;0.1964728981256485
0.24;0.24015207588672638;0.4;0.4177309572696686;0.18;0.1833452433347702
0.18;0.17904117703437805;0.42;0.420187383890152;0.34;0.33794325590133667
0.38;0.3793924152851105;0.24;0.241177499294281;0.28;0.2813810706138611
0.3;0.2999860942363739;0.48;0.4852466583251953;0.24;0.23379573225975037
0.24;0.24035030603408813;0.34;0.3439193069934845;0.36;0.35450679063796997
0.56;0.5611324310302734;0.32;0.30850929021835327;0.1;0.10019601881504059
0.62;0.6200864315032959;0.3;0.3079608082771301;0.32;0.3183063566684723
0.32;0.3173487186431885;0.1;0.09986894577741623;0.22;0.22714528441429138
0.26;0.2599412500858307;0.68;0.7055028676986694;0.18;0.1813046783208847
0.36;0.3593282103538513;0.5;0.5025716423988342;0.12;0.12014777958393097
0.18;0.1777655929327011;0.16;0.15692584216594696;0.12;0.12315981090068817
0.54;0.5401381254196167;0.34;0.33760255575180054;0.5;0.49877914786338806
0.56;0.5598015189170837;0.34;0.3676803708076477;0.12;0.12022475898265839
0.24;0.24044351279735565;0.68;0.696698009967804;0.16;0.15245576202869415
0.16;0.16050300002098083;0.54;0.5432313680648804;0.28;0.28553706407546997
0.24;0.23990188539028168;0.58;0.5701190233230591;0.48;0.4748842120170593
0.28;0.2799811065196991;0.5;0.5023305416107178;0.42;0.43656548857688904
0.6;0.5991821885108948;0.36;0.37716758251190186;0.38;0.3835271894931793
0.48;0.4762491285800934;0.22;0.2267657220363617;0.12;0.12293579429388046
0.14;0.13700085878372192;0.38;0.38400691747665405;0.36;0.34166082739830017
0.58;0.5763540267944336;0.2;0.21671591699123383;0.16;0.1563514918088913
0.46;0.4601181149482727;0.3;0.298739492893219;0.12;0.12057505548000336
0.36;0.3757227063179016;0.36;0.3591957986354828;0.1;0.102424755692482
0.44;0.4458692967891693;0.24;0.23800833523273468;0.2;0.19486984610557556
0.88;0.8713781833648682;0.1;0.10455816239118576;0.14;0.11416349560022354
0.42;0.41782012581825256;0.26;0.25964802503585815;0.26;0.27492183446884155
0.18;0.1823102980852127;0.28;0.28816020488739014;0.5;0.4845070242881775
0.44;0.439870685338974;0.46;0.45833709836006165;0.44;0.4477474093437195
0.3;0.2995842397212982;0.46;0.48065081238746643;0.1;0.10367231070995331
0.52;0.5275768637657166;0.22;0.22520849108695984;0.34;0.36878761649131775
0.58;0.5807075500488281;0.28;0.2729826271533966;0.38;0.38258635997772217
0.3;0.2999606132507324;0.62;0.6161317229270935;0.44;0.44214946031570435
0.18;0.18272003531455994;0.32;0.3281882405281067;0.24;0.23723864555358887
0.3;0.29935532808303833;0.42;0.4143921434879303;0.24;0.24281835556030273
0.32;0.31962963938713074;0.4;0.40862539410591125;0.36;0.37605422735214233
0.64;0.6522002816200256;0.16;0.1468530297279358;0.1;0.11590530723333359
0.42;0.41585585474967957;0.1;0.10065852105617523;0.46;0.4537404179573059
0.24;0.24196316301822662;0.32;0.3056551218032837;0.16;0.16860167682170868
0.38;0.3789604902267456;0.18;0.18163534998893738;0.42;0.4082706570625305
0.18;0.18132644891738892;0.66;0.6682596802711487;0.28;0.28264909982681274
0.52;0.5197983980178833;0.16;0.1511879861354828;0.42;0.37444064021110535
0.2;0.200636088848114;0.4;0.40153712034225464;0.38;0.37747982144355774
0.2;0.20006056129932404;0.38;0.3765161633491516;0.26;0.2588183581829071
0.26;0.26007819175720215;0.46;0.46163681149482727;0.42;0.42404690384864807
0.58;0.5786893367767334;0.1;0.09825947880744934;0.3;0.28319603204727173
0.28;0.2799898684024811;0.62;0.6337875127792358;0.34;0.3393441438674927
0.36;0.3593294322490692;0.46;0.4468943476676941;0.2;0.2114153802394867
0.14;0.13706867396831512;0.32;0.3303242623806;0.14;0.14064128696918488
0.72;0.7174515724182129;0.18;0.1807270050048828;0.22;0.22524917125701904
0.58;0.5759293437004089;0.1;0.10353595018386841;0.32;0.2973124384880066
0.32;0.3189771771430969;0.22;0.22759833931922913;0.38;0.377867192029953
0.16;0.1579502522945404;0.64;0.6297444701194763;0.5;0.4884466230869293
0.5;0.483694851398468;0.1;0.113436259329319;0.16;0.13790388405323029
0.1;0.0999128445982933;0.82;0.8205804228782654;0.34;0.34089621901512146
0.26;0.2626117765903473;0.22;0.2301081418991089;0.5;0.4504717290401459
0.22;0.22123412787914276;0.44;0.44223710894584656;0.26;0.2586304545402527
0.52;0.5159618854522705;0.1;0.1053255945444107;0.2;0.1760866791009903
0.68;0.6852380633354187;0.12;0.10818009078502655;0.28;0.2540791928768158
0.1;0.10043715685606003;0.48;0.47922617197036743;0.46;0.4601011872291565
0.62;0.6197336912155151;0.34;0.3479960560798645;0.42;0.4213499128818512
0.24;0.23978061974048615;0.48;0.474391907453537;0.5;0.4811059832572937
0.14;0.136012464761734;0.14;0.14652040600776672;0.48;0.451972097158432
0.2;0.19936786592006683;0.48;0.47810491919517517;0.48;0.4841451644897461
0.22;0.22086355090141296;0.44;0.4408075213432312;0.44;0.4453880786895752
0.12;0.11610183119773865;0.66;0.6567642092704773;0.16;0.164463073015213
0.56;0.5597785711288452;0.38;0.38069331645965576;0.44;0.4399348199367523
0.2;0.20027627050876617;0.12;0.1148928627371788;0.34;0.35672464966773987
0.22;0.22002020478248596;0.52;0.520173192024231;0.12;0.12426383793354034
0.42;0.4186098277568817;0.18;0.18027545511722565;0.36;0.36624494194984436
0.14;0.13601508736610413;0.18;0.183532252907753;0.42;0.4054183065891266
0.44;0.4410010278224945;0.22;0.20563262701034546;0.42;0.41327571868896484
0.1;0.10012897104024887;0.42;0.41696658730506897;0.34;0.35072681307792664
0.32;0.3195033073425293;0.38;0.37983715534210205;0.38;0.3883337378501892
0.2;0.19953441619873047;0.7;0.7068103551864624;0.34;0.34398746490478516
0.32;0.3196762502193451;0.5;0.4815424382686615;0.14;0.1383005678653717
0.5;0.5005984306335449;0.28;0.28447505831718445;0.26;0.260219007730484
0.22;0.21948270499706268;0.52;0.5197346210479736;0.2;0.2070557177066803
0.52;0.5199505090713501;0.46;0.4450078308582306;0.42;0.4180235266685486
0.1;0.10330674797296524;0.24;0.2403007596731186;0.32;0.32440873980522156
0.72;0.7191097736358643;0.26;0.2424602508544922;0.48;0.4819648861885071
0.34;0.33978602290153503;0.38;0.37412741780281067;0.3;0.2947329580783844
0.24;0.23641641438007355;0.28;0.28513601422309875;0.2;0.20218601822853088
0.18;0.18020585179328918;0.4;0.40310394763946533;0.42;0.41589194536209106
0.72;0.7233290672302246;0.12;0.12133587151765823;0.4;0.4254814088344574
0.6;0.6006647944450378;0.3;0.3086963891983032;0.34;0.33898964524269104
0.2;0.2006995677947998;0.24;0.23884157836437225;0.34;0.347838431596756
0.1;0.10045614838600159;0.3;0.30392998456954956;0.46;0.45279017090797424
0.48;0.47896334528923035;0.34;0.33233925700187683;0.48;0.47245627641677856
0.46;0.4600662291049957;0.48;0.5058309435844421;0.1;0.10124029219150543
0.18;0.18063543736934662;0.74;0.7382052540779114;0.28;0.28199851512908936
0.66;0.6658132076263428;0.16;0.15863512456417084;0.46;0.4633494019508362
0.44;0.4400672912597656;0.38;0.3817744553089142;0.3;0.2977657914161682
0.3;0.30006924271583557;0.36;0.3592616319656372;0.46;0.46771240234375
0.18;0.18092402815818787;0.24;0.23826126754283905;0.36;0.36698102951049805
0.18;0.181986466050148;0.46;0.45514893531799316;0.24;0.2402794361114502
0.36;0.36048173904418945;0.54;0.5358490347862244;0.32;0.3136586844921112
0.12;0.11942724138498306;0.86;0.839216947555542;0.36;0.36052727699279785
0.64;0.6397741436958313;0.32;0.3320203125476837;0.46;0.456855446100235
0.32;0.3203195035457611;0.12;0.11890733242034912;0.32;0.31187981367111206
0.52;0.515129566192627;0.1;0.10285455733537674;0.24;0.23954573273658752
0.36;0.35997581481933594;0.56;0.5737485885620117;0.38;0.3808322250843048
0.16;0.16028009355068207;0.66;0.6443818211555481;0.14;0.13945749402046204
0.42;0.4260064661502838;0.42;0.42295971512794495;0.46;0.45764654874801636
0.22;0.2192743867635727;0.22;0.21578215062618256;0.1;0.11502285301685333
0.34;0.34023183584213257;0.58;0.5893419981002808;0.32;0.32115888595581055
0.46;0.46114352345466614;0.34;0.3365614712238312;0.36;0.36110731959342957
0.28;0.28225091099739075;0.16;0.1527622491121292;0.14;0.13164207339286804
0.14;0.14233936369419098;0.24;0.23467302322387695;0.46;0.4749869406223297
0.4;0.399840384721756;0.3;0.3020264804363251;0.28;0.27679234743118286
0.32;0.32024484872817993;0.66;0.6378031969070435;0.5;0.495624840259552
0.1;0.10153699666261673;0.22;0.2120753526687622;0.38;0.4074982702732086
0.28;0.2809332013130188;0.4;0.4407085180282593;0.12;0.12548568844795227
0.38;0.37992024421691895;0.46;0.462483286857605;0.26;0.25585073232650757
0.1;0.10098539292812347;0.84;0.8506196737289429;0.1;0.10184452682733536
0.74;0.7407966256141663;0.24;0.22083516418933868;0.44;0.44237908720970154
0.2;0.20774589478969574;0.34;0.33011290431022644;0.4;0.41322144865989685
0.24;0.23991262912750244;0.56;0.5632625818252563;0.28;0.28346914052963257
0.36;0.360818475484848;0.12;0.1185065433382988;0.26;0.26220840215682983
0.58;0.5799223780632019;0.36;0.3551810085773468;0.2;0.19882145524024963
0.22;0.21966670453548431;0.38;0.38851842284202576;0.5;0.4961153566837311
0.36;0.3658844828605652;0.16;0.16102109849452972;0.16;0.1658117026090622
0.1;0.10007971525192261;0.78;0.783347487449646;0.2;0.19755196571350098
0.66;0.6624120473861694;0.18;0.18229380249977112;0.2;0.2060910165309906
0.32;0.32011109590530396;0.56;0.5664255023002625;0.44;0.44234371185302734
0.48;0.47822752594947815;0.16;0.15956851840019226;0.28;0.278600811958313
0.2;0.20027101039886475;0.3;0.28945034742355347;0.12;0.12101303040981293
0.78;0.7822301983833313;0.14;0.1439455896615982;0.14;0.15151508152484894
0.3;0.30042189359664917;0.44;0.4384530186653137;0.32;0.32718318700790405
0.28;0.2808043360710144;0.46;0.45740917325019836;0.48;0.47125697135925293
0.18;0.1822972446680069;0.24;0.23313742876052856;0.22;0.23420290648937225
0.2;0.19952501356601715;0.36;0.3639088571071625;0.3;0.3007567226886749
0.4;0.40002304315567017;0.56;0.5686935782432556;0.24;0.23951193690299988
0.12;0.12023275345563889;0.34;0.34054768085479736;0.46;0.47594648599624634
0.14;0.1378273218870163;0.38;0.40333092212677;0.12;0.12313108146190643
0.36;0.3596867024898529;0.36;0.36402326822280884;0.2;0.20469269156455994
0.26;0.26010626554489136;0.5;0.49733278155326843;0.48;0.49018973112106323
0.28;0.28125131130218506;0.52;0.5115845799446106;0.14;0.13941332697868347
0.2;0.2029394954442978;0.18;0.18046319484710693;0.38;0.3931061327457428
0.58;0.5813140273094177;0.36;0.3551117181777954;0.44;0.44065696001052856
0.3;0.3040173351764679;0.12;0.1115088239312172;0.14;0.14609673619270325
0.3;0.2994636297225952;0.38;0.41613465547561646;0.1;0.10126389563083649
0.4;0.39999961853027344;0.44;0.4396625757217407;0.32;0.32421261072158813
0.26;0.25864899158477783;0.14;0.1429208517074585;0.24;0.1991235464811325
0.12;0.11898890137672424;0.46;0.46147194504737854;0.22;0.21823939681053162
0.38;0.38464510440826416;0.12;0.12024147063493729;0.36;0.360725462436676
0.26;0.2599784731864929;0.38;0.3827081322669983;0.48;0.4843975007534027
0.2;0.2016676664352417;0.26;0.2647022604942322;0.18;0.1923549920320511
0.24;0.2399398684501648;0.1;0.10382246226072311;0.42;0.4249648153781891
0.56;0.5606535077095032;0.36;0.35440242290496826;0.5;0.4998059868812561
0.24;0.23264844715595245;0.1;0.10087458044290543;0.14;0.14224782586097717
0.36;0.3604835569858551;0.56;0.5624449849128723;0.32;0.3160974681377411
0.12;0.1138976663351059;0.18;0.18900729715824127;0.46;0.4601012170314789
0.32;0.32036811113357544;0.6;0.6017365455627441;0.16;0.15780521929264069
0.28;0.2843260169029236;0.3;0.29750311374664307;0.44;0.45195597410202026
0.3;0.2995908856391907;0.58;0.5783223509788513;0.34;0.34579628705978394
0.1;0.11974180489778519;0.12;0.10071856528520584;0.14;0.15729188919067383
0.4;0.400079607963562;0.42;0.4241895079612732;0.42;0.4168890416622162
0.34;0.34541019797325134;0.2;0.1968093365430832;0.1;0.11555783450603485
0.62;0.6225991249084473;0.24;0.23769299685955048;0.2;0.20645856857299805
0.28;0.2806576192378998;0.44;0.4338470995426178;0.26;0.25786638259887695
0.74;0.7308312058448792;0.1;0.10969669371843338;0.16;0.1319047212600708
0.44;0.4403846561908722;0.44;0.43602028489112854;0.14;0.14181777834892273
0.24;0.23992471396923065;0.6;0.6056675314903259;0.22;0.2161136418581009
0.5;0.5027873516082764;0.14;0.13968411087989807;0.5;0.4976882040500641
0.2;0.1997830867767334;0.78;0.7574623227119446;0.3;0.2956443428993225
0.16;0.15997786819934845;0.78;0.797060489654541;0.18;0.17971403896808624
0.7;0.7049660086631775;0.1;0.10534202307462692;0.5;0.46126851439476013
0.66;0.658510684967041;0.22;0.23253503441810608;0.5;0.4927047789096832
0.3;0.2999051511287689;0.6;0.5901415944099426;0.14;0.13852667808532715
0.16;0.16217473149299622;0.52;0.5342631340026855;0.18;0.18338803946971893
0.5;0.48449334502220154;0.1;0.11059923470020294;0.18;0.14843805134296417
0.28;0.2797452211380005;0.44;0.4409719407558441;0.4;0.38778766989707947
0.28;0.27418047189712524;0.58;0.594955563545227;0.1;0.10380581766366959
0.5;0.499929815530777;0.4;0.399141401052475;0.4;0.39999669790267944
0.62;0.6199002265930176;0.34;0.33566349744796753;0.12;0.11959236860275269
0.36;0.3598795533180237;0.4;0.40589502453804016;0.24;0.24367909133434296
0.56;0.5649916529655457;0.16;0.1530577540397644;0.1;0.10708323866128922
0.5;0.5009335875511169;0.3;0.304205060005188;0.36;0.35997307300567627
0.56;0.5598440766334534;0.32;0.3162297010421753;0.5;0.5014221668243408
0.2;0.1935705691576004;0.24;0.24758818745613098;0.48;0.4788223206996918
0.6;0.5990154147148132;0.2;0.2141205221414566;0.12;0.11261644214391708
0.18;0.18236880004405975;0.1;0.10375405102968216;0.22;0.20300650596618652
0.46;0.4602527916431427;0.4;0.39790454506874084;0.3;0.3009743392467499
0.48;0.47991615533828735;0.42;0.41786983609199524;0.32;0.3221043050289154
0.32;0.32068827748298645;0.34;0.36928966641426086;0.12;0.12313735485076904
0.14;0.14017578959465027;0.84;0.8194505572319031;0.34;0.33710137009620667
0.5;0.49647191166877747;0.24;0.250351220369339;0.3;0.29728126525878906
0.24;0.24000266194343567;0.72;0.7241107225418091;0.46;0.45554885268211365
0.86;0.8597091436386108;0.1;0.11971649527549744;0.3;0.29795408248901367
0.36;0.35915014147758484;0.18;0.17623338103294373;0.36;0.36591917276382446
0.68;0.6741204261779785;0.1;0.10419175773859024;0.24;0.24507518112659454
0.2;0.20044834911823273;0.4;0.3991926908493042;0.42;0.41828179359436035
0.88;0.8791095614433289;0.1;0.10265995562076569;0.42;0.3861042261123657
0.26;0.2594606578350067;0.66;0.6634264588356018;0.22;0.22593620419502258
0.12;0.11917004734277725;0.78;0.8000125885009766;0.18;0.18279698491096497
0.1;0.10800047963857651;0.16;0.15514600276947021;0.32;0.31707528233528137
0.14;0.13783349096775055;0.18;0.1817600280046463;0.48;0.474796861410141
0.34;0.33937764167785645;0.2;0.20193898677825928;0.4;0.4012734293937683
0.46;0.4642948806285858;0.14;0.13838911056518555;0.36;0.3732585310935974
0.42;0.4179905951023102;0.1;0.09995733946561813;0.24;0.23994071781635284
0.66;0.6622301936149597;0.1;0.10109411925077438;0.38;0.3800235390663147
0.26;0.26276087760925293;0.16;0.15027374029159546;0.12;0.11390696465969086
0.3;0.2950575649738312;0.3;0.30380988121032715;0.46;0.41530388593673706
0.46;0.45998942852020264;0.48;0.4763832092285156;0.2;0.19977633655071259
0.12;0.11516761779785156;0.1;0.11115176230669022;0.34;0.3023991286754608
0.4;0.39992278814315796;0.46;0.46006539463996887;0.48;0.48167508840560913
0.28;0.28324222564697266;0.14;0.1371561884880066;0.3;0.313729465007782
0.34;0.33990970253944397;0.62;0.6305404305458069;0.14;0.1400965005159378
0.62;0.6223570704460144;0.1;0.10209228843450546;0.12;0.11440761387348175
0.42;0.4201454520225525;0.5;0.5122608542442322;0.3;0.3004196286201477
0.2;0.19981423020362854;0.66;0.656570315361023;0.4;0.40008172392845154
0.3;0.29993125796318054;0.66;0.6625275015830994;0.42;0.4129558503627777
0.14;0.1406649649143219;0.4;0.3975132405757904;0.24;0.23768749833106995
0.26;0.25990042090415955;0.58;0.5743662714958191;0.26;0.2624450623989105
0.76;0.7610744833946228;0.2;0.21665284037590027;0.14;0.14114472270011902
0.32;0.31973737478256226;0.42;0.4101344645023346;0.48;0.4690408706665039
0.4;0.4000709652900696;0.4;0.3947511613368988;0.38;0.3705192804336548
0.18;0.17980420589447021;0.32;0.32338419556617737;0.16;0.16318757832050323
0.52;0.5195993781089783;0.16;0.1611279994249344;0.12;0.12964831292629242
0.7;0.7056043744087219;0.14;0.1297561675310135;0.18;0.22466520965099335
0.64;0.6400282979011536;0.26;0.2672083377838135;0.2;0.20123425126075745
0.48;0.47746437788009644;0.14;0.13992062211036682;0.48;0.48033595085144043
0.34;0.33959701657295227;0.4;0.4173358678817749;0.14;0.136326402425766
0.72;0.7235406637191772;0.12;0.11850031465291977;0.46;0.4632083475589752
0.38;0.3858920931816101;0.12;0.11503812670707703;0.26;0.2680601477622986
0.72;0.7169582843780518;0.14;0.15569260716438293;0.22;0.20267324149608612
0.56;0.5577881932258606;0.32;0.3233564496040344;0.24;0.2388877421617508
0.48;0.48344266414642334;0.18;0.18099826574325562;0.2;0.1979350596666336
0.68;0.6801148653030396;0.3;0.28101304173469543;0.22;0.21924853324890137
0.46;0.45172905921936035;0.1;0.10563243925571442;0.2;0.19417068362236023
0.32;0.32009243965148926;0.48;0.4743821620941162;0.38;0.3888968527317047
0.3;0.2995762228965759;0.16;0.1659899652004242;0.42;0.42418304085731506
0.6;0.5985233783721924;0.18;0.17844468355178833;0.48;0.4814549386501312
0.18;0.1852354109287262;0.32;0.31899893283843994;0.26;0.2582072913646698
0.22;0.2139471471309662;0.22;0.21610668301582336;0.28;0.2942136228084564
0.56;0.5622357130050659;0.12;0.1173887550830841;0.34;0.3336266875267029
0.24;0.2439728081226349;0.5;0.5145230293273926;0.1;0.10428959131240845
0.88;0.8790299296379089;0.1;0.10580886900424957;0.38;0.3672388792037964
0.28;0.27996641397476196;0.62;0.6273051500320435;0.26;0.2696278989315033
0.7;0.701197624206543;0.22;0.22335338592529297;0.42;0.4261447787284851
0.56;0.5589497685432434;0.22;0.2267952561378479;0.26;0.257182776927948
0.1;0.10092673450708389;0.2;0.2042142003774643;0.5;0.47402676939964294
0.2;0.19999264180660248;0.44;0.4363044798374176;0.26;0.25810346007347107
0.68;0.6819351315498352;0.3;0.2868397831916809;0.48;0.4811890721321106
0.14;0.14016202092170715;0.84;0.8236082196235657;0.26;0.2520003318786621
0.16;0.15909124910831451;0.38;0.38350149989128113;0.24;0.2375628501176834
0.1;0.10002312064170837;0.54;0.5436804890632629;0.34;0.34404876828193665
0.8;0.8002825975418091;0.16;0.16938939690589905;0.26;0.2623461186885834
0.32;0.3199997842311859;0.66;0.6387106776237488;0.28;0.2776119112968445
0.48;0.4810561239719391;0.46;0.4605763852596283;0.44;0.43320798873901367
0.4;0.39998799562454224;0.38;0.3819024860858917;0.44;0.4488241672515869
0.32;0.32081475853919983;0.14;0.13689537346363068;0.24;0.23430176079273224
0.6;0.6016111969947815;0.12;0.12222116440534592;0.36;0.36356550455093384
0.62;0.6202638745307922;0.32;0.3307289481163025;0.36;0.3597976863384247
0.24;0.2402479499578476;0.56;0.5555698871612549;0.48;0.46954020857810974
0.46;0.45777401328086853;0.26;0.2822073698043823;0.14;0.1357208788394928
0.38;0.3793332278728485;0.2;0.2012544423341751;0.38;0.381940633058548
0.38;0.37967053055763245;0.48;0.4815932512283325;0.46;0.4572456479072571
0.24;0.24097678065299988;0.32;0.3093218207359314;0.2;0.2172938883304596
0.32;0.31992393732070923;0.42;0.42282888293266296;0.28;0.27998965978622437
0.5;0.5035574436187744;0.2;0.20247018337249756;0.26;0.24567151069641113
0.14;0.13982518017292023;0.7;0.6993609070777893;0.3;0.3099326491355896
0.52;0.5261298418045044;0.12;0.11655010282993317;0.2;0.21824534237384796
0.24;0.24126270413398743;0.32;0.3061305284500122;0.14;0.14185212552547455
0.76;0.7622568607330322;0.2;0.20370711386203766;0.26;0.2621634006500244
0.76;0.7607084512710571;0.2;0.20120786130428314;0.46;0.46300721168518066
0.4;0.4002746343612671;0.42;0.4235357940196991;0.1;0.10100768506526947
0.1;0.10098544508218765;0.86;0.8718648552894592;0.1;0.10193081200122833
0.2;0.1995404213666916;0.36;0.38724884390830994;0.12;0.1240118145942688
0.2;0.20309650897979736;0.34;0.32459765672683716;0.3;0.3095483183860779
0.16;0.1548147052526474;0.28;0.2794668674468994;0.3;0.2994253933429718
0.22;0.21826604008674622;0.34;0.3310100734233856;0.22;0.23374870419502258
0.2;0.2022959291934967;0.26;0.2653598189353943;0.36;0.34747612476348877
0.52;0.5162914991378784;0.24;0.25712117552757263;0.22;0.21010880172252655
0.58;0.5825014710426331;0.26;0.2588556110858917;0.18;0.18370768427848816
0.14;0.13802620768547058;0.34;0.34226977825164795;0.42;0.4249730110168457
0.54;0.540434718132019;0.24;0.23904016613960266;0.32;0.3200666308403015
0.4;0.4001251757144928;0.48;0.48636022210121155;0.24;0.24078139662742615
0.28;0.28011175990104675;0.66;0.6726155877113342;0.26;0.2586440145969391
0.36;0.3605204224586487;0.48;0.4744039475917816;0.24;0.23848426342010498
0.8;0.7999404668807983;0.18;0.161733478307724;0.36;0.3605329096317291
0.6;0.6017920970916748;0.26;0.27036628127098083;0.3;0.3052590489387512
0.1;0.10841786116361618;0.26;0.2507322132587433;0.14;0.1465737521648407
0.74;0.7407132983207703;0.24;0.22327464818954468;0.22;0.21832337975502014
0.6;0.6009047627449036;0.28;0.2786352038383484;0.48;0.47820013761520386
0.3;0.30020132660865784;0.28;0.28975164890289307;0.24;0.22577504813671112
0.36;0.36020568013191223;0.34;0.33880728483200073;0.28;0.2825935482978821
0.56;0.5598288774490356;0.42;0.40121904015541077;0.22;0.22163887321949005
0.36;0.35986557602882385;0.2;0.20318131148815155;0.42;0.41703128814697266
0.42;0.416969895362854;0.14;0.1421290785074234;0.48;0.48521822690963745
0.44;0.4399558901786804;0.46;0.4601101577281952;0.2;0.1985047161579132
0.28;0.2733100950717926;0.24;0.2544701397418976;0.46;0.44838476181030273
0.28;0.2802523374557495;0.66;0.6603073477745056;0.28;0.28227338194847107
0.12;0.12023142725229263;0.48;0.4821505844593048;0.44;0.4495028555393219
0.32;0.32010966539382935;0.56;0.5612545013427734;0.26;0.26474037766456604
0.24;0.23999057710170746;0.46;0.46120721101760864;0.42;0.4292895197868347
0.12;0.11840298026800156;0.62;0.6186771392822266;0.46;0.4645872116088867
0.58;0.5820631980895996;0.14;0.1363174319267273;0.12;0.12890760600566864
0.7;0.702804684638977;0.28;0.2602594196796417;0.34;0.3299674391746521
0.64;0.6392077207565308;0.18;0.18697978556156158;0.24;0.22928547859191895
0.5;0.4982602596282959;0.36;0.3641962707042694;0.3;0.30581769347190857
0.68;0.6799653768539429;0.18;0.1810229867696762;0.16;0.156825989484787
0.1;0.10038652271032333;0.66;0.6628973484039307;0.32;0.3148999810218811
0.58;0.5800429582595825;0.14;0.1408509463071823;0.24;0.23225493729114532
0.1;0.09992708265781403;0.64;0.6365401148796082;0.3;0.2846018075942993
0.46;0.47079533338546753;0.22;0.22030189633369446;0.42;0.43175482749938965
0.4;0.3993985652923584;0.28;0.30169782042503357;0.12;0.11675534397363663
0.44;0.4405093491077423;0.32;0.3234010338783264;0.26;0.2694304585456848
0.62;0.6214780807495117;0.18;0.17543965578079224;0.28;0.28368645906448364
0.16;0.16021184623241425;0.4;0.3893338441848755;0.12;0.12164090573787689
0.26;0.2580752372741699;0.26;0.2628536522388458;0.46;0.4417180120944977
0.3;0.3002918064594269;0.3;0.30759572982788086;0.26;0.25988712906837463
0.16;0.16190479695796967;0.4;0.4047876298427582;0.16;0.16237477958202362
0.36;0.3600187599658966;0.46;0.4555288851261139;0.46;0.46035751700401306
0.42;0.4199620485305786;0.32;0.31908440589904785;0.4;0.4024867117404938
0.3;0.2975086271762848;0.1;0.10113546252250671;0.24;0.23692016303539276
0.5;0.4998761713504791;0.3;0.2991345524787903;0.48;0.4707089364528656
0.62;0.6204348206520081;0.36;0.34146755933761597;0.28;0.2768961787223816
0.18;0.1807800680398941;0.7;0.705815851688385;0.12;0.12021243572235107
0.22;0.22017942368984222;0.74;0.7134151458740234;0.16;0.15203960239887238
0.42;0.4200739860534668;0.56;0.5435566902160645;0.32;0.3173154592514038
0.6;0.5956036448478699;0.12;0.12453953921794891;0.5;0.47718143463134766
0.16;0.16472387313842773;0.38;0.3868159353733063;0.5;0.4970000684261322
0.46;0.46028101444244385;0.52;0.5059128403663635;0.16;0.15904347598552704
0.2;0.19540400803089142;0.28;0.28182870149612427;0.38;0.3707280457019806
0.22;0.21887384355068207;0.28;0.28438350558280945;0.26;0.2695949673652649
0.64;0.6419872045516968;0.12;0.12002976983785629;0.1;0.11819662153720856
0.48;0.4829295575618744;0.18;0.18112093210220337;0.46;0.4384922981262207
0.54;0.5397703051567078;0.4;0.4077686369419098;0.36;0.3590492308139801
0.74;0.7411226630210876;0.18;0.18513251841068268;0.18;0.1851365715265274
0.28;0.2798866927623749;0.5;0.5052493214607239;0.24;0.24066071212291718
0.48;0.4792890250682831;0.46;0.47059449553489685;0.16;0.15620574355125427
0.32;0.3265383243560791;0.3;0.29350414872169495;0.28;0.27800488471984863
0.26;0.25992050766944885;0.58;0.5799278616905212;0.36;0.36724886298179626
0.46;0.46056637167930603;0.36;0.3662758469581604;0.22;0.22752809524536133
0.12;0.11964023113250732;0.72;0.714163064956665;0.42;0.41655397415161133
0.14;0.13971416652202606;0.76;0.760191798210144;0.1;0.0999031737446785
0.3;0.30867138504981995;0.32;0.29429662227630615;0.34;0.3823341727256775
0.5;0.4984317719936371;0.26;0.25622180104255676;0.12;0.11366941779851913
0.1;0.10018444061279297;0.66;0.6575989127159119;0.18;0.18275052309036255
0.68;0.6809846758842468;0.24;0.243540421128273;0.26;0.26280778646469116
0.14;0.13982540369033813;0.58;0.577669084072113;0.5;0.4913715422153473
0.5;0.5008136034011841;0.28;0.2842760682106018;0.36;0.36028966307640076
0.36;0.35948556661605835;0.36;0.359189510345459;0.46;0.45288151502609253
0.38;0.38138630986213684;0.26;0.2739222049713135;0.5;0.4662686288356781
0.64;0.6425483822822571;0.22;0.23599135875701904;0.2;0.20649829506874084
0.14;0.1398344784975052;0.1;0.10634804517030716;0.26;0.21779005229473114
0.1;0.10123409330844879;0.34;0.327301025390625;0.24;0.24585266411304474
0.8;0.7946520447731018;0.14;0.16345728933811188;0.12;0.11947385221719742
0.1;0.10210201144218445;0.24;0.23564545810222626;0.36;0.38202089071273804
0.22;0.22349829971790314;0.12;0.12610270082950592;0.44;0.4067876935005188
0.3;0.29817089438438416;0.4;0.403059184551239;0.22;0.22504839301109314
0.3;0.2990790903568268;0.46;0.47404345870018005;0.18;0.19472508132457733
0.34;0.34255632758140564;0.1;0.10071203857660294;0.3;0.2764001488685608
0.3;0.2977936267852783;0.12;0.11660005897283554;0.12;0.10315686464309692
0.44;0.44069087505340576;0.32;0.3210836946964264;0.44;0.442040354013443
0.18;0.17306794226169586;0.3;0.2935439348220825;0.14;0.1426706612110138
0.18;0.1784951537847519;0.12;0.13381348550319672;0.5;0.4664601683616638
0.54;0.5429484844207764;0.14;0.13045014441013336;0.14;0.1519923210144043
0.56;0.5599158406257629;0.28;0.28462716937065125;0.18;0.184940904378891
0.28;0.2799750566482544;0.7;0.6799798011779785;0.22;0.21765367686748505
0.44;0.4401211440563202;0.38;0.3811548352241516;0.46;0.4662124514579773
0.68;0.6806256175041199;0.14;0.12687058746814728;0.12;0.13395938277244568
0.34;0.3399270474910736;0.46;0.4541280269622803;0.4;0.38780564069747925
0.54;0.5400168895721436;0.34;0.33159688115119934;0.4;0.40156620740890503
0.12;0.11968004703521729;0.5;0.4974839687347412;0.18;0.19277556240558624
0.4;0.39994487166404724;0.48;0.4857105016708374;0.42;0.4166805148124695
0.16;0.1602414846420288;0.52;0.5159327983856201;0.46;0.4677625298500061
0.22;0.21985062956809998;0.18;0.178588405251503;0.26;0.2685001492500305
0.6;0.5990119576454163;0.24;0.23527580499649048;0.36;0.36760807037353516
0.18;0.18238681554794312;0.48;0.5041231513023376;0.1;0.10017772763967514
0.22;0.2196546047925949;0.72;0.6999262571334839;0.5;0.4944736957550049
0.36;0.3601045608520508;0.6;0.5927674174308777;0.5;0.49885615706443787
0.52;0.5203773975372314;0.36;0.3570725917816162;0.38;0.3785396218299866
0.48;0.47628217935562134;0.12;0.11795146763324738;0.12;0.12529170513153076
0.38;0.37842506170272827;0.3;0.3290526866912842;0.16;0.16406817734241486
0.24;0.23977814614772797;0.52;0.5270559787750244;0.26;0.2585923671722412
0.46;0.4610641598701477;0.26;0.25713157653808594;0.36;0.3607437312602997
0.16;0.15999476611614227;0.56;0.5570810437202454;0.42;0.4249754846096039
0.14;0.1394941657781601;0.76;0.7684736251831055;0.24;0.24295362830162048
0.46;0.4601643681526184;0.12;0.11862862855195999;0.28;0.2888020873069763
0.74;0.7359744310379028;0.14;0.150959312915802;0.5;0.4774818420410156
0.14;0.13986201584339142;0.82;0.8349747657775879;0.1;0.10002268850803375
0.44;0.4399256706237793;0.38;0.3740074932575226;0.14;0.14120995998382568
0.38;0.37966668605804443;0.52;0.5210421085357666;0.18;0.1786135882139206
0.28;0.27985796332359314;0.54;0.5357598662376404;0.24;0.24569323658943176
0.24;0.2398887574672699;0.66;0.6680761575698853;0.36;0.3543516993522644
0.5;0.4960245192050934;0.1;0.104469433426857;0.14;0.12830695509910583
0.16;0.16000202298164368;0.56;0.5582307577133179;0.46;0.4627782702445984
0.5;0.49953845143318176;0.38;0.380680114030838;0.5;0.4935282766819
0.4;0.399461030960083;0.36;0.3623238503932953;0.18;0.1832989752292633
0.74;0.7367464303970337;0.16;0.1637975424528122;0.46;0.4620140492916107
0.1;0.10022392123937607;0.72;0.7192800045013428;0.38;0.38148945569992065
0.68;0.6814468502998352;0.22;0.2264833152294159;0.3;0.29903343319892883
0.14;0.14836432039737701;0.28;0.2740645110607147;0.2;0.21051359176635742
0.3;0.298493355512619;0.14;0.1373341679573059;0.22;0.22672505676746368
0.46;0.4605887830257416;0.22;0.2214123159646988;0.14;0.1464701145887375
0.28;0.2790420651435852;0.6;0.6072444319725037;0.14;0.1371406465768814
0.26;0.2612770199775696;0.1;0.10341928154230118;0.48;0.44353264570236206
0.16;0.15968970954418182;0.6;0.602975070476532;0.16;0.16080553829669952
0.28;0.2858748137950897;0.32;0.3081618547439575;0.38;0.4314061999320984
0.58;0.5796564221382141;0.2;0.20735953748226166;0.32;0.30592504143714905
0.66;0.6619169116020203;0.16;0.14838464558124542;0.12;0.14031775295734406
0.28;0.27956530451774597;0.36;0.3581438660621643;0.44;0.4458150267601013
0.5;0.4972740411758423;0.1;0.10597163438796997;0.26;0.25355440378189087
0.76;0.7645785212516785;0.2;0.18211226165294647;0.24;0.25433915853500366
0.32;0.3188589811325073;0.42;0.4307684898376465;0.1;0.10798821598291397
0.46;0.45967742800712585;0.28;0.28130796551704407;0.44;0.4381680488586426
0.58;0.579389750957489;0.18;0.17746785283088684;0.22;0.21454770863056183
0.5;0.4999735653400421;0.26;0.2820724546909332;0.1;0.10324390232563019
0.22;0.22174054384231567;0.36;0.37995249032974243;0.16;0.15876388549804688
0.64;0.6418583989143372;0.24;0.25041913986206055;0.2;0.20056438446044922
0.28;0.2801145315170288;0.66;0.6658539772033691;0.32;0.31757503747940063
0.24;0.2387930452823639;0.14;0.14023491740226746;0.22;0.2360638678073883
0.12;0.11939484626054764;0.84;0.8576436042785645;0.48;0.46820297837257385
0.14;0.14125916361808777;0.38;0.38915014266967773;0.2;0.20419606566429138
0.34;0.3401431143283844;0.54;0.5484340786933899;0.42;0.4270573556423187
0.86;0.8470906019210815;0.12;0.11343032121658325;0.18;0.17868921160697937
0.52;0.5278207659721375;0.22;0.21010607481002808;0.32;0.3457792103290558
0.62;0.6265350580215454;0.14;0.13861949741840363;0.1;0.13271944224834442
0.24;0.23993661999702454;0.64;0.6382676959037781;0.44;0.4327663481235504
0.22;0.21762526035308838;0.16;0.15386225283145905;0.3;0.29070788621902466
0.26;0.25973743200302124;0.34;0.34354516863822937;0.42;0.4221675992012024
0.42;0.37226706743240356;0.1;0.15311172604560852;0.1;0.10327883064746857
0.4;0.3997676968574524;0.36;0.37414002418518066;0.24;0.23859281837940216
0.62;0.6177455186843872;0.28;0.28903499245643616;0.26;0.2591745853424072
0.3;0.30284738540649414;0.2;0.20799124240875244;0.22;0.22452016174793243
0.2;0.20049408078193665;0.48;0.5200669765472412;0.16;0.16163548827171326
0.24;0.23868156969547272;0.6;0.5961970686912537;0.1;0.10399775207042694
0.24;0.23911066353321075;0.26;0.2559264302253723;0.4;0.4162699580192566
0.22;0.2194872349500656;0.26;0.26055261492729187;0.34;0.3197263777256012
0.48;0.47997385263442993;0.44;0.4370085597038269;0.48;0.4818841814994812
0.14;0.14314742386341095;0.6;0.5964958667755127;0.16;0.16906067728996277
0.18;0.1818535178899765;0.42;0.4202617108821869;0.22;0.22064924240112305
0.8;0.8003451228141785;0.16;0.1607409566640854;0.14;0.1482076644897461
0.26;0.2604281008243561;0.14;0.13753105700016022;0.14;0.14437803626060486
0.26;0.2599049508571625;0.54;0.5387355089187622;0.32;0.316780149936676
0.54;0.5442911982536316;0.26;0.2507025897502899;0.12;0.11928386986255646
0.26;0.26004084944725037;0.66;0.6707045435905457;0.18;0.17883960902690887
0.36;0.36004573106765747;0.48;0.4822869300842285;0.46;0.46033668518066406
0.24;0.23914755880832672;0.26;0.2601253092288971;0.14;0.13667325675487518
0.26;0.26466429233551025;0.2;0.21235103905200958;0.14;0.1496439129114151
0.5;0.5013109445571899;0.4;0.4219626784324646;0.12;0.11931202560663223
0.54;0.5406298637390137;0.32;0.3121684193611145;0.24;0.24167194962501526
0.52;0.514115035533905;0.18;0.18696017563343048;0.14;0.13320717215538025
0.24;0.23997049033641815;0.68;0.6838405132293701;0.48;0.4763355255126953
0.6;0.6005841493606567;0.3;0.3123081922531128;0.32;0.31736448407173157
0.16;0.15885215997695923;0.12;0.12338432669639587;0.14;0.12878303229808807
0.16;0.16039243340492249;0.7;0.698128342628479;0.3;0.303894966840744
0.1;0.10998797416687012;0.3;0.2818547189235687;0.12;0.11747278273105621
0.78;0.7821109890937805;0.2;0.17545582354068756;0.1;0.10416414588689804
0.26;0.2594393491744995;0.22;0.22803620994091034;0.2;0.17277003824710846
0.14;0.14069457352161407;0.48;0.4864731431007385;0.12;0.11822209507226944
0.36;0.363566130399704;0.1;0.10184529423713684;0.3;0.30252164602279663
0.36;0.3583522140979767;0.28;0.26202693581581116;0.1;0.1094164103269577
0.3;0.3002767860889435;0.22;0.214817613363266;0.14;0.13893279433250427
0.54;0.5397202968597412;0.28;0.2799537479877472;0.34;0.3356276750564575
0.24;0.2401065230369568;0.74;0.7207191586494446;0.18;0.1793268620967865
0.34;0.33943840861320496;0.5;0.4878474175930023;0.2;0.20300717651844025
0.56;0.559589147567749;0.4;0.4105392098426819;0.32;0.32285791635513306
0.84;0.8413909077644348;0.12;0.12279138714075089;0.14;0.14356887340545654
0.74;0.731359601020813;0.14;0.16476309299468994;0.14;0.12553542852401733
0.4;0.4015587568283081;0.24;0.2391783446073532;0.34;0.34321731328964233
0.24;0.23902012407779694;0.5;0.5061731934547424;0.28;0.29272565245628357
0.62;0.6330575346946716;0.18;0.17367632687091827;0.36;0.3798162043094635
0.34;0.34068429470062256;0.38;0.3895706832408905;0.1;0.10341217368841171
0.3;0.3061312735080719;0.32;0.28902167081832886;0.32;0.3468119502067566
0.3;0.3000108301639557;0.68;0.6612231135368347;0.3;0.2996079921722412
0.22;0.22128641605377197;0.46;0.47170698642730713;0.28;0.2923051714897156
0.52;0.5055626034736633;0.12;0.11859381943941116;0.42;0.4223363995552063
0.28;0.2784034013748169;0.24;0.24136009812355042;0.42;0.42772984504699707
0.3;0.29619595408439636;0.1;0.10660874098539352;0.48;0.47567492723464966
0.28;0.28142938017845154;0.56;0.5538262724876404;0.14;0.13646671175956726
0.24;0.24048370122909546;0.44;0.4421105980873108;0.28;0.2807612717151642
0.26;0.2606552243232727;0.34;0.3486080467700958;0.38;0.3739262819290161
0.32;0.3200550377368927;0.5;0.5008895993232727;0.36;0.3515028953552246
0.74;0.7425507307052612;0.22;0.1975434571504593;0.14;0.1471865326166153
0.5;0.5002322793006897;0.34;0.3403230607509613;0.28;0.2812979817390442
0.24;0.23889553546905518;0.12;0.11619044840335846;0.16;0.18238535523414612
0.38;0.3821123540401459;0.2;0.20193232595920563;0.3;0.30548611283302307
0.3;0.2984759509563446;0.16;0.16099095344543457;0.38;0.38273459672927856
0.16;0.15945352613925934;0.12;0.11590638011693954;0.34;0.35512575507164
0.52;0.525077760219574;0.42;0.4201079308986664;0.48;0.4745549261569977
0.46;0.4498920440673828;0.1;0.1027902141213417;0.46;0.45135584473609924
0.22;0.22000505030155182;0.28;0.28761178255081177;0.44;0.430453360080719
0.38;0.3806350827217102;0.6;0.5861644148826599;0.48;0.4800611436367035
0.14;0.14315533638000488;0.16;0.15549448132514954;0.26;0.25297099351882935
0.54;0.5392836928367615;0.22;0.23070812225341797;0.36;0.35251814126968384
0.2;0.20052458345890045;0.4;0.4028790593147278;0.4;0.4018208086490631
0.16;0.15848127007484436;0.12;0.13417638838291168;0.5;0.4430628716945648
0.6;0.6079909205436707;0.16;0.16577348113059998;0.48;0.4750315546989441
0.1;0.10081715136766434;0.12;0.12084007263183594;0.46;0.4538513123989105
0.12;0.11877385526895523;0.76;0.7633552551269531;0.1;0.0997411236166954
0.2;0.20644518733024597;0.32;0.3234018087387085;0.24;0.24026226997375488
0.1;0.10233433544635773;0.68;0.6751649975776672;0.14;0.153519868850708
0.1;0.09989824891090393;0.82;0.8319060206413269;0.14;0.14044775068759918
0.26;0.2600167691707611;0.7;0.7066043019294739;0.48;0.4770830273628235
0.4;0.39949432015419006;0.3;0.2971042990684509;0.24;0.24673393368721008
0.86;0.8461548686027527;0.1;0.11263639479875565;0.18;0.17943254113197327
0.42;0.4197734296321869;0.22;0.226586252450943;0.44;0.4289921224117279
0.44;0.43991559743881226;0.44;0.4456556439399719;0.42;0.422171413898468
0.28;0.2803693115711212;0.64;0.6416956782341003;0.44;0.442082941532135
0.5;0.4984430968761444;0.34;0.338998019695282;0.12;0.11997459083795547
0.3;0.2981208264827728;0.26;0.2616724967956543;0.16;0.1555255502462387
0.44;0.44022974371910095;0.48;0.4906095564365387;0.28;0.2785588800907135
0.62;0.6253407597541809;0.18;0.16630683839321136;0.1;0.11962109804153442
0.12;0.12023379653692245;0.34;0.3368159532546997;0.36;0.37105119228363037
0.74;0.7374714016914368;0.22;0.22874610126018524;0.5;0.49708205461502075
0.5;0.5006862878799438;0.46;0.4602183997631073;0.26;0.26207104325294495
0.5;0.500290036201477;0.48;0.4594529867172241;0.2;0.19904078543186188
0.48;0.48061710596084595;0.42;0.4245761036872864;0.48;0.48013049364089966
0.18;0.18097952008247375;0.28;0.28234028816223145;0.4;0.3976384401321411
0.36;0.35917404294013977;0.3;0.3007718026638031;0.36;0.3719036281108856
0.32;0.31995126605033875;0.6;0.6175326704978943;0.14;0.13806071877479553
0.18;0.17900952696800232;0.7;0.6932008266448975;0.22;0.22011980414390564
0.78;0.774779200553894;0.12;0.14232395589351654;0.18;0.16196613013744354
0.46;0.45084619522094727;0.1;0.10935913026332855;0.14;0.12481274455785751
0.56;0.5604916214942932;0.36;0.3656650185585022;0.1;0.10236544907093048
0.5;0.49973437190055847;0.26;0.26976829767227173;0.36;0.36158397793769836
0.7;0.6987770199775696;0.28;0.27247506380081177;0.4;0.4039378762245178
0.2;0.1998400092124939;0.46;0.44736412167549133;0.3;0.29169875383377075
0.24;0.24021299183368683;0.6;0.6041420698165894;0.48;0.472057044506073
0.26;0.25997617840766907;0.34;0.34488430619239807;0.4;0.4034569263458252
0.18;0.18324945867061615;0.36;0.35004353523254395;0.18;0.17640003561973572
0.3;0.2989374101161957;0.24;0.24640701711177826;0.4;0.36167410016059875
0.36;0.3596166670322418;0.46;0.43430283665657043;0.18;0.18646106123924255
0.38;0.3798693120479584;0.54;0.5583896636962891;0.1;0.10063891112804413
0.7;0.7005417346954346;0.28;0.246799498796463;0.26;0.2567806839942932
0.76;0.7643104195594788;0.22;0.1977749466896057;0.38;0.37913548946380615
0.18;0.17996133863925934;0.38;0.38383758068084717;0.36;0.35784968733787537
0.28;0.2891678810119629;0.32;0.3062244951725006;0.44;0.4675389230251312
0.6;0.6004233956336975;0.32;0.3321629762649536;0.26;0.2587713599205017
0.72;0.7255629301071167;0.12;0.1190967857837677;0.36;0.38850271701812744
0.32;0.3194589912891388;0.38;0.3864830732345581;0.28;0.2774509787559509
0.1;0.09836325794458389;0.52;0.5760288238525391;0.12;0.11839175224304199
0.56;0.558373749256134;0.1;0.09859134256839752;0.36;0.36149588227272034
0.16;0.16069842875003815;0.42;0.4199093282222748;0.18;0.18232066929340363
0.74;0.7367749214172363;0.2;0.20916953682899475;0.38;0.37161985039711
0.16;0.1615085005760193;0.4;0.3969326913356781;0.34;0.3425750136375427
0.32;0.32005539536476135;0.56;0.5591244101524353;0.38;0.3738709092140198
0.1;0.11193526536226273;0.14;0.11092828959226608;0.24;0.3583146929740906
0.26;0.259936660528183;0.54;0.5312092304229736;0.5;0.4755348265171051
0.42;0.4207753539085388;0.18;0.1825675070285797;0.48;0.47633224725723267
0.22;0.2198920100927353;0.56;0.5565676093101501;0.48;0.4725189208984375
0.62;0.6204996109008789;0.22;0.22537511587142944;0.18;0.1805552989244461
0.1;0.10005028545856476;0.82;0.8406341671943665;0.24;0.23979897797107697
0.6;0.5964075326919556;0.1;0.10367673635482788;0.32;0.30560389161109924
0.68;0.6815780401229858;0.2;0.20614592730998993;0.16;0.15552465617656708
0.52;0.517316460609436;0.4;0.39848989248275757;0.5;0.4991627633571625
0.46;0.46004173159599304;0.4;0.3967433273792267;0.46;0.46615070104599
0.4;0.40011322498321533;0.36;0.36137741804122925;0.34;0.3427404761314392
0.16;0.15881232917308807;0.44;0.44089800119400024;0.46;0.4669843316078186
0.2;0.19998136162757874;0.7;0.7068498134613037;0.18;0.17801280319690704
0.64;0.6416355967521667;0.26;0.2747044265270233;0.22;0.22028911113739014
0.16;0.15993855893611908;0.68;0.6842281222343445;0.26;0.26605314016342163
0.38;0.3801744878292084;0.58;0.591306209564209;0.46;0.46064454317092896
0.18;0.18034186959266663;0.52;0.522659420967102;0.46;0.46610888838768005
0.62;0.6203609108924866;0.3;0.3072086274623871;0.48;0.4788309633731842
0.36;0.36330342292785645;0.28;0.264964759349823;0.28;0.27542057633399963
0.26;0.25984135270118713;0.7;0.7164867520332336;0.18;0.17397649586200714
0.46;0.45688602328300476;0.14;0.1350574493408203;0.3;0.30604588985443115
0.36;0.35992878675460815;0.44;0.4460647702217102;0.3;0.291111558675766
0.2;0.20319096744060516;0.18;0.18857558071613312;0.22;0.19398830831050873
0.68;0.6775805950164795;0.24;0.2386697381734848;0.44;0.444364070892334
0.26;0.2612903118133545;0.3;0.3079519271850586;0.36;0.348056823015213
0.62;0.6176007390022278;0.12;0.1192033439874649;0.22;0.22651591897010803
0.64;0.6322930455207825;0.18;0.19242848455905914;0.3;0.29229235649108887
0.16;0.1600084751844406;0.7;0.6985270977020264;0.42;0.4184766709804535
0.1;0.1000434160232544;0.44;0.4361293613910675;0.32;0.33513525128364563
0.16;0.1594502329826355;0.2;0.1972866952419281;0.4;0.42023253440856934
0.68;0.6991974711418152;0.14;0.12101920694112778;0.1;0.13381555676460266
0.34;0.3401065766811371;0.58;0.5883908271789551;0.16;0.1592920869588852
0.38;0.3726539611816406;0.1;0.10339698940515518;0.48;0.47652381658554077
0.14;0.13739274442195892;0.3;0.30372270941734314;0.48;0.47391948103904724
0.42;0.4196878671646118;0.34;0.3394317626953125;0.44;0.45187368988990784
0.68;0.6817421317100525;0.26;0.2716377079486847;0.12;0.12189821153879166
0.14;0.12880170345306396;0.18;0.1878131777048111;0.14;0.13630349934101105
0.18;0.1802024245262146;0.1;0.10597497969865799;0.48;0.4534938931465149
0.32;0.3199096620082855;0.64;0.6098195910453796;0.14;0.13672420382499695
0.72;0.7217881083488464;0.24;0.22853754460811615;0.46;0.47042208909988403
0.82;0.8195003867149353;0.12;0.13514092564582825;0.28;0.2778703570365906
0.22;0.2187400609254837;0.22;0.22321225702762604;0.38;0.40033024549484253
0.32;0.32036811113357544;0.62;0.632250189781189;0.16;0.15931013226509094
0.18;0.17952345311641693;0.5;0.4979779124259949;0.44;0.43811386823654175
0.14;0.14132153987884521;0.2;0.2051682323217392;0.48;0.46564245223999023
0.46;0.4595779776573181;0.26;0.26445379853248596;0.26;0.2627890110015869
0.16;0.1637604832649231;0.26;0.25503870844841003;0.2;0.20524808764457703
0.38;0.38058754801750183;0.58;0.5857231020927429;0.48;0.4799872934818268
0.26;0.2603260278701782;0.46;0.45946407318115234;0.1;0.10266312211751938
0.18;0.1796015053987503;0.58;0.5862205624580383;0.22;0.22068043053150177
0.42;0.4193677008152008;0.14;0.14074692130088806;0.26;0.26631540060043335
0.18;0.17990055680274963;0.7;0.7003561854362488;0.48;0.4822298586368561
0.2;0.19785253703594208;0.24;0.2352554053068161;0.4;0.4023045599460602
0.42;0.41977936029434204;0.4;0.3959156274795532;0.26;0.2653077244758606
0.32;0.3222731351852417;0.14;0.13872072100639343;0.38;0.3850110173225403
0.5;0.5033682584762573;0.14;0.14500094950199127;0.46;0.45663875341415405
0.56;0.557824969291687;0.12;0.1207471713423729;0.32;0.33546385169029236
0.12;0.1232285127043724;0.26;0.25223061442375183;0.4;0.4244902729988098
0.36;0.3599832057952881;0.36;0.3611848056316376;0.16;0.171304389834404
0.76;0.7593271732330322;0.1;0.11141590774059296;0.2;0.17795029282569885
0.58;0.5674642324447632;0.12;0.10957321524620056;0.12;0.126291885972023
0.74;0.7385332584381104;0.16;0.1614617556333542;0.28;0.28130027651786804
0.18;0.17889732122421265;0.8;0.733893871307373;0.22;0.21661236882209778
0.6;0.6015873551368713;0.16;0.15560699999332428;0.32;0.31554552912712097
0.46;0.46277934312820435;0.2;0.2138790786266327;0.5;0.4431014060974121
0.24;0.24004711210727692;0.68;0.6811895966529846;0.22;0.21446380019187927
0.24;0.23327919840812683;0.1;0.10087458044290543;0.16;0.14533820748329163
0.72;0.7190183997154236;0.16;0.16061659157276154;0.28;0.27164238691329956
0.5;0.5003830790519714;0.36;0.3598574995994568;0.22;0.2205551415681839
0.14;0.13882248103618622;0.26;0.2533978223800659;0.44;0.4337702691555023
0.42;0.4187268912792206;0.28;0.293841153383255;0.26;0.264920711517334
0.28;0.28050392866134644;0.14;0.14364027976989746;0.36;0.3771035671234131
0.22;0.21828554570674896;0.16;0.16092140972614288;0.36;0.37633436918258667
0.32;0.3199590742588043;0.6;0.5981484055519104;0.28;0.27352118492126465
0.36;0.3602156937122345;0.62;0.5973376035690308;0.1;0.10063894093036652
0.28;0.2802698314189911;0.64;0.640479564666748;0.14;0.13900239765644073
0.34;0.33987748622894287;0.44;0.43963193893432617;0.12;0.11920076608657837
0.1;0.1043703481554985;0.18;0.162751242518425;0.38;0.4528380334377289
0.48;0.48040109872817993;0.2;0.20111824572086334;0.2;0.1897711306810379
0.72;0.72207111120224;0.22;0.23059678077697754;0.2;0.2000351846218109
0.4;0.4000822603702545;0.58;0.559927225112915;0.16;0.15869231522083282
0.2;0.20124280452728271;0.18;0.18063493072986603;0.4;0.4022231996059418
0.24;0.23997174203395844;0.5;0.49796465039253235;0.5;0.475181519985199
0.42;0.42199480533599854;0.12;0.11673878133296967;0.3;0.310241162776947
0.24;0.2393261194229126;0.62;0.6158983111381531;0.24;0.23863545060157776
0.1;0.09992562979459763;0.82;0.8391943573951721;0.12;0.11849130690097809
0.1;0.10003335028886795;0.82;0.8223458528518677;0.18;0.1792387217283249
0.3;0.2961015999317169;0.16;0.15921682119369507;0.2;0.19443967938423157
0.22;0.22190523147583008;0.3;0.29711613059043884;0.34;0.35288748145103455
0.48;0.4838276207447052;0.12;0.11661536991596222;0.1;0.11578275263309479
0.3;0.29750320315361023;0.14;0.1413305401802063;0.1;0.11519330739974976
0.78;0.7747834324836731;0.12;0.14372429251670837;0.2;0.18201760947704315
0.48;0.48118987679481506;0.38;0.3792462646961212;0.36;0.3676396310329437
0.36;0.3600355386734009;0.34;0.33183419704437256;0.32;0.32678788900375366
0.44;0.4365287721157074;0.1;0.10110562294721603;0.32;0.31617453694343567
0.66;0.6619837284088135;0.2;0.19271059334278107;0.38;0.38239601254463196
0.2;0.1999133676290512;0.54;0.5438857078552246;0.36;0.36151108145713806
0.56;0.55980384349823;0.38;0.368776798248291;0.22;0.22199849784374237
0.26;0.26023513078689575;0.68;0.6867430210113525;0.2;0.19810783863067627
0.38;0.37970903515815735;0.36;0.35291311144828796;0.1;0.10129940509796143
0.26;0.26086559891700745;0.56;0.5651490688323975;0.1;0.10595059394836426
0.1;0.09992778301239014;0.72;0.7160051465034485;0.26;0.2517574429512024
0.6;0.6020205020904541;0.28;0.2806839644908905;0.34;0.34360742568969727
0.58;0.5800493359565735;0.28;0.28301259875297546;0.36;0.35686367750167847
0.54;0.5526213049888611;0.14;0.12501460313796997;0.12;0.1345290243625641
0.44;0.4405558407306671;0.24;0.24083811044692993;0.3;0.2692127227783203
0.1;0.10127720236778259;0.5;0.49764394760131836;0.2;0.2096245288848877
0.18;0.17585188150405884;0.34;0.3429845869541168;0.34;0.3275797963142395
0.38;0.37995654344558716;0.36;0.35994473099708557;0.48;0.48051270842552185
0.24;0.239885151386261;0.68;0.6869360208511353;0.1;0.10199558734893799
0.26;0.2588406205177307;0.54;0.5347112417221069;0.22;0.21504278481006622
0.14;0.14269912242889404;0.52;0.5079984664916992;0.28;0.27759280800819397
0.18;0.17950497567653656;0.1;0.10941290855407715;0.4;0.3592321276664734
0.42;0.41962742805480957;0.28;0.2783873677253723;0.5;0.4693717956542969
0.68;0.6807143688201904;0.14;0.1344483494758606;0.26;0.2735777497291565
0.48;0.48011383414268494;0.44;0.44143787026405334;0.28;0.2817850708961487
0.6;0.5999533534049988;0.38;0.3666456937789917;0.46;0.4611707627773285
0.36;0.3586616814136505;0.24;0.24263745546340942;0.38;0.38631486892700195
0.22;0.21965232491493225;0.16;0.15245628356933594;0.16;0.17822147905826569
0.36;0.35968253016471863;0.48;0.47030001878738403;0.26;0.2562521696090698
0.32;0.31933528184890747;0.12;0.11684690415859222;0.16;0.1611308604478836
0.48;0.4781132936477661;0.16;0.16178441047668457;0.42;0.40817371010780334
0.18;0.17676641047000885;0.2;0.19574762880802155;0.28;0.27431049942970276
0.36;0.36160364747047424;0.26;0.27436602115631104;0.46;0.43388405442237854
0.14;0.13997574150562286;0.68;0.6770195960998535;0.34;0.34775510430336
0.32;0.319381982088089;0.42;0.4232262670993805;0.4;0.4054145812988281
0.16;0.15554097294807434;0.32;0.3132098615169525;0.12;0.12385525554418564
0.1;0.10362271219491959;0.32;0.3183373212814331;0.42;0.41104990243911743
0.24;0.2414209395647049;0.24;0.2370634377002716;0.3;0.29280370473861694
0.16;0.15492598712444305;0.38;0.3839576244354248;0.44;0.4398060441017151
0.34;0.34024322032928467;0.4;0.409504771232605;0.12;0.1200629249215126
0.58;0.5793132185935974;0.12;0.11828374117612839;0.5;0.47152581810951233
0.3;0.3005600869655609;0.14;0.1378667652606964;0.34;0.3409424424171448
0.32;0.3210778534412384;0.5;0.49550101161003113;0.5;0.4766120910644531
0.42;0.41816622018814087;0.32;0.31324538588523865;0.28;0.28531137108802795
0.44;0.4406081736087799;0.34;0.3485059142112732;0.3;0.3022557497024536
0.32;0.3196735084056854;0.54;0.5229277014732361;0.18;0.16914750635623932
0.76;0.7602763175964355;0.2;0.2039640247821808;0.18;0.1848958283662796
0.24;0.24087591469287872;0.58;0.5701081156730652;0.36;0.36330825090408325
0.22;0.21760785579681396;0.12;0.12388407438993454;0.2;0.18016663193702698
0.34;0.3406432271003723;0.26;0.2706831991672516;0.16;0.15879955887794495
0.26;0.2563624083995819;0.2;0.20655019581317902;0.22;0.21397511661052704
0.38;0.379733681678772;0.2;0.20154616236686707;0.2;0.19728462398052216
0.46;0.46009230613708496;0.3;0.30295833945274353;0.28;0.28461775183677673
0.54;0.5494979023933411;0.18;0.18003466725349426;0.14;0.14257661998271942
0.1;0.10319185256958008;0.34;0.3332573175430298;0.28;0.2810758054256439
0.26;0.26250776648521423;0.12;0.12087522447109222;0.14;0.1323053538799286
0.2;0.20014847815036774;0.76;0.7670174241065979;0.38;0.3805667757987976
0.24;0.2400696575641632;0.38;0.37845370173454285;0.4;0.40078315138816833
0.42;0.42102915048599243;0.12;0.11848866939544678;0.22;0.21529646217823029
0.4;0.40153810381889343;0.24;0.24396465718746185;0.16;0.15347272157669067
0.24;0.23862385749816895;0.12;0.12100891023874283;0.38;0.3768607974052429
0.16;0.15978187322616577;0.54;0.5561273694038391;0.2;0.20038390159606934
0.2;0.19976595044136047;0.74;0.7478263974189758;0.2;0.1971125602722168
0.76;0.7597335577011108;0.16;0.167671337723732;0.44;0.44605740904808044
0.16;0.16696064174175262;0.16;0.14911001920700073;0.1;0.12127736955881119
0.28;0.27973052859306335;0.58;0.5675719976425171;0.48;0.47160854935646057
0.54;0.5402058362960815;0.42;0.4314185082912445;0.16;0.15893545746803284
0.42;0.4125465750694275;0.2;0.2015056014060974;0.46;0.4430340826511383
0.2;0.20166310667991638;0.16;0.16013063490390778;0.44;0.4438687860965729
0.32;0.32238349318504333;0.2;0.1980687975883484;0.28;0.2684316337108612
0.88;0.6852619051933289;0.1;0.11034311354160309;0.1;0.11231166124343872
0.24;0.239897683262825;0.6;0.6052113175392151;0.28;0.277775377035141
0.24;0.23343293368816376;0.12;0.13353252410888672;0.5;0.45379728078842163
0.6;0.6011094450950623;0.3;0.2994757294654846;0.5;0.501663327217102
0.6;0.6016848087310791;0.18;0.17609789967536926;0.3;0.29711440205574036
0.54;0.5460811853408813;0.12;0.11914951354265213;0.32;0.33302730321884155
0.48;0.48005756735801697;0.34;0.33665454387664795;0.3;0.3068005442619324
0.16;0.16116037964820862;0.1;0.10072226822376251;0.34;0.35357075929641724
0.32;0.3244829475879669;0.24;0.24100294709205627;0.14;0.13892164826393127
0.52;0.5171559453010559;0.34;0.3434619605541229;0.1;0.10051878541707993
0.12;0.11979566514492035;0.28;0.28602656722068787;0.18;0.18103571236133575
0.14;0.13745282590389252;0.3;0.30297496914863586;0.18;0.19089999794960022
0.3;0.2995128333568573;0.64;0.6480293273925781;0.16;0.15929362177848816
0.26;0.2583535611629486;0.28;0.28172266483306885;0.18;0.18721677362918854
0.38;0.3803929090499878;0.58;0.5815775990486145;0.2;0.1990879774093628
0.16;0.15887141227722168;0.38;0.38251662254333496;0.3;0.29888564348220825
0.26;0.2607473134994507;0.56;0.5573218464851379;0.12;0.11642519384622574
0.3;0.30235326290130615;0.3;0.30242711305618286;0.32;0.32768768072128296
0.16;0.15922363102436066;0.3;0.3069063723087311;0.3;0.2955199182033539
0.14;0.14156146347522736;0.58;0.5818402171134949;0.2;0.19580233097076416
0.62;0.6144885420799255;0.12;0.11936517059803009;0.46;0.4453449249267578
0.3;0.3002221882343292;0.5;0.5050715804100037;0.32;0.30724427103996277
0.14;0.14659230411052704;0.18;0.1656486690044403;0.2;0.21917371451854706
0.5;0.499763548374176;0.42;0.41680803894996643;0.28;0.2791866362094879
0.78;0.7804620265960693;0.14;0.1323256492614746;0.1;0.10236205905675888
0.3;0.2999241352081299;0.38;0.3828246295452118;0.4;0.4073753356933594
0.1;0.10044814646244049;0.56;0.5595272183418274;0.32;0.3194352686405182
0.22;0.22123369574546814;0.38;0.3700256943702698;0.12;0.11953158676624298
0.26;0.3047614097595215;0.34;0.3647148311138153;0.1;0.11658567190170288
0.24;0.2395007610321045;0.22;0.2234879732131958;0.44;0.4250543713569641
0.24;0.23985439538955688;0.6;0.5988796949386597;0.32;0.317348450422287
0.34;0.33917665481567383;0.38;0.3737727105617523;0.22;0.2170720398426056
0.54;0.5416169166564941;0.44;0.4251311123371124;0.26;0.25874432921409607
0.18;0.17927496135234833;0.62;0.6113495826721191;0.5;0.4784580171108246
0.32;0.3279082179069519;0.3;0.2653404474258423;0.1;0.11739043146371841
0.16;0.1600480079650879;0.22;0.21990931034088135;0.16;0.1664440631866455
0.6;0.6017580628395081;0.24;0.2399831861257553;0.5;0.49629315733909607
0.46;0.4584140479564667;0.16;0.1617857962846756;0.32;0.3305453360080719
0.28;0.27841559052467346;0.34;0.3407835066318512;0.4;0.3955160975456238
0.64;0.6412880420684814;0.12;0.12104513496160507;0.18;0.20917029678821564
0.12;0.1201121062040329;0.8;0.8041431903839111;0.3;0.2969039976596832
0.62;0.6200457811355591;0.34;0.34601426124572754;0.48;0.481027752161026
0.68;0.6708343625068665;0.16;0.1770561933517456;0.1;0.10313664376735687
0.32;0.3196483552455902;0.46;0.4489259421825409;0.14;0.1366148144006729
0.5;0.505966067314148;0.16;0.16844245791435242;0.2;0.20106995105743408
0.56;0.5706517696380615;0.2;0.1934152990579605;0.16;0.17473569512367249
0.1;0.10262352973222733;0.26;0.26163771748542786;0.42;0.436536967754364
0.58;0.576967716217041;0.18;0.17937606573104858;0.2;0.18896357715129852
0.38;0.37975308299064636;0.5;0.5081514120101929;0.18;0.18056337535381317
0.36;0.35984933376312256;0.56;0.5773760080337524;0.18;0.18229345977306366
0.32;0.3197525441646576;0.38;0.407158762216568;0.16;0.16134457290172577
0.16;0.1568295806646347;0.26;0.26148509979248047;0.38;0.37065890431404114
0.1;0.10027960687875748;0.5;0.498399555683136;0.24;0.24029240012168884
0.46;0.4612066149711609;0.22;0.22122083604335785;0.1;0.1083923950791359
0.2;0.20103558897972107;0.22;0.2165294587612152;0.42;0.41191309690475464
0.56;0.5617662072181702;0.24;0.2387397587299347;0.4;0.4089899957180023
0.28;0.2794656455516815;0.48;0.4836440682411194;0.18;0.20010200142860413
0.4;0.40105918049812317;0.44;0.445014089345932;0.1;0.10212389379739761
0.12;0.12005548924207687;0.82;0.8348286151885986;0.12;0.11958764493465424
0.82;0.822175145149231;0.12;0.10146242380142212;0.1;0.10153631865978241
0.22;0.22988919913768768;0.2;0.18921782076358795;0.1;0.11101891100406647
0.12;0.11963213980197906;0.68;0.6843895316123962;0.1;0.09985034912824631
0.16;0.16321007907390594;0.46;0.4570774734020233;0.48;0.47321709990501404
0.3;0.299784392118454;0.34;0.34320005774497986;0.3;0.30071234703063965
0.16;0.15991614758968353;0.1;0.10967853665351868;0.5;0.45472630858421326
0.76;0.7620615363121033;0.22;0.19981792569160461;0.36;0.3589603900909424
0.7;0.6867820620536804;0.14;0.19347169995307922;0.44;0.457150936126709
0.42;0.41712871193885803;0.1;0.10397635400295258;0.18;0.16690263152122498
0.5;0.49953389167785645;0.34;0.3476548194885254;0.18;0.17713835835456848
0.12;0.12297658622264862;0.48;0.4836594760417938;0.18;0.17820830643177032
0.14;0.13974781334400177;0.76;0.7662622928619385;0.38;0.3798888325691223
0.18;0.18324586749076843;0.2;0.20221547782421112;0.22;0.23603257536888123
0.36;0.35989731550216675;0.3;0.30268481373786926;0.44;0.4438645839691162
0.1;0.10092218220233917;0.62;0.6178205013275146;0.4;0.40705758333206177
0.36;0.35962656140327454;0.42;0.4243796765804291;0.28;0.28021374344825745
0.2;0.19824667274951935;0.22;0.220505952835083;0.2;0.20534181594848633
0.18;0.17983755469322205;0.58;0.5798996686935425;0.48;0.4667012095451355
0.7;0.7033557891845703;0.2;0.20331844687461853;0.26;0.2641131281852722
0.24;0.24015508592128754;0.14;0.13867402076721191;0.34;0.33033981919288635
0.82;0.8244561553001404;0.16;0.13641448318958282;0.12;0.12314631789922714
0.34;0.33968836069107056;0.54;0.5415791273117065;0.3;0.3061373233795166
0.64;0.6376166939735413;0.22;0.22787980735301971;0.14;0.13856863975524902
0.18;0.17917028069496155;0.74;0.7453237175941467;0.3;0.29812073707580566
0.56;0.5581732392311096;0.22;0.22689197957515717;0.44;0.43069401383399963
0.32;0.3200063407421112;0.62;0.612838864326477;0.14;0.13699279725551605
0.32;0.3198702931404114;0.36;0.35809326171875;0.32;0.3240337669849396
0.58;0.5811269879341125;0.24;0.23198573291301727;0.3;0.3022672235965729
0.44;0.44007426500320435;0.54;0.5249859690666199;0.24;0.23936426639556885
0.3;0.29981815814971924;0.54;0.5370031595230103;0.4;0.400831937789917
0.52;0.5187946557998657;0.28;0.28415027260780334;0.3;0.3026362955570221
0.68;0.6779789924621582;0.2;0.20057429373264313;0.24;0.24882125854492188
0.28;0.2802981734275818;0.44;0.4365265965461731;0.38;0.38025015592575073
0.14;0.13688303530216217;0.3;0.2959553897380829;0.1;0.10620782524347305
0.22;0.22011226415634155;0.58;0.5736470818519592;0.32;0.32302072644233704
0.26;0.2597242295742035;0.4;0.39512282609939575;0.32;0.3283596932888031
0.5;0.5006218552589417;0.28;0.2773551344871521;0.28;0.28274551033973694
0.14;0.14268910884857178;0.16;0.1643856018781662;0.38;0.36860448122024536
0.2;0.20001502335071564;0.6;0.593986988067627;0.16;0.16041919589042664
0.12;0.11801087111234665;0.26;0.26621687412261963;0.48;0.476329505443573
0.56;0.5604744553565979;0.38;0.3867250978946686;0.42;0.4189963936805725
0.42;0.4206196069717407;0.12;0.11929171532392502;0.2;0.18850131332874298
0.14;0.1385936737060547;0.16;0.171806201338768;0.5;0.47799795866012573
0.3;0.29993125796318054;0.68;0.6631925106048584;0.42;0.4129558503627777
0.1;0.09996191412210464;0.86;0.866327702999115;0.2;0.198311448097229
0.12;0.1110982745885849;0.1;0.12061379849910736;0.22;0.10951562970876694
0.52;0.5219394564628601;0.26;0.2570526599884033;0.5;0.49623361229896545
0.6;0.6090914011001587;0.14;0.13293707370758057;0.12;0.13258038461208344
0.8;0.7968055009841919;0.1;0.10118310153484344;0.26;0.25182977318763733
0.18;0.1796509176492691;0.1;0.10423058271408081;0.12;0.10605406761169434
0.12;0.11456546187400818;0.16;0.15779544413089752;0.3;0.3173091411590576
0.24;0.23896805942058563;0.34;0.3522021174430847;0.22;0.2306526154279709
0.22;0.2200811356306076;0.74;0.7493685483932495;0.22;0.21935658156871796
0.38;0.3800935745239258;0.38;0.3886528015136719;0.28;0.2841185927391052
0.24;0.23752014338970184;0.1;0.10380773991346359;0.26;0.25480225682258606
0.46;0.4602661728858948;0.36;0.3662702441215515;0.3;0.3024705648422241
0.1;0.10307445377111435;0.1;0.09999862313270569;0.16;0.17368333041667938
0.44;0.4349237382411957;0.1;0.10694864392280579;0.2;0.17923560738563538
0.62;0.6196836233139038;0.22;0.21640917658805847;0.42;0.4243776202201843
0.44;0.44003716111183167;0.34;0.34134382009506226;0.46;0.4617832601070404
0.16;0.15883909165859222;0.52;0.5112246870994568;0.5;0.4856991767883301
0.22;0.222913458943367;0.28;0.2814815938472748;0.22;0.21321821212768555
0.1;0.10040106624364853;0.62;0.6163066029548645;0.36;0.35024040937423706
0.24;0.23998557031154633;0.68;0.6876968145370483;0.14;0.13848623633384705
0.2;0.19304527342319489;0.28;0.2847881615161896;0.42;0.4338720738887787
0.7;0.6981011629104614;0.22;0.2227582186460495;0.48;0.48596876859664917
0.22;0.22062525153160095;0.54;0.5425071120262146;0.18;0.18336692452430725
0.44;0.4385378658771515;0.16;0.1585654616355896;0.36;0.3603987395763397
0.64;0.6395153999328613;0.28;0.298264741897583;0.14;0.14168594777584076
0.1;0.0966489166021347;0.1;0.10306570678949356;0.28;0.25552862882614136
0.34;0.3385782539844513;0.12;0.11800169199705124;0.28;0.2821826636791229
0.42;0.4182021915912628;0.28;0.3073118031024933;0.16;0.17084261775016785
0.28;0.28176459670066833;0.58;0.5703546404838562;0.14;0.13804061710834503
0.44;0.44001805782318115;0.42;0.41443535685539246;0.34;0.3357149660587311
0.2;0.20510908961296082;0.16;0.16199320554733276;0.14;0.13975048065185547
0.3;0.2976377606391907;0.3;0.29407310485839844;0.44;0.44347572326660156
0.44;0.4398975670337677;0.48;0.48192086815834045;0.42;0.4182056486606598
0.1;0.10031227022409439;0.58;0.5738140940666199;0.32;0.314682275056839
0.48;0.4795260429382324;0.46;0.4687860906124115;0.42;0.4212585985660553
0.34;0.3398575782775879;0.48;0.4789526164531708;0.4;0.4001629948616028
0.22;0.22017942368984222;0.72;0.7110215425491333;0.16;0.15202641487121582
0.48;0.47840943932533264;0.16;0.1621917188167572;0.24;0.24143514037132263
0.24;0.23952430486679077;0.64;0.6407861113548279;0.14;0.13657443225383759
0.28;0.280040442943573;0.52;0.5253395438194275;0.26;0.264322429895401
0.34;0.34096720814704895;0.4;0.3971823453903198;0.26;0.2649264633655548
0.56;0.5606647729873657;0.4;0.41356152296066284;0.3;0.3035208582878113
0.16;0.1592990607023239;0.18;0.17814049124717712;0.36;0.36511319875717163
0.52;0.5270856022834778;0.12;0.11545802652835846;0.22;0.23256035149097443
0.4;0.4001118838787079;0.54;0.54831463098526;0.22;0.21861834824085236
0.1;0.10775058716535568;0.18;0.17874115705490112;0.18;0.19025376439094543
0.76;0.7541654109954834;0.14;0.14131046831607819;0.14;0.13007500767707825
0.18;0.17724159359931946;0.26;0.26365140080451965;0.24;0.24294862151145935
0.38;0.38005387783050537;0.48;0.47722870111465454;0.32;0.32278206944465637
0.1;0.10026450455188751;0.44;0.44004637002944946;0.38;0.38601696491241455
0.38;0.37530821561813354;0.28;0.2699959874153137;0.12;0.13170626759529114
0.12;0.1209598109126091;0.44;0.44218048453330994;0.3;0.29871708154678345
0.1;0.09986086934804916;0.18;0.19417747855186462;0.5;0.4581325650215149
0.48;0.49117612838745117;0.18;0.17085638642311096;0.1;0.11505772918462753
0.54;0.5382859706878662;0.18;0.18494413793087006;0.32;0.32453587651252747
0.24;0.24329766631126404;0.24;0.24618257582187653;0.16;0.1523609161376953
0.74;0.7421048879623413;0.24;0.22148534655570984;0.38;0.3856014609336853
0.64;0.6515932679176331;0.14;0.12416426837444305;0.1;0.12859535217285156
0.1;0.10080602020025253;0.74;0.7489175796508789;0.1;0.0996367558836937
0.34;0.34475114941596985;0.12;0.11706167459487915;0.24;0.25486016273498535
0.14;0.13966836035251617;0.52;0.5106149911880493;0.26;0.26161283254623413
0.3;0.2992880940437317;0.14;0.14012262225151062;0.3;0.30390188097953796
0.76;0.757582426071167;0.14;0.14026573300361633;0.18;0.17476651072502136
0.36;0.35842058062553406;0.22;0.21165797114372253;0.16;0.15617488324642181
0.16;0.15936872363090515;0.38;0.38375014066696167;0.32;0.3208011984825134
0.14;0.14103463292121887;0.42;0.4205276668071747;0.2;0.19878235459327698
0.48;0.4808002710342407;0.36;0.3664860129356384;0.28;0.2839358448982239
0.46;0.4596821963787079;0.34;0.34462910890579224;0.22;0.22763970494270325
0.16;0.15911148488521576;0.26;0.26392337679862976;0.26;0.26512598991394043
0.56;0.5602721571922302;0.42;0.39548778533935547;0.1;0.10184303671121597
0.72;0.7202814817428589;0.24;0.2491462081670761;0.1;0.10281328856945038
0.48;0.4881235361099243;0.24;0.2286367118358612;0.12;0.1466531753540039
0.2;0.19986002147197723;0.2;0.1938364952802658;0.44;0.42383378744125366
0.22;0.21886944770812988;0.14;0.14144915342330933;0.48;0.47360214591026306
0.28;0.2807678282260895;0.64;0.6432744264602661;0.18;0.17609408497810364
0.1;0.10329436510801315;0.34;0.334150105714798;0.26;0.26070988178253174
0.36;0.36077243089675903;0.52;0.5253876447677612;0.32;0.32411855459213257
0.44;0.4400966763496399;0.44;0.44248420000076294;0.24;0.23986920714378357
0.32;0.32012808322906494;0.66;0.6427962183952332;0.46;0.45270758867263794
0.16;0.16002710163593292;0.24;0.2381667047739029;0.4;0.4074711799621582
0.5;0.4914151430130005;0.1;0.10247820615768433;0.2;0.17335927486419678
0.54;0.5399214625358582;0.42;0.4295084476470947;0.38;0.3792584538459778
0.46;0.459962397813797;0.46;0.44919493794441223;0.32;0.3199695646762848
0.36;0.35980474948883057;0.44;0.428582102060318;0.18;0.18683646619319916
0.38;0.34788376092910767;0.1;0.13091501593589783;0.1;0.10152062028646469
0.26;0.260052889585495;0.62;0.617210328578949;0.46;0.4434540271759033
0.4;0.4006727933883667;0.24;0.24416840076446533;0.26;0.26485419273376465
0.26;0.2558194696903229;0.2;0.20587797462940216;0.24;0.22493115067481995
0.26;0.257010281085968;0.22;0.2193816751241684;0.28;0.2843615412712097
0.7;0.6909493207931519;0.1;0.10567948967218399;0.34;0.28100305795669556
0.8;0.7993789911270142;0.18;0.16457505524158478;0.18;0.19495147466659546
0.36;0.36011531949043274;0.32;0.3206946849822998;0.26;0.26053062081336975
0.2;0.20501841604709625;0.18;0.1716165691614151;0.34;0.3763236701488495
0.58;0.5763134360313416;0.2;0.20688407123088837;0.28;0.26909139752388
0.4;0.4001898467540741;0.46;0.44898033142089844;0.22;0.2237507402896881
0.68;0.6821435689926147;0.14;0.14033988118171692;0.42;0.43349552154541016
0.34;0.33930882811546326;0.46;0.4481825530529022;0.16;0.16169798374176025
0.32;0.3198235034942627;0.36;0.3582106828689575;0.46;0.4569922089576721
0.38;0.3797735869884491;0.54;0.5408275127410889;0.42;0.4111238420009613
0.3;0.2992710471153259;0.38;0.42001253366470337;0.12;0.12269165366888046
0.38;0.38347724080085754;0.14;0.14453285932540894;0.24;0.2288738489151001
0.16;0.1603049486875534;0.62;0.6146450638771057;0.42;0.4294346868991852
0.12;0.11870580911636353;0.3;0.31117403507232666;0.38;0.374328076839447
0.5;0.5006197690963745;0.44;0.4424227476119995;0.48;0.480318158864975
0.7;0.6972503662109375;0.18;0.18449963629245758;0.38;0.3813179135322571
0.26;0.26001641154289246;0.16;0.16117113828659058;0.2;0.21003437042236328
0.28;0.2799529433250427;0.16;0.1546781212091446;0.28;0.2645086646080017
0.18;0.1805669665336609;0.68;0.6799671649932861;0.34;0.34358906745910645
0.28;0.2801927328109741;0.54;0.5271705389022827;0.34;0.3405446410179138
0.44;0.4400458037853241;0.48;0.4896019697189331;0.14;0.14022162556648254
0.28;0.27995675802230835;0.48;0.48173806071281433;0.46;0.4545873701572418
0.42;0.4178315997123718;0.3;0.3276943564414978;0.1;0.10086473077535629
0.26;0.25890523195266724;0.46;0.46463140845298767;0.14;0.14366085827350616
0.56;0.5599388480186462;0.14;0.14876355230808258;0.3;0.2835771143436432
0.42;0.4194421172142029;0.4;0.40790554881095886;0.16;0.1605803221464157
0.58;0.5777238607406616;0.22;0.22307465970516205;0.16;0.16068778932094574
0.26;0.26004281640052795;0.64;0.6378834247589111;0.44;0.4434245228767395
0.44;0.4401179552078247;0.48;0.47785744071006775;0.48;0.4822627902030945
0.14;0.14023059606552124;0.72;0.7140583992004395;0.48;0.47755035758018494
0.3;0.29427585005760193;0.16;0.16158317029476166;0.12;0.11324988305568695
0.34;0.33895963430404663;0.32;0.32694652676582336;0.12;0.1239352822303772
0.1;0.1013108566403389;0.52;0.5170664191246033;0.3;0.30155232548713684
0.1;0.10050448775291443;0.72;0.7173144817352295;0.18;0.18773244321346283
0.56;0.5601292848587036;0.36;0.36680448055267334;0.48;0.48341894149780273
0.1;0.10078750550746918;0.16;0.1698114424943924;0.5;0.4405747056007385
0.46;0.46123212575912476;0.36;0.3592614233493805;0.44;0.4370061755180359
0.46;0.45337337255477905;0.1;0.09932921081781387;0.16;0.15705344080924988
0.12;0.11542209982872009;0.28;0.2829769253730774;0.2;0.19559042155742645
0.46;0.4613783657550812;0.2;0.19400259852409363;0.22;0.22963090240955353
0.32;0.3216882050037384;0.14;0.13711415231227875;0.16;0.14890936017036438
0.12;0.11756396293640137;0.22;0.22211776673793793;0.36;0.36121129989624023
0.38;0.3796910047531128;0.56;0.5752519369125366;0.16;0.1605963259935379
0.34;0.3401384651660919;0.62;0.6241092085838318;0.44;0.4418416917324066
0.16;0.15656517446041107;0.1;0.09948184341192245;0.28;0.29078441858291626
0.12;0.11949439346790314;0.76;0.7654972672462463;0.32;0.31630954146385193
0.26;0.25707516074180603;0.3;0.306175172328949;0.48;0.47298288345336914
0.52;0.5216959118843079;0.12;0.12126810848712921;0.28;0.2770233750343323
0.74;0.7419734001159668;0.24;0.21811166405677795;0.34;0.3373194634914398
0.34;0.3396593928337097;0.46;0.44644036889076233;0.18;0.1902560442686081
0.52;0.519965648651123;0.42;0.4173038899898529;0.22;0.21990923583507538
0.26;0.2609080672264099;0.42;0.4445344805717468;0.18;0.18661066889762878
0.58;0.5780670046806335;0.2;0.2011861503124237;0.4;0.3879067301750183
0.56;0.5581914782524109;0.22;0.23582731187343597;0.18;0.17761847376823425
0.28;0.2800501883029938;0.22;0.21651825308799744;0.38;0.3843522071838379
0.1;0.09961031377315521;0.56;0.5566138625144958;0.42;0.42178669571876526
0.18;0.18188808858394623;0.42;0.41445502638816833;0.1;0.0990033894777298
0.14;0.13987016677856445;0.36;0.3569280505180359;0.48;0.4833041727542877
0.42;0.4199773371219635;0.42;0.4281154274940491;0.12;0.12087013572454453
0.1;0.09993459284305573;0.82;0.8573581576347351;0.5;0.5007981061935425
0.32;0.3194969892501831;0.42;0.42417827248573303;0.38;0.3854086995124817
0.72;0.7189215421676636;0.2;0.20600712299346924;0.2;0.1981145143508911
0.3;0.2999033033847809;0.48;0.4822090268135071;0.38;0.3872334957122803
0.22;0.22000710666179657;0.44;0.43738657236099243;0.38;0.38330766558647156
0.26;0.2594255805015564;0.36;0.35895034670829773;0.34;0.3420983850955963
0.1;0.09958203136920929;0.56;0.5606200695037842;0.12;0.11969377100467682
0.54;0.5324869751930237;0.16;0.16945619881153107;0.12;0.11110793054103851
0.3;0.30035918951034546;0.38;0.38270941376686096;0.26;0.26282915472984314
0.24;0.24016480147838593;0.7;0.7109789848327637;0.16;0.1556936353445053
0.14;0.13599391281604767;0.84;0.7402766942977905;0.5;0.48902463912963867
0.38;0.37988606095314026;0.54;0.5333547592163086;0.3;0.30127453804016113
0.14;0.13848821818828583;0.42;0.4208144545555115;0.26;0.26532143354415894
0.66;0.6603056192398071;0.24;0.24468305706977844;0.34;0.3365277647972107
0.38;0.3790490925312042;0.24;0.24115075170993805;0.32;0.3049536347389221
0.24;0.24020639061927795;0.2;0.2186906486749649;0.5;0.4724840521812439
0.76;0.7605959177017212;0.2;0.21044008433818817;0.3;0.2987237572669983
0.52;0.5206078886985779;0.34;0.33420631289482117;0.4;0.40360069274902344
0.28;0.280040442943573;0.64;0.6394488215446472;0.34;0.33645790815353394
0.82;0.8210123777389526;0.1;0.1197609230875969;0.2;0.17590871453285217
0.34;0.33990830183029175;0.36;0.3630564212799072;0.32;0.3273301124572754
0.18;0.17995229363441467;0.54;0.5482815504074097;0.34;0.3425820767879486
0.22;0.21109744906425476;0.32;0.33770325779914856;0.5;0.46828874945640564
0.54;0.5390185117721558;0.22;0.23091135919094086;0.4;0.38254791498184204
0.86;0.8606749773025513;0.1;0.11095675826072693;0.1;0.10757340490818024
0.44;0.44653600454330444;0.18;0.17846715450286865;0.2;0.2002970278263092
0.56;0.5590020418167114;0.34;0.3504103720188141;0.26;0.2621819078922272
0.66;0.6622476577758789;0.16;0.15455272793769836;0.2;0.21467824280261993
0.24;0.2402847409248352;0.5;0.5018505454063416;0.38;0.3754541575908661
0.38;0.3809518814086914;0.52;0.5097673535346985;0.5;0.4986085295677185
0.54;0.5379018187522888;0.12;0.11740950495004654;0.16;0.1616964042186737
0.32;0.3199850916862488;0.34;0.3391556739807129;0.4;0.406230628490448
0.12;0.11989010870456696;0.82;0.8159027695655823;0.38;0.3871246576309204
0.26;0.25981730222702026;0.46;0.4577438235282898;0.2;0.203470379114151
0.6;0.5991284251213074;0.24;0.2303214818239212;0.38;0.3845003545284271
0.34;0.3400060534477234;0.12;0.11896151304244995;0.36;0.35270053148269653
0.28;0.2797023057937622;0.4;0.4064336121082306;0.2;0.2085602581501007
0.44;0.4425887167453766;0.32;0.3448474109172821;0.1;0.1020270586013794
0.56;0.5592265129089355;0.3;0.2964307367801666;0.16;0.15476684272289276
0.24;0.23445402085781097;0.22;0.23264889419078827;0.16;0.1515531688928604
0.66;0.6609377264976501;0.32;0.2966545820236206;0.3;0.29498451948165894
0.68;0.6719281077384949;0.1;0.11849825829267502;0.36;0.3034292757511139
0.44;0.44008830189704895;0.32;0.32829827070236206;0.18;0.18512441217899323
0.28;0.2795668840408325;0.62;0.6384239792823792;0.14;0.13703295588493347
0.1;0.10246939957141876;0.26;0.24834546446800232;0.46;0.46720609068870544
0.38;0.3802301287651062;0.42;0.4086025059223175;0.16;0.15630720555782318
0.32;0.32088398933410645;0.42;0.43909212946891785;0.16;0.1731209009885788
0.14;0.13777467608451843;0.2;0.19971796870231628;0.14;0.1433965414762497
0.7;0.6917839050292969;0.1;0.10718219727277756;0.28;0.2733551561832428
0.2;0.19953244924545288;0.76;0.7413527369499207;0.34;0.33437150716781616
0.14;0.139501690864563;0.7;0.6902062892913818;0.1;0.09940427541732788
0.42;0.420573353767395;0.34;0.34221354126930237;0.3;0.3084155321121216
0.22;0.217794731259346;0.56;0.5494934916496277;0.42;0.41270655393600464
0.18;0.17933602631092072;0.8;0.7812111973762512;0.32;0.3198016583919525
0.7;0.7072053551673889;0.12;0.11734692752361298;0.38;0.3352077603340149
0.54;0.5406845211982727;0.34;0.3374953269958496;0.34;0.3410626947879791
0.12;0.12507101893424988;0.38;0.3735473155975342;0.22;0.228382870554924
0.5;0.49926847219467163;0.3;0.29759591817855835;0.18;0.18612276017665863
0.2;0.20000039041042328;0.58;0.5835382342338562;0.42;0.4285174310207367
0.22;0.2241540551185608;0.28;0.27671313285827637;0.18;0.18644511699676514
0.12;0.12172471731901169;0.26;0.256699800491333;0.46;0.47863712906837463
0.34;0.33971643447875977;0.5;0.4869286119937897;0.32;0.3197459280490875
0.36;0.3608133792877197;0.62;0.600135087966919;0.14;0.13905316591262817
0.12;0.1190115213394165;0.5;0.5011423230171204;0.42;0.4272690713405609
0.62;0.6196163892745972;0.22;0.21524891257286072;0.22;0.22195962071418762
0.68;0.6801782250404358;0.2;0.20300094783306122;0.22;0.22365720570087433
0.3;0.29984164237976074;0.52;0.5197804570198059;0.4;0.3906751275062561
0.14;0.14077642560005188;0.32;0.32346311211586;0.32;0.31631940603256226
0.38;0.3801838457584381;0.38;0.3922845423221588;0.24;0.2343505322933197
0.4;0.40079906582832336;0.58;0.5601860880851746;0.2;0.1975903958082199
0.34;0.34016555547714233;0.54;0.554512619972229;0.44;0.4402290880680084
0.16;0.1610931158065796;0.54;0.539387047290802;0.34;0.336603045463562
0.16;0.15819640457630157;0.52;0.5405692458152771;0.12;0.11945197731256485
0.12;0.09821975976228714;0.1;0.12558870017528534;0.3;0.2418852150440216
0.28;0.2782715857028961;0.22;0.21514637768268585;0.4;0.4087325930595398
0.36;0.3571697175502777;0.1;0.10148116201162338;0.34;0.33366137742996216
0.64;0.6395022869110107;0.32;0.33563047647476196;0.42;0.4183254837989807
0.16;0.16224342584609985;0.48;0.4830893278121948;0.14;0.15266914665699005
0.26;0.25789982080459595;0.16;0.15871724486351013;0.38;0.3903614580631256
0.2;0.20011596381664276;0.1;0.11469213664531708;0.5;0.45252084732055664
0.34;0.33991923928260803;0.44;0.4420997202396393;0.32;0.3263244032859802
0.44;0.44340839982032776;0.22;0.25541573762893677;0.48;0.43913954496383667
0.3;0.3019612431526184;0.32;0.3072488307952881;0.28;0.31401389837265015
0.48;0.47682613134384155;0.16;0.1649046242237091;0.48;0.4537391662597656
0.16;0.1606539487838745;0.24;0.23732055723667145;0.16;0.16735416650772095
0.36;0.3564235270023346;0.18;0.18032461404800415;0.26;0.26429229974746704
0.62;0.6201368570327759;0.24;0.23844270408153534;0.48;0.4801931381225586
0.34;0.3401384651660919;0.6;0.6199171543121338;0.44;0.44166794419288635
0.24;0.24192890524864197;0.38;0.38577085733413696;0.12;0.1267218291759491
0.7;0.608689546585083;0.14;0.13009445369243622;0.48;0.4519971013069153
0.4;0.40031901001930237;0.34;0.33719441294670105;0.44;0.43069466948509216
0.8;0.8048410415649414;0.12;0.11508233100175858;0.46;0.46025151014328003
0.28;0.2793789803981781;0.16;0.15607456862926483;0.34;0.3298226594924927
0.28;0.27775922417640686;0.36;0.36630088090896606;0.1;0.10404640436172485
0.12;0.12056545913219452;0.78;0.7810748219490051;0.22;0.2265959233045578
0.42;0.4181991219520569;0.12;0.11842138320207596;0.26;0.25599151849746704
0.22;0.22000350058078766;0.58;0.57492595911026;0.3;0.3104172348976135
0.38;0.38040199875831604;0.36;0.3793866038322449;0.12;0.1198355108499527
0.46;0.4600662291049957;0.5;0.5128839015960693;0.1;0.10127965360879898
0.66;0.642516016960144;0.14;0.14738480746746063;0.2;0.21954211592674255
0.58;0.5802909731864929;0.34;0.34476545453071594;0.26;0.25794023275375366
0.46;0.45933157205581665;0.18;0.18027029931545258;0.44;0.4418911933898926
0.26;0.25928544998168945;0.46;0.4581771194934845;0.5;0.47412508726119995
0.8;0.7973092794418335;0.1;0.12234041839838028;0.14;0.11942406743764877
0.4;0.3999798595905304;0.52;0.5209786891937256;0.28;0.27838584780693054
0.44;0.4400412142276764;0.42;0.4131343364715576;0.32;0.3281993865966797
0.16;0.16024138033390045;0.42;0.41964584589004517;0.42;0.4196157455444336
0.44;0.4415360689163208;0.3;0.32466766238212585;0.1;0.10068187862634659
0.2;0.202468603849411;0.3;0.3098248541355133;0.2;0.19083964824676514
0.46;0.4605216085910797;0.3;0.3001304566860199;0.4;0.40023618936538696
0.28;0.28333568572998047;0.16;0.16786636412143707;0.5;0.471403032541275
0.16;0.161309152841568;0.16;0.15335135161876678;0.28;0.2871171534061432
0.22;0.22647012770175934;0.34;0.31172293424606323;0.36;0.3965153098106384
0.1;0.0993896871805191;0.78;0.7847883701324463;0.16;0.16331878304481506
0.4;0.4006569981575012;0.16;0.1579992026090622;0.36;0.35881301760673523
0.46;0.46052441000938416;0.52;0.5019321441650391;0.5;0.4980650842189789
0.12;0.12084605544805527;0.74;0.7401496767997742;0.26;0.2510833144187927
0.26;0.26068541407585144;0.4;0.4033333659172058;0.18;0.1847676932811737
0.18;0.17729893326759338;0.34;0.33481746912002563;0.28;0.29196697473526
0.26;0.2599927484989166;0.66;0.6546986103057861;0.36;0.36106163263320923
0.36;0.3600616455078125;0.62;0.5904316306114197;0.16;0.15596270561218262
0.4;0.400468111038208;0.42;0.42167720198631287;0.18;0.18002529442310333
0.16;0.16040487587451935;0.56;0.5587605237960815;0.36;0.34177443385124207
0.48;0.48041054606437683;0.4;0.4041462242603302;0.42;0.4170582890510559
0.12;0.11924926936626434;0.66;0.6654402017593384;0.12;0.11896071583032608
0.7;0.7041566371917725;0.12;0.12408581376075745;0.42;0.41726869344711304
0.46;0.458114355802536;0.28;0.2861505150794983;0.2;0.19803699851036072
0.26;0.25998935103416443;0.68;0.6936609148979187;0.44;0.4403854310512543
0.4;0.3999711573123932;0.3;0.3007386326789856;0.34;0.34043946862220764
0.64;0.6362162232398987;0.26;0.27996811270713806;0.14;0.13832657039165497
0.72;0.7180482745170593;0.2;0.2107437402009964;0.38;0.3833010792732239
0.18;0.1762116551399231;0.3;0.3104662299156189;0.28;0.2761775553226471
0.36;0.3604298233985901;0.24;0.23682989180088043;0.42;0.418407142162323
0.44;0.43771547079086304;0.22;0.23942899703979492;0.5;0.4601481556892395
0.52;0.5221812725067139;0.2;0.2020130306482315;0.36;0.3799841105937958
0.12;0.11918427050113678;0.34;0.34441718459129333;0.12;0.12288378179073334
0.44;0.4402993321418762;0.5;0.4824548363685608;0.1;0.10156075656414032
0.5;0.4989282488822937;0.34;0.33844175934791565;0.3;0.29619041085243225
0.14;0.14027878642082214;0.48;0.4808614253997803;0.4;0.409188836812973
0.2;0.20375405251979828;0.2;0.20409710705280304;0.18;0.18397629261016846
0.38;0.380071759223938;0.46;0.46141600608825684;0.3;0.3015461564064026
0.28;0.27577924728393555;0.26;0.27251145243644714;0.48;0.46176180243492126
0.86;0.862409770488739;0.1;0.1194554939866066;0.12;0.11687624454498291
0.36;0.3602010905742645;0.62;0.598353385925293;0.3;0.2990434169769287
0.18;0.17740735411643982;0.16;0.1682860404253006;0.2;0.17343445122241974
0.16;0.15986846387386322;0.72;0.6988474726676941;0.2;0.20547029376029968
0.12;0.12039458006620407;0.36;0.36448198556900024;0.32;0.32283324003219604
0.66;0.6602975130081177;0.24;0.23856520652770996;0.42;0.4207107424736023
0.1;0.10041403770446777;0.76;0.7563949823379517;0.32;0.3154338598251343
0.16;0.16237246990203857;0.16;0.1611502319574356;0.38;0.3880254328250885
0.36;0.3635209798812866;0.24;0.22685874998569489;0.14;0.138448566198349
0.46;0.45963674783706665;0.36;0.350631445646286;0.5;0.4882308542728424
0.3;0.29885706305503845;0.4;0.4396360516548157;0.16;0.16322603821754456
0.56;0.5602412819862366;0.34;0.339020699262619;0.48;0.4829859733581543
0.8;0.7993656992912292;0.18;0.16616390645503998;0.2;0.21068520843982697
0.16;0.1608162671327591;0.4;0.3988913893699646;0.32;0.3203316330909729
0.28;0.27746206521987915;0.28;0.2843277156352997;0.18;0.18550944328308105
0.54;0.540032148361206;0.28;0.27200159430503845;0.32;0.3195188343524933
0.54;0.5399542450904846;0.3;0.299174040555954;0.32;0.31972047686576843
0.48;0.4794025123119354;0.34;0.3413768410682678;0.34;0.34245017170906067
0.24;0.2405511438846588;0.58;0.5710546374320984;0.5;0.4679230749607086
0.2;0.2037571221590042;0.22;0.21659600734710693;0.36;0.37355250120162964
0.24;0.23907998204231262;0.52;0.5249272584915161;0.3;0.31056731939315796
0.64;0.6395452618598938;0.32;0.3375393748283386;0.5;0.5000569820404053
0.24;0.23995089530944824;0.62;0.623038649559021;0.32;0.30506759881973267
0.62;0.6202681064605713;0.34;0.3450547158718109;0.38;0.37995362281799316
0.26;0.2579405605792999;0.12;0.138046994805336;0.5;0.44743776321411133
0.76;0.7606478929519653;0.22;0.2047956883907318;0.4;0.4017446041107178
0.28;0.27989378571510315;0.42;0.41806307435035706;0.48;0.47410479187965393
0.28;0.2808714807033539;0.46;0.4553641676902771;0.46;0.45635443925857544
0.46;0.46026888489723206;0.46;0.4671676754951477;0.16;0.16007788479328156
0.1;0.1001507118344307;0.76;0.7650216221809387;0.44;0.42910832166671753
0.12;0.11958695203065872;0.3;0.30128976702690125;0.3;0.30529946088790894
0.22;0.21986395120620728;0.68;0.6833400726318359;0.36;0.3659900426864624
0.3;0.3000204563140869;0.66;0.6618931293487549;0.36;0.3551188111305237
0.26;0.25997886061668396;0.52;0.5225006341934204;0.34;0.33860689401626587
0.38;0.37997883558273315;0.48;0.47608664631843567;0.42;0.40291985869407654
0.44;0.44093284010887146;0.34;0.3491954207420349;0.14;0.1430761069059372
0.32;0.320097953081131;0.46;0.46033480763435364;0.3;0.30814534425735474
0.74;0.7367435097694397;0.14;0.1457829773426056;0.32;0.31450724601745605
0.66;0.6602672934532166;0.2;0.19962452352046967;0.22;0.2194596529006958
0.4;0.39994698762893677;0.48;0.48439595103263855;0.4;0.40665167570114136
0.36;0.3600277304649353;0.5;0.49939092993736267;0.38;0.36896127462387085
0.66;0.63402259349823;0.1;0.1011977344751358;0.46;0.4328211843967438
0.38;0.3797208070755005;0.6;0.5805121064186096;0.42;0.41914311051368713
0.6;0.6003077030181885;0.34;0.3487854599952698;0.18;0.18039822578430176
0.6;0.6011919975280762;0.34;0.34594568610191345;0.5;0.5001670718193054
0.38;0.3799242079257965;0.46;0.46216973662376404;0.34;0.32854950428009033
0.3;0.3004330098628998;0.28;0.28323400020599365;0.34;0.3519243001937866
0.36;0.3608798682689667;0.24;0.23768435418605804;0.28;0.2800998091697693
0.14;0.14090560376644135;0.34;0.33690810203552246;0.3;0.3085556626319885
0.28;0.27996715903282166;0.7;0.6862558722496033;0.36;0.3555445969104767
0.36;0.3582148253917694;0.12;0.12255816906690598;0.48;0.480569452047348
0.72;0.7237057685852051;0.26;0.23224425315856934;0.14;0.14206108450889587
0.68;0.677453339099884;0.1;0.10242589563131332;0.12;0.1044866070151329
0.16;0.16423596441745758;0.26;0.2557692229747772;0.22;0.2273157835006714
0.14;0.14291751384735107;0.32;0.3192106783390045;0.28;0.28860536217689514
0.5;0.500918984413147;0.42;0.43109390139579773;0.12;0.11925716698169708
0.32;0.3200233578681946;0.5;0.494631290435791;0.24;0.24743857979774475
0.4;0.4010619819164276;0.18;0.1813308298587799;0.44;0.41779154539108276
0.36;0.3600488007068634;0.2;0.20138593018054962;0.38;0.36493366956710815
0.38;0.38000521063804626;0.44;0.4345038831233978;0.36;0.3640816807746887
0.86;0.8594588041305542;0.1;0.12220069766044617;0.48;0.4653790593147278
0.52;0.516603410243988;0.24;0.24737894535064697;0.32;0.31856459379196167
0.3;0.301792174577713;0.22;0.2242603451013565;0.24;0.23715047538280487
0.2;0.2031574696302414;0.12;0.11582416296005249;0.26;0.25868648290634155
0.68;0.6799569725990295;0.24;0.23949234187602997;0.22;0.22185349464416504
0.1;0.10017655789852142;0.54;0.5447688698768616;0.36;0.36325007677078247
0.48;0.4806036651134491;0.34;0.343754380941391;0.24;0.24271345138549805
0.16;0.16076745092868805;0.32;0.3165658414363861;0.34;0.3410574197769165
0.68;0.6808170676231384;0.24;0.2477891445159912;0.24;0.23721833527088165
0.24;0.23993654549121857;0.7;0.7125267386436462;0.4;0.3973430395126343
0.78;0.7765709757804871;0.1;0.1410701423883438;0.42;0.3926575183868408
0.26;0.25936034321784973;0.42;0.4189664125442505;0.44;0.43715423345565796
0.38;0.3812065124511719;0.44;0.44168567657470703;0.2;0.2003888636827469
0.78;0.7797592878341675;0.18;0.1974356770515442;0.32;0.32229650020599365
0.52;0.5163929462432861;0.1;0.10552452504634857;0.48;0.45174065232276917
0.8;0.804603636264801;0.12;0.12055769562721252;0.44;0.44647398591041565
0.5;0.4991702735424042;0.24;0.2592242658138275;0.24;0.23657271265983582
0.44;0.45079898834228516;0.22;0.21838954091072083;0.12;0.12746065855026245
0.2;0.2005990743637085;0.22;0.21559925377368927;0.18;0.1739102005958557
0.24;0.23964576423168182;0.36;0.3899467885494232;0.18;0.26031494140625
0.46;0.46074238419532776;0.48;0.4808858335018158;0.22;0.22021262347698212
0.44;0.43997013568878174;0.54;0.5254459977149963;0.36;0.3595408797264099
0.32;0.3224031627178192;0.12;0.11914559453725815;0.28;0.2793693542480469
0.38;0.3802255094051361;0.46;0.4525911211967468;0.14;0.13712266087532043
0.2;0.20056593418121338;0.58;0.5833402276039124;0.28;0.2842558026313782
0.66;0.6577132940292358;0.22;0.23368209600448608;0.14;0.134131520986557
0.24;0.23703326284885406;0.74;0.7190832495689392;0.1;0.10228656232357025
0.6;0.599516749382019;0.24;0.23454119265079498;0.48;0.4860096573829651
0.4;0.4060726761817932;0.16;0.1591544896364212;0.18;0.1894182711839676
0.2;0.20000635087490082;0.74;0.7472091317176819;0.26;0.26321762800216675
0.24;0.2415018528699875;0.18;0.17973697185516357;0.1;0.12255523353815079
0.14;0.1387152522802353;0.14;0.1530163586139679;0.46;0.41493290662765503
0.46;0.4569132626056671;0.26;0.2632259130477905;0.32;0.31055164337158203
0.36;0.3598495125770569;0.48;0.4695116877555847;0.2;0.20685024559497833
0.24;0.23730100691318512;0.32;0.3121674060821533;0.46;0.4689982533454895
0.38;0.3805299401283264;0.32;0.3220751881599426;0.12;0.12010140717029572
0.58;0.5798799395561218;0.38;0.3864096403121948;0.2;0.1982547789812088
0.14;0.13986186683177948;0.28;0.28743937611579895;0.18;0.18789534270763397
0.32;0.32004067301750183;0.6;0.6030558347702026;0.2;0.1979115903377533
0.22;0.22017700970172882;0.76;0.7185310125350952;0.16;0.1517481505870819
0.1;0.09980175644159317;0.4;0.4052765965461731;0.28;0.3056059777736664
0.68;0.6814731955528259;0.12;0.12102560698986053;0.2;0.1831367015838623
0.48;0.4776119887828827;0.16;0.1625082790851593;0.38;0.3714441955089569
0.3;0.2997966706752777;0.56;0.5629292726516724;0.38;0.38780128955841064
0.34;0.3418740928173065;0.18;0.17330805957317352;0.18;0.18027113378047943
0.32;0.32115277647972107;0.1;0.10201586037874222;0.4;0.3960908055305481
0.62;0.6308263540267944;0.18;0.17306631803512573;0.34;0.36956486105918884
0.54;0.5365299582481384;0.24;0.2502676248550415;0.16;0.16052278876304626
0.38;0.3796483278274536;0.54;0.5357232689857483;0.18;0.17858031392097473
0.32;0.3189390003681183;0.26;0.2615854740142822;0.18;0.1567278355360031
0.34;0.33764877915382385;0.14;0.13235898315906525;0.36;0.3879939615726471
0.56;0.5590407848358154;0.34;0.3479141294956207;0.3;0.30242258310317993
0.7;0.7087924480438232;0.12;0.10877448320388794;0.34;0.33457785844802856
0.3;0.29665306210517883;0.22;0.22196350991725922;0.16;0.17626309394836426
0.58;0.5831398963928223;0.1;0.10310765355825424;0.38;0.3791106045246124
0.26;0.26168227195739746;0.32;0.3122982382774353;0.18;0.18299981951713562
0.26;0.26175370812416077;0.54;0.5438846945762634;0.1;0.10520623624324799
0.12;0.1186230257153511;0.58;0.5662328004837036;0.48;0.47690850496292114
0.18;0.17865332961082458;0.14;0.13439810276031494;0.3;0.3331065773963928
0.64;0.6404440402984619;0.18;0.18530933558940887;0.38;0.3739214837551117
0.54;0.5402399301528931;0.38;0.3761952519416809;0.28;0.2783238887786865
0.36;0.36299794912338257;0.28;0.27004319429397583;0.2;0.19471196830272675
0.36;0.35995733737945557;0.54;0.5381017327308655;0.44;0.4365918040275574
0.18;0.1799698919057846;0.6;0.6049607396125793;0.3;0.3080897033214569
0.36;0.3599274754524231;0.62;0.5988837480545044;0.42;0.40326422452926636
0.12;0.12084998935461044;0.4;0.4103681147098541;0.22;0.22262021899223328
0.1;0.11043394356966019;0.12;0.10441688448190689;0.34;0.3882688879966736
0.12;0.1200631633400917;0.8;0.8127240538597107;0.26;0.2557695508003235
0.22;0.2253049612045288;0.3;0.2883601486682892;0.28;0.28776901960372925
0.34;0.33968663215637207;0.52;0.5171815752983093;0.36;0.3671133518218994
0.1;0.10706736892461777;0.38;0.3725915551185608;0.5;0.4802037179470062
0.32;0.3241349458694458;0.16;0.15031971037387848;0.14;0.14490336179733276
0.64;0.641236424446106;0.1;0.10222753882408142;0.4;0.39288508892059326
0.32;0.32002395391464233;0.44;0.4516282379627228;0.1;0.10251633822917938
0.26;0.260334312915802;0.44;0.4366072416305542;0.24;0.2360817939043045
0.64;0.6391991376876831;0.24;0.23256580531597137;0.44;0.4408588409423828
0.3;0.30237945914268494;0.26;0.262218177318573;0.36;0.34920352697372437
0.34;0.3401925563812256;0.64;0.6192283034324646;0.36;0.36075371503829956
0.7;0.6960787773132324;0.16;0.16939063370227814;0.32;0.3122403919696808
0.32;0.3220358192920685;0.3;0.29415592551231384;0.24;0.25968608260154724
0.46;0.46031150221824646;0.34;0.3284875750541687;0.5;0.4884757995605469
0.22;0.2191227376461029;0.46;0.4685963988304138;0.12;0.12422958761453629
0.32;0.3192765712738037;0.32;0.32409602403640747;0.32;0.32281455397605896
0.2;0.2017686516046524;0.46;0.4927947521209717;0.1;0.10083272308111191
0.16;0.16013853251934052;0.76;0.7596710920333862;0.38;0.3801066279411316
0.1;0.10060799866914749;0.68;0.6809083819389343;0.3;0.2916506826877594
0.38;0.38000988960266113;0.32;0.32232141494750977;0.44;0.4477543830871582
0.32;0.32025980949401855;0.14;0.1394841969013214;0.46;0.4499852657318115
0.22;0.2202785611152649;0.66;0.6681082844734192;0.2;0.1981888711452484
0.5;0.4988255500793457;0.36;0.36023494601249695;0.28;0.2774833142757416
0.1;0.10082380473613739;0.68;0.6744958758354187;0.22;0.22949913144111633
0.24;0.24074484407901764;0.42;0.421347439289093;0.2;0.19975464046001434
0.34;0.34021812677383423;0.64;0.6176419854164124;0.22;0.2192259579896927
0.36;0.36008816957473755;0.56;0.5659403204917908;0.16;0.155142679810524
0.16;0.15921814739704132;0.34;0.33520713448524475;0.22;0.2245713174343109
0.28;0.27998676896095276;0.66;0.671833872795105;0.22;0.2177574634552002
0.46;0.4610402584075928;0.36;0.35215210914611816;0.48;0.47889894247055054
0.2;0.19988198578357697;0.12;0.12151659280061722;0.2;0.19699226319789886
0.14;0.14549612998962402;0.54;0.6010478138923645;0.1;0.10374259948730469
0.24;0.2399197220802307;0.7;0.718084990978241;0.2;0.19789019227027893
0.52;0.5130324363708496;0.24;0.2579062283039093;0.1;0.10495825111865997
0.12;0.1240386962890625;0.54;0.5378833413124084;0.32;0.3190716803073883
0.14;0.14571404457092285;0.16;0.15721632540225983;0.24;0.24325606226921082
0.14;0.1391810029745102;0.52;0.5191758871078491;0.5;0.49323123693466187
0.72;0.7223826050758362;0.14;0.14119984209537506;0.38;0.3618146479129791
0.58;0.5770682692527771;0.16;0.15774483978748322;0.2;0.18439637124538422
0.16;0.15721100568771362;0.16;0.1644006222486496;0.44;0.4146926999092102
0.38;0.3795812129974365;0.46;0.4656353294849396;0.24;0.23730985820293427
0.52;0.5199267268180847;0.42;0.4191872179508209;0.4;0.3984720706939697
0.26;0.25895780324935913;0.18;0.18115484714508057;0.14;0.14040036499500275
0.16;0.1601961851119995;0.42;0.41835638880729675;0.26;0.2630596160888672
0.3;0.2994343340396881;0.14;0.1359657198190689;0.12;0.13097912073135376
0.18;0.1900842785835266;0.36;0.34038692712783813;0.3;0.31462612748146057
0.42;0.4200604557991028;0.3;0.29933878779411316;0.36;0.36408984661102295
0.36;0.3601183593273163;0.42;0.44728177785873413;0.1;0.10395602881908417
0.62;0.6202503442764282;0.34;0.35373273491859436;0.22;0.2189372032880783
0.2;0.20055772364139557;0.48;0.490302175283432;0.26;0.2665344774723053
0.52;0.5190963745117188;0.28;0.2833530902862549;0.38;0.3812170624732971
0.62;0.6206537485122681;0.26;0.2676030397415161;0.5;0.49658411741256714
0.22;0.2190432995557785;0.26;0.2597978115081787;0.2;0.21340391039848328
0.1;0.10050718486309052;0.66;0.6588801145553589;0.12;0.11373349279165268
0.44;0.4478801190853119;0.16;0.15264692902565002;0.12;0.12262201309204102
0.5;0.4997534155845642;0.38;0.3814353346824646;0.14;0.13904735445976257
0.12;0.12147817015647888;0.6;0.6060057282447815;0.1;0.10066713392734528
0.14;0.14006507396697998;0.44;0.4388885796070099;0.28;0.28125742077827454
0.1;0.09991570562124252;0.56;0.5572690963745117;0.4;0.4015694558620453
0.3;0.30309343338012695;0.28;0.2845953404903412;0.18;0.16716516017913818
0.2;0.19933536648750305;0.44;0.4510505199432373;0.12;0.12813885509967804
0.24;0.24038369953632355;0.34;0.3398987352848053;0.4;0.3912648856639862
0.62;0.5922693610191345;0.16;0.1698591560125351;0.18;0.17842718958854675
0.46;0.4599205553531647;0.44;0.44549545645713806;0.28;0.27984410524368286
0.1;0.10032636672258377;0.8;0.8112178444862366;0.2;0.20088429749011993
0.28;0.27938327193260193;0.42;0.4191357493400574;0.34;0.3520471453666687
0.32;0.3193648159503937;0.56;0.5588076710700989;0.12;0.11892707645893097
0.56;0.5610846281051636;0.32;0.3348996937274933;0.36;0.36078423261642456
0.12;0.1167486160993576;0.22;0.2256905883550644;0.26;0.27014249563217163
0.14;0.14208225905895233;0.66;0.6602948904037476;0.48;0.47909849882125854
0.12;0.11963509023189545;0.82;0.8413024544715881;0.14;0.14089837670326233
0.7;0.7021362781524658;0.26;0.24579356610774994;0.48;0.4850529730319977
0.28;0.2800678014755249;0.64;0.6411585807800293;0.28;0.28194063901901245
0.56;0.5602819323539734;0.36;0.36435627937316895;0.28;0.28301501274108887
0.3;0.301335871219635;0.16;0.15904484689235687;0.36;0.37244486808776855
0.22;0.21986490488052368;0.44;0.4324745535850525;0.22;0.2196248471736908
0.28;0.2802094519138336;0.52;0.5138335227966309;0.34;0.33529096841812134
0.26;0.25984692573547363;0.52;0.5234577655792236;0.28;0.2889576554298401
0.1;0.10074591636657715;0.6;0.5943551063537598;0.32;0.31586742401123047
0.3;0.2998284101486206;0.42;0.43798553943634033;0.1;0.10241712629795074
0.1;0.10081738978624344;0.22;0.2247287482023239;0.46;0.4461022913455963
0.16;0.1552976816892624;0.2;0.20457130670547485;0.48;0.49501198530197144
0.28;0.2796770930290222;0.54;0.5393980145454407;0.44;0.4332435727119446
0.38;0.3795318603515625;0.24;0.2693162262439728;0.46;0.40823277831077576
0.76;0.7602182626724243;0.2;0.20272676646709442;0.42;0.4201028347015381
0.6;0.59771329164505;0.22;0.21934597194194794;0.22;0.21773485839366913
0.84;0.8351203799247742;0.12;0.13853463530540466;0.5;0.48809632658958435
0.34;0.3405623435974121;0.18;0.18228253722190857;0.3;0.2940562069416046
0.14;0.1430131494998932;0.52;0.5367894172668457;0.1;0.09957288205623627
0.22;0.22101306915283203;0.44;0.4434887170791626;0.18;0.18767917156219482
0.18;0.1815032809972763;0.44;0.4384627342224121;0.22;0.22548285126686096
0.28;0.280316561460495;0.58;0.5790907740592957;0.16;0.16021957993507385
0.36;0.35937508940696716;0.26;0.27770039439201355;0.5;0.4526750445365906
0.5;0.5029046535491943;0.18;0.175861194729805;0.12;0.11516822874546051
0.24;0.2399853616952896;0.74;0.7186447978019714;0.42;0.41501784324645996
0.22;0.21989989280700684;0.72;0.734367847442627;0.38;0.37569838762283325
0.2;0.20098331570625305;0.56;0.5722754597663879;0.1;0.10354341566562653
0.1;0.10327593237161636;0.58;0.5767242312431335;0.18;0.17719011008739471
0.14;0.13412734866142273;0.14;0.1409250944852829;0.14;0.1319369524717331
0.2;0.19251364469528198;0.28;0.2760867476463318;0.44;0.43922728300094604
0.12;0.11999703198671341;0.36;0.36061254143714905;0.3;0.3083687424659729
0.46;0.460254043340683;0.52;0.504073977470398;0.48;0.4790136218070984
0.82;0.8200616240501404;0.16;0.14034824073314667;0.38;0.39463961124420166
0.16;0.15114153921604156;0.12;0.13884592056274414;0.42;0.3803619146347046
0.38;0.3807978630065918;0.4;0.39915499091148376;0.42;0.42503443360328674
0.72;0.7141268253326416;0.16;0.17418710887432098;0.38;0.3796730637550354
0.28;0.2797369360923767;0.56;0.5574023127555847;0.44;0.4316486418247223
0.38;0.3801390826702118;0.5;0.5033127665519714;0.14;0.13752864301204681
0.82;0.8211654424667358;0.14;0.12089083343744278;0.32;0.3402411639690399
0.32;0.3198770582675934;0.36;0.3576166033744812;0.36;0.3677222430706024
0.28;0.2804451584815979;0.4;0.3995349705219269;0.38;0.3812907338142395
0.12;0.11985502392053604;0.8;0.8071553707122803;0.32;0.3200547397136688
0.32;0.31991320848464966;0.62;0.636410117149353;0.28;0.2757595479488373
0.14;0.14051592350006104;0.66;0.6606238484382629;0.28;0.27810224890708923
0.62;0.620437741279602;0.14;0.14919961988925934;0.36;0.3297639489173889
0.56;0.5615817308425903;0.24;0.236366868019104;0.26;0.25662073493003845
0.58;0.5831739902496338;0.14;0.141596257686615;0.34;0.3238915205001831
0.1;0.10324427485466003;0.26;0.2528388202190399;0.2;0.20025184750556946
0.1;0.10013488680124283;0.76;0.7650114297866821;0.48;0.4847494065761566
0.28;0.28017908334732056;0.58;0.557354211807251;0.5;0.48504844307899475
0.44;0.44063764810562134;0.2;0.20077751576900482;0.14;0.1506975144147873
0.3;0.2994794249534607;0.36;0.37023401260375977;0.2;0.2064565122127533
0.2;0.1994243711233139;0.22;0.22553294897079468;0.46;0.44116610288619995
0.5;0.500277042388916;0.42;0.4268999695777893;0.18;0.18010342121124268
0.56;0.5574458837509155;0.3;0.3021414279937744;0.28;0.2781117558479309
0.22;0.22023554146289825;0.66;0.6637962460517883;0.14;0.1408591866493225
0.12;0.12046794593334198;0.7;0.7035289406776428;0.46;0.4686488211154938
0.16;0.1592448353767395;0.24;0.2305048555135727;0.22;0.23073048889636993
0.14;0.13992346823215485;0.76;0.7601839900016785;0.42;0.4272194504737854
0.78;0.7836167812347412;0.18;0.17227637767791748;0.14;0.15365776419639587
0.14;0.1388324499130249;0.7;0.6995052695274353;0.48;0.4845810830593109
0.46;0.45995432138442993;0.44;0.4357711970806122;0.34;0.3378334641456604
0.38;0.3798693120479584;0.56;0.5758083462715149;0.1;0.10034751892089844
0.68;0.6809137463569641;0.3;0.28009432554244995;0.44;0.4432521462440491
0.14;0.13968060910701752;0.76;0.7640235424041748;0.2;0.20307612419128418
0.56;0.5580183267593384;0.18;0.18983589112758636;0.16;0.13358604907989502
0.16;0.16040194034576416;0.44;0.43995729088783264;0.4;0.4009643495082855
0.72;0.7149737477302551;0.14;0.1598300188779831;0.5;0.4841877520084381
0.64;0.6387900710105896;0.18;0.18428391218185425;0.42;0.4103006422519684
0.44;0.4404110908508301;0.5;0.5000953078269958;0.48;0.48146265745162964
0.16;0.1594608724117279;0.22;0.2202039659023285;0.36;0.3689812421798706
0.86;0.8562588095664978;0.12;0.11065179109573364;0.2;0.2131030559539795
0.1;0.09840337932109833;0.56;0.5646589994430542;0.14;0.15414457023143768
0.68;0.6785230040550232;0.28;0.29258739948272705;0.28;0.2798217833042145
0.42;0.42335453629493713;0.14;0.1383865624666214;0.42;0.42053088545799255
0.18;0.17991021275520325;0.72;0.7231981754302979;0.12;0.11859433352947235
0.14;0.14366576075553894;0.36;0.3487250506877899;0.3;0.3089873790740967
0.12;0.1231834813952446;0.14;0.14142389595508575;0.22;0.2309989631175995
0.28;0.2800453305244446;0.62;0.6260556578636169;0.3;0.29615074396133423
0.5;0.5044175386428833;0.2;0.1968204230070114;0.2;0.18425056338310242
0.7;0.7116657495498657;0.12;0.10692846775054932;0.36;0.3502998650074005
0.74;0.734339714050293;0.1;0.10482057183980942;0.42;0.36626794934272766
0.72;0.7309608459472656;0.12;0.10921372473239899;0.22;0.26762861013412476
0.2;0.19954216480255127;0.76;0.7441784143447876;0.12;0.1182219609618187
0.26;0.2613521218299866;0.24;0.23804046213626862;0.28;0.26144489645957947
0.68;0.6795373558998108;0.24;0.24460096657276154;0.34;0.34939664602279663
0.28;0.28021401166915894;0.18;0.18278487026691437;0.28;0.26643475890159607
0.16;0.1589423269033432;0.82;0.7950065732002258;0.14;0.13861209154129028
0.6;0.5942522287368774;0.16;0.16679984331130981;0.24;0.26570987701416016
0.26;0.25999683141708374;0.46;0.45878472924232483;0.34;0.34038954973220825
0.14;0.14069770276546478;0.46;0.4626944959163666;0.42;0.4248707890510559
0.16;0.1591997593641281;0.58;0.5780574083328247;0.28;0.2844478487968445
0.62;0.6169697046279907;0.12;0.12179530411958694;0.18;0.16469523310661316
0.24;0.24015651643276215;0.52;0.5293427109718323;0.34;0.35325857996940613
0.68;0.6807078123092651;0.28;0.2942814826965332;0.38;0.3798878788948059
0.54;0.5421637296676636;0.3;0.2832723557949066;0.12;0.12217414379119873
0.54;0.5400139093399048;0.38;0.38301926851272583;0.42;0.4189138412475586
0.5;0.5012128353118896;0.34;0.33617791533470154;0.16;0.1604268103837967
0.58;0.581384003162384;0.26;0.2611073851585388;0.42;0.4245108664035797
0.16;0.15867996215820312;0.42;0.4213673770427704;0.24;0.2513154149055481
0.56;0.5605422258377075;0.36;0.36701640486717224;0.24;0.23752638697624207
0.18;0.1808549165725708;0.26;0.2585832178592682;0.34;0.34063491225242615
0.42;0.4173194169998169;0.1;0.10140439867973328;0.44;0.43410348892211914
0.36;0.36013540625572205;0.44;0.4391063153743744;0.38;0.383340060710907
0.24;0.2462623119354248;0.24;0.23547080159187317;0.14;0.1475682556629181
0.58;0.5794344544410706;0.28;0.2884659767150879;0.16;0.16185829043388367
0.58;0.5809304118156433;0.12;0.11863289773464203;0.26;0.27289626002311707
0.64;0.636421799659729;0.1;0.10597196966409683;0.1;0.1261214315891266
0.44;0.4371022582054138;0.12;0.1253919005393982;0.16;0.1614667922258377
0.62;0.6208968758583069;0.14;0.14285357296466827;0.22;0.2312798947095871
0.2;0.19975125789642334;0.74;0.7351210713386536;0.32;0.32307738065719604
0.42;0.4176882803440094;0.18;0.18249154090881348;0.26;0.2659584581851959
0.42;0.420419842004776;0.42;0.4177919030189514;0.16;0.16330349445343018
0.14;0.1353873312473297;0.18;0.1791839748620987;0.38;0.4037037789821625
0.3;0.2999231517314911;0.56;0.5581220388412476;0.12;0.12078926712274551
0.24;0.23940537869930267;0.22;0.2196444720029831;0.4;0.39151912927627563
0.58;0.5803103446960449;0.22;0.2233951836824417;0.2;0.2030322551727295
0.26;0.26005929708480835;0.56;0.5581129193305969;0.28;0.2788008749485016
0.28;0.281831830739975;0.18;0.1866229772567749;0.42;0.41959038376808167
0.46;0.45986106991767883;0.44;0.4457302391529083;0.26;0.2596220076084137
0.32;0.32001689076423645;0.52;0.5202329754829407;0.24;0.24180087447166443
0.5;0.4995572865009308;0.36;0.3564704358577728;0.5;0.49293845891952515
0.6;0.6029368042945862;0.3;0.31269732117652893;0.12;0.11379019170999527
0.14;0.14169061183929443;0.44;0.43778398633003235;0.26;0.26541998982429504
0.84;0.8472995162010193;0.12;0.12099874764680862;0.18;0.18117503821849823
0.24;0.24453739821910858;0.32;0.3000951409339905;0.38;0.4159866273403168
0.38;0.37726831436157227;0.12;0.12014931440353394;0.4;0.4054713249206543
0.22;0.21955880522727966;0.64;0.6192129254341125;0.5;0.48994675278663635
0.36;0.3602994978427887;0.56;0.5694330930709839;0.26;0.2581464946269989
0.46;0.45936232805252075;0.3;0.30653315782546997;0.32;0.32309582829475403
0.56;0.5586686134338379;0.28;0.28926780819892883;0.3;0.29954296350479126
0.12;0.12001712620258331;0.76;0.771306037902832;0.18;0.1802404671907425
0.1;0.10164648294448853;0.3;0.29726850986480713;0.3;0.2936585545539856
0.44;0.4402993321418762;0.54;0.48935163021087646;0.1;0.10269000381231308
0.4;0.39997440576553345;0.48;0.48676761984825134;0.3;0.29858022928237915
0.1;0.1032896488904953;0.32;0.31760314106941223;0.38;0.39498284459114075
0.32;0.319410502910614;0.24;0.2375437170267105;0.24;0.23623967170715332
0.2;0.2011057734489441;0.58;0.5872755646705627;0.1;0.1026780977845192
0.3;0.2988761067390442;0.16;0.16520681977272034;0.4;0.40380018949508667
0.12;0.12088508903980255;0.68;0.6825816035270691;0.26;0.2659603953361511
0.26;0.2666807472705841;0.32;0.3085018992424011;0.24;0.266671746969223
0.54;0.5396113395690918;0.36;0.36334720253944397;0.34;0.34000009298324585
0.8;0.7998247742652893;0.18;0.16822659969329834;0.46;0.4652937948703766
0.48;0.4798447787761688;0.5;0.4801521301269531;0.3;0.29777905344963074
0.6;0.5996726751327515;0.16;0.1589450091123581;0.14;0.14416830241680145
0.56;0.5602034330368042;0.36;0.36167073249816895;0.18;0.18235242366790771
0.48;0.4837231934070587;0.2;0.20022116601467133;0.18;0.17695805430412292
0.68;0.6807556748390198;0.22;0.21788989007472992;0.28;0.28144019842147827
0.42;0.4200013279914856;0.46;0.4726758301258087;0.12;0.12227632850408554
0.74;0.7381893396377563;0.12;0.12037584185600281;0.22;0.26205047965049744
0.64;0.6423385739326477;0.34;0.31195101141929626;0.12;0.1228439062833786
0.48;0.47868332266807556;0.14;0.14491835236549377;0.46;0.45424723625183105
0.1;0.10020862519741058;0.86;0.8724868297576904;0.16;0.1614706963300705
0.2;0.19951777160167694;0.78;0.7473303079605103;0.34;0.33292609453201294
0.58;0.5729702115058899;0.1;0.10955752432346344;0.14;0.13373681902885437
0.58;0.5797964930534363;0.4;0.3800065219402313;0.5;0.4980451464653015
0.38;0.3798079788684845;0.52;0.5162846446037292;0.42;0.4079001545906067
0.3;0.30532002449035645;0.3;0.2741509974002838;0.38;0.395601749420166
0.22;0.2200661450624466;0.66;0.6650678515434265;0.48;0.4775955080986023
0.48;0.4795627295970917;0.32;0.3178814947605133;0.26;0.26390039920806885
0.78;0.7833446860313416;0.16;0.15617990493774414;0.14;0.15603560209274292
0.6;0.6006373167037964;0.32;0.3240879476070404;0.2;0.19935131072998047
0.46;0.46169543266296387;0.38;0.3793935477733612;0.5;0.486842542886734
0.32;0.3200826942920685;0.6;0.5954845547676086;0.42;0.4177919328212738
0.24;0.2431948184967041;0.18;0.1730910837650299;0.42;0.4254433214664459
0.16;0.16009682416915894;0.46;0.46059074997901917;0.32;0.31910833716392517
0.2;0.20033252239227295;0.36;0.3678327202796936;0.42;0.41792601346969604
0.6;0.60667484998703;0.18;0.1710091382265091;0.12;0.17443057894706726
0.5;0.4991566240787506;0.18;0.18241778016090393;0.24;0.23048754036426544
0.2;0.19995059072971344;0.76;0.7443290948867798;0.28;0.27891626954078674
0.52;0.511669933795929;0.12;0.11720334738492966;0.38;0.39018452167510986
0.72;0.7252057194709778;0.18;0.16903939843177795;0.1;0.09932755678892136
0.14;0.13799327611923218;0.24;0.22116239368915558;0.38;0.3945934474468231
0.54;0.5402637124061584;0.3;0.2918515205383301;0.22;0.22683493793010712
0.24;0.2391108274459839;0.22;0.2204163670539856;0.36;0.3471381664276123
0.16;0.15844960510730743;0.22;0.21727408468723297;0.34;0.33706268668174744
0.2;0.19962449371814728;0.12;0.1284569501876831;0.48;0.44930681586265564
0.3;0.3059910237789154;0.32;0.3164481520652771;0.48;0.4880688786506653
0.34;0.34024932980537415;0.64;0.6137790679931641;0.3;0.2978666424751282
0.28;0.2803284227848053;0.48;0.48962903022766113;0.24;0.2510315477848053
0.12;0.11838961392641068;0.4;0.4001116454601288;0.48;0.4877239167690277
0.2;0.2002372294664383;0.6;0.6061768531799316;0.38;0.38089075684547424
0.28;0.2796972393989563;0.38;0.40119266510009766;0.14;0.15071502327919006
0.54;0.5402364730834961;0.36;0.36000731587409973;0.1;0.10042130947113037
0.5;0.4997658431529999;0.36;0.357192724943161;0.38;0.3775389492511749
0.32;0.32005250453948975;0.6;0.5970314145088196;0.36;0.3473885953426361
0.26;0.2599327862262726;0.54;0.5338760018348694;0.48;0.4767347276210785
0.1;0.10257793217897415;0.62;0.6108322739601135;0.14;0.13465122878551483
0.68;0.6737378239631653;0.26;0.2766898274421692;0.5;0.49773627519607544
0.22;0.21992643177509308;0.54;0.5424140095710754;0.22;0.2318160980939865
0.42;0.41642338037490845;0.12;0.12430718541145325;0.44;0.4389868676662445
0.12;0.11755380034446716;0.72;0.7108768820762634;0.5;0.49643000960350037
0.48;0.4806141257286072;0.48;0.4920196831226349;0.44;0.4368519186973572
0.4;0.39996156096458435;0.56;0.5673285722732544;0.44;0.43763917684555054
0.66;0.6614536643028259;0.28;0.2961668074131012;0.18;0.1790260374546051
0.1;0.1010921522974968;0.32;0.31617918610572815;0.46;0.45835381746292114
0.24;0.23701749742031097;0.3;0.2973659336566925;0.36;0.363163024187088
0.74;0.7291851043701172;0.1;0.11146831512451172;0.24;0.19293610751628876
0.16;0.16017013788223267;0.7;0.6962994337081909;0.46;0.46820181608200073
0.1;0.10014838725328445;0.18;0.18229147791862488;0.44;0.43863826990127563
0.3;0.29999592900276184;0.46;0.4601849615573883;0.42;0.4255152642726898
0.22;0.22070150077342987;0.54;0.5479402542114258;0.46;0.4609054625034332
0.2;0.19141089916229248;0.28;0.2942257821559906;0.46;0.43767333030700684
0.28;0.28010648488998413;0.7;0.682392954826355;0.26;0.25560256838798523
0.12;0.1204557865858078;0.72;0.7180507779121399;0.48;0.48080548644065857
0.64;0.6407449245452881;0.24;0.2510260045528412;0.28;0.27772602438926697
0.1;0.09984038025140762;0.88;0.8589195013046265;0.44;0.43525832891464233
0.36;0.36032506823539734;0.5;0.4985700249671936;0.24;0.23568229377269745
0.26;0.25989866256713867;0.4;0.39409852027893066;0.28;0.28785836696624756
0.68;0.680522084236145;0.22;0.21594367921352386;0.44;0.4473482072353363
0.3;0.2998220920562744;0.56;0.5573245882987976;0.42;0.409456342458725
0.52;0.5199747085571289;0.4;0.4055965840816498;0.16;0.15770623087882996
0.36;0.35918956995010376;0.52;0.5258904099464417;0.16;0.15345975756645203
0.12;0.1196025162935257;0.86;0.8407677412033081;0.44;0.435407817363739
0.2;0.19817228615283966;0.26;0.2670442461967468;0.44;0.4374663233757019
0.42;0.4204097092151642;0.4;0.40094444155693054;0.34;0.3515954613685608
0.6;0.5989773273468018;0.38;0.36232221126556396;0.22;0.22018098831176758
0.18;0.17679567635059357;0.2;0.20302227139472961;0.24;0.24081072211265564
0.28;0.2798726558685303;0.64;0.6508113741874695;0.36;0.3592032492160797
0.64;0.6408993005752563;0.22;0.2208898663520813;0.44;0.44341450929641724
0.22;0.2187548279762268;0.48;0.48561689257621765;0.34;0.34641286730766296
0.28;0.28047335147857666;0.46;0.4564957916736603;0.26;0.26698240637779236
0.1;0.10039222985506058;0.7;0.7035077810287476;0.32;0.31408387422561646
0.42;0.4198889434337616;0.42;0.42395514249801636;0.36;0.36005839705467224
0.66;0.6269035339355469;0.1;0.1026526540517807;0.44;0.4307834208011627
0.12;0.12364057451486588;0.36;0.35579603910446167;0.28;0.28142470121383667
0.26;0.25903284549713135;0.48;0.48640382289886475;0.2;0.2013927400112152
0.1;0.10971266031265259;0.38;0.3710491359233856;0.34;0.34113195538520813
0.4;0.4001155197620392;0.36;0.3677026033401489;0.14;0.13770243525505066
0.3;0.3033611476421356;0.32;0.3142491281032562;0.14;0.16127720475196838
0.54;0.5375751256942749;0.16;0.1594611406326294;0.24;0.2365400344133377
0.32;0.32274767756462097;0.28;0.2823259234428406;0.28;0.2795572876930237
0.34;0.34066081047058105;0.36;0.3616516590118408;0.1;0.10352979600429535
0.14;0.13894246518611908;0.72;0.7127119898796082;0.16;0.1650940179824829
0.6;0.5973088145256042;0.2;0.21280498802661896;0.16;0.15419134497642517
0.58;0.5908693075180054;0.16;0.1476922333240509;0.12;0.1314830482006073
0.34;0.3400411903858185;0.44;0.43991753458976746;0.26;0.2668178379535675
0.34;0.3410215973854065;0.52;0.5218457579612732;0.18;0.17801256477832794
0.34;0.3395923376083374;0.48;0.4622539281845093;0.2;0.20695742964744568
0.22;0.2204284816980362;0.14;0.13691188395023346;0.26;0.2761632204055786
0.58;0.5564386248588562;0.12;0.12934307754039764;0.1;0.11440227180719376
0.24;0.24219761788845062;0.3;0.29074323177337646;0.18;0.18262171745300293
0.36;0.35981786251068115;0.3;0.30228671431541443;0.48;0.4818907380104065
0.44;0.4400910437107086;0.42;0.4242609739303589;0.16;0.1624215841293335
0.34;0.3401854932308197;0.58;0.6009839773178101;0.38;0.374803751707077
0.36;0.35994306206703186;0.58;0.5800414681434631;0.48;0.47869616746902466
0.56;0.5610936880111694;0.18;0.1715867668390274;0.4;0.3985133767127991
0.2;0.20029525458812714;0.64;0.6350882053375244;0.18;0.18148019909858704
0.38;0.3794759511947632;0.52;0.5229735374450684;0.46;0.4664366841316223
0.86;0.8605215549468994;0.1;0.11249389499425888;0.4;0.4162920117378235
0.22;0.22604894638061523;0.3;0.28331315517425537;0.1;0.10996844619512558
0.78;0.7856463193893433;0.2;0.1619742214679718;0.16;0.16696220636367798
0.36;0.35529258847236633;0.14;0.14531955122947693;0.14;0.14362630248069763
0.38;0.3799189627170563;0.28;0.2733956277370453;0.24;0.2431553304195404
0.24;0.23717369139194489;0.14;0.1435730755329132;0.3;0.29723477363586426
0.66;0.6607585549354553;0.16;0.15968157351016998;0.38;0.3908246159553528
0.72;0.7191540598869324;0.1;0.10441850125789642;0.34;0.3221055567264557
0.46;0.45997780561447144;0.48;0.49255532026290894;0.28;0.280240923166275
0.46;0.4596497118473053;0.36;0.363375723361969;0.38;0.38110870122909546
0.54;0.5394198894500732;0.32;0.3218356966972351;0.28;0.2753554582595825
0.26;0.2602991759777069;0.14;0.13989003002643585;0.22;0.18869884312152863
0.64;0.6376813054084778;0.24;0.24081584811210632;0.14;0.13375015556812286
0.56;0.5600062608718872;0.1;0.09884704649448395;0.26;0.24154877662658691
0.42;0.4202110469341278;0.4;0.40514636039733887;0.4;0.40478676557540894
0.46;0.459896445274353;0.28;0.2777182459831238;0.36;0.36434227228164673
0.52;0.5179169774055481;0.22;0.22517603635787964;0.18;0.1922367513179779
0.44;0.44071802496910095;0.12;0.11608657240867615;0.22;0.2185547798871994
0.48;0.47975850105285645;0.16;0.1591651439666748;0.44;0.43843764066696167
0.82;0.8211402297019958;0.1;0.12064220756292343;0.18;0.1615949124097824
0.4;0.40074583888053894;0.16;0.15973298251628876;0.48;0.48582878708839417
0.2;0.19281920790672302;0.1;0.1135520488023758;0.36;0.31218740344047546
0.14;0.13918669521808624;0.44;0.44281044602394104;0.2;0.20113512873649597
0.16;0.16366301476955414;0.36;0.3503061830997467;0.24;0.25612717866897583
0.14;0.13973641395568848;0.72;0.7143399119377136;0.34;0.34236812591552734
0.32;0.3198532164096832;0.66;0.6382747292518616;0.12;0.11938513815402985
0.16;0.1600526124238968;0.66;0.6595091223716736;0.36;0.3609873950481415
0.44;0.4399352967739105;0.5;0.4991542398929596;0.38;0.3802410662174225
0.7;0.6999943852424622;0.28;0.2579970061779022;0.36;0.36010822653770447
0.18;0.17961366474628448;0.4;0.40105772018432617;0.34;0.33949995040893555
0.26;0.25873708724975586;0.4;0.4033339321613312;0.12;0.12234567105770111
0.6;0.5983039736747742;0.2;0.2045670449733734;0.34;0.33128592371940613
0.12;0.11538694053888321;0.22;0.22756130993366241;0.5;0.4748990535736084
0.58;0.5797140598297119;0.24;0.24836324155330658;0.12;0.12136878818273544
0.84;0.8404117822647095;0.14;0.11300577968358994;0.12;0.14071877300739288
0.54;0.5412570834159851;0.26;0.2457764595746994;0.24;0.2444336861371994
0.1;0.10031769424676895;0.54;0.5428425073623657;0.38;0.3823409378528595
0.28;0.2866477966308594;0.32;0.3122694492340088;0.16;0.17256677150726318
0.34;0.3398575782775879;0.48;0.4795386493206024;0.38;0.3750799596309662
0.62;0.6185395121574402;0.1;0.10237488895654678;0.28;0.26083850860595703
0.28;0.28008797764778137;0.62;0.6306654810905457;0.42;0.4158408045768738
0.46;0.4554530084133148;0.24;0.24451874196529388;0.16;0.16329482197761536
0.24;0.2410590648651123;0.4;0.39683860540390015;0.34;0.3428139388561249
0.14;0.13972976803779602;0.7;0.6928451657295227;0.18;0.1803426295518875
0.22;0.21962249279022217;0.72;0.7167726755142212;0.48;0.48179206252098083
0.36;0.3606131374835968;0.4;0.39616361260414124;0.5;0.4822637438774109
0.36;0.3592912256717682;0.5;0.4928905963897705;0.16;0.15851104259490967
0.24;0.24023090302944183;0.36;0.35961127281188965;0.46;0.44968852400779724
0.62;0.6199060678482056;0.26;0.2539137303829193;0.46;0.46389180421829224
0.82;0.8207642436027527;0.12;0.1322295367717743;0.24;0.24194464087486267
0.26;0.25958898663520813;0.64;0.6517021656036377;0.26;0.2629203200340271
0.14;0.13135075569152832;0.38;0.38761651515960693;0.3;0.2944420874118805
0.14;0.1320483237504959;0.32;0.3257911503314972;0.18;0.18067213892936707
0.62;0.6204453110694885;0.3;0.31192755699157715;0.5;0.4981301426887512
0.34;0.34109291434288025;0.4;0.397308349609375;0.24;0.24096569418907166
0.1;0.09920547902584076;0.54;0.5509940385818481;0.14;0.14158406853675842
0.14;0.13989274203777313;0.66;0.6513723134994507;0.18;0.18090446293354034
0.28;0.29142245650291443;0.1;0.09996140748262405;0.22;0.19473810493946075
0.46;0.46009597182273865;0.52;0.49928033351898193;0.34;0.338943213224411
0.5;0.5005627870559692;0.48;0.46472692489624023;0.48;0.48039692640304565
0.14;0.14031396806240082;0.76;0.7640962600708008;0.32;0.31841859221458435
0.12;0.11942578852176666;0.78;0.7856690883636475;0.3;0.28778520226478577
0.26;0.2599559426307678;0.68;0.6979554891586304;0.4;0.3984334170818329
0.38;0.37975794076919556;0.48;0.47317105531692505;0.18;0.1782243251800537
0.14;0.1413809359073639;0.58;0.5801143050193787;0.42;0.4267733693122864
0.18;0.179607555270195;0.2;0.20309579372406006;0.36;0.36366698145866394
0.3;0.3038244843482971;0.14;0.13527433574199677;0.4;0.38073867559432983
0.3;0.29989853501319885;0.56;0.5421004295349121;0.5;0.46806105971336365
0.6;0.5972084403038025;0.1;0.10056862980127335;0.2;0.1838664561510086
0.36;0.3599483370780945;0.6;0.6028487682342529;0.36;0.35648322105407715
0.32;0.3198912441730499;0.52;0.5167685151100159;0.26;0.2534254491329193
0.42;0.42043936252593994;0.2;0.19992098212242126;0.12;0.12408240139484406
0.16;0.15972945094108582;0.18;0.17417281866073608;0.42;0.42981958389282227
0.34;0.34410274028778076;0.3;0.2840557396411896;0.44;0.46117037534713745
0.48;0.47965165972709656;0.44;0.43978798389434814;0.42;0.4155094623565674
0.44;0.4400162994861603;0.48;0.4765164852142334;0.18;0.1806669980287552
0.1;0.10027492046356201;0.78;0.7736598253250122;0.24;0.2426619976758957
0.22;0.22059981524944305;0.62;0.6100419163703918;0.42;0.41476792097091675
0.2;0.20258238911628723;0.44;0.4414446949958801;0.36;0.35892418026924133
0.5;0.5002694725990295;0.48;0.47111234068870544;0.32;0.31980788707733154
0.28;0.2730393409729004;0.1;0.1008005440235138;0.34;0.34163033962249756
0.12;0.11846154928207397;0.48;0.4842979311943054;0.22;0.23246078193187714
0.36;0.36020058393478394;0.62;0.5945491790771484;0.22;0.21608345210552216
0.12;0.11999985575675964;0.84;0.8572537302970886;0.12;0.1193850040435791
0.18;0.17935863137245178;0.44;0.43997371196746826;0.46;0.45920079946517944
0.18;0.17929725348949432;0.72;0.7128825187683105;0.26;0.2596889138221741
0.4;0.39817383885383606;0.22;0.21653829514980316;0.2;0.20256307721138
0.2;0.1998090296983719;0.46;0.4575805068016052;0.48;0.4808935523033142
0.36;0.3602356016635895;0.56;0.5603364109992981;0.1;0.1004631370306015
0.28;0.28012406826019287;0.38;0.375440776348114;0.28;0.2832055687904358
0.32;0.3200463652610779;0.32;0.3251701593399048;0.5;0.4840764105319977
0.38;0.38009679317474365;0.38;0.4027661681175232;0.14;0.13632869720458984
0.3;0.29934072494506836;0.4;0.40254488587379456;0.32;0.32207342982292175
0.5;0.49621570110321045;0.1;0.10346324741840363;0.5;0.4774405360221863
0.16;0.1574070155620575;0.34;0.34161585569381714;0.14;0.1427500993013382
0.52;0.5191552042961121;0.24;0.24810656905174255;0.14;0.13144102692604065
0.8;0.7946012616157532;0.1;0.11719828099012375;0.32;0.28343820571899414
0.12;0.12022632360458374;0.74;0.7331621050834656;0.2;0.2013891488313675
0.46;0.4593713581562042;0.36;0.3521289825439453;0.34;0.3434252142906189
0.2;0.1986098438501358;0.14;0.1518772840499878;0.32;0.30298542976379395
0.4;0.3999069929122925;0.4;0.40183308720588684;0.3;0.2986396253108978
0.34;0.33984509110450745;0.44;0.44158124923706055;0.42;0.427731454372406
0.6;0.6000348925590515;0.38;0.3589111566543579;0.24;0.23895788192749023
0.26;0.2631146311759949;0.32;0.3036242723464966;0.34;0.3699517250061035
0.36;0.35951361060142517;0.32;0.3546093702316284;0.1;0.10321258008480072
0.4;0.3995095491409302;0.46;0.45467597246170044;0.14;0.13577382266521454
0.28;0.27131885290145874;0.3;0.3006054759025574;0.12;0.12196169048547745
0.24;0.23976290225982666;0.48;0.4668419063091278;0.16;0.15892156958580017
0.2;0.20038890838623047;0.78;0.7580940127372742;0.22;0.21897205710411072
0.12;0.1017625629901886;0.1;0.1261177957057953;0.32;0.2442493885755539
0.66;0.6567960381507874;0.12;0.1167847216129303;0.34;0.3625677824020386
0.56;0.5553584098815918;0.16;0.15976616740226746;0.32;0.33534350991249084
0.1;0.10245728492736816;0.24;0.24145574867725372;0.44;0.43752843141555786
0.54;0.5401004552841187;0.42;0.429935097694397;0.32;0.3178218603134155
0.16;0.16331246495246887;0.36;0.3482748866081238;0.26;0.2813037931919098
0.48;0.48034805059432983;0.38;0.3752801716327667;0.5;0.48984068632125854
0.24;0.23897357285022736;0.46;0.4566847085952759;0.26;0.262289822101593
0.46;0.4589178264141083;0.16;0.1571890264749527;0.2;0.2057240903377533
0.28;0.2802983820438385;0.54;0.5353133678436279;0.46;0.4499208331108093
0.46;0.45987004041671753;0.52;0.5033637881278992;0.38;0.3767838478088379
0.4;0.40109243988990784;0.26;0.263041228055954;0.26;0.2623853087425232
0.3;0.2989135682582855;0.14;0.13973784446716309;0.18;0.183922678232193
0.78;0.7795224189758301;0.2;0.1809699684381485;0.24;0.24453315138816833
0.56;0.5633697509765625;0.16;0.1604139804840088;0.12;0.12573949992656708
0.28;0.2763736844062805;0.26;0.2683456838130951;0.46;0.4268012046813965
0.28;0.27832427620887756;0.22;0.2028675675392151;0.1;0.11988301575183868
0.52;0.5174627900123596;0.16;0.16240954399108887;0.14;0.1491658240556717
0.22;0.22217267751693726;0.32;0.32220640778541565;0.32;0.33212190866470337
0.22;0.21745893359184265;0.52;0.522112250328064;0.36;0.3437211513519287
0.12;0.12018352001905441;0.76;0.7610499858856201;0.5;0.49436837434768677
0.3;0.30133798718452454;0.22;0.2015848457813263;0.12;0.13034959137439728
0.54;0.5422109961509705;0.26;0.2608223557472229;0.28;0.2825522720813751
0.54;0.5378965735435486;0.22;0.24521565437316895;0.16;0.14639760553836823
0.42;0.42027702927589417;0.12;0.11694523692131042;0.24;0.2510920464992523
0.6;0.5968598127365112;0.2;0.2137775719165802;0.18;0.1662319451570511
0.48;0.4794861972332001;0.42;0.42530959844589233;0.16;0.15866932272911072
0.24;0.24050374329090118;0.48;0.48220324516296387;0.2;0.2086905986070633
0.36;0.36008813977241516;0.14;0.13772162795066833;0.34;0.36697953939437866
0.32;0.3201254606246948;0.58;0.582491934299469;0.1;0.09964999556541443
0.2;0.20011688768863678;0.42;0.420395165681839;0.4;0.3930942714214325
0.84;0.8397943377494812;0.14;0.12592047452926636;0.46;0.4734151363372803
0.38;0.3796473741531372;0.42;0.41186365485191345;0.22;0.21253803372383118
0.42;0.4199983477592468;0.3;0.303022176027298;0.4;0.4021802842617035
0.62;0.6192445755004883;0.26;0.2568899691104889;0.12;0.1174125224351883
0.28;0.28030556440353394;0.62;0.6290411949157715;0.44;0.4410347044467926
0.6;0.600556492805481;0.32;0.32424160838127136;0.14;0.14157825708389282
0.54;0.540134072303772;0.36;0.3640768826007843;0.4;0.39930447936058044
0.22;0.21987025439739227;0.68;0.6801742315292358;0.32;0.3165549039840698
0.46;0.45974454283714294;0.32;0.3209102749824524;0.2;0.20250873267650604
0.22;0.22379235923290253;0.28;0.2745051980018616;0.2;0.19871786236763
0.72;0.719017744064331;0.2;0.1969277262687683;0.18;0.18157029151916504
0.78;0.7752150297164917;0.12;0.13278517127037048;0.3;0.27965086698532104
0.52;0.5201616287231445;0.36;0.3633538484573364;0.46;0.461154043674469
0.58;0.5799726843833923;0.24;0.23904626071453094;0.1;0.1021704450249672
0.14;0.13944585621356964;0.54;0.5386907458305359;0.38;0.37528812885284424
0.1;0.09927436709403992;0.3;0.3058214783668518;0.38;0.36382216215133667
0.54;0.539945662021637;0.38;0.38151443004608154;0.12;0.11988439410924911
0.32;0.3220808506011963;0.38;0.3764750361442566;0.1;0.10164060443639755
0.16;0.15977220237255096;0.78;0.7864604592323303;0.22;0.21905741095542908
0.12;0.1039801687002182;0.12;0.13973508775234222;0.34;0.265516459941864
0.26;0.2600014805793762;0.6;0.6020383238792419;0.46;0.4535335600376129
0.38;0.3811364471912384;0.58;0.5934703946113586;0.14;0.1391434669494629
0.3;0.2997215688228607;0.28;0.2886151373386383;0.16;0.15180616080760956
0.44;0.44132256507873535;0.24;0.23930281400680542;0.28;0.26849573850631714
0.48;0.4797598421573639;0.18;0.1884363889694214;0.44;0.43004006147384644
0.56;0.5610337257385254;0.16;0.15724629163742065;0.26;0.27107781171798706
0.58;0.5877904891967773;0.18;0.1798984855413437;0.1;0.1111198216676712
0.28;0.2787362337112427;0.58;0.5732864141464233;0.12;0.11809184402227402
0.28;0.2801019549369812;0.42;0.42108863592147827;0.42;0.4200247824192047
0.26;0.25998449325561523;0.64;0.6443929672241211;0.32;0.31009215116500854
0.16;0.16134105622768402;0.74;0.7556243538856506;0.14;0.1386643648147583
0.12;0.12062234431505203;0.56;0.5628642439842224;0.18;0.18179529905319214
0.62;0.6199889779090881;0.26;0.2632672190666199;0.36;0.3613431751728058
0.14;0.14381761848926544;0.14;0.13284766674041748;0.2;0.2376846820116043
0.18;0.17900234460830688;0.22;0.22468599677085876;0.32;0.33479756116867065
0.38;0.38000190258026123;0.44;0.43977802991867065;0.4;0.39095741510391235
0.16;0.15992213785648346;0.56;0.5689697265625;0.14;0.14496496319770813
0.28;0.282639741897583;0.3;0.2939147353172302;0.4;0.4195205569267273
0.68;0.6795690655708313;0.16;0.16578318178653717;0.34;0.3259218633174896
0.12;0.11936676502227783;0.84;0.8344956040382385;0.28;0.2769428491592407
0.4;0.39998677372932434;0.52;0.5202454924583435;0.1;0.10019216686487198
0.32;0.32010161876678467;0.52;0.5209484696388245;0.46;0.44034451246261597
0.28;0.27868369221687317;0.42;0.42019036412239075;0.38;0.37149131298065186
0.74;0.7206238508224487;0.1;0.11778569221496582;0.18;0.1507541686296463
0.38;0.37893110513687134;0.34;0.31751683354377747;0.16;0.17025043070316315
0.4;0.3999723494052887;0.52;0.5138534903526306;0.34;0.33981984853744507
0.42;0.4201619029045105;0.52;0.5295568108558655;0.3;0.3001171052455902
0.1;0.09952893108129501;0.56;0.5622929334640503;0.34;0.3363044559955597
0.18;0.18027256429195404;0.62;0.613572895526886;0.1;0.1033330112695694
0.2;0.20545008778572083;0.1;0.10314230620861053;0.34;0.32140666246414185
0.32;0.31958073377609253;0.4;0.3976615071296692;0.38;0.3882446587085724
0.16;0.1598058044910431;0.64;0.6387772560119629;0.16;0.16049009561538696
0.32;0.3278515636920929;0.3;0.29368677735328674;0.26;0.2737041413784027
0.18;0.18067383766174316;0.72;0.723860502243042;0.4;0.3940979540348053
0.7;0.6986502408981323;0.26;0.25891587138175964;0.4;0.4065612852573395
0.16;0.15982767939567566;0.6;0.6007693409919739;0.28;0.2786600589752197
0.4;0.4007856249809265;0.26;0.2539471387863159;0.2;0.19152648746967316
0.62;0.6268348097801208;0.22;0.21950595080852509;0.12;0.12354230880737305
0.52;0.522282600402832;0.2;0.20070980489253998;0.34;0.34015437960624695
0.72;0.7194427251815796;0.2;0.19350433349609375;0.12;0.12347135692834854
0.24;0.23983940482139587;0.62;0.620322585105896;0.38;0.375569611787796
0.44;0.43639060854911804;0.26;0.2555805444717407;0.12;0.1310444474220276
0.2;0.1996580958366394;0.32;0.3102591633796692;0.34;0.34467417001724243
0.3;0.30024412274360657;0.64;0.6403405070304871;0.18;0.18126967549324036
0.38;0.3807182013988495;0.4;0.39940229058265686;0.38;0.36673009395599365
0.28;0.2800239026546478;0.52;0.5149074792861938;0.28;0.282064288854599
0.26;0.25956249237060547;0.7;0.6832321286201477;0.22;0.20774006843566895
0.16;0.15923258662223816;0.64;0.6380533576011658;0.24;0.24340911209583282
0.54;0.5401872396469116;0.32;0.329043984413147;0.3;0.3036919832229614
0.24;0.2404291033744812;0.2;0.19430512189865112;0.3;0.313169926404953
0.14;0.14092613756656647;0.46;0.4643653929233551;0.26;0.26045870780944824
0.16;0.15891700983047485;0.58;0.5892748236656189;0.18;0.18495111167430878
0.52;0.5200182795524597;0.46;0.4408183991909027;0.36;0.36177802085876465
0.68;0.68267422914505;0.22;0.2252381443977356;0.34;0.3520011007785797
0.12;0.12085948139429092;0.56;0.5570353865623474;0.34;0.34187957644462585
0.32;0.3252442181110382;0.12;0.11175402998924255;0.2;0.19356660544872284
0.88;0.8797422051429749;0.1;0.10812512785196304;0.32;0.317928671836853
0.24;0.23987643420696259;0.38;0.3895360827445984;0.22;0.23762238025665283
0.4;0.3986297845840454;0.22;0.2345598191022873;0.48;0.44778865575790405
0.3;0.3009818494319916;0.2;0.1947975605726242;0.4;0.4228866696357727
0.14;0.1406860649585724;0.38;0.39719006419181824;0.18;0.17989471554756165
0.24;0.23991048336029053;0.7;0.6967371106147766;0.38;0.3791390061378479
0.32;0.3201986253261566;0.4;0.3983383774757385;0.28;0.2758013606071472
0.18;0.18915383517742157;0.36;0.34442827105522156;0.46;0.4812845289707184
0.46;0.45802825689315796;0.2;0.19809836149215698;0.26;0.2677580714225769
0.22;0.2231595516204834;0.24;0.22960415482521057;0.12;0.12393069267272949
0.76;0.7611793279647827;0.22;0.19966454803943634;0.22;0.22031398117542267
0.42;0.419887512922287;0.48;0.4870058000087738;0.1;0.09974324703216553
0.12;0.11920218169689178;0.64;0.6358701586723328;0.16;0.16461797058582306
0.3;0.30013781785964966;0.22;0.2334611415863037;0.5;0.48360005021095276
0.34;0.33983415365219116;0.22;0.2242380678653717;0.3;0.3062642216682434
0.5;0.49997156858444214;0.46;0.468353271484375;0.38;0.38220882415771484
0.1;0.10004521906375885;0.78;0.7721092700958252;0.28;0.2838042676448822
0.3;0.2998966872692108;0.66;0.6718674302101135;0.28;0.2780482769012451
0.36;0.35989460349082947;0.48;0.4804944097995758;0.38;0.3733420968055725
0.38;0.3799952268600464;0.32;0.321345716714859;0.48;0.4755096435546875
0.12;0.1224634125828743;0.36;0.35326075553894043;0.46;0.47298866510391235
0.48;0.48238131403923035;0.2;0.20008039474487305;0.14;0.1476142257452011
0.5;0.4999842643737793;0.44;0.43714597821235657;0.1;0.10341842472553253
0.26;0.2597900629043579;0.72;0.6960994005203247;0.24;0.2310849130153656
0.48;0.4804331660270691;0.38;0.38256314396858215;0.42;0.42225027084350586
0.7;0.7002299427986145;0.28;0.25887495279312134;0.14;0.14481715857982635
0.18;0.17972181737422943;0.74;0.7193353772163391;0.5;0.49830955266952515
0.44;0.4407201409339905;0.34;0.34458380937576294;0.28;0.2809317409992218
0.18;0.18669535219669342;0.36;0.34643039107322693;0.5;0.48937803506851196
0.52;0.5142554640769958;0.24;0.25916656851768494;0.2;0.19343991577625275
0.46;0.4603006839752197;0.4;0.39633068442344666;0.34;0.3467273414134979
0.14;0.1401425302028656;0.72;0.7238805890083313;0.22;0.2171432077884674
0.18;0.1798071712255478;0.62;0.6200065612792969;0.16;0.15777161717414856
0.44;0.43992725014686584;0.36;0.33877018094062805;0.34;0.3465179204940796
0.58;0.5822995901107788;0.26;0.2635989785194397;0.3;0.3010126054286957
0.76;0.7454386949539185;0.12;0.15385206043720245;0.14;0.11335229873657227
0.34;0.34018418192863464;0.62;0.6137567162513733;0.3;0.2984496057033539
0.5;0.499693363904953;0.24;0.24360576272010803;0.48;0.47666677832603455
0.22;0.21751324832439423;0.54;0.5426299571990967;0.38;0.3707670569419861
0.4;0.39994943141937256;0.3;0.2905469536781311;0.5;0.4919878840446472
0.34;0.3394424021244049;0.58;0.5923327207565308;0.18;0.1817176640033722
0.34;0.3394039273262024;0.2;0.20002776384353638;0.26;0.25227880477905273
0.62;0.619626522064209;0.22;0.2099587768316269;0.4;0.40880948305130005
0.62;0.6190195083618164;0.36;0.33966144919395447;0.32;0.318357914686203
0.58;0.5822392106056213;0.14;0.14120455086231232;0.26;0.2718690037727356
0.7;0.7061501145362854;0.2;0.19445514678955078;0.28;0.28069382905960083
0.46;0.46753501892089844;0.14;0.13541272282600403;0.12;0.12493439018726349
0.16;0.15965227782726288;0.48;0.4795340895652771;0.2;0.19880957901477814
0.46;0.46054112911224365;0.14;0.1326068639755249;0.1;0.11514703929424286
0.64;0.6509196758270264;0.12;0.11217546463012695;0.4;0.36395567655563354
0.18;0.1798255294561386;0.42;0.41718703508377075;0.28;0.280503511428833
0.12;0.11953598260879517;0.5;0.5009717345237732;0.22;0.22273966670036316
0.36;0.35999876260757446;0.52;0.5213049054145813;0.48;0.48853549361228943
0.42;0.415662944316864;0.18;0.18167705833911896;0.16;0.1673503816127777
0.44;0.44803711771965027;0.22;0.22132784128189087;0.14;0.14455413818359375
0.32;0.32220372557640076;0.26;0.26324111223220825;0.46;0.4361268877983093
0.74;0.741662859916687;0.24;0.21812967956066132;0.2;0.20666082203388214
0.38;0.38037019968032837;0.58;0.5877003073692322;0.22;0.22090163826942444
0.48;0.48035070300102234;0.38;0.37790194153785706;0.1;0.09933557361364365
0.12;0.12002584338188171;0.56;0.600462019443512;0.1;0.10274974256753922
0.14;0.14911536872386932;0.4;0.4000609815120697;0.5;0.48824024200439453
0.78;0.77946937084198;0.16;0.1673586666584015;0.3;0.30251023173332214
0.42;0.4221813678741455;0.26;0.24235281348228455;0.34;0.3657914698123932
0.56;0.5568922758102417;0.28;0.28314265608787537;0.28;0.28000783920288086
0.22;0.21962983906269073;0.56;0.5675537586212158;0.38;0.37023258209228516
0.18;0.19164200127124786;0.36;0.34431880712509155;0.34;0.3685314655303955
0.44;0.43947285413742065;0.28;0.29189568758010864;0.34;0.3320866525173187
0.74;0.7362056374549866;0.16;0.17551907896995544;0.48;0.4665878415107727
0.1;0.10127249360084534;0.28;0.26527658104896545;0.4;0.4028593897819519
0.44;0.4451325237751007;0.22;0.21098807454109192;0.26;0.2629234790802002
0.26;0.2599165141582489;0.5;0.5051670670509338;0.32;0.3237933814525604
0.52;0.52008455991745;0.34;0.346974641084671;0.12;0.11864280700683594
0.64;0.6396056413650513;0.28;0.2844829261302948;0.26;0.25961071252822876
0.52;0.520112931728363;0.38;0.38865408301353455;0.32;0.3213556408882141
0.32;0.31988412141799927;0.38;0.38449329137802124;0.34;0.35203808546066284
0.28;0.280005544424057;0.6;0.6005233526229858;0.3;0.30459117889404297
0.56;0.5615676045417786;0.4;0.37972742319107056;0.2;0.20515015721321106
0.22;0.21967075765132904;0.58;0.583093523979187;0.42;0.420712947845459
0.24;0.23574408888816833;0.28;0.28727948665618896;0.44;0.42399120330810547
0.78;0.7778794169425964;0.12;0.12319944053888321;0.44;0.4224662780761719
0.3;0.30550843477249146;0.28;0.2577380836009979;0.1;0.11664478480815887
0.4;0.3968490660190582;0.1;0.10194720327854156;0.18;0.17583008110523224
0.1;0.10359661281108856;0.18;0.17749179899692535;0.28;0.3023514747619629
0.62;0.6149024367332458;0.1;0.09530868381261826;0.5;0.4582741856575012
0.56;0.5601362586021423;0.42;0.4041239619255066;0.5;0.4989529550075531
0.34;0.34019607305526733;0.6;0.6076512932777405;0.36;0.35557013750076294
0.74;0.739640474319458;0.18;0.18832983076572418;0.12;0.11747308820486069
0.76;0.751058042049408;0.12;0.15112143754959106;0.16;0.13176217675209045
0.18;0.1807551383972168;0.48;0.49014517664909363;0.24;0.2395133525133133
0.64;0.6408308148384094;0.2;0.19981162250041962;0.44;0.4461032748222351
0.38;0.3818169832229614;0.1;0.10259447246789932;0.18;0.17678353190422058
0.24;0.24005931615829468;0.64;0.6268978118896484;0.2;0.19375239312648773
0.34;0.3401303291320801;0.5;0.49928098917007446;0.1;0.1028168797492981
0.12;0.11965526640415192;0.74;0.7444212436676025;0.48;0.48706144094467163
0.52;0.5202104449272156;0.28;0.2773304581642151;0.5;0.4905691146850586
0.38;0.37981194257736206;0.5;0.5167595148086548;0.42;0.40775758028030396
0.36;0.3606833517551422;0.14;0.13847962021827698;0.32;0.3320469558238983
0.26;0.2598053514957428;0.4;0.4009043276309967;0.14;0.14961592853069305
0.26;0.2600170075893402;0.7;0.6777329444885254;0.26;0.24227440357208252
0.22;0.22000044584274292;0.5;0.49944940209388733;0.46;0.4603697657585144
0.34;0.33782219886779785;0.12;0.12043637782335281;0.46;0.4547935128211975
0.56;0.556316614151001;0.22;0.22630257904529572;0.36;0.3584919273853302
0.26;0.25956249237060547;0.72;0.6800593137741089;0.22;0.20495423674583435
0.5;0.4975051283836365;0.14;0.14063048362731934;0.4;0.3852899670600891
0.3;0.299970805644989;0.62;0.622002124786377;0.48;0.4796887934207916
0.34;0.3408409655094147;0.3;0.29941943287849426;0.48;0.4974667429924011
0.5;0.49969443678855896;0.28;0.2837093472480774;0.14;0.1347857415676117
0.22;0.2203272581100464;0.4;0.39348548650741577;0.24;0.24481768906116486
0.32;0.32032719254493713;0.52;0.5022966861724854;0.48;0.4475753903388977
0.66;0.6610336303710938;0.3;0.305742084980011;0.32;0.3189679980278015
0.14;0.13872408866882324;0.52;0.5230616927146912;0.34;0.33802974224090576
0.16;0.16754549741744995;0.36;0.34836384654045105;0.5;0.4881160259246826
0.54;0.5391079187393188;0.14;0.14388954639434814;0.26;0.2509334087371826
0.14;0.13959747552871704;0.7;0.6973835229873657;0.38;0.3803706765174866
0.2;0.20047369599342346;0.54;0.531940221786499;0.2;0.2033294141292572
0.34;0.33769696950912476;0.28;0.2900417447090149;0.34;0.32858288288116455
0.52;0.5224342942237854;0.16;0.1607520580291748;0.32;0.33469289541244507
0.22;0.21990607678890228;0.46;0.45749610662460327;0.42;0.41440239548683167
0.58;0.5784294605255127;0.2;0.2059955894947052;0.38;0.37061217427253723
0.5;0.49867862462997437;0.24;0.2778867781162262;0.22;0.21263889968395233
0.26;0.2568703889846802;0.2;0.1999174952507019;0.26;0.2314620316028595
0.48;0.4806414246559143;0.26;0.26736223697662354;0.42;0.4203461706638336
0.14;0.13913783431053162;0.7;0.7057047486305237;0.22;0.21600989997386932
0.28;0.2798523008823395;0.68;0.6886529326438904;0.48;0.4807371199131012
0.64;0.6401684284210205;0.26;0.26055875420570374;0.3;0.30044862627983093
0.16;0.15947724878787994;0.34;0.33980655670166016;0.44;0.44212836027145386
0.44;0.4458705186843872;0.22;0.21113324165344238;0.24;0.22757267951965332
0.68;0.6793694496154785;0.14;0.13837207853794098;0.24;0.22946834564208984
0.36;0.3597021698951721;0.34;0.3348069190979004;0.24;0.24104957282543182
0.48;0.486764132976532;0.24;0.22815650701522827;0.32;0.3498128056526184
0.14;0.14104601740837097;0.62;0.6253684163093567;0.44;0.45203810930252075
0.26;0.26005229353904724;0.38;0.3791377544403076;0.34;0.3419051766395569
0.5;0.5000742673873901;0.32;0.31866946816444397;0.42;0.4161945879459381
0.44;0.44146254658699036;0.24;0.23816503584384918;0.24;0.23392334580421448
0.12;0.11939734220504761;0.48;0.4838636517524719;0.38;0.3815046548843384
0.6;0.59902423620224;0.24;0.23512057960033417;0.42;0.42431968450546265
0.74;0.7407965660095215;0.2;0.19100947678089142;0.14;0.1439955234527588
0.7;0.6992189288139343;0.22;0.22000563144683838;0.38;0.3813767731189728
0.52;0.5203808546066284;0.34;0.3369740843772888;0.42;0.42160898447036743
0.4;0.39885595440864563;0.1;0.10708653926849365;0.16;0.1482619047164917
0.3;0.30138057470321655;0.22;0.21635158360004425;0.34;0.338701456785202
0.66;0.6531550288200378;0.14;0.13594405353069305;0.38;0.39797109365463257
0.32;0.3199096620082855;0.66;0.6098195910453796;0.14;0.13672420382499695
0.36;0.36026060581207275;0.6;0.6153930425643921;0.26;0.2579980790615082
0.2;0.20497456192970276;0.34;0.3255619406700134;0.1;0.10628198087215424
0.16;0.1587274968624115;0.58;0.5851016044616699;0.2;0.19865186512470245
0.14;0.139100581407547;0.74;0.7438937425613403;0.16;0.16456474363803864
0.7;0.6968605518341064;0.18;0.1858031302690506;0.32;0.31553635001182556
0.44;0.4402279555797577;0.38;0.3820803761482239;0.38;0.38600438833236694
0.7;0.7004576325416565;0.28;0.26244401931762695;0.46;0.4612721800804138
0.6;0.6018409132957458;0.26;0.26510030031204224;0.36;0.36998283863067627
0.28;0.27858856320381165;0.68;0.6903989315032959;0.14;0.1391807347536087
0.3;0.2972114086151123;0.1;0.10077167302370071;0.28;0.290330708026886
0.1;0.10082703083753586;0.76;0.7528744339942932;0.2;0.20094875991344452
0.66;0.6627400517463684;0.2;0.2035984843969345;0.48;0.48590439558029175
0.22;0.2212463617324829;0.46;0.4624593257904053;0.26;0.2644464373588562
0.68;0.6817806363105774;0.22;0.21203601360321045;0.38;0.3883274495601654
0.26;0.2616788148880005;0.26;0.26281994581222534;0.18;0.18799391388893127
0.4;0.40098094940185547;0.5;0.5085738897323608;0.16;0.16090229153633118
0.42;0.4204992949962616;0.22;0.2188040316104889;0.34;0.34044191241264343
0.42;0.41382965445518494;0.3;0.3084101378917694;0.18;0.18577852845191956
0.3;0.2987758219242096;0.28;0.295316219329834;0.12;0.11818389594554901
0.22;0.21918807923793793;0.56;0.5527963042259216;0.44;0.4402844309806824
0.16;0.15920783579349518;0.5;0.5026508569717407;0.2;0.1994858682155609
0.68;0.6808946132659912;0.28;0.2994603216648102;0.12;0.1238197535276413
0.26;0.26028457283973694;0.38;0.39490482211112976;0.2;0.19945991039276123
0.36;0.35996100306510925;0.54;0.5541231632232666;0.16;0.15368744730949402
0.6;0.6025253534317017;0.26;0.2674785256385803;0.38;0.38769280910491943
0.3;0.2987348139286041;0.1;0.10277563333511353;0.36;0.34296679496765137
0.1;0.10038351267576218;0.18;0.17092619836330414;0.24;0.2505553364753723
0.18;0.18032103776931763;0.58;0.5749555230140686;0.42;0.4178800582885742
0.16;0.16429878771305084;0.4;0.3947133719921112;0.22;0.21736326813697815
0.32;0.32062917947769165;0.52;0.4974089562892914;0.5;0.4629906713962555
0.12;0.1168280765414238;0.58;0.5675496459007263;0.5;0.4865366816520691
0.2;0.1998445838689804;0.46;0.4591979384422302;0.4;0.394768625497818
0.24;0.24151040613651276;0.26;0.2592402994632721;0.1;0.11513562500476837
0.16;0.1618979573249817;0.28;0.28206443786621094;0.38;0.38550958037376404
0.38;0.38000425696372986;0.38;0.3802390694618225;0.44;0.44451504945755005
0.24;0.23997680842876434;0.72;0.7192845940589905;0.32;0.31446272134780884
0.32;0.3195669949054718;0.4;0.39603766798973083;0.4;0.4060886800289154
0.34;0.3405415117740631;0.38;0.3684898018836975;0.48;0.47257938981056213
0.36;0.35988473892211914;0.46;0.4560033082962036;0.26;0.25848180055618286
0.34;0.34017524123191833;0.62;0.6346593499183655;0.38;0.37555235624313354
0.14;0.14097851514816284;0.52;0.517868161201477;0.3;0.2978215515613556
0.58;0.5795849561691284;0.38;0.3899390995502472;0.42;0.42118197679519653
0.12;0.12008362263441086;0.46;0.4596392810344696;0.38;0.3787840008735657
0.18;0.17996519804000854;0.4;0.39926233887672424;0.44;0.4414060711860657
0.32;0.32011404633522034;0.54;0.5408687591552734;0.34;0.332516610622406
0.12;0.12091579288244247;0.74;0.7400637865066528;0.32;0.3233838677406311
0.2;0.2010703831911087;0.38;0.37852051854133606;0.18;0.18219991028308868
0.26;0.2601446211338043;0.68;0.6853739023208618;0.12;0.11722943931818008
0.16;0.1648685336112976;0.22;0.22152937948703766;0.3;0.2958744466304779
0.14;0.1415419578552246;0.46;0.45798459649086;0.16;0.15686804056167603
0.26;0.2653561532497406;0.34;0.34381163120269775;0.5;0.48150449991226196
0.34;0.34022256731987;0.12;0.11881338804960251;0.4;0.4030984044075012
0.28;0.28013384342193604;0.68;0.6908091306686401;0.24;0.23751135170459747
0.24;0.24197155237197876;0.16;0.16641752421855927;0.32;0.3222883343696594
0.22;0.21549858152866364;0.2;0.21397583186626434;0.5;0.4679047465324402
0.12;0.1196063980460167;0.84;0.8603555560112;0.1;0.09951312839984894
0.64;0.6403390765190125;0.3;0.31599780917167664;0.16;0.16370223462581635
0.52;0.5212818384170532;0.14;0.13965533673763275;0.16;0.16045233607292175
0.32;0.3208341598510742;0.26;0.2595222294330597;0.38;0.3827288746833801
0.54;0.5465975403785706;0.12;0.11961636692285538;0.48;0.4788651466369629
0.56;0.55736243724823;0.12;0.11915285885334015;0.44;0.4524114727973938
0.16;0.16003920137882233;0.76;0.7771345376968384;0.18;0.17932459712028503
0.28;0.2830156981945038;0.14;0.12985238432884216;0.38;0.4116256833076477
0.14;0.14076948165893555;0.42;0.42177823185920715;0.4;0.40526145696640015
0.32;0.3271777629852295;0.3;0.2945050895214081;0.14;0.1436491459608078
0.28;0.2787741422653198;0.22;0.2192915678024292;0.3;0.2825263738632202
0.54;0.5398172736167908;0.38;0.3852783739566803;0.3;0.3011412024497986
0.1;0.10363291949033737;0.16;0.15251442790031433;0.38;0.39322444796562195
0.34;0.3417719900608063;0.18;0.17935419082641602;0.36;0.3540605902671814
0.34;0.3405926823616028;0.24;0.23539908230304718;0.28;0.28207579255104065
0.36;0.35768553614616394;0.18;0.17864598333835602;0.16;0.15135852992534637
0.28;0.2794024348258972;0.24;0.2602008581161499;0.5;0.4579757750034332
0.86;0.8428764939308167;0.12;0.10996736586093903;0.16;0.16185612976551056
0.32;0.31995314359664917;0.52;0.5119849443435669;0.22;0.23770055174827576
0.24;0.2391180396080017;0.6;0.6038191318511963;0.24;0.2444339096546173
0.4;0.40098100900650024;0.5;0.5015952587127686;0.18;0.1803787648677826
0.6;0.5821738243103027;0.1;0.10965435951948166;0.16;0.14881393313407898
0.44;0.4350276589393616;0.1;0.10719449073076248;0.18;0.17393286526203156
0.7;0.699632465839386;0.26;0.2572440803050995;0.3;0.30396053194999695
0.3;0.2998051047325134;0.54;0.5348665714263916;0.38;0.390629380941391
0.46;0.4599122405052185;0.28;0.2794822156429291;0.32;0.3192734718322754
0.16;0.16013376414775848;0.66;0.6590847373008728;0.34;0.34183648228645325
0.18;0.1810937374830246;0.66;0.6665626764297485;0.12;0.11826013028621674
0.74;0.7362093329429626;0.2;0.21207156777381897;0.46;0.4711412489414215
0.1;0.1001063883304596;0.68;0.6815850734710693;0.28;0.2604917585849762
0.12;0.12437883764505386;0.3;0.289297878742218;0.24;0.2541648745536804
0.32;0.3199821412563324;0.64;0.6212830543518066;0.22;0.21146531403064728
0.64;0.643290102481842;0.14;0.13733184337615967;0.14;0.134054496884346
0.42;0.42026329040527344;0.42;0.424183189868927;0.4;0.40385857224464417
0.32;0.3199838101863861;0.62;0.6359080076217651;0.18;0.18096503615379333
0.3;0.2976505160331726;0.16;0.16102775931358337;0.22;0.19278408586978912
0.1;0.10065567493438721;0.64;0.6428393721580505;0.32;0.3139626383781433
0.5;0.5021119713783264;0.18;0.18207216262817383;0.46;0.46325740218162537
0.22;0.22370022535324097;0.26;0.2506803572177887;0.24;0.24746422469615936
0.62;0.6137411594390869;0.12;0.12316793203353882;0.2;0.1930752992630005
0.18;0.17795178294181824;0.28;0.28873899579048157;0.24;0.24672627449035645
0.52;0.5203061699867249;0.3;0.30057767033576965;0.4;0.4046037793159485
0.3;0.3004668653011322;0.64;0.6437499523162842;0.32;0.32431358098983765
0.56;0.5609005689620972;0.34;0.33919548988342285;0.1;0.10083671659231186
0.24;0.2347543090581894;0.12;0.12260688096284866;0.46;0.4451518952846527
0.66;0.658387303352356;0.2;0.1944851577281952;0.1;0.1009163111448288
0.68;0.6781203746795654;0.16;0.16824360191822052;0.44;0.4230979084968567
0.36;0.3603289723396301;0.34;0.34690171480178833;0.14;0.15070895850658417
0.18;0.17999765276908875;0.56;0.5606808066368103;0.36;0.37588152289390564
0.2;0.1994820237159729;0.68;0.6776456236839294;0.5;0.4936819076538086
0.32;0.3204101026058197;0.48;0.47262927889823914;0.16;0.15855208039283752
0.48;0.48082441091537476;0.36;0.36429929733276367;0.26;0.2613911032676697
0.36;0.3582451343536377;0.48;0.49209824204444885;0.1;0.10263276100158691
0.5;0.4977545738220215;0.26;0.262275367975235;0.14;0.13355067372322083
0.44;0.4399581253528595;0.42;0.41611504554748535;0.44;0.447136789560318
0.16;0.16061928868293762;0.26;0.2592056095600128;0.18;0.1909673511981964
0.22;0.21986128389835358;0.72;0.7212820053100586;0.3;0.3003711998462677
0.3;0.2998846173286438;0.44;0.4370618760585785;0.36;0.36144405603408813
0.18;0.17265713214874268;0.16;0.15789978206157684;0.38;0.37906837463378906
0.24;0.2398209422826767;0.22;0.22869686782360077;0.2;0.17929114401340485
0.14;0.1390027105808258;0.48;0.4807412326335907;0.22;0.22357173264026642
0.16;0.159896120429039;0.62;0.6183916330337524;0.34;0.3443968594074249
0.56;0.560107946395874;0.4;0.39154088497161865;0.38;0.37920165061950684
0.22;0.22375404834747314;0.2;0.19228823482990265;0.12;0.13668790459632874
0.52;0.5267174243927002;0.14;0.14157509803771973;0.42;0.4133198857307434
0.14;0.14443887770175934;0.26;0.25676289200782776;0.22;0.22937460243701935
0.82;0.8203520178794861;0.14;0.1417006254196167;0.34;0.3486923575401306
0.14;0.14222583174705505;0.5;0.49713966250419617;0.14;0.14778557419776917
0.34;0.3397788107395172;0.34;0.33812057971954346;0.44;0.4419269561767578
0.54;0.5390945672988892;0.1;0.1027500107884407;0.28;0.27978968620300293
0.1;0.09979221224784851;0.7;0.6930943131446838;0.14;0.14514246582984924
0.26;0.25930100679397583;0.4;0.3986980617046356;0.4;0.4053975045681
0.18;0.18005098402500153;0.62;0.6240480542182922;0.28;0.2749303877353668
0.3;0.30010759830474854;0.6;0.6100708842277527;0.3;0.299990713596344
0.14;0.14152173697948456;0.36;0.3506510555744171;0.32;0.33321648836135864
0.22;0.22317253053188324;0.42;0.4284748435020447;0.18;0.1873302161693573
0.16;0.16004668176174164;0.76;0.7647215723991394;0.28;0.27979904413223267
0.6;0.6131187677383423;0.18;0.16608616709709167;0.26;0.273994117975235
0.74;0.7401518225669861;0.22;0.22554731369018555;0.28;0.2808779776096344
0.18;0.17828406393527985;0.4;0.40082716941833496;0.4;0.3988385796546936
0.32;0.31744807958602905;0.26;0.26207271218299866;0.26;0.2487974613904953
0.28;0.2805861830711365;0.38;0.3803393840789795;0.34;0.34296444058418274
0.26;0.25997453927993774;0.7;0.7115005850791931;0.4;0.39859890937805176
0.34;0.3401605188846588;0.36;0.36114928126335144;0.22;0.22204037010669708
0.52;0.5203467607498169;0.24;0.246676966547966;0.48;0.48012876510620117
0.2;0.19994956254959106;0.72;0.7238699793815613;0.16;0.1623450219631195
0.66;0.6605015397071838;0.26;0.2575916051864624;0.38;0.38031119108200073
0.22;0.22135598957538605;0.38;0.409702867269516;0.16;0.155206099152565
0.46;0.4623887538909912;0.12;0.12312871962785721;0.5;0.4876616597175598
0.34;0.3395666480064392;0.54;0.5393843054771423;0.28;0.2834773063659668
0.42;0.4189051389694214;0.2;0.20564119517803192;0.36;0.3591255843639374
0.22;0.2200009673833847;0.6;0.5999400615692139;0.32;0.32213300466537476
0.5;0.500649094581604;0.48;0.4611455798149109;0.22;0.221415713429451
0.8;0.7995625734329224;0.16;0.1769455075263977;0.16;0.16392023861408234
0.32;0.3213863968849182;0.12;0.11915933340787888;0.44;0.44044819474220276
0.16;0.1599525660276413;0.8;0.8066854476928711;0.16;0.1562797874212265
0.4;0.39699405431747437;0.16;0.15961089730262756;0.28;0.2909644842147827
0.12;0.12267551571130753;0.32;0.3180713355541229;0.44;0.44262298941612244
0.28;0.2799237370491028;0.48;0.4883544147014618;0.22;0.23119287192821503
