l1_test;l1_pred;l2_test;l2_pred;beta_test;beta_pred;
0.24;0.22302758693695068;0.1;0.13649563491344452;0.3;0.27869558334350586
0.2;0.1940157264471054;0.64;0.6505255699157715;0.22;0.231781005859375
0.7;0.6917458772659302;0.12;0.12290006875991821;0.32;0.3388518691062927
0.66;0.6751229763031006;0.22;0.22549889981746674;0.34;0.34817737340927124
0.34;0.3357316255569458;0.62;0.6018821597099304;0.5;0.47367626428604126
0.3;0.31349390745162964;0.66;0.5617580413818359;0.12;0.11313305050134659
0.38;0.3578104078769684;0.1;0.11872227489948273;0.26;0.13325552642345428
0.24;0.24763444066047668;0.74;0.6580389142036438;0.26;0.2457367479801178
0.46;0.4635692238807678;0.42;0.4548719823360443;0.32;0.3308852016925812
0.52;0.5196529030799866;0.28;0.30268394947052;0.42;0.45924216508865356
0.68;0.7065715789794922;0.24;0.21609683334827423;0.4;0.46282538771629333
0.42;0.4199508726596832;0.52;0.5458323955535889;0.36;0.4159722924232483
0.68;0.6703928112983704;0.26;0.2754823565483093;0.32;0.32988590002059937
0.24;0.24961189925670624;0.68;0.7030348181724548;0.36;0.3715948462486267
0.36;0.35120663046836853;0.38;0.4439716041088104;0.2;0.20813553035259247
0.18;0.1986227035522461;0.18;0.17222683131694794;0.32;0.34833282232284546
0.1;0.10760189592838287;0.52;0.6359832286834717;0.1;0.13421519100666046
0.1;0.09986873716115952;0.7;0.706817090511322;0.28;0.25608769059181213
0.58;0.5791235566139221;0.24;0.25272512435913086;0.4;0.4095476269721985
0.34;0.3425549268722534;0.32;0.33645930886268616;0.34;0.4034762978553772
0.3;0.29392850399017334;0.58;0.56276935338974;0.18;0.18278159201145172
0.26;0.26007112860679626;0.34;0.46419188380241394;0.18;0.29960066080093384
0.5;0.49176445603370667;0.16;0.17691566050052643;0.32;0.2943804860115051
0.32;0.31927525997161865;0.38;0.3715023696422577;0.46;0.43309441208839417
0.1;0.11189258843660355;0.38;0.37377095222473145;0.2;0.1685962826013565
0.66;0.6699952483177185;0.32;0.2407936006784439;0.38;0.37862977385520935
0.46;0.46417316794395447;0.2;0.20162777602672577;0.46;0.44989442825317383
0.52;0.5257856845855713;0.36;0.3561650812625885;0.36;0.37022846937179565
0.36;0.3592378795146942;0.22;0.22533796727657318;0.4;0.3835996985435486
0.14;0.15164072811603546;0.76;0.774483859539032;0.16;0.18588484823703766
0.12;0.11868395656347275;0.52;0.527376115322113;0.36;0.3573759198188782
0.24;0.2391292005777359;0.34;0.3586519956588745;0.48;0.4748525023460388
0.36;0.36041322350502014;0.56;0.5705854892730713;0.46;0.43359899520874023
0.18;0.18376819789409637;0.2;0.18176203966140747;0.34;0.4093382954597473
0.82;0.8314940333366394;0.1;0.1232316866517067;0.38;0.43961143493652344
0.16;0.1636541336774826;0.66;0.7299655079841614;0.12;0.13324160873889923
0.24;0.24315504729747772;0.66;0.6288242936134338;0.2;0.18778648972511292
0.42;0.4342969059944153;0.24;0.228801891207695;0.18;0.17273655533790588
0.4;0.3995459973812103;0.54;0.5150153636932373;0.48;0.45505133271217346
0.28;0.2794276475906372;0.32;0.3092721104621887;0.2;0.21957536041736603
0.22;0.2100691944360733;0.74;0.6955448985099792;0.32;0.284789115190506
0.5;0.5120468735694885;0.48;0.3854402005672455;0.12;0.11596836149692535
0.76;0.7350087761878967;0.14;0.1818317174911499;0.24;0.17898839712142944
0.38;0.38269782066345215;0.18;0.19493368268013;0.3;0.22230644524097443
0.1;0.10493176430463791;0.58;0.5726772546768188;0.5;0.4773513674736023
0.86;0.8605731725692749;0.1;0.11945641040802002;0.14;0.1446915566921234
0.4;0.4099277853965759;0.58;0.48561298847198486;0.22;0.20351310074329376
0.12;0.12122474610805511;0.34;0.3544387221336365;0.5;0.4931930899620056
0.14;0.14238686859607697;0.52;0.5318208932876587;0.44;0.4526308476924896
0.34;0.3493788242340088;0.16;0.14744363725185394;0.36;0.37572893500328064
0.46;0.4561484754085541;0.34;0.4159756004810333;0.16;0.14643636345863342
0.2;0.19963161647319794;0.38;0.40312299132347107;0.22;0.21725240349769592
0.48;0.4813256859779358;0.48;0.47407692670822144;0.5;0.4291561245918274
0.16;0.16187292337417603;0.28;0.30578988790512085;0.24;0.1672287881374359
0.12;0.11022726446390152;0.64;0.7001217007637024;0.36;0.41151079535484314
0.2;0.20079894363880157;0.4;0.37993085384368896;0.26;0.2524283230304718
0.36;0.3618093729019165;0.4;0.3906685411930084;0.38;0.36461934447288513
0.64;0.6440598964691162;0.22;0.2402997612953186;0.12;0.11547474563121796
0.56;0.5581172704696655;0.26;0.27608922123908997;0.3;0.24174027144908905
0.24;0.23958025872707367;0.3;0.29197680950164795;0.12;0.11905357986688614
0.3;0.29361316561698914;0.5;0.4955710470676422;0.14;0.13626976311206818
0.6;0.5974844694137573;0.36;0.32428252696990967;0.26;0.28045564889907837
0.6;0.5941950678825378;0.28;0.31051406264305115;0.16;0.14953112602233887
0.18;0.18785066902637482;0.34;0.3257322907447815;0.24;0.253898561000824
0.12;0.12924396991729736;0.56;0.554842472076416;0.16;0.1684112548828125
0.28;0.2792774438858032;0.54;0.49614641070365906;0.48;0.37253785133361816
0.52;0.5327044129371643;0.12;0.12386026233434677;0.4;0.4272167682647705
0.16;0.16064037382602692;0.8;0.6634534001350403;0.24;0.21835286915302277
0.76;0.7475268840789795;0.2;0.1947922259569168;0.16;0.1928183138370514
0.54;0.543067455291748;0.42;0.4143001437187195;0.18;0.22176137566566467
0.14;0.15627272427082062;0.26;0.2191382199525833;0.14;0.253347247838974
0.56;0.5611229538917542;0.3;0.32149142026901245;0.14;0.13973595201969147
0.24;0.23417700827121735;0.54;0.5451405644416809;0.12;0.1347627341747284
0.12;0.10724508762359619;0.2;0.24168889224529266;0.24;0.17100279033184052
0.4;0.4006887376308441;0.52;0.5143612623214722;0.36;0.37995466589927673
0.44;0.4421905279159546;0.24;0.235687255859375;0.22;0.23947274684906006
0.28;0.27748486399650574;0.66;0.6364856362342834;0.46;0.43066588044166565
0.38;0.37925398349761963;0.54;0.48105955123901367;0.24;0.15833130478858948
0.22;0.21482323110103607;0.46;0.4744248390197754;0.2;0.2102058231830597
0.6;0.6037142872810364;0.3;0.30906179547309875;0.48;0.4824964106082916
0.18;0.1827266812324524;0.58;0.6244398951530457;0.34;0.38980382680892944
0.48;0.4800560474395752;0.36;0.3949492275714874;0.34;0.32986384630203247
0.12;0.11285309493541718;0.58;0.57461017370224;0.36;0.3598380982875824
0.4;0.4082121253013611;0.36;0.3272401690483093;0.3;0.3103490471839905
0.52;0.48519212007522583;0.1;0.12393967807292938;0.22;0.18973733484745026
0.6;0.6050050854682922;0.34;0.3081391155719757;0.38;0.3842617869377136
0.1;0.10439743846654892;0.16;0.16381904482841492;0.4;0.34693989157676697
0.52;0.5199611186981201;0.44;0.42119020223617554;0.44;0.4707947373390198
0.46;0.46311160922050476;0.38;0.36257320642471313;0.26;0.2504286766052246
0.3;0.2943379878997803;0.18;0.1769961565732956;0.12;0.10673270374536514
0.18;0.18357118964195251;0.14;0.15363803505897522;0.5;0.4546439051628113
0.5;0.4807735085487366;0.12;0.13243775069713593;0.32;0.26519718766212463
0.18;0.17559941112995148;0.5;0.5159016251564026;0.28;0.285647451877594
0.12;0.14737708866596222;0.16;0.11955331265926361;0.18;0.258056104183197
0.5;0.5034245848655701;0.46;0.4152502417564392;0.5;0.46442365646362305
0.34;0.3426723778247833;0.56;0.47931504249572754;0.34;0.36157944798469543
0.26;0.2663276195526123;0.32;0.29977288842201233;0.28;0.3373909890651703
0.44;0.4336472153663635;0.32;0.3576090335845947;0.12;0.11503764241933823
0.3;0.3050519526004791;0.24;0.23188306391239166;0.22;0.2120305746793747
0.62;0.6159151792526245;0.28;0.3145250380039215;0.24;0.2613007426261902
0.52;0.5201223492622375;0.44;0.44941312074661255;0.3;0.29733556509017944
0.44;0.44145143032073975;0.36;0.39340323209762573;0.24;0.27440768480300903
0.16;0.16125844419002533;0.78;0.7422509789466858;0.42;0.4151495099067688
0.2;0.1996716856956482;0.52;0.49469026923179626;0.32;0.30114442110061646
0.8;0.7877309918403625;0.16;0.15449680387973785;0.44;0.39390185475349426
0.16;0.18271152675151825;0.36;0.3407108783721924;0.18;0.18339410424232483
0.36;0.3580436706542969;0.46;0.49489253759384155;0.32;0.31905049085617065
0.26;0.25009071826934814;0.66;0.641232430934906;0.46;0.44876065850257874
0.26;0.2536483705043793;0.72;0.6348066329956055;0.14;0.12593844532966614
0.12;0.1188548356294632;0.3;0.29231342673301697;0.34;0.34340769052505493
0.12;0.12292061001062393;0.7;0.7925860285758972;0.24;0.2625555098056793
0.16;0.16634054481983185;0.5;0.5210701823234558;0.28;0.3344686031341553
0.1;0.12149757146835327;0.38;0.35976576805114746;0.24;0.256422221660614
0.22;0.21598969399929047;0.74;0.6983782649040222;0.1;0.1070895791053772
0.54;0.5667682886123657;0.2;0.19202876091003418;0.5;0.48020657896995544
0.16;0.15350759029388428;0.24;0.2588888108730316;0.32;0.3156709372997284
0.4;0.40099281072616577;0.3;0.3213571310043335;0.26;0.2830480635166168
0.14;0.1207536906003952;0.1;0.11871597915887833;0.22;0.18304577469825745
0.38;0.3800492286682129;0.4;0.39741796255111694;0.44;0.4200124144554138
0.18;0.20394350588321686;0.6;0.64220130443573;0.1;0.1057453528046608
0.36;0.35097694396972656;0.4;0.5173705220222473;0.1;0.12446955591440201
0.18;0.19173915684223175;0.62;0.6955041289329529;0.38;0.44968652725219727
0.2;0.1986074000597;0.22;0.19384190440177917;0.34;0.3652627170085907
0.38;0.3765767216682434;0.22;0.22109556198120117;0.16;0.15481066703796387
0.1;0.10203130543231964;0.8;0.8067053556442261;0.3;0.294808954000473
0.12;0.11781001836061478;0.14;0.14691846072673798;0.4;0.32053637504577637
0.12;0.11756158620119095;0.12;0.10819795727729797;0.12;0.17389178276062012
0.32;0.3125778138637543;0.34;0.39584559202194214;0.2;0.23608174920082092
0.66;0.6558806896209717;0.2;0.24383506178855896;0.46;0.4624311327934265
0.2;0.19004881381988525;0.66;0.7402873039245605;0.34;0.34676235914230347
0.26;0.25475379824638367;0.56;0.5539408326148987;0.38;0.36871808767318726
0.56;0.5691525340080261;0.38;0.3744675815105438;0.2;0.19986502826213837
0.34;0.3632133901119232;0.24;0.21613962948322296;0.1;0.11611155420541763
0.36;0.34655845165252686;0.3;0.3629630208015442;0.22;0.24783435463905334
0.3;0.2965434789657593;0.66;0.6096373796463013;0.34;0.31012871861457825
0.28;0.3012588918209076;0.14;0.12301560491323471;0.26;0.21433869004249573
0.12;0.11049167811870575;0.1;0.13476495444774628;0.42;0.26360565423965454
0.16;0.17058934271335602;0.26;0.253545880317688;0.44;0.45930251479148865
0.62;0.6207519769668579;0.22;0.2556968331336975;0.36;0.3347908556461334
0.6;0.6065471172332764;0.36;0.3324674367904663;0.36;0.35673680901527405
0.24;0.24337314069271088;0.7;0.6852524876594543;0.24;0.2588779926300049
0.1;0.10209367424249649;0.56;0.5476524233818054;0.5;0.48340272903442383
0.2;0.20003631711006165;0.38;0.383931428194046;0.44;0.4613848626613617
0.22;0.2069086730480194;0.76;0.6923186182975769;0.18;0.18015797436237335
0.28;0.29746922850608826;0.28;0.26792025566101074;0.14;0.1403922289609909
0.6;0.5753475427627563;0.24;0.3141455054283142;0.12;0.1465703547000885
0.1;0.1017715334892273;0.64;0.6294503808021545;0.24;0.23009543120861053
0.62;0.6244957447052002;0.32;0.32816076278686523;0.22;0.22853143513202667
0.26;0.22596348822116852;0.16;0.17588403820991516;0.14;0.21091048419475555
0.38;0.37771114706993103;0.46;0.4245607554912567;0.4;0.38598161935806274
0.2;0.195914626121521;0.68;0.6139946579933167;0.36;0.2920202612876892
0.22;0.21404407918453217;0.66;0.6946277618408203;0.24;0.2596126198768616
0.72;0.7191527485847473;0.26;0.22797606885433197;0.46;0.45636576414108276
0.66;0.6558288931846619;0.22;0.2124926894903183;0.4;0.38942644000053406
0.32;0.32183054089546204;0.56;0.5873194932937622;0.42;0.4503316879272461
0.5;0.4878556728363037;0.28;0.35686758160591125;0.1;0.11276392638683319
0.32;0.31417348980903625;0.6;0.5699475407600403;0.4;0.31206753849983215
0.28;0.28444868326187134;0.36;0.39204534888267517;0.24;0.3219568133354187
0.16;0.17085851728916168;0.14;0.123427614569664;0.16;0.27890437841415405
0.34;0.3396703004837036;0.32;0.3403206467628479;0.3;0.362081915140152
0.38;0.38200366497039795;0.5;0.5170744061470032;0.28;0.26437908411026
0.36;0.3725588321685791;0.4;0.4184494912624359;0.26;0.3154204487800598
0.4;0.39820343255996704;0.44;0.4509798586368561;0.36;0.3179911971092224
0.64;0.6372630000114441;0.3;0.2528853118419647;0.44;0.4644264280796051
0.12;0.12886609137058258;0.24;0.2318221777677536;0.26;0.2959263026714325
0.3;0.30193421244621277;0.52;0.5623012781143188;0.28;0.29886865615844727
0.68;0.6633844971656799;0.22;0.2558029890060425;0.18;0.2079813927412033
0.2;0.2055695503950119;0.5;0.5022041201591492;0.32;0.3402024507522583
0.14;0.13640066981315613;0.3;0.28028085827827454;0.16;0.20253868401050568
0.66;0.6564461588859558;0.12;0.15386570990085602;0.24;0.21534697711467743
0.78;0.7648017406463623;0.18;0.15883322060108185;0.46;0.4319777488708496
0.38;0.3845572769641876;0.44;0.4563301205635071;0.28;0.3059174418449402
0.44;0.4389761686325073;0.4;0.49709874391555786;0.28;0.31183600425720215
0.72;0.7048566937446594;0.18;0.20626544952392578;0.42;0.39003294706344604
0.32;0.3252878487110138;0.5;0.5116572380065918;0.3;0.29577502608299255
0.28;0.2276986986398697;0.1;0.15046902000904083;0.2;0.18201999366283417
0.34;0.3409969210624695;0.26;0.2656062841415405;0.38;0.3941364884376526
0.12;0.11886068433523178;0.7;0.6872142553329468;0.38;0.385091632604599
0.44;0.4441969096660614;0.24;0.23169292509555817;0.36;0.3931572437286377
0.44;0.4427329897880554;0.54;0.48244521021842957;0.38;0.3781088888645172
0.28;0.27332305908203125;0.26;0.2626709043979645;0.1;0.11586783826351166
0.2;0.2047657072544098;0.36;0.4958896338939667;0.16;0.23305077850818634
0.1;0.0995163545012474;0.14;0.13575229048728943;0.4;0.448408305644989
0.34;0.3409499526023865;0.28;0.26473158597946167;0.24;0.2517527937889099
0.84;0.8357940316200256;0.1;0.12845949828624725;0.44;0.3953936696052551
0.34;0.3424544036388397;0.34;0.3343947231769562;0.42;0.4137364327907562
0.54;0.5436209440231323;0.32;0.3272107243537903;0.2;0.19622167944908142
0.32;0.31309574842453003;0.18;0.19485661387443542;0.42;0.40241941809654236
0.74;0.7098856568336487;0.1;0.15691637992858887;0.1;0.18000049889087677
0.28;0.27165547013282776;0.56;0.514060914516449;0.48;0.41928958892822266
0.1;0.09822873026132584;0.84;0.83616042137146;0.28;0.2638760507106781
0.14;0.14236167073249817;0.84;0.7786905169487;0.44;0.4381893277168274
0.44;0.44039487838745117;0.5;0.494350403547287;0.26;0.26649633049964905
0.36;0.3618903160095215;0.58;0.579881489276886;0.28;0.29594796895980835
0.28;0.28191256523132324;0.7;0.5849364399909973;0.2;0.18755090236663818
0.4;0.4015963077545166;0.56;0.5315049290657043;0.5;0.4425044059753418
0.16;0.15897712111473083;0.76;0.7601380348205566;0.14;0.1341426819562912
0.26;0.28613030910491943;0.28;0.22916679084300995;0.1;0.1281273066997528
0.1;0.1102200597524643;0.8;0.8137719631195068;0.28;0.2613983750343323
0.46;0.4256977140903473;0.14;0.16387194395065308;0.18;0.1518246829509735
0.32;0.3525178134441376;0.14;0.11683010309934616;0.2;0.18973693251609802
0.4;0.4061685800552368;0.22;0.21733605861663818;0.28;0.2611285150051117
0.26;0.2314181923866272;0.14;0.17267072200775146;0.44;0.40896353125572205
0.34;0.3418287932872772;0.38;0.36720040440559387;0.44;0.3800686299800873
0.6;0.5977248549461365;0.32;0.3046705722808838;0.28;0.2663815915584564
0.16;0.15635578334331512;0.26;0.28018999099731445;0.34;0.3057563900947571
0.1;0.11868403851985931;0.24;0.21880166232585907;0.22;0.2749447226524353
0.16;0.1538265496492386;0.12;0.12806397676467896;0.28;0.24118375778198242
0.14;0.13661545515060425;0.82;0.7723767757415771;0.12;0.1162409782409668
0.3;0.2995169460773468;0.1;0.11227579414844513;0.38;0.45279034972190857
0.34;0.3616780638694763;0.28;0.25621989369392395;0.16;0.18966510891914368
0.28;0.2854922115802765;0.3;0.3029525578022003;0.3;0.3000946342945099
0.32;0.3214673399925232;0.26;0.26215341687202454;0.28;0.32825589179992676
0.28;0.27452948689460754;0.66;0.6992074847221375;0.34;0.3558005690574646
0.72;0.7372810244560242;0.26;0.20827089250087738;0.36;0.3984237611293793
0.1;0.1086072102189064;0.3;0.2767323851585388;0.26;0.23316602408885956
0.14;0.14823776483535767;0.68;0.7236059904098511;0.22;0.22336649894714355
0.2;0.19858647882938385;0.32;0.31748709082603455;0.36;0.36628058552742004
0.12;0.12315389513969421;0.32;0.29913783073425293;0.14;0.14436103403568268
0.8;0.8321328163146973;0.12;0.1138363927602768;0.16;0.21662752330303192
0.2;0.19634583592414856;0.72;0.7041259407997131;0.24;0.22295399010181427
0.32;0.333695650100708;0.18;0.1772044152021408;0.26;0.27289485931396484
0.32;0.3190951347351074;0.4;0.39807963371276855;0.48;0.43648043274879456
0.16;0.17070460319519043;0.44;0.42431631684303284;0.36;0.36860930919647217
0.62;0.6247232556343079;0.28;0.29706111550331116;0.36;0.3540094494819641
0.12;0.10846875607967377;0.34;0.3504576086997986;0.24;0.23381085693836212
0.52;0.5224774479866028;0.46;0.4232679307460785;0.5;0.47892752289772034
0.18;0.18171513080596924;0.78;0.8046603798866272;0.22;0.2424885332584381
0.42;0.4226076006889343;0.38;0.3823848366737366;0.4;0.40644484758377075
0.4;0.4021931290626526;0.32;0.33543625473976135;0.44;0.4817383885383606
0.24;0.24947765469551086;0.46;0.5636959671974182;0.14;0.16526232659816742
0.44;0.43705078959465027;0.3;0.3043208122253418;0.26;0.24320057034492493
0.4;0.3936043977737427;0.1;0.10690812766551971;0.4;0.3426966667175293
0.56;0.5737156271934509;0.34;0.29014623165130615;0.4;0.364571750164032
0.58;0.5907556414604187;0.28;0.27057409286499023;0.34;0.3573966920375824
0.86;0.772633969783783;0.1;0.14496785402297974;0.16;0.13464072346687317
0.3;0.29215821623802185;0.2;0.22020301222801208;0.3;0.2768872380256653
0.4;0.403525710105896;0.4;0.37249451875686646;0.2;0.19063416123390198
0.62;0.6250706315040588;0.18;0.16592587530612946;0.42;0.44108980894088745
0.26;0.27508223056793213;0.56;0.5142369866371155;0.14;0.1444683074951172
0.12;0.13633647561073303;0.7;0.6888295412063599;0.16;0.15875199437141418
0.14;0.1463640332221985;0.62;0.6302067041397095;0.42;0.4644695222377777
0.42;0.41752928495407104;0.56;0.5229981541633606;0.2;0.1748991459608078
0.54;0.535810649394989;0.32;0.3882601261138916;0.22;0.1953551471233368
0.72;0.7076547145843506;0.12;0.12183268368244171;0.12;0.1470644176006317
0.36;0.3562934994697571;0.38;0.3998644948005676;0.22;0.19698455929756165
0.22;0.21092882752418518;0.68;0.6401468515396118;0.18;0.17082273960113525
0.2;0.2017098069190979;0.34;0.324637234210968;0.38;0.41865116357803345
0.48;0.4559602737426758;0.16;0.18285955488681793;0.14;0.11738333851099014
0.14;0.1412116438150406;0.22;0.21975016593933105;0.26;0.2664295434951782
0.4;0.4065428674221039;0.26;0.24270619451999664;0.14;0.1698148548603058
0.44;0.43533775210380554;0.2;0.20069848001003265;0.24;0.2470562905073166
0.18;0.1853589564561844;0.68;0.6419851779937744;0.22;0.1996917426586151
0.52;0.5244176983833313;0.12;0.13200479745864868;0.34;0.274165540933609
0.26;0.2596321702003479;0.3;0.3035159707069397;0.26;0.2908785045146942
0.72;0.6956923604011536;0.18;0.22738724946975708;0.18;0.16007056832313538
0.62;0.6270613670349121;0.16;0.15035876631736755;0.1;0.14754581451416016
0.22;0.2005937397480011;0.22;0.25305840373039246;0.44;0.3982478678226471
0.16;0.1597747802734375;0.2;0.2016395777463913;0.36;0.32215777039527893
0.72;0.7141537070274353;0.22;0.21409450471401215;0.34;0.3245493769645691
0.2;0.19951507449150085;0.74;0.783683180809021;0.18;0.18553361296653748
0.18;0.16622576117515564;0.14;0.13516129553318024;0.14;0.2798972427845001
0.22;0.2223013937473297;0.44;0.4460732638835907;0.32;0.3332081735134125
0.22;0.21345770359039307;0.7;0.6381300687789917;0.32;0.22287973761558533
0.7;0.7030080556869507;0.28;0.20420627295970917;0.22;0.24784255027770996
0.54;0.5487961173057556;0.12;0.11878011375665665;0.42;0.4298616349697113
0.1;0.11213522404432297;0.86;0.8274368047714233;0.18;0.19608423113822937
0.34;0.35100311040878296;0.52;0.48890358209609985;0.24;0.2172939032316208
0.54;0.5471031665802002;0.18;0.17311297357082367;0.34;0.328563392162323
0.34;0.34072020649909973;0.58;0.5614981651306152;0.5;0.47575902938842773
0.6;0.6342928409576416;0.14;0.11921578645706177;0.1;0.1815958321094513
0.26;0.256915420293808;0.3;0.2784540057182312;0.3;0.34550410509109497
0.16;0.16909433901309967;0.44;0.42691662907600403;0.48;0.491598516702652
0.18;0.16203412413597107;0.46;0.4491119682788849;0.12;0.12196968495845795
0.18;0.17509400844573975;0.5;0.48336172103881836;0.5;0.46930980682373047
0.26;0.26007333397865295;0.1;0.11739784479141235;0.32;0.251493364572525
0.48;0.48073622584342957;0.34;0.3363170623779297;0.46;0.4814799427986145
0.38;0.3840709328651428;0.34;0.33574751019477844;0.42;0.43405094742774963
0.12;0.12749788165092468;0.46;0.4420086443424225;0.18;0.1903313398361206
0.38;0.3142094612121582;0.14;0.18937541544437408;0.1;0.1551070213317871
0.72;0.7758870720863342;0.14;0.17647641897201538;0.1;0.15135057270526886
0.34;0.3596861958503723;0.54;0.3948831558227539;0.2;0.13898338377475739
0.22;0.22922205924987793;0.56;0.5757527351379395;0.34;0.3470219075679779
0.1;0.11154255270957947;0.12;0.1123567596077919;0.2;0.19180414080619812
0.24;0.23655174672603607;0.28;0.2931059002876282;0.36;0.3455505669116974
0.46;0.45584017038345337;0.42;0.4774354100227356;0.2;0.21992488205432892
0.36;0.36004772782325745;0.46;0.5071386098861694;0.24;0.26258522272109985
0.38;0.38177865743637085;0.54;0.5013787150382996;0.22;0.2044205665588379
0.72;0.7034985423088074;0.2;0.20630748569965363;0.28;0.25325074791908264
0.84;0.8220487833023071;0.12;0.12269243597984314;0.34;0.28317245841026306
0.14;0.13775886595249176;0.6;0.5785164833068848;0.46;0.41997653245925903
0.38;0.3802388608455658;0.6;0.5336720943450928;0.34;0.3267819881439209
0.68;0.6789591312408447;0.3;0.24078990519046783;0.36;0.38930174708366394
0.66;0.6616706848144531;0.2;0.2552366554737091;0.16;0.15681064128875732
0.22;0.21261051297187805;0.22;0.23914124071598053;0.5;0.456850528717041
0.42;0.42154139280319214;0.48;0.45160922408103943;0.44;0.3846052587032318
0.1;0.10407554358243942;0.52;0.5078929662704468;0.36;0.35539674758911133
0.26;0.2613542973995209;0.36;0.36018770933151245;0.28;0.31432586908340454
0.38;0.41028648614883423;0.52;0.46313992142677307;0.1;0.10662605613470078
0.4;0.4005088806152344;0.32;0.33222219347953796;0.4;0.4677984118461609
0.24;0.24121029675006866;0.62;0.6177608370780945;0.12;0.11202464252710342
0.52;0.5290762186050415;0.42;0.37558993697166443;0.1;0.11438599973917007
0.2;0.19655434787273407;0.24;0.2422623187303543;0.46;0.4469401240348816
0.18;0.17838352918624878;0.7;0.655883252620697;0.4;0.3888717293739319
0.38;0.3823268413543701;0.24;0.25958871841430664;0.48;0.4304535984992981
0.18;0.1705876886844635;0.1;0.12012031674385071;0.34;0.2476244866847992
0.14;0.1322963386774063;0.68;0.7407482862472534;0.32;0.30326223373413086
0.16;0.16159024834632874;0.42;0.4174916446208954;0.44;0.4775375425815582
0.28;0.2844221591949463;0.3;0.2875123918056488;0.42;0.43991994857788086
0.5;0.5092640519142151;0.12;0.10951193422079086;0.22;0.21584577858448029
0.16;0.16008557379245758;0.66;0.6366053819656372;0.5;0.4628876745700836
0.38;0.3833434581756592;0.44;0.3835446536540985;0.38;0.3141164183616638
0.14;0.14997027814388275;0.18;0.1465669721364975;0.1;0.1855757087469101
0.34;0.3411910831928253;0.16;0.16787980496883392;0.24;0.20769977569580078
0.16;0.16488344967365265;0.54;0.5431340336799622;0.38;0.3809806704521179
0.12;0.12070956081151962;0.38;0.36844468116760254;0.26;0.2817258834838867
0.6;0.5957930088043213;0.38;0.34088191390037537;0.32;0.3320673704147339
0.24;0.23872987926006317;0.62;0.6126908659934998;0.34;0.32564491033554077
0.8;0.7777464985847473;0.12;0.18025271594524384;0.26;0.27380162477493286
0.72;0.690319836139679;0.1;0.12203522026538849;0.3;0.30400294065475464
0.46;0.4854687750339508;0.18;0.15411876142024994;0.1;0.12260298430919647
0.2;0.2049119621515274;0.48;0.5952103734016418;0.14;0.1759440153837204
0.16;0.165565624833107;0.1;0.10861995071172714;0.22;0.23143844306468964
0.22;0.23517747223377228;0.26;0.2305031418800354;0.1;0.13654063642024994
0.68;0.6816418766975403;0.2;0.2232111394405365;0.46;0.4468962550163269
0.12;0.1284535527229309;0.42;0.5434651970863342;0.1;0.1241045743227005
0.12;0.1162516325712204;0.58;0.5814273357391357;0.46;0.4634069502353668
0.58;0.5782639980316162;0.26;0.3086145222187042;0.34;0.35193049907684326
0.5;0.4872797131538391;0.1;0.1627965122461319;0.22;0.14424173533916473
0.46;0.45557838678359985;0.12;0.12642644345760345;0.48;0.4495241045951843
0.46;0.45989611744880676;0.36;0.36234351992607117;0.46;0.4710690379142761
0.34;0.3363172709941864;0.48;0.5246356129646301;0.18;0.19071432948112488
0.24;0.23211237788200378;0.58;0.6222459673881531;0.42;0.40825051069259644
0.64;0.632789671421051;0.32;0.2716407775878906;0.12;0.12112077325582504
0.1;0.09780876338481903;0.42;0.4130730628967285;0.5;0.4828508496284485
0.44;0.4403121769428253;0.42;0.4477900266647339;0.26;0.30865269899368286
0.32;0.31999683380126953;0.62;0.6121729016304016;0.34;0.30440276861190796
0.3;0.2996787130832672;0.3;0.30402031540870667;0.48;0.4680047929286957
0.18;0.183182030916214;0.78;0.7764012813568115;0.48;0.4941771626472473
0.28;0.26933056116104126;0.28;0.2795606255531311;0.12;0.12354923784732819
0.1;0.12324787676334381;0.16;0.12008991092443466;0.16;0.3208773732185364
0.2;0.19138586521148682;0.74;0.6478800773620605;0.48;0.45122164487838745
0.32;0.31928813457489014;0.24;0.26414918899536133;0.36;0.29575276374816895
0.52;0.5406992435455322;0.46;0.35813459753990173;0.1;0.11125578731298447
0.58;0.5694031119346619;0.22;0.25772911310195923;0.28;0.27229902148246765
0.7;0.6787856221199036;0.16;0.2082468867301941;0.3;0.2580084204673767
0.68;0.6684266328811646;0.26;0.27707982063293457;0.46;0.46283236145973206
0.22;0.21525514125823975;0.64;0.6371326446533203;0.38;0.3635389506816864
0.4;0.4010615646839142;0.32;0.3092242181301117;0.26;0.2899388372898102
0.4;0.4252307116985321;0.22;0.20803646743297577;0.18;0.16183283925056458
0.14;0.14661605656147003;0.58;0.5694155097007751;0.36;0.34292250871658325
0.1;0.09929349273443222;0.88;0.8430318832397461;0.46;0.4372497498989105
0.26;0.25961196422576904;0.16;0.14580461382865906;0.16;0.24756307899951935
0.5;0.47766274213790894;0.12;0.13407017290592194;0.42;0.4186677932739258
0.16;0.15838411450386047;0.6;0.6490575671195984;0.32;0.3496863842010498
0.6;0.6021726727485657;0.32;0.32159972190856934;0.32;0.30450439453125
0.26;0.2685202658176422;0.48;0.4817920923233032;0.14;0.16201703250408173
0.74;0.743341863155365;0.14;0.2245926558971405;0.28;0.266557514667511
0.1;0.09797428548336029;0.6;0.5982508063316345;0.36;0.39871975779533386
0.8;0.766323447227478;0.12;0.185255229473114;0.2;0.13915857672691345
0.32;0.31752005219459534;0.12;0.11378779262304306;0.42;0.4868970513343811
0.28;0.27459484338760376;0.34;0.35498276352882385;0.34;0.38838741183280945
0.34;0.33928367495536804;0.26;0.2568841278553009;0.4;0.41388067603111267
0.16;0.15428364276885986;0.26;0.27059251070022583;0.5;0.4841793477535248
0.6;0.6032994389533997;0.32;0.3105190098285675;0.34;0.32810989022254944
0.32;0.3220349848270416;0.16;0.1552383303642273;0.44;0.47572487592697144
0.44;0.44228866696357727;0.48;0.4518245458602905;0.12;0.11901799589395523
0.48;0.4819090664386749;0.3;0.2939620018005371;0.46;0.45414304733276367
0.44;0.4421670436859131;0.12;0.12129564583301544;0.42;0.41776394844055176
0.1;0.1069461777806282;0.72;0.7271288633346558;0.2;0.19843418896198273
0.2;0.20834507048130035;0.14;0.13611629605293274;0.26;0.28508299589157104
0.74;0.7113025188446045;0.24;0.19108018279075623;0.14;0.12519614398479462
0.56;0.5576227307319641;0.34;0.3668704032897949;0.14;0.1383146345615387
0.64;0.6288357973098755;0.28;0.2945706248283386;0.16;0.1622420996427536
0.2;0.1997198462486267;0.64;0.6558409333229065;0.24;0.25372686982154846
0.1;0.10191798210144043;0.68;0.7469683289527893;0.12;0.12422855198383331
0.8;0.8031796813011169;0.16;0.14794884622097015;0.18;0.19525572657585144
0.52;0.5149332284927368;0.24;0.2567361891269684;0.44;0.39254385232925415
0.14;0.13130822777748108;0.74;0.7678033709526062;0.2;0.198717400431633
0.12;0.12303431332111359;0.48;0.4919925928115845;0.34;0.34552907943725586
0.14;0.14329391717910767;0.46;0.429735004901886;0.22;0.2096395045518875
0.24;0.2361152619123459;0.36;0.3724927306175232;0.42;0.4193187654018402
0.24;0.24167731404304504;0.38;0.36526399850845337;0.46;0.45468801259994507
0.22;0.22693997621536255;0.36;0.3610360324382782;0.44;0.4560202658176422
0.36;0.3556865453720093;0.26;0.2570662498474121;0.42;0.45461544394493103
0.58;0.5659981966018677;0.1;0.11884115636348724;0.16;0.14094235002994537
0.18;0.17179925739765167;0.66;0.6632329821586609;0.32;0.3011443018913269
0.14;0.13310548663139343;0.44;0.45467984676361084;0.46;0.4459694027900696
0.28;0.27263835072517395;0.58;0.5775997638702393;0.22;0.21352973580360413
0.42;0.419940322637558;0.32;0.32899218797683716;0.44;0.41266900300979614
0.48;0.4797936975955963;0.28;0.2840326428413391;0.3;0.2972278892993927
0.18;0.19978442788124084;0.78;0.6671599745750427;0.14;0.14070597290992737
0.2;0.19785012304782867;0.22;0.24641431868076324;0.24;0.25106948614120483
0.34;0.3419477939605713;0.38;0.37667450308799744;0.24;0.2263929843902588
0.2;0.1946982592344284;0.66;0.6916372179985046;0.38;0.374805748462677
0.6;0.5940649509429932;0.36;0.3218649625778198;0.16;0.1738494634628296
0.7;0.6954665780067444;0.24;0.2392440140247345;0.5;0.49612265825271606
0.56;0.5537991523742676;0.32;0.36427056789398193;0.28;0.28228113055229187
0.56;0.5749869346618652;0.4;0.2846304774284363;0.28;0.3080328106880188
0.22;0.23042131960391998;0.2;0.17692939937114716;0.38;0.4581637978553772
0.3;0.3084615468978882;0.68;0.5619813799858093;0.2;0.17627683281898499
0.72;0.7172921895980835;0.26;0.19769243896007538;0.26;0.26729816198349
0.52;0.5082116723060608;0.2;0.19935612380504608;0.4;0.4294584393501282
0.22;0.22373858094215393;0.54;0.6292504072189331;0.26;0.31206563115119934
0.5;0.5092549324035645;0.36;0.3406393527984619;0.2;0.1482507288455963
0.44;0.49139395356178284;0.18;0.14776825904846191;0.12;0.16736702620983124
0.22;0.21502035856246948;0.7;0.6865596175193787;0.26;0.23885998129844666
0.12;0.12335766106843948;0.68;0.7479822635650635;0.16;0.16188645362854004
0.44;0.4492930769920349;0.18;0.16207432746887207;0.4;0.42664623260498047
0.12;0.14022332429885864;0.16;0.1132899820804596;0.1;0.22905965149402618
0.38;0.3673538863658905;0.18;0.2003944218158722;0.28;0.2667213976383209
0.36;0.36457937955856323;0.14;0.14400525391101837;0.46;0.4561888575553894
0.1;0.10050306469202042;0.42;0.40987521409988403;0.44;0.421114444732666
0.26;0.2551593780517578;0.34;0.36179277300834656;0.36;0.3697247803211212
0.22;0.20185574889183044;0.7;0.6703721880912781;0.12;0.11081691086292267
0.18;0.192183718085289;0.12;0.12264584004878998;0.36;0.266096830368042
0.42;0.41671404242515564;0.42;0.43400874733924866;0.48;0.4370325207710266
0.34;0.33944952487945557;0.24;0.2513372600078583;0.44;0.4263855516910553
0.24;0.24396765232086182;0.48;0.49890291690826416;0.38;0.43190184235572815
0.76;0.7570050954818726;0.18;0.17375655472278595;0.36;0.3623783588409424
0.3;0.3052842319011688;0.46;0.4418349862098694;0.26;0.240682452917099
0.18;0.1817183941602707;0.46;0.45631495118141174;0.46;0.46306905150413513
0.64;0.6285808086395264;0.34;0.31115859746932983;0.2;0.21478652954101562
0.2;0.18764840066432953;0.1;0.11881149560213089;0.2;0.19696232676506042
0.14;0.15058861672878265;0.48;0.49610811471939087;0.24;0.23968032002449036
0.48;0.46897056698799133;0.3;0.42085927724838257;0.1;0.11850019544363022
0.34;0.34564459323883057;0.48;0.45757097005844116;0.16;0.15497680008411407
0.36;0.3731592893600464;0.58;0.5832207202911377;0.18;0.16515839099884033
0.18;0.17927305400371552;0.22;0.2337130606174469;0.38;0.34199976921081543
0.64;0.6416414380073547;0.14;0.14101581275463104;0.2;0.23081645369529724
0.22;0.21347853541374207;0.68;0.6808968782424927;0.14;0.1253676861524582
0.3;0.31491905450820923;0.14;0.12320402264595032;0.36;0.46598634123802185
0.5;0.4933030307292938;0.16;0.16760781407356262;0.4;0.3684011697769165
0.26;0.25859764218330383;0.64;0.6460621953010559;0.18;0.1721440702676773
0.26;0.26516780257225037;0.34;0.3411428928375244;0.3;0.27986234426498413
0.14;0.1386709362268448;0.28;0.28318095207214355;0.16;0.20189198851585388
0.14;0.12195628881454468;0.12;0.15600930154323578;0.42;0.2639390528202057
0.5;0.5075674653053284;0.38;0.347114622592926;0.16;0.1293228715658188
0.52;0.5197350382804871;0.32;0.29437097907066345;0.34;0.3536561131477356
0.68;0.6644198894500732;0.1;0.10398933291435242;0.34;0.30140453577041626
0.4;0.3930981159210205;0.32;0.4373449683189392;0.12;0.13180917501449585
0.18;0.17927633225917816;0.46;0.45249417424201965;0.48;0.47593745589256287
0.2;0.20701026916503906;0.26;0.2296864539384842;0.14;0.16194219887256622
0.14;0.13653554022312164;0.14;0.11586781591176987;0.16;0.2764151692390442
0.54;0.5418849587440491;0.26;0.289077490568161;0.5;0.4912998676300049
0.72;0.7032850384712219;0.12;0.10306887328624725;0.34;0.3826018273830414
0.24;0.23182781040668488;0.52;0.49691975116729736;0.28;0.2858389914035797
0.18;0.1714046448469162;0.66;0.7007398009300232;0.16;0.16725516319274902
0.2;0.1836441457271576;0.24;0.2584987282752991;0.2;0.18998020887374878
0.42;0.42761749029159546;0.34;0.34375274181365967;0.2;0.2200612723827362
0.5;0.5038642883300781;0.34;0.3500903248786926;0.32;0.33202964067459106
0.28;0.2950595021247864;0.62;0.564922034740448;0.16;0.1388302743434906
0.14;0.14051291346549988;0.5;0.4912092983722687;0.32;0.30379459261894226
0.86;0.8330690860748291;0.12;0.15214583277702332;0.4;0.28288140892982483
0.68;0.6777527928352356;0.26;0.2585051953792572;0.16;0.1768931895494461
0.1;0.10458328574895859;0.32;0.31182971596717834;0.3;0.2911990284919739
0.16;0.15363457798957825;0.3;0.31329500675201416;0.48;0.47086232900619507
0.42;0.4102540612220764;0.36;0.37440231442451477;0.26;0.2832064628601074
0.22;0.22830238938331604;0.38;0.3647041320800781;0.32;0.302175909280777
0.46;0.46003153920173645;0.16;0.1607750952243805;0.4;0.38808542490005493
0.26;0.2583315968513489;0.22;0.22050249576568604;0.24;0.23715057969093323
0.28;0.27579542994499207;0.62;0.5662124156951904;0.32;0.25357669591903687
0.44;0.4405348598957062;0.5;0.5096268653869629;0.34;0.32380396127700806
0.64;0.6365901231765747;0.2;0.2868914306163788;0.2;0.1761501580476761
0.22;0.2183191031217575;0.6;0.614352822303772;0.36;0.3431784212589264
0.28;0.2728640139102936;0.26;0.28628185391426086;0.28;0.22912895679473877
0.32;0.31327950954437256;0.36;0.3797718286514282;0.2;0.21205580234527588
0.22;0.2108399122953415;0.26;0.26384735107421875;0.32;0.29301753640174866
0.56;0.5692129731178284;0.18;0.1685449481010437;0.32;0.33033090829849243
0.22;0.2199862003326416;0.38;0.36476677656173706;0.22;0.21992924809455872
0.36;0.3657967746257782;0.28;0.2761850953102112;0.3;0.331994891166687
0.48;0.4806410074234009;0.46;0.45355331897735596;0.24;0.24061810970306396
0.34;0.33640560507774353;0.2;0.21968092024326324;0.16;0.1569993495941162
0.42;0.42281317710876465;0.42;0.4099990725517273;0.26;0.23862352967262268
0.64;0.6354619860649109;0.2;0.2356383502483368;0.36;0.3485884964466095
0.1;0.10499539971351624;0.44;0.41740626096725464;0.3;0.31742966175079346
0.56;0.5646295547485352;0.3;0.24842727184295654;0.2;0.2018638551235199
0.44;0.4305956959724426;0.32;0.32383573055267334;0.36;0.37892162799835205
0.28;0.2814185917377472;0.24;0.24916350841522217;0.1;0.1127876490354538
0.4;0.3993086516857147;0.54;0.5441004037857056;0.42;0.38938990235328674
0.64;0.6336601376533508;0.12;0.12225712835788727;0.26;0.22919321060180664
0.12;0.10396276414394379;0.14;0.18062297999858856;0.42;0.3068445026874542
0.18;0.18269629776477814;0.44;0.43469345569610596;0.42;0.4203647971153259
0.28;0.27962446212768555;0.7;0.6242800951004028;0.3;0.2706007957458496
0.5;0.509890615940094;0.3;0.31332308053970337;0.1;0.1426905393600464
0.36;0.3645898997783661;0.42;0.4069356918334961;0.38;0.36449259519577026
0.66;0.6492379903793335;0.14;0.13953788578510284;0.24;0.22819122672080994
0.48;0.47393810749053955;0.26;0.2646823227405548;0.44;0.4176790714263916
0.58;0.5492357611656189;0.18;0.1875768005847931;0.5;0.48482948541641235
0.2;0.19679933786392212;0.4;0.4128873646259308;0.46;0.47019654512405396
0.42;0.4297453761100769;0.4;0.39974167943000793;0.42;0.41187018156051636
0.4;0.40374696254730225;0.2;0.1955258846282959;0.48;0.4414803385734558
0.18;0.18431992828845978;0.48;0.47262871265411377;0.38;0.3677080273628235
0.3;0.31911465525627136;0.3;0.26918870210647583;0.36;0.39782434701919556
0.54;0.5396121144294739;0.38;0.38181930780410767;0.46;0.4612325131893158
0.58;0.575823962688446;0.16;0.16072748601436615;0.34;0.3438190817832947
0.64;0.6361216306686401;0.2;0.2358652502298355;0.32;0.31659725308418274
0.18;0.18822184205055237;0.76;0.7061815857887268;0.16;0.15598297119140625
0.28;0.29422885179519653;0.18;0.1997109055519104;0.5;0.4661189913749695
0.82;0.8534692525863647;0.16;0.1328345090150833;0.1;0.16024717688560486
0.3;0.30399563908576965;0.24;0.22128243744373322;0.32;0.3423641622066498
0.4;0.39639487862586975;0.54;0.5351659655570984;0.5;0.4315624237060547
0.76;0.7754814624786377;0.16;0.1506935954093933;0.36;0.3997142016887665
0.24;0.23497693240642548;0.26;0.27008649706840515;0.44;0.41657906770706177
0.48;0.48266056180000305;0.2;0.20584644377231598;0.48;0.43107515573501587
0.26;0.2576785087585449;0.2;0.18913307785987854;0.28;0.3144068717956543
0.14;0.12032966315746307;0.12;0.11859464645385742;0.24;0.3380189538002014
0.14;0.1463482528924942;0.66;0.6613587141036987;0.24;0.2558332085609436
0.24;0.2385517656803131;0.34;0.49804964661598206;0.16;0.27604150772094727
0.46;0.46829235553741455;0.5;0.4351131021976471;0.42;0.41178297996520996
0.62;0.607982873916626;0.12;0.13546240329742432;0.32;0.2636001706123352
0.14;0.14642834663391113;0.14;0.12546947598457336;0.1;0.16991420090198517
0.34;0.3387463688850403;0.36;0.36398765444755554;0.24;0.22067980468273163
0.14;0.14395961165428162;0.42;0.4133341908454895;0.38;0.3902854323387146
0.82;0.8150354623794556;0.16;0.12128841876983643;0.48;0.46443066000938416
0.76;0.7980654239654541;0.22;0.17682865262031555;0.24;0.3513697683811188
0.38;0.37032973766326904;0.38;0.40771615505218506;0.2;0.1943703591823578
0.6;0.602780818939209;0.34;0.30020052194595337;0.4;0.3983384668827057
0.38;0.3761807978153229;0.5;0.5308216214179993;0.12;0.13443000614643097
0.58;0.5773859620094299;0.4;0.3466458320617676;0.46;0.4466933310031891
0.1;0.10104066133499146;0.68;0.6760611534118652;0.36;0.37800079584121704
0.2;0.19858630001544952;0.6;0.6238840818405151;0.24;0.22384552657604218
0.24;0.20316456258296967;0.12;0.15782979130744934;0.24;0.22358927130699158
0.34;0.34029421210289;0.4;0.36561694741249084;0.5;0.42580270767211914
0.14;0.12490855157375336;0.18;0.208656445145607;0.36;0.27233657240867615
0.18;0.17188018560409546;0.28;0.28929954767227173;0.18;0.20423206686973572
0.56;0.5624468922615051;0.26;0.23958125710487366;0.32;0.3359491229057312
0.14;0.12011107057332993;0.1;0.1174178272485733;0.36;0.29793399572372437
0.18;0.18222050368785858;0.66;0.7018813490867615;0.3;0.3158092200756073
0.48;0.48618853092193604;0.36;0.36496612429618835;0.12;0.11909765005111694
0.82;0.8231186270713806;0.14;0.16688038408756256;0.4;0.4492776393890381
0.84;0.8102274537086487;0.1;0.12717552483081818;0.48;0.3938078284263611
0.14;0.14755909144878387;0.16;0.13954000174999237;0.18;0.2432343065738678
0.28;0.28483477234840393;0.56;0.5651976466178894;0.3;0.29586201906204224
0.64;0.6383033990859985;0.3;0.29854297637939453;0.5;0.48107844591140747
0.42;0.39714962244033813;0.1;0.123420350253582;0.14;0.16859005391597748
0.1;0.10053925216197968;0.54;0.5374195575714111;0.44;0.4606310725212097
0.14;0.14082199335098267;0.58;0.5669829845428467;0.38;0.35915088653564453
0.48;0.4765801727771759;0.34;0.3930283188819885;0.28;0.31371980905532837
0.34;0.32652032375335693;0.5;0.49339747428894043;0.34;0.31309276819229126
0.52;0.512644350528717;0.26;0.3337447941303253;0.2;0.20380468666553497
0.38;0.392801970243454;0.44;0.33257392048835754;0.16;0.14244122803211212
0.36;0.36283600330352783;0.16;0.16993770003318787;0.4;0.35743096470832825
0.52;0.5132920742034912;0.26;0.2668476998806;0.24;0.25039491057395935
0.38;0.3803957998752594;0.32;0.3175129294395447;0.5;0.47463393211364746
0.2;0.19233720004558563;0.78;0.7659658193588257;0.36;0.37070727348327637
0.26;0.2615775465965271;0.36;0.3674320578575134;0.44;0.4653925895690918
0.18;0.17153353989124298;0.6;0.5867871642112732;0.5;0.48788896203041077
0.44;0.44338420033454895;0.26;0.2571254372596741;0.48;0.4762415885925293
0.4;0.392723947763443;0.12;0.1284833550453186;0.32;0.26869115233421326
0.2;0.2071177363395691;0.72;0.7268884181976318;0.1;0.10468514263629913
0.18;0.1897280067205429;0.36;0.3402171730995178;0.12;0.15575595200061798
0.1;0.1055409237742424;0.44;0.4360288381576538;0.24;0.2641471028327942
0.62;0.6258532404899597;0.24;0.26831674575805664;0.38;0.3673454821109772
0.18;0.1822853684425354;0.34;0.33859413862228394;0.4;0.4051176905632019
0.66;0.6445403695106506;0.26;0.26341840624809265;0.16;0.16176602244377136
0.18;0.18510684370994568;0.76;0.7281407117843628;0.14;0.13758845627307892
0.18;0.17627078294754028;0.74;0.7279359102249146;0.32;0.2926010489463806
0.42;0.41855093836784363;0.42;0.4095751643180847;0.22;0.1986681967973709
0.12;0.11897264420986176;0.64;0.6397768259048462;0.46;0.47779718041419983
0.34;0.3440311551094055;0.6;0.48842230439186096;0.42;0.36418086290359497
0.24;0.229940265417099;0.74;0.6144072413444519;0.36;0.32174262404441833
0.16;0.16456489264965057;0.58;0.5846382975578308;0.46;0.47347432374954224
0.34;0.33863815665245056;0.32;0.35067132115364075;0.26;0.2926819920539856
0.58;0.5828336477279663;0.32;0.3152090609073639;0.12;0.12479700148105621
0.14;0.13787464797496796;0.78;0.7659581899642944;0.36;0.3651469349861145
0.22;0.19675536453723907;0.76;0.6401405334472656;0.24;0.19862601161003113
0.12;0.1154080256819725;0.7;0.6298180818557739;0.48;0.4538419246673584
0.7;0.7121275067329407;0.14;0.1138574481010437;0.12;0.20607776939868927
0.46;0.44510915875434875;0.26;0.3162551522254944;0.12;0.12088330090045929
0.32;0.31319478154182434;0.38;0.3968745172023773;0.32;0.31351953744888306
0.62;0.6151378750801086;0.32;0.29051196575164795;0.26;0.2653377056121826
0.52;0.5197715759277344;0.32;0.32664650678634644;0.3;0.30707162618637085
0.46;0.4907422363758087;0.2;0.17347638309001923;0.12;0.17932501435279846
0.14;0.1418045461177826;0.84;0.8038567900657654;0.46;0.439359575510025
0.54;0.543096661567688;0.12;0.12254183739423752;0.44;0.4313390851020813
0.12;0.12593922019004822;0.38;0.35688525438308716;0.42;0.4437659680843353
0.54;0.541766345500946;0.14;0.12973743677139282;0.4;0.4273410737514496
0.16;0.1672494113445282;0.58;0.5694857239723206;0.24;0.26762810349464417
0.48;0.4785025715827942;0.38;0.3966784179210663;0.16;0.1689622700214386
0.5;0.501513659954071;0.4;0.37989556789398193;0.16;0.15612544119358063
0.38;0.38321179151535034;0.52;0.5175420641899109;0.3;0.33246466517448425
0.18;0.17602044343948364;0.38;0.38807469606399536;0.4;0.41426604986190796
0.26;0.2594977021217346;0.3;0.29977405071258545;0.32;0.3237811028957367
0.56;0.5612414479255676;0.2;0.19340099394321442;0.2;0.25672483444213867
0.54;0.5429962873458862;0.12;0.11552456021308899;0.5;0.48550543189048767
0.22;0.2272026091814041;0.42;0.4144997298717499;0.3;0.3107151687145233
0.12;0.12135717272758484;0.82;0.7873382568359375;0.16;0.14896421134471893
0.16;0.15831199288368225;0.3;0.3235628306865692;0.5;0.4525667130947113
0.52;0.5328148603439331;0.46;0.3692973852157593;0.18;0.17033477127552032
0.2;0.20275691151618958;0.32;0.29874879121780396;0.26;0.2923508286476135
0.36;0.35385745763778687;0.4;0.45048996806144714;0.12;0.13711406290531158
0.26;0.3394162058830261;0.58;0.5057160258293152;0.14;0.13994795083999634
0.2;0.20748721063137054;0.4;0.38890692591667175;0.5;0.4937225878238678
0.2;0.2027266025543213;0.1;0.11254085600376129;0.38;0.3300658166408539
0.5;0.49281665682792664;0.24;0.2682911157608032;0.28;0.25767964124679565
0.1;0.09969952702522278;0.74;0.7649199962615967;0.48;0.4937219023704529
0.12;0.14819982647895813;0.3;0.27331477403640747;0.14;0.1747739315032959
0.62;0.6261047124862671;0.32;0.30668991804122925;0.3;0.30516520142555237
0.18;0.198292076587677;0.32;0.30481022596359253;0.22;0.256867915391922
0.48;0.4798915386199951;0.4;0.4311334192752838;0.5;0.4628291130065918
0.56;0.5646008849143982;0.36;0.345602422952652;0.38;0.34836244583129883
0.44;0.4471423327922821;0.14;0.13922911882400513;0.4;0.3962993025779724
0.3;0.3169021010398865;0.54;0.6087896227836609;0.1;0.1056613177061081
0.1;0.0984882265329361;0.62;0.6240307092666626;0.48;0.4632039964199066
0.34;0.3484858274459839;0.16;0.15015731751918793;0.32;0.3097872734069824
0.82;0.8120887875556946;0.1;0.14146579802036285;0.46;0.4155081808567047
0.6;0.5820035338401794;0.14;0.15854808688163757;0.24;0.19496366381645203
0.32;0.32381027936935425;0.24;0.2338263839483261;0.12;0.1479988992214203
0.14;0.1351085752248764;0.2;0.18851546943187714;0.32;0.3322123885154724
0.66;0.6605847477912903;0.1;0.1007770225405693;0.34;0.3501167893409729
0.42;0.4130787253379822;0.3;0.3005414307117462;0.26;0.2522439956665039
0.14;0.14578430354595184;0.62;0.6176630854606628;0.36;0.35231393575668335
0.7;0.6737219095230103;0.2;0.2436589002609253;0.3;0.29625290632247925
0.32;0.31507018208503723;0.5;0.4861088693141937;0.26;0.26426416635513306
0.4;0.390763521194458;0.34;0.4117666482925415;0.14;0.1615673303604126
0.14;0.14376860857009888;0.4;0.4006529152393341;0.44;0.45008334517478943
0.32;0.30930599570274353;0.12;0.10949134826660156;0.18;0.31830281019210815
0.56;0.5645318031311035;0.26;0.25494715571403503;0.46;0.4320586621761322
0.6;0.5987339615821838;0.22;0.22702515125274658;0.2;0.2320108860731125
0.42;0.42391151189804077;0.22;0.22201576828956604;0.42;0.3964586853981018
0.46;0.4589673578739166;0.5;0.48230624198913574;0.44;0.44298678636550903
0.28;0.28404489159584045;0.3;0.29552891850471497;0.36;0.3646547198295593
0.26;0.24486005306243896;0.68;0.6927834153175354;0.16;0.14988528192043304
0.12;0.1228407621383667;0.32;0.29905563592910767;0.3;0.3672972619533539
0.34;0.3400522470474243;0.4;0.3823748528957367;0.4;0.3517409563064575
0.66;0.6579785346984863;0.28;0.3090449273586273;0.36;0.35313865542411804
0.3;0.298053503036499;0.42;0.41547122597694397;0.48;0.456887423992157
0.66;0.6671009063720703;0.26;0.24570345878601074;0.2;0.21913346648216248
0.44;0.4384269416332245;0.26;0.2532874047756195;0.4;0.4214102625846863
0.58;0.5652880072593689;0.16;0.1637766808271408;0.44;0.4465104937553406
0.64;0.6252252459526062;0.16;0.1570243537425995;0.24;0.19472086429595947
0.12;0.11435957998037338;0.28;0.27879664301872253;0.38;0.3994366228580475
0.26;0.2575921416282654;0.6;0.6384458541870117;0.1;0.11549314111471176
0.26;0.26278921961784363;0.36;0.33499449491500854;0.2;0.19987396895885468
0.12;0.13026270270347595;0.28;0.23679503798484802;0.14;0.23453858494758606
0.42;0.4219508469104767;0.5;0.50279301404953;0.34;0.3622501492500305
0.82;0.8341439366340637;0.1;0.12774114310741425;0.28;0.340623676776886
0.28;0.2783021926879883;0.4;0.39357244968414307;0.44;0.43918389081954956
0.36;0.35009902715682983;0.1;0.1350485384464264;0.16;0.1986418217420578
0.44;0.4396950304508209;0.42;0.4647641181945801;0.36;0.3544233739376068
0.8;0.8061640858650208;0.14;0.14189882576465607;0.46;0.46345633268356323
0.38;0.3811327815055847;0.46;0.4697296917438507;0.5;0.47733601927757263
0.36;0.3602595925331116;0.38;0.36468350887298584;0.24;0.2055247724056244
0.6;0.6093833446502686;0.12;0.1154722049832344;0.26;0.23033340275287628
0.34;0.3077071011066437;0.1;0.11553037166595459;0.22;0.20453330874443054
0.34;0.3449203372001648;0.14;0.1479707509279251;0.46;0.40745991468429565
0.52;0.5094028115272522;0.2;0.2119617462158203;0.48;0.4692327380180359
0.42;0.4066565930843353;0.28;0.2978479266166687;0.14;0.15476581454277039
0.3;0.2932456433773041;0.52;0.5268407464027405;0.32;0.33748841285705566
0.74;0.7049641609191895;0.12;0.1430816352367401;0.5;0.47021397948265076
0.18;0.18158571422100067;0.48;0.48211342096328735;0.18;0.2089788168668747
0.16;0.16334287822246552;0.46;0.45406192541122437;0.28;0.27602481842041016
0.66;0.659544825553894;0.18;0.1883872002363205;0.46;0.41770878434181213
0.24;0.25190675258636475;0.24;0.21907684206962585;0.2;0.22634530067443848
0.58;0.5802381634712219;0.24;0.22030533850193024;0.38;0.34420448541641235
0.1;0.10992159694433212;0.12;0.10836425423622131;0.32;0.3029935956001282
0.34;0.3175537884235382;0.12;0.14579394459724426;0.32;0.2945401668548584
0.48;0.47930455207824707;0.46;0.44861236214637756;0.4;0.3955628275871277
0.1;0.11399102210998535;0.2;0.19026365876197815;0.28;0.28947630524635315
0.36;0.36208611726760864;0.52;0.48022109270095825;0.34;0.32270997762680054
0.34;0.3498726487159729;0.46;0.49978941679000854;0.32;0.3604871928691864
0.28;0.28260868787765503;0.66;0.6079440116882324;0.12;0.10360851138830185
0.26;0.253345251083374;0.2;0.19253942370414734;0.4;0.41511353850364685
0.56;0.5574117302894592;0.16;0.15685972571372986;0.34;0.33706730604171753
0.56;0.5588423013687134;0.18;0.18475747108459473;0.44;0.4556765556335449
0.4;0.41696038842201233;0.14;0.12553642690181732;0.36;0.3805360794067383
0.46;0.4632616341114044;0.5;0.41738229990005493;0.22;0.25359490513801575
0.56;0.5605294108390808;0.32;0.33176371455192566;0.14;0.14737337827682495
0.42;0.42327651381492615;0.34;0.34447237849235535;0.28;0.3345200717449188
0.7;0.6704292893409729;0.14;0.17200027406215668;0.5;0.36632734537124634
0.28;0.2812053859233856;0.36;0.365935355424881;0.36;0.4075919985771179
0.2;0.19833509624004364;0.46;0.47476956248283386;0.24;0.24830584228038788
0.12;0.16399499773979187;0.26;0.2164117842912674;0.1;0.14583376049995422
0.34;0.3332945704460144;0.32;0.3275565505027771;0.22;0.24270038306713104
0.16;0.17413660883903503;0.36;0.3290002644062042;0.36;0.3901310861110687
0.46;0.46021491289138794;0.22;0.21331746876239777;0.36;0.3677293658256531
0.52;0.5338475108146667;0.38;0.313541442155838;0.24;0.253450870513916
0.16;0.16449369490146637;0.7;0.7353125214576721;0.12;0.12008456885814667
0.2;0.19307272136211395;0.46;0.48693376779556274;0.18;0.19568991661071777
0.62;0.6300480365753174;0.32;0.3155660033226013;0.46;0.47025054693222046
0.14;0.15106874704360962;0.7;0.6667438745498657;0.24;0.22583608329296112
0.26;0.26344090700149536;0.5;0.4842107594013214;0.36;0.3548383116722107
0.4;0.3927164077758789;0.18;0.17306652665138245;0.16;0.15780557692050934
0.4;0.39667633175849915;0.2;0.18827702105045319;0.28;0.3098984956741333
0.72;0.704174280166626;0.22;0.22014684975147247;0.4;0.4172849655151367
0.48;0.48354342579841614;0.38;0.364526629447937;0.48;0.468405544757843
0.48;0.4848673641681671;0.2;0.20458494126796722;0.32;0.32063034176826477
0.6;0.5913518071174622;0.26;0.3288911283016205;0.34;0.31306982040405273
0.22;0.2285931259393692;0.74;0.6247049570083618;0.18;0.16302040219306946
0.24;0.24195979535579681;0.14;0.14695478975772858;0.44;0.43295279145240784
0.52;0.5137123465538025;0.14;0.14135342836380005;0.36;0.3356628715991974
0.7;0.7063875794410706;0.12;0.13770246505737305;0.46;0.4425279498100281
0.1;0.10891422629356384;0.1;0.11229599267244339;0.4;0.2707188129425049
0.3;0.3013446033000946;0.62;0.5868343114852905;0.22;0.2061760425567627
0.2;0.2090269923210144;0.38;0.3650631308555603;0.36;0.3597765862941742
0.42;0.42991310358047485;0.12;0.11818793416023254;0.4;0.38406839966773987
0.34;0.33767029643058777;0.16;0.1654900461435318;0.5;0.46263495087623596
0.16;0.16166949272155762;0.62;0.6457979679107666;0.38;0.38759881258010864
0.44;0.44262829422950745;0.42;0.3791583478450775;0.46;0.46840614080429077
0.28;0.274930864572525;0.26;0.2730000913143158;0.42;0.41175299882888794
0.32;0.3133043646812439;0.26;0.2735355496406555;0.48;0.451141893863678
0.44;0.42790406942367554;0.28;0.28532668948173523;0.2;0.1982310563325882
0.66;0.6502255797386169;0.2;0.21417249739170074;0.12;0.11516277492046356
0.36;0.3588368892669678;0.16;0.1551068127155304;0.24;0.24196739494800568
0.22;0.2241533398628235;0.56;0.6681810617446899;0.24;0.2715385854244232
0.44;0.44058915972709656;0.44;0.44192737340927124;0.46;0.41726523637771606
0.56;0.5652405619621277;0.42;0.377483069896698;0.2;0.22010822594165802
0.16;0.1533229947090149;0.48;0.4861840009689331;0.4;0.3838734030723572
0.6;0.5984189510345459;0.26;0.27645206451416016;0.32;0.36687541007995605
0.34;0.34012559056282043;0.54;0.5845134854316711;0.36;0.3817160427570343
0.18;0.19622312486171722;0.44;0.4927974045276642;0.14;0.19503991305828094
0.48;0.48068827390670776;0.44;0.46354714035987854;0.46;0.45561519265174866
0.58;0.599589467048645;0.32;0.2803095579147339;0.1;0.11038650572299957
0.52;0.5179930329322815;0.44;0.41373303532600403;0.48;0.4719015061855316
0.22;0.2190830260515213;0.32;0.3362908661365509;0.12;0.14391571283340454
0.26;0.25418511033058167;0.66;0.671440601348877;0.42;0.35784071683883667
0.18;0.17452029883861542;0.34;0.3406846523284912;0.32;0.3343283236026764
0.2;0.2602822780609131;0.16;0.11350936442613602;0.16;0.16693343222141266
0.38;0.37745994329452515;0.24;0.2433331310749054;0.4;0.3778926432132721
0.54;0.516390860080719;0.22;0.38028156757354736;0.12;0.11240764707326889
0.56;0.5688055753707886;0.32;0.285581111907959;0.2;0.21371451020240784
0.18;0.17072372138500214;0.6;0.6384521126747131;0.42;0.40464717149734497
0.12;0.11937151104211807;0.62;0.5828229784965515;0.28;0.2783612608909607
0.44;0.4370705485343933;0.4;0.4694051444530487;0.26;0.2964223325252533
0.66;0.6563035845756531;0.26;0.2565081715583801;0.24;0.23686161637306213
0.66;0.6585871577262878;0.2;0.2543150782585144;0.24;0.22491586208343506
0.54;0.5405973196029663;0.34;0.3512871563434601;0.44;0.4533098340034485
0.26;0.2765308618545532;0.14;0.11385481059551239;0.18;0.24972844123840332
0.3;0.3138282299041748;0.68;0.6192995309829712;0.26;0.25552111864089966
0.54;0.5482605695724487;0.14;0.13135796785354614;0.44;0.4393633008003235
0.54;0.5606654286384583;0.4;0.33056822419166565;0.16;0.15988287329673767
0.38;0.3672778904438019;0.4;0.47506484389305115;0.12;0.11300234496593475
0.22;0.20524565875530243;0.3;0.31145599484443665;0.26;0.24551422894001007
0.28;0.2770342528820038;0.26;0.2503089904785156;0.26;0.26560354232788086
0.24;0.23160868883132935;0.66;0.6591408848762512;0.16;0.1450825035572052
0.1;0.10134086012840271;0.7;0.6603296995162964;0.5;0.4599853456020355
0.86;0.8581848740577698;0.1;0.12132549285888672;0.34;0.26232489943504333
0.82;0.733843207359314;0.14;0.12321247905492783;0.14;0.14337559044361115
0.48;0.48271340131759644;0.4;0.4021787643432617;0.2;0.17466214299201965
0.14;0.14673398435115814;0.38;0.39067643880844116;0.32;0.31126660108566284
0.3;0.289192795753479;0.52;0.45908400416374207;0.3;0.23256978392601013
0.4;0.3919692039489746;0.24;0.2515820860862732;0.5;0.4616265296936035
0.24;0.23322947323322296;0.5;0.4867655336856842;0.42;0.39684543013572693
0.32;0.31552526354789734;0.52;0.5703341364860535;0.3;0.30914467573165894
0.52;0.548611044883728;0.44;0.34601375460624695;0.1;0.1176772341132164
0.82;0.8153743743896484;0.14;0.1222662702202797;0.24;0.17042019963264465
0.3;0.29616671800613403;0.36;0.3709893822669983;0.12;0.13318057358264923
0.3;0.2938207685947418;0.58;0.6277362704277039;0.42;0.40098506212234497
0.46;0.4583914577960968;0.34;0.3562640845775604;0.3;0.2662580609321594
0.32;0.3185720145702362;0.64;0.5646408796310425;0.5;0.4466245770454407
0.7;0.7033970952033997;0.26;0.19158543646335602;0.42;0.44290217757225037
0.58;0.5876451134681702;0.4;0.326109379529953;0.22;0.2340090274810791
0.5;0.5023180842399597;0.22;0.23288562893867493;0.46;0.4619976878166199
0.4;0.44351935386657715;0.26;0.2155366986989975;0.1;0.12622742354869843
0.36;0.35391393303871155;0.44;0.48194754123687744;0.2;0.23597609996795654
0.52;0.5210034251213074;0.14;0.1307947039604187;0.28;0.2804190516471863
0.36;0.3610135316848755;0.48;0.525928258895874;0.14;0.19605156779289246
0.64;0.6287527084350586;0.34;0.30084872245788574;0.18;0.1974996030330658
0.22;0.22128643095493317;0.18;0.16536737978458405;0.12;0.1942286491394043
0.14;0.14312487840652466;0.6;0.6142054200172424;0.24;0.2475687563419342
0.16;0.15915729105472565;0.2;0.1983015537261963;0.44;0.45668426156044006
0.2;0.19288420677185059;0.3;0.31304603815078735;0.5;0.4887145459651947
0.34;0.3324611186981201;0.24;0.2450483739376068;0.2;0.19111689925193787
0.2;0.21177498996257782;0.58;0.6600290536880493;0.24;0.25169768929481506
0.12;0.12841084599494934;0.82;0.7180997729301453;0.22;0.209254652261734
0.36;0.37042036652565;0.6;0.5365238785743713;0.32;0.32791009545326233
0.2;0.20641696453094482;0.22;0.22126202285289764;0.44;0.45977601408958435
0.1;0.10540753602981567;0.54;0.5155993700027466;0.3;0.29394927620887756
0.24;0.24020187556743622;0.56;0.6298238635063171;0.12;0.131055548787117
0.14;0.14318276941776276;0.8;0.7554994821548462;0.2;0.2136302888393402
0.42;0.43183469772338867;0.18;0.17937888205051422;0.46;0.442570298910141
0.12;0.15591607987880707;0.14;0.11020132899284363;0.14;0.1999538391828537
0.54;0.5376790761947632;0.1;0.1051536276936531;0.5;0.4655337333679199
0.62;0.6140115857124329;0.26;0.2627905607223511;0.16;0.16157832741737366
0.2;0.19450463354587555;0.32;0.3212581276893616;0.22;0.22179356217384338
0.14;0.13778291642665863;0.58;0.580353319644928;0.44;0.477194219827652
0.44;0.4349149167537689;0.12;0.1180160641670227;0.26;0.2688339054584503
0.28;0.2822296619415283;0.44;0.4216601550579071;0.5;0.46212491393089294
0.14;0.14928390085697174;0.68;0.7274123430252075;0.28;0.29917460680007935
0.26;0.24582703411579132;0.72;0.6524093747138977;0.26;0.2105531245470047
0.2;0.1988261193037033;0.66;0.6371346116065979;0.5;0.46294206380844116
0.32;0.3227848708629608;0.54;0.5704787373542786;0.32;0.3220367729663849
0.46;0.4640423655509949;0.46;0.41859763860702515;0.24;0.26280131936073303
0.3;0.2879766523838043;0.24;0.24664761126041412;0.18;0.18461552262306213
0.72;0.697373628616333;0.14;0.2063189595937729;0.48;0.4197963774204254
0.34;0.34044915437698364;0.28;0.258110910654068;0.14;0.14364026486873627
0.44;0.44651278853416443;0.26;0.24405477941036224;0.28;0.3109028935432434
0.5;0.5307117104530334;0.16;0.1352899670600891;0.12;0.1301620900630951
0.68;0.6990419626235962;0.12;0.10293184965848923;0.1;0.11179494857788086
0.12;0.10375697165727615;0.1;0.10948142409324646;0.24;0.2615799307823181
0.36;0.3589147627353668;0.14;0.1275719404220581;0.22;0.34468311071395874
0.26;0.26092153787612915;0.68;0.6649321913719177;0.24;0.24142205715179443
0.32;0.3166767656803131;0.36;0.3754299581050873;0.48;0.45010891556739807
0.38;0.3586694300174713;0.1;0.11534712463617325;0.34;0.32922735810279846
0.44;0.4218876361846924;0.16;0.1631326973438263;0.28;0.2971753180027008
0.14;0.13720962405204773;0.82;0.7910905480384827;0.36;0.3514013886451721
0.52;0.5415545105934143;0.42;0.2796528935432434;0.12;0.11448635905981064
0.44;0.44109681248664856;0.5;0.5027967691421509;0.36;0.3400800824165344
0.1;0.10033311694860458;0.62;0.6146221160888672;0.32;0.3200325071811676
0.28;0.2434287667274475;0.1;0.136282816529274;0.14;0.16889852285385132
0.46;0.45875051617622375;0.4;0.4386274814605713;0.44;0.46345072984695435
0.22;0.21794778108596802;0.18;0.17205947637557983;0.22;0.1982097625732422
0.16;0.16623567044734955;0.46;0.44251418113708496;0.3;0.28213921189308167
0.2;0.2663421630859375;0.28;0.19317802786827087;0.1;0.12628725171089172
0.1;0.1034582257270813;0.2;0.18508173525333405;0.3;0.3471048176288605
0.3;0.30036234855651855;0.28;0.2890995144844055;0.28;0.25675255060195923
0.5;0.5169295072555542;0.46;0.362691193819046;0.1;0.101071797311306
0.56;0.5146404504776001;0.14;0.1481321156024933;0.12;0.17666777968406677
0.2;0.1937979757785797;0.42;0.4341958165168762;0.36;0.3798964023590088
0.24;0.23689134418964386;0.54;0.57871013879776;0.32;0.3376852571964264
0.4;0.4053577780723572;0.22;0.21880057454109192;0.42;0.40158185362815857
0.42;0.41249361634254456;0.16;0.15219351649284363;0.1;0.13351450860500336
0.56;0.565555214881897;0.1;0.09736432135105133;0.4;0.3985612392425537
0.1;0.1030883863568306;0.38;0.3685247302055359;0.36;0.3311014771461487
0.2;0.20748136937618256;0.34;0.3224383592605591;0.32;0.3372534215450287
0.34;0.34144869446754456;0.56;0.5864158272743225;0.42;0.42449483275413513
0.48;0.4943978786468506;0.12;0.11632637679576874;0.26;0.2970869541168213
0.4;0.40005379915237427;0.28;0.30820611119270325;0.32;0.29436519742012024
0.3;0.3034016788005829;0.46;0.4721074104309082;0.44;0.4466736316680908
0.14;0.12993666529655457;0.82;0.7281858921051025;0.18;0.1601082980632782
0.24;0.2313130497932434;0.2;0.21258191764354706;0.34;0.3206537067890167
0.38;0.3770589232444763;0.18;0.19140048325061798;0.44;0.4294915199279785
0.44;0.4406214654445648;0.54;0.5293527841567993;0.5;0.45980557799339294
0.52;0.5303127765655518;0.4;0.3917118310928345;0.18;0.17472216486930847
0.12;0.13493327796459198;0.52;0.5579373240470886;0.1;0.11644601821899414
0.54;0.5420550107955933;0.44;0.35375264286994934;0.3;0.2742110788822174
0.26;0.24249742925167084;0.56;0.5370154976844788;0.2;0.20041903853416443
0.12;0.11464007943868637;0.62;0.6341304779052734;0.38;0.38556402921676636
0.38;0.36699703335762024;0.14;0.1473858505487442;0.4;0.4255102276802063
0.26;0.24601341784000397;0.12;0.12644049525260925;0.3;0.2840140759944916
0.68;0.6670249104499817;0.12;0.12866434454917908;0.14;0.15839537978172302
0.14;0.14026620984077454;0.5;0.489104300737381;0.44;0.4394605755805969
0.4;0.4074680209159851;0.1;0.09611299633979797;0.34;0.3576087951660156
0.18;0.19676578044891357;0.22;0.1761106699705124;0.14;0.212883859872818
0.18;0.19642001390457153;0.3;0.2622407078742981;0.12;0.19474026560783386
0.26;0.25693514943122864;0.36;0.37274178862571716;0.42;0.4315165877342224
0.14;0.1412634551525116;0.54;0.5654367208480835;0.2;0.21929648518562317
0.12;0.14019186794757843;0.16;0.14202523231506348;0.24;0.2768927216529846
0.66;0.6500439643859863;0.1;0.1164332926273346;0.28;0.2377750426530838
0.26;0.2599337697029114;0.62;0.6498588919639587;0.24;0.2549780309200287
0.22;0.22124898433685303;0.46;0.4710381031036377;0.3;0.3381142318248749
0.34;0.3423832356929779;0.28;0.2645736038684845;0.38;0.3914929926395416
0.26;0.24028253555297852;0.14;0.15827420353889465;0.46;0.4302155077457428
0.1;0.10878372937440872;0.64;0.6467118859291077;0.14;0.1410026103258133
0.36;0.37821951508522034;0.14;0.1341470181941986;0.12;0.1797420084476471
0.38;0.4100082814693451;0.48;0.5517045855522156;0.16;0.16959531605243683
0.46;0.4596497118473053;0.38;0.39515331387519836;0.4;0.414320170879364
0.38;0.38428279757499695;0.36;0.33885616064071655;0.44;0.44279909133911133
0.5;0.4237537682056427;0.14;0.1527092605829239;0.1;0.16630800068378448
0.22;0.205133318901062;0.26;0.27415281534194946;0.14;0.12253421545028687
0.16;0.156600221991539;0.74;0.7648833990097046;0.26;0.26478472352027893
0.78;0.7885138392448425;0.16;0.14915892481803894;0.2;0.23383517563343048
0.22;0.22996516525745392;0.18;0.17762291431427002;0.2;0.20606736838817596
0.28;0.2967776358127594;0.6;0.619050920009613;0.1;0.10767938196659088
0.34;0.3379160463809967;0.6;0.6268210411071777;0.32;0.29431048035621643
0.48;0.44539108872413635;0.1;0.1270507276058197;0.3;0.19677892327308655
0.54;0.5379918813705444;0.32;0.33376234769821167;0.44;0.4529868960380554
0.22;0.2136738896369934;0.52;0.49198126792907715;0.5;0.41842976212501526
0.12;0.11189713329076767;0.62;0.5938161015510559;0.4;0.38156867027282715
0.34;0.3335312008857727;0.32;0.3445686101913452;0.32;0.3697640597820282
0.6;0.5949630737304688;0.12;0.1339937448501587;0.1;0.13532225787639618
0.16;0.15989676117897034;0.6;0.592294454574585;0.42;0.41972169280052185
0.14;0.15303319692611694;0.26;0.21152909100055695;0.16;0.24203705787658691
0.8;0.8273886442184448;0.16;0.10583686828613281;0.2;0.31229859590530396
0.56;0.5623884201049805;0.14;0.1460525095462799;0.4;0.3803481459617615
0.38;0.37393638491630554;0.2;0.19680240750312805;0.14;0.15952883660793304
0.28;0.28164833784103394;0.62;0.6066813468933105;0.48;0.460059255361557
0.2;0.20742033421993256;0.78;0.652319610118866;0.12;0.11460244655609131
0.4;0.40055057406425476;0.46;0.4251836836338043;0.42;0.3450617790222168
0.22;0.23021966218948364;0.68;0.6335155963897705;0.1;0.10061722993850708
0.38;0.38644349575042725;0.26;0.23268473148345947;0.12;0.13646455109119415
0.52;0.5249948501586914;0.16;0.15064561367034912;0.18;0.17693455517292023
0.28;0.2759053111076355;0.28;0.2828853130340576;0.46;0.46056661009788513
0.34;0.3359844386577606;0.28;0.27800118923187256;0.32;0.3166595995426178
0.7;0.6993280649185181;0.26;0.23542428016662598;0.38;0.38261568546295166
0.38;0.4176071882247925;0.14;0.11055904626846313;0.22;0.1777685582637787
0.26;0.2660927474498749;0.38;0.3993537425994873;0.24;0.293501079082489
0.16;0.1607893854379654;0.48;0.4956449270248413;0.24;0.2541714906692505
0.22;0.23450332880020142;0.34;0.30944162607192993;0.4;0.41993841528892517
0.56;0.571125328540802;0.28;0.2611471116542816;0.22;0.19184370338916779
0.22;0.22689135372638702;0.5;0.5103817582130432;0.24;0.2585909962654114
0.26;0.2465413361787796;0.6;0.5886232256889343;0.2;0.18255122005939484
0.24;0.21400026977062225;0.16;0.18248821794986725;0.14;0.12757861614227295
0.58;0.5931369662284851;0.34;0.34649208188056946;0.1;0.1088414415717125
0.28;0.276995450258255;0.4;0.39803802967071533;0.32;0.3450322449207306
0.38;0.3840387165546417;0.3;0.29167014360427856;0.22;0.200728178024292
0.3;0.3029139041900635;0.66;0.6071138978004456;0.14;0.13404150307178497
0.48;0.4766860902309418;0.18;0.18843594193458557;0.42;0.4010849893093109
0.38;0.3930644094944;0.2;0.19362564384937286;0.1;0.12155304104089737
0.72;0.7606894969940186;0.24;0.14659318327903748;0.14;0.21697406470775604
0.1;0.11124297231435776;0.16;0.1565490961074829;0.46;0.41514793038368225
0.54;0.5523207783699036;0.14;0.132889986038208;0.34;0.3530293405056
0.52;0.520491361618042;0.32;0.33528485894203186;0.38;0.38660281896591187
0.46;0.4501236081123352;0.18;0.1793067902326584;0.42;0.39186108112335205
0.16;0.1870737224817276;0.78;0.7501063346862793;0.1;0.1030144914984703
0.2;0.2064961940050125;0.3;0.2888992428779602;0.28;0.31940099596977234
0.14;0.143292635679245;0.24;0.22178080677986145;0.4;0.44594669342041016
0.1;0.10048435628414154;0.36;0.3583405017852783;0.46;0.4513043463230133
0.16;0.2055150866508484;0.2;0.13868822157382965;0.1;0.20833702385425568
0.78;0.7816015481948853;0.2;0.16603313386440277;0.38;0.4132204055786133
0.46;0.4570844769477844;0.28;0.3146677315235138;0.14;0.14377984404563904
0.1;0.10142583400011063;0.62;0.5865538716316223;0.3;0.2719619870185852
0.4;0.4093465507030487;0.14;0.12909376621246338;0.34;0.3644882142543793
0.34;0.33845821022987366;0.62;0.6113535165786743;0.24;0.22714781761169434
0.14;0.13838401436805725;0.78;0.8137754201889038;0.42;0.42445510625839233
0.88;0.6742264628410339;0.1;0.225558802485466;0.18;0.10963638126850128
0.38;0.39737045764923096;0.22;0.20514219999313354;0.18;0.17875279486179352
0.34;0.34120848774909973;0.52;0.5013431906700134;0.3;0.304233580827713
0.38;0.3867895007133484;0.58;0.5287525653839111;0.5;0.4074259400367737
0.4;0.4016183614730835;0.46;0.4633679687976837;0.46;0.4571748375892639
0.64;0.6517052054405212;0.34;0.28257158398628235;0.48;0.46731120347976685
0.68;0.6646350622177124;0.2;0.24430114030838013;0.34;0.32948777079582214
0.36;0.3588845431804657;0.32;0.3235127627849579;0.46;0.4140016436576843
0.32;0.3183293342590332;0.54;0.5503881573677063;0.3;0.3330322206020355
0.14;0.15048886835575104;0.24;0.21706150472164154;0.22;0.23591013252735138
0.48;0.48502933979034424;0.44;0.4540635645389557;0.16;0.15939855575561523
0.1;0.10496941208839417;0.36;0.3570047616958618;0.38;0.35873156785964966
0.56;0.5266463756561279;0.16;0.16356568038463593;0.22;0.24177186191082
0.2;0.20293153822422028;0.54;0.5511642694473267;0.3;0.31254953145980835
0.18;0.17939577996730804;0.72;0.7030373215675354;0.38;0.3670315444469452
0.16;0.17297954857349396;0.48;0.4541641175746918;0.34;0.3261924088001251
0.26;0.23203399777412415;0.1;0.12749257683753967;0.4;0.3157845139503479
0.18;0.19022658467292786;0.32;0.3157315254211426;0.2;0.21326641738414764
0.24;0.23939067125320435;0.68;0.7070813775062561;0.26;0.25671595335006714
0.58;0.5729556679725647;0.16;0.16986267268657684;0.3;0.28011998534202576
0.34;0.33527958393096924;0.5;0.5398465394973755;0.38;0.40344691276550293
0.1;0.10327256470918655;0.72;0.762071967124939;0.22;0.22639736533164978
0.68;0.6686572432518005;0.1;0.1191437691450119;0.16;0.12372207641601562
0.56;0.5575629472732544;0.36;0.32654616236686707;0.12;0.1332523226737976
0.52;0.5204324126243591;0.16;0.16031236946582794;0.46;0.46589890122413635
0.44;0.43678000569343567;0.2;0.2048153281211853;0.32;0.32861390709877014
0.44;0.44199812412261963;0.46;0.4584895670413971;0.28;0.28561896085739136
0.52;0.5233699083328247;0.38;0.38520270586013794;0.22;0.22630229592323303
0.66;0.6544631123542786;0.1;0.11154554784297943;0.2;0.19120058417320251
0.62;0.6150400638580322;0.12;0.12613146007061005;0.42;0.39947274327278137
0.54;0.5472339987754822;0.34;0.35107991099357605;0.3;0.3052758574485779
0.26;0.24366408586502075;0.58;0.680401623249054;0.1;0.10557862371206284
0.12;0.117708221077919;0.5;0.49087873101234436;0.36;0.32893189787864685
0.44;0.4482937157154083;0.42;0.3925763666629791;0.12;0.108482226729393
0.32;0.3243146240711212;0.36;0.3280978202819824;0.5;0.4390243589878082
0.2;0.19352439045906067;0.14;0.13400714099407196;0.18;0.17285609245300293
0.12;0.11469472944736481;0.24;0.24947567284107208;0.36;0.3437928259372711
0.84;0.8257609605789185;0.1;0.13140243291854858;0.5;0.4382931590080261
0.32;0.3207116425037384;0.48;0.5530310869216919;0.4;0.43584299087524414
0.42;0.42147064208984375;0.5;0.4463970959186554;0.5;0.48321422934532166
0.18;0.17236576974391937;0.68;0.6951743364334106;0.2;0.198275625705719
0.4;0.4059285819530487;0.52;0.44511306285858154;0.38;0.33438244462013245
0.44;0.4390488862991333;0.3;0.3188275098800659;0.38;0.39741435647010803
0.14;0.11635448038578033;0.12;0.15801659226417542;0.48;0.3816651403903961
0.48;0.48163336515426636;0.44;0.43197929859161377;0.14;0.16418448090553284
0.48;0.46608883142471313;0.22;0.23572659492492676;0.18;0.16472992300987244
0.62;0.6197491884231567;0.12;0.1193288043141365;0.1;0.1295841634273529
0.26;0.2559419572353363;0.46;0.529888391494751;0.18;0.21324820816516876
0.36;0.3643091917037964;0.62;0.578767716884613;0.24;0.22885850071907043
0.32;0.3204502463340759;0.58;0.5834583640098572;0.38;0.38093629479408264
0.6;0.5929208397865295;0.14;0.14427222311496735;0.36;0.3528444170951843
0.36;0.35598301887512207;0.24;0.2300528734922409;0.32;0.3327382206916809
0.22;0.22840413451194763;0.24;0.21107478439807892;0.24;0.29134601354599
0.22;0.22223779559135437;0.16;0.16878585517406464;0.24;0.2476578652858734
0.14;0.14669464528560638;0.58;0.5825250744819641;0.4;0.4291268289089203
0.54;0.5370815396308899;0.16;0.14979617297649384;0.28;0.2746666371822357
0.14;0.14510856568813324;0.74;0.7390635013580322;0.38;0.40252161026000977
0.42;0.428857684135437;0.52;0.4332242012023926;0.1;0.10350562632083893
0.82;0.8119023442268372;0.14;0.144922137260437;0.5;0.46748027205467224
0.2;0.1919696182012558;0.56;0.5617969036102295;0.42;0.43295818567276
0.24;0.24071456491947174;0.38;0.3860071897506714;0.24;0.21719475090503693
0.36;0.3631397485733032;0.42;0.4823613166809082;0.14;0.17315714061260223
0.58;0.577215313911438;0.1;0.10472450405359268;0.5;0.4402427673339844
0.68;0.6892035007476807;0.24;0.22615638375282288;0.32;0.36025017499923706
0.14;0.12880884110927582;0.22;0.21412622928619385;0.3;0.32503384351730347
0.12;0.12768100202083588;0.48;0.48724567890167236;0.36;0.3610090911388397
0.16;0.15699821710586548;0.4;0.40036827325820923;0.42;0.41354626417160034
0.1;0.10170802474021912;0.56;0.5651768445968628;0.28;0.2812742590904236
0.46;0.47576817870140076;0.22;0.22065477073192596;0.12;0.14719298481941223
0.18;0.17706504464149475;0.14;0.1662261188030243;0.48;0.4301512837409973
0.54;0.5470400452613831;0.3;0.3954237997531891;0.14;0.1339462548494339
0.46;0.4588114023208618;0.5;0.4814855754375458;0.36;0.3592747747898102
0.12;0.12187326699495316;0.8;0.755325436592102;0.1;0.10111159086227417
0.54;0.5374155640602112;0.36;0.4155312478542328;0.14;0.13104009628295898
0.1;0.10166239738464355;0.82;0.8226768970489502;0.46;0.4292808473110199
0.32;0.31251758337020874;0.58;0.5747466683387756;0.12;0.11561397463083267
0.3;0.3017294108867645;0.46;0.4680653512477875;0.24;0.24997110664844513
0.52;0.5284000635147095;0.3;0.26012206077575684;0.34;0.338912695646286
0.74;0.7301152944564819;0.12;0.11254731565713882;0.12;0.17946426570415497
0.5;0.49944472312927246;0.28;0.2990657687187195;0.38;0.399202436208725
0.78;0.7260880470275879;0.16;0.16965824365615845;0.22;0.17043612897396088
0.34;0.34645846486091614;0.4;0.3699581027030945;0.34;0.3278074860572815
0.14;0.13813897967338562;0.62;0.6240634322166443;0.46;0.4556451737880707
0.14;0.13352328538894653;0.8;0.8058614134788513;0.42;0.41051262617111206
0.28;0.2721119821071625;0.66;0.5969565510749817;0.2;0.1882544308900833
0.4;0.3987434506416321;0.58;0.5220528841018677;0.38;0.3580908179283142
0.14;0.13907921314239502;0.74;0.7965348362922668;0.18;0.19450722634792328
0.54;0.5410742163658142;0.24;0.23798346519470215;0.38;0.39497387409210205
0.2;0.19223624467849731;0.16;0.1908431053161621;0.48;0.41156643629074097
0.32;0.320158988237381;0.66;0.5608570575714111;0.22;0.1616222858428955
0.14;0.14346344769001007;0.44;0.4676946997642517;0.22;0.23914289474487305
0.14;0.15877363085746765;0.2;0.17262591421604156;0.16;0.19336111843585968
0.14;0.14262808859348297;0.82;0.7754217982292175;0.14;0.13139978051185608
0.28;0.2811763286590576;0.54;0.5634427666664124;0.3;0.3422160744667053
0.48;0.48327726125717163;0.48;0.4289070665836334;0.18;0.19799494743347168
0.16;0.1599329113960266;0.48;0.4254107177257538;0.5;0.48679399490356445
0.76;0.7410613894462585;0.18;0.15376625955104828;0.12;0.11826618015766144
0.52;0.5301164984703064;0.36;0.33647480607032776;0.14;0.13317140936851501
0.3;0.3003357946872711;0.48;0.49803626537323;0.22;0.2290644347667694
0.74;0.7567294239997864;0.18;0.17704617977142334;0.22;0.24866381287574768
0.16;0.1652132123708725;0.4;0.3944925367832184;0.28;0.2876250445842743
0.24;0.24570398032665253;0.62;0.6069764494895935;0.3;0.3023231327533722
0.62;0.6304083466529846;0.3;0.20674799382686615;0.12;0.11870807409286499
0.12;0.12139616161584854;0.46;0.4643983542919159;0.36;0.3663957417011261
0.1;0.10582539439201355;0.34;0.31902065873146057;0.3;0.308245450258255
0.22;0.22691485285758972;0.46;0.46651744842529297;0.24;0.27554455399513245
0.2;0.1942773461341858;0.68;0.6779764294624329;0.48;0.4021438658237457
0.7;0.6815681457519531;0.2;0.2568158209323883;0.48;0.4515652656555176
0.62;0.6165889501571655;0.26;0.271404504776001;0.22;0.21521024405956268
0.52;0.5154571533203125;0.3;0.33620917797088623;0.3;0.3333754539489746
0.1;0.09953790158033371;0.84;0.7948081493377686;0.5;0.44436630606651306
0.34;0.3372716009616852;0.44;0.44850510358810425;0.46;0.4805346429347992
0.34;0.33938562870025635;0.6;0.5937257409095764;0.38;0.38919875025749207
0.22;0.22106122970581055;0.7;0.6561601758003235;0.24;0.24185629189014435
0.62;0.6256511211395264;0.16;0.15576714277267456;0.16;0.20221400260925293
0.32;0.32634249329566956;0.22;0.23080745339393616;0.18;0.1781589537858963
0.12;0.11941102892160416;0.64;0.6436166167259216;0.38;0.38731446862220764
0.46;0.4109557271003723;0.12;0.15889500081539154;0.1;0.12347562611103058
0.46;0.41523978114128113;0.12;0.1678951233625412;0.16;0.14509128034114838
0.64;0.6309195160865784;0.14;0.14753854274749756;0.32;0.29112547636032104
0.1;0.11489258706569672;0.14;0.10856537520885468;0.14;0.29135480523109436
0.52;0.5082299709320068;0.1;0.09688105434179306;0.26;0.24227742850780487
0.18;0.16894756257534027;0.78;0.7267928719520569;0.12;0.127921000123024
0.54;0.5402888655662537;0.28;0.2972884476184845;0.12;0.12375843524932861
0.5;0.5013781785964966;0.44;0.44251367449760437;0.38;0.35312145948410034
0.48;0.4660995304584503;0.14;0.16414493322372437;0.2;0.17118695378303528
0.24;0.23492872714996338;0.44;0.4565393626689911;0.26;0.2924135625362396
0.28;0.28802865743637085;0.44;0.43032437562942505;0.12;0.13468730449676514
0.12;0.13192328810691833;0.46;0.45821595191955566;0.32;0.31796368956565857
0.22;0.21789595484733582;0.64;0.6327753663063049;0.24;0.23657186329364777
0.6;0.6166216731071472;0.18;0.17619688808918;0.24;0.2600993514060974
0.78;0.7802735567092896;0.14;0.15361522138118744;0.48;0.48522868752479553
0.1;0.10070990771055222;0.88;0.795032799243927;0.5;0.4809662699699402
0.46;0.4605395197868347;0.34;0.38067999482154846;0.34;0.33469367027282715
0.18;0.21150752902030945;0.22;0.20211073756217957;0.12;0.14917345345020294
0.42;0.4224404990673065;0.46;0.4585576057434082;0.34;0.3268640339374542
0.52;0.5079851746559143;0.12;0.13757099211215973;0.26;0.202744722366333
0.3;0.2946595251560211;0.64;0.641441822052002;0.42;0.38090476393699646
0.26;0.25426095724105835;0.54;0.5294965505599976;0.4;0.38881662487983704
0.44;0.43904590606689453;0.52;0.5110416412353516;0.22;0.256100058555603
0.26;0.27221614122390747;0.62;0.6155917048454285;0.1;0.11455699056386948
0.12;0.11303230375051498;0.7;0.7295318841934204;0.22;0.22420091927051544
0.56;0.5575498342514038;0.32;0.3420208692550659;0.42;0.43162670731544495
0.44;0.4049754738807678;0.1;0.1292155385017395;0.12;0.17150558531284332
0.1;0.1003563404083252;0.8;0.8254519104957581;0.46;0.4509701728820801
0.14;0.14250943064689636;0.66;0.6612146496772766;0.38;0.36276882886886597
0.36;0.3638226091861725;0.26;0.2600126266479492;0.32;0.34360992908477783
0.4;0.4044194221496582;0.56;0.4638802707195282;0.28;0.2703428864479065
0.52;0.5412613153457642;0.32;0.2645840346813202;0.12;0.12013065814971924
0.36;0.35745635628700256;0.6;0.5691968202590942;0.16;0.14918896555900574
0.74;0.7330785393714905;0.14;0.1909787952899933;0.12;0.12564854323863983
0.52;0.5261326432228088;0.4;0.41931650042533875;0.48;0.44663506746292114
0.7;0.6961654424667358;0.28;0.19418251514434814;0.48;0.4972730278968811
0.22;0.21081434190273285;0.36;0.37426260113716125;0.42;0.43371066451072693
0.3;0.2915077209472656;0.68;0.6141375303268433;0.48;0.43177300691604614
0.58;0.5706143379211426;0.32;0.357740193605423;0.46;0.4804832339286804
0.24;0.2524365484714508;0.5;0.5708112120628357;0.22;0.26346832513809204
0.56;0.5647896528244019;0.34;0.36063000559806824;0.38;0.40007466077804565
0.48;0.46202555298805237;0.26;0.3254188001155853;0.1;0.10545243322849274
0.64;0.6332269906997681;0.18;0.2403554767370224;0.34;0.3104698359966278
0.14;0.13161805272102356;0.38;0.39085471630096436;0.48;0.4761717915534973
0.36;0.3544226288795471;0.16;0.18255849182605743;0.36;0.3352919816970825
0.26;0.2742796242237091;0.26;0.25651952624320984;0.1;0.1499946415424347
0.1;0.10249686986207962;0.74;0.7526074647903442;0.22;0.21116633713245392
0.28;0.2820010185241699;0.22;0.23252806067466736;0.32;0.3243861496448517
0.64;0.6295414566993713;0.18;0.2559031844139099;0.14;0.12103770673274994
0.44;0.413811057806015;0.1;0.1180054098367691;0.1;0.18464544415473938
0.44;0.43103131651878357;0.14;0.13541580736637115;0.3;0.3281501531600952
0.16;0.16046357154846191;0.3;0.311879426240921;0.2;0.21436910331249237
0.3;0.29867228865623474;0.48;0.43417540192604065;0.48;0.4129768908023834
0.48;0.46058210730552673;0.1;0.11426204442977905;0.42;0.3664191663265228
0.46;0.4524657130241394;0.32;0.4062144160270691;0.16;0.14057613909244537
0.12;0.11031785607337952;0.66;0.6503341794013977;0.46;0.4358517527580261
0.26;0.26789483428001404;0.1;0.12524515390396118;0.46;0.33186882734298706
0.28;0.2802990972995758;0.36;0.3729304075241089;0.46;0.46319380402565
0.38;0.3527575135231018;0.12;0.13120688498020172;0.14;0.16098438203334808
0.18;0.18600058555603027;0.14;0.1205136701464653;0.18;0.29571324586868286
0.48;0.4765768051147461;0.16;0.14356940984725952;0.12;0.1291782408952713
0.58;0.582050621509552;0.12;0.12369628250598907;0.16;0.17226199805736542
0.56;0.5600553154945374;0.24;0.23761485517024994;0.24;0.23330307006835938
0.18;0.1705394834280014;0.12;0.14363573491573334;0.32;0.2312030792236328
0.4;0.39939141273498535;0.3;0.30913129448890686;0.3;0.3134559690952301
0.54;0.5118429660797119;0.1;0.1113412156701088;0.1;0.15986518561840057
0.6;0.589241087436676;0.28;0.33370479941368103;0.12;0.1328376978635788
0.76;0.7677263021469116;0.14;0.1671542078256607;0.26;0.26655226945877075
0.2;0.21478420495986938;0.28;0.2513159215450287;0.16;0.18676204979419708
0.3;0.2998308837413788;0.2;0.20505081117153168;0.32;0.2920212149620056
0.4;0.4063239097595215;0.26;0.2395389974117279;0.16;0.18275770545005798
0.82;0.8068757653236389;0.12;0.1579742431640625;0.48;0.44937676191329956
0.46;0.4584646224975586;0.52;0.4678901135921478;0.32;0.37306612730026245
0.56;0.5651481747627258;0.34;0.3295533359050751;0.44;0.4132264256477356
0.1;0.1013699620962143;0.82;0.8268135190010071;0.26;0.23425006866455078
0.32;0.3114064335823059;0.22;0.23054593801498413;0.3;0.28106358647346497
0.68;0.679820716381073;0.18;0.20181740820407867;0.2;0.21960505843162537
0.34;0.3374527394771576;0.46;0.41406866908073425;0.22;0.19787807762622833
0.12;0.12285648286342621;0.86;0.7693938612937927;0.38;0.3495185971260071
0.68;0.688526451587677;0.3;0.2366829514503479;0.3;0.3348303437232971
0.12;0.1248224750161171;0.32;0.3073676824569702;0.32;0.3562987148761749
0.16;0.14909137785434723;0.14;0.13277825713157654;0.1;0.17364034056663513
0.5;0.5127279162406921;0.2;0.2034984827041626;0.36;0.36249005794525146
0.58;0.5936657190322876;0.18;0.16640259325504303;0.32;0.30625027418136597
0.44;0.4487012028694153;0.14;0.13646836578845978;0.42;0.43806496262550354
0.48;0.47931867837905884;0.1;0.10953972488641739;0.38;0.33064353466033936
0.66;0.6961003541946411;0.3;0.22213216125965118;0.26;0.32312440872192383
0.42;0.42904821038246155;0.16;0.15618149936199188;0.5;0.49540042877197266
0.44;0.4225153923034668;0.28;0.39399534463882446;0.1;0.1343492567539215
0.38;0.3578813374042511;0.12;0.1398477405309677;0.42;0.3897850811481476
0.1;0.1037796139717102;0.3;0.286430299282074;0.22;0.19061923027038574
0.1;0.11150277405977249;0.7;0.7222808599472046;0.22;0.22952906787395477
0.58;0.5622047781944275;0.22;0.3078559637069702;0.24;0.2309841811656952
0.52;0.5191543698310852;0.38;0.35303497314453125;0.34;0.4066452085971832
0.38;0.38924139738082886;0.46;0.447447806596756;0.44;0.46483248472213745
0.28;0.2857109308242798;0.3;0.3023024797439575;0.28;0.2832930088043213
0.1;0.10130397975444794;0.8;0.8135491013526917;0.14;0.13079753518104553
0.14;0.14102020859718323;0.72;0.7403644323348999;0.3;0.2958981692790985
0.44;0.4369792640209198;0.16;0.14316149055957794;0.2;0.278867244720459
0.7;0.704652726650238;0.22;0.20365045964717865;0.32;0.3216331899166107
0.6;0.6047447919845581;0.34;0.28057289123535156;0.44;0.45058757066726685
0.12;0.11703182011842728;0.76;0.8241773843765259;0.28;0.29104718565940857
0.3;0.31231388449668884;0.6;0.5575070977210999;0.5;0.45924702286720276
0.1;0.10022873431444168;0.4;0.40689337253570557;0.26;0.25700879096984863
0.7;0.7400567531585693;0.14;0.1001061350107193;0.14;0.17299506068229675
0.44;0.4398157596588135;0.46;0.4873928427696228;0.46;0.4156113266944885
0.6;0.5989174246788025;0.24;0.2537444531917572;0.32;0.3166630268096924
0.56;0.5680271983146667;0.36;0.34508275985717773;0.42;0.41331106424331665
0.14;0.1425916850566864;0.46;0.4647599756717682;0.46;0.47580480575561523
0.66;0.6662970185279846;0.26;0.22696536779403687;0.3;0.3187255859375
0.82;0.8275678157806396;0.16;0.13655748963356018;0.32;0.32542848587036133
0.36;0.36060720682144165;0.34;0.32347366213798523;0.2;0.21586957573890686
0.24;0.24291470646858215;0.58;0.5909165740013123;0.24;0.22481612861156464
0.54;0.5453726053237915;0.18;0.18106724321842194;0.46;0.4826279580593109
0.3;0.3235967755317688;0.16;0.16993831098079681;0.28;0.21116289496421814
0.22;0.21314263343811035;0.14;0.12663118541240692;0.1;0.21122674643993378
0.14;0.13546209037303925;0.4;0.4108377695083618;0.42;0.4132552742958069
0.4;0.4186808168888092;0.46;0.49732866883277893;0.1;0.1309591382741928
0.12;0.11851708590984344;0.82;0.7765799164772034;0.1;0.09664076566696167
0.44;0.4388514459133148;0.34;0.33700820803642273;0.34;0.33847469091415405
0.1;0.09980936348438263;0.42;0.4170246124267578;0.4;0.39112645387649536
0.68;0.6550941467285156;0.22;0.2576507329940796;0.12;0.12248901277780533
0.66;0.6629478335380554;0.22;0.21490950882434845;0.32;0.32766982913017273
0.24;0.24351125955581665;0.42;0.4291653335094452;0.42;0.4298003315925598
0.18;0.1784476488828659;0.78;0.7505739331245422;0.4;0.3765909969806671
0.24;0.29986700415611267;0.14;0.10707715898752213;0.24;0.24369767308235168
0.66;0.6523357629776001;0.2;0.21580737829208374;0.2;0.20502416789531708
0.18;0.18200363218784332;0.66;0.6875476241111755;0.36;0.3655526041984558
0.28;0.2813527286052704;0.48;0.5357184410095215;0.16;0.18330523371696472
0.24;0.2443275898694992;0.52;0.5021234154701233;0.38;0.339477002620697
0.2;0.20710033178329468;0.42;0.5869550108909607;0.16;0.24518999457359314
0.24;0.23295055329799652;0.7;0.6263518929481506;0.48;0.42239809036254883
0.46;0.4606121778488159;0.38;0.4050367474555969;0.14;0.1303277164697647
0.6;0.5963849425315857;0.26;0.32356810569763184;0.46;0.45518118143081665
0.1;0.10137106478214264;0.62;0.6151321530342102;0.44;0.4440740644931793
0.24;0.2408837229013443;0.42;0.4199839234352112;0.46;0.46172747015953064
0.14;0.1424136906862259;0.48;0.4672713875770569;0.36;0.3556141257286072
0.42;0.4212017357349396;0.38;0.37602436542510986;0.3;0.34926357865333557
0.12;0.11328159272670746;0.2;0.18208125233650208;0.16;0.2157784402370453
0.36;0.35142284631729126;0.18;0.18447084724903107;0.34;0.33902692794799805
0.26;0.25694552063941956;0.62;0.6148642301559448;0.32;0.30547046661376953
0.44;0.44744548201560974;0.38;0.35067254304885864;0.42;0.46247729659080505
0.44;0.48133033514022827;0.14;0.11222117394208908;0.14;0.17797353863716125
0.2;0.2041119933128357;0.2;0.18336758017539978;0.32;0.3640924394130707
0.48;0.4748275876045227;0.28;0.33679521083831787;0.1;0.12462310492992401
0.16;0.17249616980552673;0.24;0.25060340762138367;0.3;0.3069188892841339
0.74;0.7172460556030273;0.2;0.16559477150440216;0.2;0.1851758509874344
0.34;0.3487372100353241;0.48;0.5298359394073486;0.26;0.3363499045372009
0.14;0.13099762797355652;0.24;0.2619018256664276;0.34;0.28304237127304077
0.28;0.2799251079559326;0.36;0.4478395879268646;0.22;0.34149986505508423
0.66;0.6668335199356079;0.26;0.2835300862789154;0.32;0.3465244770050049
0.22;0.22341080009937286;0.64;0.6843871474266052;0.2;0.2127774953842163
0.38;0.3802059590816498;0.22;0.22497139871120453;0.26;0.2734402120113373
0.3;0.30247581005096436;0.26;0.2562667429447174;0.34;0.3396607041358948
0.18;0.1717267483472824;0.76;0.7438960671424866;0.46;0.4388315677642822
0.32;0.3154869079589844;0.44;0.4058026969432831;0.38;0.36546021699905396
0.12;0.12396933138370514;0.38;0.3607825040817261;0.34;0.3517002463340759
0.38;0.37880241870880127;0.16;0.1563437581062317;0.38;0.39211505651474
0.16;0.15634934604167938;0.46;0.45610323548316956;0.4;0.43087655305862427
0.2;0.19877010583877563;0.16;0.1626257747411728;0.24;0.20360469818115234
0.2;0.18721969425678253;0.6;0.6026460528373718;0.2;0.18683815002441406
0.42;0.41991299390792847;0.38;0.4349253177642822;0.32;0.3533580005168915
0.26;0.2605642080307007;0.48;0.45826277136802673;0.46;0.4168764650821686
0.18;0.17789271473884583;0.48;0.48192036151885986;0.22;0.23955395817756653
0.62;0.610457181930542;0.12;0.1246003657579422;0.44;0.42626070976257324
0.46;0.4609959125518799;0.36;0.3506756126880646;0.42;0.4356120228767395
0.24;0.2442960888147354;0.52;0.5183694362640381;0.4;0.384490966796875
0.38;0.3810458183288574;0.58;0.5336564183235168;0.32;0.2883525788784027
0.1;0.0991176962852478;0.62;0.57273930311203;0.2;0.18159860372543335
0.58;0.5776621103286743;0.18;0.16901379823684692;0.3;0.2971738278865814
0.36;0.3860558271408081;0.22;0.20833373069763184;0.12;0.12137506157159805
0.6;0.6108475923538208;0.36;0.29903557896614075;0.14;0.1345842182636261
0.3;0.2953766882419586;0.56;0.5445972681045532;0.26;0.2532961964607239
0.26;0.25643694400787354;0.38;0.3844115734100342;0.46;0.4653806686401367
0.78;0.7593300342559814;0.16;0.17115747928619385;0.42;0.3677911162376404
0.12;0.12957708537578583;0.62;0.6087703108787537;0.42;0.43956318497657776
0.16;0.15978297591209412;0.54;0.5252052545547485;0.48;0.4556047320365906
0.4;0.40147334337234497;0.18;0.16203941404819489;0.32;0.3398531377315521
0.22;0.22485694289207458;0.48;0.46611905097961426;0.48;0.4776562750339508
0.12;0.11846938729286194;0.46;0.45801204442977905;0.42;0.41787034273147583
0.34;0.34261828660964966;0.18;0.184591144323349;0.42;0.4458838403224945
0.62;0.6214802861213684;0.34;0.2585116922855377;0.1;0.10695785284042358
0.12;0.11708825826644897;0.52;0.5061007142066956;0.2;0.18960155546665192
0.64;0.6390250325202942;0.24;0.270646333694458;0.46;0.44839900732040405
0.54;0.5391821265220642;0.4;0.4104243814945221;0.48;0.48705586791038513
0.3;0.3079162538051605;0.48;0.5333192348480225;0.12;0.13299277424812317
0.36;0.35962560772895813;0.58;0.5638615489006042;0.26;0.27669796347618103
0.56;0.5727980136871338;0.2;0.19364210963249207;0.22;0.2579365074634552
0.76;0.7479267120361328;0.18;0.19617819786071777;0.24;0.2257460653781891
0.28;0.26214951276779175;0.42;0.468345582485199;0.1;0.11492396891117096
0.28;0.2898216247558594;0.5;0.4888816773891449;0.18;0.18179738521575928
0.38;0.3782200515270233;0.3;0.31036561727523804;0.48;0.42861610651016235
0.44;0.43791308999061584;0.44;0.498888224363327;0.44;0.4027119576931
0.3;0.33921492099761963;0.22;0.19142965972423553;0.1;0.10873208194971085
0.18;0.18569834530353546;0.62;0.6341828107833862;0.34;0.3788717985153198
0.34;0.33560699224472046;0.62;0.5764883756637573;0.34;0.3354635536670685
0.44;0.44126343727111816;0.14;0.14111678302288055;0.26;0.24006490409374237
0.2;0.20369043946266174;0.6;0.613369345664978;0.34;0.3697551190853119
0.2;0.1925630420446396;0.74;0.7051042318344116;0.46;0.44139036536216736
0.6;0.6046620011329651;0.38;0.35438522696495056;0.5;0.48136815428733826
0.58;0.5712845325469971;0.14;0.14121009409427643;0.2;0.20665529370307922
0.24;0.241146057844162;0.26;0.26513221859931946;0.46;0.4565257132053375
0.6;0.6046791672706604;0.3;0.34774574637413025;0.44;0.4490073323249817
0.24;0.22488553822040558;0.2;0.23537306487560272;0.44;0.37784892320632935
0.18;0.16461025178432465;0.64;0.6764299273490906;0.1;0.10926187038421631
0.26;0.2562747299671173;0.62;0.6004274487495422;0.42;0.41109389066696167
0.12;0.13738125562667847;0.58;0.6477127075195312;0.1;0.12796901166439056
0.16;0.15721635520458221;0.24;0.25729629397392273;0.2;0.1585266888141632
0.12;0.12864340841770172;0.14;0.1365499347448349;0.28;0.22742347419261932
0.3;0.26593708992004395;0.1;0.12799113988876343;0.12;0.16033747792243958
0.54;0.5487875938415527;0.18;0.17008934915065765;0.26;0.29924607276916504
0.56;0.5705198049545288;0.38;0.3299890458583832;0.26;0.25588369369506836
0.24;0.3162967264652252;0.52;0.4853038787841797;0.1;0.1173553466796875
0.5;0.49252891540527344;0.14;0.14960020780563354;0.14;0.13302284479141235
0.4;0.4024147391319275;0.16;0.14668139815330505;0.1;0.16930416226387024
0.56;0.5537570714950562;0.34;0.3775264620780945;0.36;0.3738945722579956
0.72;0.7509258389472961;0.26;0.17017997801303864;0.28;0.2964094281196594
0.64;0.6393130421638489;0.16;0.17560556530952454;0.36;0.3489181399345398
0.28;0.28702300786972046;0.38;0.3585033416748047;0.16;0.18382160365581512
0.5;0.4996752142906189;0.4;0.4194865822792053;0.44;0.3951283097267151
0.3;0.3026585876941681;0.36;0.4944935142993927;0.1;0.14320912957191467
0.74;0.7318429946899414;0.16;0.18948382139205933;0.32;0.3092479109764099
0.54;0.5461357235908508;0.36;0.3182251751422882;0.36;0.3617144823074341
0.72;0.6991736888885498;0.14;0.21209195256233215;0.2;0.15396137535572052
0.48;0.48046743869781494;0.42;0.4067454934120178;0.22;0.2283237874507904
0.38;0.36613771319389343;0.14;0.13791917264461517;0.46;0.48522520065307617
0.78;0.7871951460838318;0.16;0.13626353442668915;0.24;0.2440294772386551
0.32;0.31180304288864136;0.56;0.495552122592926;0.36;0.30401286482810974
0.14;0.13564051687717438;0.62;0.5915992259979248;0.26;0.24347539246082306
0.56;0.564900279045105;0.32;0.31925705075263977;0.34;0.3817373514175415
0.56;0.5522050261497498;0.36;0.36279296875;0.3;0.3141487240791321
0.4;0.4028792083263397;0.58;0.46028682589530945;0.46;0.45084327459335327
0.26;0.2711522579193115;0.48;0.4543941915035248;0.36;0.33463379740715027
0.3;0.2957006096839905;0.66;0.5985779166221619;0.24;0.22956247627735138
0.16;0.15496183931827545;0.26;0.26500821113586426;0.36;0.3421139717102051
0.54;0.5417007207870483;0.24;0.23298998177051544;0.44;0.46475377678871155
0.36;0.37070199847221375;0.28;0.2620915472507477;0.16;0.1670864373445511
0.8;0.8034944534301758;0.16;0.1329386681318283;0.48;0.4720662236213684
0.1;0.09855591505765915;0.7;0.6856431365013123;0.34;0.3508898615837097
0.64;0.6434917449951172;0.12;0.12229322642087936;0.38;0.33226388692855835
0.52;0.5079346299171448;0.28;0.3263145685195923;0.32;0.3145213723182678
0.24;0.25405681133270264;0.5;0.4417538642883301;0.12;0.11828742176294327
0.58;0.5851247906684875;0.14;0.12916779518127441;0.3;0.32011303305625916
0.28;0.2838638126850128;0.58;0.6482245922088623;0.3;0.31580018997192383
0.22;0.2082219421863556;0.54;0.5592809915542603;0.12;0.12052114307880402
0.26;0.2644157409667969;0.5;0.4856874346733093;0.22;0.22785170376300812
0.5;0.4953509569168091;0.34;0.33686167001724243;0.24;0.240183025598526
0.4;0.39945122599601746;0.36;0.37391844391822815;0.28;0.3040686547756195
0.16;0.19776630401611328;0.18;0.12516024708747864;0.1;0.26340004801750183
0.5;0.501710057258606;0.4;0.43967658281326294;0.38;0.36883744597435
0.72;0.7231035232543945;0.12;0.12299153208732605;0.28;0.3325601816177368
0.12;0.10482103377580643;0.58;0.5775536894798279;0.28;0.2944040298461914
0.42;0.42065563797950745;0.46;0.4657024145126343;0.44;0.41386765241622925
0.8;0.7582597732543945;0.12;0.17961817979812622;0.28;0.1836676150560379
0.36;0.3591921627521515;0.58;0.6314861178398132;0.38;0.366203635931015
0.28;0.2716790437698364;0.56;0.5578007698059082;0.32;0.2985927164554596
0.68;0.6861079335212708;0.22;0.2251628190279007;0.32;0.33429405093193054
0.44;0.4390144944190979;0.52;0.45740318298339844;0.1;0.11022187769412994
0.1;0.10038303583860397;0.82;0.8124175071716309;0.22;0.1927177757024765
0.22;0.20206138491630554;0.12;0.11838033050298691;0.14;0.26950010657310486
0.34;0.3320753574371338;0.34;0.35115593671798706;0.46;0.46814775466918945
0.24;0.23301394283771515;0.34;0.34921354055404663;0.3;0.3058192729949951
0.54;0.5377385020256042;0.38;0.4112774431705475;0.44;0.45301133394241333
0.72;0.6971660852432251;0.1;0.12634609639644623;0.18;0.1900438368320465
0.54;0.5285751819610596;0.24;0.29113030433654785;0.28;0.3000200390815735
0.66;0.6687652468681335;0.32;0.2343367487192154;0.28;0.31125742197036743
0.34;0.343126118183136;0.36;0.3701484203338623;0.12;0.13686920702457428
0.36;0.3752560019493103;0.42;0.4030715525150299;0.46;0.40598177909851074
0.2;0.19087541103363037;0.4;0.4474464952945709;0.18;0.2131384313106537
0.36;0.36038750410079956;0.52;0.476019024848938;0.1;0.11134509742259979
0.18;0.18007636070251465;0.14;0.15870985388755798;0.4;0.3609347939491272
0.2;0.2036251276731491;0.48;0.47746744751930237;0.38;0.4170665144920349
0.12;0.11873261630535126;0.16;0.16356037557125092;0.34;0.36339080333709717
0.32;0.3252864480018616;0.22;0.23627091944217682;0.42;0.4194578528404236
0.34;0.3430413603782654;0.58;0.5518198013305664;0.3;0.3273624777793884
0.24;0.24049648642539978;0.48;0.5407952070236206;0.26;0.29503780603408813
0.62;0.6002038717269897;0.2;0.28790318965911865;0.26;0.2352275401353836
0.54;0.5374396443367004;0.34;0.3501288890838623;0.22;0.2480911910533905
0.16;0.15190637111663818;0.18;0.2186570018529892;0.44;0.3577783703804016
0.42;0.431071400642395;0.2;0.19244040548801422;0.38;0.3902837336063385
0.18;0.17909325659275055;0.58;0.5596338510513306;0.26;0.24735036492347717
0.54;0.5456576943397522;0.34;0.36843255162239075;0.26;0.22610199451446533
0.28;0.2819230854511261;0.56;0.5592796802520752;0.12;0.11444111168384552
0.74;0.741396963596344;0.24;0.19873899221420288;0.36;0.3387804925441742
0.4;0.39446520805358887;0.26;0.258745402097702;0.3;0.29017120599746704
0.1;0.10285162925720215;0.76;0.7352344393730164;0.28;0.24113769829273224
0.14;0.13104157149791718;0.66;0.7169322967529297;0.16;0.17199435830116272
0.64;0.6400244832038879;0.28;0.27732688188552856;0.24;0.2372221052646637
0.66;0.6623233556747437;0.22;0.23471689224243164;0.16;0.15506263077259064
0.6;0.576556921005249;0.16;0.15898188948631287;0.26;0.26344361901283264
0.26;0.264379620552063;0.18;0.18803423643112183;0.28;0.3313828110694885
0.12;0.11768316477537155;0.5;0.5362921953201294;0.12;0.14771044254302979
0.3;0.306777685880661;0.36;0.35358142852783203;0.38;0.4051976203918457
0.5;0.49979260563850403;0.42;0.43316179513931274;0.36;0.3649898171424866
0.16;0.17051906883716583;0.74;0.7533897161483765;0.36;0.3713240623474121
0.1;0.09853654354810715;0.88;0.7358562350273132;0.24;0.224542498588562
0.56;0.5623862147331238;0.42;0.3647812604904175;0.36;0.358286589384079
0.5;0.4790073335170746;0.12;0.13706086575984955;0.14;0.1286514401435852
0.22;0.2152918428182602;0.38;0.40412256121635437;0.26;0.28797850012779236
0.52;0.5255385637283325;0.1;0.11291522532701492;0.5;0.4459037780761719
0.12;0.12226032465696335;0.68;0.7427710294723511;0.14;0.13395819067955017
0.36;0.3620045483112335;0.32;0.3197125792503357;0.48;0.46697139739990234
0.1;0.10047081112861633;0.72;0.7060109376907349;0.5;0.47689089179039
0.36;0.35619106888771057;0.48;0.44972118735313416;0.36;0.3381260931491852
0.1;0.09935120493173599;0.7;0.6777917742729187;0.46;0.4671253263950348
0.3;0.3034769296646118;0.24;0.26136136054992676;0.42;0.38788530230522156
0.36;0.3630043864250183;0.16;0.15650756657123566;0.44;0.44849443435668945
0.1;0.10002077370882034;0.88;0.7667325735092163;0.12;0.11634019762277603
0.12;0.12044209241867065;0.22;0.2281574308872223;0.46;0.4519871175289154
0.82;0.8178291320800781;0.12;0.15801124274730682;0.16;0.15663865208625793
0.7;0.6945967674255371;0.22;0.1884344071149826;0.36;0.3618509769439697
0.46;0.4612603187561035;0.44;0.4638640880584717;0.48;0.4447413384914398
0.52;0.5726101398468018;0.32;0.2890588641166687;0.1;0.10323276370763779
0.12;0.12423626333475113;0.18;0.17897267639636993;0.36;0.3212068974971771
0.54;0.5443755984306335;0.2;0.19651441276073456;0.44;0.4617905616760254
0.66;0.656703770160675;0.22;0.23078130185604095;0.46;0.4684392809867859
0.34;0.34723666310310364;0.46;0.42084184288978577;0.12;0.11552534252405167
0.68;0.6657494902610779;0.22;0.21080878376960754;0.1;0.10727868229150772
0.66;0.6954476237297058;0.32;0.25880709290504456;0.22;0.2607389986515045
0.32;0.3236352801322937;0.46;0.5455902218818665;0.18;0.2145223617553711
0.58;0.565287709236145;0.24;0.30357372760772705;0.22;0.2349996268749237
0.18;0.17534561455249786;0.6;0.5824635028839111;0.4;0.3993401527404785
0.36;0.35013654828071594;0.52;0.5328553915023804;0.22;0.2040378749370575
0.18;0.17794504761695862;0.46;0.47432374954223633;0.44;0.48242664337158203
0.12;0.11172941327095032;0.22;0.22321230173110962;0.42;0.39663517475128174
0.72;0.7211636900901794;0.2;0.22564473748207092;0.48;0.47200459241867065
0.48;0.48306000232696533;0.4;0.3736305832862854;0.46;0.4471185803413391
0.5;0.48880431056022644;0.18;0.1856948584318161;0.48;0.45349568128585815
0.6;0.628655195236206;0.2;0.24532148241996765;0.1;0.1132521778345108
0.16;0.16425009071826935;0.54;0.6093913912773132;0.1;0.11342678219079971
0.18;0.1946648359298706;0.12;0.12007191777229309;0.26;0.16969290375709534
0.28;0.27604052424430847;0.36;0.3979751765727997;0.26;0.29673078656196594
0.18;0.18159206211566925;0.36;0.3413543403148651;0.4;0.4133400022983551
0.2;0.19917427003383636;0.54;0.5463802814483643;0.42;0.4459388256072998
0.38;0.37796550989151;0.5;0.50082927942276;0.36;0.3880707025527954
0.66;0.6630199551582336;0.28;0.2765143811702728;0.32;0.32984206080436707
0.1;0.1054220199584961;0.78;0.7894023656845093;0.22;0.21868674457073212
0.12;0.16371437907218933;0.2;0.14130154252052307;0.1;0.19183968007564545
0.36;0.3586862087249756;0.26;0.28045910596847534;0.48;0.4307425022125244
0.48;0.4951733946800232;0.5;0.41262733936309814;0.18;0.1616251915693283
0.52;0.505522608757019;0.28;0.4065340459346771;0.22;0.23085537552833557
0.2;0.197922483086586;0.42;0.4023716449737549;0.24;0.21954993903636932
0.46;0.46110451221466064;0.24;0.2306026816368103;0.1;0.13193675875663757
0.68;0.6899498105049133;0.26;0.22278428077697754;0.38;0.3853336572647095
0.26;0.2647485136985779;0.32;0.30833321809768677;0.38;0.3903331160545349
0.12;0.11762320250272751;0.82;0.7816905379295349;0.3;0.3100000321865082
0.1;0.10895129293203354;0.72;0.6960126161575317;0.12;0.10639462620019913
0.7;0.7286933064460754;0.26;0.18718816339969635;0.26;0.2699480652809143
0.18;0.17229603230953217;0.38;0.39266905188560486;0.5;0.48370161652565
0.48;0.48172569274902344;0.22;0.22866486012935638;0.5;0.4742923378944397
0.44;0.4349515736103058;0.3;0.2848723530769348;0.4;0.3585194945335388
0.5;0.5024775266647339;0.42;0.37892255187034607;0.42;0.4420066773891449
0.74;0.7674145102500916;0.24;0.15731658041477203;0.16;0.20758357644081116
0.78;0.7774879336357117;0.2;0.16067269444465637;0.12;0.13031603395938873
0.34;0.34237226843833923;0.5;0.530920684337616;0.28;0.28625431656837463
0.72;0.6851124167442322;0.1;0.1279895007610321;0.2;0.16407911479473114
0.22;0.214104562997818;0.66;0.6088962554931641;0.42;0.33790603280067444
0.48;0.49170437455177307;0.18;0.18069368600845337;0.16;0.16982629895210266
0.68;0.6849790811538696;0.2;0.21728307008743286;0.28;0.28218743205070496
0.76;0.7229437828063965;0.22;0.16356970369815826;0.12;0.14820782840251923
0.1;0.1022515520453453;0.8;0.8323590755462646;0.36;0.3374658226966858
0.1;0.11364997923374176;0.58;0.5892114639282227;0.22;0.25009211897850037
0.22;0.21145087480545044;0.3;0.30827075242996216;0.18;0.18938226997852325
0.42;0.4210888147354126;0.52;0.4883004426956177;0.4;0.3610075116157532
0.1;0.10744690895080566;0.38;0.3592597544193268;0.42;0.42899537086486816
0.2;0.17321625351905823;0.1;0.14376580715179443;0.48;0.29289689660072327
0.5;0.49840620160102844;0.48;0.4324049949645996;0.28;0.2857695519924164
0.62;0.6111540198326111;0.2;0.25816792249679565;0.2;0.19317680597305298
0.24;0.23678864538669586;0.4;0.5182980298995972;0.18;0.2546185851097107
0.18;0.17419219017028809;0.42;0.4501723349094391;0.34;0.3642449975013733
0.38;0.38054877519607544;0.24;0.24632523953914642;0.28;0.26432210206985474
0.3;0.3050289750099182;0.48;0.5461738109588623;0.24;0.29061341285705566
0.24;0.23554454743862152;0.34;0.3488546907901764;0.36;0.33821770548820496
0.56;0.5557367205619812;0.32;0.33725714683532715;0.1;0.11565284430980682
0.62;0.6316211819648743;0.3;0.3118303418159485;0.32;0.30978161096572876
0.32;0.3012596368789673;0.1;0.11965478956699371;0.22;0.1872144490480423
0.26;0.25625383853912354;0.68;0.5256637334823608;0.18;0.1292378008365631
0.36;0.3454172909259796;0.5;0.4814079701900482;0.12;0.12550832331180573
0.18;0.1614021211862564;0.16;0.14406254887580872;0.12;0.1935722827911377
0.54;0.5385478138923645;0.34;0.3488832712173462;0.5;0.4649926722049713
0.56;0.5534414649009705;0.34;0.38883498311042786;0.12;0.12532161176204681
0.24;0.24115687608718872;0.68;0.6088680624961853;0.16;0.14394190907478333
0.16;0.16387449204921722;0.54;0.5316328406333923;0.28;0.28780674934387207
0.24;0.23819829523563385;0.58;0.5453370809555054;0.48;0.42097267508506775
0.28;0.2820679247379303;0.5;0.47865182161331177;0.42;0.4122239649295807
0.6;0.6022839546203613;0.36;0.31743618845939636;0.38;0.3879855275154114
0.48;0.4654977321624756;0.22;0.2108699381351471;0.12;0.13515391945838928
0.14;0.1520366668701172;0.38;0.38260307908058167;0.36;0.35617178678512573
0.58;0.5502936840057373;0.2;0.32487380504608154;0.16;0.17337259650230408
0.46;0.45842334628105164;0.3;0.38122886419296265;0.12;0.1248621717095375
0.36;0.36674734950065613;0.36;0.39403948187828064;0.1;0.1069064736366272
0.44;0.42630013823509216;0.24;0.24197378754615784;0.2;0.2253059446811676
0.88;0.7762944102287292;0.1;0.2319711446762085;0.14;0.11149661242961884
0.42;0.426923930644989;0.26;0.2538333237171173;0.26;0.28130772709846497
0.18;0.16727440059185028;0.28;0.30956125259399414;0.5;0.46399861574172974
0.44;0.43734991550445557;0.46;0.503879964351654;0.44;0.39064472913742065
0.3;0.2886991798877716;0.46;0.5212284326553345;0.1;0.12311136722564697
0.52;0.5157639384269714;0.22;0.2146233171224594;0.34;0.365032821893692
0.58;0.5805847644805908;0.28;0.31926631927490234;0.38;0.38683074712753296
0.3;0.30449211597442627;0.62;0.605833113193512;0.44;0.4613136351108551
0.18;0.1665647178888321;0.32;0.3237115740776062;0.24;0.256305068731308
0.3;0.2993098497390747;0.42;0.464395672082901;0.24;0.26262763142585754
0.32;0.324491411447525;0.4;0.3732960522174835;0.36;0.31846922636032104
0.64;0.6620761156082153;0.16;0.13378234207630157;0.1;0.13592611253261566
0.42;0.42023220658302307;0.1;0.10240869224071503;0.46;0.4454348683357239
0.24;0.21950557827949524;0.32;0.3342351019382477;0.16;0.15099051594734192
0.38;0.3799799084663391;0.18;0.18380267918109894;0.42;0.419891357421875
0.18;0.17508409917354584;0.66;0.6852055191993713;0.28;0.25824809074401855
0.52;0.5188503861427307;0.16;0.16063354909420013;0.42;0.4379498362541199
0.2;0.19652709364891052;0.4;0.4239146113395691;0.38;0.39539363980293274
0.2;0.19381405413150787;0.38;0.41265398263931274;0.26;0.300933837890625
0.26;0.3169351816177368;0.46;0.48291024565696716;0.42;0.46681109070777893
0.58;0.5875827670097351;0.1;0.10427512228488922;0.3;0.3048362135887146
0.28;0.28020742535591125;0.62;0.6046300530433655;0.34;0.2949419617652893
0.36;0.35926830768585205;0.46;0.48102250695228577;0.2;0.20181074738502502
0.14;0.14292168617248535;0.32;0.2936873435974121;0.14;0.18876390159130096
0.72;0.7103369235992432;0.18;0.19900071620941162;0.22;0.20182707905769348
0.58;0.5744372606277466;0.1;0.11364413797855377;0.32;0.29451602697372437
0.32;0.3173653185367584;0.22;0.23190663754940033;0.38;0.38236743211746216
0.16;0.15980376303195953;0.64;0.6210548877716064;0.5;0.45740851759910583
0.5;0.4342058598995209;0.1;0.16895829141139984;0.16;0.14936386048793793
0.1;0.10334336012601852;0.82;0.8055209517478943;0.34;0.33310988545417786
0.26;0.2595228850841522;0.22;0.23668362200260162;0.5;0.4759466052055359
0.22;0.21174612641334534;0.44;0.45626863837242126;0.26;0.27059406042099
0.52;0.4979363977909088;0.1;0.125026136636734;0.2;0.13956639170646667
0.68;0.6791931986808777;0.12;0.11646080762147903;0.28;0.27395811676979065
0.1;0.10586173087358475;0.48;0.4805945158004761;0.46;0.48552942276000977
0.62;0.6252745985984802;0.34;0.29824334383010864;0.42;0.4197525084018707
0.24;0.24377287924289703;0.48;0.44585978984832764;0.5;0.4421223998069763
0.14;0.11572282016277313;0.14;0.17763285338878632;0.48;0.3781347870826721
0.2;0.18990279734134674;0.48;0.4966631829738617;0.48;0.4892043173313141
0.22;0.22187156975269318;0.44;0.4346446096897125;0.44;0.4497588574886322
0.12;0.11495961248874664;0.66;0.6602067351341248;0.16;0.15348324179649353
0.56;0.5732601284980774;0.38;0.377724826335907;0.44;0.4119707942008972
0.2;0.1903032660484314;0.12;0.1235923320055008;0.34;0.3500896394252777
0.22;0.22532787919044495;0.52;0.5863497257232666;0.12;0.13061478734016418
0.42;0.4302672743797302;0.18;0.1757444143295288;0.36;0.38380226492881775
0.14;0.12790578603744507;0.18;0.20045974850654602;0.42;0.3989461660385132
0.44;0.44609636068344116;0.22;0.20953142642974854;0.42;0.4446181654930115
0.1;0.10239947587251663;0.42;0.4095623791217804;0.34;0.3506917953491211
0.32;0.3244565427303314;0.38;0.37016934156417847;0.38;0.3627604842185974
0.2;0.20216558873653412;0.7;0.718212366104126;0.34;0.32462790608406067
0.32;0.317853182554245;0.5;0.5001721382141113;0.14;0.1333061009645462
0.5;0.49366092681884766;0.28;0.2938133180141449;0.26;0.2373441755771637
0.22;0.21690885722637177;0.52;0.6020071506500244;0.2;0.26061731576919556
0.52;0.5205726623535156;0.46;0.4009881019592285;0.42;0.4320550858974457
0.1;0.11750169843435287;0.24;0.20998713374137878;0.32;0.4264167845249176
0.72;0.7138808965682983;0.26;0.23390309512615204;0.48;0.44567355513572693
0.34;0.34212228655815125;0.38;0.3667888343334198;0.3;0.3224637806415558
0.24;0.23209825158119202;0.28;0.2866658866405487;0.2;0.22440846264362335
0.18;0.1777411252260208;0.4;0.41468244791030884;0.42;0.42713841795921326
0.72;0.6550155282020569;0.12;0.19553089141845703;0.4;0.41429203748703003
0.6;0.5944317579269409;0.3;0.3259221017360687;0.34;0.332047700881958
0.2;0.2018851339817047;0.24;0.24975939095020294;0.34;0.3264865577220917
0.1;0.10121286660432816;0.3;0.29872605204582214;0.46;0.45952653884887695
0.48;0.48081091046333313;0.34;0.3536722660064697;0.48;0.4655129313468933
0.46;0.4680549204349518;0.48;0.4096997082233429;0.1;0.11645574867725372
0.18;0.1798999011516571;0.74;0.7001239657402039;0.28;0.25999706983566284
0.66;0.6284434199333191;0.16;0.1741342395544052;0.46;0.45503902435302734
0.44;0.44420236349105835;0.38;0.3630763590335846;0.3;0.29090940952301025
0.3;0.2991144359111786;0.36;0.364258736371994;0.46;0.44688957929611206
0.18;0.17831510305404663;0.24;0.24271242320537567;0.36;0.3517361581325531
0.18;0.19317173957824707;0.46;0.4741414189338684;0.24;0.277800977230072
0.36;0.3600023686885834;0.54;0.526146411895752;0.32;0.320438027381897
0.12;0.12648597359657288;0.86;0.8331141471862793;0.36;0.34915420413017273
0.64;0.6440374851226807;0.32;0.26521551609039307;0.46;0.4569823741912842
0.32;0.3480762541294098;0.12;0.10458388179540634;0.32;0.36319708824157715
0.52;0.476492702960968;0.1;0.11748352646827698;0.24;0.17641623318195343
0.36;0.3571944534778595;0.56;0.5659977793693542;0.38;0.32743972539901733
0.16;0.15262921154499054;0.66;0.6098727583885193;0.14;0.12994293868541718
0.42;0.42550787329673767;0.42;0.3966282606124878;0.46;0.46023836731910706
0.22;0.22616739571094513;0.22;0.2102406769990921;0.1;0.17355744540691376
0.34;0.3435869812965393;0.58;0.6097201704978943;0.32;0.311764657497406
0.46;0.45753052830696106;0.34;0.3655582070350647;0.36;0.42273807525634766
0.28;0.29187220335006714;0.16;0.13672663271427155;0.14;0.21145948767662048
0.14;0.13724689185619354;0.24;0.24331681430339813;0.46;0.4498196542263031
0.4;0.40105992555618286;0.3;0.3236325681209564;0.28;0.28116974234580994
0.32;0.31656089425086975;0.66;0.5386582016944885;0.5;0.4177362322807312
0.1;0.10734371840953827;0.22;0.22448503971099854;0.38;0.377493292093277
0.28;0.30651333928108215;0.4;0.4323313236236572;0.12;0.14713236689567566
0.38;0.3852904736995697;0.46;0.46788960695266724;0.26;0.26714667677879333
0.1;0.11808645725250244;0.84;0.7735537886619568;0.1;0.1019585132598877
0.74;0.7127999067306519;0.24;0.214423269033432;0.44;0.41580280661582947
0.2;0.21937043964862823;0.34;0.3199976980686188;0.4;0.4208202362060547
0.24;0.237637460231781;0.56;0.5387955904006958;0.28;0.2789493501186371
0.36;0.3600466251373291;0.12;0.11954094469547272;0.26;0.30616411566734314
0.58;0.5887670516967773;0.36;0.2684800624847412;0.2;0.2240000218153
0.22;0.21619226038455963;0.38;0.3890380561351776;0.5;0.4875450134277344
0.36;0.3679894208908081;0.16;0.1425001472234726;0.16;0.24489402770996094
0.1;0.10442691296339035;0.78;0.8287287950515747;0.2;0.20604781806468964
0.66;0.6514299511909485;0.18;0.2291240096092224;0.2;0.20982113480567932
0.32;0.3169874846935272;0.56;0.5499922037124634;0.44;0.44803065061569214
0.48;0.47656089067459106;0.16;0.15990962088108063;0.28;0.2845734655857086
0.2;0.2176266610622406;0.3;0.2710873782634735;0.12;0.13260319828987122
0.78;0.7536925673484802;0.14;0.1739141047000885;0.14;0.14597609639167786
0.3;0.30253398418426514;0.44;0.42875489592552185;0.32;0.3271041810512543
0.28;0.2874017059803009;0.46;0.4373905062675476;0.48;0.45647749304771423
0.18;0.19447916746139526;0.24;0.2432638555765152;0.22;0.1813918799161911
0.2;0.19334512948989868;0.36;0.39532309770584106;0.3;0.2949170172214508
0.4;0.4013703763484955;0.56;0.5185911655426025;0.24;0.2565784454345703
0.12;0.12831959128379822;0.34;0.329149454832077;0.46;0.456033319234848
0.14;0.1327059268951416;0.38;0.5017392635345459;0.12;0.13601145148277283
0.36;0.3566995859146118;0.36;0.4422454237937927;0.2;0.24614019691944122
0.26;0.25931236147880554;0.5;0.5272374749183655;0.48;0.4619024395942688
0.28;0.29789385199546814;0.52;0.5670677423477173;0.14;0.1462295651435852
0.2;0.2018464058637619;0.18;0.20307482779026031;0.38;0.3511076867580414
0.58;0.5772802829742432;0.36;0.354777067899704;0.44;0.4379199147224426
0.3;0.3086649179458618;0.12;0.11690646409988403;0.14;0.17862197756767273
0.3;0.3145272135734558;0.38;0.4009689688682556;0.1;0.14017035067081451
0.4;0.40017300844192505;0.44;0.43631166219711304;0.32;0.2904052138328552
0.26;0.22017991542816162;0.14;0.15877100825309753;0.24;0.24271449446678162
0.12;0.11670344322919846;0.46;0.44870367646217346;0.22;0.21330277621746063
0.38;0.3603920340538025;0.12;0.12771141529083252;0.36;0.35763826966285706
0.26;0.2505457103252411;0.38;0.38550224900245667;0.48;0.4695955216884613
0.2;0.2019471526145935;0.26;0.24699018895626068;0.18;0.18165531754493713
0.24;0.22855818271636963;0.1;0.12799577414989471;0.42;0.28112679719924927
0.56;0.5648514628410339;0.36;0.33681127429008484;0.5;0.48435908555984497
0.24;0.21304847300052643;0.1;0.12175308912992477;0.14;0.1430119127035141
0.36;0.36555853486061096;0.56;0.4828031361103058;0.32;0.2566380500793457
0.12;0.11355853080749512;0.18;0.18866810202598572;0.46;0.4592490792274475
0.32;0.3254483938217163;0.6;0.5163943767547607;0.16;0.1450383961200714
0.28;0.2846302092075348;0.3;0.29723429679870605;0.44;0.45448294281959534
0.3;0.2894769608974457;0.58;0.5813289284706116;0.34;0.29544875025749207
0.1;0.10471607744693756;0.12;0.10657168924808502;0.14;0.18863888084888458
0.4;0.4015781283378601;0.42;0.40706178545951843;0.42;0.41013336181640625
0.34;0.3203818202018738;0.2;0.2163730412721634;0.1;0.14760008454322815
0.62;0.6208413243293762;0.24;0.2728227376937866;0.2;0.18958470225334167
0.28;0.27914535999298096;0.44;0.4622495770454407;0.26;0.26495009660720825
0.74;0.68045973777771;0.1;0.11975756287574768;0.16;0.1806250363588333
0.44;0.4371207356452942;0.44;0.48110708594322205;0.14;0.1446593701839447
0.24;0.24270221590995789;0.6;0.6202001571655273;0.22;0.2429918795824051
0.5;0.4982941448688507;0.14;0.13777391612529755;0.5;0.47863656282424927
0.2;0.20281919836997986;0.78;0.7140222191810608;0.3;0.2865128517150879
0.16;0.15085762739181519;0.78;0.7583746314048767;0.18;0.17787639796733856
0.7;0.7016558051109314;0.1;0.12651829421520233;0.5;0.45967739820480347
0.66;0.6568183302879333;0.22;0.2374972701072693;0.5;0.4871737062931061
0.3;0.3077976405620575;0.6;0.5912516117095947;0.14;0.14453692734241486
0.16;0.16413497924804688;0.52;0.5327643752098083;0.18;0.21173350512981415
0.5;0.4284134805202484;0.1;0.15465086698532104;0.18;0.14373478293418884
0.28;0.2796071767807007;0.44;0.4488077759742737;0.4;0.39930203557014465
0.28;0.28550902009010315;0.58;0.641977071762085;0.1;0.11648716777563095
0.5;0.49947020411491394;0.4;0.4140709340572357;0.4;0.4161697328090668
0.62;0.6261809468269348;0.34;0.2998839318752289;0.12;0.11832503229379654
0.36;0.35913512110710144;0.4;0.4097079932689667;0.24;0.20817461609840393
0.56;0.580558717250824;0.16;0.1572197675704956;0.1;0.15370039641857147
0.5;0.5017033219337463;0.3;0.2812030613422394;0.36;0.33097925782203674
0.56;0.5640901327133179;0.32;0.3023521900177002;0.5;0.49824199080467224
0.2;0.19450286030769348;0.24;0.2544270157814026;0.48;0.43560791015625
0.6;0.5891941785812378;0.2;0.2742796242237091;0.12;0.1056327074766159
0.18;0.18017296493053436;0.1;0.11546684801578522;0.22;0.1637338101863861
0.46;0.46142488718032837;0.4;0.4330170750617981;0.3;0.33872002363204956
0.48;0.480917751789093;0.42;0.4405239224433899;0.32;0.3450333774089813
0.32;0.3187716603279114;0.34;0.4581860899925232;0.12;0.17807912826538086
0.14;0.13958212733268738;0.84;0.8096752166748047;0.34;0.3463199734687805
0.5;0.4974810481071472;0.24;0.2558040916919708;0.3;0.28471827507019043
0.24;0.23952575027942657;0.72;0.6744776368141174;0.46;0.38209229707717896
0.86;0.8459853529930115;0.1;0.11560610681772232;0.3;0.17392650246620178
0.36;0.3635416328907013;0.18;0.1792389303445816;0.36;0.35747891664505005
0.68;0.6710904836654663;0.1;0.1169021725654602;0.24;0.18743960559368134
0.2;0.2019931972026825;0.4;0.4025363624095917;0.42;0.42642778158187866
0.88;0.8493168950080872;0.1;0.10995592176914215;0.42;0.30677303671836853
0.26;0.2588801085948944;0.66;0.6280065774917603;0.22;0.20259404182434082
0.12;0.1076316386461258;0.78;0.7170946002006531;0.18;0.16571775078773499
0.1;0.09760613739490509;0.16;0.16131806373596191;0.32;0.35522428154945374
0.14;0.125161811709404;0.18;0.20166653394699097;0.48;0.42725905776023865
0.34;0.3454936444759369;0.2;0.20407019555568695;0.4;0.40129250288009644
0.46;0.44405433535575867;0.14;0.14759644865989685;0.36;0.32560497522354126
0.42;0.40329408645629883;0.1;0.10260632634162903;0.24;0.31398820877075195
0.66;0.657290518283844;0.1;0.10139422863721848;0.38;0.38321566581726074
0.26;0.25404414534568787;0.16;0.141548752784729;0.12;0.16125352680683136
0.3;0.29553157091140747;0.3;0.3048073351383209;0.46;0.4396606981754303
0.46;0.46156761050224304;0.48;0.4817672073841095;0.2;0.21229882538318634
0.12;0.1214696541428566;0.1;0.10551508516073227;0.34;0.22634992003440857
0.4;0.40645137429237366;0.46;0.4414227604866028;0.48;0.41197270154953003
0.28;0.301919162273407;0.14;0.11940513551235199;0.3;0.2849888801574707
0.34;0.33378633856773376;0.62;0.551185131072998;0.14;0.11917197704315186
0.62;0.5724064707756042;0.1;0.1362987756729126;0.12;0.1443551480770111
0.42;0.42422086000442505;0.5;0.41907715797424316;0.3;0.25856703519821167
0.2;0.19411739706993103;0.66;0.7033330798149109;0.4;0.38356447219848633
0.3;0.30362963676452637;0.66;0.5981172323226929;0.42;0.4204625189304352
0.14;0.13548772037029266;0.4;0.4183604419231415;0.24;0.26707392930984497
0.26;0.25902095437049866;0.58;0.564680814743042;0.26;0.25014230608940125
0.76;0.7547367811203003;0.2;0.1784813106060028;0.14;0.15081314742565155
0.32;0.3249482810497284;0.42;0.4107261896133423;0.48;0.45103415846824646
0.4;0.4014478325843811;0.4;0.4165027439594269;0.38;0.4453139305114746
0.18;0.19437716901302338;0.32;0.31536275148391724;0.16;0.1656423807144165
0.52;0.46371352672576904;0.16;0.1886509209871292;0.12;0.1370495855808258
0.7;0.7113968729972839;0.14;0.10532600432634354;0.18;0.28711798787117004
0.64;0.6470484137535095;0.26;0.2947963774204254;0.2;0.21767044067382812
0.48;0.4750522971153259;0.14;0.14481207728385925;0.48;0.44457539916038513
0.34;0.3295007646083832;0.4;0.461696594953537;0.14;0.14811712503433228
0.72;0.7237452864646912;0.12;0.11980253458023071;0.46;0.42368727922439575
0.38;0.3817295432090759;0.12;0.11786730587482452;0.26;0.27459731698036194
0.72;0.7139347195625305;0.14;0.1882556974887848;0.22;0.2117578238248825
0.56;0.5748295187950134;0.32;0.2779046595096588;0.24;0.2652267813682556
0.48;0.47754642367362976;0.18;0.18732215464115143;0.2;0.20880386233329773
0.68;0.7148861289024353;0.3;0.18133918941020966;0.22;0.2675307095050812
0.46;0.4151534140110016;0.1;0.14226777851581573;0.2;0.1798892319202423
0.32;0.31493130326271057;0.48;0.4958088994026184;0.38;0.414850652217865
0.3;0.3009908199310303;0.16;0.1553674191236496;0.42;0.4103523790836334
0.6;0.5924362540245056;0.18;0.18591363728046417;0.48;0.4661937654018402
0.18;0.1692238748073578;0.32;0.31517982482910156;0.26;0.2845112383365631
0.22;0.1978023797273636;0.22;0.2651127278804779;0.28;0.21817484498023987
0.56;0.5578385591506958;0.12;0.12467897683382034;0.34;0.3103998303413391
0.24;0.25427424907684326;0.5;0.4797334372997284;0.1;0.11613456904888153
0.88;0.7198891639709473;0.1;0.16070541739463806;0.38;0.20664000511169434
0.28;0.2793484330177307;0.62;0.590041995048523;0.26;0.2404496967792511
0.7;0.6988497376441956;0.22;0.2253657728433609;0.42;0.4183271825313568
0.56;0.5541938543319702;0.22;0.243264302611351;0.26;0.2671733498573303
0.1;0.10560650378465652;0.2;0.20022056996822357;0.5;0.4816811680793762
0.2;0.19277851283550262;0.44;0.440107136964798;0.26;0.26213574409484863
0.68;0.6729022860527039;0.3;0.2562067210674286;0.48;0.47844260931015015
0.14;0.1459815502166748;0.84;0.7462733387947083;0.26;0.25689640641212463
0.16;0.1566772311925888;0.38;0.3865950107574463;0.24;0.24188880622386932
0.1;0.09958516061306;0.54;0.5368553400039673;0.34;0.3277749717235565
0.8;0.7322584986686707;0.16;0.18129146099090576;0.26;0.2160099446773529
0.32;0.31001657247543335;0.66;0.5498430132865906;0.28;0.2635727524757385
0.48;0.47889336943626404;0.46;0.46754881739616394;0.44;0.4037903845310211
0.4;0.39955446124076843;0.38;0.3802717328071594;0.44;0.44821518659591675
0.32;0.31225311756134033;0.14;0.14306552708148956;0.24;0.2702769339084625
0.6;0.6126584410667419;0.12;0.11411121487617493;0.36;0.38392847776412964
0.62;0.6248828172683716;0.32;0.31410184502601624;0.36;0.3255694508552551
0.24;0.23926033079624176;0.56;0.560333788394928;0.48;0.42764195799827576
0.46;0.4306640326976776;0.26;0.3507128655910492;0.14;0.13498951494693756
0.38;0.3799418807029724;0.2;0.21317188441753387;0.38;0.3708497881889343
0.38;0.3805294334888458;0.48;0.45209524035453796;0.46;0.43480950593948364
0.24;0.24047787487506866;0.32;0.3171071708202362;0.2;0.2035355567932129
0.32;0.3195157051086426;0.42;0.4248304069042206;0.28;0.27907127141952515
0.5;0.4891296327114105;0.2;0.20943093299865723;0.26;0.23112213611602783
0.14;0.14170311391353607;0.7;0.6862464547157288;0.3;0.2968757152557373
0.52;0.5119876265525818;0.12;0.1260223388671875;0.2;0.2629390060901642
0.24;0.225229412317276;0.32;0.3268249034881592;0.14;0.16244038939476013
0.76;0.7527025938034058;0.2;0.18454144895076752;0.26;0.25851646065711975
0.76;0.7507787346839905;0.2;0.18871444463729858;0.46;0.4103144705295563
0.4;0.4076606333255768;0.42;0.47167396545410156;0.1;0.1176595687866211
0.1;0.1031082347035408;0.86;0.7221385836601257;0.1;0.10001925379037857
0.2;0.20918145775794983;0.36;0.4675709009170532;0.12;0.21683230996131897
0.2;0.21020540595054626;0.34;0.31808972358703613;0.3;0.3186233639717102
0.16;0.14925557374954224;0.28;0.2902749478816986;0.3;0.32547563314437866
0.22;0.22205305099487305;0.34;0.3216007351875305;0.22;0.24758367240428925
0.2;0.19470474123954773;0.26;0.28270646929740906;0.36;0.3253888487815857
0.52;0.5141446590423584;0.24;0.2677769958972931;0.22;0.1962634027004242
0.58;0.5751029849052429;0.26;0.24994756281375885;0.18;0.19835606217384338
0.14;0.13385950028896332;0.34;0.3285177946090698;0.42;0.4443431794643402
0.54;0.5379731059074402;0.24;0.2739107608795166;0.32;0.31599947810173035
0.4;0.4029653072357178;0.48;0.5461496114730835;0.24;0.23021574318408966
0.28;0.2746898829936981;0.66;0.6139299869537354;0.26;0.2550620138645172
0.36;0.3651767373085022;0.48;0.45266807079315186;0.24;0.2154713124036789
0.8;0.7969061136245728;0.18;0.14062583446502686;0.36;0.33550959825515747
0.6;0.5977528691291809;0.26;0.2525057792663574;0.3;0.29920387268066406
0.1;0.1413557082414627;0.26;0.22682562470436096;0.14;0.14832493662834167
0.74;0.7552133798599243;0.24;0.17454123497009277;0.22;0.2941285967826843
0.6;0.598126232624054;0.28;0.2880273163318634;0.48;0.4874250888824463
0.3;0.29302287101745605;0.28;0.2875509262084961;0.24;0.2213587760925293
0.36;0.34909477829933167;0.34;0.3592533767223358;0.28;0.3036436438560486
0.56;0.5552793741226196;0.42;0.36872217059135437;0.22;0.2619275450706482
0.36;0.3551216423511505;0.2;0.19736242294311523;0.42;0.43041372299194336
0.42;0.43015989661216736;0.14;0.14291691780090332;0.48;0.4530530571937561
0.44;0.44056451320648193;0.46;0.45684710144996643;0.2;0.1810905486345291
0.28;0.27930933237075806;0.24;0.25292307138442993;0.46;0.4466148316860199
0.28;0.2809520363807678;0.66;0.6488169431686401;0.28;0.27257853746414185
0.12;0.12736688554286957;0.48;0.4753192067146301;0.44;0.46716585755348206
0.32;0.3235911726951599;0.56;0.5924620032310486;0.26;0.2439763993024826
0.24;0.23878125846385956;0.46;0.46230724453926086;0.42;0.42384472489356995
0.12;0.1219496876001358;0.62;0.6150783896446228;0.46;0.45621833205223083
0.58;0.5939386487007141;0.14;0.13350336253643036;0.12;0.14520856738090515
0.7;0.7007558941841125;0.28;0.23073868453502655;0.34;0.36410897970199585
0.64;0.6236084699630737;0.18;0.2732563614845276;0.24;0.22575297951698303
0.5;0.4974434971809387;0.36;0.37686827778816223;0.3;0.33359581232070923
0.68;0.6835395693778992;0.18;0.24989795684814453;0.16;0.20720136165618896
0.1;0.10185766220092773;0.66;0.6827022433280945;0.32;0.3209075927734375
0.58;0.5819828510284424;0.14;0.13493162393569946;0.24;0.2568693161010742
0.1;0.09922140836715698;0.64;0.6161431074142456;0.3;0.3077133297920227
0.46;0.44972240924835205;0.22;0.22404886782169342;0.42;0.41528940200805664
0.4;0.38823357224464417;0.28;0.3374549448490143;0.12;0.13501602411270142
0.44;0.4278276860713959;0.32;0.40614375472068787;0.26;0.27030473947525024
0.62;0.6355797648429871;0.18;0.1644185483455658;0.28;0.26926082372665405
0.16;0.15605084598064423;0.4;0.4239291548728943;0.12;0.10940515995025635
0.26;0.2625844180583954;0.26;0.26134374737739563;0.46;0.4549252390861511
0.3;0.2981383204460144;0.3;0.3012863099575043;0.26;0.2631435990333557
0.16;0.1629084199666977;0.4;0.4858771562576294;0.16;0.19739410281181335
0.36;0.3623425364494324;0.46;0.43477046489715576;0.46;0.39332956075668335
0.42;0.4154313802719116;0.32;0.329602986574173;0.4;0.41484394669532776
0.3;0.2965337932109833;0.1;0.105685755610466;0.24;0.20600871741771698
0.5;0.4979679584503174;0.3;0.3204686641693115;0.48;0.4572375416755676
0.62;0.6283584833145142;0.36;0.2953752875328064;0.28;0.28940802812576294
0.18;0.17702364921569824;0.7;0.6821805834770203;0.12;0.1184062510728836
0.22;0.21192358434200287;0.74;0.6373392939567566;0.16;0.1397145539522171
0.42;0.41827136278152466;0.56;0.46926718950271606;0.32;0.2695111632347107
0.6;0.592511773109436;0.12;0.1238565444946289;0.5;0.47504740953445435
0.16;0.15474119782447815;0.38;0.3811437785625458;0.5;0.48130446672439575
0.46;0.4653855562210083;0.52;0.42918267846107483;0.16;0.18146724998950958
0.2;0.1978188157081604;0.28;0.287422239780426;0.38;0.3698825240135193
0.22;0.2082422524690628;0.28;0.293161004781723;0.26;0.23695304989814758
0.64;0.6553654670715332;0.12;0.11038663983345032;0.1;0.1426411271095276
0.48;0.4768146872520447;0.18;0.18065427243709564;0.46;0.45099979639053345
0.54;0.5522947311401367;0.4;0.3496169149875641;0.36;0.3575218617916107
0.74;0.7388667464256287;0.18;0.17024511098861694;0.18;0.1662903130054474
0.28;0.27842164039611816;0.5;0.5269916653633118;0.24;0.25083357095718384
0.48;0.48033052682876587;0.46;0.4266926348209381;0.16;0.1614873856306076
0.32;0.32507622241973877;0.3;0.28139838576316833;0.28;0.32612448930740356
0.26;0.25026580691337585;0.58;0.5936093330383301;0.36;0.32841938734054565
0.46;0.460788369178772;0.36;0.34045350551605225;0.22;0.23234263062477112
0.12;0.11525304615497589;0.72;0.7299368381500244;0.42;0.41717976331710815
0.14;0.13159377872943878;0.76;0.7772465944290161;0.1;0.1008443832397461
0.3;0.31390246748924255;0.32;0.2696027457714081;0.34;0.3994532823562622
0.5;0.4960643947124481;0.26;0.2962036728858948;0.12;0.1367962509393692
0.1;0.10106681287288666;0.66;0.6933252215385437;0.18;0.17170746624469757
0.68;0.6771323084831238;0.24;0.27371644973754883;0.26;0.269268661737442
0.14;0.13664254546165466;0.58;0.5665193200111389;0.5;0.4530828595161438
0.5;0.4986139237880707;0.28;0.28902262449264526;0.36;0.3513292968273163
0.36;0.3654402792453766;0.36;0.33914315700531006;0.46;0.4395487904548645
0.38;0.37799808382987976;0.26;0.2805740237236023;0.5;0.47096124291419983
0.64;0.6360589265823364;0.22;0.2844860553741455;0.2;0.19291116297245026
0.14;0.12619812786579132;0.1;0.1087038516998291;0.26;0.27510857582092285
0.1;0.11178115755319595;0.34;0.3480709493160248;0.24;0.19490623474121094
0.8;0.846990168094635;0.14;0.12813560664653778;0.12;0.22140979766845703
0.1;0.10900980234146118;0.24;0.21383261680603027;0.36;0.44022417068481445
0.22;0.20131905376911163;0.12;0.14822033047676086;0.44;0.34264177083969116
0.3;0.31318989396095276;0.4;0.4322436451911926;0.22;0.296278178691864
0.3;0.2890312373638153;0.46;0.49123355746269226;0.18;0.17438343167304993
0.34;0.3362138271331787;0.1;0.11181941628456116;0.3;0.16854852437973022
0.3;0.22111813724040985;0.12;0.19697707891464233;0.12;0.1476183384656906
0.44;0.44140398502349854;0.32;0.3157396614551544;0.44;0.47097188234329224
0.18;0.1986239105463028;0.3;0.2952006459236145;0.14;0.15716615319252014
0.18;0.18698418140411377;0.12;0.13284380733966827;0.5;0.44556546211242676
0.54;0.5009996294975281;0.14;0.1665096879005432;0.14;0.14243921637535095
0.56;0.55539870262146;0.28;0.333768367767334;0.18;0.18065869808197021
0.28;0.27424508333206177;0.7;0.5637800097465515;0.22;0.1745632439851761
0.44;0.44153839349746704;0.38;0.37763363122940063;0.46;0.454031765460968
0.68;0.6843881607055664;0.14;0.12841925024986267;0.12;0.1529453694820404
0.34;0.34117332100868225;0.46;0.46403929591178894;0.4;0.38338330388069153
0.54;0.5415759682655334;0.34;0.38061559200286865;0.4;0.3677299916744232
0.12;0.12354439496994019;0.5;0.5636264085769653;0.18;0.2365235835313797
0.4;0.4031016528606415;0.48;0.5230709910392761;0.42;0.4490801692008972
0.16;0.1638364940881729;0.52;0.4995920956134796;0.46;0.4269988536834717
0.22;0.23295146226882935;0.18;0.1596868932247162;0.26;0.30151107907295227
0.6;0.5968770980834961;0.24;0.2876979410648346;0.36;0.39945241808891296
0.18;0.21258315443992615;0.48;0.5012438297271729;0.1;0.1341852843761444
0.22;0.2072814404964447;0.72;0.6830049753189087;0.5;0.49894362688064575
0.36;0.3619983494281769;0.6;0.5282915830612183;0.5;0.43282565474510193
0.52;0.5219371318817139;0.36;0.36026307940483093;0.38;0.3988884389400482
0.48;0.41850927472114563;0.12;0.16524098813533783;0.12;0.14390070736408234
0.38;0.37981554865837097;0.3;0.32740938663482666;0.16;0.1779559850692749
0.24;0.2349199801683426;0.52;0.5516769886016846;0.26;0.2722264528274536
0.46;0.4576418697834015;0.26;0.2653319835662842;0.36;0.36315515637397766
0.16;0.1481596827507019;0.56;0.5752792954444885;0.42;0.445211797952652
0.14;0.13559061288833618;0.76;0.8117889165878296;0.24;0.24641112983226776
0.46;0.45819976925849915;0.12;0.12983600795269012;0.28;0.2594011425971985
0.74;0.7354598641395569;0.14;0.19084982573986053;0.5;0.4481593072414398
0.14;0.1245696097612381;0.82;0.7880820035934448;0.1;0.10293789207935333
0.44;0.43942946195602417;0.38;0.47823601961135864;0.14;0.20897312462329865
0.38;0.38320472836494446;0.52;0.4672795832157135;0.18;0.1904965341091156
0.28;0.4297507107257843;0.54;0.5041747689247131;0.24;0.2588350176811218
0.24;0.23817111551761627;0.66;0.6105323433876038;0.36;0.3361878991127014
0.5;0.4340847432613373;0.1;0.15955083072185516;0.14;0.16099759936332703
0.16;0.157033771276474;0.56;0.5481841564178467;0.46;0.4183727204799652
0.5;0.5031143426895142;0.38;0.384565144777298;0.5;0.4914165437221527
0.4;0.3961075246334076;0.36;0.3398045003414154;0.18;0.18666665256023407
0.74;0.7419595122337341;0.16;0.1689598262310028;0.46;0.45820194482803345
0.1;0.10087418556213379;0.72;0.7128892540931702;0.38;0.3317949175834656
0.68;0.677498996257782;0.22;0.23165664076805115;0.3;0.2679601311683655
0.14;0.13489611446857452;0.28;0.2728397846221924;0.2;0.2040787637233734
0.3;0.3183434307575226;0.14;0.1106642410159111;0.22;0.18911664187908173
0.46;0.46165791153907776;0.22;0.2122989445924759;0.14;0.14565293490886688
0.28;0.29031625390052795;0.6;0.5708982944488525;0.14;0.138503760099411
0.26;0.22830945253372192;0.1;0.14419490098953247;0.48;0.3593701422214508
0.16;0.17040064930915833;0.6;0.6127203106880188;0.16;0.1466318666934967
0.28;0.29400938749313354;0.32;0.29103559255599976;0.38;0.40692615509033203
0.58;0.5689680576324463;0.2;0.22515751421451569;0.32;0.3249397277832031
0.66;0.6725903153419495;0.16;0.1362294703722;0.12;0.18752872943878174
0.28;0.2790178954601288;0.36;0.361359566450119;0.44;0.462245374917984
0.5;0.509380042552948;0.1;0.10772786289453506;0.26;0.22499457001686096
0.76;0.7844752669334412;0.2;0.14595051109790802;0.24;0.3160439431667328
0.32;0.32714617252349854;0.42;0.4963553547859192;0.1;0.11831490695476532
0.46;0.4589236378669739;0.28;0.2845831513404846;0.44;0.4466870427131653
0.58;0.571165144443512;0.18;0.17502054572105408;0.22;0.24709148705005646
0.5;0.49916160106658936;0.26;0.3090299069881439;0.1;0.1222962960600853
0.22;0.22284764051437378;0.36;0.5826930403709412;0.16;0.22551080584526062
0.64;0.6449339985847473;0.24;0.2661639451980591;0.2;0.18200024962425232
0.28;0.27846404910087585;0.66;0.6574007272720337;0.32;0.3093434274196625
0.24;0.2508282959461212;0.14;0.14160838723182678;0.22;0.1891692578792572
0.12;0.11868207156658173;0.84;0.793018102645874;0.48;0.4867723882198334
0.14;0.1419934779405594;0.38;0.4386197626590729;0.2;0.2642478346824646
0.34;0.3389231860637665;0.54;0.5823710560798645;0.42;0.3930632472038269
0.86;0.7542166709899902;0.12;0.21441388130187988;0.18;0.12623223662376404
0.52;0.5086600184440613;0.22;0.20904330909252167;0.32;0.34244754910469055
0.62;0.6338719725608826;0.14;0.13492688536643982;0.1;0.15701977908611298
0.24;0.2324199229478836;0.64;0.6283639073371887;0.44;0.4167351722717285
0.22;0.2059434950351715;0.16;0.17635402083396912;0.3;0.28633132576942444
0.26;0.2590576112270355;0.34;0.3520905077457428;0.42;0.43210268020629883
0.42;0.36588943004608154;0.1;0.1413639783859253;0.1;0.16169369220733643
0.4;0.3974839746952057;0.36;0.38285571336746216;0.24;0.26863420009613037
0.62;0.6196601390838623;0.28;0.2903974652290344;0.26;0.2642495036125183
0.3;0.30309221148490906;0.2;0.1996660828590393;0.22;0.18995830416679382
0.2;0.21132875978946686;0.48;0.5289661288261414;0.16;0.18659833073616028
0.24;0.2503297030925751;0.6;0.6393586993217468;0.1;0.10539410263299942
0.24;0.23786786198616028;0.26;0.2617699205875397;0.4;0.4059329926967621
0.22;0.19691215455532074;0.26;0.2990700900554657;0.34;0.30193227529525757
0.48;0.4791564345359802;0.44;0.4470636248588562;0.48;0.4646779000759125
0.14;0.13840113580226898;0.6;0.649949848651886;0.16;0.17133069038391113
0.18;0.18719463050365448;0.42;0.4493582844734192;0.22;0.24703359603881836
0.8;0.7880297303199768;0.16;0.10804638266563416;0.14;0.13325707614421844
0.26;0.2777743637561798;0.14;0.12082640826702118;0.14;0.2302674800157547
0.26;0.26065656542778015;0.54;0.5614360570907593;0.32;0.30741313099861145
0.54;0.527143657207489;0.26;0.31002527475357056;0.12;0.13789178431034088
0.26;0.2608664631843567;0.66;0.5911287665367126;0.18;0.15996664762496948
0.36;0.35808202624320984;0.48;0.45829373598098755;0.46;0.40173569321632385
0.24;0.26353976130485535;0.26;0.25029775500297546;0.14;0.1462242305278778
0.26;0.2515057623386383;0.2;0.19876232743263245;0.14;0.1428181231021881
0.5;0.5075852870941162;0.4;0.3821406960487366;0.12;0.11390185356140137
0.54;0.5481526255607605;0.32;0.2582641839981079;0.24;0.25293979048728943
0.52;0.5132762789726257;0.18;0.17083291709423065;0.14;0.15109708905220032
0.24;0.2399768829345703;0.68;0.6159536838531494;0.48;0.4275040030479431
0.6;0.6009534597396851;0.3;0.2840472459793091;0.32;0.3551635444164276
0.16;0.1510240137577057;0.12;0.11388834565877914;0.14;0.15792524814605713
0.16;0.16001546382904053;0.7;0.6762079000473022;0.3;0.30404508113861084
0.1;0.11351216584444046;0.3;0.2768981158733368;0.12;0.12264889478683472
0.78;0.8077695369720459;0.2;0.1578318476676941;0.1;0.18677616119384766
0.26;0.24174995720386505;0.22;0.2327461540699005;0.2;0.13834401965141296
0.14;0.1421351283788681;0.48;0.46148979663848877;0.12;0.1203547939658165
0.36;0.35158059000968933;0.1;0.09853100776672363;0.3;0.3138165771961212
0.36;0.35212141275405884;0.28;0.26962724328041077;0.1;0.1239776760339737
0.3;0.2984907031059265;0.22;0.2173098623752594;0.14;0.1677723079919815
0.54;0.5480347275733948;0.28;0.2670152485370636;0.34;0.3459402620792389
0.24;0.2390211671590805;0.74;0.6381126642227173;0.18;0.14902375638484955
0.34;0.3385346531867981;0.5;0.5624198317527771;0.2;0.21129193902015686
0.56;0.5664939284324646;0.4;0.34248122572898865;0.32;0.3130655586719513
0.84;0.6658159494400024;0.12;0.24337734282016754;0.14;0.18622013926506042
0.74;0.733508288860321;0.14;0.15190564095973969;0.14;0.11801264435052872
0.4;0.4009445905685425;0.24;0.23438182473182678;0.34;0.3581189513206482
0.24;0.24375732243061066;0.5;0.5497419834136963;0.28;0.29544100165367126
0.62;0.6347496509552002;0.18;0.1553964912891388;0.36;0.41394883394241333
0.34;0.3468254506587982;0.38;0.4468260705471039;0.1;0.11619631946086884
0.3;0.3237144351005554;0.32;0.26320716738700867;0.32;0.37207427620887756
0.3;0.30322781205177307;0.68;0.6073470711708069;0.3;0.2986220717430115
0.22;0.20571178197860718;0.46;0.48586899042129517;0.28;0.2780492603778839
0.52;0.5298742055892944;0.12;0.12009421736001968;0.42;0.3495332598686218
0.28;0.2770097255706787;0.24;0.24562233686447144;0.42;0.42074188590049744
0.3;0.3189115524291992;0.1;0.0982925221323967;0.48;0.4267250597476959
0.28;0.29126250743865967;0.56;0.49689772725105286;0.14;0.12279112637042999
0.24;0.24009142816066742;0.44;0.44362157583236694;0.28;0.27191051840782166
0.26;0.2559630870819092;0.34;0.34632447361946106;0.38;0.360461950302124
0.32;0.34904956817626953;0.5;0.4843543767929077;0.36;0.3350054621696472
0.74;0.7436334490776062;0.22;0.17580430209636688;0.14;0.16588819026947021
0.5;0.5053855776786804;0.34;0.3233999013900757;0.28;0.2750815749168396
0.24;0.2329930067062378;0.12;0.11409331113100052;0.16;0.16936273872852325
0.38;0.37756165862083435;0.2;0.21349294483661652;0.3;0.2950533926486969
0.3;0.2978564500808716;0.16;0.17418980598449707;0.38;0.336226224899292
0.16;0.18699313700199127;0.12;0.13168121874332428;0.34;0.1674579679965973
0.52;0.5210116505622864;0.42;0.41421422362327576;0.48;0.45978492498397827
0.46;0.4557417035102844;0.1;0.10293417423963547;0.46;0.4134694039821625
0.22;0.21666276454925537;0.28;0.2814090847969055;0.44;0.447200208902359
0.38;0.37895530462265015;0.6;0.5443426370620728;0.48;0.43581685423851013
0.14;0.12342067062854767;0.16;0.1732855588197708;0.26;0.2748744487762451
0.54;0.5298627018928528;0.22;0.2592553496360779;0.36;0.37161606550216675
0.2;0.2004188746213913;0.4;0.4037558138370514;0.4;0.4061145782470703
0.16;0.16036313772201538;0.12;0.15580129623413086;0.5;0.3302749693393707
0.6;0.591003954410553;0.16;0.16801300644874573;0.48;0.46006518602371216
0.1;0.11583491414785385;0.12;0.11721482872962952;0.46;0.48175257444381714
0.12;0.11856301873922348;0.76;0.7231096625328064;0.1;0.10104254633188248
0.2;0.2061505764722824;0.32;0.32195210456848145;0.24;0.25862452387809753
0.1;0.11154305189847946;0.68;0.6605864763259888;0.14;0.14811114966869354
0.1;0.09431198984384537;0.82;0.7755932211875916;0.14;0.11727963387966156
0.26;0.2599245607852936;0.7;0.6592144966125488;0.48;0.47238320112228394
0.4;0.39475083351135254;0.3;0.33922258019447327;0.24;0.3000200688838959
0.86;0.8592255115509033;0.1;0.11099271476268768;0.18;0.14914079010486603
0.42;0.4203983545303345;0.22;0.23267869651317596;0.44;0.43083900213241577
0.44;0.44148188829421997;0.44;0.47473976016044617;0.42;0.3979061245918274
0.28;0.28664883971214294;0.64;0.6111564040184021;0.44;0.4086116850376129
0.5;0.5073899030685425;0.34;0.3068574368953705;0.12;0.11338067054748535
0.3;0.2995463013648987;0.26;0.2527310252189636;0.16;0.17577895522117615
0.44;0.439700186252594;0.48;0.4720706343650818;0.28;0.2782250642776489
0.62;0.6428022384643555;0.18;0.14305010437965393;0.1;0.13432297110557556
0.12;0.12009360641241074;0.34;0.3493137061595917;0.36;0.36364924907684326
0.74;0.726313591003418;0.22;0.22006717324256897;0.5;0.4856913089752197
0.5;0.5021942257881165;0.46;0.4378225803375244;0.26;0.22780609130859375
0.5;0.5047197937965393;0.48;0.3983231484889984;0.2;0.15738599002361298
0.48;0.4873327612876892;0.42;0.3655385971069336;0.48;0.46729832887649536
0.18;0.180891752243042;0.28;0.2776893973350525;0.4;0.4051574170589447
0.36;0.35600289702415466;0.3;0.3258900046348572;0.36;0.4110206067562103
0.32;0.3501729369163513;0.6;0.5195494890213013;0.14;0.1269671618938446
0.18;0.18237388134002686;0.7;0.622222363948822;0.22;0.1785224974155426
0.78;0.7599610090255737;0.12;0.16530442237854004;0.18;0.15639522671699524
0.46;0.41016918420791626;0.1;0.16775517165660858;0.14;0.13824185729026794
0.56;0.5848056674003601;0.36;0.32159659266471863;0.1;0.13415881991386414
0.5;0.48533836007118225;0.26;0.2912917137145996;0.36;0.4013604521751404
0.7;0.7013716101646423;0.28;0.25245875120162964;0.4;0.42335933446884155
0.2;0.20287814736366272;0.46;0.45101624727249146;0.3;0.30581197142601013
0.24;0.23493437469005585;0.6;0.5734367966651917;0.48;0.4322904646396637
0.26;0.2588675916194916;0.34;0.34708350896835327;0.4;0.40098220109939575
0.18;0.17990928888320923;0.36;0.349510133266449;0.18;0.1765318661928177
0.3;0.30212143063545227;0.24;0.22795116901397705;0.4;0.3994347155094147
0.36;0.36251530051231384;0.46;0.46103888750076294;0.18;0.18650366365909576
0.38;0.39796221256256104;0.54;0.5194612741470337;0.1;0.11644530296325684
0.7;0.7054705023765564;0.28;0.23451657593250275;0.26;0.3050170838832855
0.76;0.7541155815124512;0.22;0.18009303510189056;0.38;0.3625539541244507
0.18;0.18822483718395233;0.38;0.3814593255519867;0.36;0.3587948679924011
0.28;0.26796337962150574;0.32;0.30888959765434265;0.44;0.47910118103027344
0.6;0.6049529314041138;0.32;0.274275004863739;0.26;0.2799757122993469
0.72;0.7336763739585876;0.12;0.10821770131587982;0.36;0.3668518662452698
0.32;0.3228757083415985;0.38;0.3880014717578888;0.28;0.34778815507888794
0.1;0.11151901632547379;0.52;0.6433862447738647;0.12;0.16096222400665283
0.56;0.552090048789978;0.1;0.10672382265329361;0.36;0.3506409525871277
0.16;0.15953950583934784;0.42;0.4209023416042328;0.18;0.19213417172431946
0.74;0.7158286571502686;0.2;0.2160504013299942;0.38;0.3597899079322815
0.16;0.16117992997169495;0.4;0.40143218636512756;0.34;0.34866172075271606
0.32;0.320424348115921;0.56;0.5917115807533264;0.38;0.35176882147789
0.1;0.10280294716358185;0.14;0.12657926976680756;0.24;0.3289650082588196
0.26;0.2575247585773468;0.54;0.48098814487457275;0.5;0.4297085702419281
0.42;0.4321476221084595;0.18;0.1821022778749466;0.48;0.4642395079135895
0.22;0.21876582503318787;0.56;0.5480888485908508;0.48;0.44033002853393555
0.62;0.6097678542137146;0.22;0.28324705362319946;0.18;0.1610952615737915
0.1;0.10268312692642212;0.82;0.7896901369094849;0.24;0.22884130477905273
0.6;0.6007662415504456;0.1;0.10278670489788055;0.32;0.2581113874912262
0.68;0.6981407999992371;0.2;0.20970319211483002;0.16;0.19360491633415222
0.52;0.5210102796554565;0.4;0.386211633682251;0.5;0.48271575570106506
0.46;0.46041807532310486;0.4;0.3979613780975342;0.46;0.4870951771736145
0.4;0.39227354526519775;0.36;0.38345831632614136;0.34;0.39391452074050903
0.16;0.15468265116214752;0.44;0.4654611647129059;0.46;0.4837312698364258
0.2;0.19230355322360992;0.7;0.6583740711212158;0.18;0.1753397434949875
0.64;0.6371833086013794;0.26;0.2577363848686218;0.22;0.25946784019470215
0.16;0.15928025543689728;0.68;0.6877070665359497;0.26;0.26131969690322876
0.38;0.3763238489627838;0.58;0.560158371925354;0.46;0.43347859382629395
0.18;0.18189844489097595;0.52;0.5148224830627441;0.46;0.4768887162208557
0.62;0.6250485777854919;0.3;0.3142848014831543;0.48;0.4667287766933441
0.36;0.35641005635261536;0.28;0.2729516327381134;0.28;0.289739191532135
0.26;0.2631414234638214;0.7;0.5970105528831482;0.18;0.17924778163433075
0.46;0.4703991115093231;0.14;0.13704082369804382;0.3;0.31207308173179626
0.36;0.3591681718826294;0.44;0.4395465552806854;0.3;0.3318830132484436
0.2;0.20678706467151642;0.18;0.17920053005218506;0.22;0.22691693902015686
0.68;0.6666117906570435;0.24;0.2669990658760071;0.44;0.44436901807785034
0.26;0.26145461201667786;0.3;0.29343894124031067;0.36;0.3581739068031311
0.62;0.6137890815734863;0.12;0.1442076563835144;0.22;0.22795191407203674
0.64;0.6356170773506165;0.18;0.23040729761123657;0.3;0.27923768758773804
0.16;0.1661439687013626;0.7;0.7387952208518982;0.42;0.455331414937973
0.1;0.10076809674501419;0.44;0.4385366439819336;0.32;0.33630675077438354
0.16;0.15806932747364044;0.2;0.21813999116420746;0.4;0.40265655517578125
0.68;0.5502722263336182;0.14;0.17545008659362793;0.1;0.170261949300766
0.34;0.3510277569293976;0.58;0.5902494788169861;0.16;0.16967232525348663
0.38;0.3694658577442169;0.1;0.10824175179004669;0.48;0.4595213532447815
0.14;0.1415816694498062;0.3;0.301064133644104;0.48;0.4771970808506012
0.42;0.4309619963169098;0.34;0.3027087152004242;0.44;0.45064592361450195
0.68;0.6910566687583923;0.26;0.25143304467201233;0.12;0.13414892554283142
0.14;0.18628573417663574;0.18;0.13684839010238647;0.14;0.20089702308177948
0.18;0.17572812736034393;0.1;0.12433566153049469;0.48;0.4254857897758484
0.32;0.3325806260108948;0.64;0.5615261197090149;0.14;0.1426883190870285
0.72;0.7065603733062744;0.24;0.2416118085384369;0.46;0.43223077058792114
0.82;0.8093191981315613;0.12;0.13514827191829681;0.28;0.25323286652565
0.22;0.22064842283725739;0.22;0.21285030245780945;0.38;0.3896997272968292
0.32;0.32485857605934143;0.62;0.5309419631958008;0.16;0.1428234875202179
0.18;0.18590670824050903;0.5;0.5023753643035889;0.44;0.45341333746910095
0.14;0.13631822168827057;0.2;0.21205298602581024;0.48;0.44808968901634216
0.46;0.4560220539569855;0.26;0.28383922576904297;0.26;0.24984435737133026
0.16;0.14969699084758759;0.26;0.2653656005859375;0.2;0.2376953661441803
0.38;0.3800542652606964;0.58;0.4950830638408661;0.48;0.41032910346984863
0.26;0.2558470070362091;0.46;0.5104866027832031;0.1;0.11697065830230713
0.18;0.17082016170024872;0.58;0.6606192588806152;0.22;0.22614511847496033
0.42;0.4411366879940033;0.14;0.12135374546051025;0.26;0.23859457671642303
0.18;0.1773676872253418;0.7;0.7193124890327454;0.48;0.46162644028663635
0.2;0.19089587032794952;0.24;0.24876044690608978;0.4;0.37142616510391235
0.42;0.42277416586875916;0.4;0.44562438130378723;0.26;0.29987892508506775
0.32;0.3283991515636444;0.14;0.14262507855892181;0.38;0.35338884592056274
0.5;0.49740567803382874;0.14;0.13857337832450867;0.46;0.4735807478427887
0.56;0.5850760340690613;0.12;0.09801939129829407;0.32;0.32876482605934143
0.12;0.12600848078727722;0.26;0.2593083679676056;0.4;0.40202751755714417
0.36;0.3614847660064697;0.36;0.38916730880737305;0.16;0.1660386621952057
0.76;0.7326318621635437;0.1;0.10845676064491272;0.2;0.2246263474225998
0.58;0.5691527724266052;0.12;0.12157014012336731;0.12;0.17307710647583008
0.74;0.7500141859054565;0.16;0.19562368094921112;0.28;0.3015988767147064
0.18;0.17563079297542572;0.8;0.7335097789764404;0.22;0.19187483191490173
0.6;0.6040998101234436;0.16;0.16119474172592163;0.32;0.30162176489830017
0.46;0.4445037543773651;0.2;0.22057078778743744;0.5;0.4361518919467926
0.24;0.23335696756839752;0.68;0.6117607355117798;0.22;0.20890727639198303
0.24;0.20208734273910522;0.1;0.13653036952018738;0.16;0.16629135608673096
0.72;0.6856918931007385;0.16;0.19957326352596283;0.28;0.24066133797168732
0.5;0.5037579536437988;0.36;0.35942140221595764;0.22;0.2051585614681244
0.14;0.14744123816490173;0.26;0.24897401034832;0.44;0.47829610109329224
0.42;0.4040861129760742;0.28;0.3314572274684906;0.26;0.3317057490348816
0.28;0.28167277574539185;0.14;0.1411506086587906;0.36;0.30552709102630615
0.22;0.19834616780281067;0.16;0.17704260349273682;0.36;0.33943426609039307
0.32;0.32350245118141174;0.6;0.5097809433937073;0.28;0.21810774505138397
0.36;0.3813803493976593;0.62;0.3793623149394989;0.1;0.11276165395975113
0.28;0.2946353256702423;0.64;0.6149052977561951;0.14;0.1294359415769577
0.34;0.3454315960407257;0.44;0.42006728053092957;0.12;0.1202295571565628
0.1;0.1081448644399643;0.18;0.1554606556892395;0.38;0.4155329763889313
0.48;0.4841349422931671;0.2;0.2101690024137497;0.2;0.17664963006973267
0.72;0.695774495601654;0.22;0.2336384654045105;0.2;0.18291088938713074
0.4;0.3998853266239166;0.58;0.47406890988349915;0.16;0.13690096139907837
0.2;0.19556710124015808;0.18;0.18510018289089203;0.4;0.43501853942871094
0.24;0.306391179561615;0.5;0.46318456530570984;0.5;0.4513070583343506
0.42;0.4233367145061493;0.12;0.11476355791091919;0.3;0.29134607315063477
0.24;0.24750234186649323;0.62;0.6502515077590942;0.24;0.25271075963974
0.1;0.13441243767738342;0.82;0.7525635361671448;0.12;0.12387406826019287
0.1;0.09844344109296799;0.82;0.7498126029968262;0.18;0.1617794930934906
0.3;0.29598718881607056;0.16;0.1543806493282318;0.2;0.25007176399230957
0.22;0.20786844193935394;0.3;0.30506497621536255;0.34;0.34027382731437683
0.48;0.45473647117614746;0.12;0.15381063520908356;0.1;0.13148660957813263
0.3;0.29878222942352295;0.14;0.12234125286340714;0.1;0.1992824822664261
0.78;0.8054245710372925;0.12;0.1221962571144104;0.2;0.35740697383880615
0.48;0.4785845875740051;0.38;0.439043790102005;0.36;0.33314597606658936
0.36;0.35908180475234985;0.34;0.3629220128059387;0.32;0.3672095835208893
0.44;0.4432893395423889;0.1;0.11093176901340485;0.32;0.24361316859722137
0.66;0.6555512547492981;0.2;0.22631245851516724;0.38;0.3818124532699585
0.2;0.20161934196949005;0.54;0.5329486131668091;0.36;0.32973164319992065
0.56;0.5588346719741821;0.38;0.3698367476463318;0.22;0.20705533027648926
0.26;0.257336288690567;0.68;0.6573309898376465;0.2;0.1785939484834671
0.38;0.38810843229293823;0.36;0.4227597713470459;0.1;0.11142301559448242
0.26;0.26705822348594666;0.56;0.5632302165031433;0.1;0.11482413113117218
0.1;0.10599716007709503;0.72;0.7631886005401611;0.26;0.2734737992286682
0.6;0.599929928779602;0.28;0.2945776879787445;0.34;0.3539123833179474
0.58;0.5749262571334839;0.28;0.3022367060184479;0.36;0.33840546011924744
0.54;0.5369191765785217;0.14;0.14526215195655823;0.12;0.17365045845508575
0.44;0.4426494836807251;0.24;0.23961547017097473;0.3;0.28115445375442505
0.1;0.10592111945152283;0.5;0.4810456931591034;0.2;0.20215186476707458
0.18;0.188016876578331;0.34;0.31831130385398865;0.34;0.3839859366416931
0.38;0.37848445773124695;0.36;0.365388959646225;0.48;0.4663456976413727
0.24;0.24158982932567596;0.68;0.7011265158653259;0.1;0.10474292933940887
0.26;0.25537580251693726;0.54;0.5012208819389343;0.22;0.21428251266479492
0.14;0.1368524432182312;0.52;0.5221450924873352;0.28;0.30040204524993896
0.18;0.20265237987041473;0.1;0.10730847716331482;0.4;0.21698406338691711
0.42;0.41841936111450195;0.28;0.2972819209098816;0.5;0.45090168714523315
0.68;0.7136821746826172;0.14;0.11727049201726913;0.26;0.2954927384853363
0.48;0.48197004199028015;0.44;0.4535766839981079;0.28;0.23879890143871307
0.6;0.6060839295387268;0.38;0.33101558685302734;0.46;0.41157445311546326
0.36;0.36234551668167114;0.24;0.2465163916349411;0.38;0.38601526618003845
0.22;0.2233351320028305;0.16;0.13803254067897797;0.16;0.17059481143951416
0.36;0.37579646706581116;0.48;0.4430638253688812;0.26;0.22227847576141357
0.32;0.29453498125076294;0.12;0.13291487097740173;0.16;0.3287367820739746
0.48;0.47805094718933105;0.16;0.15963968634605408;0.42;0.43676120042800903
0.18;0.18066339194774628;0.2;0.1964966058731079;0.28;0.30665072798728943
0.36;0.3609461188316345;0.26;0.2685420513153076;0.46;0.41916218400001526
0.14;0.14017842710018158;0.68;0.6741943955421448;0.34;0.34173423051834106
0.32;0.3242204487323761;0.42;0.40698719024658203;0.4;0.3854231834411621
0.16;0.18391506373882294;0.32;0.3102039396762848;0.12;0.17294767498970032
0.1;0.09936180710792542;0.32;0.31976833939552307;0.42;0.38745027780532837
0.24;0.23081852495670319;0.24;0.23698565363883972;0.3;0.2724422812461853
0.16;0.159013569355011;0.38;0.3893318176269531;0.44;0.4392097592353821
0.34;0.34004032611846924;0.4;0.4884687066078186;0.12;0.12304328382015228
0.58;0.5649762749671936;0.12;0.13380154967308044;0.5;0.47372856736183167
0.3;0.3014450967311859;0.14;0.12570351362228394;0.34;0.4222356677055359
0.32;0.4790075123310089;0.5;0.49138912558555603;0.5;0.45069265365600586
0.42;0.4072563350200653;0.32;0.34586548805236816;0.28;0.34556248784065247
0.44;0.4358258545398712;0.34;0.3381023705005646;0.3;0.2954346537590027
0.32;0.3325229287147522;0.54;0.5177381634712219;0.18;0.18821373581886292
0.76;0.7790425419807434;0.2;0.15570251643657684;0.18;0.2435528039932251
0.24;0.24252201616764069;0.58;0.6307816505432129;0.36;0.3637956976890564
0.22;0.22178633511066437;0.12;0.108964703977108;0.2;0.2094825953245163
0.34;0.34233376383781433;0.26;0.2503959536552429;0.16;0.14353886246681213
0.26;0.28144755959510803;0.2;0.18146319687366486;0.22;0.25802701711654663
0.38;0.4002465605735779;0.2;0.182603120803833;0.2;0.24609360098838806
0.46;0.46068066358566284;0.3;0.3199227452278137;0.28;0.29969698190689087
0.54;0.5376603007316589;0.18;0.16781280934810638;0.14;0.15323296189308167
0.1;0.10424558818340302;0.34;0.3227463662624359;0.28;0.2969110310077667
0.26;0.23818641901016235;0.12;0.14316919445991516;0.14;0.2354602813720703
0.2;0.2008294016122818;0.76;0.6752233505249023;0.38;0.3692363202571869
0.24;0.2467297911643982;0.38;0.3728218674659729;0.4;0.40532082319259644
0.42;0.40341079235076904;0.12;0.13348375260829926;0.22;0.24881592392921448
0.4;0.4036775529384613;0.24;0.23221072554588318;0.16;0.16656900942325592
0.24;0.2258075773715973;0.12;0.14274974167346954;0.38;0.21930189430713654
0.16;0.1490793377161026;0.54;0.5375411510467529;0.2;0.21194374561309814
0.2;0.20228655636310577;0.74;0.7327357530593872;0.2;0.18542590737342834
0.76;0.7577856183052063;0.16;0.18663787841796875;0.44;0.46996527910232544
0.16;0.14835792779922485;0.16;0.1539241373538971;0.1;0.1778627634048462
0.28;0.2768755257129669;0.58;0.5453019142150879;0.48;0.39653927087783813
0.54;0.5504841804504395;0.42;0.32528364658355713;0.16;0.15977732837200165
0.42;0.4258871078491211;0.2;0.2062331885099411;0.46;0.4445978105068207
0.2;0.21053236722946167;0.16;0.15676438808441162;0.44;0.44811850786209106
0.32;0.31050989031791687;0.2;0.20097100734710693;0.28;0.257554829120636
0.88;0.7996113896369934;0.1;0.16821812093257904;0.1;0.11095769703388214
0.24;0.24395205080509186;0.6;0.5424060225486755;0.28;0.24556565284729004
0.24;0.2226698398590088;0.12;0.16836866736412048;0.5;0.26976314187049866
0.6;0.600940465927124;0.3;0.27968353033065796;0.5;0.49090486764907837
0.6;0.6100995540618896;0.18;0.1775839775800705;0.3;0.24118754267692566
0.54;0.542151689529419;0.12;0.11797840893268585;0.32;0.3570130169391632
0.48;0.4807371497154236;0.34;0.371143102645874;0.3;0.3318029046058655
0.16;0.12459580600261688;0.1;0.13542655110359192;0.34;0.18349336087703705
0.32;0.3210902214050293;0.24;0.229740172624588;0.14;0.16396483778953552
0.52;0.532750129699707;0.34;0.3239215314388275;0.1;0.11166535317897797
0.12;0.12267621606588364;0.28;0.27714473009109497;0.18;0.2236369550228119
0.14;0.1246996596455574;0.3;0.3137626051902771;0.18;0.20675604045391083
0.3;0.30766332149505615;0.64;0.6173551082611084;0.16;0.14245669543743134
0.26;0.2434535175561905;0.28;0.30141839385032654;0.18;0.17643378674983978
0.38;0.3793698847293854;0.58;0.5681852102279663;0.2;0.2169511318206787
0.16;0.16035223007202148;0.38;0.38604289293289185;0.3;0.2976349890232086
0.26;0.27266061305999756;0.56;0.5741246342658997;0.12;0.12795953452587128
0.3;0.29976293444633484;0.3;0.3094218969345093;0.32;0.31465044617652893
0.16;0.1564636379480362;0.3;0.29057013988494873;0.3;0.31730833649635315
0.14;0.1414639800786972;0.58;0.5550417304039001;0.2;0.1937083750963211
0.62;0.6100795269012451;0.12;0.12167061120271683;0.46;0.44010648131370544
0.3;0.298024982213974;0.5;0.5605733394622803;0.32;0.36761751770973206
0.14;0.15502989292144775;0.18;0.1419880986213684;0.2;0.2580362558364868
0.5;0.5037805438041687;0.42;0.42066434025764465;0.28;0.25857871770858765
0.78;0.7862758040428162;0.14;0.1467186063528061;0.1;0.12260069698095322
0.3;0.3019258677959442;0.38;0.3808448612689972;0.4;0.4068630635738373
0.1;0.09975753724575043;0.56;0.5351682305335999;0.32;0.3232417404651642
0.22;0.2223559319972992;0.38;0.380526602268219;0.12;0.12677721679210663
0.26;0.2537563145160675;0.34;0.4671436548233032;0.1;0.13157686591148376
0.24;0.2346729338169098;0.22;0.2189410924911499;0.44;0.43159523606300354
0.24;0.23544752597808838;0.6;0.5979757905006409;0.32;0.3017982244491577
0.34;0.3429461419582367;0.38;0.39119651913642883;0.22;0.20750212669372559
0.54;0.5526283979415894;0.44;0.339237242937088;0.26;0.25292617082595825
0.18;0.18134553730487823;0.62;0.6024535298347473;0.5;0.47146138548851013
0.32;0.33345532417297363;0.3;0.28594446182250977;0.1;0.13134637475013733
0.16;0.17967046797275543;0.22;0.18274332582950592;0.16;0.26459765434265137
0.6;0.6029747724533081;0.24;0.2565147280693054;0.5;0.49083757400512695
0.46;0.4574425518512726;0.16;0.15367764234542847;0.32;0.353276789188385
0.28;0.2787986397743225;0.34;0.3532768487930298;0.4;0.43101072311401367
0.64;0.6356679797172546;0.12;0.13288064301013947;0.18;0.13879713416099548
0.12;0.11359302699565887;0.8;0.7681198120117188;0.3;0.2688184082508087
0.62;0.6205981969833374;0.34;0.33800581097602844;0.48;0.47012853622436523
0.68;0.7188931703567505;0.16;0.17186294496059418;0.1;0.13618242740631104
0.32;0.3218822181224823;0.46;0.5463644862174988;0.14;0.15819434821605682
0.5;0.4965636730194092;0.16;0.16798102855682373;0.2;0.16939392685890198
0.56;0.5599910616874695;0.2;0.18056996166706085;0.16;0.18541362881660461
0.1;0.10302198678255081;0.26;0.26603707671165466;0.42;0.3861609101295471
0.58;0.5658741593360901;0.18;0.18081149458885193;0.2;0.19167332351207733
0.38;0.3829612135887146;0.5;0.4931254982948303;0.18;0.16575837135314941
0.36;0.36177125573158264;0.56;0.5408691763877869;0.18;0.1755876988172531
0.32;0.3191539943218231;0.38;0.4673578441143036;0.16;0.19409827888011932
0.16;0.16412316262722015;0.26;0.23910795152187347;0.38;0.36374548077583313
0.1;0.09784197807312012;0.5;0.4896014630794525;0.24;0.26030850410461426
0.46;0.48360517621040344;0.22;0.21929696202278137;0.1;0.11919170618057251
0.2;0.1983194500207901;0.22;0.24216228723526;0.42;0.37793081998825073
0.56;0.5589773654937744;0.24;0.22608701884746552;0.4;0.4100266396999359
0.28;0.2855892777442932;0.48;0.5706877112388611;0.18;0.18458084762096405
0.4;0.40896669030189514;0.44;0.4323640465736389;0.1;0.10772915929555893
0.12;0.12023744732141495;0.82;0.7691858410835266;0.12;0.10726408660411835
0.82;0.7695022821426392;0.12;0.193790465593338;0.1;0.14061422646045685
0.22;0.1943463832139969;0.2;0.1922970712184906;0.1;0.2260117530822754
0.12;0.12600886821746826;0.68;0.7395640015602112;0.1;0.10467781126499176
0.16;0.17035558819770813;0.46;0.4329274892807007;0.48;0.4704088568687439
0.3;0.29695022106170654;0.34;0.3451184630393982;0.3;0.3008623719215393
0.16;0.12406251579523087;0.1;0.14695127308368683;0.5;0.33722221851348877
0.76;0.7566544413566589;0.22;0.172847718000412;0.36;0.35162633657455444
0.7;0.7129886746406555;0.14;0.13123798370361328;0.44;0.45695599913597107
0.42;0.4089198112487793;0.1;0.11977103352546692;0.18;0.20829780399799347
0.5;0.4967406690120697;0.34;0.4377349615097046;0.18;0.1550278216600418
0.12;0.11643162369728088;0.48;0.548203706741333;0.18;0.23035454750061035
0.14;0.13447028398513794;0.76;0.7773081660270691;0.38;0.33862918615341187
0.18;0.1736723780632019;0.2;0.21034862101078033;0.22;0.20221081376075745
0.36;0.3605548143386841;0.3;0.31972432136535645;0.44;0.4273971617221832
0.1;0.09933095425367355;0.62;0.6285371780395508;0.4;0.41363897919654846
0.36;0.3749048709869385;0.42;0.424811989068985;0.28;0.3317539691925049
0.2;0.19868133962154388;0.22;0.20570999383926392;0.2;0.2534521222114563
0.18;0.18169020116329193;0.58;0.5854685306549072;0.48;0.4769584536552429
0.7;0.7209600806236267;0.2;0.18158584833145142;0.26;0.2635502219200134
0.24;0.21107782423496246;0.14;0.17132657766342163;0.34;0.27129286527633667
0.82;0.8372417092323303;0.16;0.12359096854925156;0.12;0.13442108035087585
0.34;0.3400387167930603;0.54;0.6012126803398132;0.3;0.3264453709125519
0.64;0.6421307921409607;0.22;0.26095178723335266;0.14;0.138634592294693
0.18;0.1822930872440338;0.74;0.7146024107933044;0.3;0.2853862941265106
0.56;0.5538392066955566;0.22;0.237022265791893;0.44;0.4198814928531647
0.32;0.3366188406944275;0.62;0.5032030940055847;0.14;0.13494658470153809
0.32;0.3189396560192108;0.36;0.3700004518032074;0.32;0.35833731293678284
0.58;0.5715499520301819;0.24;0.27422961592674255;0.3;0.3187393248081207
0.44;0.44162723422050476;0.54;0.4618922173976898;0.24;0.21500472724437714
0.3;0.31242460012435913;0.54;0.562671422958374;0.4;0.39944198727607727
0.52;0.5188372731208801;0.28;0.31948667764663696;0.3;0.29809823632240295
0.68;0.672728419303894;0.2;0.22748051583766937;0.24;0.2158825844526291
0.28;0.27913764119148254;0.44;0.44515031576156616;0.38;0.40109118819236755
0.14;0.157406285405159;0.3;0.2894599437713623;0.1;0.13908056914806366
0.22;0.2196795493364334;0.58;0.6146581172943115;0.32;0.3076322674751282
0.26;0.25737008452415466;0.4;0.4200219511985779;0.32;0.39732879400253296
0.5;0.49895691871643066;0.28;0.2765122950077057;0.28;0.2544778883457184
0.14;0.13495823740959167;0.16;0.18773798644542694;0.38;0.21944427490234375
0.2;0.18952476978302002;0.6;0.6108925938606262;0.16;0.17764832079410553
0.12;0.11868767440319061;0.26;0.26496002078056335;0.48;0.49215370416641235
0.56;0.5606090426445007;0.38;0.3806297183036804;0.42;0.40535879135131836
0.42;0.3787969946861267;0.12;0.1351461559534073;0.2;0.17440395057201385
0.14;0.125189408659935;0.16;0.1746501922607422;0.5;0.4402357041835785
0.3;0.3062528967857361;0.68;0.572896420955658;0.42;0.34110450744628906
0.1;0.09622485935688019;0.86;0.8244442343711853;0.2;0.21006545424461365
0.12;0.11369533091783524;0.1;0.12100354582071304;0.22;0.16729548573493958
0.52;0.5151995420455933;0.26;0.2847432792186737;0.5;0.4472994804382324
0.6;0.6306078433990479;0.14;0.1226491704583168;0.12;0.19245541095733643
0.8;0.8015124201774597;0.1;0.12917108833789825;0.26;0.28927525877952576
0.18;0.15435561537742615;0.1;0.11648149788379669;0.12;0.18036511540412903
0.12;0.12188158929347992;0.16;0.15844139456748962;0.3;0.27501827478408813
0.24;0.2364807277917862;0.34;0.3618520200252533;0.22;0.23748239874839783
0.22;0.21139831840991974;0.74;0.6790210008621216;0.22;0.20243456959724426
0.38;0.3844323754310608;0.38;0.32391059398651123;0.28;0.2626480460166931
0.24;0.20494911074638367;0.1;0.11981924623250961;0.26;0.2308354377746582
0.46;0.4616406559944153;0.36;0.39724138379096985;0.3;0.3083548843860626
0.1;0.1145433560013771;0.1;0.11385734379291534;0.16;0.10583535581827164
0.44;0.42593932151794434;0.1;0.1049763560295105;0.2;0.19489982724189758
0.62;0.6147509813308716;0.22;0.22951556742191315;0.42;0.41028890013694763
0.44;0.44003966450691223;0.34;0.31965315341949463;0.46;0.4386940002441406
0.16;0.1542477160692215;0.52;0.5310023427009583;0.5;0.47625112533569336
0.22;0.22553439438343048;0.28;0.2735137641429901;0.22;0.2653347849845886
0.1;0.09988179802894592;0.62;0.6085613369941711;0.36;0.3455906808376312
0.24;0.23060989379882812;0.68;0.6545385122299194;0.14;0.1385895311832428
0.2;0.20761685073375702;0.28;0.2630594074726105;0.42;0.4445319175720215
0.7;0.6969084739685059;0.22;0.24460721015930176;0.48;0.48237690329551697
0.22;0.20460321009159088;0.54;0.5498502850532532;0.18;0.17532245814800262
0.44;0.4317198097705841;0.16;0.15922540426254272;0.36;0.39579829573631287
0.64;0.631340742111206;0.28;0.2959381639957428;0.14;0.15813085436820984
0.1;0.10672067105770111;0.1;0.11098743230104446;0.28;0.13018417358398438
0.34;0.34441882371902466;0.12;0.11402738839387894;0.28;0.35951894521713257
0.42;0.41053307056427;0.28;0.32891646027565;0.16;0.17733612656593323
0.28;0.2761118412017822;0.58;0.6189536452293396;0.14;0.13054127991199493
0.44;0.442767471075058;0.42;0.4732530117034912;0.34;0.3640440106391907
0.2;0.21237413585186005;0.16;0.12704290449619293;0.14;0.2954988479614258
0.3;0.30196475982666016;0.3;0.295255184173584;0.44;0.46368494629859924
0.44;0.4360843896865845;0.48;0.5217422246932983;0.42;0.45411139726638794
0.1;0.10132422298192978;0.58;0.5582042932510376;0.32;0.3173786997795105
0.48;0.47963830828666687;0.46;0.45872992277145386;0.42;0.3960639536380768
0.34;0.34314942359924316;0.48;0.47100919485092163;0.4;0.4339945316314697
0.22;0.216863751411438;0.72;0.6170970797538757;0.16;0.14728643000125885
0.48;0.4854176342487335;0.16;0.14335431158542633;0.24;0.31001704931259155
0.24;0.21861030161380768;0.64;0.663849413394928;0.14;0.12230245023965836
0.28;0.283257395029068;0.52;0.4969934821128845;0.26;0.28290238976478577
0.34;0.3438067138195038;0.4;0.44770708680152893;0.26;0.29617753624916077
0.56;0.5613342523574829;0.4;0.3652860224246979;0.3;0.31853848695755005
0.16;0.1653832644224167;0.18;0.18083928525447845;0.36;0.3774142563343048
0.52;0.44630590081214905;0.12;0.15805208683013916;0.22;0.17392206192016602
0.4;0.4044777750968933;0.54;0.49706485867500305;0.22;0.2034521996974945
0.1;0.11931770294904709;0.18;0.138133704662323;0.18;0.37465187907218933
0.76;0.8050756454467773;0.14;0.14722797274589539;0.14;0.21164126694202423
0.18;0.17256000638008118;0.26;0.2827703654766083;0.24;0.18254801630973816
0.38;0.39000752568244934;0.48;0.4634147882461548;0.32;0.32030147314071655
0.1;0.09907744079828262;0.44;0.4385242462158203;0.38;0.40045928955078125
0.38;0.41873615980148315;0.28;0.25129133462905884;0.12;0.12625180184841156
0.12;0.12386119365692139;0.44;0.4585128426551819;0.3;0.3097802698612213
0.1;0.10191406309604645;0.18;0.1930026412010193;0.5;0.47807827591896057
0.48;0.4933646321296692;0.18;0.16032427549362183;0.1;0.11817193031311035
0.54;0.5417577028274536;0.18;0.1716846078634262;0.32;0.2965623736381531
0.24;0.21786046028137207;0.24;0.2632293403148651;0.16;0.13352513313293457
0.74;0.7183426022529602;0.24;0.2181529402732849;0.38;0.3383019268512726
0.64;0.6585763096809387;0.14;0.11570015549659729;0.1;0.1124366745352745
0.1;0.11646387726068497;0.74;0.7285100221633911;0.1;0.10366185754537582
0.34;0.3598083555698395;0.12;0.1131058931350708;0.24;0.25094982981681824
0.14;0.14194515347480774;0.52;0.5329561829566956;0.26;0.26960816979408264
0.3;0.3490547835826874;0.14;0.10940491408109665;0.3;0.3016285300254822
0.76;0.7268052101135254;0.14;0.1892058551311493;0.18;0.1687183827161789
0.36;0.35889768600463867;0.22;0.22917518019676208;0.16;0.16644567251205444
0.16;0.1688498556613922;0.38;0.3796635568141937;0.32;0.31364092230796814
0.14;0.13464802503585815;0.42;0.44401881098747253;0.2;0.252615749835968
0.48;0.4704879820346832;0.36;0.38735705614089966;0.28;0.2693435847759247
0.46;0.45874670147895813;0.34;0.34570303559303284;0.22;0.2376246452331543
0.16;0.1602240651845932;0.26;0.2822050452232361;0.26;0.23376384377479553
0.56;0.5815693736076355;0.42;0.34317177534103394;0.1;0.11105258762836456
0.72;0.7283873558044434;0.24;0.20785768330097198;0.1;0.12090172618627548
0.48;0.4977126717567444;0.24;0.22967182099819183;0.12;0.14317750930786133
0.2;0.1904754638671875;0.2;0.19981659948825836;0.44;0.44100236892700195
0.22;0.21933169662952423;0.14;0.15674304962158203;0.48;0.45823654532432556
0.28;0.281718909740448;0.64;0.5738685131072998;0.18;0.19009312987327576
0.1;0.11680871248245239;0.34;0.3091069459915161;0.26;0.28413090109825134
0.36;0.3583323359489441;0.52;0.5524163246154785;0.32;0.30727142095565796
0.44;0.4394729435443878;0.44;0.48140066862106323;0.24;0.22838735580444336
0.32;0.32181963324546814;0.66;0.6491864323616028;0.46;0.4731578826904297
0.16;0.16125810146331787;0.24;0.21984419226646423;0.4;0.45950430631637573
0.5;0.47393491864204407;0.1;0.1373036801815033;0.2;0.13762608170509338
0.54;0.5400214195251465;0.42;0.3918845057487488;0.38;0.3690928816795349
0.46;0.45680367946624756;0.46;0.4806511402130127;0.32;0.30246156454086304
0.36;0.3604574203491211;0.44;0.4995061457157135;0.18;0.2843475639820099
0.38;0.3450741469860077;0.1;0.12607340514659882;0.1;0.2126694917678833
0.26;0.2640741467475891;0.62;0.6232361793518066;0.46;0.4520326554775238
0.4;0.407696396112442;0.24;0.25360843539237976;0.26;0.21523740887641907
0.26;0.23619505763053894;0.2;0.20997846126556396;0.24;0.22748522460460663
0.26;0.25136539340019226;0.22;0.23289720714092255;0.28;0.26605671644210815
0.7;0.6951430439949036;0.1;0.10817118734121323;0.34;0.310971200466156
0.8;0.7671830654144287;0.18;0.15796133875846863;0.18;0.15655024349689484
0.36;0.3443281352519989;0.32;0.3561335504055023;0.26;0.29198676347732544
0.2;0.21176181733608246;0.18;0.1791374385356903;0.34;0.36448565125465393
0.58;0.5546867847442627;0.2;0.34138667583465576;0.28;0.25408318638801575
0.4;0.4040467143058777;0.46;0.43922123312950134;0.22;0.20049948990345
0.68;0.6925804018974304;0.14;0.13102851808071136;0.42;0.4467586576938629
0.34;0.3452617824077606;0.46;0.42393121123313904;0.16;0.1561744511127472
0.32;0.32713863253593445;0.36;0.35408902168273926;0.46;0.4379902780056
0.38;0.37925392389297485;0.54;0.5503485202789307;0.42;0.36536911129951477
0.3;0.30961525440216064;0.38;0.44005540013313293;0.12;0.16149583458900452
0.38;0.3793022036552429;0.14;0.1373370736837387;0.24;0.24334068596363068
0.16;0.16077056527137756;0.62;0.6172512173652649;0.42;0.43324822187423706
0.12;0.12025117874145508;0.3;0.29576897621154785;0.38;0.3804904818534851
0.5;0.5024563670158386;0.44;0.43388745188713074;0.48;0.4916652739048004
0.7;0.7014331817626953;0.18;0.21398022770881653;0.38;0.38232651352882385
0.26;0.23199954628944397;0.16;0.16746559739112854;0.2;0.26185765862464905
0.28;0.27252477407455444;0.16;0.15897385776042938;0.28;0.258677214384079
0.18;0.16923043131828308;0.68;0.6092349886894226;0.34;0.2997838854789734
0.28;0.3369876742362976;0.54;0.5119614005088806;0.34;0.3106890022754669
0.44;0.4486604928970337;0.48;0.46546074748039246;0.14;0.1440984457731247
0.28;0.2838261127471924;0.48;0.4816865622997284;0.46;0.44100719690322876
0.42;0.40294137597084045;0.3;0.35423189401626587;0.1;0.10616543143987656
0.26;0.2671770751476288;0.46;0.5552711486816406;0.14;0.1842281073331833
0.56;0.570792555809021;0.14;0.13389602303504944;0.3;0.30352455377578735
0.42;0.42619168758392334;0.4;0.4302971661090851;0.16;0.17268873751163483
0.58;0.5567904710769653;0.22;0.3329942524433136;0.16;0.14692461490631104
0.26;0.2623191475868225;0.64;0.617425262928009;0.44;0.4280146658420563
0.44;0.44011417031288147;0.48;0.43485382199287415;0.48;0.4390426576137543
0.14;0.15124507248401642;0.72;0.7213354110717773;0.48;0.47003817558288574
0.3;0.31632959842681885;0.16;0.12843851745128632;0.12;0.17074990272521973
0.34;0.3178563714027405;0.32;0.4953094720840454;0.12;0.1615157425403595
0.1;0.09807353466749191;0.52;0.4985423982143402;0.3;0.2900480628013611
0.1;0.09907427430152893;0.72;0.7859702706336975;0.18;0.19148750603199005
0.56;0.5694417357444763;0.36;0.3262888193130493;0.48;0.4861845076084137
0.1;0.11292128264904022;0.16;0.15595221519470215;0.5;0.5148632526397705
0.46;0.4603789746761322;0.36;0.36027252674102783;0.44;0.4446399211883545
0.46;0.45463043451309204;0.1;0.11825096607208252;0.16;0.12738555669784546
0.12;0.13095499575138092;0.28;0.2967529296875;0.2;0.176723450422287
0.46;0.445444792509079;0.2;0.21389657258987427;0.22;0.2265668660402298
0.32;0.3119363784790039;0.14;0.13001799583435059;0.16;0.1788262575864792
0.12;0.10533245652914047;0.22;0.22747665643692017;0.36;0.31636881828308105
0.38;0.393814355134964;0.56;0.5676000118255615;0.16;0.13627859950065613
0.34;0.337705135345459;0.62;0.5870189070701599;0.44;0.42776909470558167
0.16;0.14297062158584595;0.1;0.12325527518987656;0.28;0.31289035081863403
0.12;0.11299169808626175;0.76;0.7749132513999939;0.32;0.31327393651008606
0.26;0.25851574540138245;0.3;0.3141151964664459;0.48;0.45295581221580505
0.52;0.5260005593299866;0.12;0.12574321031570435;0.28;0.2633068561553955
0.74;0.7159563302993774;0.24;0.222931906580925;0.34;0.33978092670440674
0.34;0.3362657129764557;0.46;0.4623408615589142;0.18;0.1548936665058136
0.52;0.5237545371055603;0.42;0.3648640811443329;0.22;0.2960818409919739
0.26;0.2630701959133148;0.42;0.39441120624542236;0.18;0.1902041733264923
0.58;0.5753578543663025;0.2;0.21806937456130981;0.4;0.36067238450050354
0.56;0.5434731841087341;0.22;0.2893710434436798;0.18;0.16752156615257263
0.28;0.27516284584999084;0.22;0.23328284919261932;0.38;0.33764901757240295
0.1;0.10239781439304352;0.56;0.5659071207046509;0.42;0.4369436204433441
0.18;0.17886678874492645;0.42;0.43937474489212036;0.1;0.14866691827774048
0.14;0.15144400298595428;0.36;0.34589672088623047;0.48;0.5007520914077759
0.42;0.41710880398750305;0.42;0.4901922941207886;0.12;0.1174200177192688
0.1;0.10035675019025803;0.82;0.7651026844978333;0.5;0.48777636885643005
0.32;0.31827497482299805;0.42;0.4178033471107483;0.38;0.4101792275905609
0.72;0.7226381897926331;0.2;0.17530445754528046;0.2;0.23409052193164825
0.3;0.2870127558708191;0.48;0.5655829310417175;0.38;0.4314636290073395
0.22;0.22501805424690247;0.44;0.4136900007724762;0.38;0.37323930859565735
0.26;0.25116392970085144;0.36;0.3942526876926422;0.34;0.3783227503299713
0.1;0.11384547501802444;0.56;0.6734371185302734;0.12;0.14686083793640137
0.54;0.503976583480835;0.16;0.16125337779521942;0.12;0.16449210047721863
0.3;0.295583575963974;0.38;0.3870767652988434;0.26;0.29844626784324646
0.24;0.2323770821094513;0.7;0.60904461145401;0.16;0.14118462800979614
0.14;0.14077766239643097;0.84;0.7737942934036255;0.5;0.47406846284866333
0.38;0.38844233751296997;0.54;0.529742956161499;0.3;0.2944580614566803
0.14;0.13890954852104187;0.42;0.445964515209198;0.26;0.27395573258399963
0.66;0.6699546575546265;0.24;0.23041753470897675;0.34;0.35361602902412415
0.38;0.377330482006073;0.24;0.25123608112335205;0.32;0.30055689811706543
0.24;0.22856536507606506;0.2;0.23295138776302338;0.5;0.450296014547348
0.76;0.740847110748291;0.2;0.21991151571273804;0.3;0.25541654229164124
0.52;0.520707368850708;0.34;0.36465582251548767;0.4;0.4077586233615875
0.28;0.2819407880306244;0.64;0.5829717516899109;0.34;0.2792671024799347
0.82;0.8320449590682983;0.1;0.12203054130077362;0.2;0.20552492141723633
0.34;0.3427446782588959;0.36;0.33337411284446716;0.32;0.2870016396045685
0.18;0.1802663654088974;0.54;0.5492559671401978;0.34;0.33451661467552185
0.22;0.2208101898431778;0.32;0.3315632939338684;0.5;0.48034772276878357
0.54;0.541623592376709;0.22;0.23046956956386566;0.4;0.43444952368736267
0.86;0.7903690338134766;0.1;0.17060290277004242;0.1;0.1248338371515274
0.44;0.4587422013282776;0.18;0.16511599719524384;0.2;0.27545252442359924
0.56;0.5522785186767578;0.34;0.36270856857299805;0.26;0.25198525190353394
0.66;0.6754952669143677;0.16;0.1427876353263855;0.2;0.20975589752197266
0.24;0.24013487994670868;0.5;0.5105134844779968;0.38;0.399914026260376
0.38;0.3787640333175659;0.52;0.5448834300041199;0.5;0.4563279151916504
0.54;0.525456428527832;0.12;0.11289355158805847;0.16;0.17861226201057434
0.32;0.31777146458625793;0.34;0.36217597126960754;0.4;0.4426977038383484
0.12;0.11779621988534927;0.82;0.7861347794532776;0.38;0.3569774925708771
0.26;0.26414740085601807;0.46;0.4656807780265808;0.2;0.22058287262916565
0.6;0.5960326194763184;0.24;0.23670247197151184;0.38;0.3954606056213379
0.34;0.356370210647583;0.12;0.11557327210903168;0.36;0.39679476618766785
0.28;0.28276917338371277;0.4;0.33166253566741943;0.2;0.15475168824195862
0.44;0.42975685000419617;0.32;0.4062752425670624;0.1;0.11098470538854599
0.56;0.564731776714325;0.3;0.28364452719688416;0.16;0.16917020082473755
0.24;0.2168387919664383;0.22;0.2591923475265503;0.16;0.16047035157680511
0.66;0.6619008779525757;0.32;0.29850754141807556;0.3;0.32741445302963257
0.68;0.6741377115249634;0.1;0.11445076763629913;0.36;0.3438330590724945
0.44;0.4420427680015564;0.32;0.35601532459259033;0.18;0.15535667538642883
0.28;0.3052738308906555;0.62;0.6294819712638855;0.14;0.124930240213871
0.1;0.10717807710170746;0.26;0.25320106744766235;0.46;0.4441867768764496
0.38;0.3794369101524353;0.42;0.44337034225463867;0.16;0.2245628386735916
0.32;0.3149605095386505;0.42;0.46320557594299316;0.16;0.18703052401542664
0.14;0.16967421770095825;0.2;0.1670573651790619;0.14;0.20369365811347961
0.7;0.6939763426780701;0.1;0.10726836323738098;0.28;0.22992534935474396
0.2;0.19590242207050323;0.76;0.7351294755935669;0.34;0.3536332845687866
0.14;0.1388007253408432;0.7;0.7316842675209045;0.1;0.09970887005329132
0.42;0.4211198091506958;0.34;0.33389368653297424;0.3;0.31833547353744507
0.22;0.2158116102218628;0.56;0.5728623270988464;0.42;0.41561025381088257
0.18;0.17537367343902588;0.8;0.7341530323028564;0.32;0.3007506728172302
0.7;0.6837779879570007;0.12;0.12869895994663239;0.38;0.3585483431816101
0.54;0.5464754700660706;0.34;0.37076789140701294;0.34;0.31837084889411926
0.12;0.12248170375823975;0.38;0.37899354100227356;0.22;0.1986508071422577
0.5;0.48505064845085144;0.3;0.3902246952056885;0.18;0.23337893187999725
0.2;0.1960260421037674;0.58;0.5674987435340881;0.42;0.43025001883506775
0.22;0.22460512816905975;0.28;0.26330217719078064;0.18;0.21414542198181152
0.12;0.11137782037258148;0.26;0.27533021569252014;0.46;0.4618162214756012
0.34;0.33811599016189575;0.5;0.5095390677452087;0.32;0.327234148979187
0.36;0.3589576184749603;0.62;0.5908422470092773;0.14;0.13484816253185272
0.12;0.11572740226984024;0.5;0.5053895115852356;0.42;0.4163879454135895
0.62;0.6040704250335693;0.22;0.32806196808815;0.22;0.19742968678474426
0.68;0.6774353981018066;0.2;0.2379138320684433;0.22;0.22778448462486267
0.3;0.2873861491680145;0.52;0.5043612718582153;0.4;0.3695780336856842
0.14;0.13185369968414307;0.32;0.31397637724876404;0.32;0.31551608443260193
0.38;0.3878551423549652;0.38;0.4004279673099518;0.24;0.24076032638549805
0.4;0.40739113092422485;0.58;0.5074663162231445;0.2;0.16714927554130554
0.34;0.33897659182548523;0.54;0.55943763256073;0.44;0.4431611895561218
0.16;0.16703791916370392;0.54;0.548982560634613;0.34;0.39554861187934875
0.16;0.1833343207836151;0.52;0.6340425610542297;0.12;0.17790600657463074
0.12;0.1170160174369812;0.1;0.11428772658109665;0.3;0.32334035634994507
0.28;0.2833483815193176;0.22;0.2273174226284027;0.4;0.37690499424934387
0.36;0.3546021282672882;0.1;0.11035037785768509;0.34;0.28322774171829224
0.64;0.6380070447921753;0.32;0.31898993253707886;0.42;0.4362589418888092
0.16;0.17542023956775665;0.48;0.5324020981788635;0.14;0.15944361686706543
0.26;0.25746509432792664;0.16;0.17617163062095642;0.38;0.3622550070285797
0.2;0.19619344174861908;0.1;0.10180139541625977;0.5;0.4412766098976135
0.34;0.3355853259563446;0.44;0.4012776017189026;0.32;0.28361019492149353
0.44;0.43362680077552795;0.22;0.2840797007083893;0.48;0.42696285247802734
0.3;0.306545227766037;0.32;0.3067476451396942;0.28;0.29065942764282227
0.48;0.48411646485328674;0.16;0.1567613035440445;0.48;0.49178457260131836
0.16;0.1896631419658661;0.24;0.22681215405464172;0.16;0.15746203064918518
0.36;0.3489922881126404;0.18;0.2041761726140976;0.26;0.2063020020723343
0.62;0.6211623549461365;0.24;0.24778935313224792;0.48;0.47776341438293457
0.34;0.33988964557647705;0.6;0.5588096976280212;0.44;0.40360206365585327
0.24;0.23701901733875275;0.38;0.47371187806129456;0.12;0.1691219061613083
0.7;0.6791113018989563;0.14;0.14311650395393372;0.48;0.39447513222694397
0.4;0.4001036584377289;0.34;0.3369017243385315;0.44;0.4385591447353363
0.8;0.7925912141799927;0.12;0.17051179707050323;0.46;0.4249882102012634
0.28;0.28354936838150024;0.16;0.17915311455726624;0.34;0.2670702040195465
0.28;0.28387293219566345;0.36;0.4901473820209503;0.1;0.1425030380487442
0.12;0.11714939028024673;0.78;0.7136015892028809;0.22;0.20323026180267334
0.42;0.4227706789970398;0.12;0.13192994892597198;0.26;0.20898795127868652
0.22;0.21611295640468597;0.58;0.5581349730491638;0.3;0.29956284165382385
0.38;0.3871200978755951;0.36;0.3812987804412842;0.12;0.11861270666122437
0.46;0.4752088785171509;0.5;0.37206870317459106;0.1;0.10147987306118011
0.66;0.667864203453064;0.14;0.13692522048950195;0.2;0.17686668038368225
0.58;0.5904346108436584;0.34;0.334690123796463;0.26;0.25364500284194946
0.46;0.4531225562095642;0.18;0.17603875696659088;0.44;0.4268580973148346
0.26;0.33227404952049255;0.46;0.42473387718200684;0.5;0.43870943784713745
0.8;0.705801784992218;0.1;0.1350359171628952;0.14;0.18348434567451477
0.4;0.40063315629959106;0.52;0.5271449685096741;0.28;0.30202236771583557
0.44;0.4386567771434784;0.42;0.47589969635009766;0.32;0.3644868731498718
0.16;0.16255369782447815;0.42;0.41269052028656006;0.42;0.42935967445373535
0.44;0.4465901255607605;0.3;0.3234509229660034;0.1;0.10648410022258759
0.2;0.1963711380958557;0.3;0.3042769134044647;0.2;0.18952520191669464
0.46;0.45849210023880005;0.3;0.3163149058818817;0.4;0.37160158157348633
0.28;0.28711575269699097;0.16;0.18562829494476318;0.5;0.3976915776729584
0.16;0.16627246141433716;0.16;0.1663772314786911;0.28;0.221658393740654
0.22;0.23247738182544708;0.34;0.30512362718582153;0.36;0.4117729067802429
0.1;0.09994831681251526;0.78;0.7914955019950867;0.16;0.14769472181797028
0.4;0.4043552577495575;0.16;0.14575746655464172;0.36;0.40353697538375854
0.46;0.46067753434181213;0.52;0.46378156542778015;0.5;0.42388516664505005
0.12;0.10908833891153336;0.74;0.7160574793815613;0.26;0.2369849681854248
0.26;0.2599371373653412;0.4;0.45873376727104187;0.18;0.22547921538352966
0.18;0.18612562119960785;0.34;0.32074713706970215;0.28;0.2997022569179535
0.26;0.25821107625961304;0.66;0.6905055046081543;0.36;0.35820242762565613
0.36;0.35322216153144836;0.62;0.5635493993759155;0.16;0.1341753751039505
0.4;0.4069127142429352;0.42;0.40763789415359497;0.18;0.17957551777362823
0.16;0.1689566820859909;0.56;0.5783101916313171;0.36;0.38067102432250977
0.48;0.47987276315689087;0.4;0.4042534828186035;0.42;0.3884517252445221
0.12;0.10833822935819626;0.66;0.6647354960441589;0.12;0.12084110081195831
0.7;0.6569107174873352;0.12;0.1482498049736023;0.42;0.44269412755966187
0.46;0.4544156789779663;0.28;0.30461302399635315;0.2;0.17943572998046875
0.26;0.2568616569042206;0.68;0.675432562828064;0.44;0.4151689410209656
0.4;0.40208420157432556;0.3;0.29459497332572937;0.34;0.3209415674209595
0.64;0.6370231509208679;0.26;0.2855815291404724;0.14;0.1261284351348877
0.72;0.6924479603767395;0.2;0.20757952332496643;0.38;0.3638799786567688
0.18;0.18823039531707764;0.3;0.3045855164527893;0.28;0.29605215787887573
0.36;0.36045733094215393;0.24;0.25032779574394226;0.42;0.42670726776123047
0.44;0.4370393455028534;0.22;0.2381739765405655;0.5;0.4518963694572449
0.52;0.5214452743530273;0.2;0.20413151383399963;0.36;0.3598018288612366
0.12;0.13997861742973328;0.34;0.3206231892108917;0.12;0.11129242181777954
0.44;0.4395878314971924;0.5;0.46489134430885315;0.1;0.11264779418706894
0.5;0.4997689425945282;0.34;0.39381328225135803;0.3;0.29743361473083496
0.14;0.1434575915336609;0.48;0.4814859926700592;0.4;0.4333569407463074
0.2;0.2124323844909668;0.2;0.17223647236824036;0.18;0.2331911027431488
0.38;0.3842935860157013;0.46;0.4753452241420746;0.3;0.3100042939186096
0.28;0.272512286901474;0.26;0.2851438522338867;0.48;0.43458205461502075
0.86;0.8031359910964966;0.1;0.1622675508260727;0.12;0.11341754347085953
0.36;0.36097803711891174;0.62;0.5092192888259888;0.3;0.27062463760375977
0.18;0.1762140542268753;0.16;0.17176619172096252;0.2;0.23711001873016357
0.16;0.16595403850078583;0.72;0.7508478760719299;0.2;0.20838859677314758
0.12;0.1244601309299469;0.36;0.357625812292099;0.32;0.3345683515071869
0.66;0.656865119934082;0.24;0.24684292078018188;0.42;0.41690754890441895
0.1;0.09788744151592255;0.76;0.7840490341186523;0.32;0.30908140540122986
0.16;0.14871326088905334;0.16;0.18332286179065704;0.38;0.35330483317375183
0.36;0.36183515191078186;0.24;0.2432814985513687;0.14;0.16980703175067902
0.46;0.46481576561927795;0.36;0.3174167573451996;0.5;0.47102564573287964
0.3;0.3057910203933716;0.4;0.4157510995864868;0.16;0.1554894745349884
0.56;0.5600970983505249;0.34;0.39848965406417847;0.48;0.47451239824295044
0.8;0.795948326587677;0.18;0.1266089826822281;0.2;0.21417126059532166
0.16;0.16143584251403809;0.4;0.39361894130706787;0.32;0.3267548978328705
0.28;0.2853889763355255;0.28;0.2754271924495697;0.18;0.23052553832530975
0.54;0.5445001125335693;0.28;0.3017001152038574;0.32;0.29907628893852234
0.54;0.5453905463218689;0.3;0.3364082872867584;0.32;0.30725982785224915
0.48;0.47753819823265076;0.34;0.3732110857963562;0.34;0.36982202529907227
0.24;0.24144919216632843;0.58;0.5591116547584534;0.5;0.4487065374851227
0.2;0.1929183453321457;0.22;0.20194296538829803;0.36;0.41077715158462524
0.24;0.23904816806316376;0.52;0.512689471244812;0.3;0.2648259401321411
0.64;0.6428924202919006;0.32;0.3123995363712311;0.5;0.4860004484653473
0.24;0.2358718067407608;0.62;0.6117131114006042;0.32;0.3163199722766876
0.62;0.6264594793319702;0.34;0.3258676528930664;0.38;0.3720865845680237
0.26;0.23648801445960999;0.12;0.16175225377082825;0.5;0.36358359456062317
0.76;0.7765617370605469;0.22;0.1805911809206009;0.4;0.4489401876926422
0.28;0.2905319631099701;0.42;0.3947422504425049;0.48;0.4566006660461426
0.28;0.2865731418132782;0.46;0.42132195830345154;0.46;0.4114384055137634
0.46;0.4626263678073883;0.46;0.4477473497390747;0.16;0.1368054449558258
0.1;0.10088945180177689;0.76;0.7551490068435669;0.44;0.43971723318099976
0.12;0.11748813092708588;0.3;0.30612948536872864;0.3;0.2579098641872406
0.22;0.22017553448677063;0.68;0.7144438624382019;0.36;0.3434230089187622
0.3;0.30650752782821655;0.66;0.6340413689613342;0.36;0.3775346577167511
0.26;0.25846099853515625;0.52;0.5094648003578186;0.34;0.31672319769859314
0.38;0.3813207447528839;0.48;0.44589337706565857;0.42;0.3920932114124298
0.44;0.46174731850624084;0.34;0.37028905749320984;0.14;0.14349445700645447
0.32;0.324479341506958;0.46;0.4990692138671875;0.3;0.35127222537994385
0.74;0.7235876321792603;0.14;0.21830186247825623;0.32;0.2789835035800934
0.66;0.6625804305076599;0.2;0.23519958555698395;0.22;0.2201918363571167
0.4;0.4045165479183197;0.48;0.4079330861568451;0.4;0.3074060380458832
0.36;0.3567684292793274;0.5;0.5122008919715881;0.38;0.3341900706291199
0.66;0.6172159910202026;0.1;0.1089605912566185;0.46;0.4683249592781067
0.38;0.37710365653038025;0.6;0.5317901372909546;0.42;0.3197460472583771
0.6;0.6035077571868896;0.34;0.27088189125061035;0.18;0.18041996657848358
0.6;0.6034209728240967;0.34;0.33398672938346863;0.5;0.4874659478664398
0.38;0.38070324063301086;0.46;0.5097314119338989;0.34;0.3424273431301117
0.3;0.2998962700366974;0.28;0.284357488155365;0.34;0.3637148439884186
0.36;0.3662850558757782;0.24;0.22148343920707703;0.28;0.2748449444770813
0.14;0.14310641586780548;0.34;0.3331773281097412;0.3;0.31147149205207825
0.28;0.2799469232559204;0.7;0.6169111132621765;0.36;0.34334325790405273
0.36;0.35562896728515625;0.12;0.1225195974111557;0.48;0.4712614417076111
0.72;0.7365365624427795;0.26;0.19249658286571503;0.14;0.1523316204547882
0.68;0.6614402532577515;0.1;0.12301967293024063;0.12;0.11833590269088745
0.16;0.1531693935394287;0.26;0.2511885166168213;0.22;0.2552854120731354
0.14;0.13523271679878235;0.32;0.32564088702201843;0.28;0.273613303899765
0.5;0.5029932260513306;0.42;0.39499640464782715;0.12;0.12986913323402405
0.32;0.3237026333808899;0.5;0.5601351857185364;0.24;0.2452700138092041
0.4;0.39978015422821045;0.18;0.18281500041484833;0.44;0.3984219431877136
0.36;0.36303454637527466;0.2;0.19975852966308594;0.38;0.39103466272354126
0.38;0.37971603870391846;0.44;0.4551149904727936;0.36;0.37148261070251465
0.86;0.834161639213562;0.1;0.1226838007569313;0.48;0.40138664841651917
0.52;0.5136184096336365;0.24;0.2423590123653412;0.32;0.32220616936683655
0.3;0.30388519167900085;0.22;0.2184080183506012;0.24;0.2528817355632782
0.2;0.1971793919801712;0.12;0.11713408678770065;0.26;0.2556878924369812
0.68;0.7020991444587708;0.24;0.21847371757030487;0.22;0.26075801253318787
0.1;0.10223020613193512;0.54;0.5332431793212891;0.36;0.38037246465682983
0.48;0.4793674647808075;0.34;0.3681796193122864;0.24;0.2323591709136963
0.16;0.1738143116235733;0.32;0.29333028197288513;0.34;0.3805292546749115
0.68;0.6766120195388794;0.24;0.2372206747531891;0.24;0.23853683471679688
0.24;0.2429456263780594;0.7;0.6774743795394897;0.4;0.37842506170272827
0.78;0.7801576256752014;0.1;0.1284470409154892;0.42;0.39490869641304016
0.26;0.2638940215110779;0.42;0.42497676610946655;0.44;0.4604226052761078
0.38;0.38059744238853455;0.44;0.4417600631713867;0.2;0.1896265745162964
0.78;0.8066710233688354;0.18;0.15437325835227966;0.32;0.3816082179546356
0.52;0.5057413578033447;0.1;0.10915925353765488;0.48;0.4446607530117035
0.8;0.788629949092865;0.12;0.12954549491405487;0.44;0.4045277535915375
0.5;0.4873253405094147;0.24;0.26399943232536316;0.24;0.24163050949573517
0.44;0.438438355922699;0.22;0.2096720188856125;0.12;0.13697341084480286
0.2;0.21381181478500366;0.22;0.22083322703838348;0.18;0.15363815426826477
0.24;0.2272603064775467;0.36;0.45160752534866333;0.18;0.23500990867614746
0.46;0.45972833037376404;0.48;0.44978007674217224;0.22;0.23061791062355042
0.44;0.4391322433948517;0.54;0.517978310585022;0.36;0.34573888778686523
0.32;0.327244371175766;0.12;0.12313900142908096;0.28;0.29678472876548767
0.38;0.38093632459640503;0.46;0.4761476218700409;0.14;0.1682644635438919
0.2;0.2071027159690857;0.58;0.687503457069397;0.28;0.32096850872039795
0.66;0.6927410364151001;0.22;0.2355005443096161;0.14;0.16373582184314728
0.24;0.24851614236831665;0.74;0.6058599352836609;0.1;0.12355881929397583
0.6;0.5999753475189209;0.24;0.272500216960907;0.48;0.46759289503097534
0.4;0.41805848479270935;0.16;0.14056865870952606;0.18;0.198024719953537
0.2;0.2124156504869461;0.74;0.7103402614593506;0.26;0.2412676066160202
0.24;0.22139662504196167;0.18;0.2040177881717682;0.1;0.15192639827728271
0.14;0.11916834861040115;0.14;0.17682401835918427;0.46;0.2746034264564514
0.46;0.4556378424167633;0.26;0.28871995210647583;0.32;0.3314136862754822
0.36;0.35445672273635864;0.48;0.4706496596336365;0.2;0.14618495106697083
0.24;0.25082045793533325;0.32;0.315944105386734;0.46;0.47295212745666504
0.38;0.3714388608932495;0.32;0.3506975769996643;0.12;0.14468681812286377
0.58;0.5765852332115173;0.38;0.3660346567630768;0.2;0.2167825698852539
0.14;0.12938717007637024;0.28;0.2726927697658539;0.18;0.21381919085979462
0.32;0.31845328211784363;0.6;0.6075407862663269;0.2;0.19852480292320251
0.22;0.21592751145362854;0.76;0.6071362495422363;0.16;0.14759059250354767
0.1;0.101392462849617;0.4;0.4145870506763458;0.28;0.29691481590270996
0.68;0.6859026551246643;0.12;0.1269979029893875;0.2;0.20010939240455627
0.48;0.4835510551929474;0.16;0.1643112152814865;0.38;0.36901551485061646
0.3;0.2909433841705322;0.56;0.5649996995925903;0.38;0.37480682134628296
0.34;0.3410894274711609;0.18;0.16581183671951294;0.18;0.1689172387123108
0.32;0.3194159269332886;0.1;0.10862709581851959;0.4;0.3460656702518463
0.62;0.6255140900611877;0.18;0.17229200899600983;0.34;0.3726969361305237
0.54;0.5294233560562134;0.24;0.29837656021118164;0.16;0.1492587774991989
0.38;0.3920900821685791;0.54;0.4598888158798218;0.18;0.13890066742897034
0.32;0.33540838956832886;0.26;0.2558014690876007;0.18;0.1670037806034088
0.34;0.33498942852020264;0.14;0.13412699103355408;0.36;0.4375248849391937
0.56;0.5598218441009521;0.34;0.3637074828147888;0.3;0.3300880193710327
0.7;0.7090142369270325;0.12;0.1104339137673378;0.34;0.39101549983024597
0.3;0.3164876103401184;0.22;0.199332132935524;0.16;0.16822180151939392
0.58;0.5707674026489258;0.1;0.11272944509983063;0.38;0.37175482511520386
0.26;0.26967597007751465;0.32;0.3078800439834595;0.18;0.18822279572486877
0.26;0.27815181016921997;0.54;0.5581860542297363;0.1;0.11045260727405548
0.12;0.12486498057842255;0.58;0.5659440159797668;0.48;0.45466408133506775
0.18;0.17650438845157623;0.14;0.14903604984283447;0.3;0.300881952047348
0.64;0.6359943151473999;0.18;0.1932310163974762;0.38;0.3684232234954834
0.54;0.5437840819358826;0.38;0.3711211383342743;0.28;0.28324609994888306
0.36;0.36584708094596863;0.28;0.26576027274131775;0.2;0.2063979208469391
0.36;0.36711475253105164;0.54;0.5290805697441101;0.44;0.39789003133773804
0.18;0.18714940547943115;0.6;0.6333587169647217;0.3;0.31414279341697693
0.36;0.35786953568458557;0.62;0.5680190324783325;0.42;0.3851698040962219
0.12;0.1174451932311058;0.4;0.4460594952106476;0.22;0.24912996590137482
0.1;0.11076139658689499;0.12;0.11045607924461365;0.34;0.349975049495697
0.12;0.11989688873291016;0.8;0.8471577167510986;0.26;0.25332149863243103
0.22;0.21206681430339813;0.3;0.3035174608230591;0.28;0.2712899446487427
0.34;0.33581578731536865;0.52;0.5584160685539246;0.36;0.3383747935295105
0.1;0.10118964314460754;0.38;0.3757323920726776;0.5;0.47659793496131897
0.32;0.29083576798439026;0.16;0.15906567871570587;0.14;0.16270866990089417
0.64;0.6382216811180115;0.1;0.10194143652915955;0.4;0.3645334541797638
0.32;0.3294948935508728;0.44;0.45358040928840637;0.1;0.1296563446521759
0.26;0.2505156397819519;0.44;0.460794597864151;0.24;0.25281763076782227
0.64;0.6423637270927429;0.24;0.2668534815311432;0.44;0.441074937582016
0.3;0.3012545108795166;0.26;0.2504781484603882;0.36;0.3845997452735901
0.34;0.33774998784065247;0.64;0.5699787735939026;0.36;0.37500759959220886
0.7;0.6811416149139404;0.16;0.20767410099506378;0.32;0.26912230253219604
0.32;0.3179694712162018;0.3;0.2887938916683197;0.24;0.24230727553367615
0.46;0.46289384365081787;0.34;0.30276384949684143;0.5;0.47174006700515747
0.22;0.22739671170711517;0.46;0.5585982203483582;0.12;0.1266050934791565
0.32;0.32056406140327454;0.32;0.3347899913787842;0.32;0.35253074765205383
0.2;0.20489610731601715;0.46;0.5216174721717834;0.1;0.11104357242584229
0.16;0.16105911135673523;0.76;0.7743937373161316;0.38;0.3278347849845886
0.1;0.10281232744455338;0.68;0.7121014595031738;0.3;0.30502378940582275
0.38;0.38012561202049255;0.32;0.31394162774086;0.44;0.437643826007843
0.32;0.3203321397304535;0.14;0.14776529371738434;0.46;0.41037169098854065
0.22;0.21903976798057556;0.66;0.6929448843002319;0.2;0.21381452679634094
0.5;0.507762610912323;0.36;0.3821828365325928;0.28;0.2687707841396332
0.1;0.10424385219812393;0.68;0.6715811491012573;0.22;0.20397615432739258
0.24;0.23608247935771942;0.42;0.4123857617378235;0.2;0.20448410511016846
0.34;0.33588820695877075;0.64;0.5273474454879761;0.22;0.20041398704051971
0.36;0.36054039001464844;0.56;0.5483270287513733;0.16;0.19251230359077454
0.16;0.1661035716533661;0.34;0.32899612188339233;0.22;0.2504178583621979
0.28;0.27922293543815613;0.66;0.4629381000995636;0.22;0.17696502804756165
0.46;0.4635259807109833;0.36;0.33128872513771057;0.48;0.4669365882873535
0.2;0.1786545068025589;0.12;0.14099323749542236;0.2;0.23964229226112366
0.14;0.13079316914081573;0.54;0.5802103877067566;0.1;0.11384411156177521
0.24;0.23590479791164398;0.7;0.6125515103340149;0.2;0.17960943281650543
0.52;0.5318639874458313;0.24;0.26939770579338074;0.1;0.10895302146673203
0.12;0.1236128881573677;0.54;0.5511590838432312;0.32;0.32177820801734924
0.14;0.17426125705242157;0.16;0.14253495633602142;0.24;0.27848154306411743
0.14;0.13386881351470947;0.52;0.51667720079422;0.5;0.4739345610141754
0.72;0.717992901802063;0.14;0.17018994688987732;0.38;0.3588338792324066
0.58;0.5671358108520508;0.16;0.16085496544837952;0.2;0.18930597603321075
0.16;0.1666942536830902;0.16;0.17668892443180084;0.44;0.3762723207473755
0.38;0.38279467821121216;0.46;0.43825235962867737;0.24;0.24853864312171936
0.52;0.5189515352249146;0.42;0.42122364044189453;0.4;0.4367622435092926
0.26;0.23252075910568237;0.18;0.2186432182788849;0.14;0.2001095712184906
0.16;0.1638096570968628;0.42;0.40988975763320923;0.26;0.2574476897716522
0.3;0.30101001262664795;0.14;0.13351935148239136;0.12;0.14647826552391052
0.18;0.18778546154499054;0.36;0.3431415557861328;0.3;0.3103604316711426
0.42;0.4192262589931488;0.3;0.32625317573547363;0.36;0.3397941589355469
0.36;0.3616519868373871;0.42;0.4581640064716339;0.1;0.12253637611865997
0.62;0.6258319020271301;0.34;0.2790932357311249;0.22;0.20873920619487762
0.2;0.19330646097660065;0.48;0.49424225091934204;0.26;0.2491106539964676
0.52;0.5161364674568176;0.28;0.3146395981311798;0.38;0.3850853741168976
0.62;0.617616593837738;0.26;0.31034839153289795;0.5;0.476830393075943
0.22;0.22579798102378845;0.26;0.26699507236480713;0.2;0.19608421623706818
0.1;0.10363291949033737;0.66;0.6610824465751648;0.12;0.10257265716791153
0.44;0.4660887122154236;0.16;0.14652669429779053;0.12;0.1299821436405182
0.5;0.5047591328620911;0.38;0.41666367650032043;0.14;0.1098155751824379
0.12;0.12604117393493652;0.6;0.5957258343696594;0.1;0.10410211235284805
0.14;0.14639215171337128;0.44;0.4346771836280823;0.28;0.2904137074947357
0.1;0.09866796433925629;0.56;0.5646610260009766;0.4;0.42339783906936646
0.3;0.30945244431495667;0.28;0.2617308795452118;0.18;0.22656922042369843
0.2;0.2053690254688263;0.44;0.5170938968658447;0.12;0.1574496328830719
0.24;0.233343705534935;0.34;0.35922446846961975;0.4;0.3969632387161255
0.62;0.626313328742981;0.16;0.15436872839927673;0.18;0.21391049027442932
0.46;0.4641931354999542;0.44;0.45856547355651855;0.28;0.27420052886009216
0.1;0.09898489713668823;0.8;0.8057301640510559;0.2;0.17958995699882507
0.28;0.27976053953170776;0.42;0.4000454545021057;0.34;0.3491654396057129
0.32;0.3157815933227539;0.56;0.6012775897979736;0.12;0.11531853675842285
0.56;0.5713633298873901;0.32;0.26904183626174927;0.36;0.37366145849227905
0.12;0.12214017659425735;0.22;0.21109920740127563;0.26;0.291373610496521
0.14;0.1414504051208496;0.66;0.6418979167938232;0.48;0.459296852350235
0.12;0.11806655675172806;0.82;0.8201034069061279;0.14;0.1548117846250534
0.7;0.6901862025260925;0.26;0.25565576553344727;0.48;0.4685656428337097
0.28;0.27914348244667053;0.64;0.6026339530944824;0.28;0.23194770514965057
0.56;0.5723277926445007;0.36;0.30876466631889343;0.28;0.2966008484363556
0.3;0.2976318895816803;0.16;0.16765958070755005;0.36;0.32612210512161255
0.22;0.2304193377494812;0.44;0.4318375885486603;0.22;0.2374558001756668
0.28;0.283342570066452;0.52;0.5188596844673157;0.34;0.34326204657554626
0.26;0.2640508711338043;0.52;0.5391729474067688;0.28;0.30913519859313965
0.1;0.10275427252054214;0.6;0.5447273850440979;0.32;0.3467922806739807
0.3;0.3026784062385559;0.42;0.45508700609207153;0.1;0.11411414295434952
0.1;0.11170689761638641;0.22;0.2223087102174759;0.46;0.3815913796424866
0.16;0.15784509479999542;0.2;0.21741752326488495;0.48;0.44069594144821167
0.28;0.2802121341228485;0.54;0.5322005748748779;0.44;0.43008846044540405
0.38;0.3762146234512329;0.24;0.2526336908340454;0.46;0.4187113642692566
0.76;0.7670055627822876;0.2;0.1720624715089798;0.42;0.4424658417701721
0.6;0.5956746935844421;0.22;0.2213495969772339;0.22;0.2275022566318512
0.84;0.8102666139602661;0.12;0.16497473418712616;0.5;0.3884422183036804
0.34;0.3509182035923004;0.18;0.1576731950044632;0.3;0.35453328490257263
0.14;0.14483754336833954;0.52;0.5854415893554688;0.1;0.12033571302890778
0.22;0.23003681004047394;0.44;0.4789350926876068;0.18;0.22405466437339783
0.18;0.18053485453128815;0.44;0.4745319187641144;0.22;0.2578018307685852
0.28;0.28133928775787354;0.58;0.562947690486908;0.16;0.15060670673847198
0.36;0.3633998930454254;0.26;0.28139397501945496;0.5;0.443533331155777
0.5;0.4707651436328888;0.18;0.18881790339946747;0.12;0.13178254663944244
0.24;0.24137338995933533;0.74;0.6087208986282349;0.42;0.40019911527633667
0.22;0.21360759437084198;0.72;0.6683116555213928;0.38;0.33331164717674255
0.2;0.2330797016620636;0.56;0.5793651938438416;0.1;0.11773262172937393
0.1;0.09721576422452927;0.58;0.5755084156990051;0.18;0.18026301264762878
0.14;0.14576409757137299;0.14;0.1355396956205368;0.14;0.1660255640745163
0.2;0.18907764554023743;0.28;0.2877921462059021;0.44;0.4175681173801422
0.12;0.13085044920444489;0.36;0.35840633511543274;0.3;0.29626408219337463
0.46;0.4596134424209595;0.52;0.48465457558631897;0.48;0.4373575747013092
0.82;0.8228136897087097;0.16;0.1294238120317459;0.38;0.41900354623794556
0.16;0.1590876281261444;0.12;0.16978850960731506;0.42;0.2058216631412506
0.38;0.3769732415676117;0.4;0.4246012568473816;0.42;0.44377002120018005
0.72;0.7062003016471863;0.16;0.16963644325733185;0.38;0.3681156039237976
0.28;0.2810519337654114;0.56;0.63604736328125;0.44;0.4259863793849945
0.38;0.37887969613075256;0.5;0.45690566301345825;0.14;0.11308280378580093
0.82;0.8148059248924255;0.14;0.14642180502414703;0.32;0.2734147608280182
0.32;0.32260575890541077;0.36;0.36849796772003174;0.36;0.3660314083099365
0.28;0.283692330121994;0.4;0.37843814492225647;0.38;0.3961779773235321
0.12;0.12489088624715805;0.8;0.8178620338439941;0.32;0.32461708784103394
0.32;0.3124468922615051;0.62;0.5407687425613403;0.28;0.22871187329292297
0.14;0.1281324177980423;0.66;0.6456047296524048;0.28;0.22828920185565948
0.62;0.6145426630973816;0.14;0.15444415807724;0.36;0.3167355954647064
0.56;0.5600418448448181;0.24;0.24857227504253387;0.26;0.24083442986011505
0.58;0.5742117762565613;0.14;0.14954692125320435;0.34;0.31428977847099304
0.1;0.10734081268310547;0.26;0.23182158172130585;0.2;0.2792080342769623
0.1;0.10192681849002838;0.76;0.7988587617874146;0.48;0.4680442810058594
0.28;0.28271931409835815;0.58;0.5622062683105469;0.5;0.4164291322231293
0.44;0.4544612467288971;0.2;0.18522709608078003;0.14;0.18032577633857727
0.3;0.2933847904205322;0.36;0.3700568974018097;0.2;0.22822287678718567
0.2;0.20521339774131775;0.22;0.22561301290988922;0.46;0.42100468277931213
0.5;0.502504825592041;0.42;0.4260368049144745;0.18;0.21972937881946564
0.56;0.5581061244010925;0.3;0.3249448835849762;0.28;0.27798762917518616
0.22;0.21274030208587646;0.66;0.6074619293212891;0.14;0.13251236081123352
0.12;0.1280534863471985;0.7;0.691224217414856;0.46;0.45539921522140503
0.16;0.16330094635486603;0.24;0.221358522772789;0.22;0.2578797936439514
0.14;0.14322923123836517;0.76;0.7785980701446533;0.42;0.4086053967475891
0.78;0.7850515246391296;0.18;0.17790493369102478;0.14;0.16773727536201477
0.14;0.1424410045146942;0.7;0.6835612058639526;0.48;0.4651722013950348
0.46;0.4591943323612213;0.44;0.4935121238231659;0.34;0.34853532910346985
0.38;0.3914323151111603;0.56;0.48106124997138977;0.1;0.09979452192783356
0.68;0.6793172955513;0.3;0.23073610663414001;0.44;0.43969041109085083
0.14;0.14166487753391266;0.76;0.7885478734970093;0.2;0.21422240138053894
0.56;0.5686721205711365;0.18;0.17034494876861572;0.16;0.1618676483631134
0.16;0.1575598120689392;0.44;0.4318661689758301;0.4;0.40885886549949646
0.72;0.7127355337142944;0.14;0.19793124496936798;0.5;0.46376457810401917
0.64;0.6342682242393494;0.18;0.24668775498867035;0.42;0.3926650285720825
0.44;0.43691009283065796;0.5;0.5149074792861938;0.48;0.4653882086277008
0.16;0.15892043709754944;0.22;0.2228172868490219;0.36;0.3793681859970093
0.86;0.742779016494751;0.12;0.17926442623138428;0.2;0.1483220010995865
0.1;0.10497020184993744;0.56;0.5718375444412231;0.14;0.1551649570465088
0.68;0.7010499238967896;0.28;0.24453240633010864;0.28;0.31931447982788086
0.42;0.4410282373428345;0.14;0.1303914487361908;0.42;0.45664072036743164
0.18;0.1888636350631714;0.72;0.7628679275512695;0.12;0.12170066684484482
0.14;0.13283352553844452;0.36;0.34969618916511536;0.3;0.31469395756721497
0.12;0.1370587795972824;0.14;0.11764590442180634;0.22;0.25100111961364746
0.28;0.2887842059135437;0.62;0.6252501606941223;0.3;0.32907718420028687
0.5;0.4857882857322693;0.2;0.20583124458789825;0.2;0.19510099291801453
0.7;0.6905081868171692;0.12;0.1182243824005127;0.36;0.3424680829048157
0.74;0.6971705555915833;0.1;0.11689092218875885;0.42;0.34023356437683105
0.72;0.7270473837852478;0.12;0.11147169768810272;0.22;0.23217661678791046
0.2;0.2045339047908783;0.76;0.5970094799995422;0.12;0.10788203775882721
0.26;0.2496609389781952;0.24;0.24940356612205505;0.28;0.26302698254585266
0.68;0.672263503074646;0.24;0.26428020000457764;0.34;0.33336782455444336
0.28;0.2742997705936432;0.18;0.16900822520256042;0.28;0.2753019332885742
0.16;0.17257188260555267;0.82;0.748297393321991;0.14;0.1291954219341278
0.6;0.5797719955444336;0.16;0.16970157623291016;0.24;0.24085688591003418
0.26;0.2614034414291382;0.46;0.4581330418586731;0.34;0.38397735357284546
0.14;0.14058414101600647;0.46;0.4374617040157318;0.42;0.4080747067928314
0.16;0.16032996773719788;0.58;0.6461117267608643;0.28;0.2667933404445648
0.62;0.6332021951675415;0.12;0.1233462393283844;0.18;0.19351351261138916
0.24;0.24161435663700104;0.52;0.5601247549057007;0.34;0.4060567021369934
0.68;0.6789879202842712;0.28;0.26890042424201965;0.38;0.39347022771835327
0.54;0.5394331812858582;0.3;0.3499498665332794;0.12;0.11839409917593002
0.54;0.5420954823493958;0.38;0.38439297676086426;0.42;0.42479172348976135
0.5;0.5097097754478455;0.34;0.3511907160282135;0.16;0.1275523155927658
0.58;0.5860557556152344;0.26;0.23510727286338806;0.42;0.40478387475013733
0.16;0.17090190947055817;0.42;0.40611135959625244;0.24;0.2839915454387665
0.56;0.5770260095596313;0.36;0.3412413001060486;0.24;0.22627782821655273
0.18;0.18784023821353912;0.26;0.2525067925453186;0.34;0.3664792478084564
0.42;0.41114524006843567;0.1;0.102976493537426;0.44;0.4454594552516937
0.36;0.36009353399276733;0.44;0.4955735504627228;0.38;0.4658831059932709
0.24;0.20768916606903076;0.24;0.2834606170654297;0.14;0.13961003720760345
0.58;0.596553385257721;0.28;0.2544388175010681;0.16;0.17177851498126984
0.58;0.5621368885040283;0.12;0.12916940450668335;0.26;0.23011597990989685
0.64;0.6236974596977234;0.1;0.12902656197547913;0.1;0.15271687507629395
0.44;0.41479775309562683;0.12;0.13052980601787567;0.16;0.19112682342529297
0.62;0.6108051538467407;0.14;0.14554718136787415;0.22;0.20119261741638184
0.2;0.20149408280849457;0.74;0.6964520812034607;0.32;0.30914306640625
0.42;0.4167938530445099;0.18;0.18166762590408325;0.26;0.26121458411216736
0.42;0.4220949411392212;0.42;0.43678298592567444;0.16;0.16545672714710236
0.14;0.13102209568023682;0.18;0.19961248338222504;0.38;0.35026106238365173
0.3;0.2955877184867859;0.56;0.5488020777702332;0.12;0.10824056714773178
0.24;0.22800736129283905;0.22;0.22146926820278168;0.4;0.3757438659667969
0.58;0.5745936036109924;0.22;0.25354689359664917;0.2;0.20273184776306152
0.26;0.2528412640094757;0.56;0.5303089022636414;0.28;0.27440550923347473
0.28;0.29078197479248047;0.18;0.18750807642936707;0.42;0.409665584564209
0.46;0.46044304966926575;0.44;0.4272809326648712;0.26;0.2110346555709839
0.32;0.32829636335372925;0.52;0.5187002420425415;0.24;0.23521828651428223
0.5;0.5014617443084717;0.36;0.3563230335712433;0.5;0.4911361634731293
0.6;0.6045910716056824;0.3;0.28010693192481995;0.12;0.11166112124919891
0.14;0.14414145052433014;0.44;0.43037015199661255;0.26;0.2930683493614197
0.84;0.8042604327201843;0.12;0.12523823976516724;0.18;0.15902169048786163
0.24;0.2504527270793915;0.32;0.2914147973060608;0.38;0.41834861040115356
0.38;0.36510616540908813;0.12;0.13372157514095306;0.4;0.3765433728694916
0.22;0.2194932997226715;0.64;0.6295849084854126;0.5;0.4849751591682434
0.36;0.36537453532218933;0.56;0.5188999772071838;0.26;0.2505270838737488
0.46;0.453302264213562;0.3;0.33080020546913147;0.32;0.29949095845222473
0.56;0.5634638667106628;0.28;0.270205020904541;0.3;0.31111428141593933
0.12;0.12696634232997894;0.76;0.7255183458328247;0.18;0.16238027811050415
0.1;0.10701525211334229;0.3;0.2888033390045166;0.3;0.31233516335487366
0.44;0.44312170147895813;0.54;0.408317506313324;0.1;0.0993715301156044
0.4;0.4001675248146057;0.48;0.5094752311706543;0.3;0.30371665954589844
0.1;0.10576066374778748;0.32;0.30113330483436584;0.38;0.400613397359848
0.32;0.3088485896587372;0.24;0.24454672634601593;0.24;0.23859243094921112
0.2;0.304065465927124;0.58;0.5601156949996948;0.1;0.12246507406234741
0.3;0.30303454399108887;0.16;0.1472267359495163;0.4;0.42879191040992737
0.12;0.11074727773666382;0.68;0.7202826142311096;0.26;0.2559095323085785
0.26;0.2640840411186218;0.32;0.2952740788459778;0.24;0.2633521556854248
0.54;0.542317271232605;0.36;0.35280662775039673;0.34;0.3322739005088806
0.8;0.7944632768630981;0.18;0.15499939024448395;0.46;0.44495660066604614
0.48;0.47939884662628174;0.5;0.47178637981414795;0.3;0.2802897095680237
0.6;0.6007663011550903;0.16;0.16572856903076172;0.14;0.14322975277900696
0.56;0.5503576397895813;0.36;0.3608362078666687;0.18;0.2161022424697876
0.48;0.4802097976207733;0.2;0.201121523976326;0.18;0.17019438743591309
0.68;0.6807393431663513;0.22;0.2064143717288971;0.28;0.29262906312942505
0.42;0.4324912130832672;0.46;0.5139714479446411;0.12;0.12696442008018494
0.74;0.7452638149261475;0.12;0.11087455600500107;0.22;0.24769482016563416
0.64;0.6394858360290527;0.34;0.2660176157951355;0.12;0.12444889545440674
0.48;0.4719507396221161;0.14;0.1422211229801178;0.46;0.44943124055862427
0.1;0.10043039917945862;0.86;0.7735697627067566;0.16;0.1392677128314972
0.2;0.1979982852935791;0.78;0.7254790663719177;0.34;0.3098635971546173
0.58;0.4796682596206665;0.1;0.14933347702026367;0.14;0.16464988887310028
0.58;0.5905398726463318;0.4;0.31852293014526367;0.5;0.4938235282897949
0.38;0.378035306930542;0.52;0.5027405619621277;0.42;0.41871970891952515
0.3;0.3105103075504303;0.3;0.26375630497932434;0.38;0.40071621537208557
0.22;0.2163575291633606;0.66;0.6583206653594971;0.48;0.4693681299686432
0.48;0.48354092240333557;0.32;0.31218791007995605;0.26;0.24757662415504456
0.78;0.7392750382423401;0.16;0.14438943564891815;0.14;0.15226298570632935
0.6;0.5962543487548828;0.32;0.28312283754348755;0.2;0.2166750431060791
0.46;0.4608740210533142;0.38;0.41305190324783325;0.5;0.43693360686302185
0.32;0.31600868701934814;0.6;0.6139868497848511;0.42;0.3767252266407013
0.24;0.23622946441173553;0.18;0.18599404394626617;0.42;0.39543893933296204
0.16;0.17636187374591827;0.46;0.44273141026496887;0.32;0.34544676542282104
0.2;0.20025785267353058;0.36;0.36315521597862244;0.42;0.42892932891845703
0.6;0.6199142932891846;0.18;0.16314682364463806;0.12;0.1722884625196457
0.5;0.48891502618789673;0.18;0.19726160168647766;0.24;0.2131909430027008
0.2;0.1994870901107788;0.76;0.7588198781013489;0.28;0.2782442569732666
0.52;0.5360994935035706;0.12;0.12654094398021698;0.38;0.3742380142211914
0.72;0.7439191341400146;0.18;0.17988964915275574;0.1;0.1270555555820465
0.14;0.13927389681339264;0.24;0.21861088275909424;0.38;0.43879738450050354
0.54;0.5479017496109009;0.3;0.2716796100139618;0.22;0.24272993206977844
0.24;0.2398536056280136;0.22;0.2235841006040573;0.36;0.3740329444408417
0.16;0.15956465899944305;0.22;0.23727934062480927;0.34;0.33275556564331055
0.2;0.1848534345626831;0.12;0.14450956881046295;0.48;0.4053378999233246
0.3;0.30491170287132263;0.32;0.3175770044326782;0.48;0.4785122275352478
0.34;0.33328282833099365;0.64;0.6142686605453491;0.3;0.2543402314186096
0.28;0.2886623740196228;0.48;0.5058234930038452;0.24;0.26433897018432617
0.12;0.10725604742765427;0.4;0.4141465425491333;0.48;0.4797821044921875
0.2;0.19795623421669006;0.6;0.6060383319854736;0.38;0.372979074716568
0.28;0.2800734043121338;0.38;0.4652111232280731;0.14;0.17563314735889435
0.54;0.5329878926277161;0.36;0.3869083523750305;0.1;0.10581211745738983
0.5;0.5008699893951416;0.36;0.3756469190120697;0.38;0.4033450186252594
0.32;0.317992240190506;0.6;0.6241913437843323;0.36;0.35939735174179077
0.26;0.25891339778900146;0.54;0.5496448278427124;0.48;0.47615617513656616
0.1;0.10869484394788742;0.62;0.5793036818504333;0.14;0.12003865092992783
0.68;0.6763903498649597;0.26;0.2562359869480133;0.5;0.4955323338508606
0.22;0.21705776453018188;0.54;0.5620521306991577;0.22;0.2093391865491867
0.42;0.426554411649704;0.12;0.11505553871393204;0.44;0.447457879781723
0.12;0.11811593174934387;0.72;0.7026709914207458;0.5;0.48792728781700134
0.48;0.47929999232292175;0.48;0.46449488401412964;0.44;0.4218501150608063
0.4;0.400179386138916;0.56;0.5059782862663269;0.44;0.39653241634368896
0.66;0.6609702706336975;0.28;0.2842216193675995;0.18;0.23747694492340088
0.1;0.09936384856700897;0.32;0.33588987588882446;0.46;0.4513874053955078
0.24;0.24416568875312805;0.3;0.29072168469429016;0.36;0.35809457302093506
0.74;0.7195220589637756;0.1;0.1210760772228241;0.24;0.20232832431793213
0.16;0.1559494137763977;0.7;0.6719931364059448;0.46;0.4323745369911194
0.1;0.10424241423606873;0.18;0.1822204887866974;0.44;0.5085247159004211
0.3;0.30053216218948364;0.46;0.4137699007987976;0.42;0.36596453189849854
0.22;0.22538499534130096;0.54;0.5089510679244995;0.46;0.4393523335456848
0.2;0.19119420647621155;0.28;0.2831643521785736;0.46;0.4552791118621826
0.28;0.2749219238758087;0.7;0.6341912746429443;0.26;0.25813379883766174
0.12;0.1213139146566391;0.72;0.7201321721076965;0.48;0.47911033034324646
0.64;0.6371046304702759;0.24;0.22090594470500946;0.28;0.26085156202316284
0.1;0.10049251466989517;0.88;0.844777524471283;0.44;0.44882574677467346
0.36;0.3606320917606354;0.5;0.47359713912010193;0.24;0.23406624794006348
0.26;0.25431498885154724;0.4;0.4438526928424835;0.28;0.3422287702560425
0.68;0.6787145733833313;0.22;0.2301281839609146;0.44;0.452268123626709
0.3;0.2979409396648407;0.56;0.5755206346511841;0.42;0.38463062047958374
0.52;0.5244265198707581;0.4;0.3693253993988037;0.16;0.1614181250333786
0.36;0.3632969260215759;0.52;0.5181350111961365;0.16;0.1456080675125122
0.12;0.1161724403500557;0.86;0.6398279666900635;0.44;0.4512346386909485
0.2;0.19659148156642914;0.26;0.2609444558620453;0.44;0.4477806091308594
0.42;0.4243859052658081;0.4;0.38891032338142395;0.34;0.32570207118988037
0.6;0.5987452268600464;0.38;0.34145545959472656;0.22;0.2147112339735031
0.18;0.19150948524475098;0.2;0.20522800087928772;0.24;0.21667742729187012
0.28;0.28501906991004944;0.64;0.6308014392852783;0.36;0.36759549379348755
0.64;0.6363773345947266;0.22;0.2540311813354492;0.44;0.421602725982666
0.22;0.2173568159341812;0.48;0.49905768036842346;0.34;0.34364446997642517
0.28;0.28302374482154846;0.46;0.4235447645187378;0.26;0.2687232494354248
0.1;0.10224781930446625;0.7;0.6905974745750427;0.32;0.32310134172439575
0.42;0.42003771662712097;0.42;0.40758052468299866;0.36;0.3584916293621063
0.66;0.6097434759140015;0.1;0.12215754389762878;0.44;0.44626373052597046
0.12;0.13472522795200348;0.36;0.3527453541755676;0.28;0.2778353691101074
0.26;0.26406076550483704;0.48;0.525887131690979;0.2;0.23375773429870605
0.1;0.10574117302894592;0.38;0.3584657907485962;0.34;0.3569973111152649
0.4;0.39394012093544006;0.36;0.4414597153663635;0.14;0.16844145953655243
0.3;0.32008033990859985;0.32;0.2835143506526947;0.14;0.1637645661830902
0.54;0.5359424948692322;0.16;0.16300168633460999;0.24;0.23105153441429138
0.32;0.3208756446838379;0.28;0.25947105884552;0.28;0.29697129130363464
0.34;0.33326852321624756;0.36;0.36070773005485535;0.1;0.11532825231552124
0.14;0.15783855319023132;0.72;0.7560623288154602;0.16;0.15186063945293427
0.6;0.5913796424865723;0.2;0.2303365170955658;0.16;0.15529635548591614
0.58;0.609458327293396;0.16;0.12407717853784561;0.12;0.1775437742471695
0.34;0.3480490446090698;0.44;0.46783700585365295;0.26;0.3151836693286896
0.34;0.3370837867259979;0.52;0.5692448019981384;0.18;0.175312802195549
0.34;0.3457852005958557;0.48;0.47332122921943665;0.2;0.2507929801940918
0.22;0.2231159657239914;0.14;0.13655321300029755;0.26;0.27428531646728516
0.58;0.5490984320640564;0.12;0.14924754202365875;0.1;0.15283480286598206
0.24;0.2381005734205246;0.3;0.3166784644126892;0.18;0.16095159947872162
0.36;0.3601972162723541;0.3;0.3210965394973755;0.48;0.40778788924217224
0.44;0.43460986018180847;0.42;0.48055997490882874;0.16;0.15107890963554382
0.34;0.332956999540329;0.58;0.590213418006897;0.38;0.361393004655838
0.36;0.35959911346435547;0.58;0.5353356003761292;0.48;0.4237188398838043
0.56;0.5597606897354126;0.18;0.17367760837078094;0.4;0.4128757417201996
0.2;0.21115383505821228;0.64;0.696880578994751;0.18;0.19535116851329803
0.38;0.37919822335243225;0.52;0.517437219619751;0.46;0.4273434281349182
0.86;0.8350780606269836;0.1;0.13165415823459625;0.4;0.30551260709762573
0.22;0.3174408972263336;0.3;0.22804215550422668;0.1;0.15378102660179138
0.78;0.802790641784668;0.2;0.16252562403678894;0.16;0.2065919190645218
0.36;0.338644802570343;0.14;0.16311345994472504;0.14;0.13841816782951355
0.38;0.4804444909095764;0.28;0.2510567307472229;0.24;0.25704294443130493
0.24;0.2189120203256607;0.14;0.17938102781772614;0.3;0.1487683355808258
0.66;0.663290798664093;0.16;0.15283960103988647;0.38;0.4096178412437439
0.72;0.6587726473808289;0.1;0.15551069378852844;0.34;0.2803957462310791
0.46;0.4646364748477936;0.48;0.4453333616256714;0.28;0.28209689259529114
0.46;0.45724567770957947;0.36;0.41511720418930054;0.38;0.393318772315979
0.54;0.5461073517799377;0.32;0.263240247964859;0.28;0.2926151752471924
0.26;0.2079644501209259;0.14;0.1838666796684265;0.22;0.1844293177127838
0.64;0.645228385925293;0.24;0.29282721877098083;0.14;0.12421996891498566
0.56;0.5561090707778931;0.1;0.10584484785795212;0.26;0.2655583322048187
0.42;0.41927167773246765;0.4;0.4519648849964142;0.4;0.3779917061328888
0.46;0.4589306116104126;0.28;0.27734899520874023;0.36;0.36729827523231506
0.52;0.4977565109729767;0.22;0.2309708297252655;0.18;0.17799797654151917
0.44;0.4356476664543152;0.12;0.11183483153581619;0.22;0.28147798776626587
0.48;0.48217788338661194;0.16;0.15761728584766388;0.44;0.4617651104927063
0.82;0.7787483334541321;0.1;0.14775553345680237;0.18;0.12568120658397675
0.4;0.4034568667411804;0.16;0.16883261501789093;0.48;0.44837474822998047
0.2;0.2080897092819214;0.1;0.10100699216127396;0.36;0.3778994083404541
0.14;0.13720619678497314;0.44;0.42690309882164;0.2;0.20063988864421844
0.16;0.15510953962802887;0.36;0.3576904237270355;0.24;0.26308178901672363
0.14;0.13459205627441406;0.72;0.7919495701789856;0.34;0.3311491012573242
0.32;0.32256433367729187;0.66;0.6027923226356506;0.12;0.12185309082269669
0.16;0.15588849782943726;0.66;0.6479024887084961;0.36;0.3564828038215637
0.44;0.44126418232917786;0.5;0.4255763292312622;0.38;0.3239660859107971
0.7;0.7084866762161255;0.28;0.2371218353509903;0.36;0.37347549200057983
0.18;0.17796753346920013;0.4;0.41035398840904236;0.34;0.3257354199886322
0.26;0.2746991813182831;0.4;0.41664645075798035;0.12;0.13637766242027283
0.6;0.5871490836143494;0.2;0.2380659133195877;0.34;0.3540380299091339
0.12;0.12025091797113419;0.22;0.23502570390701294;0.5;0.4553176760673523
0.58;0.5680555701255798;0.24;0.3085794448852539;0.12;0.1091666966676712
0.84;0.8237975239753723;0.14;0.1285853385925293;0.12;0.1686602532863617
0.54;0.5478972792625427;0.26;0.23813487589359283;0.24;0.253357470035553
0.1;0.11322493106126785;0.54;0.5182868838310242;0.38;0.38385215401649475
0.28;0.3009891211986542;0.32;0.3037332594394684;0.16;0.1760871857404709
0.34;0.34744927287101746;0.48;0.5000708699226379;0.38;0.4134383201599121
0.62;0.5916346907615662;0.1;0.12699517607688904;0.28;0.2665812075138092
0.28;0.2788444459438324;0.62;0.6396893858909607;0.42;0.4316194951534271
0.46;0.4555889964103699;0.24;0.24603010714054108;0.16;0.1655610054731369
0.24;0.23867660760879517;0.4;0.42320019006729126;0.34;0.37498700618743896
0.14;0.1291523575782776;0.7;0.6885979771614075;0.18;0.17530687153339386
0.22;0.22358310222625732;0.72;0.6368412971496582;0.48;0.43979984521865845
0.36;0.36764049530029297;0.4;0.3940686285495758;0.5;0.43565407395362854
0.36;0.3634917438030243;0.5;0.5159666538238525;0.16;0.13520416617393494
0.24;0.2389868199825287;0.36;0.3573780357837677;0.46;0.44315075874328613
0.62;0.6210511326789856;0.26;0.31531938910484314;0.46;0.45359358191490173
0.82;0.7916345000267029;0.12;0.14936256408691406;0.24;0.2019735872745514
0.26;0.2652096748352051;0.64;0.6204551458358765;0.26;0.23885580897331238
0.14;0.14261727035045624;0.38;0.3986852765083313;0.3;0.2825118899345398
0.14;0.14837652444839478;0.32;0.3125058114528656;0.18;0.20809431374073029
0.62;0.6209511756896973;0.3;0.3273828625679016;0.5;0.4945451617240906
0.34;0.34313535690307617;0.4;0.39285820722579956;0.24;0.24929603934288025
0.1;0.1032588928937912;0.54;0.557368814945221;0.14;0.1671781986951828
0.14;0.1336827278137207;0.66;0.7051047086715698;0.18;0.19187693297863007
0.28;0.24459704756736755;0.1;0.11914698779582977;0.22;0.23952682316303253
0.46;0.4579668343067169;0.52;0.49688443541526794;0.34;0.3549852967262268
0.5;0.5050948262214661;0.48;0.4278084337711334;0.48;0.4404844343662262
0.14;0.13461855053901672;0.76;0.780090868473053;0.32;0.3101266026496887
0.12;0.11362629383802414;0.78;0.816093385219574;0.3;0.31201842427253723
0.26;0.25964194536209106;0.68;0.6590374708175659;0.4;0.4146119952201843
0.38;0.3846660852432251;0.48;0.5070356726646423;0.18;0.17163947224617004
0.14;0.14089439809322357;0.58;0.5724121332168579;0.42;0.37994149327278137
0.18;0.18077035248279572;0.2;0.20612846314907074;0.36;0.3342593312263489
0.3;0.29744935035705566;0.14;0.13580118119716644;0.4;0.4497774541378021
0.3;0.301036536693573;0.56;0.5443253517150879;0.5;0.46065768599510193
0.6;0.5799720287322998;0.1;0.11330031603574753;0.2;0.21002253890037537
0.36;0.357960969209671;0.6;0.48886623978614807;0.36;0.2897879183292389
0.32;0.4325081408023834;0.52;0.45501434803009033;0.26;0.28062868118286133
0.42;0.46824759244918823;0.2;0.16224342584609985;0.12;0.13209156692028046
0.16;0.16309668123722076;0.18;0.20418526232242584;0.42;0.3523227274417877
0.34;0.33776360750198364;0.3;0.296796053647995;0.44;0.4579450488090515
0.48;0.48157942295074463;0.44;0.3949475884437561;0.42;0.439995139837265
0.44;0.4396180808544159;0.48;0.48434290289878845;0.18;0.15960189700126648
0.1;0.0982467383146286;0.78;0.7310032844543457;0.24;0.215932697057724
0.22;0.2202610820531845;0.62;0.5998736023902893;0.42;0.34567826986312866
0.2;0.2021436244249344;0.44;0.42037665843963623;0.36;0.35798460245132446
0.5;0.5020875930786133;0.48;0.3973773717880249;0.32;0.37297552824020386
0.28;0.30775874853134155;0.1;0.10260401666164398;0.34;0.2246910035610199
0.12;0.12086450308561325;0.48;0.48832112550735474;0.22;0.2277621030807495
0.36;0.3596954941749573;0.62;0.5324822068214417;0.22;0.18166705965995789
0.12;0.10737317055463791;0.84;0.7428253293037415;0.12;0.11196701228618622
0.18;0.17375248670578003;0.44;0.446142315864563;0.46;0.4674263000488281
0.18;0.1875506192445755;0.72;0.7103841304779053;0.26;0.27777624130249023
0.4;0.39718732237815857;0.22;0.21023309230804443;0.2;0.19667887687683105
0.2;0.19711056351661682;0.46;0.45928534865379333;0.48;0.47604504227638245
0.36;0.36068326234817505;0.56;0.5038518309593201;0.1;0.10854960978031158
0.28;0.2753455638885498;0.38;0.43320032954216003;0.28;0.3881469964981079
0.32;0.30844563245773315;0.32;0.3440236449241638;0.5;0.46875065565109253
0.38;0.385578989982605;0.38;0.46894970536231995;0.14;0.21074089407920837
0.3;0.30452144145965576;0.4;0.40177738666534424;0.32;0.36443573236465454
0.5;0.48901891708374023;0.1;0.1151331216096878;0.5;0.4302240312099457
0.16;0.16207286715507507;0.34;0.34937605261802673;0.14;0.16266143321990967
0.52;0.5129971504211426;0.24;0.3054391145706177;0.14;0.1263379156589508
0.8;0.8095758557319641;0.1;0.12953782081604004;0.32;0.3678155839443207
0.12;0.12649168074131012;0.74;0.7000464797019958;0.2;0.1843479424715042
0.46;0.46130281686782837;0.36;0.38580480217933655;0.34;0.35863810777664185
0.2;0.20251493155956268;0.14;0.13544581830501556;0.32;0.3072846233844757
0.4;0.4026145339012146;0.4;0.41603991389274597;0.3;0.3297898471355438
0.34;0.3409309387207031;0.44;0.42725417017936707;0.42;0.44109201431274414
0.6;0.6015655398368835;0.38;0.3004884719848633;0.24;0.2424556314945221
0.26;0.2617042660713196;0.32;0.298568993806839;0.34;0.3699537217617035
0.36;0.3614310920238495;0.32;0.40008825063705444;0.1;0.11878526210784912
0.4;0.3937990963459015;0.46;0.4938129484653473;0.14;0.13589398562908173
0.28;0.2743225395679474;0.3;0.2811450660228729;0.12;0.16391690075397491
0.24;0.2557365298271179;0.48;0.5310041308403015;0.16;0.18129929900169373
0.2;0.2069929540157318;0.78;0.7650187015533447;0.22;0.2259366512298584
0.12;0.13072121143341064;0.1;0.10422749072313309;0.32;0.21020150184631348
0.66;0.6658021807670593;0.12;0.10988996922969818;0.34;0.30920422077178955
0.56;0.5606832504272461;0.16;0.15570828318595886;0.32;0.33511465787887573
0.1;0.10383264720439911;0.24;0.2264467030763626;0.44;0.44020095467567444
0.54;0.5379664897918701;0.42;0.3784562349319458;0.32;0.3059779405593872
0.16;0.1715257465839386;0.36;0.34920772910118103;0.26;0.27211901545524597
0.48;0.4784032106399536;0.38;0.36856672167778015;0.5;0.478095144033432
0.24;0.2353447526693344;0.46;0.45457035303115845;0.26;0.24176648259162903
0.46;0.478296160697937;0.16;0.14540521800518036;0.2;0.28045517206192017
0.28;0.27730077505111694;0.54;0.5403358936309814;0.46;0.44691115617752075
0.46;0.45965513586997986;0.52;0.4643608033657074;0.38;0.37140095233917236
0.4;0.40518879890441895;0.26;0.24884441494941711;0.26;0.27662405371665955
0.3;0.3019951581954956;0.14;0.1264069825410843;0.18;0.185381680727005
0.78;0.7695778608322144;0.2;0.23176683485507965;0.24;0.3205494284629822
0.56;0.5845776796340942;0.16;0.13704071938991547;0.12;0.16797468066215515
0.28;0.27413249015808105;0.26;0.281844824552536;0.46;0.42733654379844666
0.28;0.2971087694168091;0.22;0.2001151442527771;0.1;0.1265675574541092
0.52;0.5189987421035767;0.16;0.16297224164009094;0.14;0.13963213562965393
0.22;0.2236069291830063;0.32;0.31776338815689087;0.32;0.3149239122867584
0.22;0.21492387354373932;0.52;0.5277954339981079;0.36;0.3386777639389038
0.12;0.11921560764312744;0.76;0.7881941199302673;0.5;0.5040205121040344
0.3;0.28623437881469727;0.22;0.21622900664806366;0.12;0.14158698916435242
0.54;0.5446308851242065;0.26;0.24964043498039246;0.28;0.27431055903434753
0.54;0.5302727818489075;0.22;0.2770368754863739;0.16;0.15251025557518005
0.42;0.42780038714408875;0.12;0.11719890683889389;0.24;0.18961945176124573
0.6;0.5789504647254944;0.2;0.26355886459350586;0.18;0.17910075187683105
0.48;0.4878004789352417;0.42;0.43768054246902466;0.16;0.15144261717796326
0.24;0.22620633244514465;0.48;0.42436257004737854;0.2;0.170759916305542
0.36;0.36110806465148926;0.14;0.15371085703372955;0.34;0.2764173150062561
0.32;0.32638484239578247;0.58;0.5369224548339844;0.1;0.1037212386727333
0.2;0.2104598581790924;0.42;0.4104619026184082;0.4;0.41517266631126404
0.84;0.819243311882019;0.14;0.16055133938789368;0.46;0.44196414947509766
0.38;0.38385042548179626;0.42;0.4420035183429718;0.22;0.24170637130737305
0.42;0.4199124872684479;0.3;0.3036840856075287;0.4;0.4286651015281677
0.62;0.6726928949356079;0.26;0.25638148188591003;0.12;0.15334363281726837
0.28;0.27379268407821655;0.62;0.6146138906478882;0.44;0.4013201594352722
0.6;0.606884241104126;0.32;0.27500787377357483;0.14;0.13762502372264862
0.54;0.5406959056854248;0.36;0.38664281368255615;0.4;0.39898255467414856
0.22;0.22129882872104645;0.68;0.7038089036941528;0.32;0.3332119882106781
0.46;0.45853516459465027;0.32;0.3582659661769867;0.2;0.20069463551044464
0.22;0.22123326361179352;0.28;0.27516791224479675;0.2;0.2116260975599289
0.72;0.7138208746910095;0.2;0.2028842568397522;0.18;0.1620105803012848
0.78;0.7514579892158508;0.12;0.19106793403625488;0.3;0.20906488597393036
0.52;0.5214966535568237;0.36;0.35362404584884644;0.46;0.43774718046188354
0.58;0.5667737722396851;0.24;0.2373509556055069;0.1;0.11076083034276962
0.14;0.1412350833415985;0.54;0.576318085193634;0.38;0.44784489274024963
0.1;0.10698668658733368;0.3;0.3052378296852112;0.38;0.3413461148738861
0.54;0.5487492084503174;0.38;0.3774145543575287;0.12;0.10984687507152557
0.32;0.30769187211990356;0.38;0.4749530851840973;0.1;0.13177178800106049
0.16;0.1511564403772354;0.78;0.7415615916252136;0.22;0.21449942886829376
0.12;0.132269486784935;0.12;0.13374227285385132;0.34;0.2358299195766449
0.26;0.25818759202957153;0.6;0.58906489610672;0.46;0.4019095301628113
0.38;0.39283502101898193;0.58;0.5420575737953186;0.14;0.13181093335151672
0.3;0.31155118346214294;0.28;0.27507978677749634;0.16;0.14406730234622955
0.44;0.43876251578330994;0.24;0.2364361733198166;0.28;0.2819519639015198
0.48;0.4685449004173279;0.18;0.179437056183815;0.44;0.42325860261917114
0.56;0.5541946291923523;0.16;0.15182122588157654;0.26;0.2535400092601776
0.58;0.5567345023155212;0.18;0.19090794026851654;0.1;0.12709955871105194
0.28;0.2845504581928253;0.58;0.6115052700042725;0.12;0.12556108832359314
0.28;0.2806149125099182;0.42;0.4282364249229431;0.42;0.39951759576797485
0.26;0.2649610936641693;0.64;0.6000320315361023;0.32;0.3073287904262543
0.16;0.1606908142566681;0.74;0.7338331937789917;0.14;0.13533754646778107
0.12;0.1245572492480278;0.56;0.5650953650474548;0.18;0.2056255340576172
0.62;0.6190255880355835;0.26;0.3211638629436493;0.36;0.3523896336555481
0.14;0.14251774549484253;0.14;0.12274716049432755;0.2;0.2403530776500702
0.18;0.1944364458322525;0.22;0.23287686705589294;0.32;0.2689054012298584
0.38;0.3792482018470764;0.44;0.42962512373924255;0.4;0.4484166204929352
0.16;0.1705552488565445;0.56;0.6314971446990967;0.14;0.17257411777973175
0.28;0.28191953897476196;0.3;0.28315088152885437;0.4;0.41376858949661255
0.68;0.6741026043891907;0.16;0.18711411952972412;0.34;0.3324495851993561
0.12;0.1186976358294487;0.84;0.7832383513450623;0.28;0.2793421745300293
0.4;0.4071435034275055;0.52;0.5032081604003906;0.1;0.1152273565530777
0.32;0.31702807545661926;0.52;0.4898797273635864;0.46;0.40954655408859253
0.28;0.2800762355327606;0.42;0.42466458678245544;0.38;0.40402135252952576
0.74;0.7312881946563721;0.1;0.10758300125598907;0.18;0.17108634114265442
0.38;0.378862202167511;0.34;0.38974258303642273;0.16;0.17545609176158905
0.4;0.3926630914211273;0.52;0.4407224655151367;0.34;0.32733815908432007
0.42;0.42293670773506165;0.52;0.5168824791908264;0.3;0.3218500018119812
0.1;0.1018105298280716;0.56;0.5577030181884766;0.34;0.3429078757762909
0.18;0.1735025942325592;0.62;0.7194790244102478;0.1;0.11103832721710205
0.2;0.19892457127571106;0.1;0.11868037283420563;0.34;0.1487070769071579
0.32;0.31781071424484253;0.4;0.39727458357810974;0.38;0.3537684679031372
0.16;0.16208237409591675;0.64;0.6728841066360474;0.16;0.15719792246818542
0.32;0.3221834599971771;0.3;0.26344820857048035;0.26;0.26971983909606934
0.18;0.18140599131584167;0.72;0.7398980259895325;0.4;0.402627557516098
0.7;0.6906867027282715;0.26;0.2362223118543625;0.4;0.38590407371520996
0.16;0.16510900855064392;0.6;0.5630619525909424;0.28;0.2576374411582947
0.4;0.40240174531936646;0.26;0.25944775342941284;0.2;0.2060341089963913
0.62;0.6116877198219299;0.22;0.2521219551563263;0.12;0.13094675540924072
0.52;0.5137156248092651;0.2;0.20589600503444672;0.34;0.3117140233516693
0.72;0.7347159385681152;0.2;0.19891047477722168;0.12;0.14205074310302734
0.24;0.24419862031936646;0.62;0.6021173000335693;0.38;0.3855594992637634
0.44;0.45493853092193604;0.26;0.2479502111673355;0.12;0.1498369723558426
0.2;0.20226728916168213;0.32;0.304124653339386;0.34;0.3649643361568451
0.3;0.29567939043045044;0.64;0.6351930499076843;0.18;0.1651725471019745
0.38;0.37847578525543213;0.4;0.3827800452709198;0.38;0.4095306396484375
0.28;0.2837347388267517;0.52;0.5472803711891174;0.28;0.3149805963039398
0.26;0.2536526322364807;0.7;0.6450132131576538;0.22;0.21152310073375702
0.16;0.1654796004295349;0.64;0.644158124923706;0.24;0.26977744698524475
0.54;0.5442253351211548;0.32;0.33159056305885315;0.3;0.29765549302101135
0.24;0.21524591743946075;0.2;0.230596661567688;0.3;0.25682830810546875
0.14;0.14117823541164398;0.46;0.46084216237068176;0.26;0.28201133012771606
0.16;0.13253463804721832;0.58;0.5174825191497803;0.18;0.14654071629047394
0.52;0.5193307399749756;0.46;0.4076305031776428;0.36;0.38516008853912354
0.68;0.6964086890220642;0.22;0.2099025845527649;0.34;0.3571361005306244
0.12;0.12226823717355728;0.56;0.5462849736213684;0.34;0.3192588686943054
0.32;0.3289046287536621;0.12;0.10606545209884644;0.2;0.17862765491008759
0.88;0.8353596329689026;0.1;0.12504644691944122;0.32;0.18425306677818298
0.24;0.24787597358226776;0.38;0.3786149322986603;0.22;0.23288138210773468
0.4;0.39804959297180176;0.22;0.24798829853534698;0.48;0.4353252351284027
0.3;0.2954981029033661;0.2;0.19060206413269043;0.4;0.42832842469215393
0.14;0.12094089388847351;0.38;0.5833053588867188;0.18;0.18510901927947998
0.24;0.2437564581632614;0.7;0.6743308305740356;0.38;0.3696126341819763
0.32;0.32412347197532654;0.4;0.39376670122146606;0.28;0.33395883440971375
0.18;0.1803293228149414;0.36;0.3428332209587097;0.46;0.48732757568359375
0.46;0.4600107669830322;0.2;0.2146603763103485;0.26;0.24768909811973572
0.22;0.22799742221832275;0.24;0.20628510415554047;0.12;0.22237157821655273
0.76;0.756298303604126;0.22;0.17374686896800995;0.22;0.24621030688285828
0.42;0.43267911672592163;0.48;0.39288634061813354;0.1;0.10722718387842178
0.12;0.11593898385763168;0.64;0.6515713334083557;0.16;0.16020803153514862
0.3;0.28952303528785706;0.22;0.24297070503234863;0.5;0.4691695272922516
0.34;0.32763126492500305;0.22;0.20846714079380035;0.3;0.34264427423477173
0.5;0.5011786818504333;0.46;0.4338165521621704;0.38;0.3670448362827301
0.1;0.10117228329181671;0.78;0.8290238380432129;0.28;0.2820095419883728
0.3;0.29726147651672363;0.66;0.6020835638046265;0.28;0.28012847900390625
0.36;0.35698145627975464;0.48;0.4907403588294983;0.38;0.3731575608253479
0.38;0.3757910430431366;0.32;0.3223453760147095;0.48;0.4607974886894226
0.12;0.11968029290437698;0.36;0.35292887687683105;0.46;0.47737789154052734
0.48;0.49224597215652466;0.2;0.1838480830192566;0.14;0.15669241547584534
0.5;0.5111486911773682;0.44;0.32258525490760803;0.1;0.12834486365318298
0.26;0.26471203565597534;0.72;0.5972822904586792;0.24;0.24124374985694885
0.48;0.47945982217788696;0.38;0.36507365107536316;0.42;0.4347142279148102
0.7;0.7283362746238708;0.28;0.17788781225681305;0.14;0.1996021866798401
0.18;0.17795100808143616;0.74;0.7406201362609863;0.5;0.4828992486000061
0.44;0.4436529278755188;0.34;0.32501694560050964;0.28;0.2990221381187439
0.18;0.15140561759471893;0.36;0.3473365902900696;0.5;0.47551050782203674
0.52;0.5178102850914001;0.24;0.2822912931442261;0.2;0.16406981647014618
0.46;0.4606003761291504;0.4;0.43819037079811096;0.34;0.39244744181632996
0.14;0.1357290893793106;0.72;0.7413747906684875;0.22;0.2277989387512207
0.18;0.19891560077667236;0.62;0.6351044178009033;0.16;0.17207297682762146
0.44;0.4382238984107971;0.36;0.3605131506919861;0.34;0.37733718752861023
0.58;0.5734496712684631;0.26;0.3137284219264984;0.3;0.3108873963356018
0.76;0.7920500040054321;0.12;0.15099026262760162;0.14;0.15153051912784576
0.34;0.3273557126522064;0.62;0.5657735466957092;0.3;0.24852165579795837
0.5;0.5051295161247253;0.24;0.2558431327342987;0.48;0.428758442401886
0.22;0.21994000673294067;0.54;0.5228286981582642;0.38;0.3470756411552429
0.4;0.39785000681877136;0.3;0.29613059759140015;0.5;0.4586262106895447
0.34;0.3581475019454956;0.58;0.5235256552696228;0.18;0.21214278042316437
0.34;0.34380966424942017;0.2;0.21042120456695557;0.26;0.1970626562833786
0.62;0.6174402832984924;0.22;0.2251807153224945;0.4;0.42266398668289185
0.62;0.6288977861404419;0.36;0.3109632730484009;0.32;0.31537652015686035
0.58;0.5811871290206909;0.14;0.13950283825397491;0.26;0.27805519104003906
0.7;0.6973226070404053;0.2;0.21995459496974945;0.28;0.2770981192588806
0.46;0.46260517835617065;0.14;0.1452558934688568;0.12;0.17931541800498962
0.16;0.16688162088394165;0.48;0.5010186433792114;0.2;0.23844599723815918
0.46;0.46599116921424866;0.14;0.12696172297000885;0.1;0.15032875537872314
0.64;0.6475854516029358;0.12;0.12004707753658295;0.4;0.32777875661849976
0.18;0.17888304591178894;0.42;0.4092935621738434;0.28;0.26304155588150024
0.12;0.11574610322713852;0.5;0.5433751940727234;0.22;0.24527773261070251
0.36;0.3663272559642792;0.52;0.5689140558242798;0.48;0.44809389114379883
0.42;0.4288996756076813;0.18;0.1583973467350006;0.16;0.17195503413677216
0.44;0.4753936231136322;0.22;0.1890542060136795;0.14;0.16395406424999237
0.32;0.3185200095176697;0.26;0.26860302686691284;0.46;0.46777135133743286
0.74;0.7556262612342834;0.24;0.1674642711877823;0.2;0.24905094504356384
0.38;0.3821212947368622;0.58;0.5286189317703247;0.22;0.2583533823490143
0.48;0.491777241230011;0.38;0.38225123286247253;0.1;0.10549940168857574
0.12;0.1433795541524887;0.56;0.6134852766990662;0.1;0.106148362159729
0.14;0.13824206590652466;0.4;0.40131500363349915;0.5;0.49408015608787537
0.78;0.7983008027076721;0.16;0.1572861671447754;0.3;0.3785054087638855
0.42;0.42126673460006714;0.26;0.2487189620733261;0.34;0.3926085829734802
0.56;0.5539052486419678;0.28;0.30168411135673523;0.28;0.28280752897262573
0.22;0.2120448499917984;0.56;0.5709444880485535;0.38;0.348487913608551
0.18;0.19331008195877075;0.36;0.347208172082901;0.34;0.33957189321517944
0.44;0.42564401030540466;0.28;0.28809064626693726;0.34;0.3168454170227051
0.74;0.7083544731140137;0.16;0.2363314926624298;0.48;0.40812063217163086
0.1;0.10854674875736237;0.28;0.2785484790802002;0.4;0.3978116512298584
0.44;0.4384341239929199;0.22;0.22552107274532318;0.26;0.280911386013031
0.26;0.26342374086380005;0.5;0.5550334453582764;0.32;0.361551433801651
0.52;0.5392832159996033;0.34;0.25010767579078674;0.12;0.11348821222782135
0.64;0.6436087489128113;0.28;0.2542642056941986;0.26;0.2821540832519531
0.52;0.5283158421516418;0.38;0.35157617926597595;0.32;0.3296298682689667
0.32;0.3214331865310669;0.38;0.3592403531074524;0.34;0.3416624963283539
0.28;0.27931347489356995;0.6;0.6020349264144897;0.3;0.2835407853126526
0.56;0.5607727766036987;0.4;0.34158849716186523;0.2;0.21154706180095673
0.22;0.21282640099525452;0.58;0.5549144148826599;0.42;0.3284650444984436
0.24;0.2412104606628418;0.28;0.2921731770038605;0.44;0.422254741191864
0.78;0.7639745473861694;0.12;0.1846928894519806;0.44;0.33044588565826416
0.3;0.338687926530838;0.28;0.243799090385437;0.1;0.1344211995601654
0.4;0.37501078844070435;0.1;0.13164103031158447;0.18;0.11737129837274551
0.1;0.11161345988512039;0.18;0.1605006605386734;0.28;0.3110902011394501
0.62;0.6218887567520142;0.1;0.10528367757797241;0.5;0.4704767167568207
0.56;0.5724714398384094;0.42;0.3210126757621765;0.5;0.4941285252571106
0.34;0.3407828211784363;0.6;0.5470641851425171;0.36;0.34336066246032715
0.74;0.7549794316291809;0.18;0.16231100261211395;0.12;0.14658653736114502
0.76;0.7831284403800964;0.12;0.16454483568668365;0.16;0.16427583992481232
0.18;0.1836063712835312;0.48;0.500199019908905;0.24;0.262237548828125
0.64;0.6419776678085327;0.2;0.23564478754997253;0.44;0.3984141945838928
0.38;0.31056562066078186;0.1;0.12797871232032776;0.18;0.2583380341529846
0.24;0.22647738456726074;0.64;0.5813429951667786;0.2;0.16108131408691406
0.34;0.31707754731178284;0.5;0.525964081287384;0.1;0.10868831723928452
0.12;0.11696923524141312;0.74;0.7580721974372864;0.48;0.4742874205112457
0.52;0.520139217376709;0.28;0.2901654839515686;0.5;0.45943111181259155
0.38;0.37423214316368103;0.5;0.5678586959838867;0.42;0.4240145683288574
0.36;0.356243371963501;0.14;0.141327902674675;0.32;0.2818254828453064
0.26;0.25610339641571045;0.4;0.4504286050796509;0.14;0.16540171205997467
0.26;0.255115270614624;0.7;0.5868246555328369;0.26;0.21234610676765442
0.22;0.21917761862277985;0.5;0.4691478908061981;0.46;0.419499933719635
0.34;0.35701096057891846;0.12;0.1108013242483139;0.46;0.4765318036079407
0.56;0.554057240486145;0.22;0.23473329842090607;0.36;0.38011354207992554
0.26;0.2613096237182617;0.72;0.6311960220336914;0.22;0.20365174114704132
0.5;0.4971969425678253;0.14;0.1464066356420517;0.4;0.35637491941452026
0.3;0.30176427960395813;0.62;0.5945252776145935;0.48;0.43139106035232544
0.34;0.33444470167160034;0.3;0.30505186319351196;0.48;0.4352150857448578
0.5;0.48916012048721313;0.28;0.3386683464050293;0.14;0.12110266834497452
0.22;0.22487783432006836;0.4;0.3898591995239258;0.24;0.2240595519542694
0.32;0.3268027603626251;0.52;0.4861055910587311;0.48;0.4594039022922516
0.66;0.6725906133651733;0.3;0.25416362285614014;0.32;0.3288836181163788
0.14;0.14121541380882263;0.52;0.5294731855392456;0.34;0.3574252724647522
0.16;0.16774970293045044;0.36;0.3598448932170868;0.5;0.47655734419822693
0.54;0.5516842603683472;0.14;0.13121908903121948;0.26;0.2502354085445404
0.14;0.12687578797340393;0.7;0.746181070804596;0.38;0.37374866008758545
0.2;0.20310018956661224;0.54;0.6100746989250183;0.2;0.2141505777835846
0.34;0.34921759366989136;0.28;0.27758413553237915;0.34;0.36667492985725403
0.52;0.5175666213035583;0.16;0.16018474102020264;0.32;0.32734036445617676
0.22;0.21671779453754425;0.46;0.4646286368370056;0.42;0.41778820753097534
0.58;0.5678824186325073;0.2;0.2691277861595154;0.38;0.38260361552238464
0.5;0.4914580285549164;0.24;0.31411558389663696;0.22;0.1953226923942566
0.26;0.2549453377723694;0.2;0.20113877952098846;0.26;0.22724437713623047
0.48;0.4770808517932892;0.26;0.2693491578102112;0.42;0.4137527346611023
0.14;0.14179393649101257;0.7;0.7505691051483154;0.22;0.22485971450805664
0.28;0.27847379446029663;0.68;0.6454107761383057;0.48;0.45257729291915894
0.64;0.6431195139884949;0.26;0.26896199584007263;0.3;0.3111404478549957
0.16;0.16324712336063385;0.34;0.34152597188949585;0.44;0.44181495904922485
0.44;0.44769400358200073;0.22;0.22681502997875214;0.24;0.254966676235199
0.68;0.6968708634376526;0.14;0.11875398457050323;0.24;0.26328587532043457
0.36;0.3633750081062317;0.34;0.32140398025512695;0.24;0.22238627076148987
0.48;0.48494407534599304;0.24;0.22594678401947021;0.32;0.3523128628730774
0.14;0.14794506132602692;0.62;0.6140743494033813;0.44;0.4428022503852844
0.26;0.25738203525543213;0.38;0.414957731962204;0.34;0.3675732910633087
0.5;0.5025902986526489;0.32;0.32278454303741455;0.42;0.4190429747104645
0.44;0.442142128944397;0.24;0.23297277092933655;0.24;0.2606506943702698
0.12;0.11779889464378357;0.48;0.4796745777130127;0.38;0.35211262106895447
0.6;0.5967642664909363;0.24;0.26905423402786255;0.42;0.4183616042137146
0.74;0.7249173521995544;0.2;0.1868876814842224;0.14;0.1427621841430664
0.7;0.6981958150863647;0.22;0.2105143964290619;0.38;0.37417006492614746
0.52;0.5186164975166321;0.34;0.39938992261886597;0.42;0.42933088541030884
0.4;0.33052217960357666;0.1;0.15866433084011078;0.16;0.1621951013803482
0.3;0.29967090487480164;0.22;0.21383154392242432;0.34;0.367923766374588
0.66;0.6511662006378174;0.14;0.12429396063089371;0.38;0.3970245122909546
0.32;0.3163915276527405;0.66;0.5728057026863098;0.14;0.13504558801651
0.36;0.3551126718521118;0.6;0.5593310594558716;0.26;0.2701067328453064
0.2;0.21143434941768646;0.34;0.3248733878135681;0.1;0.13286538422107697
0.16;0.1612074226140976;0.58;0.5407630205154419;0.2;0.20516963303089142
0.14;0.12597543001174927;0.74;0.7267423868179321;0.16;0.14899207651615143
0.7;0.682019054889679;0.18;0.18998511135578156;0.32;0.3246022164821625
0.44;0.44173485040664673;0.38;0.3683679401874542;0.38;0.422769159078598
0.7;0.7079684138298035;0.28;0.262311190366745;0.46;0.47571125626564026
0.6;0.5995391011238098;0.26;0.2734982669353485;0.36;0.38374367356300354
0.28;0.2800283133983612;0.68;0.5935909748077393;0.14;0.11709532886743546
0.3;0.29457804560661316;0.1;0.12212894856929779;0.28;0.19645345211029053
0.1;0.09650148451328278;0.76;0.8185810446739197;0.2;0.2104957550764084
0.66;0.662490725517273;0.2;0.22538407146930695;0.48;0.45950525999069214
0.22;0.20932412147521973;0.46;0.48512089252471924;0.26;0.26694029569625854
0.68;0.6776431202888489;0.22;0.2012944370508194;0.38;0.40583473443984985
0.26;0.27134475111961365;0.26;0.2449343204498291;0.18;0.15831658244132996
0.4;0.41044482588768005;0.5;0.4825778901576996;0.16;0.13842609524726868
0.42;0.42242470383644104;0.22;0.22106757760047913;0.34;0.33701175451278687
0.42;0.4161170423030853;0.3;0.31605181097984314;0.18;0.1736174374818802
0.3;0.32556208968162537;0.28;0.2573174834251404;0.12;0.17582473158836365
0.22;0.21047039330005646;0.56;0.5490096211433411;0.44;0.4369698464870453
0.16;0.16780444979667664;0.5;0.5044851303100586;0.2;0.2167239636182785
0.68;0.7140603065490723;0.28;0.20762188732624054;0.12;0.1309613287448883
0.26;0.26291584968566895;0.38;0.36185821890830994;0.2;0.1981983482837677
0.36;0.35969167947769165;0.54;0.5680065155029297;0.16;0.16034062206745148
0.6;0.6056393384933472;0.26;0.2776767611503601;0.38;0.3883266746997833
0.3;0.3001750111579895;0.1;0.11034766584634781;0.36;0.26900991797447205
0.1;0.10547203570604324;0.18;0.17312733829021454;0.24;0.30260998010635376
0.18;0.18501637876033783;0.58;0.5801788568496704;0.42;0.44768601655960083
0.16;0.16646075248718262;0.4;0.40084338188171387;0.22;0.21923673152923584
0.32;0.3351699411869049;0.52;0.48559877276420593;0.5;0.4647290110588074
0.12;0.1168597862124443;0.58;0.5486258268356323;0.5;0.4199506640434265
0.2;0.1995910406112671;0.46;0.4732200503349304;0.4;0.4307766854763031
0.24;0.28467583656311035;0.26;0.22149324417114258;0.1;0.11443841457366943
0.16;0.15579625964164734;0.28;0.29933857917785645;0.38;0.33347171545028687
0.38;0.38022473454475403;0.38;0.38875263929367065;0.44;0.4523536264896393
0.24;0.23259812593460083;0.72;0.6323593258857727;0.32;0.3024739921092987
0.32;0.31696224212646484;0.4;0.3828839361667633;0.4;0.3563319146633148
0.34;0.34939688444137573;0.38;0.35935601592063904;0.48;0.4428323805332184
0.36;0.35886088013648987;0.46;0.44991403818130493;0.26;0.22219762206077576
0.34;0.33858150243759155;0.62;0.5987966656684875;0.38;0.35998064279556274
0.14;0.1366921067237854;0.52;0.5445389151573181;0.3;0.33943191170692444
0.58;0.5825036764144897;0.38;0.2966085374355316;0.42;0.43893879652023315
0.12;0.11899822950363159;0.46;0.46513837575912476;0.38;0.3899672031402588
0.18;0.18211306631565094;0.4;0.4080057740211487;0.44;0.4404740333557129
0.32;0.3198916018009186;0.54;0.4929954409599304;0.34;0.3126719295978546
0.12;0.12592372298240662;0.74;0.7699317932128906;0.32;0.32049018144607544
0.2;0.21386948227882385;0.38;0.4183751046657562;0.18;0.20472411811351776
0.26;0.24248813092708588;0.68;0.663378894329071;0.12;0.10845718532800674
0.16;0.15326568484306335;0.22;0.21400617063045502;0.3;0.30551087856292725
0.14;0.1415749043226242;0.46;0.5043347477912903;0.16;0.18864773213863373
0.26;0.2541971802711487;0.34;0.3488057851791382;0.5;0.47514286637306213
0.34;0.3436022102832794;0.12;0.11965794116258621;0.4;0.37992197275161743
0.28;0.28812938928604126;0.68;0.6003406643867493;0.24;0.2635365128517151
0.24;0.2159837782382965;0.16;0.18676184117794037;0.32;0.292972594499588
0.22;0.2089145928621292;0.2;0.22852376103401184;0.5;0.4292181134223938
0.12;0.12420434504747391;0.84;0.726428747177124;0.1;0.10477642714977264
0.64;0.653551459312439;0.3;0.27543383836746216;0.16;0.16588075459003448
0.52;0.5202178955078125;0.14;0.13366587460041046;0.16;0.13401001691818237
0.32;0.32327261567115784;0.26;0.25916606187820435;0.38;0.3563219904899597
0.54;0.5431349277496338;0.12;0.1180318295955658;0.48;0.4624258577823639
0.56;0.5622791051864624;0.12;0.11586511880159378;0.44;0.43813687562942505
0.16;0.1611563116312027;0.76;0.7828673124313354;0.18;0.18828023970127106
0.28;0.2822047770023346;0.14;0.17063546180725098;0.38;0.2615591883659363
0.14;0.14112070202827454;0.42;0.42338842153549194;0.4;0.416862428188324
0.32;0.3306868076324463;0.3;0.28956982493400574;0.14;0.14456534385681152
0.28;0.28303930163383484;0.22;0.22745473682880402;0.3;0.26922473311424255
0.54;0.545691967010498;0.38;0.3661651611328125;0.3;0.2695257067680359
0.1;0.09944938123226166;0.16;0.1646282821893692;0.38;0.37857508659362793
0.34;0.3433380424976349;0.18;0.1742667406797409;0.36;0.3512982130050659
0.34;0.3472093343734741;0.24;0.2497314065694809;0.28;0.28133484721183777
0.36;0.39761215448379517;0.18;0.1435212790966034;0.16;0.1729445904493332
0.28;0.27868151664733887;0.24;0.2561779320240021;0.5;0.4574529528617859
0.86;0.8365946412086487;0.12;0.12069351971149445;0.16;0.11808470636606216
0.32;0.3200376033782959;0.52;0.501184344291687;0.22;0.2099946290254593
0.24;0.24588634073734283;0.6;0.7105368375778198;0.24;0.2846797704696655
0.4;0.39601263403892517;0.5;0.48522689938545227;0.18;0.16381654143333435
0.6;0.5834306478500366;0.1;0.12515592575073242;0.16;0.16834552586078644
0.44;0.4120142459869385;0.1;0.13195091485977173;0.18;0.13134726881980896
0.7;0.7103711366653442;0.26;0.20959797501564026;0.3;0.3136048913002014
0.3;0.30459731817245483;0.54;0.5224164128303528;0.38;0.38557446002960205
0.46;0.4611523747444153;0.28;0.2953760623931885;0.32;0.30537840723991394
0.16;0.15436799824237823;0.66;0.6598442792892456;0.34;0.32053130865097046
0.18;0.16907377541065216;0.66;0.6842317581176758;0.12;0.12026496231555939
0.74;0.7577230930328369;0.2;0.1768425852060318;0.46;0.4823110103607178
0.1;0.1076417863368988;0.68;0.6857602596282959;0.28;0.2863326966762543
0.12;0.13094888627529144;0.3;0.29691195487976074;0.24;0.2429499328136444
0.32;0.3206214904785156;0.64;0.6145320534706116;0.22;0.22668667137622833
0.64;0.6314995288848877;0.14;0.15246526896953583;0.14;0.15169045329093933
0.42;0.425465852022171;0.42;0.34043362736701965;0.4;0.38648542761802673
0.32;0.32375168800354004;0.62;0.5922872424125671;0.18;0.18977908790111542
0.3;0.30111268162727356;0.16;0.14298778772354126;0.22;0.24765630066394806
0.1;0.10049135237932205;0.64;0.6281680464744568;0.32;0.3096558153629303
0.5;0.49191755056381226;0.18;0.1879948377609253;0.46;0.46341055631637573
0.22;0.21204440295696259;0.26;0.25052860379219055;0.24;0.2500345706939697
0.62;0.6352038979530334;0.12;0.1257873922586441;0.2;0.18109779059886932
0.18;0.1776907742023468;0.28;0.28884172439575195;0.24;0.236850768327713
0.52;0.5159158110618591;0.3;0.3308646082878113;0.4;0.4144706726074219
0.3;0.30190393328666687;0.64;0.6428547501564026;0.32;0.29811421036720276
0.56;0.5617526173591614;0.34;0.34516507387161255;0.1;0.11196605116128922
0.24;0.23265470564365387;0.12;0.14128588140010834;0.46;0.4256261885166168
0.66;0.6568621397018433;0.2;0.2672728896141052;0.1;0.11805590242147446
0.68;0.6740059852600098;0.16;0.18718799948692322;0.44;0.41989070177078247
0.36;0.363020658493042;0.34;0.3439458906650543;0.14;0.14537906646728516
0.18;0.18494825065135956;0.56;0.5627130270004272;0.36;0.35384735465049744
0.2;0.18677714467048645;0.68;0.6946471333503723;0.5;0.4202330708503723
0.32;0.3212507367134094;0.48;0.5512385964393616;0.16;0.15814757347106934
0.48;0.4864094853401184;0.36;0.3309161961078644;0.26;0.26490578055381775
0.36;0.3476070165634155;0.48;0.5400195121765137;0.1;0.10652798414230347
0.5;0.5024510622024536;0.26;0.3206336796283722;0.14;0.1214282289147377
0.44;0.44261834025382996;0.42;0.3626684844493866;0.44;0.4408389925956726
0.16;0.15512479841709137;0.26;0.282892107963562;0.18;0.1410146802663803
0.22;0.2197243869304657;0.72;0.6397181749343872;0.3;0.2463933527469635
0.3;0.30270880460739136;0.44;0.4630282521247864;0.36;0.41366925835609436
0.18;0.18339700996875763;0.16;0.1720910370349884;0.38;0.37967798113822937
0.24;0.22240929305553436;0.22;0.2435491979122162;0.2;0.18484370410442352
0.14;0.13617487251758575;0.48;0.4969590902328491;0.22;0.23365692794322968
0.16;0.16397614777088165;0.62;0.674074113368988;0.34;0.36751800775527954
0.56;0.56315678358078;0.4;0.3686752915382385;0.38;0.3726835548877716
0.22;0.25271061062812805;0.2;0.18332278728485107;0.12;0.1371307075023651
0.52;0.5227548480033875;0.14;0.14572162926197052;0.42;0.3782729208469391
0.14;0.12849770486354828;0.26;0.27503108978271484;0.22;0.20326319336891174
0.82;0.805090606212616;0.14;0.13915430009365082;0.34;0.32584020495414734
0.14;0.13579270243644714;0.5;0.5499685406684875;0.14;0.1878882199525833
0.34;0.3433292508125305;0.34;0.33663105964660645;0.44;0.4565088748931885
0.54;0.5124722123146057;0.1;0.1159902885556221;0.28;0.16509318351745605
0.1;0.10660622268915176;0.7;0.6865749359130859;0.14;0.13511793315410614
0.26;0.2567015290260315;0.4;0.43359941244125366;0.4;0.44948679208755493
0.18;0.17388015985488892;0.62;0.6023305654525757;0.28;0.27572503685951233
0.3;0.3070235252380371;0.6;0.5098498463630676;0.3;0.30402228236198425
0.14;0.15043985843658447;0.36;0.3441779315471649;0.32;0.36380693316459656
0.22;0.22434981167316437;0.42;0.5209909677505493;0.18;0.22887077927589417
0.16;0.15856905281543732;0.76;0.700737714767456;0.28;0.27347058057785034
0.6;0.6075195670127869;0.18;0.17208267748355865;0.26;0.2633250951766968
0.74;0.7635422348976135;0.22;0.19094893336296082;0.28;0.2973703444004059
0.18;0.1819426715373993;0.4;0.396935373544693;0.4;0.4084656834602356
0.32;0.32219424843788147;0.26;0.2539769113063812;0.26;0.28507938981056213
0.28;0.28194165229797363;0.38;0.3751443326473236;0.34;0.34162190556526184
0.26;0.25872474908828735;0.7;0.683885395526886;0.4;0.4007696211338043
0.34;0.3499191701412201;0.36;0.32672131061553955;0.22;0.22286570072174072
0.52;0.5145966410636902;0.24;0.265998899936676;0.48;0.4546198844909668
0.2;0.19993042945861816;0.72;0.7549188137054443;0.16;0.17010752856731415
0.66;0.6610761880874634;0.26;0.24798043072223663;0.38;0.3566511273384094
0.22;0.2149656116962433;0.38;0.47260069847106934;0.16;0.24822130799293518
0.46;0.4583403170108795;0.12;0.12373525649309158;0.5;0.47322845458984375
0.34;0.33175575733184814;0.54;0.48853880167007446;0.28;0.21975788474082947
0.42;0.4354349672794342;0.2;0.1917591094970703;0.36;0.364484578371048
0.22;0.21256683766841888;0.6;0.6059764623641968;0.32;0.3094152510166168
0.5;0.5018622279167175;0.48;0.38897696137428284;0.22;0.21754148602485657
0.8;0.7970808148384094;0.16;0.12709733843803406;0.16;0.12489841878414154
0.32;0.30673423409461975;0.12;0.12942205369472504;0.44;0.4414137899875641
0.16;0.1627986580133438;0.8;0.7222190499305725;0.16;0.14134728908538818
0.4;0.40497341752052307;0.16;0.14760823547840118;0.28;0.2571675777435303
0.12;0.11830862611532211;0.32;0.3144429922103882;0.44;0.4487153887748718
0.28;0.2825959026813507;0.48;0.5776265859603882;0.22;0.23436860740184784
